<?xml version="1.0" encoding="utf-8"?>
<COLLADA xmlns="http://www.collada.org/2005/11/COLLADASchema" version="1.4.1" xmlns:xsi="http://www.w3.org/2001/XMLSchema-instance">
  <asset>
    <contributor>
      <author>Blender User</author>
      <authoring_tool>Blender 4.3.2 commit date:2024-12-16, commit time:21:10, hash:32f5fdce0a0a</authoring_tool>
    </contributor>
    <created>2026-06-17T23:47:32</created>
    <modified>2026-06-17T23:47:32</modified>
    <unit name="meter" meter="1"/>
    <up_axis>Z_UP</up_axis>
  </asset>
  <library_effects>
    <effect id="Opaque_38_83_143_-effect">
      <profile_COMMON>
        <technique sid="common">
          <lambert>
            <emission>
              <color sid="emission">0 0 0 1</color>
            </emission>
            <diffuse>
              <color sid="diffuse">0.14902 0.32549 0.560784 1</color>
            </diffuse>
            <index_of_refraction>
              <float sid="ior">1.5</float>
            </index_of_refraction>
          </lambert>
        </technique>
      </profile_COMMON>
    </effect>
    <effect id="Opaque_63_63_63_-effect">
      <profile_COMMON>
        <technique sid="common">
          <lambert>
            <emission>
              <color sid="emission">0 0 0 1</color>
            </emission>
            <diffuse>
              <color sid="diffuse">0.247059 0.247059 0.247059 1</color>
            </diffuse>
            <index_of_refraction>
              <float sid="ior">1.5</float>
            </index_of_refraction>
          </lambert>
        </technique>
      </profile_COMMON>
    </effect>
  </library_effects>
  <library_images/>
  <library_materials>
    <material id="Opaque_38_83_143_-material" name="Opaque(38,83,143)">
      <instance_effect url="#Opaque_38_83_143_-effect"/>
    </material>
    <material id="Opaque_63_63_63_-material" name="Opaque(63,63,63)">
      <instance_effect url="#Opaque_63_63_63_-effect"/>
    </material>
  </library_materials>
  <library_geometries>
    <geometry id="calf_l-mesh" name="calf_l">
      <mesh>
        <source id="calf_l-mesh-positions">
          <float_array id="calf_l-mesh-positions-array" count="10857">-0.023 0.04449999 0 -0.02279597 0.04449999 -0.00337398 -0.02255398 0.04449999 -0.005284965 -0.02222996 0.04449999 -0.00742799 -0.02184098 0.04449999 -0.009844958 -0.021402 0.04449999 -0.01256996 -0.02092999 0.04449999 -0.01562595 -0.02043998 0.04449999 -0.01903796 -0.02007997 0.04449999 -0.02175998 -0.01952397 0.04449999 -0.02647 -0.01899898 0.04449999 -0.03164297 -0.01852196 0.04449999 -0.037238 -0.01810896 0.04449999 -0.04321295 -0.01771098 0.04449999 -0.05094498 -0.01743996 0.04449999 -0.05899995 -0.01728397 0.04449999 -0.07555598 -0.01756495 0.04449999 -0.09031999 -0.01819497 0.04449999 -0.104872 -0.01928299 0.04449999 -0.120845 -0.02029895 0.04449999 -0.131995 -0.02149999 0.04449999 -0.142903 -0.02286499 0.04449999 -0.153459 -0.02437096 0.04449999 -0.163549 -0.02564996 0.04449999 -0.17116 -0.026977 0.04449999 -0.178368 -0.02832597 0.04449999 -0.1851519 -0.02967399 0.04449999 -0.191491 -0.03033399 0.04449999 -0.194458 -0.03549599 0.03999996 -0.196865 -0.03406995 0.03999996 -0.190527 -0.03273296 0.03999996 -0.184243 -0.03139597 0.03999996 -0.17752 -0.03008198 0.03999996 -0.170379 -0.02881497 0.03999996 -0.16284 -0.02732199 0.03999996 -0.152839 -0.02596896 0.03999996 -0.142369 -0.02477598 0.03999996 -0.1315439 -0.02376794 0.03999996 -0.12048 -0.02268898 0.03999996 -0.104624 -0.02206295 0.03999996 -0.09017795 -0.02178394 0.03999996 -0.07552897 -0.02193796 0.03999996 -0.05911397 -0.02220696 0.03999996 -0.05113595 -0.02259999 0.03999996 -0.04348695 -0.02300798 0.03999996 -0.03758299 -0.02347898 0.03999996 -0.03206098 -0.02399694 0.03999996 -0.02696198 -0.024544 0.03999996 -0.022327 -0.02489799 0.03999996 -0.01964998 -0.02537995 0.03999996 -0.01629197 -0.025846 0.03999996 -0.01327598 -0.02628195 0.03999996 -0.01056694 -0.02667498 0.03999996 -0.008129954 -0.027269 0.03999996 -0.00386399 -0.02749997 0.03999996 0 -0.02635395 0.04022395 -0.00871998 -0.02672594 0.04022395 -0.006309986 -0.02591997 0.04022395 -0.01140195 -0.02467596 0.04022395 -0.01961898 -0.02432197 0.04022395 -0.02229899 -0.02237695 0.04022395 -0.043473 -0.021999 0.04022395 -0.05075299 -0.02173399 0.04022395 -0.05833798 -0.021577 0.04022395 -0.06688898 -0.02155995 0.04022395 -0.07552999 -0.02165395 0.04022395 -0.08288598 -0.02183896 0.04022395 -0.09018498 -0.02210998 0.04022395 -0.09742295 -0.02246499 0.04022395 -0.104637 -0.02295297 0.04022395 -0.11257 -0.02354496 0.04022395 -0.120498 -0.02419596 0.04022395 -0.127898 -0.02574598 0.04022395 -0.142395 -0.02663195 0.04022395 -0.149425 -0.02986097 0.04022395 -0.170417 -0.02859395 0.04022395 -0.1628749 -0.03117597 0.04022395 -0.1775619 -0.03251397 0.04022395 -0.184289 -0.03385096 0.04022395 -0.190575 -0.02758395 0.04022395 -0.1562629 -0.02493095 0.04022395 -0.135209 -0.02712595 0.04022395 -0.003054976 -0.02531695 0.04022395 -0.01521694 -0.023597 0.04022395 -0.02858895 -0.02293598 0.04022395 -0.03567999 0.03033399 0.04449999 -0.194458 0.02967399 0.04449999 -0.191491 0.02832597 0.04449999 -0.1851519 0.026977 0.04449999 -0.178368 0.02564996 0.04449999 -0.17116 0.02437096 0.04449999 -0.163549 0.02286499 0.04449999 -0.153459 0.02149999 0.04449999 -0.142903 0.02029895 0.04449999 -0.131995 0.01928299 0.04449999 -0.120845 0.01819497 0.04449999 -0.104872 0.01756495 0.04449999 -0.09031999 0.01728397 0.04449999 -0.07555598 0.01743996 0.04449999 -0.05899995 0.01771098 0.04449999 -0.05094498 0.01810896 0.04449999 -0.04321295 0.01852196 0.04449999 -0.037238 0.01899898 0.04449999 -0.03164297 0.01952397 0.04449999 -0.02647 0.02007997 0.04449999 -0.02175998 0.02043998 0.04449999 -0.01903796 0.02092999 0.04449999 -0.01562595 0.021402 0.04449999 -0.01256996 0.02184098 0.04449999 -0.009845972 0.02222996 0.04449999 -0.007428944 0.02255398 0.04449999 -0.005285978 0.02279597 0.04449999 -0.003374993 0.023 0.04449999 0 0.02749997 0.03999996 0 0.027269 0.03999996 -0.00386399 0.02667498 0.03999996 -0.008129954 0.02628296 0.03999996 -0.01056796 0.025846 0.03999996 -0.01327598 0.02537995 0.03999996 -0.01629197 0.02489799 0.03999996 -0.01964998 0.024544 0.03999996 -0.022327 0.02399694 0.03999996 -0.02696198 0.02347898 0.03999996 -0.03206098 0.02300798 0.03999996 -0.03758299 0.02259999 0.03999996 -0.04348695 0.02220696 0.03999996 -0.05113595 0.02193796 0.03999996 -0.05911397 0.02178394 0.03999996 -0.07552897 0.02206295 0.03999996 -0.09017795 0.02268898 0.03999996 -0.104624 0.02376794 0.03999996 -0.12048 0.02477598 0.03999996 -0.1315439 0.02596896 0.03999996 -0.142369 0.02732199 0.03999996 -0.152839 0.02881497 0.03999996 -0.16284 0.03008198 0.03999996 -0.170379 0.03139597 0.03999996 -0.17752 0.03273296 0.03999996 -0.184243 0.03406995 0.03999996 -0.190527 0.03549599 0.03999996 -0.196865 0.03187197 0.04224997 -0.191009 0.03052997 0.04224997 -0.184698 0.02918595 0.04224997 -0.177944 0.027866 0.04224997 -0.170769 0.02659296 0.04224997 -0.163195 0.02462399 0.04224997 -0.149691 0.02291697 0.04224997 -0.135424 0.02152597 0.04224997 -0.120662 0.02044194 0.04224997 -0.104748 0.01981395 0.04224997 -0.090249 0.01953399 0.04224997 -0.07554298 0.01968896 0.04224997 -0.05905699 0.01995897 0.04224997 -0.05103999 0.02035498 0.04224997 -0.04334998 0.02076494 0.04224997 -0.03740996 0.02123898 0.04224997 -0.03185194 0.02175998 0.04224997 -0.02671599 0.02231198 0.04224997 -0.022044 0.02266895 0.04224997 -0.01934397 0.02342396 0.04224997 -0.01419794 0.02411699 0.04224997 -0.009866952 0.02468997 0.04224997 -0.00623095 0.02508497 0.04224997 -0.003116965 0 0.04449999 0.008749961 0.002840995 0.04449999 0.008275985 0.005373954 0.04449999 0.006904959 0.007324993 0.04449999 0.004785954 0.008481979 0.04449999 0.002147972 0.00871998 0.04449999 -7.23e-4 0.00801295 0.04449999 -0.003514945 0.006437957 0.04449999 -0.005925953 0.004164993 0.04449999 -0.007694959 0.001439988 0.04449999 -0.00863099 -0.001439988 0.04449999 -0.00863099 -0.004164993 0.04449999 -0.007694959 -0.006437957 0.04449999 -0.005925953 -0.00801295 0.04449999 -0.003514945 -0.00871998 0.04449999 -7.23e-4 -0.008481979 0.04449999 0.002147972 -0.007324993 0.04449999 0.004785954 -0.005373954 0.04449999 0.006904959 -0.002840995 0.04449999 0.008275985 0 0.04149997 0.00575 -0.002199947 0.04149997 0.005311965 -0.00406599 0.04149997 0.00406599 -0.005311965 0.04149997 0.002199947 -0.00575 0.04149997 0 -0.005311965 0.04149997 -0.002199947 -0.00406599 0.04149997 -0.00406599 -0.002199947 0.04149997 -0.005311965 0 0.04149997 -0.00575 0.002199947 0.04149997 -0.005311965 0.00406599 0.04149997 -0.00406599 0.005311965 0.04149997 -0.002199947 0.00575 0.04149997 0 0.005311965 0.04149997 0.002199947 0.00406599 0.04149997 0.00406599 0.002199947 0.04149997 0.005311965 -0.02255797 0.04449999 0.004486978 -0.02124899 0.04449999 0.008801996 -0.01912397 0.04449999 0.01277798 -0.01626294 0.04449999 0.01626294 -0.01277798 0.04449999 0.01912397 -0.008801996 0.04449999 0.02124899 -0.004486978 0.04449999 0.02255797 0 0.04449999 0.023 0.004486978 0.04449999 0.02255797 0.008801996 0.04449999 0.02124899 0.01277798 0.04449999 0.01912397 0.01626294 0.04449999 0.01626294 0.01912397 0.04449999 0.01277798 0.02124899 0.04449999 0.008801996 0.02255797 0.04449999 0.004486978 0.01711595 0.04449999 -0.188295 0.01161599 0.04449999 -0.186201 0.005869984 0.04449999 -0.1849279 0 0.04449999 -0.1845 -0.005869984 0.04449999 -0.1849279 -0.01161599 0.04449999 -0.186201 -0.01711595 0.04449999 -0.188295 0 0.03999996 0.00575 -0.002199947 0.03999996 0.005311965 -0.00406599 0.03999996 0.00406599 -0.005311965 0.03999996 0.002199947 -0.00575 0.03999996 0 -0.005311965 0.03999996 -0.002199947 -0.00406599 0.03999996 -0.00406599 -0.002199947 0.03999996 -0.005311965 0 0.03999996 -0.00575 0.002199947 0.03999996 -0.005311965 0.00406599 0.03999996 -0.00406599 0.005311965 0.03999996 -0.002199947 0.00575 0.03999996 0 0.005311965 0.03999996 0.002199947 0.00406599 0.03999996 0.00406599 0.002199947 0.03999996 0.005311965 -0.02703195 0.03999996 0.005052983 -0.02564299 0.03999996 0.009933948 -0.02338099 0.03999996 0.01447695 -0.02032297 0.03999996 0.01852697 -0.01657199 0.03999996 0.02194499 -0.01225799 0.03999996 0.02461695 -0.00752598 0.03999996 0.02644997 -0.002536952 0.03999996 0.02738296 0.002536952 0.03999996 0.02738296 0.00752598 0.03999996 0.02644997 0.01225799 0.03999996 0.02461695 0.01657199 0.03999996 0.02194499 0.02032297 0.03999996 0.01852697 0.02338099 0.03999996 0.01447695 0.02564299 0.03999996 0.009933948 0.02703195 0.03999996 0.005052983 -0.01711595 0.03999996 -0.188295 0.01711595 0.03999996 -0.188295 0.01161599 0.03999996 -0.186201 0.005869984 0.03999996 -0.1849279 0 0.03999996 -0.1845 -0.005869984 0.03999996 -0.1849279 -0.01161599 0.03999996 -0.186201 0 0.002999961 -0.253 -0.005144953 0.002999961 -0.252523 -0.01011496 0.002999961 -0.251109 -0.01473999 0.002999961 -0.2488059 -0.01886296 0.002999961 -0.245692 -0.02234399 0.002999961 -0.241874 -0.025065 0.002999961 -0.2374809 -0.02693098 0.002999961 -0.232663 -0.02788096 0.002999961 -0.227584 -0.02788096 0.002999961 -0.222416 -0.02693098 0.002999961 -0.217337 -0.025065 0.002999961 -0.212519 -0.02234399 0.002999961 -0.208126 -0.01886296 0.002999961 -0.204308 -0.01473999 0.002999961 -0.201194 -0.01011496 0.002999961 -0.198891 -0.005144953 0.002999961 -0.197477 0 0.002999961 -0.197 0.005144953 0.002999961 -0.197477 0.01011496 0.002999961 -0.198891 0.01473999 0.002999961 -0.201194 0.01886296 0.002999961 -0.204308 0.02234399 0.002999961 -0.208126 0.025065 0.002999961 -0.212519 0.02693098 0.002999961 -0.217337 0.02788096 0.002999961 -0.222416 0.02788096 0.002999961 -0.227584 0.02693098 0.002999961 -0.232663 0.025065 0.002999961 -0.2374809 0.02234399 0.002999961 -0.241874 0.01886296 0.002999961 -0.245692 0.01473999 0.002999961 -0.2488059 0.01011496 0.002999961 -0.251109 0.005144953 0.002999961 -0.252523 0 0.01199996 -0.253 0.005144953 0.01199996 -0.252523 0.01011496 0.01199996 -0.251109 0.01473999 0.01199996 -0.2488059 0.01886296 0.01199996 -0.245692 0.02234399 0.01199996 -0.241874 0.025065 0.01199996 -0.2374809 0.02693098 0.01199996 -0.232663 0.02788096 0.01199996 -0.227584 0.02788096 0.01199996 -0.222416 0.02693098 0.01199996 -0.217337 0.025065 0.01199996 -0.212519 0.02234399 0.01199996 -0.208126 0.01886296 0.01199996 -0.204308 0.01473999 0.01199996 -0.201194 0.01011496 0.01199996 -0.198891 0.005144953 0.01199996 -0.197477 0 0.01199996 -0.197 -0.005144953 0.01199996 -0.197477 -0.01011496 0.01199996 -0.198891 -0.01473999 0.01199996 -0.201194 -0.01886296 0.01199996 -0.204308 -0.02234399 0.01199996 -0.208126 -0.025065 0.01199996 -0.212519 -0.02693098 0.01199996 -0.217337 -0.02788096 0.01199996 -0.222416 -0.02788096 0.01199996 -0.227584 -0.02693098 0.01199996 -0.232663 -0.025065 0.01199996 -0.2374809 -0.02234399 0.01199996 -0.241874 -0.01886296 0.01199996 -0.245692 -0.01473999 0.01199996 -0.2488059 -0.01011496 0.01199996 -0.251109 -0.005144953 0.01199996 -0.252523 -0.00999999 0.01899999 -0.188132 -0.00999999 0.01199996 -0.188132 -0.005043983 0.01199996 -0.187134 0 0.01199996 -0.1868 0.005043983 0.01199996 -0.187134 0.00999999 0.01199996 -0.188132 0.00999999 0.01899999 -0.188132 0.009690999 0.02054297 -0.18805 0.008818984 0.02183794 -0.1878319 0.007524967 0.02269798 -0.187548 0.005999982 0.023 -0.187274 0.002006947 0.023 -0.186853 -0.002006947 0.023 -0.186853 -0.005999982 0.023 -0.187274 -0.007524967 0.02269798 -0.187548 -0.008818984 0.02183794 -0.1878319 -0.009690999 0.02054297 -0.18805 0.03109496 0.01199996 -0.242 0.03087395 0.01199996 -0.2411749 0.03026998 0.01199996 -0.240571 0.02944499 0.01199996 -0.24035 0.02862 0.01199996 -0.240571 0.02801597 0.01199996 -0.2411749 0.02779495 0.01199996 -0.242 0.02801597 0.01199996 -0.242825 0.02862 0.01199996 -0.243429 0.02944499 0.01199996 -0.24365 0.03026998 0.01199996 -0.243429 0.03087395 0.01199996 -0.242825 0.03109496 0.01199996 -0.208 0.03087395 0.01199996 -0.207175 0.03026998 0.01199996 -0.206571 0.02944499 0.01199996 -0.20635 0.02862 0.01199996 -0.206571 0.02801597 0.01199996 -0.207175 0.02779495 0.01199996 -0.208 0.02801597 0.01199996 -0.208825 0.02862 0.01199996 -0.209429 0.02944499 0.01199996 -0.20965 0.03026998 0.01199996 -0.209429 0.03087395 0.01199996 -0.208825 -0.02779495 0.01199996 -0.208 -0.02801597 0.01199996 -0.207175 -0.02862 0.01199996 -0.206571 -0.02944499 0.01199996 -0.20635 -0.03026998 0.01199996 -0.206571 -0.03087395 0.01199996 -0.207175 -0.03109496 0.01199996 -0.208 -0.03087395 0.01199996 -0.208825 -0.03026998 0.01199996 -0.209429 -0.02944499 0.01199996 -0.20965 -0.02862 0.01199996 -0.209429 -0.02801597 0.01199996 -0.208825 -0.02779495 0.01199996 -0.242 -0.02801597 0.01199996 -0.2411749 -0.02862 0.01199996 -0.240571 -0.02944499 0.01199996 -0.24035 -0.03026998 0.01199996 -0.240571 -0.03087395 0.01199996 -0.2411749 -0.03109496 0.01199996 -0.242 -0.03087395 0.01199996 -0.242825 -0.03026998 0.01199996 -0.243429 -0.02944499 0.01199996 -0.24365 -0.02862 0.01199996 -0.243429 -0.02801597 0.01199996 -0.242825 0.001649975 0.01199996 -0.259 0.001428961 0.01199996 -0.258175 8.25e-4 0.01199996 -0.257571 0 0.01199996 -0.25735 -8.25e-4 0.01199996 -0.257571 -0.001428961 0.01199996 -0.258175 -0.001649975 0.01199996 -0.259 -0.001428961 0.01199996 -0.259825 -8.25e-4 0.01199996 -0.260429 0 0.01199996 -0.26065 8.25e-4 0.01199996 -0.260429 0.001428961 0.01199996 -0.259825 -0.00999999 0.01199996 -0.1977789 -0.01471096 0.01199996 -0.200008 -0.018947 0.01199996 -0.203045 -0.02257096 0.01199996 -0.206791 -0.02546596 0.01199996 -0.211126 -0.027538 0.01199996 -0.215908 -0.02872097 0.01199996 -0.220984 -0.02897596 0.01199996 -0.22619 -0.02829498 0.01199996 -0.231358 -0.02669996 0.01199996 -0.23632 -0.02424198 0.01199996 -0.240916 -0.02100199 0.01199996 -0.244998 -0.01708298 0.01199996 -0.248435 -0.01261198 0.01199996 -0.251114 -0.007734 0.01199996 -0.25295 -0.002605974 0.01199996 -0.253883 0.002605974 0.01199996 -0.253883 0.007734 0.01199996 -0.25295 0.01261198 0.01199996 -0.251114 0.01708298 0.01199996 -0.248435 0.02100199 0.01199996 -0.244998 0.02424198 0.01199996 -0.240916 0.02669996 0.01199996 -0.23632 0.02829498 0.01199996 -0.231358 0.02897596 0.01199996 -0.22619 0.02872097 0.01199996 -0.220984 0.027538 0.01199996 -0.215908 0.02546596 0.01199996 -0.211126 0.02257096 0.01199996 -0.206791 0.018947 0.01199996 -0.203045 0.01471096 0.01199996 -0.200008 0.00999999 0.01199996 -0.1977789 0 0.05632495 -0.201 -0.004681944 0.05632495 -0.201461 -0.009183943 0.05632495 -0.202827 -0.01333397 0.05632495 -0.205045 -0.01697099 0.05632495 -0.208029 -0.01995497 0.05632495 -0.211666 -0.02217298 0.05632495 -0.215816 -0.02353894 0.05632495 -0.220318 -0.02399998 0.05632495 -0.225 -0.02353894 0.05632495 -0.229682 -0.02217298 0.05632495 -0.234184 -0.01995497 0.05632495 -0.238334 -0.01697099 0.05632495 -0.241971 -0.01333397 0.05632495 -0.244955 -0.009183943 0.05632495 -0.247173 -0.004681944 0.05632495 -0.248539 0 0.05632495 -0.249 0.004681944 0.05632495 -0.248539 0.009183943 0.05632495 -0.247173 0.01333397 0.05632495 -0.244955 0.01697099 0.05632495 -0.241971 0.01995497 0.05632495 -0.238334 0.02217298 0.05632495 -0.234184 0.02353894 0.05632495 -0.229682 0.02399998 0.05632495 -0.225 0.02353894 0.05632495 -0.220318 0.02217298 0.05632495 -0.215816 0.01995497 0.05632495 -0.211666 0.01697099 0.05632495 -0.208029 0.01333397 0.05632495 -0.205045 0.009183943 0.05632495 -0.202827 0.004681944 0.05632495 -0.201461 0 0.05432498 -0.199 0.004920959 0.05432498 -0.19947 0.009662985 0.05432498 -0.200862 0.01405698 0.05432498 -0.203127 0.01794195 0.05432498 -0.206183 0.02117896 0.05432498 -0.209919 0.02364999 0.05432498 -0.214199 0.025267 0.05432498 -0.21887 0.02597099 0.05432498 -0.223763 0.02573496 0.05432498 -0.2287 0.02456998 0.05432498 -0.2335039 0.02251696 0.05432498 -0.238 0.01964896 0.05432498 -0.242026 0.01607197 0.05432498 -0.245437 0.01191395 0.05432498 -0.2481099 0.007324993 0.05432498 -0.249947 0.00247097 0.05432498 -0.250882 -0.00247097 0.05432498 -0.250882 -0.007324993 0.05432498 -0.249947 -0.01191395 0.05432498 -0.2481099 -0.01607197 0.05432498 -0.245437 -0.01964896 0.05432498 -0.242026 -0.02251696 0.05432498 -0.238 -0.02456998 0.05432498 -0.2335039 -0.02573496 0.05432498 -0.2287 -0.02597099 0.05432498 -0.223763 -0.025267 0.05432498 -0.21887 -0.02364999 0.05432498 -0.214199 -0.02117896 0.05432498 -0.209919 -0.01794195 0.05432498 -0.206183 -0.01405698 0.05432498 -0.203127 -0.009662985 0.05432498 -0.200862 -0.004920959 0.05432498 -0.19947 0 0.04899996 -0.199 0.004920959 0.04899996 -0.19947 0.009662985 0.04899996 -0.200862 0.01405698 0.04899996 -0.203127 0.01794195 0.04899996 -0.206183 0.02117896 0.04899996 -0.209919 0.02364999 0.04899996 -0.214199 0.025267 0.04899996 -0.21887 0.02597099 0.04899996 -0.223763 0.02573496 0.04899996 -0.2287 0.02456998 0.04899996 -0.2335039 0.02251696 0.04899996 -0.238 0.01964896 0.04899996 -0.242026 0.01607197 0.04899996 -0.245437 0.01191395 0.04899996 -0.2481099 0.007324993 0.04899996 -0.249947 0.00247097 0.04899996 -0.250882 -0.00247097 0.04899996 -0.250882 -0.007324993 0.04899996 -0.249947 -0.01191395 0.04899996 -0.2481099 -0.01607197 0.04899996 -0.245437 -0.01964896 0.04899996 -0.242026 -0.02251696 0.04899996 -0.238 -0.02456998 0.04899996 -0.2335039 -0.02573496 0.04899996 -0.2287 -0.02597099 0.04899996 -0.223763 -0.025267 0.04899996 -0.21887 -0.02364999 0.04899996 -0.214199 -0.02117896 0.04899996 -0.209919 -0.01794195 0.04899996 -0.206183 -0.01405698 0.04899996 -0.203127 -0.009662985 0.04899996 -0.200862 -0.004920959 0.04899996 -0.19947 0 0.04899996 -0.1885 -0.005854964 0.04899996 -0.188973 -0.01155799 0.04899996 -0.190378 -0.01696199 0.04899996 -0.192681 -0.02192699 0.04899996 -0.19582 -0.02632397 0.04899996 -0.199716 -0.03003895 0.04899996 -0.204266 -0.03297597 0.04899996 -0.209353 -0.03505897 0.04899996 -0.214845 -0.03623396 0.04899996 -0.2206 -0.03646999 0.04899996 -0.2264699 -0.03576195 0.04899996 -0.2323009 -0.03412795 0.04899996 -0.2379429 -0.03160995 0.04899996 -0.24325 -0.02827298 0.04899996 -0.248084 -0.02420395 0.04899996 -0.252321 -0.019508 0.04899996 -0.255849 -0.01430696 0.04899996 -0.258579 -0.008735001 0.04899996 -0.260439 -0.002936959 0.04899996 -0.261382 0.002936959 0.04899996 -0.261382 0.008735001 0.04899996 -0.260439 0.01430696 0.04899996 -0.258579 0.019508 0.04899996 -0.255849 0.02420395 0.04899996 -0.252321 0.02827298 0.04899996 -0.248084 0.03160995 0.04899996 -0.24325 0.03412795 0.04899996 -0.2379429 0.03576195 0.04899996 -0.2323009 0.03646999 0.04899996 -0.2264699 0.03623396 0.04899996 -0.2206 0.03505897 0.04899996 -0.214845 0.03297597 0.04899996 -0.209353 0.03003895 0.04899996 -0.204266 0.02632397 0.04899996 -0.199716 0.02192699 0.04899996 -0.19582 0.01696199 0.04899996 -0.192681 0.01155799 0.04899996 -0.190378 0.005854964 0.04899996 -0.188973 0 0.04499995 -0.1845 0.006181955 0.04499995 -0.184975 0.01221996 0.04499995 -0.186387 0.01797097 0.04499995 -0.188705 0.02329999 0.04499995 -0.191874 0.02808398 0.04499995 -0.195819 0.03220897 0.04499995 -0.200448 0.03557997 0.04499995 -0.2056519 0.03811597 0.04499995 -0.21131 0.03975898 0.04499995 -0.217289 0.04047 0.04499995 -0.223449 0.04023295 0.04499995 -0.229645 0.03905194 0.04499995 -0.235732 0.03695595 0.04499995 -0.241567 0.03399395 0.04499995 -0.247014 0.03023499 0.04499995 -0.251946 0.02576798 0.04499995 -0.256245 0.02069598 0.04499995 -0.259813 0.01513999 0.04499995 -0.262564 0.009227991 0.04499995 -0.264435 0.003099977 0.04499995 -0.265381 -0.003099977 0.04499995 -0.265381 -0.009227991 0.04499995 -0.264435 -0.01513999 0.04499995 -0.262564 -0.02069598 0.04499995 -0.259813 -0.02576798 0.04499995 -0.256245 -0.03023499 0.04499995 -0.251946 -0.03399395 0.04499995 -0.247014 -0.03695595 0.04499995 -0.241567 -0.03905194 0.04499995 -0.235732 -0.04023295 0.04499995 -0.229645 -0.04047 0.04499995 -0.223449 -0.03975898 0.04499995 -0.217289 -0.03811597 0.04499995 -0.21131 -0.03557997 0.04499995 -0.2056519 -0.03220897 0.04499995 -0.200448 -0.02808398 0.04499995 -0.195819 -0.02329999 0.04499995 -0.191874 -0.01797097 0.04499995 -0.188705 -0.01221996 0.04499995 -0.186387 -0.006181955 0.04499995 -0.184975 0.01099997 0.01199996 -0.1092 0.01189994 0.01199996 -0.109441 0.01255899 0.01199996 -0.1101 0.01279997 0.01199996 -0.111 0.01255899 0.01199996 -0.1119 0.01189994 0.01199996 -0.112559 0.01099997 0.01199996 -0.1128 0.01009994 0.01199996 -0.112559 0.009440958 0.01199996 -0.1119 0.009199976 0.01199996 -0.111 0.009440958 0.01199996 -0.1101 0.01009994 0.01199996 -0.109441 -0.01099997 0.01199996 -0.09219998 -0.01009994 0.01199996 -0.09244096 -0.009440958 0.01199996 -0.09309995 -0.009199976 0.01199996 -0.09399998 -0.009440958 0.01199996 -0.09489995 -0.01009994 0.01199996 -0.095559 -0.01099997 0.01199996 -0.09579998 -0.01189994 0.01199996 -0.095559 -0.01255899 0.01199996 -0.09489995 -0.01279997 0.01199996 -0.09399998 -0.01255899 0.01199996 -0.09309995 -0.01189994 0.01199996 -0.09244096 0.01099997 0.01199996 -0.09219998 0.01189994 0.01199996 -0.09244096 0.01255899 0.01199996 -0.09309995 0.01279997 0.01199996 -0.09399998 0.01255899 0.01199996 -0.09489995 0.01189994 0.01199996 -0.095559 0.01099997 0.01199996 -0.09579998 0.01009994 0.01199996 -0.095559 0.009440958 0.01199996 -0.09489995 0.009199976 0.01199996 -0.09399998 0.009440958 0.01199996 -0.09309995 0.01009994 0.01199996 -0.09244096 -0.01099997 0.01199996 -0.1092 -0.01009994 0.01199996 -0.109441 -0.009440958 0.01199996 -0.1101 -0.009199976 0.01199996 -0.111 -0.009440958 0.01199996 -0.1119 -0.01009994 0.01199996 -0.112559 -0.01099997 0.01199996 -0.1128 -0.01189994 0.01199996 -0.112559 -0.01255899 0.01199996 -0.1119 -0.01279997 0.01199996 -0.111 -0.01255899 0.01199996 -0.1101 -0.01189994 0.01199996 -0.109441 0.01099997 0.01799994 -0.1092 0.01189994 0.01799994 -0.109441 0.01255899 0.01799994 -0.1101 0.01279997 0.01799994 -0.111 0.01255899 0.01799994 -0.1119 0.01189994 0.01799994 -0.112559 0.01099997 0.01799994 -0.1128 0.01009994 0.01799994 -0.112559 0.009440958 0.01799994 -0.1119 0.009199976 0.01799994 -0.111 0.009440958 0.01799994 -0.1101 0.01009994 0.01799994 -0.109441 -0.01099997 0.01799994 -0.09219998 -0.01009994 0.01799994 -0.09244096 -0.009440958 0.01799994 -0.09309995 -0.009199976 0.01799994 -0.09399998 -0.009440958 0.01799994 -0.09489995 -0.01009994 0.01799994 -0.095559 -0.01099997 0.01799994 -0.09579998 -0.01189994 0.01799994 -0.095559 -0.01255899 0.01799994 -0.09489995 -0.01279997 0.01799994 -0.09399998 -0.01255899 0.01799994 -0.09309995 -0.01189994 0.01799994 -0.09244096 0.01099997 0.01799994 -0.09219998 0.01189994 0.01799994 -0.09244096 0.01255899 0.01799994 -0.09309995 0.01279997 0.01799994 -0.09399998 0.01255899 0.01799994 -0.09489995 0.01189994 0.01799994 -0.095559 0.01099997 0.01799994 -0.09579998 0.01009994 0.01799994 -0.095559 0.009440958 0.01799994 -0.09489995 0.009199976 0.01799994 -0.09399998 0.009440958 0.01799994 -0.09309995 0.01009994 0.01799994 -0.09244096 -0.01099997 0.01799994 -0.1092 -0.01009994 0.01799994 -0.109441 -0.009440958 0.01799994 -0.1101 -0.009199976 0.01799994 -0.111 -0.009440958 0.01799994 -0.1119 -0.01009994 0.01799994 -0.112559 -0.01099997 0.01799994 -0.1128 -0.01189994 0.01799994 -0.112559 -0.01255899 0.01799994 -0.1119 -0.01279997 0.01799994 -0.111 -0.01255899 0.01799994 -0.1101 -0.01189994 0.01799994 -0.109441 0.01099997 0.01799994 -0.1075 0.01274996 0.01799994 -0.107969 0.01403099 0.01799994 -0.10925 0.01449996 0.01799994 -0.111 0.01403099 0.01799994 -0.11275 0.01274996 0.01799994 -0.114031 0.01099997 0.01799994 -0.1145 0.009249985 0.01799994 -0.114031 0.007968962 0.01799994 -0.11275 0.007499992 0.01799994 -0.111 0.007968962 0.01799994 -0.10925 0.009249985 0.01799994 -0.107969 -0.01099997 0.01799994 -0.09049999 -0.009249985 0.01799994 -0.09096896 -0.007968962 0.01799994 -0.09224998 -0.007499992 0.01799994 -0.09399998 -0.007968962 0.01799994 -0.09574997 -0.009249985 0.01799994 -0.09703099 -0.01099997 0.01799994 -0.09749996 -0.01274996 0.01799994 -0.09703099 -0.01403099 0.01799994 -0.09574997 -0.01449996 0.01799994 -0.09399998 -0.01403099 0.01799994 -0.09224998 -0.01274996 0.01799994 -0.09096896 0.01099997 0.01799994 -0.09049999 0.01274996 0.01799994 -0.09096896 0.01403099 0.01799994 -0.09224998 0.01449996 0.01799994 -0.09399998 0.01403099 0.01799994 -0.09574997 0.01274996 0.01799994 -0.09703099 0.01099997 0.01799994 -0.09749996 0.009249985 0.01799994 -0.09703099 0.007968962 0.01799994 -0.09574997 0.007499992 0.01799994 -0.09399998 0.007968962 0.01799994 -0.09224998 0.009249985 0.01799994 -0.09096896 -0.01099997 0.01799994 -0.1075 -0.009249985 0.01799994 -0.107969 -0.007968962 0.01799994 -0.10925 -0.007499992 0.01799994 -0.111 -0.007968962 0.01799994 -0.11275 -0.009249985 0.01799994 -0.114031 -0.01099997 0.01799994 -0.1145 -0.01274996 0.01799994 -0.114031 -0.01403099 0.01799994 -0.11275 -0.01449996 0.01799994 -0.111 -0.01403099 0.01799994 -0.10925 -0.01274996 0.01799994 -0.107969 0.007622957 0.02482497 -0.006102979 0.008359968 0.02482497 -0.007682979 0.008810997 0.02482497 -0.009366989 0.008962988 0.02482497 -0.01110297 0.008962988 0.02482497 -0.023687 0.006521999 0.02482497 -0.02434098 0.005260944 0.02482497 -0.02464497 0.003985941 0.02482497 -0.02488297 0.002699971 0.02482497 -0.02505499 0.002699971 0.02482497 -0.01278096 0.002561986 0.02482497 -0.01112496 0.002150952 0.02482497 -0.009513974 0.00147897 0.02482497 -0.007992982 9.01e-4 0.02482497 -0.007244944 1.19e-4 0.02482497 -0.006712973 -7.9e-4 0.02482497 -0.006451964 -0.003098964 0.02482497 -0.005713999 -0.004976987 0.02482497 -0.004180967 -0.006162941 0.02482497 -0.002065956 -0.006490945 0.02482497 3.36e-4 -0.005916953 0.02482497 0.00269097 -0.004518985 0.02482497 0.00467199 -0.002492964 0.02482497 0.006002962 -1.2e-4 0.02482497 0.006498992 0.00226897 0.02482497 0.006090998 0.004342973 0.02482497 0.004835963 0.005812942 0.02482497 0.002907991 0.006473958 0.02482497 5.76e-4 0.006234943 0.02482497 -0.001835942 0.006112992 0.02482497 -0.002634942 0.006208956 0.02482497 -0.003436982 0.006514966 0.02482497 -0.004183948 0.01099997 0.01399999 -0.1145 0.009249985 0.01399999 -0.114031 0.007968962 0.01399999 -0.11275 0.007499992 0.01399999 -0.111 0.007968962 0.01399999 -0.10925 0.009249985 0.01399999 -0.107969 0.01099997 0.01399999 -0.1075 0.01274996 0.01399999 -0.107969 0.01403099 0.01399999 -0.10925 0.01449996 0.01399999 -0.111 0.01403099 0.01399999 -0.11275 0.01274996 0.01399999 -0.114031 -0.01099997 0.01399999 -0.09749996 -0.01274996 0.01399999 -0.09703099 -0.01403099 0.01399999 -0.09574997 -0.01449996 0.01399999 -0.09399998 -0.01403099 0.01399999 -0.09224998 -0.01274996 0.01399999 -0.09096896 -0.01099997 0.01399999 -0.09049999 -0.009249985 0.01399999 -0.09096896 -0.007968962 0.01399999 -0.09224998 -0.007499992 0.01399999 -0.09399998 -0.007968962 0.01399999 -0.09574997 -0.009249985 0.01399999 -0.09703099 0.01099997 0.01399999 -0.09749996 0.009249985 0.01399999 -0.09703099 0.007968962 0.01399999 -0.09574997 0.007499992 0.01399999 -0.09399998 0.007968962 0.01399999 -0.09224998 0.009249985 0.01399999 -0.09096896 0.01099997 0.01399999 -0.09049999 0.01274996 0.01399999 -0.09096896 0.01403099 0.01399999 -0.09224998 0.01449996 0.01399999 -0.09399998 0.01403099 0.01399999 -0.09574997 0.01274996 0.01399999 -0.09703099 -0.01099997 0.01399999 -0.1145 -0.01274996 0.01399999 -0.114031 -0.01403099 0.01399999 -0.11275 -0.01449996 0.01399999 -0.111 -0.01403099 0.01399999 -0.10925 -0.01274996 0.01399999 -0.107969 -0.01099997 0.01399999 -0.1075 -0.009249985 0.01399999 -0.107969 -0.007968962 0.01399999 -0.10925 -0.007499992 0.01399999 -0.111 -0.007968962 0.01399999 -0.11275 -0.009249985 0.01399999 -0.114031 -0.01511496 0.03399997 -0.06499999 -0.01320099 0.03399997 -0.064619 -0.01157897 0.03399997 -0.06353598 -0.01049494 0.03399997 -0.06191295 -0.01011496 0.03399997 -0.06 -0.01049494 0.03399997 -0.05808699 -0.01157897 0.03399997 -0.05646395 -0.01320099 0.03399997 -0.055381 -0.01511496 0.03399997 -0.05499994 -0.01511496 0.01349997 -0.05499994 -0.01320099 0.01349997 -0.055381 -0.01157897 0.01349997 -0.05646395 -0.01049494 0.01349997 -0.05808699 -0.01011496 0.01349997 -0.06 -0.01049494 0.01349997 -0.06191295 -0.01157897 0.01349997 -0.06353598 -0.01320099 0.01349997 -0.064619 -0.01511496 0.01349997 -0.06499999 -0.01649099 0.03399997 -0.06499999 -0.01649099 0.01349997 -0.06499999 -0.01949095 0.03399997 -0.06802397 -0.01926398 0.03399997 -0.06687098 -0.01861995 0.03399997 -0.06588798 -0.01764595 0.03399997 -0.06523197 -0.01764595 0.01349997 -0.06523197 -0.01861995 0.01349997 -0.06588798 -0.01926398 0.01349997 -0.06687098 -0.01949095 0.01349997 -0.06802397 -0.02356696 0.03399997 -0.141649 -0.02147597 0.03399997 -0.120667 -0.020392 0.03399997 -0.104751 -0.02003896 0.03399997 -0.09756898 -0.01948398 0.03399997 -0.07554298 -0.01948398 0.01349997 -0.07554298 -0.02003896 0.01349997 -0.09756898 -0.020392 0.01349997 -0.104751 -0.02147597 0.01349997 -0.120667 -0.02356696 0.01349997 -0.141649 -0.02058696 0.03399997 -0.145 -0.021815 0.03399997 -0.144734 -0.02282899 0.03399997 -0.143993 -0.023449 0.03399997 -0.142899 -0.023449 0.01349997 -0.142899 -0.02282899 0.01349997 -0.143993 -0.021815 0.01349997 -0.144734 -0.02058696 0.01349997 -0.145 -0.02007198 0.03399997 -0.145 -0.02007198 0.01349997 -0.145 -0.02007198 0.03399997 -0.155 -0.01815897 0.03399997 -0.154619 -0.01653695 0.03399997 -0.153536 -0.01545298 0.03399997 -0.151913 -0.01507198 0.03399997 -0.15 -0.01545298 0.03399997 -0.148087 -0.01653695 0.03399997 -0.146464 -0.01815897 0.03399997 -0.145381 -0.01815897 0.01349997 -0.145381 -0.01653695 0.01349997 -0.146464 -0.01545298 0.01349997 -0.148087 -0.01507198 0.01349997 -0.15 -0.01545298 0.01349997 -0.151913 -0.01653695 0.01349997 -0.153536 -0.01815897 0.01349997 -0.154619 -0.02007198 0.01349997 -0.155 -0.02270895 0.03399997 -0.155 -0.02270895 0.01349997 -0.155 -0.02567696 0.03399997 -0.157561 -0.025334 0.03399997 -0.156556 -0.02466797 0.03399997 -0.1557289 -0.02375495 0.03399997 -0.155189 -0.02375495 0.01349997 -0.155189 -0.02466797 0.01349997 -0.1557289 -0.025334 0.01349997 -0.156556 -0.02567696 0.01349997 -0.157561 -0.02927595 0.03399997 -0.178674 -0.027884 0.03399997 -0.17116 -0.02654397 0.03399997 -0.163202 -0.026102 0.01349997 -0.160383 -0.02654397 0.01349997 -0.163202 -0.02784699 0.01349997 -0.170949 -0.02927595 0.01349997 -0.178674 -0.02183198 0.03399997 -0.185608 -0.02333199 0.03399997 -0.18581 -0.02483499 0.03399997 -0.185634 -0.02624595 0.03399997 -0.185087 -0.02747398 0.03399997 -0.184202 -0.02844196 0.03399997 -0.183039 -0.02908897 0.03399997 -0.181672 -0.02937197 0.03399997 -0.180185 -0.02935397 0.01349997 -0.180401 -0.02893996 0.01349997 -0.182079 -0.02806198 0.01349997 -0.183566 -0.02679896 0.01349997 -0.184746 -0.02525097 0.01349997 -0.185514 -0.02354794 0.01349997 -0.185808 -0.02183198 0.01349997 -0.185608 0.02927595 0.03399997 -0.178674 0.02937197 0.03399997 -0.180185 0.02908897 0.03399997 -0.181672 0.02844196 0.03399997 -0.183039 0.02747398 0.03399997 -0.184202 0.02624595 0.03399997 -0.185087 0.02483499 0.03399997 -0.185634 0.02333199 0.03399997 -0.18581 0.02183198 0.03399997 -0.185608 0.02183198 0.01349997 -0.185608 0.02333199 0.01349997 -0.18581 0.02483499 0.01349997 -0.185634 0.02624595 0.01349997 -0.185087 0.02747398 0.01349997 -0.184202 0.02844196 0.01349997 -0.183039 0.02908897 0.01349997 -0.181672 0.02937197 0.01349997 -0.180185 0.02927595 0.01349997 -0.178674 0.02567696 0.03399997 -0.157561 0.02610498 0.03399997 -0.160404 0.02654397 0.03399997 -0.163202 0.027884 0.03399997 -0.17116 0.02784699 0.01349997 -0.170949 0.02654397 0.01349997 -0.163202 0.026102 0.01349997 -0.160383 0.02567696 0.01349997 -0.157561 0.02270895 0.03399997 -0.155 0.02375495 0.03399997 -0.155189 0.02466797 0.03399997 -0.1557289 0.025334 0.03399997 -0.156556 0.025334 0.01349997 -0.156556 0.02466797 0.01349997 -0.1557289 0.02375495 0.01349997 -0.155189 0.02270895 0.01349997 -0.155 0.02007198 0.03399997 -0.155 0.02007198 0.01349997 -0.155 0.02007198 0.03399997 -0.145 0.01815897 0.03399997 -0.145381 0.01653695 0.03399997 -0.146464 0.01545298 0.03399997 -0.148087 0.01507198 0.03399997 -0.15 0.01545298 0.03399997 -0.151913 0.01653695 0.03399997 -0.153536 0.01815897 0.03399997 -0.154619 0.01815897 0.01349997 -0.154619 0.01653695 0.01349997 -0.153536 0.01545298 0.01349997 -0.151913 0.01507198 0.01349997 -0.15 0.01545298 0.01349997 -0.148087 0.01653695 0.01349997 -0.146464 0.01815897 0.01349997 -0.145381 0.02007198 0.01349997 -0.145 0.02058696 0.03399997 -0.145 0.02058696 0.01349997 -0.145 0.02356696 0.03399997 -0.141649 0.023449 0.03399997 -0.142899 0.02282899 0.03399997 -0.143993 0.021815 0.03399997 -0.144734 0.021815 0.01349997 -0.144734 0.02282899 0.01349997 -0.143993 0.023449 0.01349997 -0.142899 0.02356696 0.01349997 -0.141649 0.01949095 0.03399997 -0.06802397 0.01948398 0.03399997 -0.07554298 0.02003896 0.03399997 -0.09756898 0.020392 0.03399997 -0.104751 0.02147597 0.03399997 -0.120667 0.02243697 0.03399997 -0.131265 0.02147597 0.01349997 -0.120667 0.020392 0.01349997 -0.104751 0.02003896 0.01349997 -0.09756898 0.01948398 0.01349997 -0.07554298 0.01949095 0.01349997 -0.06802397 0.01649099 0.03399997 -0.06499999 0.01764595 0.03399997 -0.06523197 0.01861995 0.03399997 -0.06588798 0.01926398 0.03399997 -0.06687098 0.01919496 0.01349997 -0.06671595 0.01836997 0.01349997 -0.06566196 0.01748698 0.01349997 -0.06517195 0.01649099 0.01349997 -0.06499999 0.01511496 0.03399997 -0.06499999 0.01511496 0.01349997 -0.06499999 0.01511496 0.03399997 -0.05499994 0.01320099 0.03399997 -0.055381 0.01157897 0.03399997 -0.05646395 0.01049494 0.03399997 -0.05808699 0.01011496 0.03399997 -0.06 0.01049494 0.03399997 -0.06191295 0.01157897 0.03399997 -0.06353598 0.01320099 0.03399997 -0.064619 0.01320099 0.01349997 -0.064619 0.01157897 0.01349997 -0.06353598 0.01049494 0.01349997 -0.06191295 0.01011496 0.01349997 -0.06 0.01049494 0.01349997 -0.05808699 0.01157897 0.01349997 -0.05646395 0.01320099 0.01349997 -0.055381 0.01511496 0.01349997 -0.05499994 0.01686698 0.03399997 -0.05499994 0.01686698 0.01349997 -0.05499994 0.01986497 0.03399997 -0.05211997 0.01959794 0.03399997 -0.05322796 0.01894497 0.03399997 -0.05416297 0.01798796 0.03399997 -0.05478197 0.01798796 0.01349997 -0.05478197 0.01894497 0.01349997 -0.05416297 0.01959794 0.01349997 -0.05322796 0.01986497 0.01349997 -0.05211997 0.021492 0.03399997 -0.02875697 0.02084898 0.03399997 -0.03572195 0.02030497 0.03399997 -0.043347 0.02006196 0.01349997 -0.04773199 0.02030497 0.01349997 -0.043347 0.02092695 0.01349997 -0.03478997 0.021492 0.01349997 -0.02875697 0.01396995 0.03399997 -0.02234596 0.01540398 0.03399997 -0.02214497 0.01684397 0.03399997 -0.02228999 0.01820796 0.03399997 -0.02277594 0.01941394 0.03399997 -0.02357697 0.02039498 0.03399997 -0.02464199 0.02109199 0.03399997 -0.02590996 0.02146399 0.03399997 -0.027309 0.02146399 0.01349997 -0.027309 0.02109199 0.01349997 -0.02590894 0.02039498 0.01349997 -0.02464097 0.01941496 0.01349997 -0.02357596 0.01820796 0.01349997 -0.02277499 0.01684397 0.01349997 -0.02228897 0.01540398 0.01349997 -0.022143 0.01396995 0.01349997 -0.02234596 0.008962988 0.03399997 -0.023687 0.006521999 0.01349997 -0.02434098 0.008962988 0.03399997 -0.01110297 0.007622957 0.03399997 -0.006102979 0.008359968 0.03399997 -0.007682979 0.008810997 0.03399997 -0.009366989 0.006514966 0.03399997 -0.004183948 0.006234943 0.03399997 -0.001835942 0.006112992 0.03399997 -0.002634942 0.006208956 0.03399997 -0.003436982 -7.9e-4 0.03399997 -0.006451964 -0.003098964 0.03399997 -0.005713999 -0.004976987 0.03399997 -0.004180967 -0.006162941 0.03399997 -0.002065956 -0.006490945 0.03399997 3.36e-4 -0.005916953 0.03399997 0.00269097 -0.004518985 0.03399997 0.00467199 -0.002492964 0.03399997 0.006002962 -1.2e-4 0.03399997 0.006498992 0.00226897 0.03399997 0.006090998 0.004342973 0.03399997 0.004835963 0.005812942 0.03399997 0.002907991 0.006473958 0.03399997 5.76e-4 0.00147897 0.03399997 -0.007992982 9.01e-4 0.03399997 -0.007244944 1.19e-4 0.03399997 -0.006712973 0.002699971 0.03399997 -0.01278096 0.002561986 0.03399997 -0.01112496 0.002150952 0.03399997 -0.009513974 0.002699971 0.03399997 -0.02505499 -0.006521999 0.03399997 -0.02434098 -0.003484964 0.03399997 -0.02495795 -3.96e-4 0.03399997 -0.02519696 0.002195954 0.01349997 -0.02510398 -0.002195954 0.01349997 -0.02510398 -0.006521999 0.01349997 -0.02434098 -0.01396995 0.03399997 -0.02234596 -0.01396995 0.01349997 -0.02234596 -0.021492 0.03399997 -0.02875697 -0.02146399 0.03399997 -0.027309 -0.02109199 0.03399997 -0.02590996 -0.02039498 0.03399997 -0.02464199 -0.01941394 0.03399997 -0.02357697 -0.01820796 0.03399997 -0.02277594 -0.01684397 0.03399997 -0.02228999 -0.01540398 0.03399997 -0.02214497 -0.01540398 0.01349997 -0.02214497 -0.01684397 0.01349997 -0.02228999 -0.01820796 0.01349997 -0.02277594 -0.01941394 0.01349997 -0.02357697 -0.02039498 0.01349997 -0.02464199 -0.02109199 0.01349997 -0.02590996 -0.02146399 0.01349997 -0.027309 -0.021492 0.01349997 -0.02875697 -0.01986497 0.03399997 -0.05211997 -0.02006494 0.03399997 -0.04767096 -0.02030497 0.03399997 -0.043347 -0.02084898 0.03399997 -0.03572195 -0.02072298 0.01349997 -0.03731095 -0.02030497 0.01349997 -0.043347 -0.02006196 0.01349997 -0.04773199 -0.01986497 0.01349997 -0.05211997 -0.01686698 0.03399997 -0.05499994 -0.01798796 0.03399997 -0.05478197 -0.01894497 0.03399997 -0.05416297 -0.01959794 0.03399997 -0.05322796 -0.01959794 0.01349997 -0.05322796 -0.01894497 0.01349997 -0.05416297 -0.01798796 0.01349997 -0.05478197 -0.01686698 0.01349997 -0.05499994 0.01099997 0.01199996 -0.1165 0.008762955 0.01199996 -0.116024 0.006912946 0.01199996 -0.11468 0.005768954 0.01199996 -0.1127 0.005529999 0.01199996 -0.110425 0.00623697 0.01199996 -0.10825 0.007766962 0.01199996 -0.10655 0.009855985 0.01199996 -0.10562 0.01214396 0.01199996 -0.10562 0.01423299 0.01199996 -0.10655 0.01576298 0.01199996 -0.10825 0.01646995 0.01199996 -0.110425 0.016231 0.01199996 -0.1127 0.01508694 0.01199996 -0.11468 0.01323699 0.01199996 -0.116024 0.01099997 0.01299995 -0.114768 0.01099997 0.01226794 -0.1155 0.01228898 0.01299995 -0.114541 0.01253896 0.01226794 -0.115229 0.01342195 0.01299995 -0.1138859 0.01389294 0.01226794 -0.1144469 0.01471096 0.01299995 -0.111654 0.015432 0.01226794 -0.111781 0.01489698 0.01226794 -0.11325 0.01426297 0.01299995 -0.112884 0.01471096 0.01299995 -0.110346 0.015432 0.01226794 -0.110219 0.01342195 0.01299995 -0.108114 0.01389294 0.01226794 -0.107553 0.01489698 0.01226794 -0.10875 0.01426297 0.01299995 -0.109116 0.01228898 0.01299995 -0.107459 0.01253896 0.01226794 -0.106771 0.009710967 0.01299995 -0.107459 0.009460985 0.01226794 -0.106771 0.01099997 0.01226794 -0.1065 0.01099997 0.01299995 -0.107232 0.008577942 0.01299995 -0.108114 0.008106946 0.01226794 -0.107553 0.007288992 0.01299995 -0.110346 0.006567955 0.01226794 -0.110219 0.007102966 0.01226794 -0.10875 0.00773698 0.01299995 -0.109116 0.007288992 0.01299995 -0.111654 0.006567955 0.01226794 -0.111781 0.008577942 0.01299995 -0.1138859 0.008106946 0.01226794 -0.1144469 0.007102966 0.01226794 -0.11325 0.00773698 0.01299995 -0.112884 0.009710967 0.01299995 -0.114541 0.009460985 0.01226794 -0.115229 -0.01099997 0.01199996 -0.0995 -0.01323699 0.01199996 -0.09902399 -0.01508694 0.01199996 -0.09767997 -0.016231 0.01199996 -0.09569996 -0.01646995 0.01199996 -0.09342497 -0.01576298 0.01199996 -0.09125 -0.01423299 0.01199996 -0.08954995 -0.01214396 0.01199996 -0.08862 -0.009855985 0.01199996 -0.08862 -0.007766962 0.01199996 -0.08954995 -0.00623697 0.01199996 -0.09125 -0.005529999 0.01199996 -0.09342497 -0.005768954 0.01199996 -0.09569996 -0.006912946 0.01199996 -0.09767997 -0.008762955 0.01199996 -0.09902399 -0.01099997 0.01299995 -0.097768 -0.01099997 0.01226794 -0.09849995 -0.009710967 0.01299995 -0.09754097 -0.009460985 0.01226794 -0.09822899 -0.008577942 0.01299995 -0.09688597 -0.008106946 0.01226794 -0.09744697 -0.007288992 0.01299995 -0.09465396 -0.006567955 0.01226794 -0.09478098 -0.007102966 0.01226794 -0.09624999 -0.00773698 0.01299995 -0.09588396 -0.007288992 0.01299995 -0.09334599 -0.006567955 0.01226794 -0.09321898 -0.008577942 0.01299995 -0.09111398 -0.008106946 0.01226794 -0.09055298 -0.007102966 0.01226794 -0.09174996 -0.00773698 0.01299995 -0.09211599 -0.009710967 0.01299995 -0.09045898 -0.009460985 0.01226794 -0.08977097 -0.01228898 0.01299995 -0.09045898 -0.01253896 0.01226794 -0.08977097 -0.01099997 0.01226794 -0.08950001 -0.01099997 0.01299995 -0.09023195 -0.01342195 0.01299995 -0.09111398 -0.01389294 0.01226794 -0.09055298 -0.01471096 0.01299995 -0.09334599 -0.015432 0.01226794 -0.09321898 -0.01489698 0.01226794 -0.09174996 -0.01426297 0.01299995 -0.09211599 -0.01471096 0.01299995 -0.09465396 -0.015432 0.01226794 -0.09478098 -0.01342195 0.01299995 -0.09688597 -0.01389294 0.01226794 -0.09744697 -0.01489698 0.01226794 -0.09624999 -0.01426297 0.01299995 -0.09588396 -0.01228898 0.01299995 -0.09754097 -0.01253896 0.01226794 -0.09822899 0.01099997 0.01199996 -0.0995 0.008762955 0.01199996 -0.09902399 0.006912946 0.01199996 -0.09767997 0.005768954 0.01199996 -0.09569996 0.005529999 0.01199996 -0.09342497 0.00623697 0.01199996 -0.09125 0.007766962 0.01199996 -0.08954995 0.009855985 0.01199996 -0.08862 0.01214396 0.01199996 -0.08862 0.01423299 0.01199996 -0.08954995 0.01576298 0.01199996 -0.09125 0.01646995 0.01199996 -0.09342497 0.016231 0.01199996 -0.09569996 0.01508694 0.01199996 -0.09767997 0.01323699 0.01199996 -0.09902399 0.01099997 0.01299995 -0.097768 0.01099997 0.01226794 -0.09849995 0.01228898 0.01299995 -0.09754097 0.01253896 0.01226794 -0.09822899 0.01342195 0.01299995 -0.09688597 0.01389294 0.01226794 -0.09744697 0.01471096 0.01299995 -0.09465396 0.015432 0.01226794 -0.09478098 0.01489698 0.01226794 -0.09624999 0.01426297 0.01299995 -0.09588396 0.01471096 0.01299995 -0.09334599 0.015432 0.01226794 -0.09321898 0.01342195 0.01299995 -0.09111398 0.01389294 0.01226794 -0.09055298 0.01489698 0.01226794 -0.09174996 0.01426297 0.01299995 -0.09211599 0.01228898 0.01299995 -0.09045898 0.01253896 0.01226794 -0.08977097 0.009710967 0.01299995 -0.09045898 0.009460985 0.01226794 -0.08977097 0.01099997 0.01226794 -0.08950001 0.01099997 0.01299995 -0.09023195 0.008577942 0.01299995 -0.09111398 0.008106946 0.01226794 -0.09055298 0.007288992 0.01299995 -0.09334599 0.006567955 0.01226794 -0.09321898 0.007102966 0.01226794 -0.09174996 0.00773698 0.01299995 -0.09211599 0.007288992 0.01299995 -0.09465396 0.006567955 0.01226794 -0.09478098 0.008577942 0.01299995 -0.09688597 0.008106946 0.01226794 -0.09744697 0.007102966 0.01226794 -0.09624999 0.00773698 0.01299995 -0.09588396 0.009710967 0.01299995 -0.09754097 0.009460985 0.01226794 -0.09822899 -0.01099997 0.01199996 -0.1165 -0.01323699 0.01199996 -0.116024 -0.01508694 0.01199996 -0.11468 -0.016231 0.01199996 -0.1127 -0.01646995 0.01199996 -0.110425 -0.01576298 0.01199996 -0.10825 -0.01423299 0.01199996 -0.10655 -0.01214396 0.01199996 -0.10562 -0.009855985 0.01199996 -0.10562 -0.007766962 0.01199996 -0.10655 -0.00623697 0.01199996 -0.10825 -0.005529999 0.01199996 -0.110425 -0.005768954 0.01199996 -0.1127 -0.006912946 0.01199996 -0.11468 -0.008762955 0.01199996 -0.116024 -0.01099997 0.01299995 -0.114768 -0.01099997 0.01226794 -0.1155 -0.009710967 0.01299995 -0.114541 -0.009460985 0.01226794 -0.115229 -0.008577942 0.01299995 -0.1138859 -0.008106946 0.01226794 -0.1144469 -0.007288992 0.01299995 -0.111654 -0.006567955 0.01226794 -0.111781 -0.007102966 0.01226794 -0.11325 -0.00773698 0.01299995 -0.112884 -0.007288992 0.01299995 -0.110346 -0.006567955 0.01226794 -0.110219 -0.008577942 0.01299995 -0.108114 -0.008106946 0.01226794 -0.107553 -0.007102966 0.01226794 -0.10875 -0.00773698 0.01299995 -0.109116 -0.009710967 0.01299995 -0.107459 -0.009460985 0.01226794 -0.106771 -0.01228898 0.01299995 -0.107459 -0.01253896 0.01226794 -0.106771 -0.01099997 0.01226794 -0.1065 -0.01099997 0.01299995 -0.107232 -0.01342195 0.01299995 -0.108114 -0.01389294 0.01226794 -0.107553 -0.01471096 0.01299995 -0.110346 -0.015432 0.01226794 -0.110219 -0.01489698 0.01226794 -0.10875 -0.01426297 0.01299995 -0.109116 -0.01471096 0.01299995 -0.111654 -0.015432 0.01226794 -0.111781 -0.01342195 0.01299995 -0.1138859 -0.01389294 0.01226794 -0.1144469 -0.01489698 0.01226794 -0.11325 -0.01426297 0.01299995 -0.112884 -0.01228898 0.01299995 -0.114541 -0.01253896 0.01226794 -0.115229 -0.02221995 0.01199996 -0.184159 -0.022026 0.01220095 -0.184884 -0.02188396 0.01274996 -0.185414 -0.02907896 0.01274996 -0.178712 -0.02853995 0.01220095 -0.178817 -0.027803 0.01199996 -0.178959 -0.027875 0.01199996 -0.180092 -0.02766299 0.01199996 -0.181207 -0.02717697 0.01199996 -0.182232 -0.02645099 0.01199996 -0.183104 -0.02552998 0.01199996 -0.183768 -0.02447199 0.01199996 -0.1841779 -0.02334499 0.01199996 -0.184311 -0.02804797 0.01204299 -0.181145 -0.02407896 0.01310396 -0.185715 -0.02406096 0.01273697 -0.185562 -0.02403795 0.01247996 -0.185371 -0.02399796 0.01220798 -0.1850309 -0.02395099 0.01204299 -0.184628 -0.02621495 0.01310396 -0.185042 -0.026142 0.01273697 -0.1849049 -0.02605199 0.01247996 -0.184736 -0.02588897 0.01220798 -0.1844339 -0.02569699 0.01204299 -0.184076 -0.02722299 0.01310396 -0.1843529 -0.02712297 0.01273697 -0.184234 -0.02699899 0.01247996 -0.184088 -0.02677798 0.01220798 -0.183826 -0.02651596 0.01204299 -0.183516 -0.02867197 0.01310396 -0.182532 -0.02853399 0.01273697 -0.182461 -0.028364 0.01247996 -0.182374 -0.028059 0.01220798 -0.182217 -0.02769798 0.01204299 -0.182031 -0.02910196 0.01310396 -0.181446 -0.02895295 0.01273697 -0.181403 -0.028768 0.01247996 -0.181351 -0.02843898 0.01220798 -0.181257 -0.02930998 0.01310396 -0.180295 -0.02915495 0.01273697 -0.1802819 -0.02896398 0.01247996 -0.180267 -0.02862298 0.01220798 -0.180239 -0.02821797 0.01204299 -0.180206 -0.025478 0.01274996 -0.157591 -0.02493494 0.01220095 -0.157671 -0.02419298 0.01199996 -0.157781 -0.02461898 0.01199996 -0.160611 -0.02506297 0.01199996 -0.163439 -0.02636998 0.01199996 -0.17121 -0.02545398 0.01205396 -0.163376 -0.02581799 0.01220995 -0.163318 -0.02606999 0.01240098 -0.163278 -0.02633899 0.01274496 -0.163235 -0.02650195 0.013152 -0.163209 -0.02639394 0.01205396 -0.169039 -0.02675795 0.01220995 -0.168976 -0.02700799 0.01240098 -0.168933 -0.02727699 0.01274496 -0.168887 -0.02743899 0.013152 -0.168859 -0.02270895 0.01274996 -0.155201 -0.02270895 0.01220095 -0.15575 -0.02270895 0.01199996 -0.1565 -0.02323198 0.01199996 -0.156595 -0.02368795 0.01199996 -0.156865 -0.02402096 0.01199996 -0.157278 -0.02540498 0.01310497 -0.156818 -0.02526295 0.01273697 -0.156881 -0.02508699 0.01247996 -0.156958 -0.02477395 0.01220798 -0.157095 -0.02440196 0.01204299 -0.157258 -0.02499794 0.01310497 -0.15615 -0.02487695 0.01273697 -0.156248 -0.024728 0.01247996 -0.156368 -0.02446198 0.01220798 -0.156583 -0.02414697 0.01204299 -0.1568379 -0.02455699 0.01310497 -0.155706 -0.02445995 0.01273697 -0.155827 -0.02433896 0.01247996 -0.1559759 -0.02412396 0.01220798 -0.156243 -0.02386999 0.01204299 -0.156559 -0.02327698 0.01310497 -0.15511 -0.023247 0.01273697 -0.1552619 -0.02320998 0.01247996 -0.15545 -0.02314394 0.01220798 -0.155786 -0.02306598 0.01204299 -0.156184 -0.02007198 0.01274996 -0.155201 -0.02007198 0.01220095 -0.15575 -0.02007198 0.01199996 -0.1565 -0.02007198 0.01274996 -0.1447989 -0.02007198 0.01220095 -0.14425 -0.02007198 0.01199996 -0.1435 -0.01784896 0.01199996 -0.143892 -0.01589399 0.01199996 -0.145021 -0.01444298 0.01199996 -0.14675 -0.01367098 0.01199996 -0.148871 -0.01367098 0.01199996 -0.151129 -0.01444298 0.01199996 -0.15325 -0.01589399 0.01199996 -0.154979 -0.01784896 0.01199996 -0.156108 -0.01829296 0.01274996 -0.154887 -0.01810497 0.01220095 -0.155403 -0.01672899 0.01274996 -0.153984 -0.01637595 0.01220095 -0.1544049 -0.01556795 0.01274996 -0.1526 -0.01509195 0.01220095 -0.152875 -0.01494997 0.01274996 -0.150903 -0.01440894 0.01220095 -0.1509979 -0.01494997 0.01274996 -0.149097 -0.01440894 0.01220095 -0.149002 -0.01556795 0.01274996 -0.1474 -0.01509195 0.01220095 -0.147125 -0.01672899 0.01274996 -0.146016 -0.01637595 0.01220095 -0.145595 -0.01829296 0.01274996 -0.145113 -0.01810497 0.01220095 -0.1445969 -0.02058696 0.01274996 -0.1447989 -0.02058696 0.01220095 -0.14425 -0.02058696 0.01199996 -0.1435 -0.02336698 0.01274996 -0.141672 -0.02282196 0.01220095 -0.141736 -0.02207696 0.01199996 -0.141824 -0.022017 0.01199996 -0.142451 -0.02170795 0.01199996 -0.142996 -0.0212 0.01199996 -0.143365 -0.02330195 0.01310497 -0.143142 -0.02229398 0.01204395 -0.142718 -0.02150595 0.01310497 -0.144793 -0.02145797 0.01273798 -0.144647 -0.02139794 0.01247996 -0.144464 -0.02129197 0.01220798 -0.14414 -0.02116495 0.01204395 -0.143756 -0.02233499 0.01310497 -0.1443639 -0.02224296 0.01273798 -0.14424 -0.02212899 0.01247996 -0.144086 -0.02192598 0.01220798 -0.143811 -0.02168595 0.01204395 -0.143486 -0.02286499 0.01310497 -0.143867 -0.02274596 0.01273798 -0.143769 -0.02259695 0.01247996 -0.143647 -0.02233296 0.01220798 -0.1434299 -0.02201896 0.01204395 -0.143173 -0.02351498 0.01310497 -0.142319 -0.02336198 0.01273798 -0.142302 -0.02316999 0.01247996 -0.1422809 -0.02282994 0.01220798 -0.142244 -0.02242696 0.01204395 -0.142201 -0.02266699 0.01220798 -0.142875 -0.02298295 0.01247996 -0.1430079 -0.02315998 0.01273798 -0.143082 -0.01928997 0.01274996 -0.06802195 -0.01874095 0.01220095 -0.06801795 -0.017991 0.01199996 -0.06801199 -0.01798397 0.01199996 -0.07555198 -0.01826 0.01199996 -0.09019595 -0.01889395 0.01199996 -0.104833 -0.01998096 0.01199996 -0.120789 -0.02132898 0.01205396 -0.131279 -0.01978099 0.01205396 -0.112788 -0.01847296 0.01205396 -0.08286696 -0.01971697 0.013152 -0.09014999 -0.01838099 0.01205396 -0.07554996 -0.01874995 0.01220995 -0.07554799 -0.01900398 0.01240098 -0.07554596 -0.01927697 0.01274496 -0.07554399 -0.01944196 0.013152 -0.07554399 -0.01884096 0.01220995 -0.08285999 -0.01909595 0.01240098 -0.08285498 -0.01936799 0.01274496 -0.08284997 -0.01953297 0.013152 -0.08284598 -0.01892995 0.01205396 -0.09749895 -0.01929897 0.01220995 -0.09748297 -0.019553 0.01240098 -0.09747195 -0.01982599 0.01274496 -0.09745997 -0.01998996 0.013152 -0.09745299 -0.01955199 0.01274496 -0.09015595 -0.01927995 0.01240098 -0.090164 -0.01902496 0.01220995 -0.09017199 -0.01865696 0.01205396 -0.09018397 -0.02014899 0.01220995 -0.112763 -0.02040296 0.01240098 -0.112746 -0.020675 0.01274496 -0.112727 -0.02083897 0.013152 -0.112716 -0.02034997 0.013152 -0.104753 -0.02018499 0.01274496 -0.104762 -0.01991295 0.01240098 -0.104777 -0.01965898 0.01220995 -0.104791 -0.01929098 0.01205396 -0.104811 -0.02169597 0.01220995 -0.131242 -0.02194899 0.01240098 -0.131217 -0.02222096 0.01274496 -0.13119 -0.022385 0.013152 -0.131174 -0.02143394 0.013152 -0.12067 -0.02126896 0.01274496 -0.120684 -0.020998 0.01240098 -0.120706 -0.02074396 0.01220995 -0.120726 -0.02037596 0.01205396 -0.120756 -0.01649099 0.01274996 -0.06520098 -0.01649099 0.01220095 -0.06575 -0.01649099 0.01199996 -0.0665 -0.01706796 0.01199996 -0.06661599 -0.01755499 0.01199996 -0.066944 -0.01787799 0.01199996 -0.06743496 -0.01785898 0.01310497 -0.065391 -0.01735097 0.01204299 -0.06636101 -0.01931095 0.01310497 -0.06716299 -0.01916295 0.01273697 -0.06720697 -0.01897895 0.01247996 -0.06726199 -0.01865094 0.01220798 -0.06735897 -0.01826298 0.01204299 -0.067474 -0.01894295 0.01310497 -0.06637495 -0.01881396 0.01273697 -0.06645995 -0.01865398 0.01247996 -0.06656599 -0.01836895 0.01220798 -0.06675499 -0.01803195 0.01204299 -0.06697899 -0.01850295 0.01310497 -0.06584799 -0.01839697 0.01273697 -0.065961 -0.01826596 0.01247996 -0.06610196 -0.01803195 0.01220798 -0.066352 -0.01775497 0.01204299 -0.066648 -0.01711297 0.01310497 -0.06512099 -0.01708096 0.01273697 -0.06527197 -0.01703995 0.01247996 -0.06545996 -0.01696795 0.01220798 -0.065795 -0.016882 0.01204299 -0.06619095 -0.01753896 0.01220798 -0.06600195 -0.01769798 0.01247996 -0.06569796 -0.01778697 0.01273697 -0.06552797 -0.01511496 0.01274996 -0.06520098 -0.01511496 0.01220095 -0.06575 -0.01511496 0.01199996 -0.0665 -0.01511496 0.01274996 -0.05479896 -0.01511496 0.01220095 -0.05425 -0.01511496 0.01199996 -0.05349999 -0.01289194 0.01199996 -0.05389195 -0.01093697 0.01199996 -0.05502098 -0.00948596 0.01199996 -0.05674999 -0.008712947 0.01199996 -0.05887097 -0.008712947 0.01199996 -0.06112897 -0.00948596 0.01199996 -0.06325 -0.01093697 0.01199996 -0.06497895 -0.01289194 0.01199996 -0.06610798 -0.013336 0.01274996 -0.06488698 -0.01314795 0.01220095 -0.06540298 -0.01177197 0.01274996 -0.06398397 -0.01141899 0.01220095 -0.06440496 -0.01061099 0.01274996 -0.06259995 -0.01013499 0.01220095 -0.06287497 -0.009992957 0.01274996 -0.06090295 -0.009451985 0.01220095 -0.06099796 -0.009992957 0.01274996 -0.05909699 -0.009451985 0.01220095 -0.05900198 -0.01061099 0.01274996 -0.05739998 -0.01013499 0.01220095 -0.05712497 -0.01177197 0.01274996 -0.05601596 -0.01141899 0.01220095 -0.05559498 -0.013336 0.01274996 -0.05511295 -0.01314795 0.01220095 -0.05459696 -0.01686698 0.01274996 -0.05479896 -0.01686698 0.01220095 -0.05425 -0.01686698 0.01199996 -0.05349999 -0.01966398 0.01274996 -0.05211198 -0.01911497 0.01220095 -0.05208998 -0.01836597 0.01199996 -0.05205994 -0.01823395 0.01199996 -0.052616 -0.01790595 0.01199996 -0.05308097 -0.01742595 0.01199996 -0.05338895 -0.01943999 0.01310497 -0.05343395 -0.01848399 0.01204299 -0.05290096 -0.01769995 0.01310497 -0.05482196 -0.01765596 0.01273697 -0.05467396 -0.01760196 0.01247996 -0.05448997 -0.01750499 0.01220798 -0.05416196 -0.01738995 0.01204299 -0.05377298 -0.01846498 0.01310497 -0.05447 -0.01838195 0.01273697 -0.05434 -0.01827698 0.01247996 -0.05417895 -0.01809096 0.01220798 -0.05389195 -0.01787096 0.01204299 -0.05355197 -0.01898396 0.01310497 -0.054048 -0.01887297 0.01273697 -0.05394095 -0.01873397 0.01247996 -0.05380696 -0.01848798 0.01220798 -0.05356895 -0.018197 0.01204299 -0.05328696 -0.01972299 0.01310497 -0.05271995 -0.01957297 0.01273697 -0.05268198 -0.01938694 0.01247996 -0.05263495 -0.01905494 0.01220798 -0.05255198 -0.01866096 0.01204299 -0.05245298 -0.01883798 0.01220798 -0.05309897 -0.01913696 0.01247996 -0.05326497 -0.01930499 0.01273697 -0.05335897 -0.02129197 0.01274996 -0.02873694 -0.02074497 0.01220095 -0.02867996 -0.01999896 0.01199996 -0.02860295 -0.01932698 0.01199996 -0.035923 -0.01880794 0.01199996 -0.04325598 -0.01856398 0.01199996 -0.04765695 -0.01884597 0.01205396 -0.05009496 -0.01990497 0.013152 -0.05014199 -0.01961398 0.01205396 -0.03732895 -0.01998096 0.01220995 -0.03735798 -0.020235 0.01240098 -0.03737699 -0.02050697 0.01274496 -0.03739798 -0.02067095 0.013152 -0.03741097 -0.01888895 0.01205396 -0.04914295 -0.01925694 0.01220995 -0.04916 -0.01951199 0.01240098 -0.04917198 -0.01978397 0.01274496 -0.04918497 -0.01994895 0.013152 -0.04919195 -0.020262 0.013152 -0.04334396 -0.02009797 0.01274496 -0.04333394 -0.01982599 0.01240098 -0.04331797 -0.01957195 0.01220995 -0.04330199 -0.01920396 0.01205396 -0.04328 -0.01974099 0.01274496 -0.050134 -0.01946794 0.01240098 -0.05012196 -0.01921397 0.01220995 -0.05011099 -0.01402199 0.01274996 -0.02253997 -0.01416397 0.01220095 -0.02306997 -0.01435899 0.01199996 -0.02379494 -0.01543396 0.01199996 -0.02364295 -0.01651495 0.01199996 -0.02375197 -0.01753699 0.01199996 -0.024118 -0.01844197 0.01199996 -0.02471697 -0.01917797 0.01199996 -0.02551597 -0.01969999 0.01199996 -0.02646797 -0.019979 0.01199996 -0.02751797 -0.01559698 0.01310396 -0.02219694 -0.01558399 0.01204299 -0.02329295 -0.021281 0.01310396 -0.02665698 -0.02113097 0.01273596 -0.02669596 -0.02094495 0.01247996 -0.02674394 -0.02061295 0.01220798 -0.026829 -0.02021998 0.01204299 -0.02693098 -0.02040594 0.01310396 -0.02474695 -0.02027797 0.01273596 -0.024836 -0.02012097 0.01247996 -0.02494496 -0.01983898 0.01220798 -0.025141 -0.01950597 0.01204299 -0.02537298 -0.01978099 0.01310396 -0.02398997 -0.01966995 0.01273596 -0.02409899 -0.01953297 0.01247996 -0.02423298 -0.01928699 0.01220798 -0.02447199 -0.018996 0.01204299 -0.02475595 -0.01786696 0.01310396 -0.022677 -0.01780599 0.01273596 -0.02281999 -0.01773095 0.01247996 -0.02299594 -0.01759499 0.01220798 -0.02331095 -0.01743495 0.01204299 -0.02368396 -0.01675599 0.01310396 -0.02232396 -0.01672399 0.01273596 -0.02247595 -0.01668399 0.01247996 -0.02266395 -0.01661294 0.01220798 -0.02299898 -0.01652896 0.01204299 -0.02339696 -0.01558899 0.01220798 -0.02288597 -0.01559299 0.01247996 -0.02254396 -0.01559495 0.01273596 -0.02235198 -0.006573975 0.01274996 -0.024535 -0.006715953 0.01220095 -0.02506595 -0.006909966 0.01199996 -0.02578997 0.006573975 0.01274996 -0.024535 0.006715953 0.01220095 -0.02506595 0.006909966 0.01199996 -0.02578997 0.002326965 0.01199996 -0.02659797 -0.002326965 0.01199996 -0.02659797 -0.002213954 0.01274996 -0.02530395 -0.002261996 0.01220095 -0.02585095 0.002213954 0.01274996 -0.02530395 0.002261996 0.01220095 -0.02585095 0.01402199 0.01274996 -0.02253997 0.01416397 0.01220095 -0.02306997 0.01435899 0.01199996 -0.02379494 0.02129197 0.01274996 -0.02873694 0.02074497 0.01220095 -0.02867996 0.01999896 0.01199996 -0.02860295 0.019979 0.01199996 -0.02751696 0.01969999 0.01199996 -0.02646696 0.01917695 0.01199996 -0.02551597 0.01844197 0.01199996 -0.02471697 0.01753699 0.01199996 -0.02411699 0.016514 0.01199996 -0.02375197 0.01543396 0.01199996 -0.02364295 0.02138096 0.01310396 -0.02712696 0.02030098 0.01204299 -0.02731394 0.01607698 0.01310396 -0.02222096 0.01606297 0.01273596 -0.022376 0.01604497 0.01247996 -0.02256697 0.01601296 0.01220798 -0.02290797 0.01597499 0.01204299 -0.02331197 0.01810199 0.01310396 -0.02278298 0.01803499 0.01273596 -0.02292299 0.01795095 0.01247996 -0.02309596 0.01780295 0.01220798 -0.023404 0.017627 0.01204299 -0.02377098 0.01894795 0.01310396 -0.02327996 0.01885795 0.01273596 -0.02340698 0.01874798 0.01247996 -0.02356296 0.01854997 0.01220798 -0.023844 0.01831698 0.01204299 -0.024176 0.02054798 0.01310396 -0.02496194 0.02041596 0.01273596 -0.02504497 0.02025395 0.01247996 -0.02514696 0.01996499 0.01220798 -0.02533096 0.01962095 0.01204299 -0.02554798 0.02107095 0.01310396 -0.026003 0.02092695 0.01273596 -0.02605897 0.02074795 0.01247996 -0.02612799 0.020428 0.01220798 -0.02625095 0.02004897 0.01204299 -0.02639698 0.02070099 0.01220798 -0.02724498 0.02103894 0.01247996 -0.02718698 0.02122795 0.01273596 -0.02715396 0.01966398 0.01274996 -0.05211198 0.01911497 0.01220095 -0.05208998 0.01836597 0.01199996 -0.05205994 0.01856398 0.01199996 -0.04765695 0.01880794 0.01199996 -0.04325598 0.01932698 0.01199996 -0.035923 0.01920396 0.01205396 -0.04328 0.01957195 0.01220995 -0.04330199 0.01982599 0.01240098 -0.04331797 0.02009797 0.01274496 -0.04333394 0.020262 0.013152 -0.04334396 0.01956599 0.01205396 -0.03795796 0.01993298 0.01220995 -0.03798598 0.02018696 0.01240098 -0.03800499 0.02045899 0.01274496 -0.03802496 0.02062296 0.013152 -0.03803795 0.01686698 0.01274996 -0.05479896 0.01686698 0.01220095 -0.05425 0.01686698 0.01199996 -0.05349999 0.01742798 0.01199996 -0.05339097 0.01790595 0.01199996 -0.05308097 0.018233 0.01199996 -0.05261397 0.018197 0.01310497 -0.05462795 0.01770299 0.01204299 -0.05365097 0.01965397 0.01310497 -0.05294495 0.01950699 0.01273697 -0.05289494 0.01932495 0.01247996 -0.05283397 0.01900094 0.01220798 -0.052724 0.01861798 0.01204299 -0.05259394 0.01927095 0.01310497 -0.05369597 0.01914399 0.01273697 -0.05360698 0.01898795 0.01247996 -0.053496 0.01870799 0.01220798 -0.05329895 0.018377 0.01204299 -0.05306595 0.01882898 0.01310497 -0.05419695 0.01872599 0.01273697 -0.05408096 0.01859796 0.01247996 -0.05393797 0.01836997 0.01220798 -0.05368298 0.01809996 0.01204299 -0.05337995 0.01747298 0.01310497 -0.05488198 0.01744097 0.01273697 -0.05473095 0.01740097 0.01247996 -0.05454295 0.017331 0.01220798 -0.05420798 0.01724797 0.01204299 -0.05381095 0.01788598 0.01220798 -0.05401295 0.01804 0.01247996 -0.05431896 0.01812696 0.01273697 -0.05448997 0.01511496 0.01274996 -0.05479896 0.01511496 0.01220095 -0.05425 0.01511496 0.01199996 -0.05349999 0.01511496 0.01274996 -0.06520098 0.01511496 0.01220095 -0.06575 0.01511496 0.01199996 -0.0665 0.01289194 0.01199996 -0.06610798 0.01093697 0.01199996 -0.06497895 0.00948596 0.01199996 -0.06325 0.008712947 0.01199996 -0.06112897 0.008712947 0.01199996 -0.05887097 0.00948596 0.01199996 -0.05674999 0.01093697 0.01199996 -0.05502098 0.01289194 0.01199996 -0.05389195 0.013336 0.01274996 -0.05511295 0.01314795 0.01220095 -0.05459696 0.01177197 0.01274996 -0.05601596 0.01141899 0.01220095 -0.05559498 0.01061099 0.01274996 -0.05739998 0.01013499 0.01220095 -0.05712497 0.009992957 0.01274996 -0.05909699 0.009451985 0.01220095 -0.05900198 0.009992957 0.01274996 -0.06090295 0.009451985 0.01220095 -0.06099796 0.01061099 0.01274996 -0.06259995 0.01013499 0.01220095 -0.06287497 0.01177197 0.01274996 -0.06398397 0.01141899 0.01220095 -0.06440496 0.013336 0.01274996 -0.06488698 0.01314795 0.01220095 -0.06540298 0.01649099 0.01274996 -0.06520098 0.01649099 0.01220095 -0.06575 0.01649099 0.01199996 -0.0665 0.01928997 0.01274996 -0.06802195 0.01874095 0.01220095 -0.06801795 0.017991 0.01199996 -0.06801199 0.01787799 0.01199996 -0.06743496 0.01755499 0.01199996 -0.066944 0.01706796 0.01199996 -0.06661599 0.01850295 0.01310497 -0.06584799 0.01743996 0.01204299 -0.06641095 0.01727396 0.01310497 -0.06516098 0.01723295 0.01273697 -0.06531 0.01718199 0.01247996 -0.06549495 0.01709097 0.01220798 -0.06582498 0.01698297 0.01204299 -0.06621599 0.01800197 0.01310497 -0.06547099 0.01792198 0.01273697 -0.06560295 0.01782399 0.01247996 -0.06576895 0.01764798 0.01220798 -0.06606298 0.01839697 0.01273697 -0.065961 0.01826596 0.01247996 -0.06610196 0.01803195 0.01220798 -0.066352 0.01775497 0.01204299 -0.066648 0.01935797 0.01310497 -0.06733697 0.01920795 0.01273697 -0.06737196 0.01902097 0.01247996 -0.06741499 0.01868695 0.01220798 -0.067492 0.01829296 0.01204299 -0.06758296 0.01809096 0.01204299 -0.06707596 0.01844197 0.01220798 -0.06687396 0.01873797 0.01247996 -0.06670296 0.01890397 0.01273697 -0.06660699 0.01903796 0.01310497 -0.06652998 0.02336698 0.01274996 -0.141672 0.02282196 0.01220095 -0.141736 0.02207696 0.01199996 -0.141824 0.01998096 0.01199996 -0.120789 0.01889395 0.01199996 -0.104833 0.01826 0.01199996 -0.09019595 0.01798397 0.01199996 -0.07555198 0.019584 0.013152 -0.08528095 0.02132898 0.01205396 -0.131279 0.02169597 0.01220995 -0.131242 0.02194899 0.01240098 -0.131217 0.02222096 0.01274496 -0.13119 0.022385 0.013152 -0.131174 0.01978099 0.01205396 -0.112788 0.02014899 0.01220995 -0.112763 0.02040296 0.01240098 -0.112746 0.020675 0.01274496 -0.112727 0.02083897 0.013152 -0.112716 0.02143394 0.013152 -0.12067 0.02126896 0.01274496 -0.120684 0.020998 0.01240098 -0.120706 0.02074396 0.01220995 -0.120726 0.02037596 0.01205396 -0.120756 0.01882898 0.01205396 -0.095061 0.019198 0.01220995 -0.09504598 0.01945197 0.01240098 -0.09503597 0.01972496 0.01274496 -0.09502595 0.01988899 0.013152 -0.09501898 0.02034997 0.013152 -0.104753 0.02018499 0.01274496 -0.104762 0.01991295 0.01240098 -0.104777 0.01965898 0.01220995 -0.104791 0.01929098 0.01205396 -0.104811 0.01852399 0.01205396 -0.08530598 0.01889199 0.01220995 -0.08529698 0.01914697 0.01240098 -0.08529096 0.01941996 0.01274496 -0.085285 0.01837396 0.01205396 -0.070526 0.01874297 0.01220995 -0.07052695 0.01899695 0.01240098 -0.07052797 0.01927 0.01274496 -0.07052898 0.01943498 0.013152 -0.07052999 0.01944196 0.013152 -0.07554399 0.01927697 0.01274496 -0.07554399 0.01900398 0.01240098 -0.07554596 0.01874995 0.01220995 -0.07554799 0.01838099 0.01205396 -0.07554996 0.02058696 0.01274996 -0.1447989 0.02058696 0.01220095 -0.14425 0.02058696 0.01199996 -0.1435 0.0212 0.01199996 -0.143365 0.02170795 0.01199996 -0.142996 0.022017 0.01199996 -0.142451 0.02322596 0.01310497 -0.14331 0.022246 0.01204395 -0.142823 0.02348899 0.01310497 -0.142503 0.02333694 0.01273798 -0.142477 0.02314698 0.01247996 -0.142444 0.02280998 0.01220798 -0.142386 0.02241098 0.01204395 -0.142316 0.02308797 0.01273798 -0.143241 0.022915 0.01247996 -0.143156 0.02260899 0.01220798 -0.143004 0.02216595 0.01310497 -0.144479 0.02208298 0.01273798 -0.144349 0.02197998 0.01247996 -0.144187 0.021797 0.01220798 -0.143899 0.02157998 0.01204395 -0.143558 0.02201896 0.01204395 -0.143173 0.02233296 0.01220798 -0.1434299 0.02259695 0.01247996 -0.143647 0.02274596 0.01273798 -0.143769 0.02286499 0.01310497 -0.143867 0.02131199 0.01310497 -0.144851 0.02127397 0.01273798 -0.144702 0.021227 0.01247996 -0.144515 0.02114295 0.01220798 -0.1441839 0.021043 0.01204395 -0.143792 0.02007198 0.01274996 -0.1447989 0.02007198 0.01220095 -0.14425 0.02007198 0.01199996 -0.1435 0.02007198 0.01274996 -0.155201 0.02007198 0.01220095 -0.15575 0.02007198 0.01199996 -0.1565 0.01784896 0.01199996 -0.156108 0.01589399 0.01199996 -0.154979 0.01444298 0.01199996 -0.15325 0.01367098 0.01199996 -0.151129 0.01367098 0.01199996 -0.148871 0.01444298 0.01199996 -0.14675 0.01589399 0.01199996 -0.145021 0.01784896 0.01199996 -0.143892 0.01829296 0.01274996 -0.145113 0.01810497 0.01220095 -0.1445969 0.01672899 0.01274996 -0.146016 0.01637595 0.01220095 -0.145595 0.01556795 0.01274996 -0.1474 0.01509195 0.01220095 -0.147125 0.01494997 0.01274996 -0.149097 0.01440894 0.01220095 -0.149002 0.01494997 0.01274996 -0.150903 0.01440894 0.01220095 -0.1509979 0.01556795 0.01274996 -0.1526 0.01509195 0.01220095 -0.152875 0.01672899 0.01274996 -0.153984 0.01637595 0.01220095 -0.1544049 0.01829296 0.01274996 -0.154887 0.01810497 0.01220095 -0.155403 0.02270895 0.01274996 -0.155201 0.02270895 0.01220095 -0.15575 0.02270895 0.01199996 -0.1565 0.025478 0.01274996 -0.157591 0.02493494 0.01220095 -0.157671 0.02419298 0.01199996 -0.157781 0.02402299 0.01199996 -0.157277 0.02368795 0.01199996 -0.156865 0.02323096 0.01199996 -0.156596 0.02348297 0.01310497 -0.15516 0.02344197 0.01273697 -0.15531 0.02339196 0.01247996 -0.155495 0.02330195 0.01220798 -0.155825 0.02319496 0.01204299 -0.156216 0.02420395 0.01310497 -0.155465 0.02412497 0.01273697 -0.155598 0.024028 0.01247996 -0.155764 0.02385395 0.01220798 -0.156058 0.02364796 0.01204299 -0.156408 0.02470797 0.01310497 -0.155836 0.02460294 0.01273697 -0.15595 0.02447199 0.01247996 -0.156091 0.02423995 0.01220798 -0.156343 0.02396398 0.01204299 -0.156641 0.02548497 0.01310497 -0.157015 0.02533894 0.01273697 -0.157067 0.02515798 0.01247996 -0.157131 0.02483499 0.01220798 -0.1572459 0.02445298 0.01204299 -0.1573809 0.02907896 0.01274996 -0.178712 0.02853995 0.01220095 -0.178817 0.027803 0.01199996 -0.178959 0.02636998 0.01199996 -0.17121 0.02506297 0.01199996 -0.163439 0.02461898 0.01199996 -0.160611 0.02618998 0.01205396 -0.167845 0.02655398 0.01220995 -0.167783 0.02680498 0.01240098 -0.167741 0.02707397 0.01274496 -0.167695 0.02723598 0.013152 -0.167668 0.02650195 0.013152 -0.163209 0.02633899 0.01274496 -0.163235 0.02606999 0.01240098 -0.163278 0.02581799 0.01220995 -0.163318 0.02545398 0.01205396 -0.163376 0.02188396 0.01274996 -0.185414 0.022026 0.01220095 -0.184884 0.02221995 0.01199996 -0.184159 0.02334499 0.01199996 -0.184311 0.02447199 0.01199996 -0.1841779 0.02552998 0.01199996 -0.183768 0.02645099 0.01199996 -0.183104 0.02717697 0.01199996 -0.182232 0.02766299 0.01199996 -0.181207 0.027875 0.01199996 -0.180092 0.02932798 0.01310396 -0.1799629 0.02917295 0.01273697 -0.1799589 0.02898097 0.01247996 -0.179954 0.028638 0.01220798 -0.179946 0.02823197 0.01204299 -0.179935 0.02915799 0.01310396 -0.181235 0.02900695 0.01273697 -0.181198 0.02882099 0.01247996 -0.181152 0.02848798 0.01220798 -0.18107 0.02809399 0.01204299 -0.1809729 0.02889096 0.01310396 -0.182059 0.02874696 0.01273697 -0.182 0.02856898 0.01247996 -0.181928 0.028252 0.01220798 -0.181798 0.02787595 0.01204299 -0.181645 0.02809 0.01310396 -0.183444 0.02796697 0.01273697 -0.18335 0.02781599 0.01247996 -0.183232 0.02754396 0.01220798 -0.183023 0.02722299 0.01204299 -0.182775 0.02695095 0.01310396 -0.18457 0.02685797 0.01273697 -0.184446 0.02674299 0.01247996 -0.184292 0.02653795 0.01220798 -0.184018 0.02629399 0.01204299 -0.183693 0.02555197 0.01310396 -0.185349 0.025496 0.01273697 -0.185205 0.02542597 0.01247996 -0.185026 0.02530097 0.01220798 -0.184707 0.02515298 0.01204299 -0.184329 0.02399599 0.01310396 -0.185725 0.02397996 0.01273697 -0.18557 0.02395999 0.01247996 -0.18538 0.023925 0.01220798 -0.185039 0.02388298 0.01204299 -0.184635 0.01130998 0.01349997 -0.182789 0.01136195 0.01274996 -0.182595 0.01150494 0.01220095 -0.182065 0.01169896 0.01199996 -0.18134 -0.01130998 0.03399997 -0.182789 -0.01130998 0.01349997 -0.182789 -0.005999982 0.023 -0.1817139 0.005999982 0.023 -0.1817139 0.002005994 0.023 -0.1813459 -0.002005994 0.023 -0.1813459 0.01130998 0.03399997 -0.182789 -0.005703985 0.03399997 -0.181674 0 0.03399997 -0.1813 0.005703985 0.03399997 -0.181674 -0.01169896 0.01199996 -0.18134 -0.01150494 0.01220095 -0.182065 -0.01136195 0.01274996 -0.182595 -0.01351195 0.01799994 -0.1870999 -0.01261198 0.01799994 -0.186859 -0.01195299 0.01799994 -0.1862 -0.01171195 0.01799994 -0.1852999 -0.01195299 0.01799994 -0.1844 -0.01261198 0.01799994 -0.183741 -0.01351195 0.01799994 -0.1835 -0.01441198 0.01799994 -0.183741 -0.01506996 0.01799994 -0.1844 -0.01531195 0.01799994 -0.1852999 -0.01506996 0.01799994 -0.1862 -0.01441198 0.01799994 -0.186859 0.01351195 0.01799994 -0.1870999 0.01441198 0.01799994 -0.186859 0.01506996 0.01799994 -0.1862 0.01531195 0.01799994 -0.1852999 0.01506996 0.01799994 -0.1844 0.01441198 0.01799994 -0.183741 0.01351195 0.01799994 -0.1835 0.01261198 0.01799994 -0.183741 0.01195299 0.01799994 -0.1844 0.01171195 0.01799994 -0.1852999 0.01195299 0.01799994 -0.1862 0.01261198 0.01799994 -0.186859 -0.009922981 0.01199996 -0.180903 -0.010517 0.01199996 -0.18104 -0.01110899 0.01199996 -0.181186 0.01110899 0.01199996 -0.181186 0.010517 0.01199996 -0.18104 0.009922981 0.01199996 -0.180903 0.009326994 0.01199996 -0.179274 0.008210957 0.01199996 -0.177946 0.006707966 0.01199996 -0.17708 0.004999995 0.01199996 -0.176779 -0.004999995 0.01199996 -0.176779 -0.006707966 0.01199996 -0.17708 -0.008210957 0.01199996 -0.177946 -0.009326994 0.01199996 -0.179274 0.00999999 0.01349997 -0.18246 0.00999999 0.01279497 -0.182278 0.00999999 0.01225495 -0.181779 0.009981989 0.01206398 -0.1813589 0.01087498 0.01349997 -0.182675 0.01043796 0.01349997 -0.182565 0.00999999 0.01899999 -0.18246 0.009691953 0.02053999 -0.182388 0.00882095 0.02183496 -0.1822 0.00752598 0.02269697 -0.181953 -0.00752598 0.02269697 -0.181953 -0.00882095 0.02183496 -0.1822 -0.009691953 0.02053999 -0.182388 -0.00999999 0.01899999 -0.18246 -0.01087498 0.01349997 -0.182675 -0.01043796 0.01349997 -0.182565 -0.00999999 0.01349997 -0.18246 -0.009981989 0.01206296 -0.181358 -0.00999999 0.01225495 -0.181779 -0.00999999 0.01279497 -0.182278 0.001649975 0.002999961 -0.259 0.001428961 0.002999961 -0.258175 8.25e-4 0.002999961 -0.257571 0 0.002999961 -0.25735 -8.25e-4 0.002999961 -0.257571 -0.001428961 0.002999961 -0.258175 -0.001649975 0.002999961 -0.259 -0.001428961 0.002999961 -0.259825 -8.25e-4 0.002999961 -0.260429 0 0.002999961 -0.26065 8.25e-4 0.002999961 -0.260429 0.001428961 0.002999961 -0.259825 -0.02779495 0.002999961 -0.242 -0.02801597 0.002999961 -0.2411749 -0.02862 0.002999961 -0.240571 -0.02944499 0.002999961 -0.24035 -0.03026998 0.002999961 -0.240571 -0.03087395 0.002999961 -0.2411749 -0.03109496 0.002999961 -0.242 -0.03087395 0.002999961 -0.242825 -0.03026998 0.002999961 -0.243429 -0.02944499 0.002999961 -0.24365 -0.02862 0.002999961 -0.243429 -0.02801597 0.002999961 -0.242825 -0.02779495 0.002999961 -0.208 -0.02801597 0.002999961 -0.207175 -0.02862 0.002999961 -0.206571 -0.02944499 0.002999961 -0.20635 -0.03026998 0.002999961 -0.206571 -0.03087395 0.002999961 -0.207175 -0.03109496 0.002999961 -0.208 -0.03087395 0.002999961 -0.208825 -0.03026998 0.002999961 -0.209429 -0.02944499 0.002999961 -0.20965 -0.02862 0.002999961 -0.209429 -0.02801597 0.002999961 -0.208825 -0.01351195 0.007999956 -0.1870999 -0.01261198 0.007999956 -0.186859 -0.01195299 0.007999956 -0.1862 -0.01171195 0.007999956 -0.1852999 -0.01195299 0.007999956 -0.1844 -0.01261198 0.007999956 -0.183741 -0.01351195 0.007999956 -0.1835 -0.01441198 0.007999956 -0.183741 -0.01506996 0.007999956 -0.1844 -0.01531195 0.007999956 -0.1852999 -0.01506996 0.007999956 -0.1862 -0.01441198 0.007999956 -0.186859 0.01351195 0.007999956 -0.1870999 0.01441198 0.007999956 -0.186859 0.01506996 0.007999956 -0.1862 0.01531195 0.007999956 -0.1852999 0.01506996 0.007999956 -0.1844 0.01441198 0.007999956 -0.183741 0.01351195 0.007999956 -0.1835 0.01261198 0.007999956 -0.183741 0.01195299 0.007999956 -0.1844 0.01171195 0.007999956 -0.1852999 0.01195299 0.007999956 -0.1862 0.01261198 0.007999956 -0.186859 -0.004999995 0.007999956 -0.176779 -0.006912946 0.007999956 -0.177159 -0.008535981 0.007999956 -0.178243 -0.009618997 0.007999956 -0.179865 -0.00999999 0.007999956 -0.181779 0.004999995 0.007999956 -0.176779 0.00999999 0.007999956 -0.181779 0.009618997 0.007999956 -0.179865 0.008535981 0.007999956 -0.178243 0.006912946 0.007999956 -0.177159 0.03109496 0.002999961 -0.208 0.03087395 0.002999961 -0.207175 0.03026998 0.002999961 -0.206571 0.02944499 0.002999961 -0.20635 0.02862 0.002999961 -0.206571 0.02801597 0.002999961 -0.207175 0.02779495 0.002999961 -0.208 0.02801597 0.002999961 -0.208825 0.02862 0.002999961 -0.209429 0.02944499 0.002999961 -0.20965 0.03026998 0.002999961 -0.209429 0.03087395 0.002999961 -0.208825 0.00999999 0.007999956 -0.1977789 -0.00999999 0.007999956 -0.1977789 0.03109496 0.002999961 -0.242 0.03087395 0.002999961 -0.2411749 0.03026998 0.002999961 -0.240571 0.02944499 0.002999961 -0.24035 0.02862 0.002999961 -0.240571 0.02801597 0.002999961 -0.2411749 0.02779495 0.002999961 -0.242 0.02801597 0.002999961 -0.242825 0.02862 0.002999961 -0.243429 0.02944499 0.002999961 -0.24365 0.03026998 0.002999961 -0.243429 0.03087395 0.002999961 -0.242825 0.002999961 0.002999961 -0.259 0.002597987 0.002999961 -0.2575 0.00149995 0.002999961 -0.256402 0 0.002999961 -0.256 -0.00149995 0.002999961 -0.256402 -0.002597987 0.002999961 -0.2575 -0.002999961 0.002999961 -0.259 -0.002597987 0.002999961 -0.2605 -0.00149995 0.002999961 -0.261598 0 0.002999961 -0.262 0.00149995 0.002999961 -0.261598 0.002597987 0.002999961 -0.2605 -0.02644497 0.002999961 -0.242 -0.026847 0.002999961 -0.2405 -0.02794498 0.002999961 -0.2394019 -0.02944499 0.002999961 -0.239 -0.030945 0.002999961 -0.2394019 -0.03204298 0.002999961 -0.2405 -0.03244495 0.002999961 -0.242 -0.03204298 0.002999961 -0.2434999 -0.030945 0.002999961 -0.244598 -0.02944499 0.002999961 -0.245 -0.02794498 0.002999961 -0.244598 -0.026847 0.002999961 -0.2434999 -0.02644497 0.002999961 -0.208 -0.026847 0.002999961 -0.2064999 -0.02794498 0.002999961 -0.205402 -0.02944499 0.002999961 -0.205 -0.030945 0.002999961 -0.205402 -0.03204298 0.002999961 -0.2064999 -0.03244495 0.002999961 -0.208 -0.03204298 0.002999961 -0.2095 -0.030945 0.002999961 -0.210598 -0.02944499 0.002999961 -0.211 -0.02794498 0.002999961 -0.210598 -0.026847 0.002999961 -0.2095 0.01417297 0.007999956 -0.199699 0.017991 0.007999956 -0.202255 0.02135699 0.007999956 -0.205382 0.01716595 0.007999956 -0.181611 0.016478 0.007999956 -0.179493 0.01523196 0.007999956 -0.1776469 0.01352697 0.007999956 -0.176216 0.01149195 0.007999956 -0.17531 0.009286999 0.007999956 -0.175 -0.009286999 0.007999956 -0.175 -0.01149195 0.007999956 -0.17531 -0.01352697 0.007999956 -0.176216 -0.01523196 0.007999956 -0.1776469 -0.016478 0.007999956 -0.179493 -0.01716595 0.007999956 -0.181611 -0.02135699 0.007999956 -0.205382 -0.017991 0.007999956 -0.202255 -0.01417297 0.007999956 -0.199699 0.03244495 0.002999961 -0.208 0.03204298 0.002999961 -0.2064999 0.030945 0.002999961 -0.205402 0.02944499 0.002999961 -0.205 0.02794498 0.002999961 -0.205402 0.026847 0.002999961 -0.2064999 0.02644497 0.002999961 -0.208 0.026847 0.002999961 -0.2095 0.02794498 0.002999961 -0.210598 0.02944499 0.002999961 -0.211 0.030945 0.002999961 -0.210598 0.03204298 0.002999961 -0.2095 -0.02135699 0.002499997 -0.205382 -0.02449297 0.002499997 -0.209473 -0.02685499 0.002499997 -0.214055 -0.02836894 0.002499997 -0.218982 -0.02898597 0.002499997 -0.2240999 -0.02868795 0.002499997 -0.229246 -0.02748298 0.002499997 -0.2342579 -0.02540999 0.002499997 -0.238977 -0.02253395 0.002499997 -0.243255 -0.01894599 0.002499997 -0.246956 -0.014759 0.002499997 -0.249963 -0.01010596 0.002499997 -0.252182 -0.005133986 0.002499997 -0.253542 0 0.002499997 -0.254 0.005133986 0.002499997 -0.253542 0.01010596 0.002499997 -0.252182 0.014759 0.002499997 -0.249963 0.01894599 0.002499997 -0.246956 0.02253395 0.002499997 -0.243255 0.02540999 0.002499997 -0.238977 0.02748298 0.002499997 -0.2342579 0.02868795 0.002499997 -0.229246 0.02898597 0.002499997 -0.2240999 0.02836894 0.002499997 -0.218982 0.02685499 0.002499997 -0.214055 0.02449297 0.002499997 -0.209473 0.02135699 0.002499997 -0.205382 0.03244495 0.002999961 -0.242 0.03204298 0.002999961 -0.2405 0.030945 0.002999961 -0.2394019 0.02944499 0.002999961 -0.239 0.02794498 0.002999961 -0.2394019 0.026847 0.002999961 -0.2405 0.02644497 0.002999961 -0.242 0.026847 0.002999961 -0.2434999 0.02794498 0.002999961 -0.244598 0.02944499 0.002999961 -0.245 0.030945 0.002999961 -0.244598 0.03204298 0.002999961 -0.2434999 -0.001595973 0 -0.25646 -0.002641975 0 -0.257578 -0.002998948 0 -0.259067 -0.00257498 0 -0.260539 -0.001480996 0 -0.261609 0 0 -0.262 0.001480996 0 -0.261609 0.00257498 0 -0.260539 0.002998948 0 -0.259067 0.002641975 0 -0.257578 0.001595973 0 -0.25646 8.5e-4 3.65e-4 -0.256123 0 5e-4 -0.256 -8.5e-4 3.65e-4 -0.256123 -0.02644699 0 -0.242112 -0.026528 3.65e-4 -0.241298 -0.026847 5e-4 -0.2405 -0.02737897 3.65e-4 -0.239825 -0.02804297 0 -0.2393479 -0.02953398 0 -0.239001 -0.03100299 0 -0.239436 -0.03206497 0 -0.240539 -0.03244495 0 -0.242022 -0.03204298 0 -0.2434999 -0.03096395 0 -0.244587 -0.02948999 0 -0.245 -0.02800297 0 -0.244631 -0.02689296 0 -0.243577 -0.02804297 0 -0.2106519 -0.02737897 3.65e-4 -0.210175 -0.026847 5e-4 -0.2095 -0.026528 3.65e-4 -0.208702 -0.02644699 0 -0.207888 -0.02689296 0 -0.206423 -0.02800297 0 -0.2053689 -0.02948999 0 -0.205 -0.03096395 0 -0.205413 -0.03204298 0 -0.2064999 -0.03244495 0 -0.207978 -0.03206497 0 -0.209461 -0.03100299 0 -0.210564 -0.02953398 0 -0.210999 -0.02061694 0 -0.201184 -0.01716595 0 -0.181611 -0.009286999 0 -0.175 -0.01149195 0 -0.17531 -0.01352697 0 -0.176216 -0.01523196 0 -0.1776469 -0.016478 0 -0.179493 0.009286999 0 -0.175 0.01716595 0 -0.181611 0.016478 0 -0.179493 0.01523196 0 -0.1776469 0.01352697 0 -0.176216 0.01149195 0 -0.17531 0.02061694 0 -0.201184 0.02804297 0 -0.2106519 0.02953398 0 -0.210999 0.03100299 0 -0.210564 0.03206497 0 -0.209461 0.03244495 0 -0.207978 0.03204298 0 -0.2064999 0.03096395 0 -0.205413 0.02948999 0 -0.205 0.02800297 0 -0.2053689 0.02689296 0 -0.206423 0.02644699 0 -0.207888 0.026528 3.65e-4 -0.208702 0.026847 5e-4 -0.2095 0.02737897 3.65e-4 -0.210175 0.02644699 0 -0.242112 0.026528 3.65e-4 -0.241298 0.026847 5e-4 -0.2405 0.02737897 3.65e-4 -0.239825 0.02804297 0 -0.2393479 0.02994698 0 -0.234768 0.03110897 0 -0.229945 0.03149998 0 -0.225 0.03110897 0 -0.220055 0.02994698 0 -0.215232 0.02471798 0 -0.205473 0.02276897 0 -0.203232 -0.02276897 0 -0.203232 -0.02471798 0 -0.205473 -0.02994698 0 -0.215232 -0.03110897 0 -0.220055 -0.03149998 0 -0.225 -0.03110897 0 -0.229945 -0.02994698 0 -0.234768 -0.02343297 0 -0.246051 -0.01983696 0 -0.249469 -0.01574999 0 -0.25228 -0.01127195 0 -0.254414 -0.006514966 0 -0.255819 0.006514966 0 -0.255819 0.01127195 0 -0.254414 0.01574999 0 -0.25228 0.01983696 0 -0.249469 0.02343297 0 -0.246051 0.02689296 0 -0.243577 0.02800297 0 -0.244631 0.02948999 0 -0.245 0.03096395 0 -0.244587 0.03204298 0 -0.2434999 0.03244495 0 -0.242022 0.03206497 0 -0.240539 0.03100299 0 -0.239436 0.02953398 0 -0.239001 0.04049998 0 -0.225 0.040093 0 -0.218904 0.03902697 0 -0.212529 0.03750497 0 -0.205548 0.035694 0 -0.197727 0.03406995 0 -0.190527 0.032745 0 -0.184299 0.03141897 0 -0.177637 0.03011494 0 -0.170565 0.02885699 0 -0.163101 0.02881497 0 -0.1628389 0.02732497 0 -0.152855 0.02597296 0 -0.142404 0.024782 0 -0.1315979 0.02377396 0 -0.120553 0.02376794 0 -0.12048 0.02268898 0 -0.104624 0.02206295 0 -0.09017896 0.02178394 0 -0.07552897 0.02178394 0 -0.07539999 0.02193999 0 -0.05905097 0.02220898 0 -0.05110394 0.02259999 0 -0.04348695 0.02261698 0 -0.04322296 0.02302199 0 -0.03739398 0.02348899 0 -0.03194099 0.02400195 0 -0.02690696 0.024544 0 -0.02232795 0.02489799 0 -0.01964998 0.02537995 0 -0.01629197 0.025846 0 -0.01327496 0.02628195 0 -0.01056897 0.02667498 0 -0.008132994 0.027269 0 -0.003867983 0.02749997 0 0 0.02703195 0 0.005052983 0.02564299 0 0.009933948 0.02338099 0 0.01447695 0.02032297 0 0.01852697 0.01657199 0 0.02194499 0.01225799 0 0.02461695 0.00752598 0 0.02644997 0.002536952 0 0.02738296 -0.002536952 0 0.02738296 -0.00752598 0 0.02644997 -0.01225799 0 0.02461695 -0.01657199 0 0.02194499 -0.02032297 0 0.01852697 -0.02338099 0 0.01447695 -0.02564299 0 0.009933948 -0.02703195 0 0.005052983 -0.02749997 0 0 -0.027269 0 -0.003867983 -0.02667498 0 -0.008132994 -0.02628195 0 -0.01056897 -0.025846 0 -0.01327496 -0.02537995 0 -0.01629197 -0.02489799 0 -0.01964998 -0.024544 0 -0.02232795 -0.02400195 0 -0.02690696 -0.02348899 0 -0.03194099 -0.02302199 0 -0.03739398 -0.02261698 0 -0.04322296 -0.02259999 0 -0.04348695 -0.02220797 0 -0.05110394 -0.02193999 0 -0.05905097 -0.02178394 0 -0.07539999 -0.02178394 0 -0.07552897 -0.02206295 0 -0.09017896 -0.02268898 0 -0.104624 -0.02376794 0 -0.12048 -0.02377396 0 -0.120553 -0.024782 0 -0.1315979 -0.02597296 0 -0.142404 -0.02732497 0 -0.152855 -0.02881497 0 -0.1628389 -0.02885699 0 -0.163101 -0.03011494 0 -0.170565 -0.03141897 0 -0.177637 -0.032745 0 -0.184299 -0.03406995 0 -0.190527 -0.035694 0 -0.197727 -0.03750497 0 -0.205547 -0.03902697 0 -0.212527 -0.040093 0 -0.218899 -0.04049998 0 -0.225 -0.040048 0 -0.231036 -0.03870099 0 -0.2369379 -0.03648895 0 -0.242572 -0.033463 0 -0.2478139 -0.02968895 0 -0.252547 -0.02525097 0 -0.256664 -0.02024996 0 -0.260074 -0.01479595 0 -0.2627 -0.009011983 0 -0.264485 -0.003026962 0 -0.265387 0.003026962 0 -0.265387 0.009011983 0 -0.264485 0.01479595 0 -0.2627 0.02024996 0 -0.260074 0.02525097 0 -0.256664 0.02968895 0 -0.252547 0.033463 0 -0.2478139 0.03648895 0 -0.242572 0.03870099 0 -0.2369379 0.040048 0 -0.231036 -0.04395997 0.006333947 -0.225 -0.03133195 0.00623697 0 -0.03109198 0.006244957 -0.004209995 -0.03052496 0.006234943 -0.00862497 -0.029796 0.006198942 -0.01369297 -0.02940195 0.006176948 -0.01661795 -0.02899795 0.006154954 -0.01986199 -0.02866095 0.006133973 -0.02284997 -0.02812397 0.006097972 -0.02833098 -0.02763396 0.006057977 -0.03445297 -0.02709394 0.006005942 -0.04349899 -0.02683496 0.005973994 -0.04975897 -0.02654796 0.005920946 -0.062379 -0.02654194 0.005885958 -0.07550096 -0.02707499 0.005870997 -0.09618598 -0.02801299 0.005879998 -0.113356 -0.02926695 0.005901992 -0.128949 -0.03106498 0.005953967 -0.146051 -0.03208899 0.005990982 -0.1542519 -0.03321599 0.00603497 -0.162402 -0.03411698 0.006070971 -0.168364 -0.03504496 0.006107985 -0.174084 -0.03598999 0.006143987 -0.179553 -0.03795999 0.006213963 -0.190024 -0.03943198 0.006257951 -0.197218 -0.04107397 0.006299972 -0.204962 -0.04249697 0.006330966 -0.211976 -0.04354298 0.006339967 -0.21855 -0.02910596 0.003122985 -0.004698991 -0.02692794 0.003075957 -0.01992899 -0.02504098 0.003011941 -0.04022598 -0.02507597 0.002937972 -0.104493 -0.02613896 0.002943992 -0.120287 -0.03430497 0.003077983 -0.181721 -0.03654998 0.003114998 -0.1928 -0.04219299 0.003167986 -0.223178 -0.04162895 0.003170967 -0.217311 -0.04055595 0.003163993 -0.211206 -0.03914797 0.003147959 -0.204605 -0.03752797 0.003127992 -0.197304 -0.03598195 0.003105998 -0.190108 -0.03296899 0.003053963 -0.17447 -0.03166699 0.003029942 -0.166766 -0.03099697 0.003016948 -0.16249 -0.03103697 0.003017961 -0.162751 -0.02985095 0.002995967 -0.154573 -0.02878099 0.002976953 -0.146342 -0.02779895 0.002961993 -0.137857 -0.02638798 0.002945959 -0.12331 -0.02524697 0.002937972 -0.1075 -0.02468299 0.002935945 -0.09628498 -0.024212 0.002939999 -0.07970196 -0.02416199 0.002942979 -0.07538598 -0.02420794 0.002960979 -0.06233495 -0.024441 0.002979993 -0.05276095 -0.02484095 0.003001987 -0.04362398 -0.02485597 0.003002941 -0.04336094 -0.025581 0.003033995 -0.03284198 -0.02620398 0.003054976 -0.02619194 -0.02660298 0.003066956 -0.02258896 -0.02664297 0.003068983 -0.02224898 -0.02725195 0.003084957 -0.01747494 -0.02783799 0.003099977 -0.01337796 -0.02824097 0.003109991 -0.01072895 -0.02860897 0.003117978 -0.008320987 -0.02933198 0.003120958 -0.002332985 -0.03605198 0.003106951 -0.190443 0.03133195 0.00623697 0 0.03085595 0.00623697 0.00544095 0.02944195 0.00623697 0.01071596 0.027134 0.00623697 0.01566594 0.024001 0.00623697 0.02013999 0.02013999 0.00623697 0.024001 0.01566594 0.00623697 0.027134 0.01071596 0.00623697 0.02944195 0.00544095 0.00623697 0.03085595 0 0.00623697 0.03133195 -0.00544095 0.00623697 0.03085595 -0.01071596 0.00623697 0.02944195 -0.01566594 0.00623697 0.027134 -0.02013999 0.00623697 0.024001 -0.024001 0.00623697 0.02013999 -0.027134 0.00623697 0.01566594 -0.02944195 0.00623697 0.01071596 -0.03085595 0.00623697 0.00544095 0.04395997 0.006333947 -0.225 0.04354196 0.006339967 -0.218547 0.04326599 0.006339967 -0.216502 0.04249697 0.006330966 -0.211975 0.04107397 0.006299972 -0.204961 0.03943198 0.006257951 -0.197218 0.03795999 0.006213963 -0.190024 0.03598999 0.006143987 -0.179553 0.03504496 0.006107985 -0.174084 0.03411698 0.006070971 -0.168364 0.03321599 0.00603497 -0.162402 0.03208899 0.005990982 -0.1542519 0.03106498 0.005953967 -0.146051 0.02926695 0.005901992 -0.128949 0.02801299 0.005879998 -0.113356 0.02707499 0.005870997 -0.09618598 0.02654194 0.005885958 -0.07550096 0.02665698 0.00594598 -0.05598998 0.02709394 0.006005942 -0.04349899 0.02763396 0.006057977 -0.03445297 0.02812397 0.006097972 -0.02833098 0.02866095 0.006133973 -0.02284997 0.02899795 0.006154954 -0.01986199 0.02940195 0.006176948 -0.01661795 0.029796 0.006198942 -0.01369297 0.03052496 0.006234943 -0.008623957 0.03109198 0.006244957 -0.004209995 0.02910697 0.003122985 -0.004698991 0.02824097 0.003109991 -0.01072895 0.02664297 0.003068983 -0.02224898 0.024643 0.002991974 -0.04761397 0.02417999 0.002956986 -0.06449699 0.02507597 0.002937972 -0.104493 0.02613896 0.002943992 -0.120287 0.03099697 0.003016948 -0.16249 0.03430497 0.003077983 -0.181721 0.03654998 0.003114998 -0.1928 0.041821 0.003170967 -0.218758 0.04107099 0.003167986 -0.213899 0.04005599 0.003158986 -0.208784 0.03885495 0.003144979 -0.203285 0.03752797 0.003127992 -0.197304 0.03605198 0.003106951 -0.190443 0.03598195 0.003105998 -0.190108 0.03296995 0.003053963 -0.17447 0.03166699 0.003029942 -0.166766 0.03103697 0.003017961 -0.162751 0.02985095 0.002995967 -0.154573 0.02878099 0.002976953 -0.146342 0.02779895 0.002961993 -0.137857 0.02638798 0.002945959 -0.12331 0.02524697 0.002938985 -0.1075 0.02468299 0.002935945 -0.09628498 0.024212 0.002939999 -0.07970196 0.02416199 0.002943992 -0.07538598 0.02434498 0.00297296 -0.05591595 0.02485597 0.003002941 -0.04336094 0.02504098 0.003011941 -0.04022598 0.025581 0.003033995 -0.03284198 0.02620398 0.003055989 -0.02619194 0.02660298 0.00306797 -0.02258896 0.02692794 0.00307697 -0.01992899 0.02725195 0.003084957 -0.01747494 0.02783799 0.003099977 -0.01337796 0.02860897 0.003117978 -0.008320987 0.02933198 0.003120958 -0.002332985 0.02484095 0.003002941 -0.04362398 -0.043513 0.006333947 -0.231256 -0.04218 0.006333947 -0.237385 -0.03998798 0.006333947 -0.2432619 -0.03698199 0.006333947 -0.248767 -0.03322297 0.006333947 -0.253788 -0.02878797 0.006333947 -0.258223 -0.02376699 0.006333947 -0.261982 -0.01826196 0.006333947 -0.264988 -0.01238495 0.006333947 -0.26718 -0.006255984 0.006333947 -0.268513 0 0.006333947 -0.26896 0.006255984 0.006333947 -0.268513 0.01238495 0.006333947 -0.26718 0.01826196 0.006333947 -0.264988 0.02376699 0.006333947 -0.261982 0.02878797 0.006333947 -0.258223 0.03322297 0.006333947 -0.253788 0.03698199 0.006333947 -0.248767 0.03998798 0.006333947 -0.2432619 0.04218 0.006333947 -0.237385 0.043513 0.006333947 -0.231256 -0.03252995 0.01307195 0 -0.03293097 0.01999998 0 -0.03252995 0.02692794 0 -0.03133195 0.03376299 0 -0.03109198 0.033755 -0.004209995 -0.03052496 0.03376495 -0.00862497 -0.029796 0.03380095 -0.01369297 -0.02940195 0.03382295 -0.01661795 -0.02899795 0.03384494 -0.01986199 -0.02866095 0.03386598 -0.02284997 -0.02812397 0.03390198 -0.02833098 -0.02763396 0.03394198 -0.03445297 -0.02709394 0.03399395 -0.04349899 -0.02665698 0.03405398 -0.05598998 -0.02654194 0.034114 -0.07550096 -0.02707499 0.03412896 -0.09618598 -0.02801299 0.03411996 -0.113356 -0.02926695 0.03409796 -0.128949 -0.03106498 0.03404599 -0.146051 -0.03208899 0.03400897 -0.1542519 -0.03321599 0.03396499 -0.162402 -0.03411698 0.03392899 -0.168364 -0.03504496 0.03389197 -0.174084 -0.03598999 0.03385597 -0.179553 -0.03795999 0.03378599 -0.190024 -0.03943198 0.03374195 -0.197218 -0.04107397 0.03369998 -0.204962 -0.04249697 0.03366899 -0.211976 -0.04354298 0.03365999 -0.21855 -0.04395997 0.03366595 -0.225 -0.04490095 0.02686196 -0.225 -0.04521596 0.01999998 -0.225 -0.04490095 0.01313799 -0.225 -0.030411 0.008225977 -0.01269197 -0.03080397 0.02977097 -0.01268398 -0.02802699 0.008111953 -0.03761196 -0.02743297 0.008076965 -0.05193299 -0.02781498 0.02992898 -0.06076496 -0.04027795 0.008252978 -0.199274 -0.04062294 0.02974396 -0.199263 -0.04361295 0.008323967 -0.216498 -0.04390597 0.02967697 -0.216495 -0.04411399 0.008322 -0.220761 -0.044429 0.01052397 -0.220759 -0.04467898 0.01273399 -0.220758 -0.04486197 0.01494896 -0.220757 -0.04501998 0.01863396 -0.2207559 -0.04499697 0.02232295 -0.2207559 -0.04479098 0.02600699 -0.220757 -0.04440295 0.029679 -0.220759 -0.04393297 0.010526 -0.216495 -0.04418599 0.01273494 -0.2164919 -0.04437196 0.01494997 -0.216489 -0.04453295 0.01863497 -0.216487 -0.04450899 0.02232199 -0.216488 -0.04429996 0.02600497 -0.21649 -0.04197496 0.008292973 -0.207478 -0.04231899 0.01049697 -0.2074699 -0.04258996 0.01271098 -0.207464 -0.04278999 0.01493197 -0.207459 -0.04296195 0.01862996 -0.207455 -0.04293596 0.02233099 -0.207455 -0.04271197 0.02602595 -0.2074609 -0.04228997 0.029706 -0.207471 -0.043181 0.02968698 -0.212099 -0.04358595 0.026012 -0.212092 -0.04380095 0.02232497 -0.212088 -0.04382497 0.01863294 -0.212087 -0.04365998 0.01494395 -0.21209 -0.04346895 0.01272696 -0.212094 -0.043208 0.01051598 -0.212098 -0.04287898 0.008313 -0.212104 -0.04115498 0.008273959 -0.2034969 -0.04151296 0.01047897 -0.203487 -0.04179698 0.01269596 -0.203479 -0.042005 0.01492094 -0.203473 -0.04218596 0.01862597 -0.203468 -0.04215896 0.022336 -0.203469 -0.04192495 0.026039 -0.203476 -0.04148399 0.029724 -0.203488 -0.03935998 0.008232951 -0.194784 -0.03975695 0.01043999 -0.194769 -0.04007095 0.01266199 -0.1947579 -0.04030197 0.01489496 -0.19475 -0.04050195 0.018619 -0.194742 -0.04047197 0.02234899 -0.194744 -0.04021298 0.02606898 -0.194753 -0.03972399 0.02976399 -0.194771 -0.04108595 0.02605396 -0.199248 -0.04133194 0.02234196 -0.19924 -0.04135996 0.01862299 -0.199239 -0.04117095 0.01490795 -0.199245 -0.04095196 0.01267898 -0.199252 -0.040654 0.01045995 -0.199262 -0.03724896 0.008183956 -0.183732 -0.03769695 0.01039296 -0.183712 -0.03805196 0.01262199 -0.183697 -0.03831398 0.01486498 -0.183686 -0.03853994 0.01861 -0.183676 -0.03850597 0.02236294 -0.183677 -0.038212 0.02610397 -0.18369 -0.03766 0.02981096 -0.183714 -0.03880298 0.02978497 -0.1899909 -0.03931897 0.026084 -0.18997 -0.03959298 0.02235496 -0.18996 -0.03962498 0.01861494 -0.189958 -0.03941398 0.01488196 -0.189967 -0.03916895 0.01264399 -0.189976 -0.03883796 0.01041895 -0.189989 -0.03841799 0.008210957 -0.190006 -0.03608196 0.008157968 -0.17702 -0.03655999 0.01036798 -0.176998 -0.03693896 0.0126 -0.176981 -0.03721797 0.01484799 -0.176968 -0.03745895 0.01860499 -0.176957 -0.03742295 0.02237194 -0.176958 -0.03710997 0.02612298 -0.176973 -0.03652 0.02983599 -0.177 -0.03493595 0.008132994 -0.169893 -0.03544294 0.01034396 -0.169868 -0.03584498 0.01257896 -0.169849 -0.03614097 0.01483196 -0.169834 -0.03639799 0.018601 -0.169822 -0.03635895 0.02237898 -0.169824 -0.036026 0.02614098 -0.16984 -0.03539997 0.02986097 -0.16987 -0.03382694 0.008111 -0.162371 -0.03436195 0.01032197 -0.162344 -0.03478598 0.01255995 -0.1623229 -0.03509896 0.01481795 -0.162307 -0.03536999 0.01859694 -0.162293 -0.03532898 0.02238595 -0.162295 -0.03497797 0.02615696 -0.162313 -0.03431695 0.02988296 -0.162347 -0.03208899 0.008080959 -0.148961 -0.03266298 0.01029294 -0.148931 -0.03311794 0.01253497 -0.148907 -0.033454 0.01479899 -0.148889 -0.03374499 0.01859098 -0.148874 -0.03370195 0.02239495 -0.148876 -0.033324 0.02617895 -0.148896 -0.03261494 0.02991199 -0.1489329 -0.03054696 0.008060991 -0.134788 -0.03114795 0.01027399 -0.134755 -0.03162598 0.012519 -0.134729 -0.03197795 0.01478695 -0.13471 -0.03228294 0.018588 -0.134693 -0.03223794 0.02240097 -0.134696 -0.03184199 0.02619296 -0.134717 -0.03109794 0.02993094 -0.1347579 -0.02925199 0.008050978 -0.120127 -0.02986896 0.01026499 -0.120093 -0.03035795 0.01251095 -0.120066 -0.03071999 0.01478099 -0.120046 -0.03103297 0.01858597 -0.120029 -0.03098595 0.02240395 -0.1200309 -0.03057998 0.02619999 -0.120054 -0.02981698 0.02993994 -0.120096 -0.02821296 0.008046984 -0.104323 -0.02883595 0.01026099 -0.104289 -0.02933096 0.01250797 -0.104262 -0.02969598 0.01477897 -0.104241 -0.03001296 0.01858597 -0.104224 -0.02996498 0.02240496 -0.104227 -0.02955394 0.02620297 -0.104249 -0.02878397 0.029944 -0.104292 -0.02759897 0.008044958 -0.08992201 -0.02822399 0.01025897 -0.08988797 -0.02871996 0.01250594 -0.08986097 -0.02908694 0.01477795 -0.089841 -0.02940398 0.01858496 -0.08982396 -0.02935695 0.02240598 -0.089827 -0.02894496 0.02620398 -0.08984899 -0.02817195 0.02994596 -0.08989095 -0.027278 0.008048951 -0.07533097 -0.02789396 0.01026296 -0.07529795 -0.02838397 0.01250898 -0.07527196 -0.02874499 0.01477998 -0.075253 -0.02905899 0.01858597 -0.07523697 -0.02901196 0.02240496 -0.075239 -0.02860599 0.02620196 -0.07526099 -0.02784299 0.02994197 -0.07530099 -0.02726995 0.008062958 -0.06079196 -0.02786499 0.01027595 -0.060763 -0.028337 0.01251995 -0.06073898 -0.02868497 0.01478797 -0.06072199 -0.02898699 0.018588 -0.06070697 -0.02894198 0.02240097 -0.06070899 -0.02854996 0.02619194 -0.06072896 -0.02796 0.02991497 -0.05190795 -0.02866995 0.02618199 -0.05187499 -0.02904796 0.02239698 -0.05185699 -0.02909195 0.01859098 -0.05185496 -0.02879995 0.01479697 -0.05186897 -0.02846395 0.01253199 -0.05188399 -0.02800798 0.01028996 -0.05190598 -0.02772796 0.008095979 -0.04347097 -0.028279 0.01030796 -0.04344695 -0.02871495 0.01254695 -0.043428 -0.02903699 0.01480799 -0.04341298 -0.02931594 0.01859396 -0.043401 -0.02927398 0.02239096 -0.04340296 -0.02891296 0.026169 -0.043419 -0.02823299 0.02989697 -0.04344898 -0.02855795 0.01032298 -0.03758996 -0.028979 0.01256096 -0.03757196 -0.02928894 0.01481896 -0.03755998 -0.029558 0.01859694 -0.037548 -0.02951794 0.02238595 -0.03754997 -0.02916896 0.02615696 -0.03756499 -0.02851396 0.029881 -0.03759199 -0.02838397 0.008130967 -0.03213495 -0.02889597 0.01034098 -0.03211498 -0.02930098 0.01257598 -0.03209996 -0.02959895 0.01482999 -0.03208899 -0.02985697 0.01859998 -0.03207898 -0.02981895 0.02237999 -0.03207999 -0.02948296 0.02614396 -0.03209298 -0.02885299 0.02986299 -0.03211694 -0.02878797 0.008149981 -0.02708196 -0.02927899 0.01036 -0.02706497 -0.02966797 0.01259195 -0.02705198 -0.02995395 0.01484197 -0.02704197 -0.03020197 0.01860398 -0.02703297 -0.03016495 0.02237397 -0.02703499 -0.02984297 0.02612894 -0.02704596 -0.02923798 0.02984499 -0.027067 -0.02922397 0.008169949 -0.02249598 -0.02969598 0.01037895 -0.02248096 -0.03006899 0.012609 -0.02246898 -0.03034394 0.01485496 -0.02246099 -0.03058195 0.01860797 -0.02245295 -0.03054594 0.02236795 -0.02245396 -0.03023797 0.026115 -0.02246397 -0.029657 0.02982497 -0.02248197 -0.02982199 0.008196949 -0.01720398 -0.03027099 0.01040595 -0.01719295 -0.03062498 0.01263195 -0.01718395 -0.03088599 0.01487195 -0.01717698 -0.03111195 0.01861298 -0.01717096 -0.03107798 0.02235996 -0.01717197 -0.03078496 0.02609497 -0.01717996 -0.03023296 0.02979797 -0.01719397 -0.03083896 0.01043295 -0.01268297 -0.03117799 0.01265496 -0.012676 -0.03142696 0.01488995 -0.01267099 -0.03164297 0.01861798 -0.012667 -0.03161096 0.02235096 -0.01266795 -0.031331 0.02607399 -0.01267296 -0.03139698 0.008267998 -0.00545597 -0.03179997 0.01047295 -0.005451977 -0.03211897 0.01268899 -0.005448997 -0.03235399 0.01491498 -0.00544697 -0.03255695 0.01862496 -0.005444943 -0.03252696 0.02233898 -0.005444943 -0.03226298 0.02604496 -0.005447983 -0.03176695 0.02973097 -0.005451977 -0.03132998 0.02974599 -0.008830964 -0.03183895 0.02605599 -0.008822977 -0.03210794 0.02234297 -0.008818984 -0.032139 0.01862198 -0.008818984 -0.03193199 0.01490598 -0.008821964 -0.03169095 0.01267695 -0.008824944 -0.03136396 0.01045799 -0.008829951 -0.03095096 0.008252978 -0.008835971 0.03252995 0.01307195 0 0.03293097 0.01999998 0 0.03252995 0.02692794 0 0.03133195 0.03376299 0 0.03085595 0.03376299 0.00544095 0.02944195 0.03376299 0.01071596 0.027134 0.03376299 0.01566594 0.024001 0.03376299 0.02013999 0.02013999 0.03376299 0.024001 0.01566594 0.03376299 0.027134 0.01071596 0.03376299 0.02944195 0.00544095 0.03376299 0.03085595 0 0.03376299 0.03133195 -0.00544095 0.03376299 0.03085595 -0.01071596 0.03376299 0.02944195 -0.01566594 0.03376299 0.027134 -0.02013999 0.03376299 0.024001 -0.024001 0.03376299 0.02013999 -0.027134 0.03376299 0.01566594 -0.02944195 0.03376299 0.01071596 -0.03085595 0.03376299 0.00544095 -0.03208595 0.01307195 0.005353987 -0.03248196 0.01999998 0.005419969 -0.03208595 0.02692794 0.005353987 -0.03076797 0.01307195 0.01056295 -0.031147 0.01999998 0.01069295 -0.03076797 0.02692794 0.01056295 -0.02860897 0.01307195 0.01548296 -0.02896195 0.01999998 0.01567399 -0.02860897 0.02692794 0.01548296 -0.025671 0.01307195 0.01997995 -0.02598798 0.01999998 0.02022695 -0.025671 0.02692794 0.01997995 -0.02203196 0.01307195 0.02393299 -0.02230399 0.01999998 0.02422797 -0.02203196 0.02692794 0.02393299 -0.01779198 0.01307195 0.027233 -0.01801198 0.01999998 0.02756899 -0.01779198 0.02692794 0.027233 -0.01306694 0.01307195 0.02978998 -0.01322799 0.01999998 0.03015798 -0.01306694 0.02692794 0.02978998 -0.007985949 0.01307195 0.03153496 -0.008083999 0.01999998 0.03192394 -0.007985949 0.02692794 0.03153496 -0.002685964 0.01307195 0.03241896 -0.002718985 0.01999998 0.03281897 -0.002685964 0.02692794 0.03241896 0.002685964 0.01307195 0.03241896 0.002718985 0.01999998 0.03281897 0.002685964 0.02692794 0.03241896 0.007985949 0.01307195 0.03153496 0.008083999 0.01999998 0.03192394 0.007985949 0.02692794 0.03153496 0.01306694 0.01307195 0.02978998 0.01322799 0.01999998 0.03015798 0.01306694 0.02692794 0.02978998 0.01779198 0.01307195 0.027233 0.01801198 0.01999998 0.02756899 0.01779198 0.02692794 0.027233 0.02203196 0.01307195 0.02393299 0.02230399 0.01999998 0.02422797 0.02203196 0.02692794 0.02393299 0.025671 0.01307195 0.01997995 0.02598798 0.01999998 0.02022695 0.025671 0.02692794 0.01997995 0.02860897 0.01307195 0.01548296 0.02896195 0.01999998 0.01567399 0.02860897 0.02692794 0.01548296 0.03076797 0.01307195 0.01056295 0.031147 0.01999998 0.01069295 0.03076797 0.02692794 0.01056295 0.03208595 0.01307195 0.005353987 0.03248196 0.01999998 0.005419969 0.03208595 0.02692794 0.005353987 0.04490095 0.01313799 -0.225 0.04521596 0.01999998 -0.225 0.04490095 0.02686196 -0.225 0.04395997 0.03366595 -0.225 0.04354196 0.03365999 -0.218547 0.04326599 0.03365999 -0.216502 0.04249697 0.03366899 -0.211975 0.04160296 0.03368699 -0.207487 0.04107397 0.03369998 -0.204961 0.03936195 0.03374397 -0.196882 0.03795999 0.03378599 -0.190024 0.036942 0.03382098 -0.184758 0.03598999 0.03385597 -0.179553 0.03504496 0.03389197 -0.174084 0.03411698 0.03392899 -0.168364 0.03321599 0.03396499 -0.162402 0.03208899 0.03400897 -0.1542519 0.03106498 0.03404599 -0.146051 0.03012096 0.03407597 -0.137597 0.02926695 0.03409796 -0.128949 0.02801299 0.03411996 -0.113356 0.02707499 0.03412896 -0.09618598 0.02654194 0.034114 -0.07550096 0.02665698 0.03405398 -0.05599099 0.02709394 0.03399395 -0.04349899 0.02763396 0.03394198 -0.03445297 0.02812397 0.03390198 -0.02833098 0.02866095 0.03386598 -0.02284997 0.02899795 0.03384494 -0.01986199 0.02940195 0.03382295 -0.01661795 0.029796 0.03380095 -0.01369297 0.03052496 0.03376495 -0.00862497 0.03109198 0.033755 -0.004209995 0.03080397 0.02977097 -0.01268398 0.030411 0.008225977 -0.01269197 0.02823299 0.02989697 -0.04344898 0.02781498 0.02992898 -0.06076496 0.02726995 0.008062958 -0.06079196 0.04062294 0.02974396 -0.199263 0.04027795 0.008252978 -0.199274 0.04197496 0.008292973 -0.207478 0.03139698 0.008267998 -0.00545597 0.03179997 0.01047295 -0.005451977 0.03211897 0.01268899 -0.005448997 0.03235399 0.01491498 -0.00544697 0.03255695 0.01862496 -0.005444943 0.03252696 0.02233898 -0.005444943 0.03226298 0.02604496 -0.005447983 0.03176695 0.02973097 -0.005451977 0.03095096 0.008252978 -0.008835971 0.03136396 0.01045799 -0.008829951 0.03169095 0.01267695 -0.008824944 0.03193199 0.01490598 -0.008821964 0.032139 0.01862198 -0.008818984 0.03210794 0.02234297 -0.008818984 0.03183895 0.02605599 -0.008822977 0.03132998 0.02974599 -0.008830964 0.02982199 0.008196949 -0.01720398 0.03027099 0.01040595 -0.01719295 0.03062498 0.01263195 -0.01718395 0.03088599 0.01487195 -0.01717698 0.03111195 0.01861298 -0.01717096 0.03107798 0.02235996 -0.01717197 0.03078496 0.02609497 -0.01717996 0.03023296 0.02979797 -0.01719397 0.031331 0.02607399 -0.01267296 0.03161096 0.02235096 -0.01266795 0.03164297 0.01861798 -0.012667 0.03142696 0.01488995 -0.01267099 0.03117799 0.01265496 -0.012676 0.03083896 0.01043295 -0.01268297 0.02922397 0.008169949 -0.02249598 0.02969598 0.01037895 -0.02248096 0.03006899 0.012609 -0.02246898 0.03034394 0.01485496 -0.02246099 0.03058195 0.01860797 -0.02245295 0.03054594 0.02236795 -0.02245396 0.03023797 0.026115 -0.02246397 0.029657 0.02982497 -0.02248197 0.02878797 0.008149981 -0.02708196 0.02927899 0.01036 -0.02706497 0.02966797 0.01259195 -0.02705198 0.02995395 0.01484197 -0.02704197 0.03020197 0.01860398 -0.02703297 0.03016495 0.02237397 -0.02703499 0.02984297 0.02612894 -0.02704596 0.02923798 0.02984499 -0.027067 0.02838397 0.008130967 -0.03213495 0.02889597 0.01034098 -0.03211498 0.02930098 0.01257598 -0.03209996 0.02959895 0.01482999 -0.03208899 0.02985697 0.01859998 -0.03207898 0.02981895 0.02237999 -0.03207999 0.02948296 0.02614396 -0.03209298 0.02885299 0.02986299 -0.03211694 0.02802699 0.008111953 -0.03761196 0.02855795 0.01032298 -0.03758996 0.028979 0.01256096 -0.03757196 0.02928894 0.01481896 -0.03755998 0.029558 0.01859694 -0.037548 0.02951794 0.02238595 -0.03754997 0.02916896 0.02615696 -0.03756499 0.02851396 0.029881 -0.03759199 0.02743297 0.008076965 -0.05193299 0.02800798 0.01028996 -0.05190598 0.02846395 0.01253199 -0.05188399 0.02879995 0.01479697 -0.05186897 0.02909195 0.01859098 -0.05185496 0.02904796 0.02239698 -0.05185699 0.02866995 0.02618199 -0.05187499 0.02796 0.02991497 -0.05190795 0.02891296 0.026169 -0.043419 0.02927398 0.02239096 -0.04340296 0.02931594 0.01859396 -0.043401 0.02903699 0.01480799 -0.04341298 0.02871495 0.01254695 -0.043428 0.028279 0.01030796 -0.04344695 0.02772796 0.008095979 -0.04347097 0.02786499 0.01027595 -0.060763 0.028337 0.01251995 -0.06073898 0.02868497 0.01478797 -0.06072199 0.02898699 0.018588 -0.06070697 0.02894198 0.02240097 -0.06070899 0.02854996 0.02619194 -0.06072896 0.02759897 0.008044958 -0.08992201 0.02822399 0.01025897 -0.08988797 0.02871996 0.01250594 -0.08986097 0.02908694 0.01477795 -0.089841 0.02940398 0.01858496 -0.08982396 0.02935695 0.02240598 -0.089827 0.02894496 0.02620398 -0.08984899 0.02817195 0.02994596 -0.08989095 0.02784299 0.02994197 -0.07530099 0.02860599 0.02620196 -0.07526099 0.02901196 0.02240496 -0.075239 0.02905899 0.01858597 -0.07523697 0.02874499 0.01477998 -0.075253 0.02838397 0.01250898 -0.07527196 0.02789396 0.01026296 -0.07529795 0.027278 0.008048951 -0.07533097 0.02821296 0.008046984 -0.104323 0.02883595 0.01026099 -0.104289 0.02933096 0.01250797 -0.104262 0.02969598 0.01477897 -0.104241 0.03001296 0.01858597 -0.104224 0.02996498 0.02240496 -0.104227 0.02955394 0.02620297 -0.104249 0.02878397 0.029944 -0.104292 0.02925199 0.008050978 -0.120127 0.02986896 0.01026499 -0.120093 0.03035795 0.01251095 -0.120066 0.03071999 0.01478099 -0.120046 0.03103297 0.01858597 -0.120029 0.03098595 0.02240395 -0.1200309 0.03057998 0.02619999 -0.120054 0.02981698 0.02993994 -0.120096 0.03054696 0.008060991 -0.134788 0.03114795 0.01027399 -0.134755 0.03162598 0.012519 -0.134729 0.03197795 0.01478695 -0.13471 0.03228294 0.018588 -0.134693 0.03223794 0.02240097 -0.134696 0.03184199 0.02619296 -0.134717 0.03109794 0.02993094 -0.1347579 0.03208899 0.008080959 -0.148961 0.03266298 0.01029294 -0.148931 0.03311794 0.01253497 -0.148907 0.033454 0.01479899 -0.148889 0.03374499 0.01859098 -0.148874 0.03370195 0.02239495 -0.148876 0.033324 0.02617895 -0.148896 0.03261494 0.02991199 -0.1489329 0.03382694 0.008111 -0.162371 0.03436195 0.01032197 -0.162344 0.03478598 0.01255995 -0.1623229 0.03509896 0.01481795 -0.162307 0.03536999 0.01859694 -0.162293 0.03532898 0.02238595 -0.162295 0.03497797 0.02615696 -0.162313 0.03431695 0.02988296 -0.162347 0.03493595 0.008132994 -0.169893 0.03544294 0.01034396 -0.169868 0.03584498 0.01257896 -0.169849 0.03614097 0.01483196 -0.169834 0.03639799 0.018601 -0.169822 0.03635895 0.02237898 -0.169824 0.036026 0.02614098 -0.16984 0.03539997 0.02986097 -0.16987 0.03608196 0.008157968 -0.17702 0.03655999 0.01036798 -0.176998 0.03693896 0.0126 -0.176981 0.03721797 0.01484799 -0.176968 0.03745895 0.01860499 -0.176957 0.03742295 0.02237194 -0.176958 0.03710997 0.02612298 -0.176973 0.03652 0.02983599 -0.177 0.03724896 0.008183956 -0.183732 0.03769695 0.01039296 -0.183712 0.03805196 0.01262199 -0.183697 0.03831398 0.01486498 -0.183686 0.03853994 0.01861 -0.183676 0.03850597 0.02236294 -0.183677 0.038212 0.02610397 -0.18369 0.03766 0.02981096 -0.183714 0.03880298 0.02978497 -0.1899909 0.03931897 0.026084 -0.18997 0.03959298 0.02235496 -0.18996 0.03962498 0.01861494 -0.189958 0.03941398 0.01488196 -0.189967 0.03916895 0.01264399 -0.189976 0.03883796 0.01041895 -0.189989 0.03841799 0.008210957 -0.190006 0.03935998 0.008232951 -0.194784 0.03975695 0.01043999 -0.194769 0.04007095 0.01266199 -0.1947579 0.04030197 0.01489496 -0.19475 0.04050195 0.018619 -0.194742 0.04047197 0.02234899 -0.194744 0.04021298 0.02606898 -0.194753 0.03972399 0.02976399 -0.194771 0.040654 0.01045995 -0.199262 0.04095196 0.01267898 -0.199252 0.04117095 0.01490795 -0.199245 0.04135996 0.01862299 -0.199239 0.04133194 0.02234196 -0.19924 0.04108595 0.02605396 -0.199248 0.04148399 0.029724 -0.203488 0.04192495 0.026039 -0.203476 0.04215896 0.022336 -0.203469 0.04218596 0.01862597 -0.203468 0.042005 0.01492094 -0.203473 0.04179698 0.01269596 -0.203479 0.04151296 0.01047897 -0.203487 0.04115498 0.008273959 -0.2034969 0.04231899 0.01049697 -0.2074699 0.04258996 0.01271098 -0.207464 0.04278999 0.01493197 -0.207459 0.04296195 0.01862996 -0.207455 0.04293596 0.02233099 -0.207455 0.04271197 0.02602595 -0.2074609 0.04228997 0.029706 -0.207471 0.04287898 0.008313 -0.212104 0.043208 0.01051598 -0.212098 0.04346895 0.01272696 -0.212094 0.04365998 0.01494395 -0.21209 0.04382497 0.01863294 -0.212087 0.04380095 0.02232497 -0.212088 0.04358595 0.026012 -0.212092 0.043181 0.02968698 -0.212099 0.04411399 0.008322 -0.220761 0.044429 0.01052397 -0.220759 0.04467898 0.01273399 -0.220758 0.04486197 0.01494896 -0.220757 0.04501998 0.01863396 -0.2207559 0.04499697 0.02232295 -0.2207559 0.04479098 0.02600699 -0.220757 0.04440295 0.029679 -0.220759 0.04390597 0.02967697 -0.216495 0.04429996 0.02600497 -0.21649 0.04450899 0.02232199 -0.216488 0.04453295 0.01863497 -0.216487 0.04437196 0.01494997 -0.216489 0.04418599 0.01273494 -0.2164919 0.04393297 0.010526 -0.216495 0.04361295 0.008323967 -0.216498 -0.043513 0.03366595 -0.231256 -0.04218 0.03366595 -0.237385 -0.03998798 0.03366595 -0.2432619 -0.03698199 0.03366595 -0.248767 -0.03322297 0.03366595 -0.253788 -0.02878797 0.03366595 -0.258223 -0.02376699 0.03366595 -0.261982 -0.01826196 0.03366595 -0.264988 -0.01238495 0.03366595 -0.26718 -0.006255984 0.03366595 -0.268513 0 0.03366595 -0.26896 0.006255984 0.03366595 -0.268513 0.01238495 0.03366595 -0.26718 0.01826196 0.03366595 -0.264988 0.02376699 0.03366595 -0.261982 0.02878797 0.03366595 -0.258223 0.03322297 0.03366595 -0.253788 0.03698199 0.03366595 -0.248767 0.03998798 0.03366595 -0.2432619 0.04218 0.03366595 -0.237385 0.043513 0.03366595 -0.231256 0.04444396 0.01313799 -0.2313899 0.04475599 0.01999998 -0.231435 0.04444396 0.02686196 -0.2313899 0.04308199 0.01313799 -0.23765 0.04338395 0.01999998 -0.237739 0.04308199 0.02686196 -0.23765 0.04084396 0.01313799 -0.2436529 0.04112994 0.01999998 -0.2437829 0.04084396 0.02686196 -0.2436529 0.03777295 0.01313799 -0.249275 0.03803795 0.01999998 -0.249446 0.03777295 0.02686196 -0.249275 0.03393399 0.01313799 -0.254404 0.03417199 0.01999998 -0.25461 0.03393399 0.02686196 -0.254404 0.02940398 0.01313799 -0.258934 0.02960997 0.01999998 -0.259172 0.02940398 0.02686196 -0.258934 0.024275 0.01313799 -0.262773 0.02444595 0.01999998 -0.263038 0.024275 0.02686196 -0.262773 0.01865297 0.01313799 -0.265844 0.01878297 0.01999998 -0.26613 0.01865297 0.02686196 -0.265844 0.01264995 0.01313799 -0.268082 0.012739 0.01999998 -0.268384 0.01264995 0.02686196 -0.268082 0.006389975 0.01313799 -0.269444 0.006434977 0.01999998 -0.269756 0.006389975 0.02686196 -0.269444 0 0.01313799 -0.269901 0 0.01999998 -0.270216 0 0.02686196 -0.269901 -0.006389975 0.01313799 -0.269444 -0.006434977 0.01999998 -0.269756 -0.006389975 0.02686196 -0.269444 -0.01264995 0.01313799 -0.268082 -0.012739 0.01999998 -0.268384 -0.01264995 0.02686196 -0.268082 -0.01865297 0.01313799 -0.265844 -0.01878297 0.01999998 -0.26613 -0.01865297 0.02686196 -0.265844 -0.024275 0.01313799 -0.262773 -0.02444595 0.01999998 -0.263038 -0.024275 0.02686196 -0.262773 -0.02940398 0.01313799 -0.258934 -0.02960997 0.01999998 -0.259172 -0.02940398 0.02686196 -0.258934 -0.03393399 0.01313799 -0.254404 -0.03417199 0.01999998 -0.25461 -0.03393399 0.02686196 -0.254404 -0.03777295 0.01313799 -0.249275 -0.03803795 0.01999998 -0.249446 -0.03777295 0.02686196 -0.249275 -0.04084396 0.01313799 -0.2436529 -0.04112994 0.01999998 -0.2437829 -0.04084396 0.02686196 -0.2436529 -0.04308199 0.01313799 -0.23765 -0.04338395 0.01999998 -0.237739 -0.04308199 0.02686196 -0.23765 -0.04444396 0.01313799 -0.2313899 -0.04475599 0.01999998 -0.231435 -0.04444396 0.02686196 -0.2313899 -0.04049998 0.03999996 -0.225 -0.02749997 0.03999996 0 -0.027269 0.03999996 -0.003867983 -0.02667498 0.03999996 -0.00813198 -0.02628195 0.03999996 -0.01056897 -0.025846 0.03999996 -0.01327496 -0.02537995 0.03999996 -0.01629197 -0.02489799 0.03999996 -0.01964998 -0.024544 0.03999996 -0.02232795 -0.02400195 0.03999996 -0.02690696 -0.02348899 0.03999996 -0.03194099 -0.02302199 0.03999996 -0.03739398 -0.02261698 0.03999996 -0.04322296 -0.02259999 0.03999996 -0.04348695 -0.02220898 0.03999996 -0.05110394 -0.02193999 0.03999996 -0.05905097 -0.02178394 0.03999996 -0.07539999 -0.02178394 0.03999996 -0.07552897 -0.02206295 0.03999996 -0.09017896 -0.02268898 0.03999996 -0.104624 -0.02376794 0.03999996 -0.12048 -0.02377396 0.03999996 -0.120553 -0.024782 0.03999996 -0.1315979 -0.02597296 0.03999996 -0.142404 -0.02732497 0.03999996 -0.152855 -0.02881497 0.03999996 -0.1628389 -0.02885699 0.03999996 -0.163101 -0.03011494 0.03999996 -0.170565 -0.03141897 0.03999996 -0.177637 -0.032745 0.03999996 -0.184299 -0.03406995 0.03999996 -0.190527 -0.035694 0.03999996 -0.197727 -0.03750497 0.03999996 -0.205547 -0.03902697 0.03999996 -0.212527 -0.040093 0.03999996 -0.218899 -0.02910697 0.03687697 -0.004698991 -0.02824097 0.03688997 -0.01072895 -0.02664297 0.03693097 -0.02224999 -0.024643 0.03700798 -0.04761397 -0.02417999 0.03704196 -0.06449699 -0.02507698 0.03706198 -0.104493 -0.02613896 0.03705596 -0.120287 -0.03099697 0.03698295 -0.16249 -0.03430497 0.03692096 -0.181721 -0.03655099 0.03688496 -0.1928 -0.04219299 0.03683197 -0.223178 -0.04162895 0.03682899 -0.217311 -0.04055595 0.03683495 -0.211206 -0.03914797 0.03685098 -0.204605 -0.03752899 0.03687095 -0.197304 -0.03605198 0.03689199 -0.190443 -0.03598195 0.03689396 -0.190108 -0.03296995 0.03694498 -0.17447 -0.03166794 0.03696995 -0.166766 -0.03103697 0.03698199 -0.162751 -0.02985095 0.03700399 -0.154573 -0.02878195 0.03702199 -0.146342 -0.02779895 0.03703695 -0.137857 -0.026389 0.037054 -0.12331 -0.02524799 0.03706097 -0.1075 -0.02468299 0.03706395 -0.09628498 -0.024212 0.03705996 -0.07970196 -0.02416294 0.03705596 -0.07538598 -0.02434498 0.037027 -0.05591595 -0.02485597 0.03699594 -0.04336094 -0.02504098 0.03698796 -0.04022598 -0.025581 0.03696596 -0.03284198 -0.02620398 0.03694397 -0.02619194 -0.02660298 0.03693199 -0.02258896 -0.02692794 0.03692299 -0.01992899 -0.02725195 0.036915 -0.01747494 -0.027839 0.03689998 -0.01337796 -0.02860897 0.03688198 -0.008320987 -0.02933198 0.036879 -0.002332985 -0.02484095 0.03699696 -0.04362398 0.02749997 0.03999996 0 0.02703195 0.03999996 0.005052983 0.02564299 0.03999996 0.009933948 0.02338099 0.03999996 0.01447695 0.02032297 0.03999996 0.01852697 0.01657199 0.03999996 0.02194499 0.01225799 0.03999996 0.02461695 0.00752598 0.03999996 0.02644997 0.002536952 0.03999996 0.02738296 -0.002536952 0.03999996 0.02738296 -0.00752598 0.03999996 0.02644997 -0.01225799 0.03999996 0.02461695 -0.01657199 0.03999996 0.02194499 -0.02032297 0.03999996 0.01852697 -0.02338099 0.03999996 0.01447695 -0.02564299 0.03999996 0.009933948 -0.02703195 0.03999996 0.005052983 0.04049998 0.03999996 -0.225 0.040093 0.03999996 -0.218904 0.03902697 0.03999996 -0.212529 0.03750497 0.03999996 -0.205548 0.035694 0.03999996 -0.197727 0.03406995 0.03999996 -0.190527 0.032745 0.03999996 -0.184299 0.03141897 0.03999996 -0.177637 0.03011494 0.03999996 -0.170565 0.02885699 0.03999996 -0.163101 0.02881497 0.03999996 -0.1628389 0.02732497 0.03999996 -0.152855 0.02597296 0.03999996 -0.142404 0.024782 0.03999996 -0.1315979 0.02377396 0.03999996 -0.120553 0.02376794 0.03999996 -0.12048 0.02268898 0.03999996 -0.104624 0.02206295 0.03999996 -0.09017896 0.02178394 0.03999996 -0.07552897 0.02178394 0.03999996 -0.07539999 0.02193999 0.03999996 -0.05905097 0.02220797 0.03999996 -0.05110394 0.02259999 0.03999996 -0.04348695 0.02261698 0.03999996 -0.04322296 0.02302199 0.03999996 -0.03739398 0.02348899 0.03999996 -0.03194099 0.02400195 0.03999996 -0.02690696 0.024544 0.03999996 -0.02232795 0.02489799 0.03999996 -0.01964998 0.02537995 0.03999996 -0.01629197 0.025846 0.03999996 -0.01327496 0.02628195 0.03999996 -0.01056897 0.02667498 0.03999996 -0.008132994 0.027269 0.03999996 -0.003867983 0.02910697 0.03687697 -0.004698991 0.02692794 0.03692299 -0.01992899 0.02504098 0.03698796 -0.04022598 0.024643 0.03700798 -0.04761499 0.02415996 0.03704595 -0.06666797 0.02507597 0.03706198 -0.104493 0.02613896 0.03705596 -0.120287 0.03654998 0.03688496 -0.1928 0.04182195 0.03682899 -0.218758 0.04107099 0.03683096 -0.213899 0.04005599 0.03684097 -0.208784 0.03885495 0.03685498 -0.203285 0.03752899 0.03687095 -0.197304 0.03598195 0.03689396 -0.190108 0.03464096 0.03691595 -0.1834599 0.03313499 0.036942 -0.175402 0.03166699 0.03696995 -0.166766 0.03099697 0.03698295 -0.16249 0.03103697 0.03698199 -0.162751 0.02985095 0.03700399 -0.154573 0.02878099 0.03702294 -0.146342 0.02779895 0.03703796 -0.137857 0.026389 0.037054 -0.12331 0.02524799 0.03706097 -0.1075 0.02468299 0.03706395 -0.09628498 0.024212 0.03705996 -0.07970196 0.02416199 0.03705596 -0.07538598 0.02431696 0.03702896 -0.05697697 0.02485597 0.03699696 -0.04336094 0.02484095 0.03699696 -0.04362398 0.025581 0.03696596 -0.03284198 0.02620398 0.03694397 -0.02619194 0.02660298 0.03693199 -0.02258896 0.02664297 0.03693097 -0.02224898 0.02725195 0.036915 -0.01747494 0.027839 0.03689998 -0.01337796 0.02824097 0.03688997 -0.01072895 0.02860897 0.03688198 -0.008320987 0.02933198 0.036879 -0.002332985 0.03605198 0.03689295 -0.190443 -0.040048 0.03999996 -0.231036 -0.03870099 0.03999996 -0.2369379 -0.03648895 0.03999996 -0.242572 -0.033463 0.03999996 -0.2478139 -0.02968895 0.03999996 -0.252547 -0.02525097 0.03999996 -0.256664 -0.02024996 0.03999996 -0.260074 -0.01479595 0.03999996 -0.2627 -0.009011983 0.03999996 -0.264485 -0.003026962 0.03999996 -0.265387 0.003026962 0.03999996 -0.265387 0.009011983 0.03999996 -0.264485 0.01479595 0.03999996 -0.2627 0.02024996 0.03999996 -0.260074 0.02525097 0.03999996 -0.256664 0.02968895 0.03999996 -0.252547 0.033463 0.03999996 -0.2478139 0.03648895 0.03999996 -0.242572 0.03870099 0.03999996 -0.2369379 0.040048 0.03999996 -0.231036 0.040048 0.03999996 -0.218964 0.03870099 0.03999996 -0.213062 0.03648895 0.03999996 -0.207428 0.033463 0.03999996 -0.202186 0.02968895 0.03999996 -0.197453 0.02525097 0.03999996 -0.193336 0.02024996 0.03999996 -0.189926 0.01479595 0.03999996 -0.1873 0.009011983 0.03999996 -0.185515 0.003026962 0.03999996 -0.184613 -0.003026962 0.03999996 -0.184613 -0.009011983 0.03999996 -0.185515 -0.01479595 0.03999996 -0.1873 -0.02024996 0.03999996 -0.189926 -0.02525097 0.03999996 -0.193336 -0.02968895 0.03999996 -0.197453 -0.033463 0.03999996 -0.202186 -0.03648895 0.03999996 -0.207428 -0.03870099 0.03999996 -0.213062 -0.040048 0.03999996 -0.218964</float_array>
          <technique_common>
            <accessor source="#calf_l-mesh-positions-array" count="3619" stride="3">
              <param name="X" type="float"/>
              <param name="Y" type="float"/>
              <param name="Z" type="float"/>
            </accessor>
          </technique_common>
        </source>
        <source id="calf_l-mesh-normals">
          <float_array id="calf_l-mesh-normals-array" count="13881">-0.7071055 0.7071081 -1.20968e-5 -0.7071083 0.7071053 -1.23515e-5 -0.7041221 0.7070977 -0.06500017 -0.7029064 0.7071065 -0.07696157 -0.7029042 0.7071157 -0.07689809 -0.6997202 0.7071096 -0.10192 -0.6984475 0.7071077 -0.1103166 -0.6982305 0.7070859 -0.1118205 -0.6979916 0.7071026 -0.1131978 -0.6980041 0.7071309 -0.1129437 -0.6983119 0.7071869 -0.1106665 -0.6983437 0.7071224 -0.1108785 -0.6989219 0.7071383 -0.1070688 -0.6993181 0.7071036 -0.1046838 -0.6993209 0.707089 -0.1047637 -0.7005447 0.7071066 -0.09611213 -0.7005417 0.7071087 -0.09611767 -0.701476 0.7071049 -0.08907324 -0.7014794 0.7071037 -0.08905649 -0.7028692 0.7071151 -0.07722079 -0.7028676 0.7071194 -0.07719761 -0.70331 0.7070862 -0.07337772 -0.704057 0.7070889 -0.06579518 -0.7040452 0.7071006 -0.06579655 -0.7047117 0.7070974 -0.05826443 -0.7050004 0.7071112 -0.05448198 -0.7050049 0.707106 -0.05449104 -0.705765 0.7071357 -0.04306858 -0.7058132 0.7070935 -0.04297196 -0.7064238 0.7071294 -0.03055334 -0.7066508 0.7069221 -0.03009617 -0.7068766 0.7070821 -0.01898789 -0.7069087 0.7070794 -0.01785892 -0.7070688 0.7071089 -0.0071249 -0.707104 0.7070968 0.004268765 -0.7070906 0.70711 0.004298806 -0.706959 0.7071242 0.01358151 -0.7070989 0.7071018 0.004272222 -0.7067213 0.707143 0.02222418 -0.7066685 0.707197 0.02218371 -0.7064356 0.7071136 0.03064584 -0.7067778 0.7070866 0.02222496 -0.7060695 0.7070755 0.03886157 -0.7001926 0.7070967 -0.09871464 -0.6984453 0.707111 -0.1103093 -0.6979829 0.7071032 -0.1132478 -0.7005429 0.7071066 -0.09612548 -0.7014687 0.70711 -0.0890913 -0.7047817 0.7070975 0.05741089 -0.7054533 0.7071297 0.04799211 -0.7060859 0.7070612 0.0388236 -0.7060543 0.707091 0.03885436 -0.7035306 0.7071267 0.07082676 -0.7039923 0.7070965 0.06640475 -0.7049966 0.7068899 0.05732876 -0.7047573 0.7071219 0.05740904 -0.7021191 0.7070815 0.08405125 -0.7030905 0.7071083 0.07524347 -0.703545 0.7071117 0.07083439 -0.7003225 0.7071409 0.09746903 -0.7009718 0.7071068 0.09294396 -0.7020202 0.707181 0.0840401 -0.7020825 0.7071184 0.08404719 -0.6983402 0.7070188 0.1115593 -0.6997101 0.7070984 0.102067 -0.7003237 0.7071404 0.0974645 -0.6964002 0.7071039 0.1226005 -0.6962141 0.7072989 0.1225326 -0.6983551 0.7069342 0.1120011 -0.6980457 0.7072504 0.1119338 -0.6945278 0.7070708 0.1329741 -0.6945113 0.7070848 0.1329855 -0.6925351 0.7071236 0.142729 -0.6925337 0.7071038 0.1428332 -0.6906929 0.7071098 0.151457 -0.6906813 0.7071053 0.1515301 -0.689869 0.7071233 0.1551047 -0.689168 0.7071071 0.1582629 -0.6906806 0.7071257 0.1514387 -0.6929304 0.7067604 0.1426092 -0.6945337 0.7070665 0.1329658 -0.6962404 0.7072526 0.1226505 -0.7068922 0.7070954 -0.0178793 -0.7064864 0.707094 -0.02991873 -0.7058578 0.7070457 -0.04302501 0.6906916 0.7071061 0.1514798 0.6907162 0.7071096 0.1513511 0.6898735 0.7071101 0.1551451 0.6907026 0.7070914 0.151498 0.6891677 0.7071035 0.1582803 0.6926029 0.7070971 0.1425306 0.6925711 0.707129 0.1425271 0.6945148 0.707085 0.1329667 0.6945837 0.7070191 0.1329571 0.6963541 0.707094 0.1229192 0.696363 0.7071385 0.1226121 0.698261 0.7071115 0.1114674 0.6982535 0.7071065 0.1115459 0.7003362 0.7071247 0.09748893 0.7009612 0.7071214 0.09291219 0.7020962 0.7071046 0.08404844 0.7030529 0.7070891 0.07577371 0.7035495 0.7071082 0.0708248 0.7047683 0.7071089 0.05743515 0.7047762 0.7071036 0.05740243 0.7060633 0.7070891 0.03872406 0.7060117 0.7071258 0.03899693 0.7067586 0.7071014 0.02236145 0.7067627 0.7070928 0.02250105 0.7070934 0.7071074 0.004268884 0.7070983 0.7071024 0.00426656 0.7068814 0.7071067 -0.01785928 0.7068814 0.7071064 -0.01786875 0.7064744 0.7070998 -0.03006488 0.7064632 0.7071108 -0.03006857 0.7058223 0.7070907 -0.04286897 0.7057973 0.707107 -0.04301166 0.705062 0.7070555 -0.05440825 0.7050709 0.7070454 -0.05442482 0.7040781 0.7070729 -0.06574273 0.7040948 0.7070576 -0.06572711 0.7028924 0.7070987 -0.07716023 0.7029485 0.7070409 -0.07717931 0.7014713 0.7071061 -0.08910173 0.7014707 0.7071086 -0.08908623 0.70055 0.7071076 -0.09606552 0.7005416 0.7071058 -0.09614038 0.6993163 0.7070978 -0.1047351 0.6987447 0.7070975 -0.1084854 0.6983743 0.7071538 -0.1104851 0.6979587 0.7071089 -0.1133617 0.6979653 0.707107 -0.113332 0.6984612 0.7071014 -0.1102703 0.6995488 0.7070887 -0.1032342 0.7001774 0.7071062 -0.09875547 0.7029036 0.7071102 -0.0769537 0.7037409 0.7070698 -0.06929022 0.7071044 0.7071092 1.59344e-5 0.7071089 0.7071047 2.3362e-5 0.7029034 0.7071076 -0.07697939 0.6984477 0.7071076 -0.1103165 0.6979615 0.7071055 -0.1133648 0.6984802 0.7070383 -0.1105549 0.6994155 0.7070201 -0.104597 0.7004968 0.7070895 -0.09658527 0.7014786 0.7070994 -0.08909714 0.7028319 0.7071619 -0.07713246 0.7040845 0.7070627 -0.06578367 0.7050756 0.7070418 -0.0544086 0.7058476 0.7070654 -0.04286742 0.7064664 0.7071086 -0.0300458 0.7068821 0.7071062 -0.01784801 0.7070949 0.7071058 0.004266381 0.7067413 0.707129 0.0220319 0.7059567 0.7071621 0.0393325 0.704777 0.7071025 0.0574066 0.7035793 0.7070791 0.07081997 0.7020936 0.7071071 0.08404833 0.7003682 0.7070947 0.0974763 0.6982566 0.7071015 0.1115583 0.6963887 0.7071204 0.122571 0.6944609 0.7071374 0.1329697 0.6926583 0.7070444 0.1425231 0.2295938 0.7071041 -0.6687978 0 0.7071057 -0.7071079 6.3784e-7 0.7071129 -0.7071008 -0.2295937 0.7071041 -0.6687979 -0.2705919 0.7071179 -0.6532722 -0.4343148 0.7071051 -0.5580081 -0.4999961 0.7071112 -0.4999976 -0.5919692 0.7071028 -0.3867532 -0.6532709 0.7071182 -0.2705942 -0.6854596 0.7071167 -0.1735836 -0.7070952 0.7071185 1.45659e-6 -0.7046994 0.7070985 0.05839979 -0.6532744 0.7071132 0.2705984 -0.6475391 0.7071094 0.2840588 -0.5202525 0.7071045 0.4788954 -0.4999985 0.7071086 0.4999988 -0.3365436 0.7071087 0.6218808 -0.2705972 0.7071078 0.6532807 -0.1163861 0.7071054 0.6974642 -1.18278e-6 0.7071194 0.7070942 0.1163865 0.7071055 0.6974641 0.2705966 0.7071079 0.6532809 0.3365437 0.7071089 0.6218805 0.4999997 0.7071085 0.499998 0.5202525 0.7071044 0.4788954 0.6532747 0.7071135 0.2705971 0.6475391 0.7071095 0.2840588 0.7046993 0.7070986 0.05839991 0.7070952 0.7071185 1.35577e-6 0.6854595 0.7071166 -0.1735845 0.6532712 0.7071183 -0.2705929 0.5919694 0.7071028 -0.386753 0.4999976 0.7071113 -0.4999961 0.4343248 0.7070738 -0.5580401 0.2705913 0.7071179 -0.6532723 0 1 0 0 1 -3.75127e-7 0 1 0 0 1 0 0 1 -2.23845e-7 0 1 3.92388e-7 0 1 -2.4292e-7 0 1 0 0 1 0 0 1 0 0 1 2.35054e-7 0 1 -1.53128e-7 0 1 2.37226e-7 0 1 -2.38454e-7 0 1 0 0 1 0 0 1 0 0 1 0 0 1 0 0 1 0 0 1 0 0 1 5.23413e-7 0 1 -3.39305e-7 0 1 7.73548e-7 0 1 -2.64147e-7 0 1 -4.63582e-7 0 1 -6.3707e-7 0 1 -5.86552e-7 0 1 9.06242e-7 0 1 -2.27217e-7 0 1 -2.65029e-7 0 1 1.21904e-6 0 1 -1.72871e-6 0 1 0 0 1 0 0 1 0 0 1 2.08543e-7 0 1 -3.01629e-7 0 1 3.57569e-7 0 1 -4.59625e-7 0 1 0 0 1 -5.75531e-7 0 1 2.36981e-7 0 1 0 0 1 3.90943e-7 0 1 0 0 1 1.20492e-7 0 1 0 0 1 0 0 1 0 0 1 -1.72871e-6 0 1 0 0 1 0 0 1 -3.92276e-7 0 1 7.81501e-7 0 1 0 0 1 -7.67265e-7 0 1 1.21904e-6 0 1 9.31961e-7 0 1 3.92921e-7 0 1 -4.48026e-7 0 1 1.24249e-6 0 1 0 0 1 0 0 1 2.88046e-7 0 1 -2.36741e-7 0 1 2.28929e-7 0 1 0 0.382624 0 -0.9239042 0.3826207 0 -0.9239056 8.89869e-7 0 -1 -1.94417e-6 0 -1 -0.3826216 0 -0.9239052 -0.3826235 0 -0.9239044 -0.7071061 0 -0.7071075 -0.7071075 0 -0.7071061 -0.9239042 0 -0.3826239 -0.9239053 0 -0.3826217 -1 0 -1.42186e-6 -1 0 1.42186e-6 -0.9239056 0 0.3826208 -0.9239044 0 0.3826237 -0.7071082 0 0.7071055 -0.7071056 0 0.707108 -0.382624 0 0.9239042 -0.3826207 0 0.9239056 -8.89869e-7 0 1 1.94417e-6 0 1 0.3826216 0 0.9239052 0.3826235 0 0.9239044 0.7071061 0 0.7071075 0.7071075 0 0.7071061 0.9239042 0 0.3826239 0.9239053 0 0.3826217 1 0 1.42186e-6 1 0 -1.42186e-6 0.9239056 0 -0.3826208 0.9239044 0 -0.3826237 0.7071082 0 -0.7071055 0.7071056 0 -0.707108 -0.6951014 0.7070806 0.1298889 -0.6934942 0.7071346 0.137937 -0.6593633 0.7071017 0.2554353 -0.653289 0.7070984 0.270602 -0.6012221 0.7070808 0.3722483 -0.5879124 0.7071377 0.3928301 -0.5225459 0.7071201 0.4763687 -0.4999892 0.7071223 0.499989 -0.4261373 0.7070937 0.5642921 -0.3928536 0.7070962 0.5879467 -0.3151936 0.7070916 0.6329886 -0.2706018 0.707098 0.6532894 -0.1935182 0.707081 0.6801376 -0.1379505 0.7071043 0.6935223 -0.06524676 0.7070851 0.7041119 -5.35336e-7 0.7071201 0.7070936 0.06524604 0.7070851 0.704112 0.1379495 0.7071042 0.6935226 0.1935181 0.707081 0.6801377 0.2705875 0.7071327 0.6532578 0.3151934 0.7070915 0.6329887 0.3928533 0.707096 0.587947 0.4261375 0.7070937 0.564292 0.4999885 0.7071222 0.4999898 0.5225461 0.7071201 0.4763685 0.5879121 0.7071377 0.3928303 0.6011863 0.7071142 0.3722427 0.653289 0.7070984 0.2706021 0.6593633 0.7071017 0.2554354 0.6934942 0.7071346 0.1379367 0.6951013 0.7070807 0.129889 0.4225879 2.83834e-5 -0.906322 0.4225871 2.49488e-5 -0.9063223 0.4226074 2.70402e-6 -0.9063129 0.4225955 0 -0.9063184 -0.4226208 0 -0.9063067 -0.4225984 2.70003e-6 -0.9063171 -0.28682 0 -0.9579845 -0.2868174 0 -0.9579853 -0.1448965 0 -0.9894469 -0.1448929 0 -0.9894474 -2.19e-6 0 -1 2.23518e-6 0 -1 0.1448929 0 -0.9894474 0.1448964 0 -0.9894469 0.2868176 0 -0.9579853 0.28682 0 -0.9579845 -0.4225879 2.83834e-5 -0.906322 -0.4225871 2.49488e-5 -0.9063223 0 -1 0 0 -1 0 0 -1 0 0 -1 4.08168e-7 0 -1 3.27609e-7 0 -1 0 0 -1 0 0 -1 0 0 -1 -3.31154e-7 0 -1 1.60711e-7 0 -1 -2.44147e-7 0 -1 1.21516e-7 0 -1 0 0 -1 0 0 -1 0 0 -1 0 0 -1 0 0 -1 0 0 -1 0 0 -1 0 0 -1 0 0 -1 3.10225e-7 0 -1 -2.95859e-7 0 -1 1.31527e-7 0 -1 0 0 -1 5.77213e-7 0 -1 0 0 -1 -7.8688e-7 0 -1 0 0 -1 -5.87893e-7 0 -1 4.47224e-7 0 -1 0 0 -1 2.42582e-7 0 -1 -7.8063e-7 0 -1 0 0 -1 3.39573e-7 0 -1 0 0 -1 0 0 -1 6.33553e-7 0 -1 3.34093e-7 0 -1 0 0 -1 -2.95665e-7 0 -1 -1.46935e-6 0 -1 0 0 -1 -3.79203e-7 0 -1 0 0 -1 -7.84534e-7 0 -1 -2.84269e-7 0 -1 3.13495e-7 0 -1 -1.70601e-7 0 -1 2.16271e-7 0 -1 -4.66082e-7 0 -1 1.66104e-7 0 -1 1.64532e-7 0 -1 -5.2966e-7 0 -1 0 0 -1 0 0 -1 -1.9491e-7 0 -1 4.88762e-7 0 -1 6.11301e-7 0 -1 1.70113e-7 0 -1 -1.73551e-6 0 -1 1.37257e-7 0 -1 0 0 -1 0 0 -1 -1.85705e-7 0 -1 0 0 -1 0 0 -1 -2.2692e-7 0 -1 0 0 -1 2.71643e-7 0 -1 1.53051e-7 0 -1 -2.44147e-7 0 -1 -3.26412e-7 0 -1 0 0 -1 0 0 -1 0 0 -1 0 0 -1 1.25585e-7 0 -1 4.76165e-7 0 -1 -1.27666e-7 0 -1 -2.09337e-7 -0.1837592 0 -0.9829713 -0.1837669 0 -0.9829699 7.18821e-6 0 -1 -7.19297e-6 0 -1 0.1837668 0 -0.9829699 0.1837592 0 -0.9829714 0.3612375 0 -0.9324738 0.3612365 0 -0.9324742 0.5264634 0 -0.8501979 0.5264624 0 -0.8501984 0.6736983 0 -0.7390065 0.6736975 0 -0.7390072 0.7979528 0 -0.6027202 0.79795 0 -0.6027238 0.8951484 0 -0.4457683 0.8951464 0 -0.4457725 0.9618234 0 -0.2736711 0.9618232 0 -0.2736721 0.9957293 0 -0.09232145 0.9957292 0 -0.09232246 0.9957292 0 0.09232246 0.9957293 0 0.09232139 0.9618228 0 0.273673 0.9618235 0 0.2736708 0.8951474 0 0.4457703 0.8951489 0 0.4457675 0.7979507 0 0.6027227 0.7979506 0 0.602723 0.6736968 0 0.7390079 0.6736978 0 0.7390069 0.5264636 0 0.8501978 0.5264668 0 0.8501958 0.3612343 0 0.9324751 0.3612368 0 0.9324741 0.1837626 0 0.9829708 0.1837669 0 0.9829699 -2.20076e-6 0 1 2.20076e-6 0 1 -0.1837668 0 0.9829699 -0.1837626 0 0.9829708 -0.3612368 0 0.9324741 -0.3612343 0 0.9324751 -0.5264668 0 0.8501958 -0.5264636 0 0.8501977 -0.6736978 0 0.7390069 -0.6736968 0 0.7390079 -0.7979505 0 0.602723 -0.7979507 0 0.6027227 -0.8951488 0 0.4457675 -0.8951474 0 0.4457703 -0.9618235 0 0.2736708 -0.9618228 0 0.2736729 -0.9957293 0 0.09232139 -0.9957292 0 0.09232246 -0.9957292 0 -0.09232246 -0.9957293 0 -0.09232145 -0.9618232 0 -0.2736721 -0.9618234 0 -0.273671 -0.8951464 0 -0.4457725 -0.8951484 0 -0.4457683 -0.7979499 0 -0.6027238 -0.7979527 0 -0.6027201 -0.6736975 0 -0.7390072 -0.6736984 0 -0.7390065 -0.5264624 0 -0.8501984 -0.5264634 0 -0.8501979 -0.3612365 0 -0.9324742 -0.3612376 0 -0.9324739 -0.2617888 -1.79828e-7 0.9651252 -0.2617736 -6.0848e-6 0.9651294 -0.2536549 -8.73115e-7 0.9672949 -0.2308468 -6.09085e-6 0.9729902 -0.1969643 -7.82358e-6 0.9804108 -0.1320453 -1.35149e-5 0.9912437 -0.1570556 -9.41101e-7 0.9875898 -0.05255728 5.03932e-5 0.9986179 -2.65193e-7 2.04644e-5 1 0.05255734 5.03862e-5 0.998618 0.132053 -1.76746e-5 0.9912427 0.1570556 -2.58355e-7 0.9875898 0.1969847 7.32578e-6 0.9804066 0.2308588 -5.08316e-6 0.9729873 0.2617681 -3.91528e-6 0.9651309 0.2536917 1.82074e-6 0.9672852 0.2617793 3.17296e-6 0.9651278 0 -1 0 0 -1 0 0 -1 3.44621e-7 0 -1 2.9778e-7 0 -1 0 0 -1 0 0 -1 0 0 -1 0 0 -1 0 0 -1 0 0 -1 -2.2744e-7 0 -1 0 0 -1 1.50556e-7 0 -1 -1.59916e-7 0 -1 1.49627e-7 0 -1 -1.3203e-7 0 -1 0 0 -1 2.74763e-7 0 -1 0 0 -1 0 0 -1 -4.89199e-7 0 -1 0 0 -1 -2.03635e-7 0 -1 -1.17114e-6 0 -1 -1.52188e-7 0 -1 3.664e-7 0 -1 2.36199e-6 0 -1 3.32622e-7 0 -1 0 0 -1 8.25829e-7 0 -1 2.35413e-6 0 -1 -1.26394e-7 0 -1 0 0 -1 -1.52188e-7 0 -1 0 0 -1 -4.89199e-7 0 -1 0 0 -1 0 0 -1 -1.21067e-7 0 -1 0 0 -1 -2.01559e-7 0 -1 0 0 -1 0 0 -1 3.82288e-7 0 -1 0 0 -1 4.85472e-7 0 -1 5.51394e-7 0 -1 0 0 -1 0 -0.1379497 0.7071076 0.6935191 -0.133795 0.7070999 0.6943404 0 0.7071055 0.7071082 0 0.707106 0.7071076 0.133795 0.7071 0.6943404 -0.2627754 0.7070906 0.6564846 -0.270601 0.7071304 0.6532546 -0.3822641 0.7070822 0.5949026 -0.3928467 0.707096 0.5879513 -0.4879544 0.7070963 0.5117766 -0.5000002 0.7071061 0.5000008 -0.5759916 0.7071012 0.4101728 -0.5879393 0.7071016 0.3928546 -0.6432116 0.7070882 0.2937775 -0.6532874 0.7070959 0.2706124 -0.6871757 0.7071048 0.1667104 -0.6935232 0.7071027 0.1379546 -0.706293 0.7071207 0.03362387 -0.7071086 0.707105 1.4127e-6 -0.6999251 0.7070938 -0.100615 -0.693515 0.707111 -0.1379533 -0.6682401 0.7070901 -0.2312549 -0.6532808 0.7071074 -0.2705984 -0.6123746 0.7071055 -0.3535524 -0.5879195 0.7071201 -0.3928509 -0.5344135 0.7070945 -0.4630547 -0.4999949 0.7071105 -0.4999997 -0.4371262 0.7070903 -0.5558274 -0.3928442 0.7071099 -0.5879363 -0.3240179 0.707104 -0.6285033 -0.2705736 0.7071369 -0.6532592 -0.1992329 0.7070813 -0.6784853 -0.1379314 0.7071475 -0.6934821 -0.06721657 0.7070991 -0.7039125 2.10392e-7 0.7071302 -0.7070834 0.06721663 0.7070991 -0.7039124 0.1379312 0.7071475 -0.6934821 0.199233 0.7070812 -0.6784855 0.2705739 0.7071367 -0.6532592 0.3240181 0.707104 -0.6285032 0.392844 0.7071099 -0.5879365 0.4371262 0.7070903 -0.5558273 0.4999951 0.7071105 -0.4999997 0.5344135 0.7070946 -0.4630546 0.5879195 0.7071202 -0.3928507 0.6124135 0.7070799 -0.3535361 0.6532807 0.7071074 -0.2705983 0.6682401 0.70709 -0.2312551 0.6935151 0.707111 -0.1379534 0.6999251 0.7070938 -0.1006147 0.7071084 0.7071052 1.96346e-6 0.706293 0.7071207 0.03362375 0.6935228 0.707103 0.1379547 0.6871754 0.7071052 0.1667101 0.6532871 0.7070962 0.2706124 0.6432057 0.7071115 0.293734 0.5879392 0.7071017 0.3928547 0.5759915 0.7071012 0.4101727 0.5000001 0.7071062 0.5000007 0.4879543 0.7070964 0.5117765 0.3928488 0.7071268 0.5879128 0.3822865 0.7071028 0.5948637 0.270601 0.7071305 0.6532546 0.2627755 0.7070906 0.6564845 0.1379486 0.7071425 0.6934838 -0.189231 0 0.9819326 -0.1892238 0 0.9819341 -4.9314e-6 0 1 4.9314e-6 0 1 0.1892235 0 0.9819341 0.1892311 0 0.9819326 0.3716031 0 0.9283918 0.3716083 0 0.9283896 0.5406692 0 0.8412354 0.540677 0 0.8412303 0.6901357 0 0.72368 0.6901447 0 0.7236714 0.8145896 0 0.5800379 0.8145939 0 0.5800317 0.909619 0 0.4154435 0.9096208 0 0.4154396 0.9717914 0 0.2358422 0.9717928 0 0.2358367 0.998869 0 0.04755067 0.9988692 0 0.04754525 0.989816 0 -0.1423529 0.9898154 0 -0.1423567 0.945023 0 -0.3270039 0.9450221 0 -0.3270067 0.8659936 0 -0.5000553 0.8659909 0 -0.5000599 0.7557082 0 -0.6549085 0.7557041 0 -0.6549133 0.6182336 0 -0.7859945 0.6182315 0 -0.7859961 0.4582757 0 -0.8888101 0.4582751 0 -0.8888104 0.2816653 0 -0.9595128 0.2816669 0 -0.9595124 0.09500539 0 -0.9954769 0.09500473 0 -0.9954769 -0.09500461 0 -0.9954769 -0.09500539 0 -0.9954769 -0.2816667 0 -0.9595124 -0.2816655 0 -0.9595127 -0.4582746 0 -0.8888108 -0.4582759 0 -0.8888101 -0.6182311 0 -0.7859964 -0.618234 0 -0.7859941 -0.7557038 0 -0.6549136 -0.7557084 0 -0.6549083 -0.8659909 0 -0.5000599 -0.8659938 0 -0.5000548 -0.9450219 0 -0.3270071 -0.945023 0 -0.3270039 -0.9898154 0 -0.1423568 -0.989816 0 -0.1423525 -0.9988692 0 0.04754525 -0.9988688 0 0.04755073 -0.9717927 0 0.2358369 -0.9717914 0 0.2358422 -0.9096208 0 0.4154397 -0.9096191 0 0.4154433 -0.8145934 0 0.5800324 -0.8145895 0 0.5800378 -0.6901444 0 0.7236717 -0.6901363 0 0.7236796 -0.5406765 0 0.8412306 -0.5406695 0 0.8412352 -0.3716081 0 0.9283897 -0.3716036 0 0.9283916 -0.1134164 0.7071386 0.6979196 -0.1079336 0.7071044 0.6988231 0 0.7071477 0.7070659 0 0.7071081 0.7071055 0.1079735 0.707121 0.6988002 -0.2133472 0.7071048 0.6741557 -0.2239152 0.7071177 0.670706 -0.3137562 0.7071006 0.6336923 -0.3286083 0.7071088 0.62611 -0.406813 0.7070937 0.5783786 -0.4247867 0.7071112 0.5652876 -0.4903303 0.7071082 0.5094843 -0.5099603 0.7071183 0.4898205 -0.5623663 0.7070901 0.4286816 -0.5819181 0.7071331 0.4016642 -0.621219 0.7070836 0.3378164 -0.6388321 0.7071113 0.303129 -0.6654801 0.7071141 0.2390102 -0.679199 0.7070963 0.1967326 -0.694191 0.7070876 0.1346328 -0.701935 0.7071232 0.08522969 -0.7066137 0.707081 0.02708524 -0.7065255 0.7071146 -0.02847218 -0.7024471 0.707101 -0.08109456 -0.6928101 0.7071136 -0.1414377 -0.6818561 0.7070786 -0.1873824 -0.6611537 0.7071098 -0.2507423 -0.6452448 0.707098 -0.2892606 -0.6123548 0.707129 -0.3535398 -0.5935196 0.7071089 -0.3843587 -0.547716 0.7071254 -0.4471923 -0.5279064 0.7070783 -0.470484 -0.4689087 0.7070887 -0.5292924 -0.4498958 0.7070878 -0.5455462 -0.3779122 0.7071372 -0.5976115 -0.361344 0.7070937 -0.6078231 -0.277156 0.7071273 -0.6505041 -0.2643379 0.7071271 -0.6558176 -0.1692218 0.7071064 -0.6865599 -0.1610468 0.7070484 -0.6885831 -0.05691063 0.7070861 -0.7048338 -0.0539537 0.7071053 -0.7050469 0.05691069 0.707086 -0.7048338 0.0539546 0.7071054 -0.7050468 0.1611045 0.7070966 -0.6885201 0.1692219 0.7071064 -0.6865599 0.2643246 0.7070979 -0.6558545 0.2771561 0.7071273 -0.6505041 0.361344 0.7070937 -0.6078233 0.3779261 0.7071026 -0.5976436 0.4498958 0.7070876 -0.5455464 0.4689084 0.7070885 -0.5292927 0.5279061 0.7070785 -0.4704842 0.5477161 0.7071255 -0.4471921 0.5935193 0.7071091 -0.3843586 0.6123549 0.707129 -0.3535394 0.6452445 0.7070981 -0.2892609 0.6611537 0.7071098 -0.2507422 0.6818561 0.7070785 -0.1873826 0.6928102 0.7071135 -0.1414375 0.7024472 0.7071009 -0.08109444 0.7065256 0.7071146 -0.02847141 0.7066137 0.707081 0.02708578 0.701935 0.7071233 0.08522987 0.6941577 0.7071223 0.1346222 0.6791987 0.7070964 0.1967331 0.6654803 0.7071141 0.2390101 0.6388321 0.7071112 0.3031292 0.6212192 0.7070834 0.3378162 0.581918 0.7071331 0.4016644 0.5623665 0.70709 0.4286813 0.5099606 0.7071183 0.4898203 0.4903306 0.707108 0.5094843 0.424787 0.7071111 0.5652876 0.4068131 0.7070934 0.578379 0.3286086 0.7071087 0.62611 0.3137494 0.7070696 0.6337302 0.2239247 0.7070829 0.6707396 0.213347 0.7071047 0.6741558 0.1134165 0.7071384 0.6979197 0.4999237 0 -0.8660696 0.4999331 0 -0.866064 -9.93845e-6 0 -1 9.93845e-6 0 -1 -0.4999328 0 -0.8660642 -0.4999234 0 -0.8660697 -0.866068 0 -0.4999263 -0.8660659 0 -0.49993 -1 0 5.99058e-7 -1 0 -3.56489e-6 -0.8660635 0 0.4999341 -0.8660643 0 0.4999327 -0.4999257 0 0.8660684 -0.4999351 0 0.866063 9.95814e-6 0 1 -9.95814e-6 0 1 0.4999353 0 0.8660628 0.4999261 0 0.8660681 0.8660642 0 0.4999328 0.8660634 0 0.4999343 1 0 -3.57471e-6 1 0 6.2852e-7 0.8660659 0 -0.4999302 0.8660679 0 -0.4999264 0.4999264 0 -0.8660679 0.4999256 0 -0.8660683 8.2002e-6 0 -1 -8.2002e-6 0 -1 -0.499926 0 -0.8660681 -0.4999266 0 -0.8660678 -0.8660675 0 -0.4999271 -0.8660622 0 -0.4999364 -1 0 6.18699e-7 -1 0 -3.57471e-6 -0.866067 0 0.499928 -0.8660646 0 0.4999321 -0.4999318 0 0.8660649 -0.4999276 0 0.8660672 8.74036e-7 0 1 -8.74036e-7 0 1 0.4999273 0 0.8660674 0.4999315 0 0.866065 0.8660647 0 0.4999321 0.8660671 0 0.4999279 1 0 -3.56489e-6 1 0 5.99058e-7 0.8660622 0 -0.4999362 0.8660677 0 -0.4999269 0.4999266 0 -0.8660678 0.4999261 0 -0.8660681 -0.4999258 0 -0.8660683 -0.4999263 0 -0.866068 -0.8660677 0 -0.4999269 -0.8660671 0 0.4999277 -0.8660646 0 0.4999321 -0.4999316 0 0.866065 -0.4999272 0 0.8660675 0.4999275 0 0.8660673 0.4999318 0 0.8660648 0.8660646 0 0.4999322 0.8660671 0 0.4999279 0.8660622 0 -0.4999365 0.8660675 0 -0.499927 0.4999234 0 -0.8660696 0.4999327 0 -0.8660643 -0.499933 0 -0.8660641 -0.4999237 0 -0.8660694 -0.8660679 0 -0.4999265 -0.8660659 0 -0.49993 -0.8660633 0 0.4999344 -0.8660643 0 0.4999328 -0.499926 0 0.8660682 -0.4999354 0 0.8660627 0.4999352 0 0.8660629 0.4999257 0 0.8660683 0.8660643 0 0.4999326 0.8660634 0 0.4999342 0.8660659 0 -0.4999299 0.866068 0 -0.4999263 0 1 -1.47883e-7 0 1 -4.45734e-7 0 1 0 0 1 -1.18863e-6 0 1 -2.47846e-7 0 1 -2.12784e-7 0 1 8.9147e-7 0 1 0 0 1 0 0 1 -2.02889e-7 0 1 2.02889e-7 0 1 0 0 1 -8.91468e-7 0 1 -1.97174e-7 0 1 -5.94314e-7 0 1 -2.83713e-7 0 1 0 0 1 2.02889e-7 0 1 -2.02889e-7 0 1 2.47846e-7 0 1 0 0 1 1.18862e-6 0 1 4.45734e-7 0 1 1.47883e-7 0 1 2.12784e-7 0 1 -1.47882e-7 0 1 -4.45734e-7 0 1 0 0 1 -1.18863e-6 0 1 -2.47849e-7 0 1 -2.12785e-7 0 1 8.91468e-7 0 1 0 0 1 0 0 1 0 0 1 -8.91468e-7 0 1 -1.97175e-7 0 1 -5.94315e-7 0 1 -2.83712e-7 0 1 0 0 1 2.47849e-7 0 1 0 0 1 1.18862e-6 0 1 4.45735e-7 0 1 1.47882e-7 0 1 2.12785e-7 0 1 -5.31096e-7 0 1 -1.42055e-7 0 1 -8.34378e-7 0 1 1.36715e-7 0 1 1.21622e-7 0 1 1.14749e-6 0 1 0 0 1 -1.03038e-6 0 1 0 0 1 -2.75046e-7 0 1 -1.64515e-7 0 1 0 0 1 0 0 1 0 0 1 0 0 1 0 0 1 -1.74869e-7 0 1 0 0 1 0 0 1 2.1692e-7 0 1 0 0 1 -8.45577e-7 0 1 1.04899e-6 0 1 -6.091e-7 0 1 -4.1177e-7 0 1 -4.62899e-7 -0.5000145 0 0.8660171 -0.4999982 1.46423e-5 0.8660265 8.42672e-6 0 1 1.08648e-5 2.56002e-5 1 0.5000246 0 0.8660113 0.5000063 1.63764e-5 0.8660218 0.8660164 0 0.5000158 0.866026 1.28746e-5 0.4999989 1 0 -6.1678e-6 1 1.81496e-5 -1.15857e-5 0.8660114 0 -0.5000245 0.866028 1.24723e-5 -0.4999956 0.5000143 0 -0.8660172 0.5000131 1.30832e-5 -0.8660179 -8.42672e-6 0 -1 -1.08844e-5 2.34842e-5 -1 -0.5000249 0 -0.8660111 -0.4999814 1.43796e-5 -0.8660362 -0.8660163 0 -0.5000159 -0.8660255 6.10948e-5 -0.5000001 -1 0 7.4544e-6 -1 1.72555e-5 1.23755e-5 -0.8660109 0 0.5000251 -0.8660436 1.31875e-5 0.4999685 -0.5000143 0 0.8660172 -0.4999986 1.33011e-5 0.8660262 1.08648e-5 2.34544e-5 1 0.5000249 0 0.8660111 0.4999804 1.44988e-5 0.8660368 0.8660163 0 0.5000159 0.8660253 6.1065e-5 0.5000004 1 0 -6.1187e-6 1 1.67787e-5 -1.24697e-5 0.8660126 0 -0.5000222 0.865983 1.42455e-5 -0.5000736 0.5000163 0 -0.866016 0.5000106 1.47671e-5 -0.8660194 -5.61781e-6 0 -1 -1.23012e-5 2.55555e-5 -1 -0.5000221 0 -0.8660126 -0.5000075 1.64509e-5 -0.8660211 -0.8660162 0 -0.500016 -0.8660268 1.40816e-5 -0.4999977 -1 0 6.74727e-6 -1 1.77175e-5 1.19525e-5 -0.866011 0 0.5000251 -0.8660129 1.25468e-5 0.5000217 -0.4999988 1.30925e-5 0.8660262 1.08453e-5 2.34544e-5 1 0.4999805 1.47522e-5 0.8660368 0.8660103 6.12885e-5 0.5000262 1 1.77473e-5 -1.2378e-5 0.8660125 0 -0.5000222 0.8660284 1.47521e-5 -0.4999948 0.500016 0 -0.8660162 0.5000106 1.51098e-5 -0.8660194 -0.5000224 0 -0.8660125 -0.5000341 1.62274e-5 -0.8660057 -0.8660161 0 -0.500016 -0.8660417 1.37985e-5 -0.4999718 -1 0 6.69816e-6 -1 1.67936e-5 1.19647e-5 -0.8660278 1.23084e-5 0.4999957 -0.4999981 1.47671e-5 0.8660266 1.08648e-5 2.55853e-5 1 0.5000063 1.59889e-5 0.8660219 0.866041 1.24425e-5 0.4999731 1 1.73301e-5 -1.16677e-5 0.8660113 0 -0.5000245 0.8660277 1.23531e-5 -0.4999959 0.5000145 0 -0.8660171 0.4999865 1.27852e-5 -0.8660333 -1.08648e-5 2.34842e-5 -1 -0.5000246 0 -0.8660113 -0.5000077 1.45435e-5 -0.866021 -0.8660164 0 -0.5000158 -0.8660407 6.14226e-5 -0.4999737 -1 0 7.50351e-6 -1 1.81496e-5 1.2378e-5 -0.8660135 1.34706e-5 0.5000206 1.51247e-5 8.73199e-6 -1 2.6688e-5 0 -1 0.3826876 4.12762e-5 -0.9238779 0.3825948 0 -0.9239163 0.7071129 2.25753e-5 -0.7071007 0.7070546 0 -0.7071589 0.9238806 2.73585e-5 -0.3826807 0.9238303 -2.05658e-7 -0.3828024 1 1.09971e-5 4.28874e-7 1 0 1.27666e-6 0.9238834 3.77893e-5 0.382674 0.9239661 0 0.3824745 0.7071064 3.93242e-5 0.7071073 0.7070562 0 0.7071574 0.3826812 4.86523e-5 0.9238805 0.382594 0 0.9239166 2.94319e-5 4.34071e-5 1 2.12193e-5 0 1 3.62396e-5 0 -1 6.03497e-6 1.34409e-5 -1 0.9999685 0 0.00794059 0.9251434 -7.59568e-7 -0.3796181 0.9999691 1.809e-5 0.007878243 0.9250744 -2.60688e-4 -0.3797859 0.7143695 0 -0.6997687 0.7143282 -5.76031e-4 -0.6998106 0.3833464 -7.90644e-7 -0.9236047 0.3835088 -2.28971e-4 -0.9235372 0.9931224 0 -0.1170807 0.9967008 0 -0.08116364 0.9931162 2.0273e-5 -0.1171342 0.996698 7.14511e-6 -0.08119863 0.9984881 0 -0.05496799 0.9984892 2.65874e-5 -0.05494874 0.999058 0 -0.04339736 0.9990542 2.22549e-5 -0.04348349 0.9999817 0 -0.006056368 0.9999818 3.23877e-5 -0.006038963 3.84673e-5 0 1 0.4091489 0 0.9124677 -1.99676e-6 1.66595e-5 1 0.4110353 -3.38033e-4 0.9116194 0.7477757 0 0.6639515 0.7445839 -8.04935e-4 0.6675285 0.9540906 0 0.2995183 0.9543281 -2.97353e-4 0.2987608 2.49669e-5 0 1 2.13906e-5 3.38257e-5 1 5.89341e-6 1.61082e-5 -1 1.28895e-6 0 -1 0.3826861 2.37376e-5 -0.9238786 0.3826402 0 -0.9238975 0.7071179 3.07411e-5 -0.7070957 0.7070564 0 -0.7071573 0.9238757 9.58145e-6 -0.3826928 0.9238713 0 -0.3827033 1 4.09931e-5 -1.34902e-5 1 0 2.38914e-6 0.9238856 1.74791e-5 0.3826689 0.9238699 0 0.3827067 0.7071114 5.04106e-5 0.7071021 0.7070578 0 0.7071558 0.3826898 2.59578e-5 0.9238769 0.3826473 0 0.9238946 9.46224e-6 0 -1 2.2009e-5 3.42876e-5 -1 0.989234 1.90229e-4 -0.1463422 0.8753796 0 -0.4834363 0.9892376 1.96993e-5 -0.146318 0.8752714 -2.32104e-4 -0.483632 0.6568825 0 -0.753993 0.6568918 -4.11056e-4 -0.7539848 0.3475812 0 -0.93765 0.3476967 -1.7643e-4 -0.9376071 0.9818394 0 -0.1897145 0.9847228 2.39215e-5 -0.1741297 0.981838 1.09524e-5 -0.1897214 0.9847557 6.143e-6 -0.1739433 0.9874589 1.36392e-5 -0.1578768 0.9874711 2.97837e-5 -0.1578 0.9883896 -8.73581e-6 -0.1519406 -0.258815 0 0.965927 -0.007876515 -4.19271e-5 0.999969 -0.2587917 3.61204e-5 0.9659332 0.02794194 -1.54257e-4 0.9996096 0.2396668 -4.56867e-5 0.9708552 0.3096581 -5.0059e-4 0.9508479 0.4767003 -8.167e-5 0.8790659 0.5700578 -6.00301e-4 0.8216045 0.6829552 -4.29805e-7 0.7304604 0.7796967 -6.02379e-4 0.6261571 0.8421133 -4.13688e-5 0.5393008 0.9258274 -4.81643e-4 0.3779463 0.9511715 -1.02868e-5 0.308663 0.995171 -2.24188e-4 0.09815675 0.998043 -4.13795e-5 0.06253343 -0.9818394 0 -0.1897145 -0.9980594 0 0.06226933 -0.9818374 8.62032e-6 -0.1897248 -0.9980355 -1.61953e-4 0.06265091 -0.9511867 0 0.3086162 -0.9511464 -4.20254e-4 0.3087397 -0.842128 0 0.5392779 -0.842056 -5.93662e-4 0.5393899 -0.682949 0 0.730466 -0.6829096 -6.17258e-4 0.7305026 -0.4769118 0 0.8789511 -0.4766389 -5.6953e-4 0.879099 -0.2396377 0 0.9708625 -0.2397671 -4.72508e-4 0.9708303 0.007873833 0 0.999969 0.007608175 -1.70395e-4 0.9999711 0.2587981 -2.20609e-5 0.9659315 0.2588066 4.70579e-5 0.9659292 -0.9892406 1.14068e-5 -0.1462982 -0.9892374 3.17e-5 -0.1463196 -0.98839 2.11373e-5 -0.1519387 -0.9883909 -4.57201e-6 -0.1519329 -0.9874711 -2.97278e-6 -0.1578007 -0.9874708 0 -0.1578022 -0.9847553 3.81321e-5 -0.1739459 -0.9847228 2.39155e-5 -0.1741297 -3.4906e-5 0 -1 -0.3476653 0 -0.9376187 -1.53482e-5 4.85033e-5 -1 -0.3491879 -2.39585e-4 -0.9370528 -0.6569105 0 -0.7539685 -0.6533185 -5.93554e-4 -0.757083 -0.8753658 0 -0.4834613 -0.8760381 -1.85542e-4 -0.4822419 -1.92523e-5 0 -1 -3.53903e-6 1.50055e-5 -1 -2.32384e-5 3.47346e-5 1 -2.51383e-5 0 1 -0.3826909 1.70022e-5 0.9238765 -0.3826405 0 0.9238973 -0.7071027 3.56883e-5 0.707111 -0.7070542 0 0.7071593 -0.9238759 5.61476e-5 0.3826923 -0.9238697 0 0.3827072 -1 4.09782e-5 1.22418e-5 -1 0 -2.25372e-6 -0.9238771 2.01613e-5 -0.3826895 -0.9238696 0 -0.3827076 -0.7071106 4.65363e-5 -0.707103 -0.7070546 0 -0.7071591 -0.3826898 3.27975e-5 -0.923877 -0.3826379 0 -0.9238985 -3.17767e-5 0 1 2.57045e-6 2.04965e-5 1 -0.9931185 0 -0.1171144 -0.9540899 0 0.2995204 -0.9931192 4.72367e-5 -0.1171083 -0.9543291 -2.85167e-4 0.2987571 -0.7477956 0 0.6639291 -0.744596 -8.12728e-4 0.667515 -0.4091548 0 0.912465 -0.4110382 -3.34222e-4 0.9116181 -0.9999688 0 0.007903575 -0.999982 0 -0.006013035 -0.9999689 2.20239e-5 0.007894754 -0.9999818 5.94184e-6 -0.006039917 -0.9990578 0 -0.04340207 -0.999054 1.93417e-5 -0.04348605 -0.9984881 0 -0.0549696 -0.998489 2.84873e-5 -0.05495446 -0.996702 0 -0.08114963 -0.9966978 1.11759e-5 -0.08120048 -0.9950571 4.53981e-5 -0.09930461 -1.60784e-5 7.14508e-6 -1 -1.22339e-5 -6.4356e-4 -0.9999998 -0.3317421 -1.99828e-4 -0.9433701 -0.383358 -3.89095e-6 -0.9235998 -0.6280987 -4.59857e-4 -0.7781336 -0.7143646 0 -0.6997738 -0.9030789 -3.63249e-4 -0.4294746 -0.9251446 -1.16399e-5 -0.379615 -1.83582e-5 0 -1 -2.94521e-5 2.54213e-5 -1 -3.23728e-5 2.70604e-5 1 -2.64496e-6 0 1 -0.3826887 3.91603e-5 0.9238774 -0.3825963 0 0.9239156 -0.7071135 2.35885e-5 0.7071002 -0.7070569 0 0.7071567 -0.9238801 2.76268e-5 0.382682 -0.9239665 0 0.3824735 -1 1.10269e-5 -5.62752e-7 -1 0 -1.81827e-6 -0.923884 3.76701e-5 -0.3826726 -0.9239665 0 -0.3824735 -0.7071042 3.84897e-5 -0.7071095 -0.7070571 0 -0.7071565 -0.3826806 5.06789e-5 -0.9238808 -0.3825917 0 -0.9239175 -1.24574e-5 0 1 -1.73673e-5 4.28632e-5 1 -0.9992038 4.81426e-4 0.03989744 -0.9110423 0 0.4123127 -0.9992025 4.18648e-5 0.03993004 -0.9109622 -2.42095e-4 0.4124898 -0.6970209 0 0.7170509 -0.6970104 -5.46351e-4 0.7170609 -0.3724239 0 0.9280627 -0.3725114 -2.45228e-4 0.9280276 -0.994718 8.47131e-6 0.1026464 -0.9947251 1.28293e-6 0.1025776 -0.9964295 1.84476e-5 0.08443033 -0.99668 1.25686e-4 0.08141994 -0.9981454 0 0.06087672 -0.9981431 1.57279e-4 0.06091213 -0.9987562 -1.78549e-5 0.04986137 0.2588135 0 -0.9659274 0.01865464 -6.56055e-6 -0.999826 0.2588163 2.67178e-5 -0.9659267 0.01905697 -1.5761e-4 -0.9998185 -0.2187665 -3.1376e-6 -0.9757773 -0.2197281 -5.6015e-4 -0.975561 -0.4470872 -6.15302e-4 -0.8944901 -0.4477742 -5.65962e-5 -0.8941467 -0.6498596 -5.92858e-4 -0.7600541 -0.6499138 7.90005e-7 -0.760008 -0.8112471 -3.57129e-4 -0.5847035 -0.8112137 3.13357e-7 -0.5847498 -0.928618 0 -0.3710375 -0.99027 0 -0.1391593 -0.9902665 -7.49964e-5 -0.1391845 -0.9286699 -5.81167e-4 -0.3709068 0.2587071 0 -0.9659558 0.2587364 1.89292e-6 -0.965948 0.2588011 4.44455e-5 -0.9659307 0.2588181 0 -0.9659261 -1 0 -4.54858e-6 -1 0 0 -1 0 -1.39102e-5 -0.86602 0 -0.5000092 -0.8660261 0 -0.4999989 -0.9396934 0 -0.3420183 -0.9396933 0 -0.3420183 -0.9848127 0 -0.1736201 -0.9848128 0 -0.1736199 -0.8660436 0 -0.4999687 -0.8660355 2.58046e-5 -0.4999828 -0.9592665 0 0.282503 -0.9592611 0 0.2825213 -0.9998689 0 0.01619267 -0.999869 0 0.01619273 -0.9680124 0 -0.2509027 -0.967925 0 -0.2512394 0.1215547 6.58378e-5 0.9925847 0.1215688 0 0.9925831 0.4767742 0 0.8790258 0.4767672 0 0.8790297 0.7657258 0 0.6431673 0.7657207 0 0.6431733 0.9481653 0 0.3177776 0.9481627 0 0.3177852 0.9986647 0 -0.05166178 0.998665 0 -0.05165386 0.9102895 0 -0.4139724 0.9102929 0 -0.4139651 0.6952359 0 -0.7187817 0.6952418 0 -0.7187759 0.3835597 0 -0.9235162 0.3835673 0 -0.9235129 0.01844525 0 -0.9998299 0.01845347 0 -0.9998298 -0.3491502 0 -0.9370668 -0.3491426 0 -0.9370696 -0.6681924 0 -0.7439885 -0.6681865 0 -0.7439938 -0.8943556 0 -0.4473568 -0.8943521 0 -0.4473639 -0.9960675 0 -0.08859843 -0.9960667 0 -0.08860641 0.8778949 0 0.4788534 0.8778939 1.43995e-6 0.4788555 0.6851403 0 0.7284111 0.6850234 0 0.7285212 0.424579 0 0.9053909 0.4245789 0 0.9053909 1 0 7.19726e-6 1 0 3.40641e-5 0.9861764 0 0.1656992 0.9861764 0 0.1656991 0.9450957 0 0.3267939 0.9450957 0 0.3267941 1 0 0 -0.2588331 0 -0.9659222 -0.1383155 1.06099e-5 -0.9903883 -0.2588152 2.48552e-5 -0.9659269 -0.08715546 1.4782e-5 -0.9961948 -0.01568692 5.26045e-5 -0.999877 0.08716195 1.86563e-5 -0.9961943 0.1071331 5.86861e-6 -0.9942448 0.1071615 -5.54859e-6 -0.9942417 0.1581707 -1.84258e-5 -0.9874119 0.2087651 -7.63545e-6 -0.9779658 -0.2588146 -2.70194e-5 -0.965927 -0.2588085 4.66703e-5 -0.9659287 0.9947209 2.58088e-5 0.102618 0.9947199 0 0.1026273 0.9902915 -1.21698e-4 -0.1390066 0.9902698 0 -0.1391608 0.928391 -4.84914e-4 -0.3716046 0.9286119 0 -0.3710524 0.8119299 -6.20004e-4 -0.5837547 0.8111767 0 -0.5848012 0.6487285 -6.41197e-4 -0.7610197 0.6498337 0 -0.7600765 0.4478943 -4.5386e-4 -0.8940864 0.4474471 0 -0.8943104 0.218901 -5.01096e-4 -0.975747 0.2187074 0 -0.9757905 -0.01892805 -1.06648e-4 -0.9998208 -0.01862072 0 -0.9998267 0.9992029 3.69102e-5 0.03992241 0.9992036 9.42306e-6 0.03990179 0.9987545 -2.65613e-6 0.04989528 0.9987576 -3.57643e-6 0.0498327 0.9981454 2.70382e-5 0.06087654 0.9981433 3.65594e-6 0.06090962 0.9970114 3.08305e-5 0.07725542 0.9966526 1.86313e-4 0.08175319 9.16421e-6 0 1 0.3724209 0 0.928064 2.14577e-6 1.57208e-5 1 0.3743453 -3.11755e-4 0.9272894 0.6970186 0 0.7170532 0.6921907 -8.94979e-4 0.7217141 0.9110034 0 0.4123988 0.9117847 -2.83938e-4 0.4106689 0.2961904 0.5000161 -0.8137906 -4.52007e-6 0.4999885 -0.8660321 -0.2961958 0.5000044 -0.8137958 -3.12273e-6 0.8660379 -0.4999785 -0.1710108 0.8660261 -0.469845 4.10527e-6 1 -1.86339e-5 -8.51415e-6 1 -4.32339e-5 0.5566692 0.4999939 -0.6634196 0.7500078 0.4999846 -0.4330171 0.8528537 0.5000237 -0.1503899 0.492379 0.8660403 -0.08681678 0.4923921 0.8660323 0.08682429 3.77148e-5 1 3.8445e-6 9.86457e-6 1 -3.43099e-6 0.4330164 0.8660231 0.250002 0.3213849 0.8660373 0.3830029 0.7499915 0.5000177 0.4330071 0.5566707 0.4999958 0.6634168 0.8528751 0.4999897 0.1503811 0.2961964 0.5000051 0.8137952 5.54719e-7 0.4999897 0.8660314 -0.2961885 0.5000153 0.8137919 -0.1710113 0.866025 0.4698467 -0.3213908 0.8660305 0.3830134 -1.54981e-5 1 2.77162e-5 -2.95714e-5 1 1.00583e-5 -0.4330115 0.8660175 0.25003 -0.492376 0.8660413 0.08682477 -0.7499874 0.5000242 0.4330067 -0.8528538 0.5000227 0.1503923 -0.5566692 0.4999951 0.6634187 -0.8528521 0.5000261 -0.1503906 -0.7499909 0.5000196 -0.4330058 -0.556669 0.4999945 -0.6634193 -0.321395 0.8660242 -0.3830239 -3.71151e-5 1 -3.38703e-5 -0.4330031 0.8660312 -0.2499968 -1.6842e-5 1 9.21637e-6 -0.4924098 0.8660218 -0.08682805 -8.23289e-6 1 9.38773e-7 -1.23493e-5 1 4.95873e-5 -2.11503e-6 0.8660276 0.4999964 1.11721e-5 1 4.97065e-5 0.1710082 0.8660297 0.4698389 1.54516e-5 1 2.75671e-5 3.3021e-5 1 -3.48315e-6 0.4330158 0.8660242 -0.2499994 9.16421e-7 1 -1.72677e-5 0.3214012 0.866021 -0.383026 1.62572e-5 1 -3.30843e-5 0.1710169 0.8660174 -0.4698585 0.2961918 0.5000162 -0.81379 -5.09874e-6 0.4999896 -0.8660315 -0.2961933 0.5000049 -0.8137965 -3.27826e-7 0.8660375 -0.4999793 -0.1710091 0.8660263 -0.4698452 4.42937e-6 1 -3.39821e-5 6.40936e-6 1 -1.07046e-5 0.5566728 0.4999935 -0.663417 0.7499878 0.5000243 -0.4330058 0.8528534 0.5000237 -0.1503916 0.4923791 0.8660404 -0.0868169 0.4923934 0.8660314 0.08682447 2.93553e-5 1 3.05846e-6 3.48091e-5 1 1.08108e-5 0.4330159 0.8660232 0.2500023 0.3213844 0.8660374 0.3830032 0.7499907 0.5000191 0.433007 0.5566725 0.4999928 0.6634176 0.8528524 0.5000255 0.1503906 0.2961984 0.5000025 0.8137961 1.50281e-6 0.5000259 0.8660106 -0.2961925 0.5000143 0.813791 -0.1710121 0.8660241 0.469848 -0.3213915 0.8660303 0.3830133 -9.45199e-6 1 1.94311e-5 -4.28557e-5 1 1.79112e-5 -0.4329798 0.8660386 0.2500113 -0.4924157 0.8660188 0.08682388 -0.750008 0.4999834 0.4330183 -0.852854 0.500023 0.1503907 -0.5566689 0.4999942 0.6634197 -0.852875 0.4999898 -0.150381 -0.7499913 0.5000189 -0.4330061 -0.5566708 0.4999954 -0.6634171 -0.3213961 0.8660237 -0.3830243 -3.56641e-5 1 -3.23653e-5 -0.4330047 0.8660304 -0.2499968 -4.64488e-5 1 -2.75671e-7 -0.4924085 0.8660225 -0.08682787 -4.41447e-5 1 4.64544e-6 -6.59749e-6 1 2.3488e-5 9.99076e-7 0.8660272 0.499997 9.45106e-6 1 4.2662e-5 0.1710075 0.8660292 0.4698404 1.71252e-5 1 3.01972e-5 3.09348e-5 1 -2.41399e-6 0.4330158 0.8660242 -0.2499989 4.44055e-6 1 -2.00169e-5 0.3214003 0.8660214 -0.3830258 3.96371e-6 1 -6.24359e-6 0.171019 0.8660175 -0.4698575 0.2961918 0.5000164 -0.81379 6.39277e-7 0.4999898 -0.8660314 -0.2961933 0.500005 -0.8137965 -3.25032e-7 0.8660374 -0.4999794 -0.171009 0.8660261 -0.4698455 4.42192e-6 1 -3.39225e-5 6.38328e-6 1 -1.08238e-5 0.5566727 0.4999938 -0.6634168 0.7499879 0.500024 -0.4330062 0.8528532 0.5000241 -0.1503912 0.492379 0.8660404 -0.0868166 0.4923936 0.8660312 0.08682447 4.41521e-5 1 4.59701e-6 4.38467e-5 1 1.60523e-5 0.4330163 0.866023 0.2500027 0.3213844 0.8660373 0.3830035 0.749991 0.5000185 0.433007 0.8528524 0.5000258 0.1503903 0.2961984 0.5000024 0.8137962 1.50548e-6 0.4999857 0.8660337 -0.2961924 0.5000144 0.813791 -0.1710121 0.8660241 0.4698479 -0.3213915 0.8660302 0.3830133 -1.71531e-5 1 3.02196e-5 -2.26572e-5 1 6.09457e-6 -0.4329796 0.8660388 0.2500112 -0.4923765 0.866041 0.08682489 -0.7500077 0.4999839 0.4330181 -0.8528541 0.5000224 0.1503911 -0.556669 0.499994 0.6634196 -0.8528748 0.4999899 -0.1503815 -0.7499911 0.5000193 -0.4330061 -0.556671 0.4999952 -0.6634172 -0.321396 0.8660238 -0.3830239 -1.22516e-5 1 -1.11312e-5 -0.4330046 0.8660306 -0.2499961 -4.08813e-5 1 1.90735e-6 -0.4924085 0.8660224 -0.08682811 -5.05075e-5 1 5.4948e-6 -1.06432e-5 1 4.25708e-5 1.0354e-6 0.8660274 0.4999969 5.4203e-6 1 2.35699e-5 0.1710075 0.8660292 0.4698403 9.41753e-6 1 1.94535e-5 4.42862e-5 1 -6.7763e-6 0.4330157 0.8660243 -0.2499989 2.78279e-5 1 -4.10303e-5 0.3214004 0.8660214 -0.383026 3.97116e-6 1 -6.05918e-6 0.1709944 0.8660397 -0.4698257 1.19362e-6 0.4999883 -0.8660322 -0.2961959 0.5000043 -0.8137959 -3.12831e-6 0.8660379 -0.4999784 -0.1710068 0.8660258 -0.4698469 4.10527e-6 1 -1.86116e-5 -6.03125e-6 1 -3.75696e-5 0.5566692 0.4999938 -0.6634197 0.7500075 0.4999853 -0.4330167 0.852854 0.500023 -0.1503904 0.4923796 0.8660399 -0.08681708 0.4923922 0.8660321 0.08682441 2.61888e-5 1 2.5779e-6 3.04952e-5 1 8.44151e-6 0.433016 0.8660233 0.2500016 0.3213849 0.8660374 0.3830026 0.7500117 0.4999776 0.4330185 0.556671 0.4999954 0.663417 0.8528508 0.500028 0.1503921 0.2961965 0.5000051 0.8137952 5.23869e-7 0.4999899 0.8660314 -0.2961886 0.5000153 0.8137919 -0.1710114 0.866025 0.4698467 -0.3213908 0.8660305 0.3830134 -1.54832e-5 1 2.7582e-5 -8.93325e-6 1 -1.83284e-6 -0.4330117 0.8660173 0.2500302 -0.4923758 0.8660413 0.08682459 -0.7500078 0.4999838 0.4330179 -0.8528532 0.5000237 0.1503919 -0.5566691 0.4999952 0.6634187 -0.8528519 0.5000268 -0.1503901 -0.7500118 0.4999785 -0.4330172 -0.5566688 0.4999946 -0.6634194 -0.3213952 0.866024 -0.3830243 -8.74884e-6 1 -8.51974e-6 -0.4330033 0.8660308 -0.2499974 -3.51202e-5 1 2.93553e-6 -0.4924094 0.866022 -0.08682775 -3.77148e-5 1 3.80725e-6 -1.23568e-5 1 4.96116e-5 -2.15881e-6 0.8660274 0.4999966 1.11721e-5 1 4.96916e-5 0.1710082 0.8660297 0.469839 1.5473e-5 1 2.77013e-5 1.9934e-5 1 7.41333e-7 0.4330156 0.8660243 -0.2499991 2.37897e-5 1 -3.78219e-5 0.3214011 0.8660212 -0.3830258 1.86861e-5 1 -3.87393e-5 0.1710168 0.8660173 -0.4698588 6.65896e-6 1 1.47768e-5 -0.1290742 0.8668023 0.4816573 -1.02222e-5 1 4.78923e-5 0.02786165 0.9707711 0.2383847 1.60439e-5 1 3.30657e-5 0.114283 0.9708022 0.2109089 1.00061e-5 1 1.89133e-5 0.1552417 0.9707941 0.182918 1.80416e-5 1 1.14739e-5 9.9428e-6 1 3.11807e-6 0.2131385 0.9707919 0.1101589 1.05835e-5 1 -2.0694e-6 0.2307758 0.9707978 0.06553173 3.2872e-5 1 2.10665e-6 0.239205 0.9707729 0.01952183 5.09918e-5 1 -1.14907e-5 0.488866 0.867229 -0.09446722 0.501432 0.8642287 0.04092752 0.7270236 0.6840388 0.05939453 0.7016748 0.6840581 0.1992909 0.8292738 0.5067838 0.2355315 0.7658169 0.5068041 0.3958209 0.8567744 0.2642886 0.4428196 0.6240822 0.2642585 0.7353155 0.4588386 0.2643285 0.8482911 0.1120209 0.2642102 0.9579375 -0.2243334 0.4986819 0.837252 0.1001499 0.5066115 0.8563381 0.08473944 0.6839485 0.7245922 0.3472591 0.6840483 0.6414741 0.2395955 0.8642222 0.4423957 0.4720522 0.683965 0.5562003 0.3256066 0.8641701 0.3836541 0.4469727 0.8642131 0.2309791 0.05842751 0.8641628 0.499809 0.9277507 0.2643008 0.2634842 0.8592869 0.5066566 0.07018142 0.8514829 0.4979015 -0.1645334 0.9612463 0.2642835 0.07848513 0.4102504 0.5068429 0.7581589 0.5578167 0.5067881 0.657272 0.6480264 0.684027 0.3349161 0.4839758 0.8642209 0.13744 0.9590059 0.2383748 -0.1532487 0.8578948 0.4979122 -0.1268861 0.8538162 0.5023767 -0.1364396 0.6755958 0.7292974 -0.1081463 0.852117 0.5023845 -0.1466515 0.6742753 0.7293063 -0.1160397 0.5010476 0.8611134 -0.08622783 0.261553 0.9641292 -0.0452215 0.2620596 0.9641424 -0.04188311 -3.08454e-6 1 4.97047e-6 1.55717e-6 1 -4.65196e-6 3.85195e-5 1 8.11927e-6 0.4925594 0.8672257 -0.07283353 0.5020473 0.8611109 -0.08022761 1.01328e-6 1 -5.01721e-6 0.9571018 0.238383 -0.1647115 2.25417e-5 1 -1.29286e-5 0.2198208 0.9706642 -0.09741669 0.4603142 0.8639981 -0.2040055 0.6670735 0.6837881 -0.2957141 0.3927464 0.8639322 -0.3152325 0.5691058 0.6836777 -0.4568407 0.3173053 0.8641338 -0.3906277 0.4599047 0.6840285 -0.566209 0.09761226 0.8641811 -0.4936224 0.1415154 0.6840882 -0.7155395 2.08241e-5 0.8667661 -0.4987151 -4.36828e-5 0.4987111 -0.8667684 0.1672869 0.5064395 -0.8458925 0.1870803 0.2642108 -0.9461467 0.6081233 0.2638235 -0.7487211 0.7521904 0.2639327 -0.603779 0.8817849 0.2640002 -0.3908443 0.7884271 0.5061938 -0.3495006 0.04658353 0.9706985 -0.2357424 7.78586e-6 1 -1.61603e-5 7.41705e-6 1 -3.29297e-5 0.1514654 0.9707173 -0.1864569 2.01473e-5 1 -1.08154e-5 0.1875317 0.9706586 -0.1505116 0.6725658 0.5061499 -0.5398774 0.5436149 0.5065208 -0.669268 1.32416e-5 1 -3.19257e-5 2.93925e-6 0.8660238 -0.5000029 -2.5332e-6 0.5000039 -0.8660233 1.13025e-5 1 -2.81632e-6 0.171028 0.8660295 -0.4698324 6.67944e-6 1 -1.50651e-5 0.3213784 0.8660178 -0.3830524 2.31415e-5 1 -3.02494e-6 0.4330306 0.8660179 -0.2499952 1.8023e-5 1 -2.01911e-6 0.4923986 0.8660286 -0.08682203 6.92904e-6 1 4.84288e-7 0.4923891 0.8660361 0.08680099 2.33501e-5 1 2.84016e-5 0.4329774 0.8660366 0.2500222 2.01613e-5 1 1.69203e-5 0.321372 0.8660375 0.3830131 1.03563e-6 1 2.92808e-5 0.1710142 0.866022 0.4698512 -2.95788e-6 1 3.75584e-5 2.17222e-5 0.8660298 0.4999924 0.2961982 0.4999983 0.8137987 2.80589e-5 0.5000063 0.8660218 0.5566551 0.500017 0.663414 0.749993 0.5000088 0.4330147 0.8528723 0.499994 0.1503834 0.8528687 0.5000004 -0.1503813 0.7500079 0.499987 -0.4330142 0.5566659 0.5000073 -0.6634122 0.2962042 0.4999911 -0.8138011 -1.13109e-5 1 3.83183e-5 -3.31849e-5 0.8667336 0.4987716 -7.44686e-6 0.4987075 0.8667703 -1.44355e-7 1 -5.47618e-6 0.0770201 0.9704201 0.2288078 0.1608943 0.8635694 0.4778714 0.2329974 0.6834165 0.6918483 0.2974946 0.8634556 0.407359 0.4306801 0.6832442 0.5896542 0.387465 0.863861 0.3218933 0.5611658 0.683899 0.466235 0.4648374 0.8639205 0.193824 0.6732886 0.6839853 0.2807964 0.500529 0.8639262 0.05569875 0.7250142 0.683987 0.0807237 0.494523 0.8672059 -0.05831986 0.8612392 0.4979423 -0.1015896 0.8573908 0.5057315 0.09548223 0.9586572 0.2637906 0.1067289 0.8902517 0.2638125 0.3712884 0.7419502 0.2637799 0.6163848 0.5690084 0.2633078 0.7790369 0.663493 0.5058745 0.5512422 0.5090472 0.5051425 0.6969234 0.2754553 0.5052014 0.8178607 0.3078815 0.2634295 0.9142286 0.239626 0.9704995 0.02664983 3.3021e-5 1 -3.06964e-6 9.18098e-6 1 1.41189e-6 0.2224636 0.9705193 0.09274941 2.07666e-5 1 1.42455e-5 0.1854009 0.9705169 0.1540248 0.142399 0.970413 0.1949901 0.7961558 0.5058488 0.3320437 0.9711479 0.2384057 -0.005867123 0.8671766 0.4979543 0.006804883 0.8645924 0.5024467 -0.005214452 0.6841725 0.7293089 -0.00408554 0.6840502 0.7293202 -0.01293712 0.5083588 0.8610917 -0.009611427 0.6838414 0.7293155 -0.02144449 0.5082144 0.8610833 -0.01593565 0.6835533 0.7292976 -0.02966338 0.5079841 0.8610843 -0.02204608 0.6831626 0.7292979 -0.03759598 0.5076839 0.8610904 -0.02793854 0.5072658 0.8610985 -0.03450846 0.2648872 0.9641108 -0.01803505 0.2645393 0.964134 -0.02156025 1.10418e-5 1 6.01965e-5 0.2641711 0.9641166 -0.02632141 0.4979514 0.8671962 0.003915905 0.5084483 0.8610872 -0.003072261 0.2654549 0.9641104 -0.004994034 0.2653411 0.9641188 -0.008320748 0.2652064 0.9641234 -0.01148265 0.2650169 0.9641335 -0.01458805 3.241e-6 1 5.53112e-6 0.2653409 0.9641534 -0.001601636 2.63005e-5 1 7.55629e-6 2.31043e-5 1 -5.88832e-5 5.20796e-6 1 -5.38095e-6 0.6808189 0.7293037 -0.06783664 0.5059478 0.8610897 -0.05041295 0.5067591 0.8610987 -0.04128384 0.96638 0.2384083 -0.09628719 0.8603687 0.5024109 -0.08572769 0.8617413 0.5024627 -0.07023745 0.681932 0.7293029 -0.05555129 0.8626274 0.5024243 -0.05868589 0.6826149 0.7293013 -0.04643839 0.8633045 0.5024417 -0.04751551 0.967962 0.2383936 -0.07885468 0.9689233 0.2384157 -0.06592071 0.9696999 0.238399 -0.05336588 0.9702569 0.2383877 -0.04210567 0.9706853 0.2384181 -0.03044611 0.8641415 0.5025192 -0.02709484 0.8644392 0.5024719 -0.0163421 0.9709846 0.2384368 -0.01835715 0.8638134 0.5024155 -0.03748637 3.00258e-5 1 -1.83294e-5 0.2306823 0.970519 -0.06984698 0.482271 0.863758 -0.1460718 0.6985108 0.6835863 -0.2116426 0.4214374 0.8636505 -0.2765834 0.6102778 0.6834522 -0.4005672 0.3459163 0.86397 -0.3659204 0.501165 0.6839498 -0.5301381 0.2326393 0.8640038 -0.4465157 0.3370851 0.6840502 -0.6468763 0.1072717 0.8640101 -0.491914 0.15544 0.6840276 -0.7127024 -4.07826e-6 0.8667392 -0.4987617 -2.9685e-5 0.4987345 -0.8667549 0.183775 0.5061043 -0.8426655 0.2055078 0.2640126 -0.9423714 0.4457185 0.2640218 -0.8553524 0.6625757 0.2639866 -0.7009313 0.8064235 0.2636463 -0.5293127 0.5924496 0.5061787 -0.6267269 0.7212479 0.5056393 -0.4734241 0.8256649 0.5056643 -0.2501622 0.923163 0.2637246 -0.2796777 0.05128067 0.9705836 -0.2352398 -5.87851e-6 1 -4.69312e-5 8.37818e-6 1 -3.89572e-5 0.1112031 0.9706018 -0.2134622 9.91672e-6 1 -3.68431e-6 0.1653496 0.9706 -0.1749145 0.2015219 0.9705143 -0.1322531 0.3985334 0.5061991 -0.7648095 1.48555e-5 1 -5.16623e-5 7.23824e-6 0.866026 -0.4999989 4.05908e-5 0.5000096 -0.8660199 1.16751e-5 1 -5.14835e-6 0.1710292 0.866029 -0.4698326 1.82725e-5 1 -2.9847e-5 0.3213773 0.8660179 -0.383053 2.53394e-5 1 -3.32296e-6 0.433002 0.8660272 -0.2500123 9.86457e-6 1 0 0.4923998 0.8660281 -0.08682107 3.25888e-5 1 2.72505e-6 0.4923992 0.8660276 0.08682978 4.08962e-5 1 1.48788e-5 0.4329792 0.8660359 0.2500218 3.64333e-5 1 3.68655e-5 0.32137 0.8660385 0.3830128 1.18837e-6 1 3.04505e-5 0.1710166 0.8660198 0.4698545 -7.80448e-7 1 5.2467e-5 2.68556e-5 0.86603 0.4999921 0.2961775 0.500027 0.8137887 3.62694e-5 0.5000017 0.8660244 0.5566629 0.5000066 0.6634153 0.7499865 0.5000187 0.4330147 0.852862 0.5000115 0.1503831 0.8528596 0.5000159 -0.1503819 0.7500002 0.4999987 -0.4330139 0.5566707 0.5000013 -0.6634129 0.2961837 0.5000191 -0.8137912 -1.73347e-5 1 2.67252e-5 -3.29623e-5 0.8667224 0.498791 -8.67993e-6 0.4987294 0.8667578 8.3521e-6 1 5.20051e-6 0.06935042 0.9705647 0.2306398 0.1450954 0.863824 0.4824473 0.2102363 0.6836632 0.69886 0.2720898 0.863741 0.4241684 0.3941395 0.6835255 0.6143673 0.3600698 0.8640001 0.3519285 0.5216854 0.6839952 0.5098971 0.4402991 0.8640435 0.2440605 0.6379396 0.6840695 0.3536694 0.4879019 0.8640657 0.1238638 0.7070043 0.6840382 0.1795458 0.4975696 0.8671965 0.01987493 0.8665068 0.4979619 0.0346415 0.8358677 0.5062352 0.2122528 0.9348273 0.2641071 0.237372 0.8435385 0.2641068 0.4676434 0.6897359 0.2640804 0.6741855 0.5208403 0.2637454 0.8118891 0.6166875 0.5063171 0.6027767 0.4657937 0.5058113 0.7260794 0.2485128 0.505864 0.8260407 0.2778556 0.2638358 0.9236813 0.2332413 0.9706164 0.05918186 4.61713e-5 1 3.01004e-6 9.78261e-6 1 3.39374e-6 0.2104205 0.9706292 0.1166291 1.00434e-5 1 8.82894e-6 0.1720312 0.9706349 0.1681465 0.1300405 0.9705603 0.2027372 0.7541985 0.506323 0.4181171 0.9682977 0.238394 0.07461804 0.8626078 0.4979746 0.08904594 0.8620625 0.5024277 0.06644272 0.6821473 0.729323 0.05256575 0.8630268 0.5024088 0.05263316 0.6828901 0.7293212 0.04185616 0.6834498 0.7293035 0.03182554 0.5078874 0.8610987 0.02365404 0.6835274 0.7292944 0.03033506 0.5079737 0.8610777 0.02254074 0.2652081 0.9641185 0.01183873 8.3521e-6 1 1.39629e-6 0.2652013 0.9641141 0.01234138 0.2649561 0.964125 0.01616311 0.5075339 0.8610706 0.03109604 0.2646445 0.9641282 0.02049666 0.506963 0.8610821 0.03906756 0.4953466 0.86719 0.05112171 4.36753e-5 1 -5.43008e-6 2.6986e-5 1 -1.31316e-6 2.16141e-5 1 -4.57745e-6 0.8637583 0.5024495 0.0382924 0.863668 0.5024482 0.04029178 0.9693635 0.2384092 0.05912268 0.9702147 0.2383905 0.04305124 0.9701133 0.2384102 0.04517406 4.79072e-6 1 4.44939e-7 0.2322729 0.9708155 -0.05972242 0.4872015 0.8642566 -0.1252804 0.7063906 0.6841092 -0.1816783 0.4133269 0.8642362 -0.2868044 0.5992469 0.6840792 -0.4158593 0.3597809 0.8642358 -0.3516454 0.5216063 0.6840745 -0.5098715 0.1990703 0.8642179 -0.4620591 0.2885965 0.6840402 -0.6699262 0.1036384 0.8642535 -0.4922651 0.1502946 0.6840999 -0.7137359 0.006196796 0.8642394 -0.5030426 0.009006738 0.684073 -0.729358 -0.1291317 0.8667168 -0.4817959 -0.2243358 0.4987339 -0.8372204 0.01067286 0.506873 -0.8619547 0.01191782 0.2644311 -0.964331 0.1986914 0.264447 -0.9437105 0.381576 0.264436 -0.8857051 0.6896759 0.2644665 -0.6740954 0.7923043 0.2644713 -0.5498262 0.9340031 0.2644594 -0.2402076 0.834802 0.5069555 -0.2147133 0.002959132 0.9708021 -0.2398639 4.29153e-6 1 -4.55529e-5 1.61491e-6 1 4.60073e-6 -3.30806e-6 1 4.47035e-6 0.04940986 0.9708118 -0.2346981 0.09487688 0.9708195 -0.220245 1.93715e-7 1 3.94881e-7 2.30596e-5 1 -2.54847e-5 0.1714794 0.9708231 -0.1676229 1.5907e-5 1 -8.88668e-6 0.1969933 0.9708282 -0.1366981 2.37674e-5 1 -3.17581e-6 0.7081196 0.5070524 -0.4913904 0.6163808 0.5070582 -0.6024672 0.3410467 0.5069962 -0.7916074 0.1776139 0.5069801 -0.8434599 -6.65337e-6 1 -1.51098e-5 -0.1293874 0.8660281 -0.482964 -0.2241511 0.4999998 -0.8365145 5.90459e-7 1 -1.45212e-5 -0.04357701 0.8660311 -0.4980876 1.80788e-5 1 -1.02893e-5 0.04356569 0.8660222 -0.498104 2.19978e-6 1 -3.22089e-5 0.1293896 0.866028 -0.4829637 0.07547849 0.5000091 -0.8627247 0.2241366 0.5000006 -0.8365179 -0.07551282 0.4999963 -0.8627291 1.35042e-5 1 -3.618e-5 0.1291006 0.866706 -0.4818235 0.2243182 0.4987377 -0.8372229 3.54089e-6 1 -4.06802e-5 -0.0222094 0.970813 -0.2388075 -0.04659801 0.8642452 -0.5009083 -0.06759756 0.6840999 -0.7262493 -0.2177855 0.8642394 -0.4534972 -0.3157602 0.6840817 -0.6575164 -0.290297 0.8642312 -0.410892 -0.4208689 0.6840686 -0.5957513 -0.4247307 0.8642166 -0.269692 -0.615789 0.6840471 -0.3910034 -0.4696829 0.8642385 -0.1802498 -0.6809555 0.6840987 -0.2613593 -0.495732 0.8642342 -0.08572638 -0.7187479 0.6840609 -0.1243469 -0.4953401 0.8671925 0.0511431 -0.862611 0.4979677 0.08905315 -0.8494096 0.5068641 -0.1469421 -0.9502958 0.2644217 -0.1643749 -0.9003688 0.264456 -0.3455416 -0.8141558 0.264441 -0.5169346 -0.5564641 0.2644556 -0.7876617 -0.4174865 0.264472 -0.8693444 -0.08936321 0.2644641 -0.9602463 -0.07988733 0.5069587 -0.8582605 -0.2364031 0.970795 -0.04087436 -4.56646e-5 1 6.49318e-6 -2.63378e-5 1 -1.87196e-6 -3.66569e-5 1 -1.18986e-5 -0.2238985 0.9708178 -0.08592051 -0.202464 0.9708149 -0.1285567 -1.26278e-5 1 -3.58745e-6 -2.18377e-5 1 -2.84351e-5 -0.1383424 0.97083 -0.1958326 3.71132e-7 1 1.58697e-6 -0.1038025 0.9708315 -0.2161277 -2.94123e-6 1 -1.68234e-5 -0.3731536 0.5070586 -0.7769479 -0.4973167 0.5070634 -0.7039623 -0.7276663 0.5070096 -0.4619991 -0.8047107 0.5069994 -0.3088564 -0.9693642 0.2384064 0.05912309 -0.8665077 0.4979619 0.03461909 -0.8630269 0.5024044 0.05267518 -0.6829372 0.7292888 0.04165107 -0.8621927 0.502408 0.0648837 -0.6822612 0.7293016 0.05137068 -0.5070031 0.8610984 0.03817814 -0.2647415 0.9641133 0.01993876 -0.2649673 0.9641221 0.01615619 3.1516e-6 1 -1.86544e-6 -3.28571e-6 1 1.87685e-6 -1.12504e-5 1 -1.41943e-5 -0.4975692 0.8671966 0.01987409 -0.5075273 0.8610796 0.03095394 -3.78117e-6 1 6.18678e-6 -0.9683867 0.2383812 0.07349729 -1.4849e-5 1 2.35811e-6 -0.2276797 0.9705662 0.07850623 -0.476287 0.8638137 0.1642457 -0.6899098 0.683662 0.2379724 -0.412987 0.8637322 0.2888056 -0.5981446 0.6835243 0.4183512 -0.3372685 0.8640099 0.3738139 -0.4886671 0.6839903 0.5416289 -0.2262783 0.8640536 0.4496772 -0.3279188 0.6840727 0.6515473 -0.1042898 0.8640646 0.4924592 -0.1511803 0.6840355 0.7136105 0 0.8667427 0.4987556 5.06639e-5 0.498742 0.8667504 -0.1787285 0.5062239 0.8436786 -0.1998622 0.2640988 0.9435608 -0.4335786 0.2641244 0.8615381 -0.6460909 0.2640637 0.7161265 -0.790451 0.2637439 0.5528349 -0.5776763 0.506313 0.6402635 -0.706902 0.5058133 0.4944114 -0.8154699 0.5058503 0.2812905 -0.9118501 0.263838 0.3145141 -0.0498417 0.9706189 0.2354034 7.10785e-6 1 3.90485e-5 -5.66989e-6 1 2.27336e-5 -0.108124 0.9706343 0.2148913 1.57207e-6 1 -3.50364e-6 -0.1611662 0.9706259 0.1786361 -0.1974013 0.9705558 0.1380373 -0.3876754 0.5063287 0.7702851 -1.30376e-5 1 2.67774e-5 -2.70195e-5 0.866028 0.4999957 -1.20029e-5 0.5000033 0.8660236 -1.66427e-5 1 1.95876e-5 -0.1710292 0.8660288 0.4698332 -2.39089e-5 1 3.65153e-5 -0.3213781 0.8660177 0.3830528 -1.90139e-5 1 -6.25849e-7 -0.4330017 0.8660274 0.2500123 -3.35723e-5 1 4.37722e-6 -0.4923985 0.8660287 0.0868209 -1.93566e-5 1 -3.91129e-7 -0.4923986 0.8660279 -0.08683013 -4.80115e-5 1 -1.87233e-5 -0.43298 0.8660355 -0.2500218 -3.09125e-5 1 -3.01898e-5 -0.3213691 0.8660388 -0.383013 4.61191e-6 1 -1.61305e-5 -0.1710159 0.86602 -0.4698541 2.86289e-6 1 -2.53245e-5 -1.91703e-5 0.8660275 -0.4999964 -0.2961754 0.5000274 -0.8137892 -3.37735e-5 0.5000015 -0.8660247 -0.5566641 0.5000081 -0.6634132 -0.7499877 0.5000175 -0.4330137 -0.8528621 0.5000112 -0.1503835 -0.8528598 0.5000156 0.1503816 -0.7499989 0.5 0.4330148 -0.5566695 0.4999997 0.663415 -0.2961841 0.5000172 0.8137924 5.82729e-6 1 -2.75448e-5 1.57636e-5 0.8667191 -0.4987967 1.41375e-5 0.4987287 -0.8667582 -6.0508e-6 1 -1.37389e-5 -0.06421875 0.9705813 -0.2320519 -0.134312 0.8640005 -0.4852459 -0.1946283 0.6840044 -0.7030348 -0.2571351 0.8640429 -0.4327952 -0.3726184 0.6840584 -0.6270723 -0.3459409 0.8639566 -0.3659288 -0.5011552 0.6839537 -0.5301423 -0.4372642 0.8636149 -0.2509369 -0.6331822 0.6833727 -0.3634309 -0.4900537 0.8638366 -0.1167641 -0.709834 0.6837536 -0.1691649 -0.4979564 0.8671933 0.003908932 -0.8671746 0.4979575 0.006822824 -0.8391476 0.5057923 -0.2000139 -0.9382983 0.2638084 -0.2236102 -0.8366162 0.2635902 -0.4802016 -0.6625922 0.263999 -0.700911 -0.4926786 0.2640777 -0.8291748 -0.2573449 0.2640051 -0.9295563 -0.2301397 0.5060554 -0.8312302 -0.2343717 0.9705427 -0.05582988 -2.77683e-5 1 1.13919e-5 -2.75141e-5 1 -5.53951e-6 -0.2091022 0.9705041 -0.1199918 -7.689e-6 1 -1.00173e-5 -0.165369 0.9705942 -0.174929 -0.1229135 0.9706114 -0.2068958 -0.44053 0.5062741 -0.7413636 -0.5924785 0.5061706 -0.6267063 -0.748294 0.5055492 -0.429507 -0.96638 0.2384092 -0.09628522 -0.861243 0.4979384 -0.1015771 -0.8603445 0.5024521 -0.0857284 -0.6808239 0.7293042 -0.06778192 -0.8617628 0.5024292 -0.07021421 -0.6819317 0.7293033 -0.05555152 -0.8626275 0.502424 -0.05868595 -0.6826126 0.7293008 -0.04648131 -0.8632931 0.502464 -0.04748946 -0.683147 0.7293127 -0.03759348 -0.8639257 0.5024666 -0.03405833 -0.6836501 0.7293141 -0.02690041 -0.8643304 0.5025283 -0.01995629 -0.6840086 0.7293041 -0.01574498 -0.8646079 0.5024202 -0.005231916 -0.6841686 0.7293121 -0.004132926 -0.8646202 0.5024185 0.002759575 -0.6841745 0.7293151 0.002184152 -0.5084593 0.8610845 0.001623272 -0.2654962 0.9641116 7.57709e-4 -0.2654492 0.9641236 -0.001609146 -2.82899e-5 1 -8.15978e-6 -0.2653991 0.9641191 -0.006131589 -3.73274e-5 1 1.4375e-6 -0.2652929 0.9641112 -0.0104621 -2.65241e-6 1 -1.56858e-6 -0.2651174 0.9641057 -0.01459532 -0.2648885 0.9641106 -0.01802051 -0.5076786 0.8610934 -0.02793836 -0.5072641 0.8610984 -0.03453558 -0.4945316 0.8672018 -0.05830729 -0.5059479 0.8610895 -0.05041378 -0.5067593 0.8610987 -0.04128193 -0.2641736 0.9641166 -0.02630037 -1.39251e-5 1 -1.77603e-6 -6.08713e-6 1 7.28294e-7 -0.2645837 0.9641218 -0.02155554 -0.9711687 0.2383732 0.003103137 -0.9708979 0.2384411 -0.02242851 -0.9711513 0.2383921 -0.005867123 -0.9696977 0.2384088 -0.05336368 -0.9704122 0.2384028 -0.0382663 -0.9689241 0.2384158 -0.06591099 -0.9679621 0.2383934 -0.07885473 -0.5080404 0.8611004 -0.02003109 -0.5083173 0.8610898 -0.01174443 -0.5084251 0.8611007 -0.003074586 -1.72406e-5 1 1.08723e-5 -0.2375225 0.9704977 0.0414409 -0.4961664 0.8638988 0.08659023 -0.7186825 0.6839211 0.1254888 -0.4516989 0.863954 0.2226024 -0.6542776 0.6840595 0.3224647 -0.3874534 0.863861 0.3219073 -0.5611522 0.683911 0.466234 -0.2697204 0.8633981 0.4263738 -0.3904618 0.6831409 0.6171371 -0.1281287 0.863709 0.4874319 -0.1856318 0.6835983 0.705857 1.52047e-5 0.8667316 0.4987749 7.2699e-6 0.4987096 0.8667693 -0.2194712 0.505377 0.8345218 -0.2453179 0.2635667 0.9329264 -0.5157892 0.2632721 0.8152604 -0.7419242 0.263775 0.6164181 -0.8651801 0.2638576 0.4264304 -0.6634991 0.5058593 0.5512489 -0.7736883 0.5059502 0.3813409 -0.849852 0.5057015 0.1483829 -0.9502206 0.2637568 0.1658715 -0.06133455 0.9704445 0.2334004 9.53674e-6 1 5.2005e-5 -1.75238e-5 1 3.31532e-5 -0.1291101 0.970395 0.2041181 -1.46367e-5 1 1.33738e-5 -0.1854031 0.9705141 0.1540399 -0.2161366 0.9705366 0.1065074 -0.4614832 0.5050071 0.7293841 -1.20588e-5 1 1.18837e-5 -6.04615e-6 0.8660244 0.5000019 -3.81619e-5 0.5000066 0.8660216 -1.60038e-5 1 1.83433e-5 -0.1710293 0.8660303 0.4698303 -7.0408e-6 1 1.6734e-5 -0.3213784 0.8660176 0.383053 -3.8065e-5 1 1.05351e-5 -0.4330286 0.8660189 0.2499949 -1.07288e-5 1 7.82311e-7 -0.4924005 0.8660275 0.08682286 -1.33142e-5 1 -2.18672e-6 -0.492387 0.8660374 -0.08680075 -1.02073e-5 1 -1.97552e-5 -0.4329795 0.8660358 -0.2500218 -1.87308e-5 1 -1.59293e-5 -0.3213706 0.8660383 -0.3830127 4.98071e-6 1 -1.39251e-5 -0.1710163 0.86602 -0.4698541 9.6485e-7 1 -4.29302e-5 -3.12701e-5 0.8660306 -0.4999909 -0.2961977 0.5000008 -0.8137975 -3.27677e-5 0.5000041 -0.8660232 -0.5566586 0.5000136 -0.6634137 -0.7499951 0.500008 -0.433012 -0.8528704 0.4999969 -0.1503833 -0.8528696 0.4999989 0.1503815 -0.7500072 0.4999897 0.4330123 -0.5566633 0.500009 0.6634133 -0.2961797 0.5000233 0.8137902 5.66151e-6 1 -2.9549e-5 2.96859e-5 0.8667432 -0.4987549 2.14614e-5 0.4986999 -0.8667747 -7.63591e-6 1 -1.33291e-5 -0.06418997 0.9706597 -0.2317311 -0.1344671 0.8640027 -0.4851988 -0.1949265 0.6837961 -0.7031548 -0.2543836 0.8639212 -0.4346598 -0.3686563 0.6836878 -0.6298124 -0.3400188 0.8641311 -0.3710321 -0.4928298 0.6840246 -0.5378003 -0.4740332 0.8641793 -0.1687802 -0.6871312 0.6840929 -0.2446787 -0.4925494 0.8672314 -0.07283377 -0.8578956 0.4979159 -0.1268668 -0.8123219 0.506441 -0.2892245 -0.9085956 0.2642059 -0.3234955 -0.6515972 0.2641885 -0.7110736 -0.4872401 0.2639327 -0.8324282 -0.2576342 0.2640013 -0.9294772 -0.2304008 0.5061742 -0.8310856 -0.2263716 0.9707028 -0.0805729 -3.54797e-5 1 1.51992e-6 -3.1665e-7 1 4.19095e-6 -0.1623125 0.9707125 -0.177121 -1.81329e-6 1 -8.55699e-6 -0.1214588 0.9706577 -0.2075368 -0.4356781 0.5061551 -0.7443062 -0.5825302 0.5065202 -0.6356856 -0.8514727 0.497924 -0.1645181 -0.957516 0.2383651 -0.1623123 -0.9590069 0.2383724 -0.153247 -0.8537893 0.5024315 -0.1364052 -0.6756342 0.7292887 -0.1079652 -0.6745612 0.7293094 -0.1143462 -0.5012693 0.8611094 -0.08497053 -0.4888681 0.8672275 -0.09446996 -0.2617272 0.9641197 -0.04440867 -2.55108e-5 1 -1.546e-7 -1.97813e-5 1 -1.015e-5 -0.8524767 0.5023894 -0.1445283 -3.21567e-5 1 -4.15929e-6 -0.262082 0.9641365 -0.04188078 -0.5020432 0.8611136 -0.08022618 -2.5779e-6 1 -3.91714e-6 -3.44217e-5 1 9.16654e-6 -0.2398896 0.9707797 0.006310939 -0.5028948 0.8642465 0.0132265 -0.7291671 0.6840662 0.01920676 -0.4886692 0.8642377 0.1195647 -0.7085285 0.6840538 0.1733714 -0.4657628 0.864243 0.1901294 -0.6752945 0.6840822 0.2756972 -0.3982143 0.8641126 0.3077901 -0.5772389 0.6839023 0.4461758 -0.3024842 0.8641916 0.4020897 -0.4385373 0.6840127 0.5829336 -0.1829678 0.8642009 0.4687002 -0.2652766 0.6840363 0.6795019 -0.05150508 0.8641724 0.5005529 -0.07470554 0.6839382 0.725705 0.1290977 0.8667356 0.4817711 0.2243559 0.498564 0.8373163 -0.08827036 0.5066183 0.8576399 -0.09872478 0.2642153 0.9593976 -0.3507297 0.2642819 0.8984118 -0.5797942 0.2642704 0.7707139 -0.763085 0.2642109 0.5898254 -0.8928908 0.2643266 0.3645238 -0.9368062 0.2642989 0.2292165 -0.9641076 0.2642967 0.0253725 -0.8618512 0.5066529 0.02270102 -0.02455919 0.9707723 0.238743 -6.4373e-6 1 4.6283e-5 2.57045e-7 1 4.2744e-5 8.00937e-7 1 4.80935e-6 -0.0872479 0.9707921 0.2234963 -1.90139e-5 1 1.81422e-5 -0.1442263 0.9707945 0.1917211 -2.29105e-6 1 2.82284e-6 -0.1898784 0.9707772 0.1467582 -3.66196e-6 1 8.72184e-6 -0.2221114 0.9707955 0.09067922 -6.44848e-6 1 6.18026e-6 -0.2330777 0.9707853 0.05701541 -0.8373989 0.5067384 0.2048884 -0.7980943 0.5068433 0.3258153 -0.6821026 0.5067172 0.5272323 -0.518244 0.5068081 0.6888895 -0.3135039 0.5067924 0.8030422 7.65175e-6 1 2.73809e-5 0.1293988 0.8660266 0.4829636 0.2241221 0.4999949 0.8365252 0.2588062 3.79048e-5 0.9659293 -0.258826 -9.71602e-7 0.965924 -0.258821 2.09659e-5 0.9659253 4.8281e-5 -1 -2.99886e-7 0 -1 0 2.99937e-5 -1 -1.33924e-6 0 -1 0 0 -1 0 0 -1 1.34654e-7 -3.00099e-5 -1 3.08268e-7 -4.82923e-5 -1 -2.15881e-6 0.258795 2.19699e-6 0.9659323 0 -1 -1.64546e-7 0 -1 0 0 -1 -4.87103e-7 0 -1 -8.10921e-7 0 -1 3.40362e-7 0 -1 1.49239e-6 0 -1 -9.01751e-7 0 -1 7.67701e-6 0 -1 0 0 -1 0 0 -1 -1.94907e-7 0 -1 -5.96363e-7 0 -1 0 0 -1 -5.02714e-7 0 -1 4.22613e-7 0 -1 0 0 -1 0 0 -1 2.09552e-7 0 -1 1.41899e-7 0 -1 5.65356e-7 0 -1 2.23331e-7 0 -1 -1.71673e-6 0 -1 0 0 -1 -1.38229e-6 0 -1 0 0 -1 1.2798e-7 0 -1 0 0 -1 -1.05806e-6 0 -1 4.93367e-7 0 -1 2.34152e-7 0 -1 0 0 -1 2.90547e-7 0 -1 0 0 -1 0 0 -1 -3.31009e-7 0 -1 0 0 -1 0 0 -1 0 0 -1 0 0 -1 0 0 -1 0 0 -1 0 0 -1 0 0 -1 3.48754e-7 0 -1 3.43998e-7 0 -1 2.05214e-6 0 -1 2.81616e-6 0 -1 0 0 -1 -2.11454e-7 0 -1 2.08543e-7 0 -1 -2.14265e-7 0 -1 -1.37429e-7 0 -1 -2.98484e-7 0 -1 0 0 -1 -6.93025e-7 0 -1 1.6403e-7 0 -1 1.66879e-6 0 -1 1.46035e-7 0 -1 0 0 -1 -2.29822e-7 0 -1 0 0 -1 1.89323e-7 0 -1 2.06614e-6 0 -1 0 0 -1 1.79661e-7 0 -1 2.08543e-7 0 -1 -2.12978e-7 0 -1 0 0 -1 -3.83815e-7 0 -1 0 0 -1 0 0 -1 -2.29822e-7 0 -1 -1.33423e-7 0 -1 0 0 -1 -2.7651e-7 0 -1 1.79917e-6 0 -1 -6.73796e-7 0 -1 1.75268e-7 0 -1 0 0 -1 -3.14282e-7 0 -1 -8.05381e-7 0 -1 3.30163e-7 0 -1 3.96913e-7 0 -1 -3.27478e-7 0 -1 0 0 -1 0 0 -1 2.42799e-7 0 -1 0 0 -1 -2.2454e-7 0 -1 -1.94907e-7 0 -1 0 0 -1 -5.79544e-7 0 -1 3.27475e-7 0 -1 -5.02715e-7 0 -1 4.22612e-7 0 -1 0 0 -1 0 0 -1 1.17087e-6 0 -1 -2.2761e-7 0 -1 -4.48928e-7 0 -1 -2.20926e-7 0 -1 3.81525e-7 0 -1 1.53541e-5 0 -1 7.31954e-7 0 -1 -1.38679e-7 0 -1 -3.21488e-7 0 -1 -1.27343e-7 0 -1 0 0 -1 -3.45181e-6 0 -1 -1.89239e-6 0 -1 1.95242e-6 0 -1 0 0 -1 3.62292e-7 0 -1 1.72894e-7 0 -1 -2.17601e-7 0 -1 8.07213e-7 0 -1 -1.88556e-7 0 -1 0 0 -1 0 0 -1 0 0 -1 1.28168e-7 0 -1 0 0 -1 0 0 -1 7.07858e-7 0 -1 -8.81403e-7 0 -1 8.4538e-7 0 -1 2.05563e-7 0 -1 0 0 -1 2.36063e-6 -7.53254e-6 1 4.49717e-5 -0.1293838 0.8660287 0.482964 -0.2241167 0.4999945 0.836527 -1.1716e-6 1 -7.08247e-6 2.84612e-6 1 -1.91294e-6 0 1 0 -7.01845e-6 1 4.93228e-5 0 1 0 0 1 0 0 1 0 0 1 0 1.15708e-5 1 3.13856e-5 7.61822e-6 1 2.96198e-5 6.8266e-6 1 2.65893e-5 0.2288349 2.54415e-5 0.9734653 0.2011142 0.4703744 0.8592445 0.238848 5.15357e-5 0.971057 0.2488459 1.84104e-5 0.9685431 0.1257635 0.8298757 0.54359 0.06421774 0.9576299 0.2807508 -0.3811433 -0.924516 -9.13162e-7 -0.3814917 -0.9243722 2.06288e-7 -0.7047908 -0.7094152 -5.45755e-7 -0.7053208 -0.7088884 8.13277e-7 -0.9226563 -0.3856235 2.65893e-7 -0.9229493 -0.3849219 6.23404e-7 -1 -4.74723e-5 1.55158e-6 -1 -3.52412e-5 -3.08926e-6 0.3811435 -0.924516 -7.81845e-7 0.381492 -0.9243721 1.32713e-7 0.7047908 -0.7094151 -7.63452e-7 0.705321 -0.7088881 6.39819e-7 0.9226559 -0.3856243 2.04775e-7 0.9229376 -0.3849496 -2.78436e-7 1 -5.20961e-6 -2.25054e-6 1 -3.37288e-5 8.66349e-7 0.1305259 1.87242e-6 0.991445 0.2018908 2.23666e-5 0.979408 0.2217955 3.14903e-6 0.9750933 0.2288491 5.28409e-7 0.9734619 0 1.75582e-5 1 0.04595011 -5.50721e-5 0.9989438 0.1373158 -2.53087e-7 0.9905274 0.1722198 7.73464e-7 0.9850586 -0.04595011 -5.50725e-5 0.9989438 -0.1305264 1.22264e-5 0.9914448 -0.1373124 2.23969e-7 0.9905279 -0.1722057 -9.10833e-6 0.9850611 -0.2018734 1.00699e-5 0.9794116 -0.2217942 3.53763e-6 0.9750936 -0.2288491 0 0.973462 -0.2488597 1.88781e-5 0.9685397 -0.2388653 5.09359e-5 0.9710527 -0.2288368 2.53841e-5 0.9734649 -0.06401032 0.9579039 0.2798622 -0.1257635 0.8298763 0.5435891 -0.2011141 0.4703715 0.859246 -0.8660297 0 -0.4999925 -0.8660489 0 -0.4999594 -1 0 -8.49499e-6 -1 0 9.59488e-6 -0.8660454 0 0.4999653 -0.8660438 0 0.4999682 -0.4999695 0 0.8660432 -0.4999904 0 0.8660311 2.57796e-5 0 1 -2.58091e-5 0 1 0.4999902 0 0.8660311 0.4999695 0 0.866043 0.8660438 0 0.4999684 0.8660454 0 0.4999653 1 0 9.59488e-6 1 0 -8.50482e-6 0.8660488 0 -0.4999595 0.8660298 0 -0.4999925 0.4999683 0 -0.8660438 0.4999718 0 -0.8660417 -2.57796e-5 0 -1 2.58091e-5 0 -1 -0.4999717 0 -0.8660417 -0.4999684 0 -0.8660437 -0.866043 0 -0.4999696 -0.8660346 0 -0.4999841 -1 0 -9.56542e-6 -1 0 1.23742e-6 -0.8660383 0 0.4999778 -0.866043 0 0.4999696 -0.4999769 0 0.8660388 -0.4999676 0 0.8660442 -2.95213e-5 0 1 2.89419e-5 0 1 0.4999679 0 0.8660439 0.4999773 0 0.8660385 0.8660433 0 0.499969 0.8660387 0 0.4999771 1 0 1.23742e-6 1 0 -9.54578e-6 0.8660349 0 -0.4999834 0.8660433 0 -0.4999689 0.4999772 0 -0.8660385 0.4999679 0 -0.866044 2.89812e-5 0 -1 -2.94919e-5 0 -1 -0.4999675 0 -0.8660442 -0.4999769 0 -0.8660387 -0.8660405 0 -0.4999739 -0.8660436 0 -0.4999685 -1 0 1.75792e-6 -1 0 -5.90229e-6 -0.86604 0 0.4999747 -0.8660402 0 0.4999743 -0.4999723 0 0.8660415 -0.4999575 0 0.86605 -1.57721e-5 0 1 1.52025e-5 0 1 0.4999579 0 0.8660498 0.4999728 0 0.8660411 0.8660407 0 0.4999738 0.8660405 0 0.499974 1 0 -5.91211e-6 1 0 1.7481e-6 0.8660439 0 -0.4999679 0.866041 0 -0.4999732 0.4999815 0 -0.8660361 0.4999698 0 -0.8660429 1.4633e-6 0 -1 -2.01326e-6 0 -1 -0.4999693 0 -0.8660431 -0.4999811 0 -0.8660363 -0.4999281 0 0.8660671 -0.4999297 0 0.866066 -1.29729e-5 0 1 1.32282e-5 0 1 0.4998418 0 0.8661168 0.499954 0 0.866052 0.8660003 0 0.5000436 0.8659937 0 0.500055 1 0 -4.74464e-6 1 0 -2.08253e-6 0.865995 0 -0.5000527 0.8659964 0 -0.5000504 0.4998366 0 -0.8661198 0.4998434 0 -0.8661159 -9.47679e-6 0 -1 9.75177e-6 0 -1 -0.4999311 0 -0.8660652 -0.4999243 0 -0.8660691 -0.8660657 0 -0.4999303 -0.8660644 0 -0.4999324 -1 0 -2.17034e-6 -1 0 -4.71386e-6 -0.866063 0 0.4999349 -0.8660696 0 0.4999235 -0.4998403 0 0.8661177 -0.4999554 0 0.8660511 -1.32184e-5 0 1 1.29729e-5 0 1 0.4999296 0 0.8660661 0.4999281 0 0.8660669 0.8660696 0 0.4999235 0.866063 0 0.4999349 1 0 -4.72368e-6 1 0 -2.17034e-6 0.8660644 0 -0.4999325 0.8660657 0 -0.4999303 0.4999243 0 -0.8660691 0.4999312 0 -0.8660652 -9.72231e-6 0 -1 9.48661e-6 0 -1 -0.499957 0 -0.8660503 -0.4998366 0 -0.8661198 -0.8659964 0 -0.5000504 -0.8659951 0 -0.5000526 -1 0 -2.08253e-6 -1 0 -4.74464e-6 -0.8659937 0 0.500055 -0.8660003 0 0.5000436 1.17049e-5 0 -1 4.43261e-6 -5.09666e-7 -1 0.3416404 -5.2182e-6 -0.9398308 0.3826824 6.49504e-6 -0.9238801 0.6421779 3.89898e-6 -0.7665558 0.7071048 2.03857e-5 -0.7071088 0.865426 -1.135e-5 -0.501037 0.9238796 -1.52253e-5 -0.3826833 0.984529 3.92974e-4 -0.175221 1 -1.62981e-7 -1.02222e-5 0.9964492 -4.10713e-7 -0.08419609 1 -4.27477e-7 -9.94187e-6 -2.37525e-5 -6.71251e-7 -1 -2.06456e-5 0 -1 -0.9238796 -1.53072e-5 -0.3826833 -0.9845283 -1.73692e-7 -0.1752259 -1 6.78375e-6 -9.80133e-6 -0.9964753 2.80039e-5 -0.08388698 -1 3.47383e-7 -3.13483e-6 -0.8654264 -1.14255e-5 -0.5010362 -0.7071049 2.03857e-5 -0.7071087 -0.6421779 3.83705e-6 -0.7665557 -0.3826825 6.51553e-6 -0.92388 -0.3416403 -5.1742e-6 -0.9398309 -0.8660409 0 -0.4999732 -0.8660441 0 -0.4999679 -0.8660405 0 0.499974 -0.8660406 0 0.4999737 -0.4999728 0 0.8660412 -0.4999579 0 0.8660498 -1.52025e-5 0 1 1.57721e-5 0 1 0.4999574 0 0.86605 0.4999724 0 0.8660414 0.8660402 0 0.4999744 0.8660401 0 0.4999746 0.8660436 0 -0.4999686 0.8660407 0 -0.4999738 0.499981 0 -0.8660364 0.4999694 0 -0.8660432 2.03291e-6 0 -1 -1.47312e-6 0 -1 -0.4999697 0 -0.8660429 -0.4999815 0 -0.8660361 -1 0 0 -1 0 0 -1 6.13733e-7 0 -0.8660433 0 -0.499969 -0.8660351 0 -0.4999834 -0.8660387 0 0.4999771 -0.8660433 0 0.4999689 -0.4999772 0 0.8660385 -0.4999679 0 0.8660439 -2.89615e-5 0 1 2.95311e-5 0 1 0.4999675 0 0.8660443 0.4999769 0 0.8660387 0.866043 0 0.4999697 0.8660383 0 0.4999777 0.8660346 0 -0.4999842 0.866043 0 -0.4999696 0.4999768 0 -0.8660388 0.4999676 0 -0.8660442 2.9482e-5 0 -1 -2.89615e-5 0 -1 -0.4999679 0 -0.866044 -0.4999773 0 -0.8660385 0 -1 -1.44546e-7 0 -1 4.68781e-7 0 -1 0 0 -1 0 0 -1 -2.9549e-7 0 -1 5.30558e-7 0 -1 0 0 -1 2.75885e-7 0 -1 0 0 -1 2.34423e-7 0 -1 0 0 -1 2.04145e-7 0 -1 -3.77453e-7 0 -1 0 0 -1 -4.99622e-7 0 -1 0 0 -1 -5.30561e-7 0 -1 0 0 -1 -2.75887e-7 0 -1 0 0 -1 -2.34424e-7 0 -1 1.63823e-7 0 -1 0 0 -1 0 0 -1 0 0 -1 -1.20041e-7 0 -1 0 0 -1 0 0 -1 0 0 -1 0 0 -1 0 0 -1 0 0 -1 0 0 -1 0 0 -1 1.87718e-7 0 -1 1.73951e-7 0 -1 0 0 -1 0 0 -1 0 0 -1 0 0 -1 -1.20045e-7 0 -1 0 0 -1 0 0 -1 0 0 -1 0 0 -1 0 0 -1 0 0 -1 0 0 -1 1.87716e-7 0 -1 1.73947e-7 0 -1 0 0 -1 0 0 -1 0 0 -1 0 0 -1 0 0 -1 0 0 -1 2.72859e-7 0 -1 -2.92587e-7 0 -1 0 0 -1 1.8276e-7 0 -1 -4.08585e-7 0 -1 4.41223e-7 0 -1 0 0 -1 3.24814e-7 0 -1 1.81276e-7 0 -1 0 0 -1 0 0 -1 0 0 -1 -6.73522e-7 0 -1 1.42783e-7 0 -1 0 0 -1 2.73609e-7 0 -1 2.72859e-7 0 -1 1.81276e-7 0 -1 0 0 -1 -3.56825e-7 0 -1 0 0 -1 0 0 -1 4.918e-7 0 -1 0 0 -1 0 0 -1 0 0 -1 0 0 -1 0 0 -1 0 0 -1 1.76213e-7 0 -1 0 0 -1 0 0 -1 4.63199e-7 0 -1 2.24654e-7 0 -1 8.68849e-7 0 -1 8.08709e-7 0 -1 -2.3366e-7 0 -1 0 0 -1 0 0 -1 0 0 -1 0 0 -1 0 0 -1 -1.87719e-7 0 -1 -1.73951e-7 0 -1 0 0 -1 2.04135e-7 0 -1 3.77444e-7 0 -1 0 0 -1 1.53067e-7 0 -1 0 0 -1 0 0 -1 0 0.3448483 0 -0.9386584 0.488748 -2.32924e-6 -0.8724251 0.3448545 -5.13392e-6 -0.9386562 0.5072799 1.95811e-6 -0.8617814 0.6203869 -6.31949e-6 -0.784296 0.6533456 9.58703e-6 -0.7570599 0.7364448 -1.4208e-5 -0.6764976 0.778308 -4.71901e-6 -0.6278828 0.7364709 8.77399e-6 -0.6764692 0.8445876 2.15955e-5 -0.5354175 0.8781287 -3.06461e-5 -0.4784246 0.9260385 7.31507e-6 -0.3774292 0.9495839 1.2707e-5 -0.3135131 0.9782317 -1.14543e-5 -0.2075159 0.9903662 -1.58092e-5 -0.1384739 0.9995179 2.50363e-5 -0.03104782 0.9991576 4.92018e-6 0.04103827 0.9892252 2.58521e-5 0.1464024 0.9756742 -3.01758e-5 0.2192255 0.947678 -1.24243e-5 0.3192279 0.9206749 -8.69855e-7 0.3903304 0.8761898 3.46825e-6 0.4819664 0.8359361 1.0022e-5 0.5488268 0.777019 2.49785e-5 0.6294773 0.7241948 -1.55009e-5 0.6895955 0.6532984 1.93724e-5 0.7571006 0.5890603 1.4009e-5 0.8080891 0.5089371 -7.29505e-6 0.8608038 0.434898 4.30178e-6 0.9004797 0.3484964 0 0.9373101 0.2666885 -2.80002e-5 0.9637828 0.1770446 7.40402e-6 0.9842028 0.08986383 -3.67984e-5 0.995954 2.16249e-7 9.98285e-6 1 -0.08986365 -3.67975e-5 0.9959541 -0.1770449 7.40308e-6 0.9842028 -0.2666884 -2.80086e-5 0.9637829 -0.348496 0 0.9373103 -0.4348981 4.2934e-6 0.9004797 -0.508937 -7.29598e-6 0.8608039 -0.5890605 1.4008e-5 0.8080891 -0.653298 1.93743e-5 0.7571009 -0.7241947 -1.55009e-5 0.6895956 -0.777019 2.49781e-5 0.6294772 -0.8359359 1.00276e-5 0.5488271 -0.8761899 3.46266e-6 0.4819659 -0.920675 -8.73581e-7 0.3903301 -0.9476782 -1.24318e-5 0.3192275 -0.9756744 1.60895e-5 0.219225 -0.9892252 2.58465e-5 0.1464021 -0.9991577 4.85592e-6 0.04103839 -0.9995179 2.50153e-5 -0.03104764 -0.9903662 -1.59331e-5 -0.1384739 -0.9782318 -1.14739e-5 -0.2075157 -0.9495841 1.26516e-5 -0.3135128 -0.9260386 7.32578e-6 -0.3774289 -0.8781287 -3.06517e-5 -0.4784248 -0.8445875 2.15899e-5 -0.5354177 -0.7783084 -4.49549e-6 -0.6278823 -0.7364709 8.78982e-6 -0.6764693 -0.7364448 -1.42057e-5 -0.6764977 -0.6533457 9.5563e-6 -0.7570599 -0.6203869 -6.45313e-6 -0.784296 -0.5072794 1.99769e-6 -0.8617818 -0.488748 -2.50322e-6 -0.8724251 -0.3448546 -5.10179e-6 -0.9386562 -0.3448483 0 -0.9386584 0 -1 0 0 -1 0 0 -1 0 0 -1 0 0 -1 -1.87716e-7 0 -1 -1.73945e-7 0 -1 0 0 -1 2.04141e-7 0 -1 3.77444e-7 0 -1 0 0 -1 1.53067e-7 0 -1 0 0 -1 0 0 -1 0 0.8805335 1.95331e-5 -0.4739842 0.8660255 1.23298e-5 -0.4999999 0.531901 -2.9197e-7 -0.8468066 0.5000019 -6.55092e-6 -0.8660244 0.2835519 -7.36583e-6 -0.958957 -1.53808e-6 7.65547e-6 -1 0 0 -1 -0.2835517 -8.41403e-6 -0.958957 -0.5000016 -6.67199e-6 -0.8660245 -0.531901 -2.40654e-6 -0.8468065 -0.8660253 1.23279e-5 -0.5000002 -0.8805335 1.95578e-5 -0.4739841 -1 -1.29049e-5 1.22864e-6 -0.9997506 -1.55391e-5 0.02233231 -0.8660255 2.19629e-6 0.4999999 -0.8584815 1.00108e-5 0.5128446 -0.4999989 -5.66198e-6 0.8660261 -0.4935488 -1.47049e-5 0.8697181 0 9.17586e-6 1 0 0 1 0.4935488 -1.47249e-5 0.8697181 0.499999 -5.66733e-6 0.866026 0.8584815 1.00716e-5 0.5128446 0.8660255 2.2226e-6 0.5 0.9997506 -1.55496e-5 0.02233237 1 -1.29258e-5 9.89638e-7 -0.9722453 2.84147e-6 -0.2339636 -1 -1.19135e-5 4.9724e-6 -0.9993056 -5.93066e-6 0.03726369 -0.8660252 -1.54842e-5 0.5000006 -0.8507509 -3.6601e-7 0.5255693 -0.5000004 1.17612e-5 0.8660252 -0.4805277 1.78798e-5 0.8769795 1.31807e-6 -1.04103e-5 1 0.01490169 2.38706e-5 0.999889 0.499994 2.70049e-5 0.8660289 0.5064991 6.63731e-5 0.8622406 0.8660256 1.5023e-5 0.4999998 0.866009 0 0.5000285 0.9999727 -5.42193e-5 0.007400453 1 9.8811e-6 -2.17663e-6 0.873379 1.89433e-5 -0.4870413 0.8660238 2.97064e-5 -0.500003 0.5192221 1.01049e-5 -0.8546395 0.4999986 2.67085e-5 -0.8660262 0.02978533 3.09018e-5 -0.9995564 -1.27094e-7 1.73883e-5 -1 -0.4674146 -1.02469e-6 -0.8840383 -0.4999965 -1.2435e-5 -0.8660275 -0.6887056 -7.04173e-6 -0.7250411 -0.8660252 -2.38195e-5 -0.5000005 -0.865889 0 -0.5002363 -0.688727 -5.06639e-7 0.7250208 -0.4999983 -6.79866e-6 0.8660265 -0.4674011 -2.93925e-6 0.8840454 -5.43231e-7 1.63582e-5 1 0.02977871 -1.42194e-5 0.9995566 0.4999987 2.58842e-5 0.8660262 0.5192232 1.41244e-5 0.8546388 0.8660262 -1.26457e-5 0.4999986 0.8733795 2.15655e-5 0.4870403 1 1.1862e-5 2.60273e-6 0.9999721 4.34912e-5 -0.007482647 0.8660256 1.55139e-5 -0.4999998 0.866009 0 -0.5000285 0.5064145 -2.10045e-5 -0.8622903 0.4999937 2.91409e-5 -0.8660292 0.0149036 2.81363e-5 -0.999889 1.16069e-6 -9.94024e-6 -1 -0.4805274 1.88444e-5 -0.8769798 -0.5000005 1.34869e-5 -0.8660252 -0.8507507 1.05519e-6 -0.5255696 -0.8660252 -1.36625e-5 -0.5000005 -0.9993056 6.12973e-6 -0.03726202 -1 -1.10175e-5 -3.69461e-6 -0.9722543 -5.24987e-6 0.2339264 -0.8660249 -2.16179e-5 0.5000008 -0.8658839 0 0.5002451 0.98481 -6.67742e-5 -0.1736357 0.9848109 -1.35761e-5 -0.1736305 0.9848051 -2.20983e-6 -0.1736636 0.9848045 0 -0.1736669 0.9848112 0 -0.1736291 0.8989027 3.51044e-7 -0.4381486 0.8987402 0 -0.4384817 0.7430701 0 -0.6692137 0.7430812 0 -0.6692013 0.5299512 0 -0.8480281 0.5299686 0 -0.8480173 0.2756469 0 -0.9612591 0.2756615 0 -0.9612548 1.4022e-5 0 -1 9.62615e-6 2.67195e-6 -1 -9.62615e-6 -2.67195e-6 -1 -1.4022e-5 0 -1 -0.2756469 0 -0.9612591 -0.2756615 0 -0.9612548 -0.5299686 0 -0.8480173 -0.5299512 0 -0.8480281 -0.7430812 0 -0.6692013 -0.7430701 0 -0.6692137 -0.8989027 -3.51044e-7 -0.4381486 -0.8987402 0 -0.4384817 -0.9848026 -2.18237e-6 -0.1736779 -0.9848076 0 -0.1736495 -0.98481 -6.67742e-5 -0.1736357 -0.9848109 -1.35761e-5 -0.1736305 -0.9848112 0 -0.1736291 -0.02977895 -1.43247e-5 0.9995566 0 1.63442e-5 1 0.4674012 -7.97445e-7 0.8840454 0.4999984 -6.83032e-6 0.8660265 0.6887268 6.482e-7 0.7250211 0.866025 -2.16104e-5 0.5000007 0.8658839 0 0.5002451 0.9722543 -5.91297e-6 0.2339266 1 -1.08816e-5 -3.82176e-6 0.9993056 -5.20796e-6 -0.03726249 0.8660249 -1.35195e-5 -0.5000009 0.8507506 1.45566e-6 -0.5255696 0.5000006 1.34772e-5 -0.8660251 0.4805275 1.88362e-5 -0.8769797 -1.1843e-6 -9.93768e-6 -1 -0.01490366 2.81063e-5 -0.999889 -0.4999936 2.91062e-5 -0.8660291 -0.5064145 -2.10449e-5 -0.8622902 -0.8660256 1.55151e-5 -0.4999998 -0.866009 0 -0.5000285 -0.9999721 4.32308e-5 -0.007482469 -1 1.17354e-5 2.61555e-6 -0.8733795 2.11089e-5 0.4870405 -0.8660238 3.00668e-5 0.5000029 -0.5192232 1.40013e-5 0.8546388 -0.4999987 2.58898e-5 0.8660262 -0.5260045 -0.7070977 0.4725803 -0.5936734 -0.7071077 0.384123 -0.5494335 -0.7071095 0.4451056 -0.6024922 -0.7071034 0.3701459 -0.6195657 -0.7070992 0.3408067 -0.6123378 -0.7071289 0.3535693 -0.6217967 -0.7071058 0.336705 -0.6295048 -0.7071099 0.3220549 -0.6701057 -0.7071117 0.2257247 -0.6722558 -0.7071079 0.2192502 -0.6983341 -0.7071084 0.1110278 -0.6994883 -0.7071063 0.1035223 -0.7071185 -0.7070952 4.65593e-5 -0.7067447 -0.7071279 -0.02195525 -0.6983457 -0.707102 -0.1109964 -0.6917129 -0.7071081 -0.1467363 -0.6722437 -0.7071136 -0.2192686 -0.6548046 -0.707111 -0.2668802 -0.6294993 -0.7071075 -0.3220711 -0.6218014 -0.7071056 -0.3366968 -0.5972178 -0.7071022 -0.3785992 -0.6123781 -0.7070968 -0.3535636 -0.6023951 -0.7071592 -0.3701972 -0.5936773 -0.7071066 -0.3841191 -0.5548614 -0.7070983 -0.4383388 -0.5207602 -0.7071151 -0.4783275 -0.5111057 -0.7071062 -0.4886429 -0.4628177 -0.7071102 -0.534598 -0.4619502 -0.707109 0.5353494 -0.4452952 -0.7071029 0.5492883 -0.359866 -0.7071154 0.6086744 -0.3535072 -0.7071142 0.6123905 -0.2464241 -0.7071056 0.6627797 -0.2530627 -0.7071111 0.6602675 -0.1462459 -0.7071053 0.6918195 -0.1251896 -0.7071053 0.695938 -0.03585129 -0.7071135 0.7061907 -1.06159e-6 -0.7070962 0.7071173 -0.01933389 -0.707117 0.7068323 0 -0.7071076 0.7071061 0.01933586 -0.7071165 0.7068327 0.1251891 -0.7071072 0.6959362 0.03582298 -0.7071092 0.7061964 0.1462916 -0.7070956 0.6918197 0.246424 -0.7071057 0.6627796 0.2530628 -0.7071111 0.6602675 0.3535073 -0.7071142 0.6123906 0.3598658 -0.7071153 0.6086745 0.445295 -0.7071031 0.5492883 0.4619503 -0.707109 0.5353493 0.5260045 -0.7070978 0.4725803 0.5494213 -0.7071274 0.4450922 0.5936869 -0.707104 0.3841093 0.6195531 -0.7071203 0.3407856 0.6024885 -0.7071049 0.3701491 0.6123318 -0.7071327 0.3535721 0.6218044 -0.7071154 0.3366708 0.6701173 -0.7070986 0.2257306 0.629495 -0.7071075 0.3220794 0.6722557 -0.7071079 0.2192502 0.6983342 -0.7071084 0.1110278 0.699455 -0.7071382 0.1035297 0.7071185 -0.7070952 4.66029e-5 0.7067447 -0.7071279 -0.02195549 0.6983457 -0.707102 -0.1109963 0.6917129 -0.7071081 -0.1467359 0.6722766 -0.7070897 -0.2192451 0.6547977 -0.7071178 -0.266879 0.6294941 -0.7071053 -0.3220861 0.5972093 -0.707112 -0.3785945 0.621796 -0.7071241 -0.336668 0.6123613 -0.7071273 -0.3535318 0.6023976 -0.7071578 -0.3701959 0.5936777 -0.7071062 -0.3841195 0.5548615 -0.7070983 -0.4383388 0.5207616 -0.707114 -0.4783276 0.5111057 -0.7071062 -0.4886429 0.4628176 -0.7071104 -0.5345979 0.8507509 -7.01752e-7 0.5255693 0.866025 -1.55866e-5 0.5000008 0.9993056 5.46128e-6 0.03726321 1 -1.19954e-5 4.94641e-6 0.9722456 5.34952e-6 -0.233963 0.866025 -2.38158e-5 -0.5000007 0.865889 0 -0.5002363 0.6887058 -8.09925e-6 -0.725041 0.4999964 -1.24071e-5 -0.8660275 0.4674146 -3.241e-6 -0.8840383 1.75633e-7 1.73603e-5 -1 -0.02978551 3.0776e-5 -0.9995564 -0.4999986 2.67024e-5 -0.8660262 -0.5192222 1.0174e-5 -0.8546393 -0.8660263 -1.2995e-5 -0.4999986 -0.8733789 1.88926e-5 -0.4870412 -1 9.78354e-6 -2.16284e-6 -0.9999727 -5.44438e-5 0.007400333 -0.8660255 1.50241e-5 0.4999998 -0.866009 0 0.5000285 -0.5064992 6.63474e-5 0.8622405 -0.4999941 2.70403e-5 0.8660289 -0.01490181 2.38265e-5 0.999889 -1.29454e-6 -1.04131e-5 1 0.4805276 1.78854e-5 0.8769796 0.5000004 1.1771e-5 0.8660252 -0.8710385 -0.4797453 0.1055291 -0.8775745 -0.4794404 1.46175e-5 -0.8769085 -0.4792983 0.03611904 -0.8775842 -0.4794225 8.09814e-6 -0.8705971 -0.4797594 0.1090494 -0.8683065 -0.4802213 0.1242238 -0.8574696 -0.4851719 0.1713302 -0.8568766 -0.4864379 0.1707063 -0.8454421 -0.4976229 0.1939053 -0.8466317 -0.4986672 0.1858652 -0.8349736 -0.515533 0.1924703 -0.837216 -0.5154685 0.1826518 -0.8317909 -0.526353 0.1762851 -0.8397271 -0.5146224 0.1732694 -0.8310779 -0.5322026 0.1614621 -0.8289106 -0.5323404 0.1718169 -0.8285709 -0.5331138 0.1710555 -0.8263931 -0.5331369 0.181217 -0.8192311 -0.5480302 0.1688886 -0.8186585 -0.5529991 0.1548889 -0.8116878 -0.5629358 0.1557769 -0.8103028 -0.5686936 0.1414104 -0.8041266 -0.5772407 0.1420344 -0.8021042 -0.5833991 0.1275714 -0.796952 -0.5903657 0.1278116 -0.7981063 -0.5903742 0.1203529 -0.7978473 -0.5908036 0.119962 -0.7992304 -0.5902991 0.1130392 -0.7917944 -0.602394 0.1009116 -0.7909565 -0.6024162 0.1071566 -0.7856616 -0.6120273 0.09032553 -0.7850744 -0.6120414 0.09520405 -0.7804387 -0.6195734 0.0839315 -0.7821007 -0.6160712 0.09367376 -0.7776736 -0.6237644 0.07837015 -0.7966979 -0.59082 0.1272959 -0.7885978 -0.6050348 0.1097561 -0.7759305 -0.6274001 0.06558293 -0.7753455 -0.6283603 0.06326788 -0.775415 -0.6284311 0.06169337 -0.7753375 -0.6283841 0.06312906 -0.7744991 -0.6309128 0.04583007 -0.774385 -0.631278 0.04261517 -0.7744221 -0.6312719 0.04202592 -0.7742063 -0.6321229 0.03202039 -0.7742515 -0.6320816 0.0317443 -0.776334 -0.6302038 0.01220542 -0.7776564 -0.6286253 0.008992969 -0.7777409 -0.6285499 0.006655752 -0.784429 -0.6201818 -0.006767392 -0.7843916 -0.6201714 -0.01083147 -0.7914542 -0.6107032 -0.02533942 -0.7864556 -0.6173228 -0.02001261 -0.7925573 -0.6088704 -0.03361254 -0.7744892 -0.6321163 0.02440619 -0.7777119 -0.6286032 0.004707872 -0.7777606 -0.6285448 0.004477381 -0.79979 -0.5988126 -0.04194331 -0.7994018 -0.5988188 -0.04871207 -0.8000519 -0.5984237 -0.04250091 -0.7996557 -0.5984284 -0.04934084 -0.8032161 -0.5936644 -0.04905843 -0.8054586 -0.5893459 -0.06251418 -0.8112031 -0.5810357 -0.0659343 -0.8112264 -0.579753 -0.0761469 -0.8188806 -0.5678693 -0.08342146 -0.8167451 -0.5699353 -0.09000694 -0.8216992 -0.5602888 -0.1043412 -0.8245719 -0.554319 -0.1131893 -0.8232777 -0.5595064 -0.09574234 -0.8228964 -0.560258 -0.09461849 -0.8240192 -0.5601829 -0.08477962 -0.8174629 -0.5718262 -0.0690602 -0.828191 -0.5465916 -0.1238449 -0.8286219 -0.5486752 -0.111092 -0.8258838 -0.5543098 -0.1032316 -0.8333397 -0.5390175 -0.1224955 -0.8315567 -0.5395365 -0.1319613 -0.8348795 -0.5334406 -0.1357113 -0.8366405 -0.5329363 -0.1265373 -0.8385354 -0.5285101 -0.1324215 -0.8399437 -0.5281614 -0.1246607 -0.8460062 -0.5238516 -0.09926271 -0.8409308 -0.528236 -0.1174829 -0.8474503 -0.5234891 -0.08824539 -0.850146 -0.5231737 -0.05950862 -0.8520494 -0.5234614 1.24954e-5 -0.8520489 -0.5234622 -1.47654e-5 -0.8469529 -0.5235281 -0.09267723 -0.8348177 -0.5389235 -0.1124322 -0.8313708 -0.5458434 -0.1042963 -0.8275644 -0.5533905 -0.09431976 -0.8102596 -0.5835581 -0.05421638 -0.8004192 -0.5983804 -0.03563922 -0.7943665 -0.6069388 -0.02464628 -0.7748811 -0.6299313 0.05240172 -0.7775204 -0.6248843 0.07058286 -0.8053919 -0.5799058 0.1226914 -0.8118559 -0.5686678 0.1323148 -0.8183548 -0.5569138 0.1419242 -0.8494604 -0.4970517 0.1770782 -0.859762 -0.4849559 0.160085 0.8520496 -0.5234611 1.24142e-5 0.8391587 -0.5233992 0.147872 0.8520496 -0.5234612 -1.43801e-5 0.8375317 -0.5234789 0.1565584 0.8007184 -0.5233904 0.2913975 0.7945113 -0.5234635 0.3077951 0.737907 -0.5234469 0.4260242 0.7244216 -0.5234724 0.4485421 0.6527265 -0.5234321 0.5476924 0.6296565 -0.5234959 0.5740077 0.5476952 -0.5234463 0.6527128 0.5134624 -0.5234934 0.6799347 0.4260322 -0.5234454 0.7379036 0.3797839 -0.5234868 0.7627096 0.2914232 -0.5234462 0.8006726 0.2331754 -0.5234582 0.8195247 0.1479569 -0.5234635 0.8391036 0.07861709 -0.5234653 0.8484123 3.84753e-7 -0.523464 0.8520479 -0.07861685 -0.5234653 0.8484124 -0.1479567 -0.5234635 0.8391036 -0.2331671 -0.5235003 0.8195002 -0.291423 -0.5234462 0.8006727 -0.3797837 -0.5234868 0.7627097 -0.426032 -0.5234453 0.7379037 -0.5134623 -0.5234934 0.6799347 -0.5476955 -0.5234463 0.6527125 -0.629656 -0.5234959 0.5740083 -0.6527265 -0.5234321 0.5476925 -0.7244212 -0.5234725 0.4485427 -0.7379071 -0.523447 0.426024 -0.7945113 -0.5234636 0.3077952 -0.8007184 -0.5233905 0.2913976 -0.8375317 -0.5234788 0.1565585 -0.8391588 -0.5233991 0.1478719 0.870589 -0.4797662 0.109084 0.877573 -0.4794433 -5.42309e-5 0.8708848 -0.4797354 0.106835 0.8775817 -0.4794273 5.62828e-5 0.8710408 -0.4797428 0.105522 0.8675149 -0.4807088 0.1278167 0.8616698 -0.4831036 0.1553582 0.8574777 -0.4851813 0.171263 0.8527696 -0.490522 0.1793662 0.8454542 -0.4976249 0.1938471 0.8448086 -0.5016008 0.1862661 0.8349772 -0.5155326 0.1924563 0.8372243 -0.5154621 0.182632 0.8317706 -0.52641 0.176211 0.839724 -0.5146237 0.1732804 0.8310779 -0.5322024 0.1614627 0.8597505 -0.484947 0.1601735 0.8494468 -0.497081 0.1770613 0.818359 -0.5569112 0.1419106 0.8185093 -0.5531565 0.1551144 0.828571 -0.5331138 0.1710551 0.8289726 -0.5322811 0.1717016 0.8263932 -0.5331369 0.181217 0.8103332 -0.5686455 0.1414302 0.8118287 -0.5686967 0.1323572 0.8020597 -0.5834671 0.1275401 0.805392 -0.5799058 0.1226914 0.7992303 -0.5902992 0.1130391 0.791806 -0.602372 0.1009523 0.7978472 -0.5908036 0.1199623 0.7980902 -0.5903766 0.1204484 0.796952 -0.5903658 0.1278116 0.8041242 -0.5772414 0.1420442 0.7909598 -0.6024205 0.1071092 0.7856358 -0.612047 0.09041547 0.7850871 -0.6120187 0.09524416 0.7804138 -0.6196075 0.08390909 0.7821007 -0.6160712 0.09367376 0.7776736 -0.6237645 0.07837009 0.7759064 -0.6274205 0.06567347 0.7753455 -0.6283602 0.06326806 0.775439 -0.6283984 0.06172448 0.7753353 -0.6283849 0.06314814 0.7745037 -0.6309102 0.0457887 0.774386 -0.6312769 0.04261493 0.7744241 -0.6312696 0.04202604 0.7742337 -0.6320906 0.03199809 0.7742292 -0.6321103 0.03171342 0.7763368 -0.6302005 0.01219069 0.7776677 -0.6286112 0.008996903 0.7777373 -0.6285546 0.006619751 0.7830467 -0.6219136 -0.007837116 0.7777554 -0.6285508 0.004508018 0.7864499 -0.6173294 -0.0200228 0.7889319 -0.6141436 -0.02035576 0.7925561 -0.6088737 -0.0335794 0.795979 -0.6043556 -0.03423291 0.7993968 -0.5988225 -0.04874938 0.7997996 -0.5987995 -0.04195088 0.7996349 -0.5984587 -0.04930686 0.8000528 -0.5984233 -0.0424894 0.8031974 -0.5936864 -0.04909652 0.8004272 -0.598374 -0.03556573 0.8102415 -0.5835798 -0.05425482 0.7775204 -0.6248842 0.07058262 0.7748509 -0.6299712 0.05236995 0.7890527 -0.6141341 -0.01533049 0.8110331 -0.5812926 -0.06575953 0.817466 -0.5718237 -0.06904292 0.8188806 -0.5678727 -0.08339846 0.8240166 -0.5601894 -0.0847606 0.822896 -0.5602583 -0.09462106 0.8232792 -0.5595046 -0.09573996 0.8216975 -0.5602951 -0.1043206 0.8245736 -0.554318 -0.1131819 0.8259736 -0.5541675 -0.1032771 0.8286014 -0.5487007 -0.1111195 0.8275515 -0.5534173 -0.09427517 0.831371 -0.5458431 -0.1042963 0.8333466 -0.5390096 -0.1224839 0.8348026 -0.538954 -0.1123979 0.8366361 -0.5329389 -0.1265553 0.8409349 -0.5282375 -0.1174467 0.8399436 -0.5281565 -0.1246821 0.8460344 -0.5238066 -0.09925997 0.8385354 -0.5285101 -0.1324219 0.8469543 -0.5235257 -0.09267836 0.8501477 -0.5231744 -0.05947661 0.8474434 -0.5234977 -0.08826106 0.8349162 -0.5333969 -0.1356567 0.8315436 -0.5395497 -0.13199 0.8281912 -0.5465913 -0.1238451 0.8167369 -0.5699457 -0.09001594 0.8112426 -0.5797352 -0.07610881 0.8054585 -0.5893461 -0.06251424 0.7776983 -0.6286205 0.004685699 0.7744891 -0.6321163 0.02440619 0.7885978 -0.6050349 0.109756 0.796698 -0.5908198 0.1272959 0.811685 -0.5629373 0.1557855 0.8192313 -0.54803 0.1688886 0.8686738 -0.4793963 -0.1248406 0.8677451 -0.4794957 -0.1307762 0.842015 -0.479454 -0.2472544 0.8385803 -0.4794524 -0.258667 0.798299 -0.4793944 -0.3645542 0.7906735 -0.4794276 -0.3807685 0.7382863 -0.4794003 -0.4744563 0.7250825 -0.4794474 -0.4943538 0.6632312 -0.4794293 -0.5746929 0.6433051 -0.4794444 -0.5969018 0.5746963 -0.4794234 -0.6632326 0.5471642 -0.4794245 -0.6861221 0.4744593 -0.4794223 -0.7382701 0.4387874 -0.479438 -0.7600032 0.3645597 -0.4794322 -0.7982739 0.3206167 -0.4794244 -0.8169193 0.2472456 -0.4794201 -0.8420369 0.1952753 -0.4794625 -0.8555603 0.1248937 -0.4794189 -0.8686536 0.06557959 -0.4794687 -0.8751052 -3.35494e-7 -0.4794492 -0.8775696 -0.06558197 -0.4794254 -0.8751288 -0.1248943 -0.4794189 -0.8686535 -0.1952815 -0.4794193 -0.8555831 -0.2472451 -0.4794201 -0.8420369 -0.3206175 -0.4794244 -0.816919 -0.3645592 -0.4794323 -0.798274 -0.4387875 -0.4794381 -0.7600032 -0.4744591 -0.4794222 -0.7382704 -0.5471643 -0.4794244 -0.6861221 -0.5746961 -0.4794232 -0.6632329 -0.6433052 -0.4794444 -0.5969017 -0.6632313 -0.4794293 -0.5746929 -0.7250825 -0.4794475 -0.4943537 -0.7382597 -0.4794416 -0.4744558 -0.7906737 -0.4794276 -0.3807681 -0.7982991 -0.4793943 -0.3645542 -0.8386025 -0.4794092 -0.2586752 -0.8420416 -0.4794164 -0.2472369 -0.8677665 -0.4794535 -0.1307892 -0.8686927 -0.4793719 -0.1248025 -0.9759545 -0.1830426 0.1183573 -0.9842359 -0.1559322 0.0834555 -0.9832615 -0.1822002 -3.75268e-6 -0.9884785 -0.1265078 0.08310252 -0.9958058 -0.09149217 2.01724e-5 -0.9918329 -0.09701001 0.08280515 -0.9942972 -0.0674439 0.08261138 -0.9877691 -0.0680167 0.1403064 -0.9899968 -0.01838523 0.1398868 -0.9845833 -0.01880836 0.1739028 -0.984235 0.03200376 0.1739462 -0.9813444 0.03326642 0.1893584 -0.9778374 0.08605086 0.1908647 -0.9769275 0.08988976 0.1937335 -0.9696232 0.1447298 0.1971909 -0.9688386 0.1518561 0.1956823 -0.9586079 0.2012181 0.2014506 -0.9549748 0.2198204 0.1992541 -0.9686444 0.1600216 0.1900559 -0.9527757 0.2388713 0.1875074 -0.9687353 0.169017 0.1816178 -0.9687827 0.1806349 0.1697975 -0.979654 0.1121148 0.1664586 -0.9685546 0.1924463 0.1576914 -0.9806784 0.1195909 0.1548155 -0.9681538 0.2039372 0.1452171 -0.9815467 0.1270025 0.142956 -0.9676781 0.2146687 0.1323497 -0.9824312 0.1335127 0.1303974 -0.9667094 0.2297587 0.1126232 -0.9833477 0.1431826 0.111921 -0.966158 0.2402669 0.09386461 -0.9842599 0.1498446 0.09369689 -0.9663454 0.2461761 0.0746591 -0.9852668 0.1535091 0.07539427 -0.9672368 0.2486156 0.05141323 -0.9865183 0.1550856 0.0522508 -0.9679536 0.2491854 0.03118479 -0.9873309 0.1553742 0.03219521 -0.9691833 0.2460398 0.01217204 -0.9881081 0.153199 0.01313042 -0.9713164 0.2376402 -0.008468091 -0.9889712 0.1479712 -0.006378233 -0.9729434 0.2299035 -0.02292484 -0.9895142 0.1429702 -0.02052396 -0.9745658 0.220591 -0.0395106 -0.9898849 0.1370897 -0.03652983 -0.9899521 0.1323006 -0.04991602 -0.9975182 0.05117034 -0.04836523 -0.9898332 0.1273734 -0.06329673 -0.9968942 0.04931151 -0.06140255 -0.9894474 0.1221701 -0.07789981 -0.9960045 0.04704338 -0.07590782 -0.9887367 0.1175581 -0.09262716 -0.9948443 0.04542446 -0.09067171 -0.9875102 0.1116778 -0.111138 -0.9930689 0.04311639 -0.1093398 -0.986259 0.1069495 -0.1259174 -0.9913873 0.04132431 -0.1242719 -0.9860666 0.1034502 -0.1302722 -0.9908359 0.03999102 -0.1290153 -0.9884144 0.1014437 -0.1128994 -0.9929156 0.03923898 -0.1121567 -0.9933111 0.1154699 -1.60197e-5 -1 -5.43114e-7 -4.52166e-5 -0.9934296 -0.02306652 -0.1120966 -0.9899616 -0.08532369 -0.1126766 -0.9877117 -0.08698964 -0.1298404 -0.9834642 -0.1251477 -0.1309059 -0.9834489 -0.1294156 -0.1268068 -0.9771732 -0.1688057 -0.1289862 -0.9776107 -0.1765279 -0.1145223 -0.9689465 -0.2174544 -0.1177125 -0.9684537 -0.2286654 -0.09904479 -0.9585357 -0.2621445 -0.1117573 -0.9576391 -0.2696425 -0.101096 -0.967651 -0.2380277 -0.08363354 -0.9556036 -0.2826898 -0.08311599 -0.9664043 -0.2475237 -0.06924372 -0.9528845 -0.29601 -0.06625211 -0.9648499 -0.2569003 -0.05538064 -0.9486413 -0.3132375 -0.04429483 -0.9630122 -0.2662048 -0.041745 -0.9457617 -0.3233593 -0.0312035 -0.9605806 -0.2768973 -0.02475827 -0.9406197 -0.3393279 -0.009541451 -0.9581521 -0.2860825 -0.01007211 -0.9553027 -0.2954259 0.01097261 -0.9725083 -0.232718 -0.008378982 -0.970501 -0.2407884 0.0122056 -0.9838559 -0.1788272 -0.006965398 -0.9826097 -0.1852217 0.01308822 -0.9922022 -0.1244955 -0.005978941 -0.9915455 -0.1290173 0.01385724 -0.9994189 -0.03370523 -0.005079925 -0.9992842 -0.0349341 0.0145201 -0.9983438 0.05729913 -0.005167007 -0.9981304 0.05941832 0.01432669 -0.9771927 -0.1574069 0.1425398 -0.9652082 -0.1887376 0.1809737 -0.9706696 -0.1611448 0.1784183 -0.9662749 -0.1675576 0.1955437 -0.9716873 -0.1358764 0.1932908 -0.970106 -0.1416623 0.1970437 -0.974798 -0.1085599 0.194894 -0.9745442 -0.1139215 0.1930947 -0.9782869 -0.0791397 0.191551 -0.9790421 -0.08342784 0.1857858 -0.9825938 -0.02266472 0.1843795 -0.9841861 -0.02350509 0.1755716 -0.982089 0.0383501 0.1844741 -0.9836037 0.04022514 0.1758 -0.9774402 0.09923291 0.1864502 -0.9784584 0.1047276 0.1779084 -0.9586098 -0.2012109 0.2014487 -0.9641951 -0.1747009 0.1995183 -0.9695355 -0.1485106 0.1947963 -0.9749714 -0.1199879 0.187173 -0.9801903 -0.08814561 0.177362 -0.9860408 -0.02543497 0.1645504 -0.9853999 0.04334074 0.1646472 -0.9628909 -0.1829441 0.1984255 -0.9549825 -0.21979 0.1992505 -0.9620537 -0.1931375 0.1927451 -0.9527749 -0.238874 0.1875081 -0.9614645 -0.2039639 0.1843497 -0.9606425 -0.2179147 0.1722768 -0.969347 -0.165655 0.1814525 -0.9695173 -0.1768435 0.1695957 -0.9765022 -0.1355299 0.1675567 -0.977191 -0.1444091 0.1557042 -0.9829189 -0.1004663 0.1541986 -0.9840763 -0.1065274 0.1422878 -0.989525 -0.02843123 0.1415342 -0.9911351 -0.03040772 0.1293312 -0.9902552 0.05168581 0.1293185 -0.9922438 0.05536746 0.1112956 -0.9493214 -0.2661566 0.1671818 -0.9594471 -0.2319218 0.1602297 -0.9693941 -0.1882538 0.1575931 -0.9691048 -0.1994293 0.1451337 -0.977739 -0.1530281 0.1435581 -0.9781579 -0.1614011 0.1309841 -0.9851243 -0.1123052 0.1300685 -0.9864336 -0.120357 0.1116375 -0.993219 -0.03239631 0.1116535 -0.9950069 -0.03427892 0.09373611 -0.9938957 0.05803304 0.09382736 -0.9953473 0.05950832 0.07578015 -0.9473006 -0.2792965 0.1568926 -0.9581264 -0.2457591 0.146957 -0.9686802 -0.2101949 0.1322008 -0.9785526 -0.1726828 0.1123183 -0.9875821 -0.1260106 0.09382396 -0.9965122 -0.03499448 0.07575511 -0.9968105 0.06013339 0.05246812 -0.9451195 -0.2921291 0.1463207 -0.9566652 -0.2586742 0.1337141 -0.9678497 -0.2249915 0.1124533 -0.9790128 -0.1808817 0.09389221 -0.988735 -0.1292052 0.07555824 -0.9979978 -0.03539043 0.05242276 -0.9976489 0.06018352 0.03278076 -0.9429235 -0.3042165 0.1354538 -0.9401 -0.3183384 0.1219545 -0.9543192 -0.2765269 0.113171 -0.9377104 -0.3296924 0.1095542 -0.952732 -0.2889928 0.093728 -0.9345763 -0.3453366 0.0854972 -0.9523371 -0.295911 0.07409942 -0.934032 -0.3515094 0.06344705 -0.9529442 -0.2988509 0.05084872 -0.9344138 -0.3541058 0.03846997 -0.9535804 -0.2995774 0.03062385 -0.9368116 -0.3496902 0.01005041 -0.9593675 -0.2539163 -0.1230478 -0.9600815 -0.2465818 -0.1320639 -0.9692243 -0.2080824 -0.1315525 -0.9622639 -0.2354777 -0.136376 -0.9702901 -0.2011114 -0.1345048 -0.9735611 -0.1970192 -0.1155956 -0.9804828 -0.1599439 -0.1143299 -0.9733393 -0.2293699 6.01273e-6 -0.9933112 -0.1154688 -3.10494e-5 -0.967924 -0.2300747 -0.1009398 -0.9859493 -0.1226955 -0.1133572 -0.9776605 -0.1632038 -0.132456 -0.9799105 0.1633688 -0.1143946 -0.9733405 0.2293654 3.85157e-6 -0.9679232 0.2300735 -0.1009501 -0.9622593 0.2354921 -0.1363836 -0.9770449 0.1666998 -0.132644 -0.9765152 0.172464 -0.1291297 -0.9600812 0.2465834 -0.1320636 -0.9768615 0.1803181 -0.1150092 -0.9593686 0.2539126 -0.1230467 -0.9585368 0.2621418 -0.1117538 -0.9771318 0.1895861 -0.09628409 -0.9576522 0.2695984 -0.10109 -0.9769882 0.1973139 -0.08100283 -0.9556103 0.2826671 -0.08311533 -0.9764317 0.2052369 -0.06677514 -0.9528821 0.2960177 -0.06625181 -0.9755973 0.2130579 -0.05306893 -0.9486373 0.31325 -0.04429161 -0.9430817 0.3319605 -0.01997822 -0.9368232 0.3496592 0.01005232 -0.9344164 0.3540996 0.03846657 -0.9340356 0.3514999 0.0634461 -0.9345709 0.3453509 0.0854994 -0.9377211 0.3296635 0.1095493 -0.9400975 0.318345 0.1219555 -0.9429209 0.3042244 0.1354538 -0.9451229 0.2921196 0.1463178 -0.9472885 0.2793347 0.1568968 -0.949321 0.2661577 0.1671822 -0.9712315 0.1388124 0.1934959 -0.9652161 0.1887083 0.1809622 -0.9751268 0.1334956 0.1769373 -0.9812888 0.1303873 0.1416743 -0.9867665 0.08090245 0.1405234 -0.9933484 0.08018279 0.08264118 -0.9961145 0.03101676 0.08242559 -0.9958056 0.09149444 2.19345e-5 -1 -1.02166e-6 4.9341e-5 -0.9759565 0.1830344 0.1183528 -0.9881258 0.1292213 0.08312213 -0.983258 0.1822189 6.23136e-6 -0.9964325 -0.01824164 0.08239829 -0.9896762 0.03127878 0.1398665 -0.9810863 0.08279806 0.1749691 -0.9816616 -0.1276682 0.1415671 -0.9755256 -0.1306919 0.1768319 -0.985193 -0.09787893 0.1407643 -0.9793609 -0.1001735 0.1755489 -0.9759387 -0.1041296 0.191574 -0.9821685 -0.0695911 0.1746485 -0.9817239 -0.01954942 0.1893041 -0.9808126 0.03504568 0.1917776 -0.9768293 0.09409111 0.192228 -0.9790439 -0.07236909 0.1903574 -0.9782208 -0.07540887 0.1933848 -0.9811713 -0.02035945 0.1920642 -0.9810527 0.03646886 0.1902781 -0.9815959 -0.02109181 0.1898018 -0.9692521 -0.1566361 0.1897779 -0.9756549 -0.1268057 0.1789351 -0.9816342 -0.09424811 0.1658664 -0.9878511 -0.02713239 0.1530166 -0.987121 0.04620468 0.153158 -0.9886836 0.04940366 0.1416479 -0.9673836 -0.2352673 0.09390616 -0.9797765 -0.1854228 0.07521015 -0.9900661 -0.1305442 0.05222517 -0.99884 -0.03545159 0.03258585 -0.967635 -0.2410339 0.07473421 -0.9809169 -0.1873111 0.05212235 -0.9908807 -0.1308522 0.03214365 -0.9685428 -0.2434646 0.05147713 -0.9816995 -0.1877712 0.03175306 -0.9692546 -0.2440967 0.03102326 -0.97404 -0.2251994 -0.02304887 -0.9756107 -0.2159146 -0.03955638 -0.984717 -0.1728781 -0.02111536 -0.9854617 -0.1657214 -0.03744143 -0.9765815 -0.2085732 -0.05278223 -0.9772869 -0.2011837 -0.06660056 -0.9777954 -0.1933014 -0.08093714 -0.9779282 -0.1855762 -0.09601128 -0.9925417 -0.1202709 -0.01989781 -0.9926785 -0.1152883 -0.03602987 -0.9858047 -0.1600139 -0.0508396 -0.9859413 -0.1541397 -0.06450474 -0.9858263 -0.1482129 -0.07861107 -0.9854025 -0.1422298 -0.09355598 -0.984435 -0.1352742 -0.1121996 -0.9992894 -0.03255593 -0.01899564 -0.9982866 0.0553537 -0.01897346 -0.9979799 0.05302667 -0.03498989 -0.9989044 -0.03120917 -0.03487521 -0.9983901 -0.03016668 -0.04803353 -0.9925714 -0.1112339 -0.04928523 -0.9976871 -0.02906012 -0.06144881 -0.9922674 -0.1070964 -0.06273519 -0.9967587 -0.02792567 -0.07544708 -0.991724 -0.1029127 -0.07676291 -0.9955474 -0.02669978 -0.09040194 -0.9908465 -0.09885275 -0.0919317 -0.9936874 -0.02541387 -0.1092687 -0.9893952 -0.09396946 -0.1107568 -0.991977 -0.02432352 -0.1240574 -0.9880257 -0.08989423 -0.1253964 -0.9913733 -0.0235095 -0.1289435 -0.9797879 -0.1153676 0.1634196 -0.9585465 -0.229395 0.1690167 -0.9394971 -0.1154425 0.3225191 -0.9146361 -0.2293856 0.332901 -0.873604 -0.1154122 0.472754 -0.8429351 -0.2293745 0.4866701 -0.7838709 -0.1154282 0.6101006 -0.7456191 -0.2293909 0.6256453 -0.6727592 -0.1154304 0.7308015 -0.6256465 -0.2294001 0.7456152 -0.5432908 -0.1154618 0.8315671 -0.4866671 -0.2293925 0.8429321 -0.3990089 -0.1154667 0.909648 -0.3329009 -0.2293742 0.9146391 -0.2438455 -0.1154482 0.962918 -0.1690185 -0.2293995 0.958545 -0.08202737 -0.1154625 0.9899192 -2.4219e-6 -0.2293605 0.9733415 0.08202695 -0.1154592 0.9899197 0.169018 -0.2293995 0.9585452 0.2438446 -0.1154581 0.9629171 0.3329005 -0.2293742 0.9146392 0.3990143 -0.1154263 0.9096506 0.4866667 -0.2293925 0.8429323 0.5432928 -0.1154506 0.8315674 0.6256462 -0.2294001 0.7456154 0.6727577 -0.1154366 0.7308019 0.7456156 -0.2293909 0.6256495 0.7838718 -0.1154253 0.6101 0.8429349 -0.2293745 0.4866705 0.8735985 -0.1154358 0.4727582 0.914636 -0.2293855 0.3329015 0.9394944 -0.1154529 0.3225229 0.9585465 -0.2293949 0.1690173 0.9797806 -0.1153997 0.1634409 0.9733397 -0.2293685 1.2363e-6 0.9933109 -0.1154708 -5.26486e-5 1 6.47735e-7 -4.39519e-5 0.9863686 6.40999e-6 0.1645511 0.9458233 1.55468e-6 0.3246819 0.8794805 -2.45359e-5 0.4759352 0.7891361 2.25944e-6 0.6142184 0.6772665 3.67001e-6 0.7357378 0.5469693 -9.95997e-6 0.8371527 0.4017093 1.11375e-5 0.9157673 0.2454729 9.21337e-6 0.9694035 0.08255201 -3.23429e-6 0.9965869 -0.08255201 3.22472e-6 0.9965869 -0.2454729 -9.21218e-6 0.9694035 -0.4017093 -1.11399e-5 0.9157673 -0.5469694 9.94025e-6 0.8371526 -0.6772667 -3.6718e-6 0.7357378 -0.7891362 -2.21581e-6 0.6142183 -0.8794806 2.44952e-5 0.4759351 -0.9458233 -1.56425e-6 0.324682 -0.9863687 -6.355e-6 0.1645511 -0.9797807 0.1153998 0.1634409 -0.9585464 0.2293952 0.1690173 -0.9394944 0.115453 0.3225228 -0.914636 0.2293857 0.3329014 -0.8735985 0.1154359 0.4727581 -0.8429349 0.2293747 0.4866706 -0.7838718 0.1154253 0.6101 -0.7456156 0.2293909 0.6256495 -0.6727578 0.1154367 0.7308019 -0.6256462 0.2294002 0.7456154 -0.5432927 0.1154507 0.8315675 -0.4866666 0.2293925 0.8429322 -0.3990145 0.1154264 0.9096506 -0.3329006 0.2293742 0.9146391 -0.2438445 0.1154581 0.9629171 -0.16902 0.2293513 0.9585564 -0.08202725 0.1154592 0.9899196 2.42208e-6 0.2293605 0.9733415 0.08202666 0.1154625 0.9899193 0.1690185 0.2293996 0.958545 0.2438451 0.1154482 0.9629182 0.332901 0.2293742 0.9146389 0.3990083 0.1154667 0.9096483 0.486667 0.2293925 0.842932 0.5432909 0.1154619 0.831567 0.6256464 0.2294001 0.7456153 0.6727592 0.1154303 0.7308016 0.7456189 0.2293908 0.6256455 0.7838822 0.1153794 0.6100954 0.8429351 0.2293745 0.4866701 0.8736041 0.1154123 0.4727535 0.9146361 0.2293856 0.332901 0.9394971 0.1154426 0.3225188 0.9585465 0.229395 0.1690167 0.9797879 0.1153677 0.1634196 0.9733405 0.2293652 3.30148e-6 0.993311 0.1154701 -4.34238e-5 0.9679216 -0.2300826 -0.1009452 0.9735542 -0.1970299 -0.1156356 0.980485 -0.1599503 -0.1143037 0.985949 -0.1226944 -0.1133604 0.989962 -0.085321 -0.1126754 0.9877093 -0.08700454 -0.1298483 0.9913806 -0.02350842 -0.1288871 0.9919695 -0.02429395 -0.124122 0.9913839 0.04134488 -0.124293 0.9930535 0.04327708 -0.1094159 0.98747 0.1118646 -0.1113079 0.9887422 0.1175563 -0.09257209 0.9771333 0.1895778 -0.09628593 0.9769743 0.1973533 -0.08107447 0.9576522 0.2695984 -0.1010896 0.9556105 0.2826672 -0.08311468 0.9764346 0.2052207 -0.06678271 0.9528861 0.2960045 -0.06625205 0.9756011 0.2130423 -0.05306136 0.9745486 0.220665 -0.03952133 0.989884 0.137086 -0.03656965 0.9895113 0.143007 -0.02040964 0.998287 0.05534917 -0.01896423 0.9889702 0.1479821 -0.006274282 0.9983431 0.05731546 -0.005125403 0.9880747 0.1533833 0.01349151 0.9981286 0.05941194 0.01447999 0.9873229 0.1554388 0.03213268 0.9976438 0.06022405 0.03286439 0.9865189 0.1550794 0.05225664 0.9968092 0.06013548 0.05248993 0.9852722 0.1534994 0.07534402 0.9953527 0.05949825 0.07571786 0.9842615 0.1497821 0.09378027 0.9938991 0.05778485 0.09394484 0.9833807 0.1430025 0.1118606 0.9922302 0.05532228 0.1114389 0.9824336 0.1334998 0.130392 0.9902454 0.05167388 0.1293982 0.9816105 0.1263688 0.1430801 0.9887304 0.04898136 0.1414681 0.9806826 0.1191497 0.1551295 0.9871185 0.04619669 0.1531766 0.9796525 0.1121544 0.1664402 0.9853777 0.04325687 0.1648025 0.9784584 0.1047277 0.1779085 0.9836037 0.04022556 0.1758 0.9774917 0.09895068 0.1863299 0.9821055 0.03806775 0.1844443 0.9768636 0.09406691 0.1920652 0.9810326 0.03641235 0.1903926 0.976923 0.08972394 0.1938326 0.980742 0.03467136 0.1922058 0.9813439 0.03325849 0.1893623 0.9817402 -0.0195381 0.1892201 0.9842311 0.03199523 0.1739696 0.9845803 -0.01880806 0.1739197 0.9896768 0.03124278 0.1398707 0.9900024 -0.01838594 0.1398474 0.9961121 0.0310086 0.08245646 0.996432 -0.01823931 0.08240652 1 9.80683e-7 5.02299e-5 0.9942981 -0.06743818 0.08260405 0.9958058 -0.09149295 4.06057e-5 0.9918318 -0.09700715 0.08282071 0.9884799 -0.1265122 0.08307933 0.9816572 -0.1276666 0.1416 0.9772112 -0.1573197 0.1425086 0.9706767 -0.1611417 0.178382 0.972355 -0.184116 0.1436218 0.9652115 -0.1887213 0.1809728 0.966275 -0.1675667 0.1955358 0.9586067 -0.201222 0.201452 0.9641864 -0.1747392 0.1995269 0.9628719 -0.1832108 0.1982711 0.9701238 -0.1416639 0.1969546 0.9694658 -0.148808 0.1949164 0.9748244 -0.1085489 0.194768 0.9745379 -0.1139589 0.1931049 0.9782192 -0.07542246 0.1933874 0.9782859 -0.07914942 0.191552 0.9812159 -0.02043712 0.1918272 0.9815359 -0.02146512 0.19007 0.9622651 -0.2354739 -0.1363738 0.9702884 -0.2011165 -0.1345087 0.9776598 -0.163202 -0.132464 0.9771876 -0.1688125 -0.1288672 0.9834415 -0.1294041 -0.1268757 0.9844071 -0.1352462 -0.1124776 0.9893949 -0.09397161 -0.1107575 0.9908479 -0.09883731 -0.09193307 0.9955494 -0.02672415 -0.09037226 0.9967472 -0.02756077 -0.07573235 0.9960031 0.04746925 -0.07566082 0.9968881 0.0492444 -0.06155741 0.9897598 0.1277675 -0.06364905 0.9899647 0.1323219 -0.0496065 0.9692139 -0.2081136 -0.1315807 0.9600809 -0.2465847 -0.1320632 0.9689027 -0.2176558 -0.1177012 0.9593674 -0.2539162 -0.1230481 0.9585357 -0.2621442 -0.1117574 0.9683707 -0.228919 -0.09926903 0.957639 -0.2696427 -0.1010959 0.9676508 -0.2380174 -0.08366525 0.9556034 -0.2826904 -0.08311617 0.9664034 -0.2475318 -0.069229 0.9528847 -0.2960097 -0.0662502 0.9648524 -0.2568913 -0.05537807 0.9486303 -0.3132709 -0.04429405 0.9631079 -0.265877 -0.04162555 0.9605794 -0.2769 -0.02477163 0.9756059 -0.2159967 -0.03922605 0.9740689 -0.2251234 -0.0225687 0.9854515 -0.1657657 -0.03751069 0.9847254 -0.1728659 -0.02081978 0.9926817 -0.1152626 -0.03602486 0.9925371 -0.1203096 -0.01989543 0.9992905 -0.03250527 -0.01902431 0.9994193 -0.03370118 -0.005031287 0.9430726 -0.3319865 -0.01998019 0.9581619 -0.2860504 -0.01005607 0.9725102 -0.2327132 -0.008283019 0.9704821 -0.2408673 0.01215225 0.9826232 -0.1851691 0.01280629 0.9816921 -0.1877648 0.03201419 0.9908815 -0.1308472 0.03214323 0.9900703 -0.1305108 0.05222821 0.997992 -0.03537696 0.05254089 0.9965038 -0.03499412 0.07586508 0.9368178 -0.3496735 0.01004886 0.9551911 -0.2957893 0.01089596 0.9692268 -0.2442077 0.03101819 0.9809154 -0.1873142 0.05213838 0.9887354 -0.1292016 0.07555896 0.9949983 -0.034262 0.09383267 0.9535696 -0.2996111 0.03063184 0.9344138 -0.3541058 0.03846985 0.9529515 -0.298827 0.05085182 0.9340319 -0.3515095 0.06344687 0.9523302 -0.2959332 0.07409882 0.9345763 -0.3453366 0.08549708 0.9527233 -0.2890238 0.09372067 0.9377107 -0.3296923 0.1095522 0.9543196 -0.2765039 0.1132248 0.9400998 -0.3183383 0.1219556 0.956681 -0.258616 0.1337137 0.9429233 -0.3042172 0.1354535 0.9451342 -0.2920846 0.1463146 0.9581254 -0.245731 0.1470106 0.9473004 -0.2792962 0.156894 0.9594988 -0.231964 0.1598586 0.9493214 -0.2661566 0.1671814 0.9606409 -0.2179231 0.1722756 0.9527744 -0.2388746 0.1875098 0.9614864 -0.2039161 0.1842885 0.962056 -0.193129 0.1927418 0.9693925 -0.1654425 0.1814031 0.9692434 -0.1566453 0.1898142 0.9756549 -0.1268059 0.1789351 0.9749054 -0.1200672 0.1874657 0.9801903 -0.08814567 0.1773622 0.9790382 -0.08346337 0.1857907 0.9841861 -0.02350485 0.1755716 0.9825871 -0.02251863 0.1844328 0.9549838 -0.219785 0.1992502 0.9759481 -0.1830483 0.1184007 0.984236 -0.1559351 0.08344984 0.9832628 -0.1821929 -7.75597e-6 0.9958056 0.09149497 5.12917e-5 0.9933456 0.08019059 0.08266794 0.9867686 0.08090311 0.1405087 0.9810819 0.08279281 0.1749963 0.9778316 0.08605098 0.1908945 0.9696394 0.144702 0.1971316 0.9688352 0.1518901 0.1956723 0.9686437 0.1600196 0.1900603 0.9687323 0.1690166 0.1816349 0.9687807 0.1806313 0.1698124 0.9685566 0.1924414 0.1576849 0.9681633 0.2039019 0.1452035 0.9676769 0.2146782 0.1323434 0.9667224 0.2297083 0.1126148 0.9661522 0.2403196 0.09378999 0.9663446 0.2461768 0.07466661 0.9672456 0.2485898 0.05137163 0.9679434 0.2492185 0.03123724 0.9691832 0.2460404 0.01217412 0.9713142 0.2376477 -0.008507966 0.9729502 0.2298805 -0.02286428 0.9486396 0.3132428 -0.0442937 0.9881256 0.1292085 0.0831449 0.9832594 0.1822114 1.47193e-6 0.9759517 0.1830367 0.1183885 0.9812861 0.1304054 0.1416756 0.9723538 0.1841259 0.1436168 0.9751275 0.1334965 0.1769328 0.9652113 0.1887215 0.1809728 0.9712324 0.1388612 0.1934559 0.9604074 0.1960293 0.1979649 0.9586148 0.2011888 0.2014468 0.9548643 0.2206749 0.1988384 0.9527723 0.238882 0.187511 0.9511436 0.2528599 0.1771663 0.9493274 0.2661366 0.1671789 0.9472889 0.2793351 0.1568945 0.9451227 0.2921196 0.1463184 0.9429167 0.3042375 0.1354539 0.9400989 0.3183406 0.1219564 0.9377202 0.3296662 0.1095492 0.9358243 0.3387168 0.09748888 0.9345712 0.345351 0.08549481 0.9340355 0.3514999 0.0634467 0.9344161 0.3540996 0.03847205 0.936823 0.3496594 0.01005256 0.9430829 0.3319575 -0.01997601 0.9585369 0.2621415 -0.1117537 0.9768643 0.1802998 -0.1150142 0.9862529 0.1069594 -0.1259565 0.9908388 0.03999799 -0.128991 0.9934307 -0.02306717 -0.1120865 0.9593682 0.2539123 -0.1230497 0.9600815 0.2465836 -0.1320613 0.9765169 0.1724576 -0.1291247 0.9622596 0.2354929 -0.1363805 0.9770447 0.1666971 -0.13265 0.9799106 0.1633684 -0.1143949 0.9884099 0.1014463 -0.1129364 0.9929137 0.03923475 -0.1121745 0.9679232 0.2300751 -0.1009465 0.9834607 -0.125144 -0.130935 0.9860674 0.103449 -0.1302673 0.9880232 -0.08991587 -0.125401 0.9775949 -0.1764562 -0.1147679 0.9853897 -0.1422479 -0.09366351 0.9917242 -0.1029111 -0.07676213 0.9976817 -0.02871143 -0.06170123 0.9975274 0.05124187 -0.04809778 0.9979835 0.05300509 -0.03492259 0.9779258 -0.1855782 -0.09603095 0.9778408 -0.1930605 -0.08096343 0.9773256 -0.2009435 -0.06675529 0.9765776 -0.2085751 -0.05284416 0.9936882 -0.02536958 -0.1092708 0.9948399 0.04544711 -0.09070974 0.9894266 0.1225264 -0.07760423 0.9858641 -0.1479389 -0.07865309 0.9922717 -0.107056 -0.06273788 0.9983873 -0.03009742 -0.04813587 0.9989089 -0.03118848 -0.03475904 0.9859641 -0.1540904 -0.06427216 0.9858036 -0.1600021 -0.05090069 0.9925692 -0.1112526 -0.04928773 0.983856 -0.1788261 -0.006986379 0.9922009 -0.1245058 -0.005981564 0.9915398 -0.1290621 0.01385813 0.9992842 -0.03496342 0.01445329 0.9685388 -0.2434647 0.0515508 0.9797825 -0.1854077 0.07516855 0.9875824 -0.1260089 0.09382408 0.9932167 -0.03280311 0.1115559 0.9988419 -0.03544801 0.03253322 0.967634 -0.2410337 0.07474803 0.9790239 -0.180966 0.09361392 0.9864366 -0.1203331 0.111638 0.9911454 -0.0303899 0.1292567 0.9673957 -0.2353618 0.09354317 0.9785541 -0.1728512 0.1120463 0.9851241 -0.1123065 0.1300691 0.9895099 -0.02909827 0.1415051 0.9678463 -0.2249622 0.1125419 0.9781639 -0.1614047 0.1309346 0.9840742 -0.1065469 0.1422873 0.9878591 -0.02715289 0.1529617 0.968679 -0.2101972 0.1322056 0.9777164 -0.1532531 0.1434724 0.9829167 -0.1004871 0.1541983 0.9860388 -0.02548229 0.1645551 0.9690715 -0.1996811 0.1450105 0.9771645 -0.1446899 0.15561 0.9816312 -0.09428441 0.1658636 0.9693654 -0.1885154 0.1574571 0.976498 -0.1356216 0.1675066 0.9695188 -0.1768486 0.1695814 0.979044 -0.07236957 0.1903566 0.9821657 -0.06960701 0.1746581 0.9793651 -0.1001757 0.1755244 0.9877689 -0.06801819 0.1403079 0.9851877 -0.09787887 0.1408017 0.9759387 -0.1041294 0.191574 0.9755329 -0.1306938 0.1767901 0.9716873 -0.1358765 0.1932907 0.9732568 -0.1821803 -0.1399342 0.9856829 -0.09131276 -0.1417439 0.9898175 -3.31881e-6 -0.1423422 0.9594903 -2.05994e-5 -0.2817417 0.9554961 0.09128469 -0.2805252 0.905834 0.09127259 -0.4136837 0.8944033 0.1822119 -0.4084625 0.827173 0.1821895 -0.5315937 0.8377235 0.0912857 -0.5384111 0.7430961 0.1822213 -0.6438972 0.7526056 0.0913102 -0.6521099 0.6438991 0.182197 -0.7431004 0.6521161 0.09163188 -0.7525611 0.5315939 0.1821799 -0.827175 0.5384155 0.09130239 -0.8377187 0.4084624 0.1822086 -0.8944041 0.4136828 0.09128332 -0.9058333 0.2770156 0.1821936 -0.9434341 0.280506 0.09125739 -0.9555043 0.1399328 0.1822077 -0.9732518 0.1417381 0.09132164 -0.9856829 -2.24076e-6 0.1822193 -0.9832579 3.99956e-6 0.09132957 -0.9958208 -0.139932 0.1821936 -0.9732547 -0.1417238 0.09130758 -0.9856863 -0.2770198 0.1821779 -0.9434359 -0.2805229 0.09128564 -0.9554967 -0.408461 0.1822094 -0.8944045 -0.4136821 0.09127259 -0.9058348 -0.531593 0.18219 -0.8271734 -0.5384107 0.09128642 -0.8377236 -0.6438984 0.1822212 -0.7430951 -0.6521093 0.09131062 -0.752606 -0.7431016 0.1821976 -0.6438976 -0.7526066 0.09128528 -0.6521123 -0.8271757 0.1821789 -0.5315931 -0.8377199 0.09130197 -0.5384138 -0.8944047 0.1822105 -0.4084603 -0.9058336 0.09128355 -0.4136823 -0.9434338 0.1821947 -0.2770158 -0.9555043 0.09125667 -0.2805063 -0.9732567 0.1821804 -0.1399343 -0.9856829 0.09131288 -0.1417438 -0.9898175 3.47026e-6 -0.1423422 -0.9856864 -0.09130793 -0.141722 -0.9732547 -0.1821939 -0.1399312 0.9555043 -0.09125673 -0.2805063 0.9434339 -0.1821947 -0.2770158 0.9058336 -0.09128361 -0.4136822 0.8944047 -0.1822105 -0.4084603 0.8377199 -0.09130185 -0.5384138 0.8271757 -0.1821789 -0.531593 0.7525424 -0.09178078 -0.6521169 0.7431015 -0.1821977 -0.6438976 0.6521084 -0.09131067 -0.7526068 0.6438983 -0.1822211 -0.7430953 0.5384107 -0.09128636 -0.8377237 0.5315913 -0.1821898 -0.8271745 0.413682 -0.09127259 -0.9058347 0.4084611 -0.1822094 -0.8944045 0.2805228 -0.09128564 -0.9554967 0.2770184 -0.1821779 -0.9434363 0.1417121 -0.09165567 -0.9856556 0.1399335 -0.1821937 -0.9732544 -2.62344e-6 -0.09132957 -0.9958208 -6.00907e-7 -0.1822193 -0.9832579 -0.1416983 -0.0916683 -0.9856564 -0.13993 -0.1822078 -0.9732522 -0.2805053 -0.09125745 -0.9555046 -0.2770156 -0.1821937 -0.9434341 -0.4136829 -0.09128332 -0.9058333 -0.4084623 -0.1822086 -0.894404 -0.5384154 -0.09130233 -0.8377187 -0.5315937 -0.1821799 -0.8271751 -0.6521112 -0.09128534 -0.7526074 -0.6438993 -0.1821972 -0.7431002 -0.7526057 -0.09131056 -0.6521099 -0.7430962 -0.1822214 -0.6438972 -0.8377235 -0.09128582 -0.538411 -0.827173 -0.1821895 -0.5315937 -0.905834 -0.09127259 -0.4136836 -0.8944035 -0.1822119 -0.4084622 -0.9554961 -0.09128463 -0.2805251 -0.9434364 -0.1821778 -0.2770181 0.9434364 0.182178 -0.2770182 0.9856553 0.09165644 -0.1417142 0.9732547 0.1821942 -0.1399312 0.9096447 1.06396e-5 -0.4153875 0.8412453 1.09522e-5 -0.5406538 0.7557479 -1.20695e-5 -0.6548627 0.6548646 1.22018e-5 -0.7557463 0.5406542 -1.07363e-5 -0.8412449 0.415385 -1.01686e-5 -0.9096457 0.2817403 2.01618e-5 -0.9594908 0.1423435 3.05407e-6 -0.9898174 0 0 -1 -0.1423435 -3.08627e-6 -0.9898174 -0.2817401 -2.0182e-5 -0.9594908 -0.415385 1.02163e-5 -0.9096458 -0.5406542 1.07363e-5 -0.8412449 -0.6548647 -1.21625e-5 -0.7557463 -0.7557479 1.20683e-5 -0.6548628 -0.8412452 -1.09522e-5 -0.5406538 -0.9096446 -1.06396e-5 -0.4153876 -0.9594903 2.06066e-5 -0.2817416 -0.8705968 0.4797599 0.1090495 -0.8775837 0.4794235 8.06359e-6 -0.8769076 0.4793002 0.03611934 -0.8775739 0.4794414 1.53568e-5 -0.8710384 0.4797453 0.1055297 -0.8683051 0.4802199 0.1242382 -0.8597597 0.4849576 0.160092 -0.8568724 0.4864513 0.1706895 -0.8494405 0.4970878 0.1770724 -0.8466284 0.4986763 0.1858559 -0.8397225 0.5146239 0.1732875 -0.837204 0.5154851 0.1826601 -0.8317434 0.5264852 0.1761147 -0.8349782 0.5155323 0.1924525 -0.8263869 0.5331441 0.1812245 -0.8289219 0.5323435 0.1717522 -0.8285721 0.5331122 0.171055 -0.8310733 0.5322071 0.1614711 -0.818574 0.5530874 0.1550195 -0.8183642 0.556908 0.1418935 -0.8102917 0.5687121 0.1414004 -0.8118457 0.5686788 0.1323297 -0.8021057 0.583395 0.1275801 -0.8054234 0.5798653 0.1226755 -0.7992085 0.5903391 0.1129852 -0.7918058 0.6023723 0.1009522 -0.7978473 0.5908032 0.1199643 -0.7980905 0.5903764 0.1204463 -0.7969538 0.5903631 0.1278129 -0.8041227 0.5772418 0.1420515 -0.7909637 0.6024246 0.1070565 -0.7856553 0.612032 0.09034705 -0.7850558 0.6120738 0.09514862 -0.7804399 0.6195716 0.08393281 -0.7821099 0.6160629 0.09365135 -0.777681 0.6237541 0.07837843 -0.7759242 0.6274045 0.06561493 -0.7753508 0.6283518 0.06328815 -0.7754271 0.6284145 0.06170976 -0.7753371 0.6283844 0.06313014 -0.7744975 0.6309149 0.04582768 -0.7743941 0.6312668 0.04261499 -0.7743896 0.6313127 0.04201197 -0.7742184 0.6321087 0.03201055 -0.7742272 0.632113 0.03171044 -0.7763355 0.6302021 0.01219791 -0.7776721 0.6286058 0.009001076 -0.7777381 0.6285534 0.006645321 -0.7830272 0.6219388 -0.007799267 -0.7777632 0.6285415 0.004476487 -0.7864587 0.6173194 -0.01999002 -0.7889333 0.6141408 -0.02038407 -0.7925561 0.6088739 -0.03357923 -0.795979 0.6043556 -0.03423267 -0.7993968 0.5988225 -0.04875016 -0.7997987 0.598802 -0.04193025 -0.799645 0.598444 -0.04932349 -0.8000505 0.5984216 -0.0425533 -0.8032178 0.5936623 -0.04905515 -0.8004168 0.5983871 -0.03558069 -0.8102414 0.5835798 -0.05425477 -0.7775232 0.6248804 0.07058638 -0.7748636 0.6299546 0.05238151 -0.7890582 0.6141274 -0.01532018 -0.8110331 0.5812926 -0.0657593 -0.8174661 0.5718236 -0.06904298 -0.8188805 0.5678728 -0.08339834 -0.8240201 0.5601848 -0.08475804 -0.8228961 0.5602583 -0.09461903 -0.8232746 0.5595133 -0.09572809 -0.8217017 0.5602799 -0.1043692 -0.8245651 0.5543225 -0.1132215 -0.826159 0.5538895 -0.1032861 -0.8286236 0.5486715 -0.1110974 -0.8275532 0.5534161 -0.09426802 -0.8313702 0.545846 -0.1042878 -0.833366 0.5389738 -0.1225095 -0.8348315 0.538897 -0.1124562 -0.8366177 0.5329838 -0.1264882 -0.8409348 0.5282376 -0.1174474 -0.839939 0.5281644 -0.1246793 -0.8460547 0.5237733 -0.09926331 -0.8385366 0.5285119 -0.1324079 -0.8469551 0.5235232 -0.09268605 -0.8501468 0.5231758 -0.05947673 -0.8520496 0.5234612 -1.44192e-5 -0.8520496 0.5234612 1.22791e-5 -0.8474273 0.5235186 -0.08829224 -0.8348765 0.5334319 -0.1357634 -0.8315123 0.5395879 -0.1320318 -0.8281776 0.5466044 -0.1238775 -0.8167626 0.5699124 -0.08999294 -0.8112429 0.5797351 -0.07610845 -0.8054585 0.5893461 -0.06251436 -0.7777184 0.6285952 0.004718899 -0.7744599 0.6321526 0.02439427 -0.7885997 0.6050336 0.1097489 -0.796698 0.5908199 0.1272965 -0.8116897 0.5629349 0.1557697 -0.819225 0.5480309 0.1689158 -0.8454498 0.497619 0.1938817 -0.8574707 0.4851723 0.1713238 -0.8391588 0.523399 0.1478719 -0.8375317 0.5234788 0.1565586 -0.8006894 0.523429 0.2914078 -0.7945113 0.5234634 0.3077952 -0.7379071 0.5234469 0.426024 -0.7244214 0.5234725 0.4485425 -0.6527264 0.5234321 0.5476927 -0.6296566 0.5234959 0.5740076 -0.5476952 0.5234463 0.6527128 -0.5134624 0.5234933 0.6799347 -0.4260317 0.5234453 0.7379038 -0.3797965 0.5234446 0.7627323 -0.2914232 0.5234462 0.8006726 -0.2331754 0.5234582 0.8195247 -0.1479634 0.5234215 0.8391287 -0.07861709 0.5234653 0.8484123 -3.87139e-7 0.523464 0.8520479 0.07861679 0.5234652 0.8484124 0.1479567 0.5234635 0.8391036 0.2331744 0.5234581 0.8195252 0.291423 0.5234462 0.8006727 0.3797837 0.5234868 0.7627097 0.4260321 0.5234453 0.7379036 0.5134623 0.5234934 0.6799347 0.5476952 0.5234463 0.6527128 0.629656 0.5234959 0.5740082 0.6527265 0.5234321 0.5476924 0.7244212 0.5234725 0.4485426 0.7379071 0.5234469 0.4260241 0.7945113 0.5234636 0.3077952 0.8007184 0.5233904 0.2913975 0.8375319 0.5234788 0.1565583 0.8392273 0.5233185 0.1477683 0.8520489 0.5234622 -1.47319e-5 0.8520494 0.5234614 1.25261e-5 0.8710412 0.4797419 0.1055219 0.8775806 0.4794294 1.25026e-5 0.8708851 0.479737 0.1068252 0.8775784 0.4794334 -1.45414e-5 0.8705897 0.4797571 0.1091189 0.8616723 0.4830918 0.155381 0.8574789 0.4851753 0.1712747 0.8527706 0.4904896 0.1794496 0.8454542 0.4976248 0.193847 0.8447983 0.5016334 0.1862248 0.8350004 0.5155121 0.1924101 0.8371967 0.5154963 0.1826622 0.826398 0.5331316 0.1812104 0.8317498 0.5264775 0.1761074 0.8289518 0.5323013 0.1717396 0.8310787 0.5322071 0.1614434 0.8285676 0.5331221 0.1710456 0.8247076 0.5449153 0.1514094 0.8206704 0.5490782 0.1581566 0.8183642 0.5569057 0.1419025 0.8114011 0.5666968 0.1431189 0.8118451 0.5686767 0.1323421 0.8020829 0.5834263 0.1275814 0.8053911 0.5799071 0.1226909 0.7992306 0.5902988 0.1130399 0.7980909 0.5903763 0.1204442 0.7978472 0.5908033 0.1199642 0.7969256 0.590403 0.1278046 0.7966979 0.5908204 0.1272946 0.819233 0.5480237 0.1689013 0.811685 0.5629358 0.1557914 0.8041226 0.5772432 0.1420475 0.7909564 0.6024166 0.1071565 0.7885978 0.605035 0.1097563 0.7850609 0.6120646 0.09516459 0.7821006 0.6160714 0.09367364 0.7804546 0.6195492 0.08396166 0.7776727 0.6237658 0.07836872 0.7759228 0.6274054 0.06562167 0.7753509 0.6283516 0.06328886 0.7754272 0.6284145 0.0617097 0.7753373 0.6283842 0.06313115 0.7745023 0.6309108 0.04580324 0.7743775 0.631287 0.04261541 0.7743991 0.6313009 0.04201638 0.7742336 0.6320906 0.03199809 0.7742514 0.6320816 0.03174436 0.7763371 0.6302002 0.01219087 0.7776572 0.6286244 0.008992254 0.777737 0.6285551 0.006626009 0.7816301 0.623723 -0.00490278 0.7777487 0.6285592 0.00452584 0.7864552 0.6173237 -0.01999408 0.7744889 0.6321166 0.02440619 0.7777197 0.6285936 0.004719197 0.7881382 0.6152122 -0.01877003 0.792554 0.6088739 -0.0336287 0.7959845 0.6043476 -0.03424698 0.7993959 0.5988261 -0.04871976 0.7999303 0.598639 -0.04174906 0.8000513 0.5984236 -0.04251098 0.8004283 0.5983727 -0.03556412 0.803216 0.5936645 -0.04905831 0.8102415 0.5835797 -0.05425471 0.8110332 0.5812924 -0.06575936 0.8174563 0.5718321 -0.06908893 0.8187397 0.5680384 -0.08365291 0.824019 0.5601834 -0.08477824 0.8228958 0.5602582 -0.09462231 0.8232778 0.5595062 -0.09574145 0.8216974 0.5602952 -0.1043206 0.8245734 0.5543182 -0.1131817 0.7996539 0.598431 -0.04933762 0.8054586 0.5893458 -0.06251454 0.8112427 0.5797351 -0.07610839 0.8167371 0.5699455 -0.09001588 0.8281941 0.5465891 -0.1238352 0.8285768 0.5487303 -0.1111568 0.8258909 0.5542948 -0.1032551 0.8333041 0.5390778 -0.1224729 0.8315423 0.5395559 -0.1319732 0.8348799 0.5334388 -0.1357155 0.8366245 0.5329466 -0.1265998 0.8385353 0.5285102 -0.1324219 0.8399415 0.5281603 -0.1246799 0.8460319 0.5238108 -0.09925919 0.8409346 0.5282377 -0.1174474 0.8474274 0.5235183 -0.08829265 0.8501472 0.5231753 -0.05947673 0.8469536 0.5235267 -0.09267896 0.8348155 0.5389286 -0.112424 0.8313702 0.5458458 -0.1042877 0.8275614 0.5533962 -0.09431248 0.789061 0.6141242 -0.01531147 0.7748405 0.6299849 0.05235779 0.7775258 0.6248779 0.07057702 0.7810263 0.6193175 0.08027452 0.785656 0.6120256 0.0903849 0.7918059 0.6023721 0.100952 0.8393064 0.5154326 0.1728994 0.8494514 0.4970679 0.1770762 0.8529168 0.4920921 0.174294 0.8594474 0.4853841 0.1604757 0.8675326 0.4806868 0.1277791 0.8686738 0.4793963 -0.1248406 0.8677667 0.4794532 -0.1307894 0.8420417 0.4794162 -0.2472366 0.8385804 0.4794523 -0.2586668 0.7982991 0.4793943 -0.3645542 0.7906736 0.4794277 -0.3807683 0.7382598 0.4794418 -0.4744557 0.7250825 0.4794476 -0.4943535 0.6632312 0.4794293 -0.574693 0.6433055 0.4794443 -0.5969014 0.5747184 0.4793809 -0.6632441 0.5471643 0.4794243 -0.6861222 0.4744591 0.4794222 -0.7382704 0.4388009 0.4793949 -0.7600226 0.3645592 0.4794321 -0.798274 0.3206175 0.4794245 -0.816919 0.2472456 0.47942 -0.8420368 0.1952815 0.4794194 -0.855583 0.1248943 0.4794189 -0.8686535 0.06558197 0.4794254 -0.8751288 3.30299e-7 0.4794061 -0.8775932 -0.06558179 0.4794254 -0.8751288 -0.1248937 0.4794189 -0.8686536 -0.1952813 0.4794193 -0.8555831 -0.2472455 0.4794201 -0.8420369 -0.3206067 0.4794677 -0.8168978 -0.3645595 0.4794322 -0.7982739 -0.4387874 0.4794381 -0.7600032 -0.4744593 0.4794222 -0.7382701 -0.5471642 0.4794243 -0.6861222 -0.5747184 0.4793809 -0.6632443 -0.6433051 0.4794443 -0.5969018 -0.6632312 0.4794293 -0.574693 -0.7250823 0.4794475 -0.494354 -0.7382597 0.4794417 -0.4744558 -0.7906736 0.4794276 -0.3807684 -0.7982991 0.4793941 -0.3645542 -0.8385804 0.4794521 -0.2586671 -0.8420682 0.4793785 -0.2472191 -0.8677667 0.479453 -0.1307892 -0.8686738 0.4793962 -0.1248406 0 1 -6.85014e-6 0 1 -5.04355e-6 0 1 -1.59916e-6 0 1 1.81224e-6 0 1 5.06151e-7 0 1 0 0 1 0 0 1 -2.21982e-7 0 1 -2.6086e-7 0 1 0 0 1 3.42761e-7 0 1 -3.31526e-7 0 1 0 0 1 1.46035e-5 0 1 1.6307e-7 0 1 2.14578e-6 0 1 -3.05568e-7 0 1 3.03382e-7 0 1 0 0 1 0 0 1 0 0 1 2.51761e-7 0 1 0 0 1 0 0 1 0 0 1 0 0 1 0 0 1 0 0 1 2.92936e-7 0 1 0 0 1 -5.8193e-7 0 1 3.59272e-7 0 1 0 0 1 -2.41325e-7 0 1 0 0 1 0 0 1 2.52253e-7 0 1 8.93713e-7 0 1 -1.00748e-5 0 1 -6.15285e-6 0 1 -1.20866e-5 0 1 0 0 1 0 0 1 0 0 1 0 0 1 -1.29462e-7 0 1 0 0 1 -1.71694e-7 0 1 0 0 1 0 0 1 0 0 1 -1.96677e-6 0 1 -1.15477e-5 0 1 2.95134e-7 0 1 -6.64345e-7 0 1 1.51281e-7 0 1 3.35859e-7 0 1 -3.79204e-7 0 1 0 0 1 0 0 1 1.70571e-7 0 1 -2.16272e-7 0 1 4.66096e-7 0 1 -2.11909e-7 0 1 -1.63387e-7 0 1 0 0 1 6.01824e-7 0 1 0 0 1 1.94964e-7 0 1 -4.88519e-7 0 1 -6.10915e-7 0 1 2.58661e-7 0 1 -1.15674e-5 0 1 -1.31962e-6 0 1 -8.4302e-7 0 1 0 0 1 5.37374e-7 0 1 -6.03195e-7 0 1 0 0 1 0 0 1 -2.42583e-7 0 1 7.80643e-7 0 1 0 0 1 -3.39587e-7 0 1 0 0 1 0 0 1 -6.33237e-7 0 1 0 0 1 0 0 1 1.22137e-7 0 1 1.83421e-7 0 1 -3.66006e-7 0 1 0 0 1 -3.35698e-7 0 1 -5.43777e-7 0 1 0 0 1 0 0 1 3.20154e-7 0 1 0 0 1 2.67257e-7 0 1 9.96516e-7 0 1 2.96609e-7 0 1 7.79164e-7 0 1 0 0 1 -4.38822e-7 0 1 -1.70134e-7 0 1 -4.54766e-7 0 1 -3.66829e-7 0 1 0 0 1 -4.63084e-7 0 1 -3.51512e-7 0 1 3.19885e-7 0 1 -3.25098e-7 0 1 1.26564e-7 0 1 -2.27383e-7 0 1 0 0 1 -2.19411e-7 0 1 7.79164e-7 0 1 2.96609e-7 0 1 9.96516e-7 0 1 0 0 1 -1.73387e-7 0 1 -3.92176e-7 0 1 0 0 1 -5.06222e-7 -0.1526484 2.2749e-5 0.9882807 -0.07472956 2.35778e-5 0.997204 -3.63539e-7 -5.78258e-6 1 0.07473111 -2.58731e-5 0.9972038 0.1526483 2.27368e-5 0.9882806 0.2225227 -2.85306e-5 0.9749275 0.30172 9.67924e-6 0.9533966 0.3653429 -1.62101e-5 0.930873 0.4437196 -4.0275e-6 0.8961657 0.5000009 -7.06781e-6 0.866025 0.5753183 2.81865e-6 0.8179296 0.6234929 -1.92234e-5 0.7818291 0.6934337 -1.29468e-5 0.7205205 0.7330495 1.39601e-5 0.6801753 0.7952907 2.16612e-5 0.6062282 0.8262388 -6.9337e-7 0.5633201 0.8785123 1.93575e-6 0.47772 0.9009705 -1.21188e-5 0.4338803 0.9411396 7.22194e-6 0.3380184 0.9555726 1.93994e-6 0.2947562 0.9817069 3.59719e-5 0.1903985 0.988832 -2.12155e-5 0.1490346 0.999266 2.57837e-5 0.03830862 1 1.99615e-5 8.13182e-6 0.9934022 5.22938e-7 -0.1146834 0.9888302 -1.13631e-5 -0.1490471 0.9642555 3.22089e-5 -0.2649743 0.9555734 2.93786e-6 -0.2947536 0.9125034 -1.75089e-6 -0.409069 0.9009684 -2.75578e-6 -0.4338849 0.8393687 2.5271e-5 -0.5435626 0.8262339 -1.72649e-5 -0.5633274 0.746559 3.60711e-5 -0.6653193 0.7330479 -1.06664e-5 -0.6801771 0.6362478 3.24561e-5 -0.7714847 0.6234893 -8.54023e-7 -0.781832 0.5110202 8.04453e-6 -0.8595688 0.4999844 -2.75432e-5 -0.8660345 0.3738177 4.30108e-6 -0.9275022 0.3653359 -7.12706e-6 -0.9308758 0.2278528 -2.77795e-5 -0.9736956 0.2224091 -9.20939e-5 -0.9749534 0.07653141 5.52911e-5 -0.9970673 0.07461899 1.8256e-5 -0.9972122 -0.0746178 1.8403e-5 -0.9972122 -0.2225232 -2.84896e-5 0.9749274 -0.3017196 9.62056e-6 0.9533967 -0.365343 -1.62669e-5 0.930873 -0.4437201 -4.15603e-6 0.8961656 -0.5000012 -7.08131e-6 0.8660247 -0.5753182 2.7935e-6 0.8179298 -0.6234928 -1.91438e-5 0.7818292 -0.6934286 3.60743e-5 0.7205253 -0.7330572 -3.414e-5 0.680167 -0.7952909 2.16169e-5 0.6062281 -0.8262391 -6.84522e-7 0.5633198 -0.8785122 1.8049e-6 0.4777199 -0.9009703 -1.22814e-5 0.4338808 -0.9411396 7.24196e-6 0.3380182 -0.9555726 2.03401e-6 0.2947561 -0.981707 3.56394e-5 0.1903983 -0.9888321 -2.1535e-5 0.1490343 -0.999266 2.53911e-5 0.03830856 -1 1.99038e-5 8.08989e-6 -0.9934021 6.23986e-7 -0.1146832 -0.9888302 -1.13398e-5 -0.1490469 -0.9642555 3.21553e-5 -0.2649745 -0.9555734 2.97092e-6 -0.2947536 -0.9125034 -1.57207e-6 -0.4090692 -0.9009685 -2.69758e-6 -0.4338847 -0.8393689 2.51816e-5 -0.5435622 -0.8262339 -1.71477e-5 -0.5633273 -0.7465515 -1.20183e-5 -0.6653277 -0.7330478 -1.04036e-5 -0.6801772 -0.6362481 3.24124e-5 -0.7714846 -0.6234893 -9.52743e-7 -0.7818319 -0.5110201 7.97654e-6 -0.8595688 -0.5000078 1.37391e-5 -0.866021 -0.3738176 4.27221e-6 -0.9275022 -0.3653357 -7.12485e-6 -0.9308758 -0.2278556 7.12652e-5 -0.973695 -0.2224467 -6.11356e-5 -0.974945 -0.07653141 5.56728e-5 -0.9970673</float_array>
          <technique_common>
            <accessor source="#calf_l-mesh-normals-array" count="4627" stride="3">
              <param name="X" type="float"/>
              <param name="Y" type="float"/>
              <param name="Z" type="float"/>
            </accessor>
          </technique_common>
        </source>
        <source id="calf_l-mesh-map-0">
          <float_array id="calf_l-mesh-map-0-array" count="43404">-0.636396 0 0 0 -0.604696 0.928666 -0.604696 0.928666 0 0 0 1.160833 -0.604696 0.928666 0 1.160833 -0.636396 1.160833 -0.636396 1.160833 0 1.160833 -0.604696 1.857332 -0.636396 1.160833 -0.604696 1.857332 -0.636396 2.321665 -0.636396 2.321665 -0.604696 1.857332 -0.604696 2.476443 -0.636396 2.321665 -0.604696 2.476443 -0.636396 2.902082 -0.636396 2.902082 -0.604696 2.476443 -0.604696 3.095554 -0.636396 2.902082 -0.604696 3.095554 -0.636396 3.482498 -0.636396 3.482498 -0.604696 3.095554 0 3.482498 -0.636396 3.482498 0 3.482498 -0.604696 3.869442 -0.604696 3.869442 0 3.482498 0 4.062915 -0.604696 3.869442 0 4.062915 -0.636396 4.062915 -0.636396 4.062915 0 4.062915 -0.604696 4.643331 -0.636396 4.062915 -0.604696 4.643331 -0.636396 4.643331 -0.636396 4.643331 -0.604696 4.643331 -0.636396 5.066574 -0.636396 5.066574 -0.604696 4.643331 -0.604696 5.066574 -0.636396 5.066574 -0.604696 5.066574 -0.636396 5.735682 -0.636396 5.735682 -0.604696 5.066574 0 5.735682 -0.636396 5.735682 0 5.735682 -0.604696 5.958717 -0.604696 5.958717 0 5.735682 0 6.404789 -0.604696 5.958717 0 6.404789 -0.636396 6.404789 -0.636396 6.404789 0 6.404789 -0.604696 6.850861 -0.636396 6.404789 -0.604696 6.850861 -0.636396 7.073897 -0.636396 7.073897 -0.604696 6.850861 0 7.073897 -0.636396 7.073897 0 7.073897 -0.604696 7.743004 -0.604696 7.743004 0 7.073897 0 7.743004 -0.604696 7.743004 0 7.743004 -0.604696 8.52196 -0.604696 8.52196 0 7.743004 0 8.560908 -0.604696 8.52196 0 8.560908 -0.604696 9.300913 -0.604696 9.300913 0 8.560908 0 9.378809 -0.604696 9.300913 0 9.378809 -0.604696 10.15776 -0.604696 10.15776 0 9.378809 0 11.01461 -0.604696 10.15776 0 11.01461 -0.604696 11.01461 -0.604696 11.01461 0 11.01461 -0.604696 11.74529 -0.604696 11.01461 -0.604696 11.74529 -0.636396 11.01461 -0.636396 11.01461 -0.604696 11.74529 -0.636396 12.47596 -0.636396 12.47596 -0.604696 11.74529 -0.604696 12.47596 -0.636396 12.47596 -0.604696 12.47596 -0.604696 13.20663 -0.604696 13.20663 -0.604696 12.47596 0 12.47596 -0.604696 13.20663 0 12.47596 0 13.93731 0 1.160833 0 1.741249 -0.604696 1.857332 -0.604696 1.857332 0 1.741249 0 2.321666 -0.604696 1.857332 0 2.321666 -0.604696 2.476443 -0.604696 2.476443 0 2.321666 0 2.902082 -0.604696 2.476443 0 2.902082 -0.604696 3.095554 -0.604696 3.095554 0 2.902082 0 3.482498 0 4.062915 0 4.643331 -0.604696 4.643331 -0.604696 4.643331 0 4.643331 -0.604696 5.066574 0 4.643331 0 5.066574 -0.604696 5.066574 -0.604696 5.066574 0 5.066574 0 5.735682 0 6.404789 0 7.073897 -0.604696 6.850861 0 11.01461 0 12.47596 -0.604696 11.74529 -0.604696 11.74529 0 12.47596 -0.604696 12.47596 0 15.54133 -0.604696 14.73932 0 13.93731 0 13.93731 -0.604696 14.73932 -0.604696 13.93731 0 13.93731 -0.604696 13.93731 -0.604696 13.20663 -0.604696 13.20663 -0.604696 13.93731 -0.636396 13.93731 -0.604696 13.20663 -0.636396 13.93731 -0.636396 12.47596 0 16.67205 -0.604696 16.29515 0 15.54133 0 15.54133 -0.604696 16.29515 -0.604696 15.54133 0 15.54133 -0.604696 15.54133 -0.604696 14.73932 -0.604696 14.73932 -0.604696 15.54133 -0.636396 15.54133 -0.604696 14.73932 -0.636396 15.54133 -0.636396 13.93731 0 17.80277 -0.604696 17.04896 0 16.67205 0 16.67205 -0.604696 17.04896 -0.636396 16.67205 0 16.67205 -0.636396 16.67205 -0.604696 16.29515 -0.604696 16.29515 -0.636396 16.67205 -0.636396 15.54133 -0.604696 16.29515 -0.636396 15.54133 -0.604696 15.54133 0 18.93349 -0.604696 18.55659 0 17.80277 0 17.80277 -0.604696 18.55659 -0.604696 17.80277 0 17.80277 -0.604696 17.80277 -0.604696 17.04896 -0.604696 17.04896 -0.604696 17.80277 -0.636396 17.80277 -0.604696 17.04896 -0.636396 17.80277 -0.636396 16.67205 0 20.06421 -0.604696 19.3104 0 18.93349 0 18.93349 -0.604696 19.3104 -0.636396 18.93349 0 18.93349 -0.636396 18.93349 -0.604696 18.55659 -0.604696 18.55659 -0.636396 18.93349 -0.636396 17.80277 -0.604696 18.55659 -0.636396 17.80277 -0.604696 17.80277 0 20.96274 -0.604696 20.96274 0 20.06421 0 20.06421 -0.604696 20.96274 -0.604696 20.06421 0 20.06421 -0.604696 20.06421 -0.604696 19.3104 -0.604696 19.3104 -0.604696 20.06421 -0.636396 20.06421 -0.604696 19.3104 -0.636396 20.06421 -0.636396 18.93349 -0.604696 20.96274 0 20.96274 -0.604696 21.86127 -0.604696 21.86127 0 20.96274 0 21.86127 -0.604696 21.86127 0 21.86127 -0.604696 22.7598 -0.604696 22.7598 0 21.86127 0 22.7598 -0.604696 22.7598 0 22.7598 -0.604696 23.65833 -0.604696 23.65833 0 22.7598 0 23.65833 -0.604696 23.65833 0 23.65833 0 24.1035 0 24.1035 -0.636396 24.63921 -0.604696 23.65833 -0.604696 23.65833 -0.636396 24.63921 -0.636396 23.65833 -0.604696 23.65833 -0.636396 23.65833 -0.604696 22.7598 -0.604696 22.7598 -0.636396 23.65833 -0.636396 22.7598 -0.604696 22.7598 -0.636396 22.7598 -0.604696 21.86127 -0.604696 21.86127 -0.636396 22.7598 -0.636396 21.86127 -0.604696 21.86127 -0.636396 21.86127 -0.604696 20.96274 -0.604696 20.96274 -0.636396 21.86127 -0.636396 20.96274 -0.604696 20.96274 -0.636396 20.96274 -0.604696 20.06421 -0.604696 20.06421 -0.636396 20.96274 -0.636396 20.06421 -0.604696 11.01461 -0.636396 11.01461 -0.604696 10.15776 -0.604696 10.15776 -0.636396 11.01461 -0.636396 9.378809 -0.604696 10.15776 -0.636396 9.378809 -0.604696 9.300913 -0.604696 9.300913 -0.636396 9.378809 -0.636396 8.560908 -0.604696 9.300913 -0.636396 8.560908 -0.604696 8.52196 -0.604696 8.52196 -0.636396 8.560908 -0.636396 7.743004 -0.604696 8.52196 -0.636396 7.743004 -0.604696 7.743004 -0.604696 7.743004 -0.636396 7.743004 -0.636396 7.073897 -0.636396 6.404789 -0.636396 5.735682 -0.604696 5.958717 -0.636396 4.062915 -0.636396 3.482498 -0.604696 3.869442 -0.636396 1.160833 -0.636396 0 -0.604696 0.928666 -0.636396 13.93731 -0.604696 13.93731 -0.604696 14.73932 0 -23.68945 -0.318198 -23.68945 0 -24.13504 0 -24.13504 -0.318198 -23.68945 -0.636396 -23.68945 0 -24.13504 -0.636396 -23.68945 -0.636396 -24.67125 -0.318198 -23.68945 0 -23.68945 -0.318198 -22.79009 -0.318198 -22.79009 0 -23.68945 0 -22.79009 -0.318198 -22.79009 0 -22.79009 -0.318198 -21.89072 -0.318198 -21.89072 0 -22.79009 0 -21.89072 -0.318198 -21.89072 0 -21.89072 -0.318198 -20.99135 -0.318198 -20.99135 0 -21.89072 0 -20.99135 -0.318198 -20.99135 0 -20.99135 -0.318198 -20.09198 -0.318198 -20.09198 0 -20.99135 0 -20.09198 -0.318198 -20.09198 0 -20.09198 0 -18.9602 -0.318198 -20.09198 0 -18.9602 -0.318198 -18.58295 -0.318198 -18.58295 0 -18.9602 0 -17.82843 -0.318198 -18.58295 0 -17.82843 -0.318198 -17.07391 -0.318198 -17.07391 0 -17.82843 0 -16.69665 -0.318198 -17.07391 0 -16.69665 -0.318198 -15.56488 -0.318198 -15.56488 0 -16.69665 0 -15.56488 -0.318198 -15.56488 0 -15.56488 -0.318198 -13.95935 -0.318198 -13.95935 0 -15.56488 0 -13.95935 -0.318198 -13.95935 0 -13.95935 -0.318198 -12.49664 -0.318198 -12.49664 0 -13.95935 0 -12.49664 -0.318198 -12.49664 0 -12.49664 -0.318198 -11.03393 -0.318198 -11.03393 0 -12.49664 0 -11.03393 -0.318198 -11.03393 0 -11.03393 -0.318198 -9.396596 -0.318198 -9.396596 0 -11.03393 0 -9.396596 -0.318198 -9.396596 0 -9.396596 -0.318198 -8.577929 -0.318198 -8.577929 0 -9.396596 0 -8.577929 -0.318198 -8.577929 0 -8.577929 -0.318198 -7.759261 -0.318198 -7.759261 0 -8.577929 0 -7.759261 -0.318198 -7.759261 0 -7.759261 -0.318198 -7.089527 -0.318198 -7.089527 0 -7.759261 0 -7.089527 -0.318198 -7.089527 0 -7.089527 -0.318198 -6.419793 -0.318198 -6.419793 0 -7.089527 0 -6.419793 -0.318198 -6.419793 0 -6.419793 -0.318198 -5.750059 -0.318198 -5.750059 0 -6.419793 0 -5.750059 -0.318198 -5.750059 0 -5.750059 -0.318198 -5.080325 -0.318198 -5.080325 0 -5.750059 0 -5.080325 -0.318198 -5.080325 0 -5.080325 -0.318198 -4.656703 -0.318198 -4.656703 0 -5.080325 0 -4.656703 -0.318198 -4.656703 0 -4.656703 0 -4.075766 -0.318198 -4.656703 0 -4.075766 -0.318198 -3.746568 -0.318198 -3.746568 0 -4.075766 0 -3.494829 -0.318198 -3.746568 0 -3.494829 -0.318198 -2.836434 -0.318198 -2.836434 0 -3.494829 0 -2.913892 -0.318198 -2.836434 0 -2.913892 0 -2.332955 -0.318198 -2.836434 0 -2.332955 -0.318198 -1.9263 -0.318198 -1.9263 0 -2.332955 0 -1.752018 -0.318198 -1.9263 0 -1.752018 0 -1.171082 -0.318198 -1.9263 0 -1.171082 -0.318198 -1.016165 -0.318198 -1.016165 0 -1.171082 0 -0.009207963 -0.318198 -1.016165 0 -0.009207963 -0.636396 -0.009207963 -0.636396 -0.009207963 -0.636396 -1.171082 -0.318198 -1.016165 -0.318198 -1.016165 -0.636396 -1.171082 -0.318198 -1.9263 -0.636396 -1.171082 -0.636396 -2.332955 -0.318198 -1.9263 -0.318198 -1.9263 -0.636396 -2.332955 -0.318198 -2.836434 -0.636396 -2.332955 -0.636396 -2.913892 -0.318198 -2.836434 -0.318198 -2.836434 -0.636396 -2.913892 -0.636396 -3.494829 -0.318198 -2.836434 -0.636396 -3.494829 -0.318198 -3.746568 -0.318198 -3.746568 -0.636396 -3.494829 -0.636396 -4.075766 -0.318198 -3.746568 -0.636396 -4.075766 -0.318198 -4.656703 -0.318198 -4.656703 -0.636396 -4.075766 -0.636396 -4.656703 -0.318198 -4.656703 -0.636396 -4.656703 -0.318198 -5.080325 -0.318198 -5.080325 -0.636396 -4.656703 -0.636396 -5.080325 -0.318198 -5.080325 -0.636396 -5.080325 -0.318198 -5.750059 -0.318198 -5.750059 -0.636396 -5.080325 -0.636396 -5.750059 -0.318198 -5.750059 -0.636396 -5.750059 -0.318198 -6.419793 -0.318198 -6.419793 -0.636396 -5.750059 -0.636396 -6.419793 -0.318198 -6.419793 -0.636396 -6.419793 -0.318198 -7.089527 -0.318198 -7.089527 -0.636396 -6.419793 -0.636396 -7.089527 -0.318198 -7.089527 -0.636396 -7.089527 -0.318198 -7.759261 -0.318198 -7.759261 -0.636396 -7.089527 -0.636396 -7.759261 -0.318198 -7.759261 -0.636396 -7.759261 -0.318198 -8.577929 -0.318198 -8.577929 -0.636396 -7.759261 -0.636396 -8.577929 -0.318198 -8.577929 -0.636396 -8.577929 -0.318198 -9.396596 -0.318198 -9.396596 -0.636396 -8.577929 -0.636396 -9.396596 -0.318198 -9.396596 -0.636396 -9.396596 -0.318198 -11.03393 -0.318198 -11.03393 -0.636396 -9.396596 -0.636396 -11.03393 -0.318198 -11.03393 -0.636396 -11.03393 -0.318198 -12.49664 -0.318198 -12.49664 -0.636396 -11.03393 -0.636396 -12.49664 -0.318198 -12.49664 -0.636396 -12.49664 -0.318198 -13.95935 -0.318198 -13.95935 -0.636396 -12.49664 -0.636396 -13.95935 -0.318198 -13.95935 -0.636396 -13.95935 -0.318198 -15.56488 -0.318198 -15.56488 -0.636396 -13.95935 -0.636396 -15.56488 -0.318198 -15.56488 -0.636396 -15.56488 -0.636396 -16.69665 -0.318198 -15.56488 -0.636396 -16.69665 -0.318198 -17.07391 -0.318198 -17.07391 -0.636396 -16.69665 -0.636396 -17.82843 -0.318198 -17.07391 -0.636396 -17.82843 -0.318198 -18.58295 -0.318198 -18.58295 -0.636396 -17.82843 -0.636396 -18.9602 -0.318198 -18.58295 -0.636396 -18.9602 -0.318198 -20.09198 -0.318198 -20.09198 -0.636396 -18.9602 -0.636396 -20.09198 -0.318198 -20.09198 -0.636396 -20.09198 -0.318198 -20.99135 -0.318198 -20.99135 -0.636396 -20.09198 -0.636396 -20.99135 -0.318198 -20.99135 -0.636396 -20.99135 -0.318198 -21.89072 -0.318198 -21.89072 -0.636396 -20.99135 -0.636396 -21.89072 -0.318198 -21.89072 -0.636396 -21.89072 -0.318198 -22.79009 -0.318198 -22.79009 -0.636396 -21.89072 -0.636396 -22.79009 -0.318198 -22.79009 -0.636396 -22.79009 -0.318198 -23.68945 -0.318198 -23.68945 -0.636396 -22.79009 -0.636396 -23.68945 0.212132 2.037902 0.212132 2.277655 -0.212132 2.277655 -0.212132 -2.277655 0.212132 -2.277655 0.212132 -2.037902 -0.212132 -2.277655 0.212132 -2.037902 -0.212132 -1.992948 -0.212132 -1.992948 0.212132 -2.037902 0.212132 -1.798148 -0.212132 -1.992948 0.212132 -1.798148 -0.212132 -1.708241 -0.212132 -1.708241 0.212132 -1.798148 0.212132 -1.558395 -0.212132 -1.708241 0.212132 -1.558395 -0.212132 -1.423534 -0.212132 -1.423534 0.212132 -1.558395 0.212132 -1.318642 -0.212132 -1.423534 0.212132 -1.318642 -0.212132 -1.138827 -0.212132 -1.138827 0.212132 -1.318642 0.212132 -1.078889 -0.212132 -1.138827 0.212132 -1.078889 -0.212132 -0.854121 -0.212132 -0.854121 0.212132 -1.078889 0.212132 -0.839136 -0.212132 -0.854121 0.212132 -0.839136 0.212132 -0.599383 -0.212132 -0.854121 0.212132 -0.599383 -0.212132 -0.569414 -0.212132 -0.569414 0.212132 -0.599383 0.212132 -0.35963 -0.212132 -0.569414 0.212132 -0.35963 -0.212132 -0.284707 -0.212132 -0.284707 0.212132 -0.35963 0.212132 -0.119877 -0.212132 -0.284707 0.212132 -0.119877 -0.212132 0 -0.212132 0 0.212132 -0.119877 0.212132 0.119877 -0.212132 0 0.212132 0.119877 -0.212132 0.284707 -0.212132 0.284707 0.212132 0.119877 0.212132 0.35963 -0.212132 0.284707 0.212132 0.35963 -0.212132 0.569414 -0.212132 0.569414 0.212132 0.35963 0.212132 0.599383 -0.212132 0.569414 0.212132 0.599383 -0.212132 0.854121 -0.212132 0.854121 0.212132 0.599383 0.212132 0.839136 -0.212132 0.854121 0.212132 0.839136 0.212132 1.078889 -0.212132 0.854121 0.212132 1.078889 -0.212132 1.138827 -0.212132 1.138827 0.212132 1.078889 0.212132 1.318642 -0.212132 1.138827 0.212132 1.318642 -0.212132 1.423534 -0.212132 1.423534 0.212132 1.318642 0.212132 1.558395 -0.212132 1.423534 0.212132 1.558395 -0.212132 1.708241 -0.212132 1.708241 0.212132 1.558395 0.212132 1.798148 -0.212132 1.708241 0.212132 1.798148 -0.212132 1.992948 -0.212132 1.992948 0.212132 1.798148 0.212132 2.037902 -0.212132 1.992948 0.212132 2.037902 -0.212132 2.277655 -10.97708 -3.033308 -10.68039 -2.967385 -10.36074 -1.711556 -10.36074 -1.711556 -10.68039 -2.967385 -10.04646 -2.832548 -10.36074 -1.711556 -10.04646 -2.832548 -9.368037 -2.697607 -9.368037 -2.697607 -8.647243 -2.564983 -10.36074 -1.711556 -10.36074 -1.711556 -8.647243 -2.564983 -7.886218 -2.437096 -10.36074 -1.711556 -7.886218 -2.437096 -6.877154 -2.286473 -10.36074 -1.711556 -6.877154 -2.286473 -10.15143 -1.161505 -10.15143 -1.161505 -6.877154 -2.286473 -5.821616 -2.149972 -10.15143 -1.161505 -5.821616 -2.149972 -4.730775 -2.029829 -10.15143 -1.161505 -4.730775 -2.029829 -10.02404 -0.586926 -10.02404 -0.586926 -4.730775 -2.029829 -3.615801 -1.928279 -10.02404 -0.586926 -3.615801 -1.928279 -9.981284 4.8e-5 -9.981284 4.8e-5 -3.615801 -1.928279 -2.018457 -1.819501 -9.981284 4.8e-5 -2.018457 -1.819501 -2.018457 1.819598 -2.018457 1.819598 -2.018457 -1.819501 -0.563301 1.756564 -0.563301 1.756564 -2.018457 -1.819501 -0.563296 -1.756465 -0.563301 1.756564 -0.563296 -1.756465 0.913077 -1.728389 2.568692 -1.743922 7.605651 -0.143972 0.913077 -1.728389 0.913077 -1.728389 7.605651 -0.143972 0.913079 1.728485 0.913077 -1.728389 0.913079 1.728485 -0.563301 1.756564 7.605651 -0.143972 2.568692 -1.743922 7.699177 -0.416406 7.699177 -0.416406 2.568692 -1.743922 3.374199 -1.771071 7.699177 -0.416406 3.374199 -1.771071 7.876095 -0.64371 7.876095 -0.64371 3.374199 -1.771071 4.147424 -1.810832 7.876095 -0.64371 4.147424 -1.810832 4.744961 -1.852112 7.876095 -0.64371 4.744961 -1.852112 8.117234 -0.801253 8.117234 -0.801253 4.744961 -1.852112 5.304437 -1.899821 8.117234 -0.801253 5.304437 -1.899821 5.821718 -1.952323 8.117234 -0.801253 5.821718 -1.952323 8.39646 -0.871963 8.39646 -0.871963 5.821718 -1.952323 6.292669 -2.007982 8.39646 -0.871963 6.292669 -2.007982 6.564937 -2.043963 6.564937 -2.043963 6.906108 -2.092951 8.39646 -0.871963 8.39646 -0.871963 6.906108 -2.092951 10.09506 -1.626297 8.39646 -0.871963 10.09506 -1.626297 10.3811 -1.277763 10.09506 -1.626297 6.906108 -2.092951 9.746528 -1.912332 9.746528 -1.912332 6.906108 -2.092951 7.211755 -2.140166 9.746528 -1.912332 7.211755 -2.140166 7.484207 -2.184036 9.746528 -1.912332 7.484207 -2.184036 9.34889 -2.124875 9.34889 -2.124875 7.484207 -2.184036 7.72591 -2.222976 9.34889 -2.124875 7.72591 -2.222976 7.940185 -2.25531 7.940185 -2.25531 8.131303 -2.279548 9.34889 -2.124875 9.34889 -2.124875 8.131303 -2.279548 8.917425 -2.255758 8.917425 -2.255758 8.131303 -2.279548 8.468717 -2.299952 8.39646 -0.871963 10.3811 -1.277763 8.683518 -0.848177 8.683518 -0.848177 10.3811 -1.277763 10.59364 -0.880124 8.683518 -0.848177 10.59364 -0.880124 8.947297 -0.732472 8.947297 -0.732472 10.59364 -0.880124 9.159215 -0.537388 9.159215 -0.537388 10.59364 -0.880124 10.72452 -0.448659 9.159215 -0.537388 10.72452 -0.448659 9.296307 -0.284064 9.296307 -0.284064 10.72452 -0.448659 10.76872 4.8e-5 9.296307 -0.284064 10.76872 4.8e-5 9.343717 4.8e-5 9.343717 4.8e-5 10.76872 4.8e-5 9.296307 0.28416 9.296307 0.28416 10.76872 4.8e-5 10.72452 0.448756 9.296307 0.28416 10.72452 0.448756 9.159215 0.537484 9.159215 0.537484 10.72452 0.448756 10.59364 0.88022 9.159215 0.537484 10.59364 0.88022 8.947297 0.732569 8.947297 0.732569 10.59364 0.88022 8.683518 0.848274 8.683518 0.848274 10.59364 0.88022 10.3811 1.27786 8.683518 0.848274 10.3811 1.27786 8.39646 0.87206 8.39646 0.87206 10.3811 1.27786 10.09506 1.626394 8.39646 0.87206 10.09506 1.626394 6.906104 2.093048 6.906104 2.093048 10.09506 1.626394 9.746528 1.912428 6.906104 2.093048 9.746528 1.912428 7.211736 2.140271 7.211736 2.140271 9.746528 1.912428 7.484152 2.184143 7.484152 2.184143 9.746528 1.912428 9.34889 2.124971 7.484152 2.184143 9.34889 2.124971 7.725804 2.223075 7.725804 2.223075 9.34889 2.124971 7.940107 2.255406 7.940107 2.255406 9.34889 2.124971 8.131262 2.279652 8.131262 2.279652 9.34889 2.124971 8.917425 2.255855 8.131262 2.279652 8.917425 2.255855 8.468717 2.300048 6.906104 2.093048 6.564936 2.044059 8.39646 0.87206 8.39646 0.87206 6.564936 2.044059 6.292672 2.008079 8.39646 0.87206 6.292672 2.008079 5.82172 1.95242 8.39646 0.87206 5.82172 1.95242 8.117234 0.80135 8.117234 0.80135 5.82172 1.95242 5.304437 1.899918 8.117234 0.80135 5.304437 1.899918 4.744961 1.852209 8.117234 0.80135 4.744961 1.852209 7.876095 0.643807 7.876095 0.643807 4.744961 1.852209 4.147424 1.810928 7.876095 0.643807 4.147424 1.810928 3.374198 1.771167 7.876095 0.643807 3.374198 1.771167 7.699177 0.416502 7.699177 0.416502 3.374198 1.771167 2.568691 1.744019 7.699177 0.416502 2.568691 1.744019 7.605651 0.144069 7.605651 0.144069 2.568691 1.744019 0.913079 1.728485 7.605651 0.144069 0.913079 1.728485 7.605651 -0.143972 -2.018457 1.819598 -3.615802 1.928375 -9.981284 4.8e-5 -9.981284 4.8e-5 -3.615802 1.928375 -10.02404 0.587022 -10.02404 0.587022 -3.615802 1.928375 -4.730775 2.029925 -10.02404 0.587022 -4.730775 2.029925 -10.15143 1.161601 -10.15143 1.161601 -4.730775 2.029925 -5.821616 2.150069 -10.15143 1.161601 -5.821616 2.150069 -6.877154 2.28657 -10.15143 1.161601 -6.877154 2.28657 -10.36074 1.711652 -10.36074 1.711652 -6.877154 2.28657 -7.886218 2.437193 -10.36074 1.711652 -7.886218 2.437193 -8.647243 2.56508 -8.647243 2.56508 -9.368037 2.697704 -10.36074 1.711652 -10.36074 1.711652 -9.368037 2.697704 -10.04646 2.832644 -10.36074 1.711652 -10.04646 2.832644 -10.68039 2.967482 -10.68039 2.967482 -10.97708 3.033405 -10.36074 1.711652 0 -1.580614 -0.15 -1.580614 0 -1.806416 0 -1.806416 -0.15 -1.580614 -0.15 -1.806416 0 1.806416 -0.15 1.806416 0 1.580614 0 1.580614 -0.15 1.806416 -0.15 1.580614 0 1.580614 -0.15 1.580614 0 1.354812 0 1.354812 -0.15 1.580614 -0.15 1.354812 0 1.354812 -0.15 1.354812 0 1.12901 0 1.12901 -0.15 1.354812 -0.15 1.12901 0 1.12901 -0.15 1.12901 0 0.903208 0 0.903208 -0.15 1.12901 -0.15 0.903208 0 0.903208 -0.15 0.903208 0 0.677406 0 0.677406 -0.15 0.903208 -0.15 0.677406 0 0.677406 -0.15 0.677406 0 0.451604 0 0.451604 -0.15 0.677406 -0.15 0.451604 0 0.451604 -0.15 0.451604 0 0.225802 0 0.225802 -0.15 0.451604 -0.15 0.225802 0 0.225802 -0.15 0.225802 0 0 0 0 -0.15 0.225802 -0.15 0 0 0 -0.15 0 0 -0.225802 0 -0.225802 -0.15 0 -0.15 -0.225802 0 -0.225802 -0.15 -0.225802 0 -0.451604 0 -0.451604 -0.15 -0.225802 -0.15 -0.451604 0 -0.451604 -0.15 -0.451604 0 -0.677406 0 -0.677406 -0.15 -0.451604 -0.15 -0.677406 0 -0.677406 -0.15 -0.677406 0 -0.903208 0 -0.903208 -0.15 -0.677406 -0.15 -0.903208 0 -0.903208 -0.15 -0.903208 0 -1.12901 0 -1.12901 -0.15 -0.903208 -0.15 -1.12901 0 -1.12901 -0.15 -1.12901 0 -1.354812 0 -1.354812 -0.15 -1.12901 -0.15 -1.354812 0 -1.354812 -0.15 -1.354812 0 -1.580614 0 -1.580614 -0.15 -1.354812 -0.15 -1.580614 -0.318198 7.932521 -0.318198 7.465902 0.318198 7.932521 0.318198 7.932521 -0.318198 7.465902 0.318198 7.436739 0.318198 7.436739 -0.318198 7.465902 -0.318198 6.999284 0.318198 7.436739 -0.318198 6.999284 0.318198 6.940956 0.318198 6.940956 -0.318198 6.999284 -0.318198 6.532665 0.318198 6.940956 -0.318198 6.532665 0.318198 6.445174 0.318198 6.445174 -0.318198 6.532665 -0.318198 6.066046 0.318198 6.445174 -0.318198 6.066046 0.318198 5.949391 0.318198 5.949391 -0.318198 6.066046 -0.318198 5.599427 0.318198 5.949391 -0.318198 5.599427 0.318198 5.453608 0.318198 5.453608 -0.318198 5.599427 -0.318198 5.132808 0.318198 5.453608 -0.318198 5.132808 0.318198 4.957826 0.318198 4.957826 -0.318198 5.132808 -0.318198 4.666189 0.318198 4.957826 -0.318198 4.666189 0.318198 4.462043 0.318198 4.462043 -0.318198 4.666189 -0.318198 4.19957 0.318198 4.462043 -0.318198 4.19957 0.318198 3.966261 0.318198 3.966261 -0.318198 4.19957 -0.318198 3.732951 0.318198 3.966261 -0.318198 3.732951 0.318198 3.470478 0.318198 3.470478 -0.318198 3.732951 -0.318198 3.266332 0.318198 3.470478 -0.318198 3.266332 0.318198 2.974695 0.318198 2.974695 -0.318198 3.266332 -0.318198 2.799713 0.318198 2.974695 -0.318198 2.799713 0.318198 2.478913 0.318198 2.478913 -0.318198 2.799713 -0.318198 2.333094 0.318198 2.478913 -0.318198 2.333094 0.318198 1.98313 0.318198 1.98313 -0.318198 2.333094 -0.318198 1.866476 0.318198 1.98313 -0.318198 1.866476 0.318198 1.487348 0.318198 1.487348 -0.318198 1.866476 -0.318198 1.399857 0.318198 1.487348 -0.318198 1.399857 0.318198 0.991565 0.318198 0.991565 -0.318198 1.399857 -0.318198 0.933238 0.318198 0.991565 -0.318198 0.933238 0.318198 0.495783 0.318198 0.495783 -0.318198 0.933238 -0.318198 0.466619 0.318198 0.495783 -0.318198 0.466619 0.318198 0 0.318198 0 -0.318198 0.466619 -0.318198 0 0 0 -0.569615 0.45 -2.028007 0 -2.028007 0 -0.569615 0.45 -2.028007 0.45 -0.45 -1.767146 0 -1.767146 -0.45 -1.178097 -0.45 -1.178097 0 -1.767146 0 -1.178097 -0.45 -1.178097 0 -1.178097 -0.45 -0.589049 -0.45 -0.589049 0 -1.178097 0 -0.589049 -0.45 -0.589049 0 -0.589049 -0.45 0 -0.45 0 0 -0.589049 0 0 -0.45 0 0 0 -0.45 0.589049 -0.45 0.589049 0 0 0 0.589049 -0.45 0.589049 0 0.589049 -0.45 1.178097 -0.45 1.178097 0 0.589049 0 1.178097 -0.45 1.178097 0 1.178097 -0.45 1.767146 -0.45 1.767146 0 1.178097 0 1.767146 -2.028007 0 0 0 -1.458392 0.45 -1.458392 0.45 0 0 0 0.45 11.21781 3.549651 10.58399 3.407034 10.36074 1.711652 10.36074 1.711652 10.58399 3.407034 9.95563 3.273382 10.36074 1.711652 9.95563 3.273382 9.283308 3.139655 9.283308 3.139655 8.569143 3.008251 10.36074 1.711652 10.36074 1.711652 8.569143 3.008251 7.815253 2.881562 10.36074 1.711652 7.815253 2.881562 6.815167 2.73229 6.815167 2.73229 5.768161 2.596899 10.36074 1.711652 10.36074 1.711652 5.768161 2.596899 10.15143 1.161601 10.15143 1.161601 5.768161 2.596899 4.685699 2.477671 10.15143 1.161601 4.685699 2.477671 10.02404 0.587022 10.02404 0.587022 4.685699 2.477671 3.57924 2.376888 10.02404 0.587022 3.57924 2.376888 1.993729 2.268918 0.549123 2.206341 1.993729 -2.268822 1.993729 2.268918 1.993729 2.268918 1.993729 -2.268822 9.981284 4.8e-5 1.993729 2.268918 9.981284 4.8e-5 10.02404 0.587022 -0.915828 2.178477 -0.915821 -2.17838 0.549123 2.206341 0.549123 2.206341 -0.915821 -2.17838 0.549119 -2.206242 0.549123 2.206341 0.549119 -2.206242 1.993729 -2.268822 -2.557299 2.193875 -7.937486 0.220091 -0.915828 2.178477 -0.915828 2.178477 -7.937486 0.220091 -7.893717 4.8e-5 -0.915828 2.178477 -7.893717 4.8e-5 -0.915821 -2.17838 -0.915821 -2.17838 -7.893717 4.8e-5 -7.937486 -0.219995 -0.915821 -2.17838 -7.937486 -0.219995 -2.557301 -2.193778 -2.557301 -2.193778 -7.937486 -0.219995 -8.06213 -0.406538 -2.557301 -2.193778 -8.06213 -0.406538 -3.355156 -2.220668 -3.355156 -2.220668 -8.06213 -0.406538 -4.120044 -2.259998 -4.120044 -2.259998 -8.06213 -0.406538 -8.248675 -0.531182 -4.120044 -2.259998 -8.248675 -0.531182 -4.710373 -2.300782 -4.710373 -2.300782 -8.248675 -0.531182 -5.262575 -2.347871 -5.262575 -2.347871 -8.248675 -0.531182 -5.772496 -2.399624 -5.772496 -2.399624 -8.248675 -0.531182 -8.468717 -0.574952 -5.772496 -2.399624 -8.468717 -0.574952 -6.235983 -2.454398 -6.235983 -2.454398 -8.468717 -0.574952 -10.66326 -1.657197 -6.235983 -2.454398 -10.66326 -1.657197 -6.503742 -2.489783 -6.503742 -2.489783 -10.66326 -1.657197 -10.32138 -2.032226 -6.503742 -2.489783 -10.32138 -2.032226 -6.839489 -2.53799 -6.839489 -2.53799 -10.32138 -2.032226 -7.141109 -2.584583 -7.141109 -2.584583 -10.32138 -2.032226 -9.916405 -2.338049 -7.141109 -2.584583 -9.916405 -2.338049 -7.411997 -2.6282 -7.411997 -2.6282 -9.916405 -2.338049 -7.65573 -2.667463 -7.65573 -2.667463 -9.916405 -2.338049 -9.462131 -2.56425 -7.65573 -2.667463 -9.462131 -2.56425 -8.082341 -2.726875 -8.082341 -2.726875 -9.462131 -2.56425 -8.974028 -2.703128 -8.082341 -2.726875 -8.974028 -2.703128 -8.468717 -2.749952 -7.937486 0.220091 -2.557299 2.193875 -8.06213 0.406635 -8.06213 0.406635 -2.557299 2.193875 -3.355155 2.220765 -8.06213 0.406635 -3.355155 2.220765 -4.120044 2.260095 -8.06213 0.406635 -4.120044 2.260095 -8.248675 0.531279 -8.248675 0.531279 -4.120044 2.260095 -4.710373 2.300878 -8.248675 0.531279 -4.710373 2.300878 -5.262575 2.347968 -5.262575 2.347968 -5.772497 2.399721 -8.248675 0.531279 -8.248675 0.531279 -5.772497 2.399721 -8.468717 0.575048 -8.468717 0.575048 -5.772497 2.399721 -6.235986 2.454495 -8.468717 0.575048 -6.235986 2.454495 -10.66326 1.657294 -10.66326 1.657294 -6.235986 2.454495 -6.503748 2.48988 -10.66326 1.657294 -6.503748 2.48988 -10.32138 2.032323 -10.32138 2.032323 -6.503748 2.48988 -6.839504 2.538089 -10.32138 2.032323 -6.839504 2.538089 -7.141099 2.584684 -10.32138 2.032323 -7.141099 2.584684 -9.916405 2.338145 -9.916405 2.338145 -7.141099 2.584684 -7.411955 2.628305 -9.916405 2.338145 -7.411955 2.628305 -7.655678 2.667574 -9.916405 2.338145 -7.655678 2.667574 -9.462131 2.564347 -9.462131 2.564347 -7.655678 2.667574 -8.082344 2.726984 -9.462131 2.564347 -8.082344 2.726984 -8.974028 2.703224 -8.974028 2.703224 -8.082344 2.726984 -8.468717 2.750048 -10.66326 1.657294 -10.93042 1.225829 -8.468717 0.575048 -8.468717 0.575048 -10.93042 1.225829 -8.68876 0.531279 -8.68876 0.531279 -10.93042 1.225829 -11.11374 0.752622 -8.68876 0.531279 -11.11374 0.752622 -8.875304 0.406635 -8.875304 0.406635 -11.11374 0.752622 -11.20699 0.253786 -8.875304 0.406635 -11.20699 0.253786 -8.999947 0.220091 -8.999947 0.220091 -11.20699 0.253786 -9.043718 4.8e-5 -9.043718 4.8e-5 -11.20699 0.253786 -11.20699 -0.25369 -9.043718 4.8e-5 -11.20699 -0.25369 -8.999947 -0.219995 -8.999947 -0.219995 -11.20699 -0.25369 -8.875304 -0.406538 -8.875304 -0.406538 -11.20699 -0.25369 -11.11374 -0.752525 -8.875304 -0.406538 -11.11374 -0.752525 -8.68876 -0.531182 -8.68876 -0.531182 -11.11374 -0.752525 -10.93042 -1.225732 -8.68876 -0.531182 -10.93042 -1.225732 -8.468717 -0.574952 -8.468717 -0.574952 -10.93042 -1.225732 -10.66326 -1.657197 9.981284 4.8e-5 1.993729 -2.268822 10.02404 -0.586926 10.02404 -0.586926 1.993729 -2.268822 3.57924 -2.376791 10.02404 -0.586926 3.57924 -2.376791 4.685699 -2.477574 10.02404 -0.586926 4.685699 -2.477574 10.15143 -1.161505 10.15143 -1.161505 4.685699 -2.477574 5.768161 -2.596802 10.15143 -1.161505 5.768161 -2.596802 10.36074 -1.711556 10.36074 -1.711556 5.768161 -2.596802 6.815167 -2.732193 10.36074 -1.711556 6.815167 -2.732193 7.815253 -2.881466 7.815253 -2.881466 8.569143 -3.008154 10.36074 -1.711556 10.36074 -1.711556 8.569143 -3.008154 9.283308 -3.139559 10.36074 -1.711556 9.283308 -3.139559 9.95563 -3.273285 9.95563 -3.273285 10.58399 -3.406938 10.36074 -1.711556 10.36074 -1.711556 10.58399 -3.406938 11.21781 -3.549554 0.9 -8.279022 0 -8.279022 0.9 -8.79646 0.9 -8.79646 0 -8.279022 0 -8.79646 0.9 8.79646 0 8.79646 0.9 8.279022 0.9 8.279022 0 8.79646 0 8.279022 0.9 8.279022 0 8.279022 0.9 7.761582 0.9 7.761582 0 8.279022 0 7.761582 0.9 7.761582 0 7.761582 0.9 7.244143 0.9 7.244143 0 7.761582 0 7.244143 0.9 7.244143 0 7.244143 0.9 6.726704 0.9 6.726704 0 7.244143 0 6.726704 0.9 6.726704 0 6.726704 0.9 6.209265 0.9 6.209265 0 6.726704 0 6.209265 0.9 6.209265 0 6.209265 0.9 5.691827 0.9 5.691827 0 6.209265 0 5.691827 0.9 5.691827 0 5.691827 0.9 5.174388 0.9 5.174388 0 5.691827 0 5.174388 0.9 5.174388 0 5.174388 0.9 4.656949 0.9 4.656949 0 5.174388 0 4.656949 0.9 4.656949 0 4.656949 0.9 4.13951 0.9 4.13951 0 4.656949 0 4.13951 0.9 4.13951 0 4.13951 0.9 3.622072 0.9 3.622072 0 4.13951 0 3.622072 0.9 3.622072 0 3.622072 0.9 3.104633 0.9 3.104633 0 3.622072 0 3.104633 0.9 3.104633 0 3.104633 0.9 2.587194 0.9 2.587194 0 3.104633 0 2.587194 0.9 2.587194 0 2.587194 0.9 2.069755 0.9 2.069755 0 2.587194 0 2.069755 0.9 2.069755 0 2.069755 0.9 1.552316 0.9 1.552316 0 2.069755 0 1.552316 0.9 1.552316 0 1.552316 0.9 1.034878 0.9 1.034878 0 1.552316 0 1.034878 0.9 1.034878 0 1.034878 0.9 0.517439 0.9 0.517439 0 1.034878 0 0.517439 0.9 0.517439 0 0.517439 0.9 0 0.9 0 0 0.517439 0 0 0.9 0 0 0 0.9 -0.517439 0.9 -0.517439 0 0 0 -0.517439 0.9 -0.517439 0 -0.517439 0.9 -1.034878 0.9 -1.034878 0 -0.517439 0 -1.034878 0.9 -1.034878 0 -1.034878 0.9 -1.552316 0.9 -1.552316 0 -1.034878 0 -1.552316 0.9 -1.552316 0 -1.552316 0.9 -2.069755 0.9 -2.069755 0 -1.552316 0 -2.069755 0.9 -2.069755 0 -2.069755 0.9 -2.587194 0.9 -2.587194 0 -2.069755 0 -2.587194 0.9 -2.587194 0 -2.587194 0.9 -3.104633 0.9 -3.104633 0 -2.587194 0 -3.104633 0.9 -3.104633 0 -3.104633 0.9 -3.622072 0.9 -3.622072 0 -3.104633 0 -3.622072 0.9 -3.622072 0 -3.622072 0.9 -4.13951 0.9 -4.13951 0 -3.622072 0 -4.13951 0.9 -4.13951 0 -4.13951 0.9 -4.656949 0.9 -4.656949 0 -4.13951 0 -4.656949 0.9 -4.656949 0 -4.656949 0.9 -5.174388 0.9 -5.174388 0 -4.656949 0 -5.174388 0.9 -5.174388 0 -5.174388 0.9 -5.691827 0.9 -5.691827 0 -5.174388 0 -5.691827 0.9 -5.691827 0 -5.691827 0.9 -6.209265 0.9 -6.209265 0 -5.691827 0 -6.209265 0.9 -6.209265 0 -6.209265 0.9 -6.726704 0.9 -6.726704 0 -6.209265 0 -6.726704 0.9 -6.726704 0 -6.726704 0.9 -7.244143 0.9 -7.244143 0 -6.726704 0 -7.244143 0.9 -7.244143 0 -7.244143 0.9 -7.761582 0.9 -7.761582 0 -7.244143 0 -7.761582 0.9 -7.761582 0 -7.761582 0.9 -8.279022 0.9 -8.279022 0 -7.761582 0 -8.279022 2.752325 0.514499 -2.752325 0.514499 2.8 0 2.8 0 -2.752325 0.514499 -2.8 0 2.8 0 -2.8 0 2.752325 -0.514499 2.752325 -0.514499 -2.8 0 -2.752325 -0.514499 2.752325 -0.514499 -2.752325 -0.514499 2.610922 -1.011477 2.610922 -1.011477 -2.752325 -0.514499 -2.610922 -1.011477 2.610922 -1.011477 -2.610922 -1.011477 2.380608 -1.47401 2.380608 -1.47401 -2.610922 -1.011477 -2.380608 -1.47401 2.380608 -1.47401 -2.380608 -1.47401 2.069225 -1.886348 2.069225 -1.886348 -2.380608 -1.47401 -2.069225 -1.886348 2.069225 -1.886348 -2.069225 -1.886348 1.687377 -2.234448 1.687377 -2.234448 -2.069225 -1.886348 -1.687377 -2.234448 1.687377 -2.234448 -1.687377 -2.234448 1.248067 -2.506457 1.248067 -2.506457 -1.687377 -2.234448 -1.248067 -2.506457 1.248067 -2.506457 -1.248067 -2.506457 0.766256 -2.693112 0.766256 -2.693112 -1.248067 -2.506457 -0.766256 -2.693112 0.766256 -2.693112 -0.766256 -2.693112 0.258351 -2.788056 0.258351 -2.788056 -0.766256 -2.693112 -0.258351 -2.788056 -2.752325 0.514499 2.752325 0.514499 -2.610922 1.011477 -2.610922 1.011477 2.752325 0.514499 2.610922 1.011477 -2.610922 1.011477 2.610922 1.011477 -2.380608 1.47401 -2.380608 1.47401 2.610922 1.011477 2.380608 1.47401 -2.380608 1.47401 2.380608 1.47401 -2.069225 1.886348 -2.069225 1.886348 2.380608 1.47401 2.069225 1.886348 -2.069225 1.886348 2.069225 1.886348 -1.687377 2.234448 -1.687377 2.234448 2.069225 1.886348 1.687377 2.234448 -1.687377 2.234448 1.687377 2.234448 -1.248067 2.506457 -1.248067 2.506457 1.687377 2.234448 1.248067 2.506457 -1.248067 2.506457 1.248067 2.506457 -0.766256 2.693112 -0.766256 2.693112 1.248067 2.506457 0.766256 2.693112 -0.766256 2.693112 0.766256 2.693112 -0.258351 2.788056 -0.258351 2.788056 0.766256 2.693112 0.258351 2.788056 1.5 -7.012231 2.2 -7.012231 1.345744 -6.980208 1.345744 -6.980208 2.2 -7.012231 1.216234 -6.890386 1.216234 -6.890386 2.2 -7.012231 1.130192 -6.757847 1.130192 -6.757847 2.2 -7.012231 2.2 -6.506336 1.130192 -6.757847 2.2 -6.506336 1.1 -6.602937 1.1 -6.602937 2.2 -6.506336 1.1 -6.201274 1.1 -6.201274 2.2 -6.506336 2.2 -6.000442 1.1 -6.201274 2.2 -6.000442 1.1 -5.79961 1.1 -5.79961 2.2 -6.000442 2.2 -5.494548 1.1 -5.79961 2.2 -5.494548 1.1 -5.397947 1.1 -5.397947 2.2 -5.494548 1.130192 -5.243037 1.130192 -5.243037 2.2 -5.494548 1.216234 -5.110498 1.216234 -5.110498 2.2 -5.494548 1.5 -4.988653 1.216234 -5.110498 1.5 -4.988653 1.345744 -5.020676 2.2 -5.494548 2.2 -4.988653 1.5 -4.988653 12.3 3.109486 12.2175 3.087381 12.3825 3.087381 12.3825 3.087381 12.2175 3.087381 12.44289 3.026986 12.44289 3.026986 12.2175 3.087381 12.15711 3.026986 12.44289 3.026986 12.15711 3.026986 12.465 2.944486 12.465 2.944486 12.15711 3.026986 12.135 2.944486 12.465 2.944486 12.135 2.944486 12.44289 2.861986 12.44289 2.861986 12.135 2.944486 12.15711 2.861986 12.44289 2.861986 12.15711 2.861986 12.3825 2.801592 12.3825 2.801592 12.15711 2.861986 12.2175 2.801592 12.3825 2.801592 12.2175 2.801592 12.3 2.779486 8.9 3.109486 8.817501 3.087381 8.982501 3.087381 8.982501 3.087381 8.817501 3.087381 9.042895 3.026986 9.042895 3.026986 8.817501 3.087381 8.757106 3.026986 9.042895 3.026986 8.757106 3.026986 9.065 2.944486 9.065 2.944486 8.757106 3.026986 8.735 2.944486 9.065 2.944486 8.735 2.944486 9.042895 2.861986 9.042895 2.861986 8.735 2.944486 8.757106 2.861986 9.042895 2.861986 8.757106 2.861986 8.982501 2.801592 8.982501 2.801592 8.757106 2.861986 8.817501 2.801592 8.982501 2.801592 8.817501 2.801592 8.9 2.779486 8.9 -2.779486 8.817501 -2.801592 8.982501 -2.801592 8.982501 -2.801592 8.817501 -2.801592 9.042895 -2.861986 9.042895 -2.861986 8.817501 -2.801592 8.757106 -2.861986 9.042895 -2.861986 8.757106 -2.861986 9.065 -2.944486 9.065 -2.944486 8.757106 -2.861986 8.735 -2.944486 9.065 -2.944486 8.735 -2.944486 9.042895 -3.026986 9.042895 -3.026986 8.735 -2.944486 8.757106 -3.026986 9.042895 -3.026986 8.757106 -3.026986 8.982501 -3.087381 8.982501 -3.087381 8.757106 -3.026986 8.817501 -3.087381 8.982501 -3.087381 8.817501 -3.087381 8.9 -3.109486 12.3 -2.779486 12.2175 -2.801592 12.3825 -2.801592 12.3825 -2.801592 12.2175 -2.801592 12.44289 -2.861986 12.44289 -2.861986 12.2175 -2.801592 12.15711 -2.861986 12.44289 -2.861986 12.15711 -2.861986 12.465 -2.944486 12.465 -2.944486 12.15711 -2.861986 12.135 -2.944486 12.465 -2.944486 12.135 -2.944486 12.44289 -3.026986 12.44289 -3.026986 12.135 -2.944486 12.15711 -3.026986 12.44289 -3.026986 12.15711 -3.026986 12.3825 -3.087381 12.3825 -3.087381 12.15711 -3.026986 12.2175 -3.087381 12.3825 -3.087381 12.2175 -3.087381 12.3 -3.109486 14 0.165 13.9175 0.142894 14.0825 0.142894 14.0825 0.142894 13.9175 0.142894 14.14289 0.08249998 14.14289 0.08249998 13.9175 0.142894 13.85711 0.08249998 14.14289 0.08249998 13.85711 0.08249998 14.165 0 14.165 0 13.85711 0.08249998 13.835 0 14.165 0 13.835 0 14.14289 -0.08249998 14.14289 -0.08249998 13.835 0 13.85711 -0.08249998 14.14289 -0.08249998 13.85711 -0.08249998 14.0825 -0.142894 14.0825 -0.142894 13.85711 -0.08249998 13.9175 -0.142894 14.0825 -0.142894 13.9175 -0.142894 14 -0.165 6.81345 -0.504417 6.913213 -1 7.847675 -0.514499 7.847675 -0.514499 6.913213 -1 7.877868 -1 7.847675 -0.514499 7.877868 -1 7.989078 -1.011477 7.989078 -1.011477 7.877868 -1 8.100834 -1.471111 7.989078 -1.011477 8.100834 -1.471111 8.219392 -1.47401 8.219392 -1.47401 8.100834 -1.471111 8.404527 -1.894703 8.219392 -1.47401 8.404527 -1.894703 8.530776 -1.886348 8.530776 -1.886348 8.404527 -1.894703 8.779138 -2.257092 8.530776 -1.886348 8.779138 -2.257092 8.912624 -2.234448 8.912624 -2.234448 8.779138 -2.257092 9.212568 -2.546572 8.912624 -2.234448 9.212568 -2.546572 9.351932 -2.506457 9.351932 -2.506457 9.212568 -2.546572 9.690813 -2.753793 9.351932 -2.506457 9.690813 -2.753793 9.833744 -2.693112 9.833744 -2.693112 9.690813 -2.753793 10.19843 -2.872062 9.833744 -2.693112 10.19843 -2.872062 10.34165 -2.788056 10.34165 -2.788056 10.19843 -2.872062 10.71901 -2.897557 10.34165 -2.788056 10.71901 -2.897557 10.85835 -2.788056 10.85835 -2.788056 10.71901 -2.897557 11.23575 -2.829456 10.85835 -2.788056 11.23575 -2.829456 11.36626 -2.693112 11.36626 -2.693112 11.23575 -2.829456 11.73196 -2.669957 11.36626 -2.693112 11.73196 -2.669957 11.84807 -2.506457 11.84807 -2.506457 11.73196 -2.669957 12.1916 -2.424214 11.84807 -2.506457 12.1916 -2.424214 12.28738 -2.234448 12.28738 -2.234448 12.1916 -2.424214 12.59983 -2.100164 12.28738 -2.234448 12.59983 -2.100164 12.66922 -1.886348 12.66922 -1.886348 12.59983 -2.100164 12.94346 -1.708275 12.66922 -1.886348 12.94346 -1.708275 12.98061 -1.47401 12.98061 -1.47401 12.94346 -1.708275 13.21139 -1.261205 12.98061 -1.47401 13.21139 -1.261205 13.21092 -1.011477 13.21092 -1.011477 13.21139 -1.261205 13.39497 -0.773396 13.21092 -1.011477 13.39497 -0.773396 13.35233 -0.514499 13.35233 -0.514499 13.39497 -0.773396 13.48827 -0.260605 13.35233 -0.514499 13.48827 -0.260605 13.4 0 13.4 0 13.48827 -0.260605 13.48827 0.260605 13.4 0 13.48827 0.260605 13.35233 0.514499 13.35233 0.514499 13.48827 0.260605 13.39497 0.773396 13.35233 0.514499 13.39497 0.773396 13.21092 1.011477 13.21092 1.011477 13.39497 0.773396 13.21139 1.261205 13.21092 1.011477 13.21139 1.261205 12.98061 1.47401 12.98061 1.47401 13.21139 1.261205 12.94346 1.708275 12.98061 1.47401 12.94346 1.708275 12.66922 1.886348 12.66922 1.886348 12.94346 1.708275 12.59983 2.100164 12.66922 1.886348 12.59983 2.100164 12.28738 2.234448 12.28738 2.234448 12.59983 2.100164 12.1916 2.424214 12.28738 2.234448 12.1916 2.424214 11.84807 2.506457 11.84807 2.506457 12.1916 2.424214 11.73196 2.669957 11.84807 2.506457 11.73196 2.669957 11.36626 2.693112 11.36626 2.693112 11.73196 2.669957 11.23575 2.829456 11.36626 2.693112 11.23575 2.829456 10.85835 2.788056 10.85835 2.788056 11.23575 2.829456 10.71901 2.897557 10.85835 2.788056 10.71901 2.897557 10.34165 2.788056 10.34165 2.788056 10.71901 2.897557 10.19843 2.872062 10.34165 2.788056 10.19843 2.872062 9.833744 2.693112 9.833744 2.693112 10.19843 2.872062 9.690813 2.753793 9.833744 2.693112 9.690813 2.753793 9.351932 2.506457 9.351932 2.506457 9.690813 2.753793 9.212568 2.546572 9.351932 2.506457 9.212568 2.546572 8.912624 2.234448 8.912624 2.234448 9.212568 2.546572 8.779138 2.257091 8.912624 2.234448 8.779138 2.257091 8.530776 1.886348 8.530776 1.886348 8.779138 2.257091 8.404527 1.894703 8.530776 1.886348 8.404527 1.894703 8.219392 1.47401 8.219392 1.47401 8.404527 1.894703 8.100834 1.471111 8.219392 1.47401 8.100834 1.471111 7.989078 1.011477 7.989078 1.011477 8.100834 1.471111 7.877868 1 7.989078 1.011477 7.877868 1 7.847675 0.514499 7.847675 0.514499 7.877868 1 6.913213 1 7.847675 0.514499 6.913213 1 6.81345 0.504417 7.847675 0.514499 6.81345 0.504417 7.8 0 7.8 0 6.81345 0.504417 6.78 0 7.8 0 6.78 0 6.81345 -0.504417 7.8 0 6.81345 -0.504417 7.847675 -0.514499 0.141421 -7.363108 -0.141421 -7.377983 0.141421 -7.853982 0.141421 -7.853982 -0.141421 -7.377983 -0.141421 -7.853982 0.141421 7.853982 -0.141421 7.853982 -0.141421 7.377983 -0.141421 -7.377983 0.141421 -7.363108 -0.141421 -6.901984 -0.141421 -6.901984 0.141421 -7.363108 0.141421 -6.872234 -0.141421 -6.901984 0.141421 -6.872234 -0.141421 -6.425985 -0.141421 -6.425985 0.141421 -6.872234 0.141421 -6.38136 -0.141421 -6.425985 0.141421 -6.38136 -0.141421 -5.949986 -0.141421 -5.949986 0.141421 -6.38136 0.141421 -5.890486 -0.141421 -5.949986 0.141421 -5.890486 -0.141421 -5.473987 -0.141421 -5.473987 0.141421 -5.890486 0.141421 -5.399612 -0.141421 -5.473987 0.141421 -5.399612 -0.141421 -4.997988 -0.141421 -4.997988 0.141421 -5.399612 0.141421 -4.908739 -0.141421 -4.997988 0.141421 -4.908739 -0.141421 -4.521989 -0.141421 -4.521989 0.141421 -4.908739 0.141421 -4.417865 -0.141421 -4.521989 0.141421 -4.417865 -0.141421 -4.045991 -0.141421 -4.045991 0.141421 -4.417865 0.141421 -3.926991 -0.141421 -4.045991 0.141421 -3.926991 -0.141421 -3.569992 -0.141421 -3.569992 0.141421 -3.926991 0.141421 -3.436117 -0.141421 -3.569992 0.141421 -3.436117 -0.141421 -3.093993 -0.141421 -3.093993 0.141421 -3.436117 0.141421 -2.945243 -0.141421 -3.093993 0.141421 -2.945243 -0.141421 -2.617994 -0.141421 -2.617994 0.141421 -2.945243 0.141421 -2.454369 -0.141421 -2.617994 0.141421 -2.454369 -0.141421 -2.141995 -0.141421 -2.141995 0.141421 -2.454369 0.141421 -1.963495 -0.141421 -2.141995 0.141421 -1.963495 -0.141421 -1.665996 -0.141421 -1.665996 0.141421 -1.963495 0.141421 -1.472622 -0.141421 -1.665996 0.141421 -1.472622 -0.141421 -1.189997 -0.141421 -1.189997 0.141421 -1.472622 0.141421 -0.981748 -0.141421 -1.189997 0.141421 -0.981748 -0.141421 -0.713998 -0.141421 -0.713998 0.141421 -0.981748 0.141421 -0.490874 -0.141421 -0.713998 0.141421 -0.490874 -0.141421 -0.237999 -0.141421 -0.237999 0.141421 -0.490874 0.141421 0 -0.141421 -0.237999 0.141421 0 -0.141421 0.237999 -0.141421 0.237999 0.141421 0 0.141421 0.490874 -0.141421 0.237999 0.141421 0.490874 -0.141421 0.713998 -0.141421 0.713998 0.141421 0.490874 0.141421 0.981748 -0.141421 0.713998 0.141421 0.981748 -0.141421 1.189997 -0.141421 1.189997 0.141421 0.981748 0.141421 1.472622 -0.141421 1.189997 0.141421 1.472622 -0.141421 1.665996 -0.141421 1.665996 0.141421 1.472622 0.141421 1.963495 -0.141421 1.665996 0.141421 1.963495 -0.141421 2.141995 -0.141421 2.141995 0.141421 1.963495 0.141421 2.454369 -0.141421 2.141995 0.141421 2.454369 -0.141421 2.617994 -0.141421 2.617994 0.141421 2.454369 0.141421 2.945243 -0.141421 2.617994 0.141421 2.945243 -0.141421 3.093993 -0.141421 3.093993 0.141421 2.945243 0.141421 3.436117 -0.141421 3.093993 0.141421 3.436117 -0.141421 3.569992 -0.141421 3.569992 0.141421 3.436117 0.141421 3.926991 -0.141421 3.569992 0.141421 3.926991 -0.141421 4.045991 -0.141421 4.045991 0.141421 3.926991 0.141421 4.417865 -0.141421 4.045991 0.141421 4.417865 -0.141421 4.521989 -0.141421 4.521989 0.141421 4.417865 0.141421 4.908739 -0.141421 4.521989 0.141421 4.908739 -0.141421 4.997988 -0.141421 4.997988 0.141421 4.908739 0.141421 5.399612 -0.141421 4.997988 0.141421 5.399612 -0.141421 5.473987 -0.141421 5.473987 0.141421 5.399612 0.141421 5.890486 -0.141421 5.473987 0.141421 5.890486 -0.141421 5.949986 -0.141421 5.949986 0.141421 5.890486 0.141421 6.38136 -0.141421 5.949986 0.141421 6.38136 -0.141421 6.425985 -0.141421 6.425985 0.141421 6.38136 0.141421 6.872234 -0.141421 6.425985 0.141421 6.872234 -0.141421 6.901984 -0.141421 6.901984 0.141421 6.872234 0.141421 7.363108 -0.141421 6.901984 0.141421 7.363108 -0.141421 7.377983 -0.141421 7.377983 0.141421 7.363108 0.141421 7.853982 0.5325 -7.673102 0 -7.673102 0.5325 -8.168142 0.5325 -8.168142 0 -7.673102 0 -8.168142 0.5325 8.168142 0 8.168142 0.5325 7.673102 0.5325 7.673102 0 8.168142 0 7.673102 0.5325 7.673102 0 7.673102 0.5325 7.178063 0.5325 7.178063 0 7.673102 0 7.178063 0.5325 7.178063 0 7.178063 0.5325 6.683024 0.5325 6.683024 0 7.178063 0 6.683024 0.5325 6.683024 0 6.683024 0.5325 6.187986 0.5325 6.187986 0 6.683024 0 6.187986 0.5325 6.187986 0 6.187986 0.5325 5.692947 0.5325 5.692947 0 6.187986 0 5.692947 0.5325 5.692947 0 5.692947 0.5325 5.197908 0.5325 5.197908 0 5.692947 0 5.197908 0.5325 5.197908 0 5.197908 0.5325 4.702869 0.5325 4.702869 0 5.197908 0 4.702869 0.5325 4.702869 0 4.702869 0.5325 4.20783 0.5325 4.20783 0 4.702869 0 4.20783 0.5325 4.20783 0 4.20783 0.5325 3.712791 0.5325 3.712791 0 4.20783 0 3.712791 0.5325 3.712791 0 3.712791 0.5325 3.217752 0.5325 3.217752 0 3.712791 0 3.217752 0.5325 3.217752 0 3.217752 0.5325 2.722714 0.5325 2.722714 0 3.217752 0 2.722714 0.5325 2.722714 0 2.722714 0.5325 2.227675 0.5325 2.227675 0 2.722714 0 2.227675 0.5325 2.227675 0 2.227675 0.5325 1.732636 0.5325 1.732636 0 2.227675 0 1.732636 0.5325 1.732636 0 1.732636 0.5325 1.237597 0.5325 1.237597 0 1.732636 0 1.237597 0.5325 1.237597 0 1.237597 0.5325 0.742558 0.5325 0.742558 0 1.237597 0 0.742558 0.5325 0.742558 0 0.742558 0.5325 0.247519 0.5325 0.247519 0 0.742558 0 0.247519 0.5325 0.247519 0 0.247519 0.5325 -0.247519 0.5325 -0.247519 0 0.247519 0 -0.247519 0.5325 -0.247519 0 -0.247519 0.5325 -0.742558 0.5325 -0.742558 0 -0.247519 0 -0.742558 0.5325 -0.742558 0 -0.742558 0.5325 -1.237597 0.5325 -1.237597 0 -0.742558 0 -1.237597 0.5325 -1.237597 0 -1.237597 0.5325 -1.732636 0.5325 -1.732636 0 -1.237597 0 -1.732636 0.5325 -1.732636 0 -1.732636 0.5325 -2.227675 0.5325 -2.227675 0 -1.732636 0 -2.227675 0.5325 -2.227675 0 -2.227675 0.5325 -2.722714 0.5325 -2.722714 0 -2.227675 0 -2.722714 0.5325 -2.722714 0 -2.722714 0.5325 -3.217752 0.5325 -3.217752 0 -2.722714 0 -3.217752 0.5325 -3.217752 0 -3.217752 0.5325 -3.712791 0.5325 -3.712791 0 -3.217752 0 -3.712791 0.5325 -3.712791 0 -3.712791 0.5325 -4.20783 0.5325 -4.20783 0 -3.712791 0 -4.20783 0.5325 -4.20783 0 -4.20783 0.5325 -4.702869 0.5325 -4.702869 0 -4.20783 0 -4.702869 0.5325 -4.702869 0 -4.702869 0.5325 -5.197908 0.5325 -5.197908 0 -4.702869 0 -5.197908 0.5325 -5.197908 0 -5.197908 0.5325 -5.692947 0.5325 -5.692947 0 -5.197908 0 -5.692947 0.5325 -5.692947 0 -5.692947 0.5325 -6.187986 0.5325 -6.187986 0 -5.692947 0 -6.187986 0.5325 -6.187986 0 -6.187986 0.5325 -6.683024 0.5325 -6.683024 0 -6.187986 0 -6.683024 0.5325 -6.683024 0 -6.683024 0.5325 -7.178063 0.5325 -7.178063 0 -6.683024 0 -7.178063 0.5325 -7.178063 0 -7.178063 0.5325 -7.673102 0.5325 -7.673102 0 -7.178063 0 -7.673102 2.353885 0.468217 -2.353885 0.468217 2.4 0 2.4 0 -2.353885 0.468217 -2.4 0 2.4 0 -2.4 0 2.353885 -0.468217 2.353885 -0.468217 -2.4 0 -2.353885 -0.468217 2.353885 -0.468217 -2.353885 -0.468217 2.217311 -0.91844 2.217311 -0.91844 -2.353885 -0.468217 -2.217311 -0.91844 2.217311 -0.91844 -2.217311 -0.91844 1.995527 -1.333369 1.995527 -1.333369 -2.217311 -0.91844 -1.995527 -1.333369 1.995527 -1.333369 -1.995527 -1.333369 1.697056 -1.697056 1.697056 -1.697056 -1.995527 -1.333369 -1.697056 -1.697056 1.697056 -1.697056 -1.697056 -1.697056 1.333369 -1.995527 1.333369 -1.995527 -1.697056 -1.697056 -1.333369 -1.995527 1.333369 -1.995527 -1.333369 -1.995527 0.91844 -2.217311 0.91844 -2.217311 -1.333369 -1.995527 -0.91844 -2.217311 0.91844 -2.217311 -0.91844 -2.217311 0.468217 -2.353885 0.468217 -2.353885 -0.91844 -2.217311 -0.468217 -2.353885 0.468217 -2.353885 -0.468217 -2.353885 0 -2.4 -2.353885 0.468217 2.353885 0.468217 -2.217311 0.91844 -2.217311 0.91844 2.353885 0.468217 2.217311 0.91844 -2.217311 0.91844 2.217311 0.91844 -1.995527 1.333369 -1.995527 1.333369 2.217311 0.91844 1.995527 1.333369 -1.995527 1.333369 1.995527 1.333369 -1.697056 1.697056 -1.697056 1.697056 1.995527 1.333369 1.697056 1.697056 -1.697056 1.697056 1.697056 1.697056 -1.333369 1.995527 -1.333369 1.995527 1.697056 1.697056 1.333369 1.995527 -1.333369 1.995527 1.333369 1.995527 -0.91844 2.217311 -0.91844 2.217311 1.333369 1.995527 0.91844 2.217311 -0.91844 2.217311 0.91844 2.217311 -0.468217 2.353885 -0.468217 2.353885 0.91844 2.217311 0.468217 2.353885 -0.468217 2.353885 0.468217 2.353885 0 2.4 0.282843 -11.47487 -0.282843 -11.50512 0.282843 -12.09513 0.282843 -12.09513 -0.282843 -11.50512 -0.282843 -12.09513 0.282843 12.09513 -0.282843 12.09513 -0.282843 11.50512 -0.282843 -11.50512 0.282843 -11.47487 -0.282843 -10.91512 -0.282843 -10.91512 0.282843 -11.47487 0.282843 -10.8546 -0.282843 -10.91512 0.282843 -10.8546 -0.282843 -10.32511 -0.282843 -10.32511 0.282843 -10.8546 0.282843 -10.23434 -0.282843 -10.32511 0.282843 -10.23434 -0.282843 -9.735107 -0.282843 -9.735107 0.282843 -10.23434 0.282843 -9.61408 -0.282843 -9.735107 0.282843 -9.61408 -0.282843 -9.1451 -0.282843 -9.1451 0.282843 -9.61408 0.282843 -8.993817 -0.282843 -9.1451 0.282843 -8.993817 -0.282843 -8.555093 -0.282843 -8.555093 0.282843 -8.993817 0.282843 -8.373554 -0.282843 -8.555093 0.282843 -8.373554 -0.282843 -7.965087 -0.282843 -7.965087 0.282843 -8.373554 0.282843 -7.75329 -0.282843 -7.965087 0.282843 -7.75329 -0.282843 -7.37508 -0.282843 -7.37508 0.282843 -7.75329 0.282843 -7.133026 -0.282843 -7.37508 0.282843 -7.133026 -0.282843 -6.785074 -0.282843 -6.785074 0.282843 -7.133026 0.282843 -6.512763 -0.282843 -6.785074 0.282843 -6.512763 -0.282843 -6.195067 -0.282843 -6.195067 0.282843 -6.512763 0.282843 -5.8925 -0.282843 -6.195067 0.282843 -5.8925 -0.282843 -5.605061 -0.282843 -5.605061 0.282843 -5.8925 0.282843 -5.272237 -0.282843 -5.605061 0.282843 -5.272237 -0.282843 -5.015055 -0.282843 -5.015055 0.282843 -5.272237 0.282843 -4.651974 -0.282843 -5.015055 0.282843 -4.651974 -0.282843 -4.425048 -0.282843 -4.425048 0.282843 -4.651974 0.282843 -4.031711 -0.282843 -4.425048 0.282843 -4.031711 -0.282843 -3.835042 -0.282843 -3.835042 0.282843 -4.031711 0.282843 -3.411447 -0.282843 -3.835042 0.282843 -3.411447 -0.282843 -3.245035 -0.282843 -3.245035 0.282843 -3.411447 0.282843 -2.791184 -0.282843 -3.245035 0.282843 -2.791184 -0.282843 -2.655029 -0.282843 -2.655029 0.282843 -2.791184 0.282843 -2.170921 -0.282843 -2.655029 0.282843 -2.170921 -0.282843 -2.065022 -0.282843 -2.065022 0.282843 -2.170921 0.282843 -1.550658 -0.282843 -2.065022 0.282843 -1.550658 -0.282843 -1.475016 -0.282843 -1.475016 0.282843 -1.550658 0.282843 -0.930395 -0.282843 -1.475016 0.282843 -0.930395 -0.282843 -0.88501 -0.282843 -0.88501 0.282843 -0.930395 0.282843 -0.310132 -0.282843 -0.88501 0.282843 -0.310132 -0.282843 -0.295003 -0.282843 -0.295003 0.282843 -0.310132 0.282843 0.310132 -0.282843 -0.295003 0.282843 0.310132 -0.282843 0.295003 -0.282843 0.295003 0.282843 0.310132 -0.282843 0.88501 -0.282843 0.88501 0.282843 0.310132 0.282843 0.930395 -0.282843 0.88501 0.282843 0.930395 -0.282843 1.475016 -0.282843 1.475016 0.282843 0.930395 0.282843 1.550658 -0.282843 1.475016 0.282843 1.550658 -0.282843 2.065022 -0.282843 2.065022 0.282843 1.550658 0.282843 2.170921 -0.282843 2.065022 0.282843 2.170921 -0.282843 2.655029 -0.282843 2.655029 0.282843 2.170921 0.282843 2.791184 -0.282843 2.655029 0.282843 2.791184 -0.282843 3.245035 -0.282843 3.245035 0.282843 2.791184 0.282843 3.411447 -0.282843 3.245035 0.282843 3.411447 -0.282843 3.835042 -0.282843 3.835042 0.282843 3.411447 0.282843 4.031711 -0.282843 3.835042 0.282843 4.031711 -0.282843 4.425048 -0.282843 4.425048 0.282843 4.031711 0.282843 4.651974 -0.282843 4.425048 0.282843 4.651974 -0.282843 5.015055 -0.282843 5.015055 0.282843 4.651974 0.282843 5.272237 -0.282843 5.015055 0.282843 5.272237 -0.282843 5.605061 -0.282843 5.605061 0.282843 5.272237 0.282843 5.8925 -0.282843 5.605061 0.282843 5.8925 -0.282843 6.195067 -0.282843 6.195067 0.282843 5.8925 0.282843 6.512763 -0.282843 6.195067 0.282843 6.512763 -0.282843 6.785074 -0.282843 6.785074 0.282843 6.512763 0.282843 7.133026 -0.282843 6.785074 0.282843 7.133026 -0.282843 7.37508 -0.282843 7.37508 0.282843 7.133026 0.282843 7.75329 -0.282843 7.37508 0.282843 7.75329 -0.282843 7.965087 -0.282843 7.965087 0.282843 7.75329 0.282843 8.373554 -0.282843 7.965087 0.282843 8.373554 -0.282843 8.555093 -0.282843 8.555093 0.282843 8.373554 0.282843 8.993817 -0.282843 8.555093 0.282843 8.993817 -0.282843 9.1451 -0.282843 9.1451 0.282843 8.993817 0.282843 9.61408 -0.282843 9.1451 0.282843 9.61408 -0.282843 9.735107 -0.282843 9.735107 0.282843 9.61408 0.282843 10.23434 -0.282843 9.735107 0.282843 10.23434 -0.282843 10.32511 -0.282843 10.32511 0.282843 10.23434 0.282843 10.8546 -0.282843 10.32511 0.282843 10.8546 -0.282843 10.91512 -0.282843 10.91512 0.282843 10.8546 0.282843 11.47487 -0.282843 10.91512 0.282843 11.47487 -0.282843 11.50512 -0.282843 11.50512 0.282843 11.47487 0.282843 12.09513 -0.955885 -1.19 -0.644116 -1.19 -0.98 -1.1 -0.98 -1.1 -0.644116 -1.19 -0.62 -1.1 -0.98 -1.1 -0.62 -1.1 -0.955885 -1.01 -0.955885 -1.01 -0.62 -1.1 -0.644116 -1.01 -0.955885 -1.01 -0.644116 -1.01 -0.89 -0.944115 -0.89 -0.944115 -0.644116 -1.01 -0.71 -0.944115 -0.89 -0.944115 -0.71 -0.944115 -0.8 -0.92 -0.644116 -1.19 -0.955885 -1.19 -0.71 -1.255885 -0.71 -1.255885 -0.955885 -1.19 -0.89 -1.255885 -0.71 -1.255885 -0.89 -1.255885 -0.8 -1.28 -2.655885 1.01 -2.344116 1.01 -2.68 1.1 -2.68 1.1 -2.344116 1.01 -2.32 1.1 -2.68 1.1 -2.32 1.1 -2.655885 1.19 -2.655885 1.19 -2.32 1.1 -2.344116 1.19 -2.655885 1.19 -2.344116 1.19 -2.59 1.255885 -2.59 1.255885 -2.344116 1.19 -2.41 1.255885 -2.59 1.255885 -2.41 1.255885 -2.5 1.28 -2.344116 1.01 -2.655885 1.01 -2.41 0.944115 -2.41 0.944115 -2.655885 1.01 -2.59 0.944115 -2.41 0.944115 -2.59 0.944115 -2.5 0.92 -2.655885 -1.19 -2.344116 -1.19 -2.68 -1.1 -2.68 -1.1 -2.344116 -1.19 -2.32 -1.1 -2.68 -1.1 -2.32 -1.1 -2.655885 -1.01 -2.655885 -1.01 -2.32 -1.1 -2.344116 -1.01 -2.655885 -1.01 -2.344116 -1.01 -2.59 -0.944115 -2.59 -0.944115 -2.344116 -1.01 -2.41 -0.944115 -2.59 -0.944115 -2.41 -0.944115 -2.5 -0.92 -2.344116 -1.19 -2.655885 -1.19 -2.41 -1.255885 -2.41 -1.255885 -2.655885 -1.19 -2.59 -1.255885 -2.41 -1.255885 -2.59 -1.255885 -2.5 -1.28 -0.955885 1.01 -0.644116 1.01 -0.98 1.1 -0.98 1.1 -0.644116 1.01 -0.62 1.1 -0.98 1.1 -0.62 1.1 -0.955885 1.19 -0.955885 1.19 -0.62 1.1 -0.644116 1.19 -0.955885 1.19 -0.644116 1.19 -0.89 1.255885 -0.89 1.255885 -0.644116 1.19 -0.71 1.255885 -0.89 1.255885 -0.71 1.255885 -0.8 1.28 -0.644116 1.01 -0.955885 1.01 -0.71 0.944115 -0.71 0.944115 -0.955885 1.01 -0.89 0.944115 -0.71 0.944115 -0.89 0.944115 -0.8 0.92 0 -0.471239 -0.6 -0.471239 0 -0.565487 0 -0.565487 -0.6 -0.471239 -0.6 -0.565487 0 0.565487 -0.6 0.565487 0 0.471239 0 0.471239 -0.6 0.565487 -0.6 0.471239 0 0.471239 -0.6 0.471239 0 0.376991 0 0.376991 -0.6 0.471239 -0.6 0.376991 0 0.376991 -0.6 0.376991 0 0.282743 0 0.282743 -0.6 0.376991 -0.6 0.282743 0 0.282743 -0.6 0.282743 0 0.1884959 0 0.1884959 -0.6 0.282743 -0.6 0.1884959 0 0.1884959 -0.6 0.1884959 0 0.09424799 0 0.09424799 -0.6 0.1884959 -0.6 0.09424799 0 0.09424799 -0.6 0.09424799 0 0 0 0 -0.6 0.09424799 -0.6 0 0 0 -0.6 0 0 -0.09424799 0 -0.09424799 -0.6 0 -0.6 -0.09424799 0 -0.09424799 -0.6 -0.09424799 0 -0.1884959 0 -0.1884959 -0.6 -0.09424799 -0.6 -0.1884959 0 -0.1884959 -0.6 -0.1884959 0 -0.282743 0 -0.282743 -0.6 -0.1884959 -0.6 -0.282743 0 -0.282743 -0.6 -0.282743 0 -0.376991 0 -0.376991 -0.6 -0.282743 -0.6 -0.376991 0 -0.376991 -0.6 -0.376991 0 -0.471239 0 -0.471239 -0.6 -0.376991 -0.6 -0.471239 0 -0.471239 -0.6 -0.471239 0 -0.565487 0 -0.565487 -0.6 -0.471239 -0.6 -0.565487 0 0.565487 -0.6 0.565487 0 0.471239 0 0.471239 -0.6 0.565487 -0.6 0.471239 0 0.471239 -0.6 0.471239 0 0.376991 0 0.376991 -0.6 0.471239 -0.6 0.376991 0 0.376991 -0.6 0.376991 0 0.282743 0 0.282743 -0.6 0.376991 -0.6 0.282743 0 0.282743 -0.6 0.282743 0 0.1884959 0 0.1884959 -0.6 0.282743 -0.6 0.1884959 0 0.1884959 -0.6 0.1884959 0 0.09424799 0 0.09424799 -0.6 0.1884959 -0.6 0.09424799 0 0.09424799 -0.6 0.09424799 0 0 0 0 -0.6 0.09424799 -0.6 0 0 0 -0.6 0 0 -0.09424799 0 -0.09424799 -0.6 0 -0.6 -0.09424799 0 -0.09424799 -0.6 -0.09424799 0 -0.1884959 0 -0.1884959 -0.6 -0.09424799 -0.6 -0.1884959 0 -0.1884959 -0.6 -0.1884959 0 -0.282743 0 -0.282743 -0.6 -0.1884959 -0.6 -0.282743 0 -0.282743 -0.6 -0.282743 0 -0.376991 0 -0.376991 -0.6 -0.282743 -0.6 -0.376991 0 -0.376991 -0.6 -0.376991 0 -0.471239 0 -0.471239 -0.6 -0.376991 -0.6 -0.471239 0 -0.471239 -0.6 -0.471239 0 -0.565487 0 -0.565487 -0.6 -0.471239 -0.6 -0.565487 0 0.565487 -0.6 0.565487 0 0.471239 0 0.471239 -0.6 0.565487 -0.6 0.471239 0 0.471239 -0.6 0.471239 0 0.376991 0 0.376991 -0.6 0.471239 -0.6 0.376991 0 0.376991 -0.6 0.376991 0 0.282743 0 0.282743 -0.6 0.376991 -0.6 0.282743 0 0.282743 -0.6 0.282743 0 0.1884959 0 0.1884959 -0.6 0.282743 -0.6 0.1884959 0 0.1884959 -0.6 0.1884959 0 0.09424799 0 0.09424799 -0.6 0.1884959 -0.6 0.09424799 0 0.09424799 -0.6 0.09424799 0 0 0 0 -0.6 0.09424799 -0.6 0 0 0 -0.6 0 0 -0.09424799 0 -0.09424799 -0.6 0 -0.6 -0.09424799 0 -0.09424799 -0.6 -0.09424799 0 -0.1884959 0 -0.1884959 -0.6 -0.09424799 -0.6 -0.1884959 0 -0.1884959 -0.6 -0.1884959 0 -0.282743 0 -0.282743 -0.6 -0.1884959 -0.6 -0.282743 0 -0.282743 -0.6 -0.282743 0 -0.376991 0 -0.376991 -0.6 -0.282743 -0.6 -0.376991 0 -0.376991 -0.6 -0.376991 0 -0.471239 0 -0.471239 -0.6 -0.376991 -0.6 -0.471239 0 -0.471239 -0.6 -0.471239 0 -0.565487 0 -0.565487 -0.6 -0.471239 -0.6 -0.565487 0 0.565487 -0.6 0.565487 0 0.471239 0 0.471239 -0.6 0.565487 -0.6 0.471239 0 0.471239 -0.6 0.471239 0 0.376991 0 0.376991 -0.6 0.471239 -0.6 0.376991 0 0.376991 -0.6 0.376991 0 0.282743 0 0.282743 -0.6 0.376991 -0.6 0.282743 0 0.282743 -0.6 0.282743 0 0.1884959 0 0.1884959 -0.6 0.282743 -0.6 0.1884959 0 0.1884959 -0.6 0.1884959 0 0.09424799 0 0.09424799 -0.6 0.1884959 -0.6 0.09424799 0 0.09424799 -0.6 0.09424799 0 0 0 0 -0.6 0.09424799 -0.6 0 0 0 -0.6 0 0 -0.09424799 0 -0.09424799 -0.6 0 -0.6 -0.09424799 0 -0.09424799 -0.6 -0.09424799 0 -0.1884959 0 -0.1884959 -0.6 -0.09424799 -0.6 -0.1884959 0 -0.1884959 -0.6 -0.1884959 0 -0.282743 0 -0.282743 -0.6 -0.1884959 -0.6 -0.282743 0 -0.282743 -0.6 -0.282743 0 -0.376991 0 -0.376991 -0.6 -0.282743 -0.6 -0.376991 0 -0.376991 -0.6 -0.376991 0 -0.471239 0 -0.471239 -0.6 -0.376991 -0.6 -0.471239 0.303109 0.175 0.155885 0.08999997 0.35 0 0.35 0 0.155885 0.08999997 0.18 0 0.35 0 0.18 0 0.303109 -0.175 0.303109 -0.175 0.18 0 0.155885 -0.08999997 0.303109 -0.175 0.155885 -0.08999997 0.08999997 -0.155885 0.155885 0.08999997 0.303109 0.175 0.08999997 0.155885 0.08999997 0.155885 0.303109 0.175 0.175 0.303109 0.08999997 0.155885 0.175 0.303109 0 0.18 0 0.18 0.175 0.303109 0 0.35 0 0.18 0 0.35 -0.175 0.303109 0 0.18 -0.175 0.303109 -0.08999997 0.155885 -0.08999997 0.155885 -0.175 0.303109 -0.303109 0.175 -0.08999997 0.155885 -0.303109 0.175 -0.155885 0.08999997 -0.155885 0.08999997 -0.303109 0.175 -0.35 0 -0.155885 0.08999997 -0.35 0 -0.18 0 -0.18 0 -0.35 0 -0.155885 -0.08999997 -0.155885 -0.08999997 -0.35 0 -0.303109 -0.175 -0.155885 -0.08999997 -0.303109 -0.175 -0.08999997 -0.155885 -0.08999997 -0.155885 -0.303109 -0.175 -0.175 -0.303109 -0.08999997 -0.155885 -0.175 -0.303109 0 -0.18 0 -0.18 -0.175 -0.303109 0 -0.35 0 -0.18 0 -0.35 0.175 -0.303109 0 -0.18 0.175 -0.303109 0.08999997 -0.155885 0.08999997 -0.155885 0.175 -0.303109 0.303109 -0.175 0.303109 0.175 0.155885 0.08999997 0.35 0 0.35 0 0.155885 0.08999997 0.18 0 0.35 0 0.18 0 0.303109 -0.175 0.303109 -0.175 0.18 0 0.155885 -0.08999997 0.303109 -0.175 0.155885 -0.08999997 0.08999997 -0.155885 0.155885 0.08999997 0.303109 0.175 0.08999997 0.155885 0.08999997 0.155885 0.303109 0.175 0.175 0.303109 0.08999997 0.155885 0.175 0.303109 0 0.18 0 0.18 0.175 0.303109 0 0.35 0 0.18 0 0.35 -0.175 0.303109 0 0.18 -0.175 0.303109 -0.08999997 0.155885 -0.08999997 0.155885 -0.175 0.303109 -0.303109 0.175 -0.08999997 0.155885 -0.303109 0.175 -0.155885 0.08999997 -0.155885 0.08999997 -0.303109 0.175 -0.35 0 -0.155885 0.08999997 -0.35 0 -0.18 0 -0.18 0 -0.35 0 -0.155885 -0.08999997 -0.155885 -0.08999997 -0.35 0 -0.303109 -0.175 -0.155885 -0.08999997 -0.303109 -0.175 -0.08999997 -0.155885 -0.08999997 -0.155885 -0.303109 -0.175 -0.175 -0.303109 -0.08999997 -0.155885 -0.175 -0.303109 0 -0.18 0 -0.18 -0.175 -0.303109 0 -0.35 0 -0.18 0 -0.35 0.175 -0.303109 0 -0.18 0.175 -0.303109 0.08999997 -0.155885 0.08999997 -0.155885 0.175 -0.303109 0.303109 -0.175 0.303109 0.175 0.155885 0.08999997 0.35 0 0.35 0 0.155885 0.08999997 0.18 0 0.35 0 0.18 0 0.303109 -0.175 0.303109 -0.175 0.18 0 0.155885 -0.08999997 0.303109 -0.175 0.155885 -0.08999997 0.08999997 -0.155885 0.155885 0.08999997 0.303109 0.175 0.08999997 0.155885 0.08999997 0.155885 0.303109 0.175 0.175 0.303109 0.08999997 0.155885 0.175 0.303109 0 0.18 0 0.18 0.175 0.303109 0 0.35 0 0.18 0 0.35 -0.175 0.303109 0 0.18 -0.175 0.303109 -0.08999997 0.155885 -0.08999997 0.155885 -0.175 0.303109 -0.303109 0.175 -0.08999997 0.155885 -0.303109 0.175 -0.155885 0.08999997 -0.155885 0.08999997 -0.303109 0.175 -0.35 0 -0.155885 0.08999997 -0.35 0 -0.18 0 -0.18 0 -0.35 0 -0.155885 -0.08999997 -0.155885 -0.08999997 -0.35 0 -0.303109 -0.175 -0.155885 -0.08999997 -0.303109 -0.175 -0.08999997 -0.155885 -0.08999997 -0.155885 -0.303109 -0.175 -0.175 -0.303109 -0.08999997 -0.155885 -0.175 -0.303109 0 -0.18 0 -0.18 -0.175 -0.303109 0 -0.35 0 -0.18 0 -0.35 0.175 -0.303109 0 -0.18 0.175 -0.303109 0.08999997 -0.155885 0.08999997 -0.155885 0.175 -0.303109 0.303109 -0.175 0.303109 0.175 0.155885 0.08999997 0.35 0 0.35 0 0.155885 0.08999997 0.18 0 0.35 0 0.18 0 0.303109 -0.175 0.303109 -0.175 0.18 0 0.155885 -0.08999997 0.303109 -0.175 0.155885 -0.08999997 0.08999997 -0.155885 0.155885 0.08999997 0.303109 0.175 0.08999997 0.155885 0.08999997 0.155885 0.303109 0.175 0.175 0.303109 0.08999997 0.155885 0.175 0.303109 0 0.18 0 0.18 0.175 0.303109 0 0.35 0 0.18 0 0.35 -0.175 0.303109 0 0.18 -0.175 0.303109 -0.08999997 0.155885 -0.08999997 0.155885 -0.175 0.303109 -0.303109 0.175 -0.08999997 0.155885 -0.303109 0.175 -0.155885 0.08999997 -0.155885 0.08999997 -0.303109 0.175 -0.35 0 -0.155885 0.08999997 -0.35 0 -0.18 0 -0.18 0 -0.35 0 -0.155885 -0.08999997 -0.155885 -0.08999997 -0.35 0 -0.303109 -0.175 -0.155885 -0.08999997 -0.303109 -0.175 -0.08999997 -0.155885 -0.08999997 -0.155885 -0.303109 -0.175 -0.175 -0.303109 -0.08999997 -0.155885 -0.175 -0.303109 0 -0.18 0 -0.18 -0.175 -0.303109 0 -0.35 0 -0.18 0 -0.35 0.175 -0.303109 0 -0.18 0.175 -0.303109 0.08999997 -0.155885 0.08999997 -0.155885 0.175 -0.303109 0.303109 -0.175 0.15944 0.712826 -0.350388 0.146867 0.31742 0.639158 0.31742 0.639158 -0.350388 0.146867 -0.184716 0.1330479 0.31742 0.639158 -0.184716 0.1330479 0.509339 0.528354 0.509339 0.528354 -0.184716 0.1330479 -0.023624 0.091973 0.509339 0.528354 -0.023624 0.091973 0.584076 0.497756 0.584076 0.497756 -0.023624 0.091973 0.128437 0.02477699 0.584076 0.497756 0.128437 0.02477699 0.664266 0.488202 0.664266 0.488202 0.128437 0.02477699 0.203285 -0.03302299 0.664266 0.488202 0.203285 -0.03302299 1.411341 0.311191 1.411341 0.311191 0.203285 -0.03302299 1.53685 0.103789 1.53685 0.103789 0.203285 -0.03302299 0.256421 -0.111252 1.53685 0.103789 0.256421 -0.111252 1.577635 -0.135177 1.577635 -0.135177 0.256421 -0.111252 0.282566 -0.202134 1.577635 -0.135177 0.282566 -0.202134 1.528023 -0.372468 1.528023 -0.372468 0.282566 -0.202134 0.356384 -0.433043 1.528023 -0.372468 0.356384 -0.433043 1.394915 -0.575078 1.394915 -0.575078 0.356384 -0.433043 0.509677 -0.620845 1.394915 -0.575078 0.509677 -0.620845 1.196825 -0.714823 1.196825 -0.714823 0.509677 -0.620845 0.721122 -0.739417 1.196825 -0.714823 0.721122 -0.739417 0.961308 -0.772266 0.15944 0.712826 -0.008931994 0.757941 -0.350388 0.146867 -0.350388 0.146867 -0.008931994 0.757941 -0.1825799 0.773133 -0.350388 0.146867 -0.1825799 0.773133 -1.506386 0.529091 -1.506386 0.529091 -0.1825799 0.773133 -1.440995 0.773133 -1.506386 0.529091 -1.536725 0.402965 -0.350388 0.146867 -0.350388 0.146867 -1.536725 0.402965 -1.560533 0.275444 -0.350388 0.146867 -1.560533 0.275444 -1.577747 0.146867 0.664266 0.488202 1.411341 0.311191 0.744099 0.500384 0.744099 0.500384 1.411341 0.311191 1.218565 0.45818 0.744099 0.500384 1.218565 0.45818 0.985338 0.524311 0.6 -0.916298 0.2 -0.916298 0.6 -1.099557 0.6 -1.099557 0.2 -0.916298 0.2 -1.099557 0.6 1.099557 0.2 1.099557 0.6 0.916298 0.6 0.916298 0.2 1.099557 0.2 0.916298 0.6 0.916298 0.2 0.916298 0.6 0.733038 0.6 0.733038 0.2 0.916298 0.2 0.733038 0.6 0.733038 0.2 0.733038 0.6 0.549779 0.6 0.549779 0.2 0.733038 0.2 0.549779 0.6 0.549779 0.2 0.549779 0.6 0.366519 0.6 0.366519 0.2 0.549779 0.2 0.366519 0.6 0.366519 0.2 0.366519 0.6 0.18326 0.6 0.18326 0.2 0.366519 0.2 0.18326 0.6 0.18326 0.2 0.18326 0.6 0 0.6 0 0.2 0.18326 0.2 0 0.6 0 0.2 0 0.6 -0.18326 0.6 -0.18326 0.2 0 0.2 -0.18326 0.6 -0.18326 0.2 -0.18326 0.6 -0.366519 0.6 -0.366519 0.2 -0.18326 0.2 -0.366519 0.6 -0.366519 0.2 -0.366519 0.6 -0.549779 0.6 -0.549779 0.2 -0.366519 0.2 -0.549779 0.6 -0.549779 0.2 -0.549779 0.6 -0.733038 0.6 -0.733038 0.2 -0.549779 0.2 -0.733038 0.6 -0.733038 0.2 -0.733038 0.6 -0.916298 0.6 -0.916298 0.2 -0.733038 0.2 -0.916298 0.6 -0.916298 0.2 -0.916298 0.6 -1.099557 0.6 -1.099557 0.2 -0.916298 0.2 -1.099557 0.6 1.099557 0.2 1.099557 0.6 0.916298 0.6 0.916298 0.2 1.099557 0.2 0.916298 0.6 0.916298 0.2 0.916298 0.6 0.733038 0.6 0.733038 0.2 0.916298 0.2 0.733038 0.6 0.733038 0.2 0.733038 0.6 0.549779 0.6 0.549779 0.2 0.733038 0.2 0.549779 0.6 0.549779 0.2 0.549779 0.6 0.366519 0.6 0.366519 0.2 0.549779 0.2 0.366519 0.6 0.366519 0.2 0.366519 0.6 0.18326 0.6 0.18326 0.2 0.366519 0.2 0.18326 0.6 0.18326 0.2 0.18326 0.6 0 0.6 0 0.2 0.18326 0.2 0 0.6 0 0.2 0 0.6 -0.18326 0.6 -0.18326 0.2 0 0.2 -0.18326 0.6 -0.18326 0.2 -0.18326 0.6 -0.366519 0.6 -0.366519 0.2 -0.18326 0.2 -0.366519 0.6 -0.366519 0.2 -0.366519 0.6 -0.549779 0.6 -0.549779 0.2 -0.366519 0.2 -0.549779 0.6 -0.549779 0.2 -0.549779 0.6 -0.733038 0.6 -0.733038 0.2 -0.549779 0.2 -0.733038 0.6 -0.733038 0.2 -0.733038 0.6 -0.916298 0.6 -0.916298 0.2 -0.733038 0.2 -0.916298 0.6 -0.916298 0.2 -0.916298 0.6 -1.099557 0.6 -1.099557 0.2 -0.916298 0.2 -1.099557 0.6 1.099557 0.2 1.099557 0.6 0.916298 0.6 0.916298 0.2 1.099557 0.2 0.916298 0.6 0.916298 0.2 0.916298 0.6 0.733038 0.6 0.733038 0.2 0.916298 0.2 0.733038 0.6 0.733038 0.2 0.733038 0.6 0.549779 0.6 0.549779 0.2 0.733038 0.2 0.549779 0.6 0.549779 0.2 0.549779 0.6 0.366519 0.6 0.366519 0.2 0.549779 0.2 0.366519 0.6 0.366519 0.2 0.366519 0.6 0.18326 0.6 0.18326 0.2 0.366519 0.2 0.18326 0.6 0.18326 0.2 0.18326 0.6 0 0.6 0 0.2 0.18326 0.2 0 0.6 0 0.2 0 0.6 -0.18326 0.6 -0.18326 0.2 0 0.2 -0.18326 0.6 -0.18326 0.2 -0.18326 0.6 -0.366519 0.6 -0.366519 0.2 -0.18326 0.2 -0.366519 0.6 -0.366519 0.2 -0.366519 0.6 -0.549779 0.6 -0.549779 0.2 -0.366519 0.2 -0.549779 0.6 -0.549779 0.2 -0.549779 0.6 -0.733038 0.6 -0.733038 0.2 -0.549779 0.2 -0.733038 0.6 -0.733038 0.2 -0.733038 0.6 -0.916298 0.6 -0.916298 0.2 -0.733038 0.2 -0.916298 0.6 -0.916298 0.2 -0.916298 0.6 -1.099557 0.6 -1.099557 0.2 -0.916298 0.2 -1.099557 0.6 1.099557 0.2 1.099557 0.6 0.916298 0.6 0.916298 0.2 1.099557 0.2 0.916298 0.6 0.916298 0.2 0.916298 0.6 0.733038 0.6 0.733038 0.2 0.916298 0.2 0.733038 0.6 0.733038 0.2 0.733038 0.6 0.549779 0.6 0.549779 0.2 0.733038 0.2 0.549779 0.6 0.549779 0.2 0.549779 0.6 0.366519 0.6 0.366519 0.2 0.549779 0.2 0.366519 0.6 0.366519 0.2 0.366519 0.6 0.18326 0.6 0.18326 0.2 0.366519 0.2 0.18326 0.6 0.18326 0.2 0.18326 0.6 0 0.6 0 0.2 0.18326 0.2 0 0.6 0 0.2 0 0.6 -0.18326 0.6 -0.18326 0.2 0 0.2 -0.18326 0.6 -0.18326 0.2 -0.18326 0.6 -0.366519 0.6 -0.366519 0.2 -0.18326 0.2 -0.366519 0.6 -0.366519 0.2 -0.366519 0.6 -0.549779 0.6 -0.549779 0.2 -0.366519 0.2 -0.549779 0.6 -0.549779 0.2 -0.549779 0.6 -0.733038 0.6 -0.733038 0.2 -0.549779 0.2 -0.733038 0.6 -0.733038 0.2 -0.733038 0.6 -0.916298 0.6 -0.916298 0.2 -0.733038 0.2 -0.916298 2.3325 0 0.2825 0 2.3325 -0.19635 2.3325 -0.19635 0.2825 0 0.2825 -0.19635 2.3325 -0.19635 0.2825 -0.19635 2.3325 -0.392699 2.3325 -0.392699 0.2825 -0.19635 0.2825 -0.392699 2.3325 -0.392699 0.2825 -0.392699 2.3325 -0.589049 2.3325 -0.589049 0.2825 -0.392699 0.2825 -0.589049 2.3325 -0.589049 0.2825 -0.589049 2.3325 -0.785398 2.3325 -0.785398 0.2825 -0.589049 0.2825 -0.785398 2.3325 -0.785398 0.2825 -0.785398 2.3325 -0.981748 2.3325 -0.981748 0.2825 -0.785398 0.2825 -0.981748 2.3325 -0.981748 0.2825 -0.981748 2.3325 -1.178097 2.3325 -1.178097 0.2825 -0.981748 0.2825 -1.178097 2.3325 -1.178097 0.2825 -1.178097 2.3325 -1.374447 2.3325 -1.374447 0.2825 -1.178097 0.2825 -1.374447 2.3325 -1.374447 0.2825 -1.374447 2.3325 -1.570796 2.3325 -1.570796 0.2825 -1.374447 0.2825 -1.570796 -0.1376349 0.2825 0 0.2825 -0.1376349 2.3325 -0.1376349 2.3325 0 0.2825 0 2.3325 0 2.05 -0.118036 2.05 0 0 0 0 -0.118036 2.05 -0.118036 0 -0.118036 0 -0.118036 2.05 -0.236072 2.05 -0.118036 0 -0.236072 2.05 -0.236072 0 -0.236072 0 -0.236072 2.05 -0.354108 2.05 -0.236072 0 -0.354108 2.05 -0.354108 0 -0.354108 0 -0.354108 2.05 -0.472144 2.05 -0.354108 0 -0.472144 2.05 -0.472144 0 -17.57337 0.6 -15.43285 0.6 -17.57337 2.65 -17.57337 2.65 -15.43285 0.6 -15.43285 2.65 -15.43285 2.65 -15.43285 0.6 -13.84062 0.6 -15.43285 2.65 -13.84062 0.6 -13.84062 2.65 -13.84062 2.65 -13.84062 0.6 -13.12081 0.6 -13.84062 2.65 -13.12081 0.6 -13.12081 2.65 -13.12081 2.65 -13.12081 0.6 -10.93939 0.6 -13.12081 2.65 -10.93939 0.6 -10.93939 2.65 -10.93939 2.65 -10.93939 0.6 -10.20221 0.6 -10.93939 2.65 -10.20221 0.6 -10.20221 2.65 -0.506348 0.2825 -0.379761 0.2825 -0.506348 2.3325 -0.506348 2.3325 -0.379761 0.2825 -0.379761 2.3325 -0.379761 2.3325 -0.379761 0.2825 -0.253174 0.2825 -0.379761 2.3325 -0.253174 0.2825 -0.253174 2.3325 -0.253174 2.3325 -0.253174 0.2825 -0.126587 0.2825 -0.253174 2.3325 -0.126587 0.2825 -0.126587 2.3325 -0.126587 2.3325 -0.126587 0.2825 0 0.2825 -0.126587 2.3325 0 0.2825 0 2.3325 -0.6 0.2825 -0.548463 0.2825 -0.6 2.3325 -0.6 2.3325 -0.548463 0.2825 -0.548463 2.3325 2.3325 0 0.2825 0 2.3325 -0.19635 2.3325 -0.19635 0.2825 0 0.2825 -0.19635 2.3325 -0.19635 0.2825 -0.19635 2.3325 -0.392699 2.3325 -0.392699 0.2825 -0.19635 0.2825 -0.392699 2.3325 -0.392699 0.2825 -0.392699 2.3325 -0.589049 2.3325 -0.589049 0.2825 -0.392699 0.2825 -0.589049 2.3325 -0.589049 0.2825 -0.589049 2.3325 -0.785398 2.3325 -0.785398 0.2825 -0.589049 0.2825 -0.785398 2.3325 -0.785398 0.2825 -0.785398 2.3325 -0.981748 2.3325 -0.981748 0.2825 -0.785398 0.2825 -0.981748 2.3325 -0.981748 0.2825 -0.981748 2.3325 -1.178097 2.3325 -1.178097 0.2825 -0.981748 0.2825 -1.178097 2.3325 -1.178097 0.2825 -1.178097 2.3325 -1.374447 2.3325 -1.374447 0.2825 -1.178097 0.2825 -1.374447 2.3325 -1.374447 0.2825 -1.374447 2.3325 -1.570796 2.3325 -1.570796 0.2825 -1.374447 0.2825 -1.570796 -0.263668 0.2825 0 0.2825 -0.263668 2.3325 -0.263668 2.3325 0 0.2825 0 2.3325 0 2.05 -0.106578 2.05 0 0 0 0 -0.106578 2.05 -0.106578 0 -0.106578 0 -0.106578 2.05 -0.213156 2.05 -0.106578 0 -0.213156 2.05 -0.213156 0 -0.213156 0 -0.213156 2.05 -0.319735 2.05 -0.213156 0 -0.319735 2.05 -0.319735 0 -0.319735 0 -0.319735 2.05 -0.426313 2.05 -0.319735 0 -0.426313 2.05 -0.426313 0 -18.59935 0.6 -17.79881 0.6 -18.59935 2.65 -18.59935 2.65 -17.79881 0.6 -17.77705 2.65 -17.77705 2.65 -17.79881 0.6 -16.99832 0.6 -17.77705 2.65 -16.99832 0.6 -16.99832 2.65 -16.99832 2.65 -16.99832 0.6 -16.72445 2.65 -16.72445 2.65 -16.99832 0.6 -16.45458 0.6 -16.72445 2.65 -16.45458 0.6 -16.45458 2.65 -1.213969 0.2525 -1.062223 0.2525 -1.213969 2.3025 -1.213969 2.3025 -1.062223 0.2525 -1.04055 2.3025 -1.04055 2.3025 -1.062223 0.2525 -0.910477 0.2525 -1.04055 2.3025 -0.910477 0.2525 -0.867121 2.3025 -0.867121 2.3025 -0.910477 0.2525 -0.75873 0.2525 -0.867121 2.3025 -0.75873 0.2525 -0.693696 2.3025 -0.693696 2.3025 -0.75873 0.2525 -0.606984 0.2525 -0.693696 2.3025 -0.606984 0.2525 -0.520273 2.3025 -0.520273 2.3025 -0.606984 0.2525 -0.455238 0.2525 -0.520273 2.3025 -0.455238 0.2525 -0.346848 2.3025 -0.346848 2.3025 -0.455238 0.2525 -0.303492 0.2525 -0.346848 2.3025 -0.303492 0.2525 -0.173423 2.3025 -0.173423 2.3025 -0.303492 0.2525 -0.151746 0.2525 -0.173423 2.3025 -0.151746 0.2525 0 2.3025 0 2.3025 -0.151746 0.2525 0 0.2525 0 2.05 -0.151746 2.05 0 0 0 0 -0.151746 2.05 -0.151746 0 -0.151746 0 -0.151746 2.05 -0.303492 2.05 -0.151746 0 -0.303492 2.05 -0.303492 0 -0.303492 0 -0.303492 2.05 -0.455238 2.05 -0.303492 0 -0.455238 2.05 -0.455238 0 -0.455238 0 -0.455238 2.05 -0.606984 2.05 -0.455238 0 -0.606984 2.05 -0.606984 0 -0.606984 0 -0.606984 2.05 -0.75873 2.05 -0.606984 0 -0.75873 2.05 -0.75873 0 -0.75873 0 -0.75873 2.05 -0.910477 2.05 -0.75873 0 -0.910477 2.05 -0.910477 0 -0.910477 0 -0.910477 2.05 -1.062223 2.05 -0.910477 0 -1.062223 2.05 -1.062223 0 -1.062223 0 -1.062223 2.05 -1.213969 2.05 -1.062223 0 -1.213969 2.05 -1.213969 0 16.45183 2.65 16.45183 0.6 16.72165 2.65 16.72165 2.65 16.45183 0.6 16.72365 0.6 16.72165 2.65 16.72365 0.6 16.99547 2.65 16.99547 2.65 16.72365 0.6 16.99547 0.6 16.99547 2.65 16.99547 0.6 17.77407 2.65 17.77407 2.65 16.99547 0.6 17.79586 0.6 17.77407 2.65 17.79586 0.6 18.59624 2.65 18.59624 2.65 17.79586 0.6 18.59624 0.6 -0.426313 0.2825 -0.319735 0.2825 -0.426313 2.3325 -0.426313 2.3325 -0.319735 0.2825 -0.319735 2.3325 -0.319735 2.3325 -0.319735 0.2825 -0.213156 0.2825 -0.319735 2.3325 -0.213156 0.2825 -0.213156 2.3325 -0.213156 2.3325 -0.213156 0.2825 -0.106578 0.2825 -0.213156 2.3325 -0.106578 0.2825 -0.106578 2.3325 -0.106578 2.3325 -0.106578 0.2825 0 0.2825 -0.106578 2.3325 0 0.2825 0 2.3325 0 0.2825 0.263668 0.2825 0 2.3325 0 2.3325 0.263668 0.2825 0.263668 2.3325 -2.3325 -1.570796 -0.2825 -1.570796 -2.3325 -1.374447 -2.3325 -1.374447 -0.2825 -1.570796 -0.2825 -1.374447 -2.3325 -1.374447 -0.2825 -1.374447 -2.3325 -1.178097 -2.3325 -1.178097 -0.2825 -1.374447 -0.2825 -1.178097 -2.3325 -1.178097 -0.2825 -1.178097 -2.3325 -0.981748 -2.3325 -0.981748 -0.2825 -1.178097 -0.2825 -0.981748 -2.3325 -0.981748 -0.2825 -0.981748 -2.3325 -0.785398 -2.3325 -0.785398 -0.2825 -0.981748 -0.2825 -0.785398 -2.3325 -0.785398 -0.2825 -0.785398 -2.3325 -0.589049 -2.3325 -0.589049 -0.2825 -0.785398 -0.2825 -0.589049 -2.3325 -0.589049 -0.2825 -0.589049 -2.3325 -0.392699 -2.3325 -0.392699 -0.2825 -0.589049 -0.2825 -0.392699 -2.3325 -0.392699 -0.2825 -0.392699 -2.3325 -0.19635 -2.3325 -0.19635 -0.2825 -0.392699 -0.2825 -0.19635 -2.3325 -0.19635 -0.2825 -0.19635 -2.3325 0 -2.3325 0 -0.2825 -0.19635 -0.2825 0 0.548463 0.2825 0.6 0.2825 0.548463 2.3325 0.548463 2.3325 0.6 0.2825 0.6 2.3325 0 2.05 -0.126587 2.05 0 0 0 0 -0.126587 2.05 -0.126587 0 -0.126587 0 -0.126587 2.05 -0.253174 2.05 -0.126587 0 -0.253174 2.05 -0.253174 0 -0.253174 0 -0.253174 2.05 -0.379761 2.05 -0.253174 0 -0.379761 2.05 -0.379761 0 -0.379761 0 -0.379761 2.05 -0.506348 2.05 -0.379761 0 -0.506348 2.05 -0.506348 0 10.20243 0.6 10.93962 0.6 10.20243 2.65 10.20243 2.65 10.93962 0.6 10.93962 2.65 10.93962 2.65 10.93962 0.6 13.12109 0.6 10.93962 2.65 13.12109 0.6 13.12109 2.65 13.12109 2.65 13.12109 0.6 13.84092 0.6 13.12109 2.65 13.84092 0.6 13.84092 2.65 13.84092 2.65 13.84092 0.6 15.43318 0.6 13.84092 2.65 15.43318 0.6 15.43318 2.65 15.43318 2.65 15.43318 0.6 16.50346 0.6 15.43318 2.65 16.50346 0.6 17.57375 2.65 17.57375 2.65 16.50346 0.6 17.57375 0.6 -0.472144 2.3325 -0.472144 0.2825 -0.370973 2.3325 -0.370973 2.3325 -0.472144 0.2825 -0.354108 0.2825 -0.370973 2.3325 -0.354108 0.2825 -0.269796 2.3325 -0.269796 2.3325 -0.354108 0.2825 -0.236072 0.2825 -0.269796 2.3325 -0.236072 0.2825 -0.134892 2.3325 -0.134892 2.3325 -0.236072 0.2825 -0.118036 0.2825 -0.134892 2.3325 -0.118036 0.2825 0 2.3325 0 2.3325 -0.118036 0.2825 0 0.2825 0 0.2825 0.1376349 0.2825 0 2.3325 0 2.3325 0.1376349 0.2825 0.1376349 2.3325 -2.3325 -1.570796 -0.2825 -1.570796 -2.3325 -1.374447 -2.3325 -1.374447 -0.2825 -1.570796 -0.2825 -1.374447 -2.3325 -1.374447 -0.2825 -1.374447 -2.3325 -1.178097 -2.3325 -1.178097 -0.2825 -1.374447 -0.2825 -1.178097 -2.3325 -1.178097 -0.2825 -1.178097 -2.3325 -0.981748 -2.3325 -0.981748 -0.2825 -1.178097 -0.2825 -0.981748 -2.3325 -0.981748 -0.2825 -0.981748 -2.3325 -0.785398 -2.3325 -0.785398 -0.2825 -0.981748 -0.2825 -0.785398 -2.3325 -0.785398 -0.2825 -0.785398 -2.3325 -0.589049 -2.3325 -0.589049 -0.2825 -0.785398 -0.2825 -0.589049 -2.3325 -0.589049 -0.2825 -0.589049 -2.3325 -0.392699 -2.3325 -0.392699 -0.2825 -0.589049 -0.2825 -0.392699 -2.3325 -0.392699 -0.2825 -0.392699 -2.3325 -0.19635 -2.3325 -0.19635 -0.2825 -0.392699 -0.2825 -0.19635 -2.3325 -0.19635 -0.2825 -0.19635 -2.3325 0 -2.3325 0 -0.2825 -0.19635 -0.2825 0 0.324773 0.2825 0.5 0.2825 0.324773 2.3325 0.324773 2.3325 0.5 0.2825 0.5 2.3325 0 2.05 -0.1145009 2.05 0 0 0 0 -0.1145009 2.05 -0.1145009 0 -0.1145009 0 -0.1145009 2.05 -0.229003 2.05 -0.1145009 0 -0.229003 2.05 -0.229003 0 -0.229003 0 -0.229003 2.05 -0.343504 2.05 -0.229003 0 -0.343504 2.05 -0.343504 0 -0.343504 0 -0.343504 2.05 -0.458005 2.05 -0.343504 0 -0.458005 2.05 -0.458005 0 5.320236 2.65 5.320236 0.6 5.988932 2.65 5.988932 2.65 5.320236 0.6 6.08737 0.6 5.988932 2.65 6.08737 0.6 6.854474 2.65 6.854474 2.65 6.08737 0.6 6.854474 0.6 6.854474 2.65 6.854474 0.6 7.271888 2.65 7.271888 2.65 6.854474 0.6 7.677843 0.6 7.271888 2.65 7.677843 0.6 7.677843 2.65 -1.161075 0.2525 -1.015941 0.2525 -1.161075 2.3025 -1.161075 2.3025 -1.015941 0.2525 -1.015927 2.3025 -1.015927 2.3025 -1.015941 0.2525 -0.870807 0.2525 -1.015927 2.3025 -0.870807 0.2525 -0.870821 2.3025 -0.870821 2.3025 -0.870807 0.2525 -0.725686 2.3025 -0.725686 2.3025 -0.870807 0.2525 -0.725672 0.2525 -0.725686 2.3025 -0.725672 0.2525 -0.580598 2.3025 -0.580598 2.3025 -0.725672 0.2525 -0.580538 0.2525 -0.580598 2.3025 -0.580538 0.2525 -0.435449 2.3025 -0.435449 2.3025 -0.580538 0.2525 -0.435403 0.2525 -0.435449 2.3025 -0.435403 0.2525 -0.290269 0.2525 -0.145134 0.2525 -0.145131 2.3025 -0.290269 0.2525 -0.290269 0.2525 -0.145131 2.3025 -0.290277 2.3025 -0.290269 0.2525 -0.290277 2.3025 -0.435449 2.3025 -0.145134 0.2525 0 0.2525 -0.145131 2.3025 -0.145131 2.3025 0 0.2525 0 2.3025 -0.252651 2.2 -0.771081 2.2 -0.252651 1.2825 -0.252651 1.2825 -0.771081 2.2 -0.771081 0.15 -0.252651 1.2825 -0.771081 0.15 0 0.15 0 0.15 0 1.2825 -0.252651 1.2825 0.267949 0.2825 1.526364 0.2825 0.267949 1.2 0.267949 1.2 1.526364 0.2825 1.526364 1.2 -1.2 -0.261799 -0.2825 -0.261799 -1.2 -0.08726596 -1.2 -0.08726596 -0.2825 -0.261799 -0.2825 -0.08726596 -1.2 -0.08726596 -0.2825 -0.08726596 -0.2825 0.08726596 -0.2825 0.261799 -1.2 0.261799 -0.2825 0.08726596 -0.2825 0.08726596 -1.2 0.261799 -1.2 0.08726596 -0.2825 0.08726596 -1.2 0.08726596 -1.2 -0.08726596 0.1436 0.2825 0.365209 0.2825 0.1436 1.2 0.1436 1.2 0.365209 0.2825 0.365209 1.2 1.2 0.121505 0.2825 0.121505 1.2 0.04050195 1.2 0.04050195 0.2825 0.121505 0.2825 0.04050195 1.2 0.04050195 0.2825 0.04050195 0.2825 -0.04050195 0.2825 -0.121505 1.2 -0.121505 0.2825 -0.04050195 0.2825 -0.04050195 1.2 -0.121505 1.2 -0.04050195 0.2825 -0.04050195 1.2 -0.04050195 1.2 0.04050195 -1.2 -1.58502 -0.2825 -1.58502 -1.2 -1.34117 -1.2 -1.34117 -0.2825 -1.58502 -0.2825 -1.34117 -1.2 -1.34117 -0.2825 -1.34117 -1.2 -1.097321 -1.2 -1.097321 -0.2825 -1.34117 -0.2825 -1.097321 -1.2 -1.097321 -0.2825 -1.097321 -1.2 -0.853472 -1.2 -0.853472 -0.2825 -1.097321 -0.2825 -0.853472 -1.2 -0.853472 -0.2825 -0.853472 -1.2 -0.609623 -1.2 -0.609623 -0.2825 -0.853472 -0.2825 -0.609623 -1.2 -0.609623 -0.2825 -0.609623 -1.2 -0.365774 -1.2 -0.365774 -0.2825 -0.609623 -0.2825 -0.365774 -1.2 -0.365774 -0.2825 -0.365774 -1.2 -0.1219249 -1.2 -0.1219249 -0.2825 -0.365774 -0.2825 -0.1219249 -1.2 -0.1219249 -0.2825 -0.1219249 -1.2 0.1219249 -1.2 0.1219249 -0.2825 -0.1219249 -0.2825 0.1219249 -1.2 0.1219249 -0.2825 0.1219249 -1.2 0.365774 -1.2 0.365774 -0.2825 0.1219249 -0.2825 0.365774 -1.2 0.365774 -0.2825 0.365774 -1.2 0.609623 -1.2 0.609623 -0.2825 0.365774 -0.2825 0.609623 -1.2 0.609623 -0.2825 0.609623 -1.2 0.853472 -1.2 0.853472 -0.2825 0.609623 -0.2825 0.853472 -1.2 0.853472 -0.2825 0.853472 -1.2 1.097321 -1.2 1.097321 -0.2825 0.853472 -0.2825 1.097321 -1.2 1.097321 -0.2825 1.097321 -1.2 1.34117 -1.2 1.34117 -0.2825 1.097321 -0.2825 1.34117 -1.2 1.34117 -0.2825 1.34117 -1.2 1.58502 -1.2 1.58502 -0.2825 1.34117 -0.2825 1.58502 1.2 -0.657586 0.2825 -0.657586 1.2 -0.75255 1.2 -0.75255 0.2825 -0.657586 0.2825 -0.75255 1.2 -0.75255 0.2825 -0.75255 0.2825 -0.847514 0.2825 -0.942478 1.2 -0.942478 0.2825 -0.847514 0.2825 -0.847514 1.2 -0.942478 1.2 -0.847514 0.2825 -0.847514 1.2 -0.847514 1.2 -0.75255 1.2 0.261799 0.2825 0.261799 1.2 0.09536099 1.2 0.09536099 0.2825 0.261799 0.2825 0.09536099 1.2 0.09536099 0.2825 0.09536099 0.2825 -0.071078 0.2825 -0.237516 1.2 -0.237516 0.2825 -0.071078 0.2825 -0.071078 1.2 -0.237516 1.2 -0.071078 0.2825 -0.071078 1.2 -0.071078 1.2 0.09536099 0 0.2825 1.227359 0.2825 0 1.2 0 1.2 1.227359 0.2825 1.227359 1.2 2.2 -0.659734 2.2 -0.34965 0.15 -0.659734 0.15 -0.659734 2.2 -0.34965 0.15 -0.219911 0.15 -0.219911 2.2 -0.34965 2.2 -0.03956496 0.15 -0.219911 2.2 -0.03956496 0.15 0.219911 0.15 0.219911 2.2 -0.03956496 2.2 0.270519 0.15 0.219911 2.2 0.270519 1.2825 0.270519 1.2825 0.270519 1.2825 0.400258 0.15 0.219911 0.15 0.219911 1.2825 0.400258 0.15 0.659734 0.15 0.659734 1.2825 0.400258 1.2825 0.529996 0.15 0.659734 1.2825 0.529996 1.2825 0.659734 -0.885359 2.2 -1.65644 2.2 -0.885359 0.15 -0.885359 0.15 -1.65644 2.2 -1.65644 0.15 0 0 0 2.05 -0.145134 0 -0.145134 0 0 2.05 -0.145134 2.05 -0.145134 0 -0.145134 2.05 -0.290269 0 -0.290269 0 -0.145134 2.05 -0.290269 2.05 -0.290269 0 -0.290269 2.05 -0.435403 0 -0.435403 0 -0.290269 2.05 -0.435403 2.05 -0.435403 0 -0.435403 2.05 -0.580538 0 -0.580538 0 -0.435403 2.05 -0.580538 2.05 -0.580538 0 -0.580538 2.05 -0.725672 0 -0.725672 0 -0.580538 2.05 -0.725672 2.05 -0.725672 0 -0.725672 2.05 -0.870807 0 -0.870807 0 -0.725672 2.05 -0.870807 2.05 -0.870807 0 -0.870807 2.05 -1.015941 0 -1.015941 0 -0.870807 2.05 -1.015941 2.05 -1.015941 0 -1.015941 2.05 -1.161075 0 -1.161075 0 -1.015941 2.05 -1.161075 2.05 -7.675745 2.65 -7.675745 0.6 -7.269901 2.65 -7.269901 2.65 -7.675745 0.6 -7.264173 0.6 -7.269901 2.65 -7.264173 0.6 -6.852601 2.65 -6.852601 2.65 -7.264173 0.6 -6.852601 0.6 -6.852601 2.65 -6.852601 0.6 -6.250784 2.65 -6.250784 2.65 -6.852601 0.6 -6.085692 0.6 -6.250784 2.65 -6.085692 0.6 -5.318782 2.65 -5.318782 2.65 -6.085692 0.6 -5.318782 0.6 -0.458005 0.2825 -0.343504 0.2825 -0.458005 2.3325 -0.458005 2.3325 -0.343504 0.2825 -0.343504 2.3325 -0.343504 2.3325 -0.343504 0.2825 -0.229003 0.2825 -0.343504 2.3325 -0.229003 0.2825 -0.229003 2.3325 -0.229003 2.3325 -0.229003 0.2825 -0.1145009 0.2825 -0.229003 2.3325 -0.1145009 0.2825 -0.1145009 2.3325 -0.1145009 2.3325 -0.1145009 0.2825 0 0.2825 -0.1145009 2.3325 0 0.2825 0 2.3325 -0.5 0.2825 -0.324773 0.2825 -0.5 2.3325 -0.5 2.3325 -0.324773 0.2825 -0.324773 2.3325 0.628319 -1.069656 0.523599 -1.140967 0.628319 -1.283588 0.628319 -1.283588 0.523599 -1.140967 0.523599 -1.283588 0.628319 1.283588 0.523599 1.283588 0.523599 1.140967 0.523599 1.140967 0.523599 1.283588 0.418879 1.283588 0.523599 1.140967 0.418879 1.283588 0.418879 1.140967 0.418879 1.140967 0.418879 1.283588 0.314159 1.283588 0.418879 1.140967 0.314159 1.283588 0.314159 1.112443 0.523599 -1.140967 0.628319 -1.069656 0.523599 -0.998346 0.523599 -0.998346 0.628319 -1.069656 0.628319 -0.855725 0.523599 -0.998346 0.628319 -0.855725 0.523599 -0.855725 0.523599 -0.855725 0.628319 -0.855725 0.523599 -0.713104 0.523599 -0.855725 0.523599 -0.713104 0.418879 -0.713104 0.418879 -0.713104 0.523599 -0.713104 0.418879 -0.570483 0.418879 -0.713104 0.418879 -0.570483 0.314159 -0.599008 0.314159 -0.599008 0.418879 -0.570483 0.314159 -0.427863 0.314159 -0.427863 0.418879 -0.570483 0.418879 -0.427863 0.314159 -0.427863 0.418879 -0.427863 0.418879 -0.285242 0.418879 -0.285242 0.418879 -0.427863 0.523599 -0.427863 0.418879 -0.285242 0.523599 -0.427863 0.523599 -0.285242 0.523599 -0.285242 0.523599 -0.427863 0.628319 -0.427863 0.523599 -0.285242 0.628319 -0.427863 0.628319 -0.213931 0.628319 -0.855725 0.628319 -0.641794 0.523599 -0.713104 0.523599 -0.713104 0.628319 -0.641794 0.523599 -0.570483 0.523599 -0.713104 0.523599 -0.570483 0.418879 -0.570483 0.418879 -0.570483 0.523599 -0.570483 0.418879 -0.427863 0.628319 -0.641794 0.628319 -0.427863 0.523599 -0.570483 0.523599 -0.570483 0.628319 -0.427863 0.523599 -0.427863 0.523599 -0.570483 0.523599 -0.427863 0.418879 -0.427863 0.523599 -0.285242 0.628319 -0.213931 0.523599 -0.142621 0.523599 -0.142621 0.628319 -0.213931 0.628319 0 0.523599 -0.142621 0.628319 0 0.523599 0 0.523599 0 0.628319 0 0.523599 0.142621 0.523599 0 0.523599 0.142621 0.418879 0.142621 0.418879 0.142621 0.523599 0.142621 0.418879 0.285242 0.418879 0.142621 0.418879 0.285242 0.314159 0.256718 0.314159 0.256718 0.418879 0.285242 0.314159 0.427863 0.314159 0.427863 0.418879 0.285242 0.418879 0.427863 0.314159 0.427863 0.418879 0.427863 0.418879 0.570483 0.418879 0.570483 0.418879 0.427863 0.523599 0.427863 0.418879 0.570483 0.523599 0.427863 0.523599 0.570483 0.523599 0.570483 0.523599 0.427863 0.628319 0.427863 0.523599 0.570483 0.628319 0.427863 0.628319 0.641794 0.628319 0 0.628319 0.213931 0.523599 0.142621 0.523599 0.142621 0.628319 0.213931 0.523599 0.285242 0.523599 0.142621 0.523599 0.285242 0.418879 0.285242 0.418879 0.285242 0.523599 0.285242 0.418879 0.427863 0.628319 0.213931 0.628319 0.427863 0.523599 0.285242 0.523599 0.285242 0.628319 0.427863 0.523599 0.427863 0.523599 0.285242 0.523599 0.427863 0.418879 0.427863 0.523599 0.570483 0.628319 0.641794 0.523599 0.713104 0.523599 0.713104 0.628319 0.641794 0.628319 0.855725 0.523599 0.713104 0.628319 0.855725 0.523599 0.855725 0.523599 0.855725 0.628319 0.855725 0.523599 0.998346 0.523599 0.855725 0.523599 0.998346 0.418879 0.998346 0.418879 0.998346 0.523599 0.998346 0.418879 1.140967 0.418879 0.998346 0.418879 1.140967 0.314159 1.112443 0.628319 0.855725 0.628319 1.069656 0.523599 0.998346 0.523599 0.998346 0.628319 1.069656 0.523599 1.140967 0.523599 0.998346 0.523599 1.140967 0.418879 1.140967 0.628319 1.069656 0.628319 1.283588 0.523599 1.140967 0.314159 1.112443 0.314159 0.941298 0.418879 0.998346 0.418879 0.998346 0.314159 0.941298 0.418879 0.855725 0.418879 0.998346 0.418879 0.855725 0.523599 0.855725 0.523599 0.855725 0.418879 0.855725 0.523599 0.713104 0.314159 0.941298 0.314159 0.770153 0.418879 0.855725 0.418879 0.855725 0.314159 0.770153 0.418879 0.713104 0.418879 0.855725 0.418879 0.713104 0.523599 0.713104 0.523599 0.713104 0.418879 0.713104 0.523599 0.570483 0.314159 0.770153 0.314159 0.599008 0.418879 0.713104 0.418879 0.713104 0.314159 0.599008 0.418879 0.570483 0.418879 0.713104 0.418879 0.570483 0.523599 0.570483 0.314159 0.599008 0.314159 0.427863 0.418879 0.570483 0.314159 0.256718 0.314159 0.08557295 0.418879 0.142621 0.418879 0.142621 0.314159 0.08557295 0.418879 0 0.418879 0.142621 0.418879 0 0.523599 0 0.523599 0 0.418879 0 0.523599 -0.142621 0.314159 0.08557295 0.314159 -0.08557295 0.418879 0 0.418879 0 0.314159 -0.08557295 0.418879 -0.142621 0.418879 0 0.418879 -0.142621 0.523599 -0.142621 0.523599 -0.142621 0.418879 -0.142621 0.523599 -0.285242 0.314159 -0.08557295 0.314159 -0.256718 0.418879 -0.142621 0.418879 -0.142621 0.314159 -0.256718 0.418879 -0.285242 0.418879 -0.142621 0.418879 -0.285242 0.523599 -0.285242 0.314159 -0.256718 0.314159 -0.427863 0.418879 -0.285242 0.314159 -0.599008 0.314159 -0.770153 0.418879 -0.713104 0.418879 -0.713104 0.314159 -0.770153 0.418879 -0.855725 0.418879 -0.713104 0.418879 -0.855725 0.523599 -0.855725 0.523599 -0.855725 0.418879 -0.855725 0.523599 -0.998346 0.314159 -0.770153 0.314159 -0.941298 0.418879 -0.855725 0.418879 -0.855725 0.314159 -0.941298 0.418879 -0.998346 0.418879 -0.855725 0.418879 -0.998346 0.523599 -0.998346 0.523599 -0.998346 0.418879 -0.998346 0.523599 -1.140967 0.314159 -0.941298 0.314159 -1.112443 0.418879 -0.998346 0.418879 -0.998346 0.314159 -1.112443 0.418879 -1.140967 0.418879 -0.998346 0.418879 -1.140967 0.523599 -1.140967 0.523599 -1.140967 0.418879 -1.140967 0.523599 -1.283588 0.314159 -1.112443 0.314159 -1.283588 0.418879 -1.140967 0.418879 -1.140967 0.314159 -1.283588 0.418879 -1.283588 0.418879 -1.140967 0.418879 -1.283588 0.523599 -1.283588 0.628319 -1.069656 0.523599 -1.140967 0.628319 -1.283588 0.628319 -1.283588 0.523599 -1.140967 0.523599 -1.283588 0.628319 1.283588 0.523599 1.283588 0.523599 1.140967 0.523599 1.140967 0.523599 1.283588 0.418879 1.283588 0.523599 1.140967 0.418879 1.283588 0.418879 1.140967 0.418879 1.140967 0.418879 1.283588 0.314159 1.283588 0.418879 1.140967 0.314159 1.283588 0.314159 1.112443 0.523599 -1.140967 0.628319 -1.069656 0.523599 -0.998346 0.523599 -0.998346 0.628319 -1.069656 0.628319 -0.855725 0.523599 -0.998346 0.628319 -0.855725 0.523599 -0.855725 0.523599 -0.855725 0.628319 -0.855725 0.523599 -0.713104 0.523599 -0.855725 0.523599 -0.713104 0.418879 -0.713104 0.418879 -0.713104 0.523599 -0.713104 0.418879 -0.570483 0.418879 -0.713104 0.418879 -0.570483 0.314159 -0.599008 0.314159 -0.599008 0.418879 -0.570483 0.314159 -0.427863 0.314159 -0.427863 0.418879 -0.570483 0.418879 -0.427863 0.314159 -0.427863 0.418879 -0.427863 0.418879 -0.285242 0.418879 -0.285242 0.418879 -0.427863 0.523599 -0.427863 0.418879 -0.285242 0.523599 -0.427863 0.523599 -0.285242 0.523599 -0.285242 0.523599 -0.427863 0.628319 -0.427863 0.523599 -0.285242 0.628319 -0.427863 0.628319 -0.213931 0.628319 -0.855725 0.628319 -0.641794 0.523599 -0.713104 0.523599 -0.713104 0.628319 -0.641794 0.523599 -0.570483 0.523599 -0.713104 0.523599 -0.570483 0.418879 -0.570483 0.418879 -0.570483 0.523599 -0.570483 0.418879 -0.427863 0.628319 -0.641794 0.628319 -0.427863 0.523599 -0.570483 0.523599 -0.570483 0.628319 -0.427863 0.523599 -0.427863 0.523599 -0.570483 0.523599 -0.427863 0.418879 -0.427863 0.523599 -0.285242 0.628319 -0.213931 0.523599 -0.142621 0.523599 -0.142621 0.628319 -0.213931 0.628319 0 0.523599 -0.142621 0.628319 0 0.523599 0 0.523599 0 0.628319 0 0.523599 0.142621 0.523599 0 0.523599 0.142621 0.418879 0.142621 0.418879 0.142621 0.523599 0.142621 0.418879 0.285242 0.418879 0.142621 0.418879 0.285242 0.314159 0.256718 0.314159 0.256718 0.418879 0.285242 0.314159 0.427863 0.314159 0.427863 0.418879 0.285242 0.418879 0.427863 0.314159 0.427863 0.418879 0.427863 0.418879 0.570483 0.418879 0.570483 0.418879 0.427863 0.523599 0.427863 0.418879 0.570483 0.523599 0.427863 0.523599 0.570483 0.523599 0.570483 0.523599 0.427863 0.628319 0.427863 0.523599 0.570483 0.628319 0.427863 0.628319 0.641794 0.628319 0 0.628319 0.213931 0.523599 0.142621 0.523599 0.142621 0.628319 0.213931 0.523599 0.285242 0.523599 0.142621 0.523599 0.285242 0.418879 0.285242 0.418879 0.285242 0.523599 0.285242 0.418879 0.427863 0.628319 0.213931 0.628319 0.427863 0.523599 0.285242 0.523599 0.285242 0.628319 0.427863 0.523599 0.427863 0.523599 0.285242 0.523599 0.427863 0.418879 0.427863 0.523599 0.570483 0.628319 0.641794 0.523599 0.713104 0.523599 0.713104 0.628319 0.641794 0.628319 0.855725 0.523599 0.713104 0.628319 0.855725 0.523599 0.855725 0.523599 0.855725 0.628319 0.855725 0.523599 0.998346 0.523599 0.855725 0.523599 0.998346 0.418879 0.998346 0.418879 0.998346 0.523599 0.998346 0.418879 1.140967 0.418879 0.998346 0.418879 1.140967 0.314159 1.112443 0.628319 0.855725 0.628319 1.069656 0.523599 0.998346 0.523599 0.998346 0.628319 1.069656 0.523599 1.140967 0.523599 0.998346 0.523599 1.140967 0.418879 1.140967 0.628319 1.069656 0.628319 1.283588 0.523599 1.140967 0.314159 1.112443 0.314159 0.941298 0.418879 0.998346 0.418879 0.998346 0.314159 0.941298 0.418879 0.855725 0.418879 0.998346 0.418879 0.855725 0.523599 0.855725 0.523599 0.855725 0.418879 0.855725 0.523599 0.713104 0.314159 0.941298 0.314159 0.770153 0.418879 0.855725 0.418879 0.855725 0.314159 0.770153 0.418879 0.713104 0.418879 0.855725 0.418879 0.713104 0.523599 0.713104 0.523599 0.713104 0.418879 0.713104 0.523599 0.570483 0.314159 0.770153 0.314159 0.599008 0.418879 0.713104 0.418879 0.713104 0.314159 0.599008 0.418879 0.570483 0.418879 0.713104 0.418879 0.570483 0.523599 0.570483 0.314159 0.599008 0.314159 0.427863 0.418879 0.570483 0.314159 0.256718 0.314159 0.08557295 0.418879 0.142621 0.418879 0.142621 0.314159 0.08557295 0.418879 0 0.418879 0.142621 0.418879 0 0.523599 0 0.523599 0 0.418879 0 0.523599 -0.142621 0.314159 0.08557295 0.314159 -0.08557295 0.418879 0 0.418879 0 0.314159 -0.08557295 0.418879 -0.142621 0.418879 0 0.418879 -0.142621 0.523599 -0.142621 0.523599 -0.142621 0.418879 -0.142621 0.523599 -0.285242 0.314159 -0.08557295 0.314159 -0.256718 0.418879 -0.142621 0.418879 -0.142621 0.314159 -0.256718 0.418879 -0.285242 0.418879 -0.142621 0.418879 -0.285242 0.523599 -0.285242 0.314159 -0.256718 0.314159 -0.427863 0.418879 -0.285242 0.314159 -0.599008 0.314159 -0.770153 0.418879 -0.713104 0.418879 -0.713104 0.314159 -0.770153 0.418879 -0.855725 0.418879 -0.713104 0.418879 -0.855725 0.523599 -0.855725 0.523599 -0.855725 0.418879 -0.855725 0.523599 -0.998346 0.314159 -0.770153 0.314159 -0.941298 0.418879 -0.855725 0.418879 -0.855725 0.314159 -0.941298 0.418879 -0.998346 0.418879 -0.855725 0.418879 -0.998346 0.523599 -0.998346 0.523599 -0.998346 0.418879 -0.998346 0.523599 -1.140967 0.314159 -0.941298 0.314159 -1.112443 0.418879 -0.998346 0.418879 -0.998346 0.314159 -1.112443 0.418879 -1.140967 0.418879 -0.998346 0.418879 -1.140967 0.523599 -1.140967 0.523599 -1.140967 0.418879 -1.140967 0.523599 -1.283588 0.314159 -1.112443 0.314159 -1.283588 0.418879 -1.140967 0.418879 -1.140967 0.314159 -1.283588 0.418879 -1.283588 0.418879 -1.140967 0.418879 -1.283588 0.523599 -1.283588 0.628319 -1.069656 0.523599 -1.140967 0.628319 -1.283588 0.628319 -1.283588 0.523599 -1.140967 0.523599 -1.283588 0.628319 1.283588 0.523599 1.283588 0.523599 1.140967 0.523599 1.140967 0.523599 1.283588 0.418879 1.283588 0.523599 1.140967 0.418879 1.283588 0.418879 1.140967 0.418879 1.140967 0.418879 1.283588 0.314159 1.283588 0.418879 1.140967 0.314159 1.283588 0.314159 1.112443 0.523599 -1.140967 0.628319 -1.069656 0.523599 -0.998346 0.523599 -0.998346 0.628319 -1.069656 0.628319 -0.855725 0.523599 -0.998346 0.628319 -0.855725 0.523599 -0.855725 0.523599 -0.855725 0.628319 -0.855725 0.523599 -0.713104 0.523599 -0.855725 0.523599 -0.713104 0.418879 -0.713104 0.418879 -0.713104 0.523599 -0.713104 0.418879 -0.570483 0.418879 -0.713104 0.418879 -0.570483 0.314159 -0.599008 0.314159 -0.599008 0.418879 -0.570483 0.314159 -0.427863 0.314159 -0.427863 0.418879 -0.570483 0.418879 -0.427863 0.314159 -0.427863 0.418879 -0.427863 0.418879 -0.285242 0.418879 -0.285242 0.418879 -0.427863 0.523599 -0.427863 0.418879 -0.285242 0.523599 -0.427863 0.523599 -0.285242 0.523599 -0.285242 0.523599 -0.427863 0.628319 -0.427863 0.523599 -0.285242 0.628319 -0.427863 0.628319 -0.213931 0.628319 -0.855725 0.628319 -0.641794 0.523599 -0.713104 0.523599 -0.713104 0.628319 -0.641794 0.523599 -0.570483 0.523599 -0.713104 0.523599 -0.570483 0.418879 -0.570483 0.418879 -0.570483 0.523599 -0.570483 0.418879 -0.427863 0.628319 -0.641794 0.628319 -0.427863 0.523599 -0.570483 0.523599 -0.570483 0.628319 -0.427863 0.523599 -0.427863 0.523599 -0.570483 0.523599 -0.427863 0.418879 -0.427863 0.523599 -0.285242 0.628319 -0.213931 0.523599 -0.142621 0.523599 -0.142621 0.628319 -0.213931 0.628319 0 0.523599 -0.142621 0.628319 0 0.523599 0 0.523599 0 0.628319 0 0.523599 0.142621 0.523599 0 0.523599 0.142621 0.418879 0.142621 0.418879 0.142621 0.523599 0.142621 0.418879 0.285242 0.418879 0.142621 0.418879 0.285242 0.314159 0.256718 0.314159 0.256718 0.418879 0.285242 0.314159 0.427863 0.314159 0.427863 0.418879 0.285242 0.418879 0.427863 0.314159 0.427863 0.418879 0.427863 0.418879 0.570483 0.418879 0.570483 0.418879 0.427863 0.523599 0.427863 0.418879 0.570483 0.523599 0.427863 0.523599 0.570483 0.523599 0.570483 0.523599 0.427863 0.628319 0.427863 0.523599 0.570483 0.628319 0.427863 0.628319 0.641794 0.628319 0 0.628319 0.213931 0.523599 0.142621 0.523599 0.142621 0.628319 0.213931 0.523599 0.285242 0.523599 0.142621 0.523599 0.285242 0.418879 0.285242 0.418879 0.285242 0.523599 0.285242 0.418879 0.427863 0.628319 0.213931 0.628319 0.427863 0.523599 0.285242 0.523599 0.285242 0.628319 0.427863 0.523599 0.427863 0.523599 0.285242 0.523599 0.427863 0.418879 0.427863 0.523599 0.570483 0.628319 0.641794 0.523599 0.713104 0.523599 0.713104 0.628319 0.641794 0.628319 0.855725 0.523599 0.713104 0.628319 0.855725 0.523599 0.855725 0.523599 0.855725 0.628319 0.855725 0.523599 0.998346 0.523599 0.855725 0.523599 0.998346 0.418879 0.998346 0.418879 0.998346 0.523599 0.998346 0.418879 1.140967 0.418879 0.998346 0.418879 1.140967 0.314159 1.112443 0.628319 0.855725 0.628319 1.069656 0.523599 0.998346 0.523599 0.998346 0.628319 1.069656 0.523599 1.140967 0.523599 0.998346 0.523599 1.140967 0.418879 1.140967 0.628319 1.069656 0.628319 1.283588 0.523599 1.140967 0.314159 1.112443 0.314159 0.941298 0.418879 0.998346 0.418879 0.998346 0.314159 0.941298 0.418879 0.855725 0.418879 0.998346 0.418879 0.855725 0.523599 0.855725 0.523599 0.855725 0.418879 0.855725 0.523599 0.713104 0.314159 0.941298 0.314159 0.770153 0.418879 0.855725 0.418879 0.855725 0.314159 0.770153 0.418879 0.713104 0.418879 0.855725 0.418879 0.713104 0.523599 0.713104 0.523599 0.713104 0.418879 0.713104 0.523599 0.570483 0.314159 0.770153 0.314159 0.599008 0.418879 0.713104 0.418879 0.713104 0.314159 0.599008 0.418879 0.570483 0.418879 0.713104 0.418879 0.570483 0.523599 0.570483 0.314159 0.599008 0.314159 0.427863 0.418879 0.570483 0.314159 0.256718 0.314159 0.08557295 0.418879 0.142621 0.418879 0.142621 0.314159 0.08557295 0.418879 0 0.418879 0.142621 0.418879 0 0.523599 0 0.523599 0 0.418879 0 0.523599 -0.142621 0.314159 0.08557295 0.314159 -0.08557295 0.418879 0 0.418879 0 0.314159 -0.08557295 0.418879 -0.142621 0.418879 0 0.418879 -0.142621 0.523599 -0.142621 0.523599 -0.142621 0.418879 -0.142621 0.523599 -0.285242 0.314159 -0.08557295 0.314159 -0.256718 0.418879 -0.142621 0.418879 -0.142621 0.314159 -0.256718 0.418879 -0.285242 0.418879 -0.142621 0.418879 -0.285242 0.523599 -0.285242 0.314159 -0.256718 0.314159 -0.427863 0.418879 -0.285242 0.314159 -0.599008 0.314159 -0.770153 0.418879 -0.713104 0.418879 -0.713104 0.314159 -0.770153 0.418879 -0.855725 0.418879 -0.713104 0.418879 -0.855725 0.523599 -0.855725 0.523599 -0.855725 0.418879 -0.855725 0.523599 -0.998346 0.314159 -0.770153 0.314159 -0.941298 0.418879 -0.855725 0.418879 -0.855725 0.314159 -0.941298 0.418879 -0.998346 0.418879 -0.855725 0.418879 -0.998346 0.523599 -0.998346 0.523599 -0.998346 0.418879 -0.998346 0.523599 -1.140967 0.314159 -0.941298 0.314159 -1.112443 0.418879 -0.998346 0.418879 -0.998346 0.314159 -1.112443 0.418879 -1.140967 0.418879 -0.998346 0.418879 -1.140967 0.523599 -1.140967 0.523599 -1.140967 0.418879 -1.140967 0.523599 -1.283588 0.314159 -1.112443 0.314159 -1.283588 0.418879 -1.140967 0.418879 -1.140967 0.314159 -1.283588 0.418879 -1.283588 0.418879 -1.140967 0.418879 -1.283588 0.523599 -1.283588 0.628319 -1.069656 0.523599 -1.140967 0.628319 -1.283588 0.628319 -1.283588 0.523599 -1.140967 0.523599 -1.283588 0.628319 1.283588 0.523599 1.283588 0.523599 1.140967 0.523599 1.140967 0.523599 1.283588 0.418879 1.283588 0.523599 1.140967 0.418879 1.283588 0.418879 1.140967 0.418879 1.140967 0.418879 1.283588 0.314159 1.283588 0.418879 1.140967 0.314159 1.283588 0.314159 1.112443 0.523599 -1.140967 0.628319 -1.069656 0.523599 -0.998346 0.523599 -0.998346 0.628319 -1.069656 0.628319 -0.855725 0.523599 -0.998346 0.628319 -0.855725 0.523599 -0.855725 0.523599 -0.855725 0.628319 -0.855725 0.523599 -0.713104 0.523599 -0.855725 0.523599 -0.713104 0.418879 -0.713104 0.418879 -0.713104 0.523599 -0.713104 0.418879 -0.570483 0.418879 -0.713104 0.418879 -0.570483 0.314159 -0.599008 0.314159 -0.599008 0.418879 -0.570483 0.314159 -0.427863 0.314159 -0.427863 0.418879 -0.570483 0.418879 -0.427863 0.314159 -0.427863 0.418879 -0.427863 0.418879 -0.285242 0.418879 -0.285242 0.418879 -0.427863 0.523599 -0.427863 0.418879 -0.285242 0.523599 -0.427863 0.523599 -0.285242 0.523599 -0.285242 0.523599 -0.427863 0.628319 -0.427863 0.523599 -0.285242 0.628319 -0.427863 0.628319 -0.213931 0.628319 -0.855725 0.628319 -0.641794 0.523599 -0.713104 0.523599 -0.713104 0.628319 -0.641794 0.523599 -0.570483 0.523599 -0.713104 0.523599 -0.570483 0.418879 -0.570483 0.418879 -0.570483 0.523599 -0.570483 0.418879 -0.427863 0.628319 -0.641794 0.628319 -0.427863 0.523599 -0.570483 0.523599 -0.570483 0.628319 -0.427863 0.523599 -0.427863 0.523599 -0.570483 0.523599 -0.427863 0.418879 -0.427863 0.523599 -0.285242 0.628319 -0.213931 0.523599 -0.142621 0.523599 -0.142621 0.628319 -0.213931 0.628319 0 0.523599 -0.142621 0.628319 0 0.523599 0 0.523599 0 0.628319 0 0.523599 0.142621 0.523599 0 0.523599 0.142621 0.418879 0.142621 0.418879 0.142621 0.523599 0.142621 0.418879 0.285242 0.418879 0.142621 0.418879 0.285242 0.314159 0.256718 0.314159 0.256718 0.418879 0.285242 0.314159 0.427863 0.314159 0.427863 0.418879 0.285242 0.418879 0.427863 0.314159 0.427863 0.418879 0.427863 0.418879 0.570483 0.418879 0.570483 0.418879 0.427863 0.523599 0.427863 0.418879 0.570483 0.523599 0.427863 0.523599 0.570483 0.523599 0.570483 0.523599 0.427863 0.628319 0.427863 0.523599 0.570483 0.628319 0.427863 0.628319 0.641794 0.628319 0 0.628319 0.213931 0.523599 0.142621 0.523599 0.142621 0.628319 0.213931 0.523599 0.285242 0.523599 0.142621 0.523599 0.285242 0.418879 0.285242 0.418879 0.285242 0.523599 0.285242 0.418879 0.427863 0.628319 0.213931 0.628319 0.427863 0.523599 0.285242 0.523599 0.285242 0.628319 0.427863 0.523599 0.427863 0.523599 0.285242 0.523599 0.427863 0.418879 0.427863 0.523599 0.570483 0.628319 0.641794 0.523599 0.713104 0.523599 0.713104 0.628319 0.641794 0.628319 0.855725 0.523599 0.713104 0.628319 0.855725 0.523599 0.855725 0.523599 0.855725 0.628319 0.855725 0.523599 0.998346 0.523599 0.855725 0.523599 0.998346 0.418879 0.998346 0.418879 0.998346 0.523599 0.998346 0.418879 1.140967 0.418879 0.998346 0.418879 1.140967 0.314159 1.112443 0.628319 0.855725 0.628319 1.069656 0.523599 0.998346 0.523599 0.998346 0.628319 1.069656 0.523599 1.140967 0.523599 0.998346 0.523599 1.140967 0.418879 1.140967 0.628319 1.069656 0.628319 1.283588 0.523599 1.140967 0.314159 1.112443 0.314159 0.941298 0.418879 0.998346 0.418879 0.998346 0.314159 0.941298 0.418879 0.855725 0.418879 0.998346 0.418879 0.855725 0.523599 0.855725 0.523599 0.855725 0.418879 0.855725 0.523599 0.713104 0.314159 0.941298 0.314159 0.770153 0.418879 0.855725 0.418879 0.855725 0.314159 0.770153 0.418879 0.713104 0.418879 0.855725 0.418879 0.713104 0.523599 0.713104 0.523599 0.713104 0.418879 0.713104 0.523599 0.570483 0.314159 0.770153 0.314159 0.599008 0.418879 0.713104 0.418879 0.713104 0.314159 0.599008 0.418879 0.570483 0.418879 0.713104 0.418879 0.570483 0.523599 0.570483 0.314159 0.599008 0.314159 0.427863 0.418879 0.570483 0.314159 0.256718 0.314159 0.08557295 0.418879 0.142621 0.418879 0.142621 0.314159 0.08557295 0.418879 0 0.418879 0.142621 0.418879 0 0.523599 0 0.523599 0 0.418879 0 0.523599 -0.142621 0.314159 0.08557295 0.314159 -0.08557295 0.418879 0 0.418879 0 0.314159 -0.08557295 0.418879 -0.142621 0.418879 0 0.418879 -0.142621 0.523599 -0.142621 0.523599 -0.142621 0.418879 -0.142621 0.523599 -0.285242 0.314159 -0.08557295 0.314159 -0.256718 0.418879 -0.142621 0.418879 -0.142621 0.314159 -0.256718 0.418879 -0.285242 0.418879 -0.142621 0.418879 -0.285242 0.523599 -0.285242 0.314159 -0.256718 0.314159 -0.427863 0.418879 -0.285242 0.314159 -0.599008 0.314159 -0.770153 0.418879 -0.713104 0.418879 -0.713104 0.314159 -0.770153 0.418879 -0.855725 0.418879 -0.713104 0.418879 -0.855725 0.523599 -0.855725 0.523599 -0.855725 0.418879 -0.855725 0.523599 -0.998346 0.314159 -0.770153 0.314159 -0.941298 0.418879 -0.855725 0.418879 -0.855725 0.314159 -0.941298 0.418879 -0.998346 0.418879 -0.855725 0.418879 -0.998346 0.523599 -0.998346 0.523599 -0.998346 0.418879 -0.998346 0.523599 -1.140967 0.314159 -0.941298 0.314159 -1.112443 0.418879 -0.998346 0.418879 -0.998346 0.314159 -1.112443 0.418879 -1.140967 0.418879 -0.998346 0.418879 -1.140967 0.523599 -1.140967 0.523599 -1.140967 0.418879 -1.140967 0.523599 -1.283588 0.314159 -1.112443 0.314159 -1.283588 0.418879 -1.140967 0.418879 -1.140967 0.314159 -1.283588 0.418879 -1.283588 0.418879 -1.140967 0.418879 -1.283588 0.523599 -1.283588 0 1.124947 -0.07823896 1.124947 0 0.984329 0 0.984329 -0.07823896 1.124947 -0.03529596 0.914328 0 0.984329 -0.03529596 0.914328 0 0.843711 0 0.843711 -0.03529596 0.914328 -0.03529596 0.703185 0 0.843711 -0.03529596 0.703185 0 0.703092 0 0.703092 -0.03529596 0.703185 -0.03529596 0.589258 0 0.703092 -0.03529596 0.589258 0 0.562474 0 0.562474 -0.03529596 0.589258 0 0.421855 0 0.421855 -0.03529596 0.589258 -0.03529596 0.370237 0 0.421855 -0.03529596 0.370237 0 0.281237 0 0.281237 -0.03529596 0.370237 -0.03529596 0.260726 0 0.281237 -0.03529596 0.260726 0 0.140618 0 0.140618 -0.03529596 0.260726 -0.03529596 0.151215 0 0.140618 -0.03529596 0.151215 0 0 0 0 -0.03529596 0.151215 -0.07823896 0 -0.07823896 0 -0.03529596 0.151215 -0.07914596 0.151215 -0.07823896 0 -0.07914596 0.151215 -0.122995 0.151215 -0.122995 0.151215 -0.07914596 0.151215 -0.122995 0.260726 -0.122995 0.151215 -0.122995 0.260726 -0.155083 0.260726 -0.155083 0.260726 -0.122995 0.260726 -0.155083 0.370237 -0.155083 0.260726 -0.155083 0.370237 -0.194946 0.370237 -0.194946 0.370237 -0.155083 0.370237 -0.194946 0.589258 -0.194946 0.370237 -0.194946 0.589258 -0.234809 0.48213 -0.234809 0.48213 -0.194946 0.589258 -0.234809 0.642829 -0.234809 0.642829 -0.194946 0.589258 -0.194946 0.703604 -0.234809 0.642829 -0.194946 0.703604 -0.234809 0.803518 -0.234809 0.803518 -0.194946 0.703604 -0.194946 0.914328 -0.234809 0.803518 -0.194946 0.914328 -0.234809 0.964227 -0.234809 0.964227 -0.194946 0.914328 -0.234809 1.124947 -0.234809 1.124947 -0.194946 0.914328 -0.156629 1.124947 -0.156629 1.124947 -0.194946 0.914328 -0.155083 0.914328 -0.156629 1.124947 -0.155083 0.914328 -0.122995 0.914328 -0.122995 0.914328 -0.155083 0.914328 -0.122995 0.703415 -0.122995 0.914328 -0.122995 0.703415 -0.07914596 0.7033 -0.07914596 0.7033 -0.122995 0.703415 -0.122995 0.589258 -0.07914596 0.7033 -0.122995 0.589258 -0.07914596 0.589258 -0.07914596 0.589258 -0.122995 0.589258 -0.07914596 0.370237 -0.07914596 0.589258 -0.07914596 0.370237 -0.03529596 0.370237 -0.03529596 0.370237 -0.07914596 0.370237 -0.03529596 0.260726 -0.156629 1.124947 -0.122995 0.914328 -0.07823896 1.124947 -0.07823896 1.124947 -0.122995 0.914328 -0.07914596 0.914328 -0.07823896 1.124947 -0.07914596 0.914328 -0.03529596 0.914328 -0.03529596 0.914328 -0.07914596 0.914328 -0.03529596 0.703185 -0.234809 0.48213 -0.234809 0.321426 -0.194946 0.370237 -0.194946 0.370237 -0.234809 0.321426 -0.194946 0.260726 -0.194946 0.370237 -0.194946 0.260726 -0.155083 0.260726 -0.155083 0.260726 -0.194946 0.260726 -0.155083 0.151215 -0.155083 0.260726 -0.155083 0.151215 -0.122995 0.151215 -0.122995 0.151215 -0.155083 0.151215 -0.156629 0 -0.122995 0.151215 -0.156629 0 -0.07823896 0 -0.234809 0.321426 -0.234809 0.160715 -0.194946 0.260726 -0.194946 0.260726 -0.234809 0.160715 -0.194946 0.151215 -0.194946 0.260726 -0.194946 0.151215 -0.155083 0.151215 -0.155083 0.151215 -0.194946 0.151215 -0.156629 0 -0.234809 0.160715 -0.234809 0 -0.194946 0.151215 -0.194946 0.151215 -0.234809 0 -0.156629 0 -0.155083 0.914328 -0.194946 0.914328 -0.155083 0.7035 -0.155083 0.7035 -0.194946 0.914328 -0.194946 0.703604 -0.155083 0.7035 -0.194946 0.703604 -0.194946 0.589258 -0.03529596 0.703185 -0.07914596 0.914328 -0.07914596 0.7033 -0.07914596 0.7033 -0.07914596 0.914328 -0.122995 0.914328 -0.155083 0.914328 -0.155083 0.7035 -0.122995 0.703415 -0.122995 0.703415 -0.155083 0.7035 -0.155083 0.589258 -0.122995 0.703415 -0.155083 0.589258 -0.122995 0.589258 -0.122995 0.589258 -0.155083 0.589258 -0.122995 0.370237 -0.122995 0.589258 -0.122995 0.370237 -0.07914596 0.370237 -0.07914596 0.370237 -0.122995 0.370237 -0.07914596 0.260726 -0.07914596 0.370237 -0.07914596 0.260726 -0.03529596 0.260726 -0.03529596 0.260726 -0.07914596 0.260726 -0.03529596 0.151215 -0.155083 0.589258 -0.155083 0.7035 -0.194946 0.589258 -0.03529596 0.589258 -0.03529596 0.703185 -0.07914596 0.589258 -0.07914596 0.589258 -0.03529596 0.703185 -0.07914596 0.7033 -0.122995 0.370237 -0.155083 0.589258 -0.155083 0.370237 -0.155083 0.370237 -0.155083 0.589258 -0.194946 0.589258 -0.03529596 0.370237 -0.03529596 0.589258 -0.07914596 0.589258 -0.07914596 0.260726 -0.122995 0.370237 -0.122995 0.260726 -0.122995 0.260726 -0.122995 0.370237 -0.155083 0.370237 -0.03529596 0.151215 -0.07914596 0.260726 -0.07914596 0.151215 -0.07914596 0.151215 -0.07914596 0.260726 -0.122995 0.260726 0 -0.285626 0 0 -0.035034 -0.571253 -0.035034 -0.571253 0 0 -0.07827395 0 -0.035034 -0.571253 -0.07827395 0 -0.07903999 -0.571253 -0.07903999 -0.571253 -0.07827395 0 -0.123046 -0.571253 -0.07903999 -0.571253 -0.123046 -0.571253 -0.07903999 -1.144478 -0.07903999 -1.144478 -0.123046 -0.571253 -0.123046 -1.144478 -0.07903999 -1.144478 -0.123046 -1.144478 -0.07827395 -2.143938 -0.07827395 -2.143938 -0.123046 -1.144478 -0.156688 -2.143938 -0.156688 -2.143938 -0.123046 -1.144478 -0.154895 -1.144478 -0.156688 -2.143938 -0.154895 -1.144478 -0.194901 -1.144478 -0.194901 -1.144478 -0.154895 -1.144478 -0.194901 -0.571253 -0.194901 -1.144478 -0.194901 -0.571253 -0.234907 -0.571253 -0.234907 -0.571253 -0.194901 -0.571253 -0.234907 -0.285626 -0.234907 -0.285626 -0.194901 -0.571253 -0.234907 0 -0.234907 0 -0.194901 -0.571253 -0.156688 0 -0.156688 0 -0.194901 -0.571253 -0.154895 -0.571253 -0.156688 0 -0.154895 -0.571253 -0.123046 -0.571253 -0.123046 -0.571253 -0.154895 -0.571253 -0.123046 -1.144478 -0.07827395 0 -0.156688 0 -0.123046 -0.571253 -0.234907 -0.571253 -0.234907 -1.357596 -0.194901 -1.144478 -0.194901 -1.144478 -0.234907 -1.357596 -0.234907 -2.143938 -0.194901 -1.144478 -0.234907 -2.143938 -0.156688 -2.143938 -0.07903999 -1.144478 -0.07827395 -2.143938 -0.035034 -1.144478 -0.035034 -1.144478 -0.07827395 -2.143938 0 -2.143938 -0.035034 -1.144478 0 -2.143938 0 -1.357596 0 -1.357596 0 -0.571253 -0.035034 -1.144478 -0.035034 -1.144478 0 -0.571253 -0.035034 -0.571253 -0.035034 -1.144478 -0.035034 -0.571253 -0.07903999 -0.571253 0 -0.571253 0 -0.285626 -0.035034 -0.571253 -0.123046 -1.144478 -0.154895 -0.571253 -0.154895 -1.144478 -0.154895 -1.144478 -0.154895 -0.571253 -0.194901 -0.571253 -0.035034 -1.144478 -0.07903999 -0.571253 -0.07903999 -1.144478 0 0.272858 0 0.363811 -0.03534096 0.29577 -0.03534096 0.29577 0 0.363811 -0.07824498 0.363811 -0.03534096 0.29577 -0.07824498 0.363811 -0.07917195 0.29577 -0.07917195 0.29577 -0.07824498 0.363811 -0.123004 0.29577 -0.07917195 0.29577 -0.123004 0.29577 -0.07917195 0.227729 -0.07917195 0.227729 -0.123004 0.29577 -0.123004 0.227729 -0.07917195 0.227729 -0.123004 0.227729 -0.07917195 0.173243 -0.07917195 0.173243 -0.123004 0.227729 -0.123004 0.173243 -0.07917195 0.173243 -0.123004 0.173243 -0.07917195 0.04953294 -0.07917195 0.04953294 -0.123004 0.173243 -0.123004 0.04953294 -0.07917195 0.04953294 -0.123004 0.04953294 -0.07824498 0 -0.07824498 0 -0.123004 0.04953294 -0.1566399 0 -0.1566399 0 -0.123004 0.04953294 -0.1551319 0.04953294 -0.1566399 0 -0.1551319 0.04953294 -0.194979 0.04953294 -0.194979 0.04953294 -0.1551319 0.04953294 -0.194979 0.173243 -0.194979 0.04953294 -0.194979 0.173243 -0.234825 0.09096097 -0.234825 0.09096097 -0.194979 0.173243 -0.234825 0.181905 -0.234825 0.181905 -0.194979 0.173243 -0.194979 0.227729 -0.234825 0.181905 -0.194979 0.227729 -0.234825 0.272852 -0.234825 0.272852 -0.194979 0.227729 -0.194979 0.29577 -0.234825 0.272852 -0.194979 0.29577 -0.234825 0.363811 -0.234825 0.363811 -0.194979 0.29577 -0.1566399 0.363811 -0.1566399 0.363811 -0.194979 0.29577 -0.1551319 0.29577 -0.1566399 0.363811 -0.1551319 0.29577 -0.123004 0.29577 -0.123004 0.29577 -0.1551319 0.29577 -0.123004 0.227729 -0.07824498 0.363811 -0.1566399 0.363811 -0.123004 0.29577 -0.234825 0.09096097 -0.234825 0 -0.194979 0.04953294 -0.194979 0.04953294 -0.234825 0 -0.1566399 0 -0.07917195 0.04953294 -0.07824498 0 -0.03534096 0.04953294 -0.03534096 0.04953294 -0.07824498 0 0 0 -0.03534096 0.04953294 0 0 0 0.09095299 -0.03534096 0.04953294 0 0.09095299 -0.03534096 0.173243 -0.03534096 0.173243 0 0.09095299 0 0.181906 -0.03534096 0.173243 0 0.181906 -0.03534096 0.227729 -0.03534096 0.227729 0 0.181906 0 0.272858 -0.03534096 0.227729 0 0.272858 -0.03534096 0.29577 -0.1551319 0.29577 -0.194979 0.29577 -0.1551319 0.227729 -0.1551319 0.227729 -0.194979 0.29577 -0.194979 0.227729 -0.1551319 0.227729 -0.194979 0.227729 -0.1551319 0.173243 -0.1551319 0.173243 -0.194979 0.227729 -0.194979 0.173243 -0.1551319 0.173243 -0.194979 0.173243 -0.1551319 0.04953294 -0.03534096 0.227729 -0.03534096 0.29577 -0.07917195 0.29577 -0.03534096 0.227729 -0.07917195 0.29577 -0.07917195 0.227729 -0.123004 0.173243 -0.123004 0.227729 -0.1551319 0.227729 -0.1551319 0.227729 -0.123004 0.227729 -0.1551319 0.29577 -0.123004 0.173243 -0.1551319 0.227729 -0.1551319 0.173243 -0.03534096 0.173243 -0.03534096 0.227729 -0.07917195 0.227729 -0.03534096 0.173243 -0.07917195 0.227729 -0.07917195 0.173243 -0.123004 0.04953294 -0.123004 0.173243 -0.1551319 0.173243 -0.123004 0.04953294 -0.1551319 0.173243 -0.1551319 0.04953294 -0.03534096 0.04953294 -0.03534096 0.173243 -0.07917195 0.173243 -0.03534096 0.04953294 -0.07917195 0.173243 -0.07917195 0.04953294 -1.003605 0.11781 -1.267273 0.11781 -1.003605 0.03926998 -1.003605 0.03926998 -1.267273 0.11781 -1.267273 0.03926998 -1.003605 0.03926998 -1.267273 0.03926998 -1.003605 -0.03926998 -1.003605 -0.03926998 -1.267273 0.03926998 -1.267273 -0.03926998 -1.003605 -0.03926998 -1.267273 -0.03926998 -1.003605 -0.11781 -1.003605 -0.11781 -1.267273 -0.03926998 -1.267273 -0.11781 0.235619 -1.708819 0.314159 -1.708819 0.235619 -1.51895 0.235619 -1.51895 0.314159 -1.708819 0.314159 -1.51895 0.235619 -1.51895 0.314159 -1.51895 0.235619 -1.329081 0.235619 -1.329081 0.314159 -1.51895 0.314159 -1.329081 0.235619 -1.329081 0.314159 -1.329081 0.235619 -1.139213 0.235619 -1.139213 0.314159 -1.329081 0.314159 -1.139213 0.235619 -1.139213 0.314159 -1.139213 0.235619 -0.949344 0.235619 -0.949344 0.314159 -1.139213 0.314159 -0.949344 0.235619 -0.949344 0.314159 -0.949344 0.235619 -0.759475 0.235619 -0.759475 0.314159 -0.949344 0.314159 -0.759475 0.235619 -0.759475 0.314159 -0.759475 0.235619 -0.569606 0.235619 -0.569606 0.314159 -0.759475 0.314159 -0.569606 0.235619 -0.569606 0.314159 -0.569606 0.235619 -0.379738 0.235619 -0.379738 0.314159 -0.569606 0.314159 -0.379738 0.235619 -0.379738 0.314159 -0.379738 0.235619 -0.189869 0.235619 -0.189869 0.314159 -0.379738 0.314159 -0.189869 0.235619 -0.189869 0.314159 -0.189869 0.235619 0 0.235619 0 0.314159 -0.189869 0.314159 0 0.314159 0 0.314159 -0.189869 0.392699 -0.189869 0.314159 0 0.392699 -0.189869 0.392699 0 0.392699 0 0.392699 -0.189869 0.471239 0 0.471239 0 0.392699 -0.189869 0.471239 -0.213602 0.471239 -0.213602 0.392699 -0.189869 0.392699 -0.379738 0.471239 -0.213602 0.392699 -0.379738 0.471239 -0.427205 0.471239 -0.427205 0.392699 -0.379738 0.392699 -0.569606 0.471239 -0.427205 0.392699 -0.569606 0.471239 -0.640807 0.471239 -0.640807 0.392699 -0.569606 0.392699 -0.759475 0.471239 -0.640807 0.392699 -0.759475 0.471239 -0.85441 0.471239 -0.85441 0.392699 -0.759475 0.392699 -0.949344 0.471239 -0.85441 0.392699 -0.949344 0.471239 -1.068012 0.471239 -1.068012 0.392699 -0.949344 0.392699 -1.139213 0.471239 -1.068012 0.392699 -1.139213 0.471239 -1.281614 0.471239 -1.281614 0.392699 -1.139213 0.392699 -1.329081 0.471239 -1.281614 0.392699 -1.329081 0.471239 -1.495217 0.471239 -1.495217 0.392699 -1.329081 0.392699 -1.51895 0.471239 -1.495217 0.392699 -1.51895 0.471239 -1.708819 0.471239 -1.708819 0.392699 -1.51895 0.392699 -1.708819 0.392699 -1.708819 0.392699 -1.51895 0.314159 -1.51895 0.392699 -1.708819 0.314159 -1.51895 0.314159 -1.708819 0.314159 -1.329081 0.314159 -1.51895 0.392699 -1.51895 0.314159 -1.139213 0.314159 -1.329081 0.392699 -1.329081 0.392699 -1.329081 0.314159 -1.329081 0.392699 -1.51895 0.314159 -0.949344 0.314159 -1.139213 0.392699 -1.139213 0.392699 -1.139213 0.314159 -1.139213 0.392699 -1.329081 0.314159 -0.759475 0.314159 -0.949344 0.392699 -0.949344 0.392699 -0.949344 0.314159 -0.949344 0.392699 -1.139213 0.314159 -0.569606 0.314159 -0.759475 0.392699 -0.759475 0.392699 -0.759475 0.314159 -0.759475 0.392699 -0.949344 0.314159 -0.379738 0.314159 -0.569606 0.392699 -0.569606 0.392699 -0.569606 0.314159 -0.569606 0.392699 -0.759475 0.314159 -0.189869 0.314159 -0.379738 0.392699 -0.379738 0.392699 -0.379738 0.314159 -0.379738 0.392699 -0.569606 0.392699 -0.189869 0.314159 -0.189869 0.392699 -0.379738 0.755142 0.11781 0.703605 0.11781 0.755142 0.03926998 0.755142 0.03926998 0.703605 0.11781 0.703605 0.03926998 0.755142 0.03926998 0.703605 0.03926998 0.755142 -0.03926998 0.755142 -0.03926998 0.703605 0.03926998 0.703605 -0.03926998 0.755142 -0.03926998 0.703605 -0.03926998 0.755142 -0.11781 0.755142 -0.11781 0.703605 -0.03926998 0.703605 -0.11781 0 0.322854 0 0.430471 -0.03544795 0.349373 -0.03544795 0.349373 0 0.430471 -0.07822597 0.430471 -0.03544795 0.349373 -0.07822597 0.430471 -0.07921099 0.349373 -0.07921099 0.349373 -0.07822597 0.430471 -0.122974 0.349373 -0.07921099 0.349373 -0.122974 0.349373 -0.07921099 0.268275 -0.07921099 0.268275 -0.122974 0.349373 -0.122974 0.268275 -0.07921099 0.268275 -0.122974 0.268275 -0.07921099 0.204986 -0.07921099 0.204986 -0.122974 0.268275 -0.122974 0.204986 -0.07921099 0.204986 -0.122974 0.204986 -0.07921099 0.131261 -0.07921099 0.131261 -0.122974 0.204986 -0.122974 0.131261 -0.07921099 0.131261 -0.122974 0.131261 -0.07921099 0.05753499 -0.07921099 0.05753499 -0.122974 0.131261 -0.122974 0.05753499 -0.07921099 0.05753499 -0.122974 0.05753499 -0.07822597 0 -0.07822597 0 -0.122974 0.05753499 -0.156602 0 -0.156602 0 -0.122974 0.05753499 -0.1552 0.05753499 -0.156602 0 -0.1552 0.05753499 -0.194985 0.05753499 -0.194985 0.05753499 -0.1552 0.05753499 -0.194985 0.131261 -0.194985 0.05753499 -0.194985 0.131261 -0.234769 0.107399 -0.234769 0.107399 -0.194985 0.131261 -0.234769 0.215257 -0.234769 0.215257 -0.194985 0.131261 -0.194985 0.204986 -0.234769 0.215257 -0.194985 0.204986 -0.194985 0.268275 -0.194985 0.268275 -0.194985 0.204986 -0.1552 0.204986 -0.194985 0.268275 -0.1552 0.204986 -0.1552 0.268275 -0.1552 0.268275 -0.1552 0.204986 -0.122974 0.204986 -0.1552 0.268275 -0.122974 0.204986 -0.122974 0.268275 -0.07822597 0.430471 -0.156602 0.430471 -0.122974 0.349373 -0.122974 0.349373 -0.156602 0.430471 -0.1552 0.349373 -0.122974 0.349373 -0.1552 0.349373 -0.122974 0.268275 -0.122974 0.268275 -0.1552 0.349373 -0.1552 0.268275 -0.1552 0.349373 -0.156602 0.430471 -0.194985 0.349373 -0.194985 0.349373 -0.156602 0.430471 -0.234769 0.430471 -0.194985 0.349373 -0.234769 0.430471 -0.234769 0.322817 -0.194985 0.349373 -0.234769 0.322817 -0.194985 0.268275 -0.194985 0.268275 -0.234769 0.322817 -0.234769 0.215257 -0.234769 0.107399 -0.234769 0 -0.194985 0.05753499 -0.194985 0.05753499 -0.234769 0 -0.156602 0 -0.07921099 0.05753499 -0.07822597 0 -0.03544795 0.05753499 -0.03544795 0.05753499 -0.07822597 0 0 0 -0.03544795 0.05753499 0 0 0 0.107618 -0.03544795 0.05753499 0 0.107618 -0.03544795 0.131261 -0.03544795 0.131261 0 0.107618 0 0.215236 -0.03544795 0.131261 0 0.215236 -0.03544795 0.204986 -0.03544795 0.204986 0 0.215236 -0.03544795 0.268275 -0.03544795 0.204986 -0.03544795 0.268275 -0.07921099 0.268275 -0.07921099 0.268275 -0.03544795 0.268275 -0.07921099 0.349373 0 0.215236 0 0.322854 -0.03544795 0.268275 -0.03544795 0.268275 0 0.322854 -0.03544795 0.349373 -0.03544795 0.268275 -0.03544795 0.349373 -0.07921099 0.349373 -0.1552 0.268275 -0.1552 0.349373 -0.194985 0.349373 -0.194985 0.268275 -0.1552 0.268275 -0.194985 0.349373 -0.03544795 0.204986 -0.07921099 0.268275 -0.07921099 0.204986 -0.122974 0.131261 -0.122974 0.204986 -0.1552 0.204986 -0.1552 0.204986 -0.194985 0.204986 -0.1552 0.131261 -0.1552 0.131261 -0.194985 0.204986 -0.194985 0.131261 -0.1552 0.131261 -0.194985 0.131261 -0.1552 0.05753499 -0.03544795 0.131261 -0.03544795 0.204986 -0.07921099 0.204986 -0.03544795 0.131261 -0.07921099 0.204986 -0.07921099 0.131261 -0.1552 0.05753499 -0.122974 0.05753499 -0.1552 0.131261 -0.1552 0.131261 -0.122974 0.05753499 -0.122974 0.131261 -0.1552 0.131261 -0.122974 0.131261 -0.1552 0.204986 -0.03544795 0.131261 -0.07921099 0.131261 -0.03544795 0.05753499 -0.03544795 0.05753499 -0.07921099 0.131261 -0.07921099 0.05753499 0 -0.753354 0 0 -0.03503197 -0.753353 -0.03503197 -0.753353 0 0 -0.07827496 0 -0.03503197 -0.753353 -0.07827496 0 -0.07903897 -0.753352 -0.07903897 -0.753352 -0.07827496 0 -0.123046 -0.753351 -0.07903897 -0.753352 -0.123046 -0.753351 -0.123046 -1.484705 -0.123046 -1.484705 -0.123046 -0.753351 -0.1548939 -1.484705 -0.123046 -1.484705 -0.1548939 -1.484705 -0.123046 -2.216062 -0.123046 -2.216062 -0.1548939 -1.484705 -0.1548939 -2.216062 -0.123046 -2.216062 -0.1548939 -2.216062 -0.123046 -2.947419 -0.123046 -2.947419 -0.1548939 -2.216062 -0.1548939 -2.947419 -0.123046 -2.947419 -0.1548939 -2.947419 -0.123046 -3.678777 -0.123046 -3.678777 -0.1548939 -2.947419 -0.1548939 -3.678777 -0.123046 -3.678777 -0.1548939 -3.678777 -0.1548939 -4.477082 -0.1548939 -4.477082 -0.1548939 -3.678777 -0.1949 -4.477082 -0.1548939 -4.477082 -0.1949 -4.477082 -0.1949 -5.275388 -0.1949 -5.275388 -0.1949 -4.477082 -0.234907 -5.275387 -0.1949 -5.275388 -0.234907 -5.275387 -0.1949 -6.331145 -0.1949 -6.331145 -0.234907 -5.275387 -0.234907 -7.386902 -0.1949 -6.331145 -0.234907 -7.386902 -0.156687 -7.386902 -0.07827496 0 -0.156687 0 -0.123046 -0.753351 -0.123046 -0.753351 -0.156687 0 -0.1548939 -0.75335 -0.123046 -0.753351 -0.1548939 -0.75335 -0.1548939 -1.484705 -0.1548939 -1.484705 -0.1548939 -0.75335 -0.1949 -1.484705 -0.1548939 -1.484705 -0.1949 -1.484705 -0.1548939 -2.216062 -0.1548939 -2.216062 -0.1949 -1.484705 -0.1949 -2.216062 -0.1548939 -2.216062 -0.1949 -2.216062 -0.1548939 -2.947419 -0.1548939 -2.947419 -0.1949 -2.216062 -0.1949 -2.947419 -0.1548939 -2.947419 -0.1949 -2.947419 -0.1548939 -3.678777 -0.1548939 -3.678777 -0.1949 -2.947419 -0.1949 -3.678777 -0.1548939 -3.678777 -0.1949 -3.678777 -0.1949 -4.477082 -0.1949 -4.477082 -0.1949 -3.678777 -0.234907 -3.678777 -0.1949 -4.477082 -0.234907 -3.678777 -0.234907 -5.275387 -0.1548939 -0.75335 -0.156687 0 -0.1949 -0.753349 -0.1949 -0.753349 -0.156687 0 -0.234907 0 -0.1949 -0.753349 -0.234907 0 -0.234907 -0.753347 -0.1949 -0.753349 -0.234907 -0.753347 -0.1949 -1.484705 -0.1949 -1.484705 -0.234907 -0.753347 -0.234907 -2.216062 -0.1949 -1.484705 -0.234907 -2.216062 -0.1949 -2.216062 -0.1949 -2.216062 -0.234907 -2.216062 -0.1949 -2.947419 -0.234907 -2.216062 -0.234907 -3.678777 -0.1949 -2.947419 -0.1949 -2.947419 -0.234907 -3.678777 -0.1949 -3.678777 -0.07827496 -7.386902 -0.123046 -6.331145 -0.156687 -7.386902 -0.156687 -7.386902 -0.123046 -6.331145 -0.1548939 -6.331145 -0.156687 -7.386902 -0.1548939 -6.331145 -0.1949 -6.331145 -0.1949 -6.331145 -0.1548939 -6.331145 -0.1548939 -5.275389 -0.1949 -6.331145 -0.1548939 -5.275389 -0.1949 -5.275388 -0.1949 -5.275388 -0.1548939 -5.275389 -0.1548939 -4.477082 0 -7.386902 -0.03503197 -6.331145 -0.07827496 -7.386902 -0.07827496 -7.386902 -0.03503197 -6.331145 -0.07903897 -6.331145 -0.07827496 -7.386902 -0.07903897 -6.331145 -0.123046 -6.331145 -0.123046 -6.331145 -0.07903897 -6.331145 -0.07903897 -5.275391 -0.123046 -6.331145 -0.07903897 -5.275391 -0.123046 -5.27539 -0.123046 -5.27539 -0.07903897 -5.275391 -0.07903897 -4.477082 -0.123046 -5.27539 -0.07903897 -4.477082 -0.123046 -4.477082 -0.123046 -4.477082 -0.07903897 -4.477082 -0.07903897 -3.678777 -0.123046 -4.477082 -0.07903897 -3.678777 -0.123046 -3.678777 -0.123046 -3.678777 -0.07903897 -3.678777 -0.123046 -2.947419 0 -7.386902 0 -5.275393 -0.03503197 -6.331145 -0.03503197 -6.331145 0 -5.275393 -0.03503197 -5.275392 -0.03503197 -6.331145 -0.03503197 -5.275392 -0.07903897 -6.331145 -0.07903897 -6.331145 -0.03503197 -5.275392 -0.07903897 -5.275391 -0.03503197 -5.275392 0 -5.275393 -0.03503197 -4.477082 -0.03503197 -4.477082 0 -5.275393 0 -3.678777 -0.03503197 -4.477082 0 -3.678777 -0.03503197 -3.678777 -0.03503197 -3.678777 0 -3.678777 0 -2.959252 -0.03503197 -3.678777 0 -2.959252 -0.03503197 -2.947419 -0.03503197 -2.947419 0 -2.959252 -0.03503197 -2.216062 -0.03503197 -2.947419 -0.03503197 -2.216062 -0.07903897 -2.216062 -0.07903897 -2.216062 -0.03503197 -2.216062 -0.07903897 -1.484705 -0.07903897 -2.216062 -0.07903897 -1.484705 -0.123046 -1.484705 -0.123046 -1.484705 -0.07903897 -1.484705 -0.07903897 -0.753352 0 -2.959252 0 -0.753354 -0.03503197 -2.216062 -0.03503197 -2.216062 0 -0.753354 -0.03503197 -1.484705 -0.03503197 -2.216062 -0.03503197 -1.484705 -0.07903897 -1.484705 -0.07903897 -1.484705 -0.03503197 -1.484705 -0.03503197 -0.753353 -0.07903897 -1.484705 -0.03503197 -0.753353 -0.07903897 -0.753352 -0.03503197 -1.484705 0 -0.753354 -0.03503197 -0.753353 -0.1949 -1.484705 -0.1548939 -0.75335 -0.1949 -0.753349 -0.07903897 -2.216062 -0.123046 -1.484705 -0.123046 -2.216062 -0.07903897 -2.216062 -0.123046 -2.216062 -0.07903897 -2.947419 -0.07903897 -2.947419 -0.123046 -2.216062 -0.123046 -2.947419 -0.07903897 -2.947419 -0.123046 -2.947419 -0.07903897 -3.678777 -0.03503197 -3.678777 -0.03503197 -2.947419 -0.07903897 -2.947419 -0.07903897 -2.947419 -0.03503197 -2.947419 -0.07903897 -2.216062 -0.03503197 -3.678777 -0.07903897 -2.947419 -0.07903897 -3.678777 -0.123046 -3.678777 -0.1548939 -4.477082 -0.123046 -4.477082 -0.123046 -4.477082 -0.1548939 -4.477082 -0.1548939 -5.275389 -0.123046 -4.477082 -0.1548939 -5.275389 -0.123046 -5.27539 -0.123046 -5.27539 -0.1548939 -5.275389 -0.1548939 -6.331145 -0.123046 -5.27539 -0.1548939 -6.331145 -0.123046 -6.331145 -0.03503197 -3.678777 -0.07903897 -3.678777 -0.07903897 -4.477082 -0.03503197 -3.678777 -0.07903897 -4.477082 -0.03503197 -4.477082 -0.03503197 -4.477082 -0.07903897 -4.477082 -0.07903897 -5.275391 -0.03503197 -4.477082 -0.07903897 -5.275391 -0.03503197 -5.275392 0 0.302186 0 0.402915 -0.03540098 0.327246 -0.03540098 0.327246 0 0.402915 -0.07823497 0.402915 -0.03540098 0.327246 -0.07823497 0.402915 -0.079194 0.327246 -0.079194 0.327246 -0.07823497 0.402915 -0.122988 0.327246 -0.079194 0.327246 -0.122988 0.327246 -0.079194 0.251577 -0.079194 0.251577 -0.122988 0.327246 -0.122988 0.251577 -0.079194 0.251577 -0.122988 0.251577 -0.079194 0.191864 -0.079194 0.191864 -0.122988 0.251577 -0.122988 0.191864 -0.079194 0.191864 -0.122988 0.191864 -0.079194 0.123074 -0.079194 0.123074 -0.122988 0.191864 -0.122988 0.123074 -0.079194 0.123074 -0.122988 0.123074 -0.079194 0.05428498 -0.079194 0.05428498 -0.122988 0.123074 -0.122988 0.05428498 -0.079194 0.05428498 -0.122988 0.05428498 -0.07823497 0 -0.07823497 0 -0.122988 0.05428498 -0.1566179 0 -0.1566179 0 -0.122988 0.05428498 -0.15517 0.05428498 -0.1566179 0 -0.15517 0.05428498 -0.194983 0.05428498 -0.194983 0.05428498 -0.15517 0.05428498 -0.194983 0.123074 -0.194983 0.05428498 -0.194983 0.123074 -0.234795 0.100735 -0.234795 0.100735 -0.194983 0.123074 -0.234795 0.201451 -0.234795 0.201451 -0.194983 0.123074 -0.194983 0.191864 -0.234795 0.201451 -0.194983 0.191864 -0.194983 0.251577 -0.194983 0.251577 -0.194983 0.191864 -0.15517 0.191864 -0.194983 0.251577 -0.15517 0.191864 -0.15517 0.251577 -0.15517 0.251577 -0.15517 0.191864 -0.122988 0.191864 -0.15517 0.251577 -0.122988 0.191864 -0.122988 0.251577 -0.07823497 0.402915 -0.1566179 0.402915 -0.122988 0.327246 -0.122988 0.327246 -0.1566179 0.402915 -0.15517 0.327246 -0.122988 0.327246 -0.15517 0.327246 -0.122988 0.251577 -0.122988 0.251577 -0.15517 0.327246 -0.15517 0.251577 -0.15517 0.327246 -0.1566179 0.402915 -0.194983 0.327246 -0.194983 0.327246 -0.1566179 0.402915 -0.234795 0.402915 -0.194983 0.327246 -0.234795 0.402915 -0.234795 0.302176 -0.194983 0.327246 -0.234795 0.302176 -0.194983 0.251577 -0.194983 0.251577 -0.234795 0.302176 -0.234795 0.201451 -0.234795 0.100735 -0.234795 0 -0.194983 0.05428498 -0.194983 0.05428498 -0.234795 0 -0.1566179 0 -0.079194 0.05428498 -0.07823497 0 -0.03540098 0.05428498 -0.03540098 0.05428498 -0.07823497 0 0 0 -0.03540098 0.05428498 0 0 0 0.100729 -0.03540098 0.05428498 0 0.100729 -0.03540098 0.123074 -0.03540098 0.123074 0 0.100729 0 0.201457 -0.03540098 0.123074 0 0.201457 -0.03540098 0.191864 -0.03540098 0.191864 0 0.201457 -0.03540098 0.251577 -0.03540098 0.191864 -0.03540098 0.251577 -0.079194 0.251577 -0.079194 0.251577 -0.03540098 0.251577 -0.079194 0.327246 0 0.201457 0 0.302186 -0.03540098 0.251577 -0.03540098 0.251577 0 0.302186 -0.03540098 0.327246 -0.03540098 0.251577 -0.03540098 0.327246 -0.079194 0.327246 -0.15517 0.251577 -0.15517 0.327246 -0.194983 0.327246 -0.194983 0.251577 -0.15517 0.251577 -0.194983 0.327246 -0.03540098 0.191864 -0.079194 0.251577 -0.079194 0.191864 -0.122988 0.123074 -0.122988 0.191864 -0.15517 0.191864 -0.15517 0.191864 -0.194983 0.191864 -0.15517 0.123074 -0.15517 0.123074 -0.194983 0.191864 -0.194983 0.123074 -0.15517 0.123074 -0.194983 0.123074 -0.15517 0.05428498 -0.03540098 0.123074 -0.03540098 0.191864 -0.079194 0.191864 -0.03540098 0.123074 -0.079194 0.191864 -0.079194 0.123074 -0.15517 0.05428498 -0.122988 0.05428498 -0.15517 0.123074 -0.15517 0.123074 -0.122988 0.05428498 -0.122988 0.123074 -0.15517 0.123074 -0.122988 0.123074 -0.15517 0.191864 -0.03540098 0.123074 -0.079194 0.123074 -0.03540098 0.05428498 -0.03540098 0.05428498 -0.079194 0.123074 -0.079194 0.05428498 -0.755736 0.11781 -0.893372 0.11781 -0.755736 0.03926998 -0.755736 0.03926998 -0.893372 0.11781 -0.893372 0.03926998 -0.755736 0.03926998 -0.893372 0.03926998 -0.755736 -0.03926998 -0.755736 -0.03926998 -0.893372 0.03926998 -0.893372 -0.03926998 -0.755736 -0.03926998 -0.893372 -0.03926998 -0.755736 -0.11781 -0.755736 -0.11781 -0.893372 -0.03926998 -0.893372 -0.11781 0.235619 -1.708819 0.314159 -1.708819 0.235619 -1.51895 0.235619 -1.51895 0.314159 -1.708819 0.314159 -1.51895 0.235619 -1.51895 0.314159 -1.51895 0.235619 -1.329081 0.235619 -1.329081 0.314159 -1.51895 0.314159 -1.329081 0.235619 -1.329081 0.314159 -1.329081 0.235619 -1.139213 0.235619 -1.139213 0.314159 -1.329081 0.314159 -1.139213 0.235619 -1.139213 0.314159 -1.139213 0.235619 -0.949344 0.235619 -0.949344 0.314159 -1.139213 0.314159 -0.949344 0.235619 -0.949344 0.314159 -0.949344 0.235619 -0.759475 0.235619 -0.759475 0.314159 -0.949344 0.314159 -0.759475 0.235619 -0.759475 0.314159 -0.759475 0.235619 -0.569606 0.235619 -0.569606 0.314159 -0.759475 0.314159 -0.569606 0.235619 -0.569606 0.314159 -0.569606 0.235619 -0.379738 0.235619 -0.379738 0.314159 -0.569606 0.314159 -0.379738 0.235619 -0.379738 0.314159 -0.379738 0.235619 -0.189869 0.235619 -0.189869 0.314159 -0.379738 0.314159 -0.189869 0.235619 -0.189869 0.314159 -0.189869 0.235619 0 0.235619 0 0.314159 -0.189869 0.314159 0 0.314159 0 0.314159 -0.189869 0.392699 -0.189869 0.314159 0 0.392699 -0.189869 0.392699 0 0.392699 0 0.392699 -0.189869 0.471239 0 0.471239 0 0.392699 -0.189869 0.471239 -0.213602 0.471239 -0.213602 0.392699 -0.189869 0.392699 -0.379738 0.471239 -0.213602 0.392699 -0.379738 0.471239 -0.427205 0.471239 -0.427205 0.392699 -0.379738 0.392699 -0.569606 0.471239 -0.427205 0.392699 -0.569606 0.471239 -0.640807 0.471239 -0.640807 0.392699 -0.569606 0.392699 -0.759475 0.471239 -0.640807 0.392699 -0.759475 0.471239 -0.85441 0.471239 -0.85441 0.392699 -0.759475 0.392699 -0.949344 0.471239 -0.85441 0.392699 -0.949344 0.471239 -1.068012 0.471239 -1.068012 0.392699 -0.949344 0.392699 -1.139213 0.471239 -1.068012 0.392699 -1.139213 0.471239 -1.281614 0.471239 -1.281614 0.392699 -1.139213 0.392699 -1.329081 0.471239 -1.281614 0.392699 -1.329081 0.471239 -1.495217 0.471239 -1.495217 0.392699 -1.329081 0.392699 -1.51895 0.471239 -1.495217 0.392699 -1.51895 0.471239 -1.708819 0.471239 -1.708819 0.392699 -1.51895 0.392699 -1.708819 0.392699 -1.708819 0.392699 -1.51895 0.314159 -1.51895 0.392699 -1.708819 0.314159 -1.51895 0.314159 -1.708819 0.314159 -1.329081 0.314159 -1.51895 0.392699 -1.51895 0.314159 -1.139213 0.314159 -1.329081 0.392699 -1.329081 0.392699 -1.329081 0.314159 -1.329081 0.392699 -1.51895 0.314159 -0.949344 0.314159 -1.139213 0.392699 -1.139213 0.392699 -1.139213 0.314159 -1.139213 0.392699 -1.329081 0.314159 -0.759475 0.314159 -0.949344 0.392699 -0.949344 0.392699 -0.949344 0.314159 -0.949344 0.392699 -1.139213 0.314159 -0.569606 0.314159 -0.759475 0.392699 -0.759475 0.392699 -0.759475 0.314159 -0.759475 0.392699 -0.949344 0.314159 -0.379738 0.314159 -0.569606 0.392699 -0.569606 0.392699 -0.569606 0.314159 -0.569606 0.392699 -0.759475 0.314159 -0.189869 0.314159 -0.379738 0.392699 -0.379738 0.392699 -0.379738 0.314159 -0.379738 0.392699 -0.569606 0.392699 -0.189869 0.314159 -0.189869 0.392699 -0.379738 0.680963 0.11781 0.505736 0.11781 0.680963 0.03926998 0.680963 0.03926998 0.505736 0.11781 0.505736 0.03926998 0.680963 0.03926998 0.505736 0.03926998 0.680963 -0.03926998 0.680963 -0.03926998 0.505736 0.03926998 0.505736 -0.03926998 0.680963 -0.03926998 0.505736 -0.03926998 0.680963 -0.11781 0.680963 -0.11781 0.505736 -0.03926998 0.505736 -0.11781 0 0.293138 0 0.390851 -0.03538095 0.317545 -0.03538095 0.317545 0 0.390851 -0.07823801 0.390851 -0.03538095 0.317545 -0.07823801 0.390851 -0.07918697 0.317545 -0.07918697 0.317545 -0.07823801 0.390851 -0.122993 0.317545 -0.07918697 0.317545 -0.122993 0.317545 -0.07918697 0.244239 -0.07918697 0.244239 -0.122993 0.317545 -0.122993 0.244239 -0.07918697 0.244239 -0.122993 0.244239 -0.07918697 0.186119 -0.07918697 0.186119 -0.122993 0.244239 -0.122993 0.186119 -0.07918697 0.186119 -0.122993 0.186119 -0.07918697 0.119478 -0.07918697 0.119478 -0.122993 0.186119 -0.122993 0.119478 -0.07918697 0.119478 -0.122993 0.119478 -0.07918697 0.052836 -0.07918697 0.052836 -0.122993 0.119478 -0.122993 0.052836 -0.07918697 0.052836 -0.122993 0.052836 -0.07823801 0 -0.07823801 0 -0.122993 0.052836 -0.156625 0 -0.156625 0 -0.122993 0.052836 -0.155158 0.052836 -0.156625 0 -0.155158 0.052836 -0.194981 0.052836 -0.194981 0.052836 -0.155158 0.052836 -0.194981 0.119478 -0.194981 0.052836 -0.194981 0.119478 -0.234805 0.09759896 -0.234805 0.09759896 -0.194981 0.119478 -0.234805 0.195462 -0.234805 0.195462 -0.194981 0.119478 -0.194981 0.186119 -0.234805 0.195462 -0.194981 0.186119 -0.194981 0.244239 -0.194981 0.244239 -0.194981 0.186119 -0.155158 0.186119 -0.194981 0.244239 -0.155158 0.186119 -0.155158 0.244239 -0.155158 0.244239 -0.155158 0.186119 -0.122993 0.186119 -0.155158 0.244239 -0.122993 0.186119 -0.122993 0.244239 -0.07823801 0.390851 -0.156625 0.390851 -0.122993 0.317545 -0.122993 0.317545 -0.156625 0.390851 -0.155158 0.317545 -0.122993 0.317545 -0.155158 0.317545 -0.122993 0.244239 -0.122993 0.244239 -0.155158 0.317545 -0.155158 0.244239 -0.155158 0.317545 -0.156625 0.390851 -0.194981 0.317545 -0.194981 0.317545 -0.156625 0.390851 -0.234805 0.390851 -0.194981 0.317545 -0.234805 0.390851 -0.234805 0.29301 -0.194981 0.317545 -0.234805 0.29301 -0.194981 0.244239 -0.194981 0.244239 -0.234805 0.29301 -0.234805 0.195462 -0.234805 0.09759896 -0.234805 0 -0.194981 0.052836 -0.194981 0.052836 -0.234805 0 -0.156625 0 -0.07918697 0.052836 -0.07823801 0 -0.03538095 0.052836 -0.03538095 0.052836 -0.07823801 0 0 0 -0.03538095 0.052836 0 0 0 0.09771299 -0.03538095 0.052836 0 0.09771299 -0.03538095 0.119478 -0.03538095 0.119478 0 0.09771299 0 0.195425 -0.03538095 0.119478 0 0.195425 -0.03538095 0.186119 -0.03538095 0.186119 0 0.195425 -0.03538095 0.244239 -0.03538095 0.186119 -0.03538095 0.244239 -0.07918697 0.244239 -0.07918697 0.244239 -0.03538095 0.244239 -0.07918697 0.317545 0 0.195425 0 0.293138 -0.03538095 0.244239 -0.03538095 0.244239 0 0.293138 -0.03538095 0.317545 -0.03538095 0.244239 -0.03538095 0.317545 -0.07918697 0.317545 -0.155158 0.244239 -0.155158 0.317545 -0.194981 0.317545 -0.194981 0.244239 -0.155158 0.244239 -0.194981 0.317545 -0.03538095 0.186119 -0.07918697 0.244239 -0.07918697 0.186119 -0.122993 0.119478 -0.122993 0.186119 -0.155158 0.186119 -0.155158 0.186119 -0.194981 0.186119 -0.155158 0.119478 -0.155158 0.119478 -0.194981 0.186119 -0.194981 0.119478 -0.155158 0.119478 -0.194981 0.119478 -0.155158 0.052836 -0.03538095 0.119478 -0.03538095 0.186119 -0.07918697 0.186119 -0.03538095 0.119478 -0.07918697 0.186119 -0.07918697 0.119478 -0.155158 0.052836 -0.122993 0.052836 -0.155158 0.119478 -0.155158 0.119478 -0.122993 0.052836 -0.122993 0.119478 -0.155158 0.119478 -0.122993 0.119478 -0.155158 0.186119 -0.03538095 0.119478 -0.07918697 0.119478 -0.03538095 0.052836 -0.03538095 0.052836 -0.07918697 0.119478 -0.07918697 0.052836 0 -0.860347 0 0 -0.03503197 -0.870722 -0.03503197 -0.870722 0 0 -0.07827496 0 -0.03503197 -0.870722 -0.07827496 0 -0.07903897 -0.870722 -0.07903897 -0.870722 -0.07827496 0 -0.123046 -0.870722 -0.07903897 -0.870722 -0.123046 -0.870722 -0.07903897 -1.466126 -0.07903897 -1.466126 -0.123046 -0.870722 -0.123046 -1.466126 -0.07903897 -1.466126 -0.123046 -1.466126 -0.123046 -2.052209 -0.123046 -2.052209 -0.123046 -1.466126 -0.1548939 -2.052209 -0.123046 -2.052209 -0.1548939 -2.052209 -0.123046 -2.147324 -0.123046 -2.147324 -0.1548939 -2.052209 -0.1548939 -2.147324 -0.123046 -2.147324 -0.1548939 -2.147324 -0.156687 -2.345251 -0.156687 -2.345251 -0.1548939 -2.147324 -0.1949 -2.147324 -0.156687 -2.345251 -0.1949 -2.147324 -0.234907 -2.345251 -0.234907 -2.345251 -0.1949 -2.147324 -0.234907 -1.905688 -0.234907 -1.905688 -0.1949 -2.147324 -0.1949 -2.052209 -0.234907 -1.905688 -0.1949 -2.052209 -0.1949 -1.466125 -0.1949 -1.466125 -0.1949 -2.052209 -0.1548939 -1.466125 -0.1949 -1.466125 -0.1548939 -1.466125 -0.1949 -0.870722 -0.1949 -0.870722 -0.1548939 -1.466125 -0.1548939 -0.870722 -0.1949 -0.870722 -0.1548939 -0.870722 -0.156687 0 -0.156687 0 -0.1548939 -0.870722 -0.123046 -0.870722 -0.156687 0 -0.123046 -0.870722 -0.07827496 0 -0.156687 0 -0.234907 0 -0.1949 -0.870722 -0.1949 -0.870722 -0.234907 0 -0.234907 -0.733062 -0.1949 -0.870722 -0.234907 -0.733062 -0.234907 -1.466124 -0.1949 -0.870722 -0.234907 -1.466124 -0.1949 -1.466125 -0.1949 -1.466125 -0.234907 -1.466124 -0.234907 -1.905688 -0.156687 -2.345251 -0.07827496 -2.345251 -0.123046 -2.147324 -0.123046 -2.147324 -0.07827496 -2.345251 -0.07903897 -2.147324 -0.123046 -2.147324 -0.07903897 -2.147324 -0.123046 -2.052209 -0.123046 -2.052209 -0.07903897 -2.147324 -0.07903897 -2.052209 -0.123046 -2.052209 -0.07903897 -2.052209 -0.07903897 -1.466126 -0.07903897 -1.466126 -0.07903897 -2.052209 -0.03503197 -1.466127 -0.07903897 -1.466126 -0.03503197 -1.466127 -0.07903897 -0.870722 -0.07903897 -0.870722 -0.03503197 -1.466127 -0.03503197 -0.870722 -0.07903897 -2.147324 -0.07827496 -2.345251 -0.03503197 -2.147324 -0.03503197 -2.147324 -0.07827496 -2.345251 0 -2.345251 -0.03503197 -2.147324 0 -2.345251 0 -1.905695 -0.03503197 -2.147324 0 -1.905695 -0.03503197 -2.052209 -0.03503197 -2.052209 0 -1.905695 0 -1.466127 -0.03503197 -2.052209 0 -1.466127 -0.03503197 -1.466127 -0.03503197 -1.466127 0 -1.466127 -0.03503197 -0.870722 0 -1.466127 0 -0.860347 -0.03503197 -0.870722 -0.123046 -1.466126 -0.123046 -0.870722 -0.1548939 -0.870722 -0.123046 -1.466126 -0.1548939 -0.870722 -0.1548939 -1.466125 -0.123046 -1.466126 -0.1548939 -1.466125 -0.1548939 -2.052209 -0.1548939 -2.052209 -0.1548939 -1.466125 -0.1949 -2.052209 -0.1548939 -2.052209 -0.1949 -2.052209 -0.1548939 -2.147324 -0.1548939 -2.147324 -0.1949 -2.052209 -0.1949 -2.147324 -0.03503197 -2.147324 -0.03503197 -2.052209 -0.07903897 -2.052209 -0.07903897 -2.052209 -0.03503197 -2.052209 -0.03503197 -1.466127 -0.03503197 -2.147324 -0.07903897 -2.052209 -0.07903897 -2.147324 0 0.941587 0 1.0761 -0.03527796 0.878626 -0.03527796 0.878626 0 1.0761 -0.07824999 1.0761 -0.03527796 0.878626 -0.07824999 1.0761 -0.079144 0.878626 -0.079144 0.878626 -0.07824999 1.0761 -0.123011 0.878626 -0.079144 0.878626 -0.123011 0.878626 -0.079144 0.681152 -0.079144 0.681152 -0.123011 0.878626 -0.123011 0.681152 -0.079144 0.681152 -0.123011 0.681152 -0.079144 0.589293 -0.079144 0.589293 -0.123011 0.681152 -0.123011 0.589293 -0.079144 0.589293 -0.123011 0.589293 -0.079144 0.370854 -0.079144 0.370854 -0.123011 0.589293 -0.123011 0.370854 -0.079144 0.370854 -0.123011 0.370854 -0.079144 0.261635 -0.079144 0.261635 -0.123011 0.370854 -0.123011 0.261635 -0.079144 0.261635 -0.123011 0.261635 -0.079144 0.152415 -0.079144 0.152415 -0.123011 0.261635 -0.123011 0.152415 -0.079144 0.152415 -0.123011 0.152415 -0.07824999 0 -0.07824999 0 -0.123011 0.152415 -0.156647 0 -0.156647 0 -0.123011 0.152415 -0.155082 0.152415 -0.156647 0 -0.155082 0.152415 -0.1949599 0.152415 -0.1949599 0.152415 -0.155082 0.152415 -0.1949599 0.261635 -0.1949599 0.152415 -0.1949599 0.261635 -0.234839 0.268931 -0.234839 0.268931 -0.1949599 0.261635 -0.1949599 0.370854 -0.234839 0.268931 -0.1949599 0.370854 -0.234838 0.403525 -0.234838 0.403525 -0.1949599 0.370854 -0.234839 0.538011 -0.234839 0.538011 -0.1949599 0.370854 -0.1949599 0.589293 -0.234839 0.538011 -0.1949599 0.589293 -0.234839 0.67258 -0.234839 0.67258 -0.1949599 0.589293 -0.1949599 0.681152 -0.234839 0.67258 -0.1949599 0.681152 -0.234839 0.806975 -0.234839 0.806975 -0.1949599 0.681152 -0.1949599 0.878626 -0.234839 0.806975 -0.1949599 0.878626 -0.234839 0.941526 -0.234839 0.941526 -0.1949599 0.878626 -0.234839 1.0761 -0.234839 1.0761 -0.1949599 0.878626 -0.156647 1.0761 -0.156647 1.0761 -0.1949599 0.878626 -0.155082 0.878626 -0.156647 1.0761 -0.155082 0.878626 -0.123011 0.878626 -0.123011 0.878626 -0.155082 0.878626 -0.123011 0.681152 -0.07824999 1.0761 -0.156647 1.0761 -0.123011 0.878626 -0.234839 0.268931 -0.234839 0.134441 -0.1949599 0.152415 -0.1949599 0.152415 -0.234839 0.134441 -0.234839 0 -0.1949599 0.152415 -0.234839 0 -0.156647 0 -0.079144 0.152415 -0.07824999 0 -0.03527796 0.152415 -0.03527796 0.152415 -0.07824999 0 0 0 -0.03527796 0.152415 0 0 0 0.134512 0 0.134512 0 0.269025 -0.03527796 0.152415 -0.03527796 0.152415 0 0.269025 -0.03527796 0.261635 -0.03527796 0.152415 -0.03527796 0.261635 -0.079144 0.261635 -0.079144 0.261635 -0.03527796 0.261635 -0.079144 0.370854 -0.03527796 0.261635 0 0.269025 -0.03527796 0.370854 -0.03527796 0.370854 0 0.269025 0 0.403537 -0.03527796 0.370854 0 0.403537 0 0.53805 -0.03527796 0.370854 0 0.53805 -0.03527796 0.589293 -0.03527796 0.589293 0 0.53805 0 0.672562 -0.03527796 0.589293 0 0.672562 -0.03527796 0.681152 -0.03527796 0.681152 0 0.672562 0 0.807075 -0.03527796 0.681152 0 0.807075 -0.03527796 0.878626 -0.03527796 0.878626 0 0.807075 0 0.941587 -0.155082 0.878626 -0.1949599 0.878626 -0.155082 0.681152 -0.155082 0.681152 -0.1949599 0.878626 -0.1949599 0.681152 -0.155082 0.681152 -0.1949599 0.681152 -0.155082 0.589293 -0.155082 0.589293 -0.1949599 0.681152 -0.1949599 0.589293 -0.155082 0.589293 -0.1949599 0.589293 -0.155082 0.370854 -0.155082 0.370854 -0.1949599 0.589293 -0.1949599 0.370854 -0.155082 0.370854 -0.1949599 0.370854 -0.155082 0.261635 -0.155082 0.261635 -0.1949599 0.370854 -0.1949599 0.261635 -0.155082 0.261635 -0.1949599 0.261635 -0.155082 0.152415 -0.03527796 0.681152 -0.03527796 0.878626 -0.079144 0.878626 -0.03527796 0.681152 -0.079144 0.878626 -0.079144 0.681152 -0.123011 0.589293 -0.123011 0.681152 -0.155082 0.681152 -0.155082 0.681152 -0.123011 0.681152 -0.155082 0.878626 -0.123011 0.589293 -0.155082 0.681152 -0.155082 0.589293 -0.03527796 0.589293 -0.03527796 0.681152 -0.079144 0.681152 -0.03527796 0.589293 -0.079144 0.681152 -0.079144 0.589293 -0.123011 0.370854 -0.123011 0.589293 -0.155082 0.589293 -0.123011 0.370854 -0.155082 0.589293 -0.155082 0.370854 -0.03527796 0.370854 -0.03527796 0.589293 -0.079144 0.589293 -0.03527796 0.370854 -0.079144 0.589293 -0.079144 0.370854 -0.123011 0.261635 -0.123011 0.370854 -0.155082 0.370854 -0.123011 0.261635 -0.155082 0.370854 -0.155082 0.261635 -0.03527796 0.261635 -0.03527796 0.370854 -0.079144 0.370854 -0.123011 0.152415 -0.123011 0.261635 -0.155082 0.261635 -0.123011 0.152415 -0.155082 0.261635 -0.155082 0.152415 -0.03527796 0.152415 -0.079144 0.261635 -0.079144 0.152415 -0.711753 0.11781 -1.482834 0.11781 -0.711753 0.03926998 -0.711753 0.03926998 -1.482834 0.11781 -1.482834 0.03926998 -0.711753 0.03926998 -1.482834 0.03926998 -0.711753 -0.03926998 -0.711753 -0.03926998 -1.482834 0.03926998 -1.482834 -0.03926998 -0.711753 -0.03926998 -1.482834 -0.03926998 -0.711753 -0.11781 -0.711753 -0.11781 -1.482834 -0.03926998 -1.482834 -0.11781 0.235619 -0.671236 0.314159 -0.671236 0.235619 -0.223745 0.235619 -0.223745 0.314159 -0.671236 0.314159 -0.223745 0.235619 -0.223745 0.314159 -0.223745 0.235619 0.223745 0.235619 0.223745 0.314159 -0.223745 0.314159 0.223745 0.235619 0.223745 0.314159 0.223745 0.235619 0.671236 0.235619 0.671236 0.314159 0.223745 0.314159 0.671236 0.314159 0.671236 0.314159 0.223745 0.392699 0.223745 0.314159 0.671236 0.392699 0.223745 0.392699 0.671236 0.392699 0.671236 0.392699 0.223745 0.471239 0.223745 0.392699 0.671236 0.471239 0.223745 0.471239 0.671236 0.314159 -0.671236 0.392699 -0.671236 0.314159 -0.223745 0.314159 -0.223745 0.392699 -0.671236 0.392699 -0.223745 0.314159 -0.223745 0.392699 -0.223745 0.314159 0.223745 0.314159 0.223745 0.392699 -0.223745 0.392699 0.223745 0.392699 -0.671236 0.471239 -0.671236 0.392699 -0.223745 0.392699 -0.223745 0.471239 -0.671236 0.471239 -0.223745 0.392699 -0.223745 0.471239 -0.223745 0.392699 0.223745 0.392699 0.223745 0.471239 -0.223745 0.471239 0.223745 2.311054 0.11781 1.539973 0.11781 2.311054 0.03926998 2.311054 0.03926998 1.539973 0.11781 1.539973 0.03926998 2.311054 0.03926998 1.539973 0.03926998 2.311054 -0.03926998 2.311054 -0.03926998 1.539973 0.03926998 1.539973 -0.03926998 2.311054 -0.03926998 1.539973 -0.03926998 2.311054 -0.11781 2.311054 -0.11781 1.539973 -0.03926998 1.539973 -0.11781 0 0.941587 0 1.0761 -0.03527796 0.878626 -0.03527796 0.878626 0 1.0761 -0.07824999 1.0761 -0.03527796 0.878626 -0.07824999 1.0761 -0.079144 0.878626 -0.079144 0.878626 -0.07824999 1.0761 -0.123011 0.878626 -0.079144 0.878626 -0.123011 0.878626 -0.079144 0.681152 -0.079144 0.681152 -0.123011 0.878626 -0.123011 0.681152 -0.079144 0.681152 -0.123011 0.681152 -0.079144 0.589293 -0.079144 0.589293 -0.123011 0.681152 -0.123011 0.589293 -0.079144 0.589293 -0.123011 0.589293 -0.079144 0.370854 -0.079144 0.370854 -0.123011 0.589293 -0.123011 0.370854 -0.079144 0.370854 -0.123011 0.370854 -0.079144 0.261635 -0.079144 0.261635 -0.123011 0.370854 -0.123011 0.261635 -0.079144 0.261635 -0.123011 0.261635 -0.079144 0.152415 -0.079144 0.152415 -0.123011 0.261635 -0.123011 0.152415 -0.079144 0.152415 -0.123011 0.152415 -0.07824999 0 -0.07824999 0 -0.123011 0.152415 -0.156647 0 -0.156647 0 -0.123011 0.152415 -0.155082 0.152415 -0.156647 0 -0.155082 0.152415 -0.1949599 0.152415 -0.1949599 0.152415 -0.155082 0.152415 -0.1949599 0.261635 -0.1949599 0.152415 -0.1949599 0.261635 -0.234839 0.269025 -0.234839 0.269025 -0.1949599 0.261635 -0.1949599 0.370854 -0.234839 0.269025 -0.1949599 0.370854 -0.234839 0.403537 -0.234839 0.403537 -0.1949599 0.370854 -0.234839 0.53805 -0.234839 0.53805 -0.1949599 0.370854 -0.1949599 0.589293 -0.234839 0.53805 -0.1949599 0.589293 -0.234839 0.672562 -0.234839 0.672562 -0.1949599 0.589293 -0.1949599 0.681152 -0.234839 0.672562 -0.1949599 0.681152 -0.234839 0.807075 -0.234839 0.807075 -0.1949599 0.681152 -0.1949599 0.878626 -0.234839 0.807075 -0.1949599 0.878626 -0.234839 0.941587 -0.234839 0.941587 -0.1949599 0.878626 -0.234839 1.0761 -0.234839 1.0761 -0.1949599 0.878626 -0.156647 1.0761 -0.156647 1.0761 -0.1949599 0.878626 -0.155082 0.878626 -0.156647 1.0761 -0.155082 0.878626 -0.123011 0.878626 -0.123011 0.878626 -0.155082 0.878626 -0.123011 0.681152 -0.07824999 1.0761 -0.156647 1.0761 -0.123011 0.878626 -0.234839 0.269025 -0.234839 0.134512 -0.1949599 0.152415 -0.1949599 0.152415 -0.234839 0.134512 -0.234839 0 -0.1949599 0.152415 -0.234839 0 -0.156647 0 -0.079144 0.152415 -0.07824999 0 -0.03527796 0.152415 -0.03527796 0.152415 -0.07824999 0 0 0 -0.03527796 0.152415 0 0 0 0.134512 0 0.134512 0 0.269025 -0.03527796 0.152415 -0.03527796 0.152415 0 0.269025 -0.03527796 0.261635 -0.03527796 0.152415 -0.03527796 0.261635 -0.079144 0.261635 -0.079144 0.261635 -0.03527796 0.261635 -0.079144 0.370854 -0.03527796 0.261635 0 0.269025 -0.03527796 0.370854 -0.03527796 0.370854 0 0.269025 0 0.403537 -0.03527796 0.370854 0 0.403537 0 0.53805 -0.03527796 0.370854 0 0.53805 -0.03527796 0.589293 -0.03527796 0.589293 0 0.53805 0 0.672562 -0.03527796 0.589293 0 0.672562 -0.03527796 0.681152 -0.03527796 0.681152 0 0.672562 0 0.807075 -0.03527796 0.681152 0 0.807075 -0.03527796 0.878626 -0.03527796 0.878626 0 0.807075 0 0.941587 -0.155082 0.878626 -0.1949599 0.878626 -0.155082 0.681152 -0.155082 0.681152 -0.1949599 0.878626 -0.1949599 0.681152 -0.155082 0.681152 -0.1949599 0.681152 -0.155082 0.589293 -0.155082 0.589293 -0.1949599 0.681152 -0.1949599 0.589293 -0.155082 0.589293 -0.1949599 0.589293 -0.155082 0.370854 -0.155082 0.370854 -0.1949599 0.589293 -0.1949599 0.370854 -0.155082 0.370854 -0.1949599 0.370854 -0.155082 0.261635 -0.155082 0.261635 -0.1949599 0.370854 -0.1949599 0.261635 -0.155082 0.261635 -0.1949599 0.261635 -0.155082 0.152415 -0.03527796 0.681152 -0.03527796 0.878626 -0.079144 0.878626 -0.03527796 0.681152 -0.079144 0.878626 -0.079144 0.681152 -0.123011 0.589293 -0.123011 0.681152 -0.155082 0.681152 -0.155082 0.681152 -0.123011 0.681152 -0.155082 0.878626 -0.123011 0.589293 -0.155082 0.681152 -0.155082 0.589293 -0.03527796 0.589293 -0.03527796 0.681152 -0.079144 0.681152 -0.03527796 0.589293 -0.079144 0.681152 -0.079144 0.589293 -0.123011 0.370854 -0.123011 0.589293 -0.155082 0.589293 -0.123011 0.370854 -0.155082 0.589293 -0.155082 0.370854 -0.03527796 0.370854 -0.03527796 0.589293 -0.079144 0.589293 -0.03527796 0.370854 -0.079144 0.589293 -0.079144 0.370854 -0.123011 0.261635 -0.123011 0.370854 -0.155082 0.370854 -0.123011 0.261635 -0.155082 0.370854 -0.155082 0.261635 -0.03527796 0.261635 -0.03527796 0.370854 -0.079144 0.370854 -0.123011 0.152415 -0.123011 0.261635 -0.155082 0.261635 -0.123011 0.152415 -0.155082 0.261635 -0.155082 0.152415 -0.03527796 0.152415 -0.079144 0.261635 -0.079144 0.152415 0 -0.439556 0 0 -0.03503197 -0.879124 -0.03503197 -0.879124 0 0 -0.07827496 0 -0.03503197 -0.879124 -0.07827496 0 -0.07903897 -0.879125 -0.07903897 -0.879125 -0.07827496 0 -0.123046 -0.879125 -0.07903897 -0.879125 -0.123046 -0.879125 -0.07903897 -1.411585 -0.07903897 -1.411585 -0.123046 -0.879125 -0.123046 -1.411585 -0.07903897 -1.411585 -0.123046 -1.411585 -0.07827496 -2.345251 -0.07827496 -2.345251 -0.123046 -1.411585 -0.156687 -2.345251 -0.156687 -2.345251 -0.123046 -1.411585 -0.1548939 -1.411585 -0.156687 -2.345251 -0.1548939 -1.411585 -0.1949 -1.411585 -0.1949 -1.411585 -0.1548939 -1.411585 -0.1949 -0.879126 -0.1949 -1.411585 -0.1949 -0.879126 -0.234907 -0.879127 -0.234907 -0.879127 -0.1949 -0.879126 -0.234907 -0.439564 -0.234907 -0.439564 -0.1949 -0.879126 -0.234907 0 -0.234907 0 -0.1949 -0.879126 -0.156687 0 -0.156687 0 -0.1949 -0.879126 -0.1548939 -0.879126 -0.156687 0 -0.1548939 -0.879126 -0.123046 -0.879125 -0.123046 -0.879125 -0.1548939 -0.879126 -0.123046 -1.411585 -0.07827496 0 -0.156687 0 -0.123046 -0.879125 -0.234907 -0.879127 -0.234907 -1.612189 -0.1949 -1.411585 -0.1949 -1.411585 -0.234907 -1.612189 -0.234907 -2.345251 -0.1949 -1.411585 -0.234907 -2.345251 -0.156687 -2.345251 -0.07903897 -1.411585 -0.07827496 -2.345251 -0.03503197 -1.411585 -0.03503197 -1.411585 -0.07827496 -2.345251 0 -2.345251 -0.03503197 -1.411585 0 -2.345251 0 -1.738219 0 -1.738219 0 -0.879124 -0.03503197 -1.411585 -0.03503197 -1.411585 0 -0.879124 -0.03503197 -0.879124 -0.03503197 -1.411585 -0.03503197 -0.879124 -0.07903897 -0.879125 0 -0.879124 0 -0.439556 -0.03503197 -0.879124 -0.123046 -1.411585 -0.1548939 -0.879126 -0.1548939 -1.411585 -0.1548939 -1.411585 -0.1548939 -0.879126 -0.1949 -0.879126 -0.03503197 -1.411585 -0.07903897 -0.879125 -0.07903897 -1.411585 0 0.293138 0 0.390851 -0.03538095 0.317545 -0.03538095 0.317545 0 0.390851 -0.07823801 0.390851 -0.03538095 0.317545 -0.07823801 0.390851 -0.07918697 0.317545 -0.07918697 0.317545 -0.07823801 0.390851 -0.122993 0.317545 -0.07918697 0.317545 -0.122993 0.317545 -0.07918697 0.244239 -0.07918697 0.244239 -0.122993 0.317545 -0.122993 0.244239 -0.07918697 0.244239 -0.122993 0.244239 -0.07918697 0.186119 -0.07918697 0.186119 -0.122993 0.244239 -0.122993 0.186119 -0.07918697 0.186119 -0.122993 0.186119 -0.07918697 0.119478 -0.07918697 0.119478 -0.122993 0.186119 -0.122993 0.119478 -0.07918697 0.119478 -0.122993 0.119478 -0.07918697 0.052836 -0.07918697 0.052836 -0.122993 0.119478 -0.122993 0.052836 -0.07918697 0.052836 -0.122993 0.052836 -0.07823801 0 -0.07823801 0 -0.122993 0.052836 -0.156625 0 -0.156625 0 -0.122993 0.052836 -0.155158 0.052836 -0.156625 0 -0.155158 0.052836 -0.194981 0.052836 -0.194981 0.052836 -0.155158 0.052836 -0.194981 0.119478 -0.194981 0.052836 -0.194981 0.119478 -0.234805 0.09771895 -0.234805 0.09771895 -0.194981 0.119478 -0.234805 0.195421 -0.234805 0.195421 -0.194981 0.119478 -0.194981 0.186119 -0.234805 0.195421 -0.194981 0.186119 -0.194981 0.244239 -0.194981 0.244239 -0.194981 0.186119 -0.155158 0.186119 -0.194981 0.244239 -0.155158 0.186119 -0.155158 0.244239 -0.155158 0.244239 -0.155158 0.186119 -0.122993 0.186119 -0.155158 0.244239 -0.122993 0.186119 -0.122993 0.244239 -0.07823801 0.390851 -0.156625 0.390851 -0.122993 0.317545 -0.122993 0.317545 -0.156625 0.390851 -0.155158 0.317545 -0.122993 0.317545 -0.155158 0.317545 -0.122993 0.244239 -0.122993 0.244239 -0.155158 0.317545 -0.155158 0.244239 -0.155158 0.317545 -0.156625 0.390851 -0.194981 0.317545 -0.194981 0.317545 -0.156625 0.390851 -0.234805 0.390851 -0.194981 0.317545 -0.234805 0.390851 -0.234805 0.293129 -0.194981 0.317545 -0.234805 0.293129 -0.194981 0.244239 -0.194981 0.244239 -0.234805 0.293129 -0.234805 0.195421 -0.234805 0.09771895 -0.234805 0 -0.194981 0.052836 -0.194981 0.052836 -0.234805 0 -0.156625 0 -0.07918697 0.052836 -0.07823801 0 -0.03538095 0.052836 -0.03538095 0.052836 -0.07823801 0 0 0 -0.03538095 0.052836 0 0 0 0.09771299 -0.03538095 0.052836 0 0.09771299 -0.03538095 0.119478 -0.03538095 0.119478 0 0.09771299 0 0.195425 -0.03538095 0.119478 0 0.195425 -0.03538095 0.186119 -0.03538095 0.186119 0 0.195425 -0.03538095 0.244239 -0.03538095 0.186119 -0.03538095 0.244239 -0.07918697 0.244239 -0.07918697 0.244239 -0.03538095 0.244239 -0.07918697 0.317545 0 0.195425 0 0.293138 -0.03538095 0.244239 -0.03538095 0.244239 0 0.293138 -0.03538095 0.317545 -0.03538095 0.244239 -0.03538095 0.317545 -0.07918697 0.317545 -0.155158 0.244239 -0.155158 0.317545 -0.194981 0.317545 -0.194981 0.244239 -0.155158 0.244239 -0.194981 0.317545 -0.03538095 0.186119 -0.07918697 0.244239 -0.07918697 0.186119 -0.122993 0.119478 -0.122993 0.186119 -0.155158 0.186119 -0.155158 0.186119 -0.194981 0.186119 -0.155158 0.119478 -0.155158 0.119478 -0.194981 0.186119 -0.194981 0.119478 -0.155158 0.119478 -0.194981 0.119478 -0.155158 0.052836 -0.03538095 0.119478 -0.03538095 0.186119 -0.07918697 0.186119 -0.03538095 0.119478 -0.07918697 0.186119 -0.07918697 0.119478 -0.155158 0.052836 -0.122993 0.052836 -0.155158 0.119478 -0.155158 0.119478 -0.122993 0.052836 -0.122993 0.119478 -0.155158 0.119478 -0.122993 0.119478 -0.155158 0.186119 -0.03538095 0.119478 -0.07918697 0.119478 -0.03538095 0.052836 -0.03538095 0.052836 -0.07918697 0.119478 -0.07918697 0.052836 -0.505736 0.11781 -0.680963 0.11781 -0.505736 0.03926998 -0.505736 0.03926998 -0.680963 0.11781 -0.680963 0.03926998 -0.505736 0.03926998 -0.680963 0.03926998 -0.505736 -0.03926998 -0.505736 -0.03926998 -0.680963 0.03926998 -0.680963 -0.03926998 -0.505736 -0.03926998 -0.680963 -0.03926998 -0.505736 -0.11781 -0.505736 -0.11781 -0.680963 -0.03926998 -0.680963 -0.11781 0.235619 0 0.314159 0 0.235619 0.189869 0.235619 0.189869 0.314159 0 0.314159 0.189869 0.235619 0.189869 0.314159 0.189869 0.235619 0.379738 0.235619 0.379738 0.314159 0.189869 0.314159 0.379738 0.235619 0.379738 0.314159 0.379738 0.235619 0.569606 0.235619 0.569606 0.314159 0.379738 0.314159 0.569606 0.235619 0.569606 0.314159 0.569606 0.235619 0.759475 0.235619 0.759475 0.314159 0.569606 0.314159 0.759475 0.235619 0.759475 0.314159 0.759475 0.235619 0.949344 0.235619 0.949344 0.314159 0.759475 0.314159 0.949344 0.235619 0.949344 0.314159 0.949344 0.235619 1.139213 0.235619 1.139213 0.314159 0.949344 0.314159 1.139213 0.235619 1.139213 0.314159 1.139213 0.235619 1.329081 0.235619 1.329081 0.314159 1.139213 0.314159 1.329081 0.235619 1.329081 0.314159 1.329081 0.235619 1.51895 0.235619 1.51895 0.314159 1.329081 0.314159 1.51895 0.235619 1.51895 0.314159 1.51895 0.235619 1.708819 0.235619 1.708819 0.314159 1.51895 0.314159 1.708819 0.314159 1.708819 0.314159 1.51895 0.392699 1.51895 0.314159 1.708819 0.392699 1.51895 0.392699 1.708819 0.392699 1.708819 0.392699 1.51895 0.471239 1.708819 0.471239 1.708819 0.392699 1.51895 0.471239 1.495217 0.471239 1.495217 0.392699 1.51895 0.392699 1.329081 0.471239 1.495217 0.392699 1.329081 0.471239 1.281614 0.471239 1.281614 0.392699 1.329081 0.392699 1.139213 0.471239 1.281614 0.392699 1.139213 0.471239 1.068012 0.471239 1.068012 0.392699 1.139213 0.392699 0.949344 0.471239 1.068012 0.392699 0.949344 0.471239 0.85441 0.471239 0.85441 0.392699 0.949344 0.392699 0.759475 0.471239 0.85441 0.392699 0.759475 0.471239 0.640807 0.471239 0.640807 0.392699 0.759475 0.392699 0.569606 0.471239 0.640807 0.392699 0.569606 0.471239 0.427205 0.471239 0.427205 0.392699 0.569606 0.392699 0.379738 0.471239 0.427205 0.392699 0.379738 0.471239 0.213602 0.471239 0.213602 0.392699 0.379738 0.392699 0.189869 0.471239 0.213602 0.392699 0.189869 0.471239 0 0.471239 0 0.392699 0.189869 0.392699 0 0.392699 0 0.392699 0.189869 0.314159 0.189869 0.392699 0 0.314159 0.189869 0.314159 0 0.314159 0.379738 0.314159 0.189869 0.392699 0.189869 0.314159 0.569606 0.314159 0.379738 0.392699 0.379738 0.392699 0.379738 0.314159 0.379738 0.392699 0.189869 0.314159 0.759475 0.314159 0.569606 0.392699 0.569606 0.392699 0.569606 0.314159 0.569606 0.392699 0.379738 0.314159 0.949344 0.314159 0.759475 0.392699 0.759475 0.392699 0.759475 0.314159 0.759475 0.392699 0.569606 0.314159 1.139213 0.314159 0.949344 0.392699 0.949344 0.392699 0.949344 0.314159 0.949344 0.392699 0.759475 0.314159 1.329081 0.314159 1.139213 0.392699 1.139213 0.392699 1.139213 0.314159 1.139213 0.392699 0.949344 0.314159 1.51895 0.314159 1.329081 0.392699 1.329081 0.392699 1.329081 0.314159 1.329081 0.392699 1.139213 0.392699 1.51895 0.314159 1.51895 0.392699 1.329081 0.893372 0.11781 0.755736 0.11781 0.893372 0.03926998 0.893372 0.03926998 0.755736 0.11781 0.755736 0.03926998 0.893372 0.03926998 0.755736 0.03926998 0.893372 -0.03926998 0.893372 -0.03926998 0.755736 0.03926998 0.755736 -0.03926998 0.893372 -0.03926998 0.755736 -0.03926998 0.893372 -0.11781 0.893372 -0.11781 0.755736 -0.03926998 0.755736 -0.11781 0 0.302187 0 0.402916 -0.03540098 0.334284 -0.03540098 0.334284 0 0.402916 -0.07823497 0.402916 -0.03540098 0.334284 -0.07823497 0.402916 -0.079194 0.334284 -0.079194 0.334284 -0.07823497 0.402916 -0.122988 0.334284 -0.079194 0.334284 -0.122988 0.334284 -0.079194 0.265652 -0.079194 0.265652 -0.122988 0.334284 -0.122988 0.265652 -0.079194 0.265652 -0.122988 0.265652 -0.079194 0.211051 -0.079194 0.211051 -0.122988 0.265652 -0.122988 0.211051 -0.079194 0.211051 -0.122988 0.211051 -0.079194 0.135556 -0.079194 0.135556 -0.122988 0.211051 -0.122988 0.135556 -0.079194 0.135556 -0.122988 0.135556 -0.079194 0.06006097 -0.079194 0.06006097 -0.122988 0.135556 -0.122988 0.06006097 -0.079194 0.06006097 -0.122988 0.06006097 -0.07823497 0 -0.07823497 0 -0.122988 0.06006097 -0.1566179 0 -0.1566179 0 -0.122988 0.06006097 -0.15517 0.06006097 -0.1566179 0 -0.15517 0.06006097 -0.194983 0.06006097 -0.194983 0.06006097 -0.15517 0.06006097 -0.194983 0.135556 -0.194983 0.06006097 -0.194983 0.135556 -0.234795 0.115122 -0.234795 0.115122 -0.194983 0.135556 -0.194983 0.211051 -0.234795 0.115122 -0.194983 0.211051 -0.234795 0.230234 -0.234795 0.230234 -0.194983 0.211051 -0.194983 0.265652 -0.234795 0.230234 -0.194983 0.265652 -0.234795 0.316571 -0.234795 0.316571 -0.194983 0.265652 -0.194983 0.334284 -0.234795 0.316571 -0.194983 0.334284 -0.234795 0.402916 -0.234795 0.402916 -0.194983 0.334284 -0.1566179 0.402916 -0.1566179 0.402916 -0.194983 0.334284 -0.15517 0.334284 -0.1566179 0.402916 -0.15517 0.334284 -0.122988 0.334284 -0.122988 0.334284 -0.15517 0.334284 -0.122988 0.265652 -0.07823497 0.402916 -0.1566179 0.402916 -0.122988 0.334284 -0.234795 0.115122 -0.234795 0 -0.194983 0.06006097 -0.194983 0.06006097 -0.234795 0 -0.1566179 0 -0.079194 0.06006097 -0.07823497 0 -0.03540098 0.06006097 -0.03540098 0.06006097 -0.07823497 0 0 0 -0.03540098 0.06006097 0 0 0 0.100729 -0.03540098 0.06006097 0 0.100729 -0.03540098 0.135556 -0.03540098 0.135556 0 0.100729 0 0.201458 -0.03540098 0.135556 0 0.201458 -0.03540098 0.211051 -0.03540098 0.211051 0 0.201458 -0.03540098 0.265652 -0.03540098 0.211051 -0.03540098 0.265652 -0.079194 0.265652 -0.079194 0.265652 -0.03540098 0.265652 -0.079194 0.334284 0 0.201458 0 0.302187 -0.03540098 0.265652 -0.03540098 0.265652 0 0.302187 -0.03540098 0.334284 -0.03540098 0.265652 -0.03540098 0.334284 -0.079194 0.334284 -0.15517 0.334284 -0.194983 0.334284 -0.15517 0.265652 -0.15517 0.265652 -0.194983 0.334284 -0.194983 0.265652 -0.15517 0.265652 -0.194983 0.265652 -0.15517 0.211051 -0.15517 0.211051 -0.194983 0.265652 -0.194983 0.211051 -0.15517 0.211051 -0.194983 0.211051 -0.15517 0.135556 -0.15517 0.135556 -0.194983 0.211051 -0.194983 0.135556 -0.15517 0.135556 -0.194983 0.135556 -0.15517 0.06006097 -0.122988 0.211051 -0.122988 0.265652 -0.15517 0.265652 -0.15517 0.265652 -0.122988 0.265652 -0.15517 0.334284 -0.122988 0.211051 -0.15517 0.265652 -0.15517 0.211051 -0.03540098 0.211051 -0.079194 0.265652 -0.079194 0.211051 -0.122988 0.135556 -0.122988 0.211051 -0.15517 0.211051 -0.122988 0.135556 -0.15517 0.211051 -0.15517 0.135556 -0.03540098 0.135556 -0.03540098 0.211051 -0.079194 0.211051 -0.03540098 0.135556 -0.079194 0.211051 -0.079194 0.135556 -0.122988 0.135556 -0.15517 0.135556 -0.122988 0.06006097 -0.122988 0.06006097 -0.15517 0.135556 -0.15517 0.06006097 -0.03540098 0.135556 -0.079194 0.135556 -0.03540098 0.06006097 -0.03540098 0.06006097 -0.079194 0.135556 -0.079194 0.06006097 0 -2.111509 0 0 -0.03503197 -1.055758 -0.03503197 -1.055758 0 0 -0.07827496 0 -0.03503197 -1.055758 -0.07827496 0 -0.07903897 -1.055758 -0.07903897 -1.055758 -0.07827496 0 -0.123046 -1.055758 -0.07903897 -1.055758 -0.123046 -1.055758 -0.07903897 -2.111511 -0.07903897 -2.111511 -0.123046 -1.055758 -0.123046 -2.111512 -0.07903897 -2.111511 -0.123046 -2.111512 -0.07903897 -2.90982 -0.07903897 -2.90982 -0.123046 -2.111512 -0.123046 -2.90982 -0.07903897 -2.90982 -0.123046 -2.90982 -0.07903897 -3.708125 -0.07903897 -3.708125 -0.123046 -2.90982 -0.123046 -3.708125 -0.07903897 -3.708125 -0.123046 -3.708125 -0.07903897 -4.683269 -0.07903897 -4.683269 -0.123046 -3.708125 -0.123046 -4.683269 -0.07903897 -4.683269 -0.123046 -4.683269 -0.07903897 -5.658412 -0.07903897 -5.658412 -0.123046 -4.683269 -0.123046 -5.658412 -0.07903897 -5.658412 -0.123046 -5.658412 -0.07903897 -6.63355 -0.07903897 -6.63355 -0.123046 -5.658412 -0.123046 -6.633552 -0.07903897 -6.63355 -0.123046 -6.633552 -0.07903897 -7.135786 -0.07903897 -7.135786 -0.123046 -6.633552 -0.123046 -7.135786 -0.07903897 -7.135786 -0.123046 -7.135786 -0.07827496 -7.386902 -0.07827496 -7.386902 -0.123046 -7.135786 -0.156687 -7.386902 -0.156687 -7.386902 -0.123046 -7.135786 -0.1548939 -7.135786 -0.156687 -7.386902 -0.1548939 -7.135786 -0.1949 -7.135786 -0.1949 -7.135786 -0.1548939 -7.135786 -0.1949 -6.633554 -0.1949 -7.135786 -0.1949 -6.633554 -0.234907 -6.633555 -0.234907 -6.633555 -0.1949 -6.633554 -0.1949 -5.658412 -0.234907 -6.633555 -0.1949 -5.658412 -0.234907 -5.17084 -0.234907 -5.17084 -0.1949 -5.658412 -0.1949 -4.683269 -0.234907 -5.17084 -0.1949 -4.683269 -0.234907 -3.708126 -0.234907 -3.708126 -0.1949 -4.683269 -0.1949 -3.708125 -0.234907 -3.708126 -0.1949 -3.708125 -0.1949 -2.90982 -0.1949 -2.90982 -0.1949 -3.708125 -0.1548939 -3.708125 -0.1949 -2.90982 -0.1548939 -3.708125 -0.1548939 -2.90982 -0.1548939 -2.90982 -0.1548939 -3.708125 -0.123046 -3.708125 -0.1548939 -2.90982 -0.123046 -3.708125 -0.123046 -2.90982 -0.07827496 0 -0.156687 0 -0.123046 -1.055758 -0.123046 -1.055758 -0.156687 0 -0.1548939 -1.055758 -0.123046 -1.055758 -0.1548939 -1.055758 -0.123046 -2.111512 -0.123046 -2.111512 -0.1548939 -1.055758 -0.1548939 -2.111513 -0.123046 -2.111512 -0.1548939 -2.111513 -0.123046 -2.90982 -0.123046 -2.90982 -0.1548939 -2.111513 -0.1548939 -2.90982 -0.1548939 -1.055758 -0.156687 0 -0.1949 -1.055758 -0.1949 -1.055758 -0.156687 0 -0.234907 0 -0.1949 -1.055758 -0.234907 0 -0.234907 -2.111515 -0.234907 -3.708126 -0.1949 -2.90982 -0.234907 -2.111515 -0.234907 -2.111515 -0.1949 -2.90982 -0.1949 -2.111514 -0.234907 -2.111515 -0.1949 -2.111514 -0.1949 -1.055758 -0.1949 -1.055758 -0.1949 -2.111514 -0.1548939 -2.111513 -0.1949 -1.055758 -0.1548939 -2.111513 -0.1548939 -1.055758 -0.234907 -6.633555 -0.234907 -7.386902 -0.1949 -7.135786 -0.1949 -7.135786 -0.234907 -7.386902 -0.156687 -7.386902 -0.07903897 -7.135786 -0.07827496 -7.386902 -0.03503197 -7.135786 -0.03503197 -7.135786 -0.07827496 -7.386902 0 -7.386902 -0.03503197 -7.135786 0 -7.386902 0 -6.633548 0 -4.42765 -0.03503197 -5.658412 0 -6.633548 0 -6.633548 -0.03503197 -5.658412 -0.03503197 -6.633549 0 -6.633548 -0.03503197 -6.633549 -0.03503197 -7.135786 -0.03503197 -7.135786 -0.03503197 -6.633549 -0.07903897 -6.63355 -0.03503197 -7.135786 -0.07903897 -6.63355 -0.07903897 -7.135786 0 -3.708125 -0.03503197 -3.708125 0 -4.42765 0 -4.42765 -0.03503197 -3.708125 -0.03503197 -4.683269 0 -4.42765 -0.03503197 -4.683269 -0.03503197 -5.658412 -0.03503197 -5.658412 -0.03503197 -4.683269 -0.07903897 -4.683269 -0.03503197 -5.658412 -0.07903897 -4.683269 -0.07903897 -5.658412 -0.03503197 -3.708125 0 -3.708125 -0.03503197 -2.90982 -0.03503197 -2.90982 0 -3.708125 0 -2.111509 -0.03503197 -2.90982 0 -2.111509 -0.03503197 -2.11151 -0.03503197 -2.11151 0 -2.111509 -0.03503197 -1.055758 -0.03503197 -2.11151 -0.03503197 -1.055758 -0.07903897 -1.055758 -0.03503197 -2.11151 -0.07903897 -1.055758 -0.07903897 -2.111511 -0.1548939 -2.111513 -0.1949 -2.111514 -0.1548939 -2.90982 -0.1548939 -2.90982 -0.1949 -2.111514 -0.1949 -2.90982 -0.03503197 -2.11151 -0.07903897 -2.111511 -0.03503197 -2.90982 -0.03503197 -2.90982 -0.07903897 -2.111511 -0.07903897 -2.90982 -0.03503197 -2.90982 -0.07903897 -2.90982 -0.03503197 -3.708125 -0.03503197 -3.708125 -0.07903897 -2.90982 -0.07903897 -3.708125 -0.03503197 -3.708125 -0.07903897 -3.708125 -0.03503197 -4.683269 -0.03503197 -4.683269 -0.07903897 -3.708125 -0.07903897 -4.683269 -0.1548939 -3.708125 -0.1949 -3.708125 -0.1548939 -4.683269 -0.1548939 -4.683269 -0.1949 -3.708125 -0.1949 -4.683269 -0.1548939 -4.683269 -0.1949 -4.683269 -0.1548939 -5.658412 -0.1548939 -5.658412 -0.1949 -4.683269 -0.1949 -5.658412 -0.1548939 -5.658412 -0.1949 -5.658412 -0.1548939 -6.633553 -0.1548939 -6.633553 -0.1949 -5.658412 -0.1949 -6.633554 -0.1548939 -6.633553 -0.1949 -6.633554 -0.1548939 -7.135786 -0.123046 -3.708125 -0.1548939 -3.708125 -0.123046 -4.683269 -0.123046 -4.683269 -0.1548939 -3.708125 -0.1548939 -4.683269 -0.123046 -4.683269 -0.1548939 -4.683269 -0.123046 -5.658412 -0.123046 -5.658412 -0.1548939 -4.683269 -0.1548939 -5.658412 -0.123046 -5.658412 -0.1548939 -5.658412 -0.123046 -6.633552 -0.123046 -6.633552 -0.1548939 -5.658412 -0.1548939 -6.633553 -0.123046 -6.633552 -0.1548939 -6.633553 -0.123046 -7.135786 -0.123046 -7.135786 -0.1548939 -6.633553 -0.1548939 -7.135786 -0.03503197 -6.633549 -0.03503197 -5.658412 -0.07903897 -5.658412 -0.03503197 -6.633549 -0.07903897 -5.658412 -0.07903897 -6.63355 0 0.322855 0 0.430473 -0.03544795 0.356859 -0.03544795 0.356859 0 0.430473 -0.07822597 0.430473 -0.03544795 0.356859 -0.07822597 0.430473 -0.07921099 0.356859 -0.07921099 0.356859 -0.07822597 0.430473 -0.122974 0.356859 -0.07921099 0.356859 -0.122974 0.356859 -0.07921099 0.283244 -0.07921099 0.283244 -0.122974 0.356859 -0.122974 0.283244 -0.07921099 0.283244 -0.122974 0.283244 -0.07921099 0.225486 -0.07921099 0.225486 -0.122974 0.283244 -0.122974 0.225486 -0.07921099 0.225486 -0.122974 0.225486 -0.07921099 0.14451 -0.07921099 0.14451 -0.122974 0.225486 -0.122974 0.14451 -0.07921099 0.14451 -0.122974 0.14451 -0.07921099 0.06353396 -0.07921099 0.06353396 -0.122974 0.14451 -0.122974 0.06353396 -0.07921099 0.06353396 -0.122974 0.06353396 -0.07822597 0 -0.07822597 0 -0.122974 0.06353396 -0.156602 0 -0.156602 0 -0.122974 0.06353396 -0.1552 0.06353396 -0.156602 0 -0.1552 0.06353396 -0.194985 0.06353396 -0.194985 0.06353396 -0.1552 0.06353396 -0.194985 0.14451 -0.194985 0.06353396 -0.194985 0.14451 -0.234769 0.107652 -0.234769 0.107652 -0.194985 0.14451 -0.234769 0.215209 -0.234769 0.215209 -0.194985 0.14451 -0.194985 0.225486 -0.234769 0.215209 -0.194985 0.225486 -0.194985 0.283244 -0.194985 0.283244 -0.194985 0.225486 -0.1552 0.225486 -0.194985 0.283244 -0.1552 0.225486 -0.1552 0.283244 -0.1552 0.283244 -0.1552 0.225486 -0.122974 0.225486 -0.1552 0.283244 -0.122974 0.225486 -0.122974 0.283244 -0.07822597 0.430473 -0.156602 0.430473 -0.122974 0.356859 -0.122974 0.356859 -0.156602 0.430473 -0.1552 0.356859 -0.122974 0.356859 -0.1552 0.356859 -0.122974 0.283244 -0.122974 0.283244 -0.1552 0.356859 -0.1552 0.283244 -0.1552 0.356859 -0.156602 0.430473 -0.194985 0.356859 -0.194985 0.356859 -0.156602 0.430473 -0.234769 0.430473 -0.194985 0.356859 -0.234769 0.430473 -0.234769 0.323071 -0.194985 0.356859 -0.234769 0.323071 -0.194985 0.283244 -0.194985 0.283244 -0.234769 0.323071 -0.234769 0.215209 -0.234769 0.107652 -0.234769 0 -0.194985 0.06353396 -0.194985 0.06353396 -0.234769 0 -0.156602 0 -0.07921099 0.06353396 -0.07822597 0 -0.03544795 0.06353396 -0.03544795 0.06353396 -0.07822597 0 0 0 -0.03544795 0.06353396 0 0 0 0.107618 -0.03544795 0.06353396 0 0.107618 -0.03544795 0.14451 -0.03544795 0.14451 0 0.107618 0 0.215237 -0.03544795 0.14451 0 0.215237 -0.03544795 0.225486 -0.03544795 0.225486 0 0.215237 -0.03544795 0.283244 -0.03544795 0.225486 -0.03544795 0.283244 -0.07921099 0.283244 -0.07921099 0.283244 -0.03544795 0.283244 -0.07921099 0.356859 0 0.215237 0 0.322855 -0.03544795 0.283244 -0.03544795 0.283244 0 0.322855 -0.03544795 0.356859 -0.03544795 0.283244 -0.03544795 0.356859 -0.07921099 0.356859 -0.1552 0.283244 -0.1552 0.356859 -0.194985 0.356859 -0.194985 0.283244 -0.1552 0.283244 -0.194985 0.356859 -0.03544795 0.225486 -0.07921099 0.283244 -0.07921099 0.225486 -0.1552 0.225486 -0.194985 0.225486 -0.1552 0.14451 -0.1552 0.14451 -0.194985 0.225486 -0.194985 0.14451 -0.1552 0.14451 -0.194985 0.14451 -0.1552 0.06353396 -0.122974 0.225486 -0.1552 0.225486 -0.122974 0.14451 -0.122974 0.14451 -0.1552 0.225486 -0.1552 0.14451 -0.122974 0.14451 -0.1552 0.14451 -0.122974 0.06353396 -0.122974 0.06353396 -0.1552 0.14451 -0.1552 0.06353396 -0.03544795 0.225486 -0.07921099 0.225486 -0.03544795 0.14451 -0.03544795 0.14451 -0.07921099 0.225486 -0.07921099 0.14451 -0.03544795 0.14451 -0.07921099 0.14451 -0.03544795 0.06353396 -0.03544795 0.06353396 -0.07921099 0.14451 -0.07921099 0.06353396 -0.703605 0.11781 -0.755142 0.11781 -0.703605 0.03926998 -0.703605 0.03926998 -0.755142 0.11781 -0.755142 0.03926998 -0.703605 0.03926998 -0.755142 0.03926998 -0.703605 -0.03926998 -0.703605 -0.03926998 -0.755142 0.03926998 -0.755142 -0.03926998 -0.703605 -0.03926998 -0.755142 -0.03926998 -0.703605 -0.11781 -0.703605 -0.11781 -0.755142 -0.03926998 -0.755142 -0.11781 0.235619 0 0.314159 0 0.235619 0.189869 0.235619 0.189869 0.314159 0 0.314159 0.189869 0.235619 0.189869 0.314159 0.189869 0.235619 0.379738 0.235619 0.379738 0.314159 0.189869 0.314159 0.379738 0.235619 0.379738 0.314159 0.379738 0.235619 0.569606 0.235619 0.569606 0.314159 0.379738 0.314159 0.569606 0.235619 0.569606 0.314159 0.569606 0.235619 0.759475 0.235619 0.759475 0.314159 0.569606 0.314159 0.759475 0.235619 0.759475 0.314159 0.759475 0.235619 0.949344 0.235619 0.949344 0.314159 0.759475 0.314159 0.949344 0.235619 0.949344 0.314159 0.949344 0.235619 1.139213 0.235619 1.139213 0.314159 0.949344 0.314159 1.139213 0.235619 1.139213 0.314159 1.139213 0.235619 1.329081 0.235619 1.329081 0.314159 1.139213 0.314159 1.329081 0.235619 1.329081 0.314159 1.329081 0.235619 1.51895 0.235619 1.51895 0.314159 1.329081 0.314159 1.51895 0.235619 1.51895 0.314159 1.51895 0.235619 1.708819 0.235619 1.708819 0.314159 1.51895 0.314159 1.708819 0.314159 1.708819 0.314159 1.51895 0.392699 1.51895 0.314159 1.708819 0.392699 1.51895 0.392699 1.708819 0.392699 1.708819 0.392699 1.51895 0.471239 1.708819 0.471239 1.708819 0.392699 1.51895 0.471239 1.495217 0.471239 1.495217 0.392699 1.51895 0.392699 1.329081 0.471239 1.495217 0.392699 1.329081 0.471239 1.281614 0.471239 1.281614 0.392699 1.329081 0.392699 1.139213 0.471239 1.281614 0.392699 1.139213 0.471239 1.068012 0.471239 1.068012 0.392699 1.139213 0.392699 0.949344 0.471239 1.068012 0.392699 0.949344 0.471239 0.85441 0.471239 0.85441 0.392699 0.949344 0.392699 0.759475 0.471239 0.85441 0.392699 0.759475 0.471239 0.640807 0.471239 0.640807 0.392699 0.759475 0.392699 0.569606 0.471239 0.640807 0.392699 0.569606 0.471239 0.427205 0.471239 0.427205 0.392699 0.569606 0.392699 0.379738 0.471239 0.427205 0.392699 0.379738 0.471239 0.213602 0.471239 0.213602 0.392699 0.379738 0.392699 0.189869 0.471239 0.213602 0.392699 0.189869 0.471239 0 0.471239 0 0.392699 0.189869 0.392699 0 0.392699 0 0.392699 0.189869 0.314159 0.189869 0.392699 0 0.314159 0.189869 0.314159 0 0.314159 0.379738 0.314159 0.189869 0.392699 0.189869 0.314159 0.569606 0.314159 0.379738 0.392699 0.379738 0.392699 0.379738 0.314159 0.379738 0.392699 0.189869 0.314159 0.759475 0.314159 0.569606 0.392699 0.569606 0.392699 0.569606 0.314159 0.569606 0.392699 0.379738 0.314159 0.949344 0.314159 0.759475 0.392699 0.759475 0.392699 0.759475 0.314159 0.759475 0.392699 0.569606 0.314159 1.139213 0.314159 0.949344 0.392699 0.949344 0.392699 0.949344 0.314159 0.949344 0.392699 0.759475 0.314159 1.329081 0.314159 1.139213 0.392699 1.139213 0.392699 1.139213 0.314159 1.139213 0.392699 0.949344 0.314159 1.51895 0.314159 1.329081 0.392699 1.329081 0.392699 1.329081 0.314159 1.329081 0.392699 1.139213 0.392699 1.51895 0.314159 1.51895 0.392699 1.329081 1.267273 0.11781 1.003605 0.11781 1.267273 0.03926998 1.267273 0.03926998 1.003605 0.11781 1.003605 0.03926998 1.267273 0.03926998 1.003605 0.03926998 1.267273 -0.03926998 1.267273 -0.03926998 1.003605 0.03926998 1.003605 -0.03926998 1.267273 -0.03926998 1.003605 -0.03926998 1.267273 -0.11781 1.267273 -0.11781 1.003605 -0.03926998 1.003605 -0.11781 0 0.272858 0 0.363811 -0.03534096 0.29577 -0.03534096 0.29577 0 0.363811 -0.07824498 0.363811 -0.03534096 0.29577 -0.07824498 0.363811 -0.07917195 0.29577 -0.07917195 0.29577 -0.07824498 0.363811 -0.123004 0.29577 -0.07917195 0.29577 -0.123004 0.29577 -0.07917195 0.227729 -0.07917195 0.227729 -0.123004 0.29577 -0.123004 0.227729 -0.07917195 0.227729 -0.123004 0.227729 -0.07917195 0.173243 -0.07917195 0.173243 -0.123004 0.227729 -0.123004 0.173243 -0.07917195 0.173243 -0.123004 0.173243 -0.07917195 0.04953294 -0.07917195 0.04953294 -0.123004 0.173243 -0.123004 0.04953294 -0.07917195 0.04953294 -0.123004 0.04953294 -0.07824498 0 -0.07824498 0 -0.123004 0.04953294 -0.1566399 0 -0.1566399 0 -0.123004 0.04953294 -0.1551319 0.04953294 -0.1566399 0 -0.1551319 0.04953294 -0.194979 0.04953294 -0.194979 0.04953294 -0.1551319 0.04953294 -0.194979 0.173243 -0.194979 0.04953294 -0.194979 0.173243 -0.234825 0.090873 -0.234825 0.090873 -0.194979 0.173243 -0.234825 0.181927 -0.234825 0.181927 -0.194979 0.173243 -0.194979 0.227729 -0.234825 0.181927 -0.194979 0.227729 -0.234825 0.272764 -0.234825 0.272764 -0.194979 0.227729 -0.194979 0.29577 -0.234825 0.272764 -0.194979 0.29577 -0.234825 0.363811 -0.234825 0.363811 -0.194979 0.29577 -0.1566399 0.363811 -0.1566399 0.363811 -0.194979 0.29577 -0.1551319 0.29577 -0.1566399 0.363811 -0.1551319 0.29577 -0.123004 0.29577 -0.123004 0.29577 -0.1551319 0.29577 -0.123004 0.227729 -0.07824498 0.363811 -0.1566399 0.363811 -0.123004 0.29577 -0.234825 0.090873 -0.234825 0 -0.194979 0.04953294 -0.194979 0.04953294 -0.234825 0 -0.1566399 0 -0.07917195 0.04953294 -0.07824498 0 -0.03534096 0.04953294 -0.03534096 0.04953294 -0.07824498 0 0 0 -0.03534096 0.04953294 0 0 0 0.09095299 -0.03534096 0.04953294 0 0.09095299 -0.03534096 0.173243 -0.03534096 0.173243 0 0.09095299 0 0.181906 -0.03534096 0.173243 0 0.181906 -0.03534096 0.227729 -0.03534096 0.227729 0 0.181906 0 0.272858 -0.03534096 0.227729 0 0.272858 -0.03534096 0.29577 -0.1551319 0.29577 -0.194979 0.29577 -0.1551319 0.227729 -0.1551319 0.227729 -0.194979 0.29577 -0.194979 0.227729 -0.1551319 0.227729 -0.194979 0.227729 -0.1551319 0.173243 -0.1551319 0.173243 -0.194979 0.227729 -0.194979 0.173243 -0.1551319 0.173243 -0.194979 0.173243 -0.1551319 0.04953294 -0.03534096 0.227729 -0.03534096 0.29577 -0.07917195 0.29577 -0.03534096 0.227729 -0.07917195 0.29577 -0.07917195 0.227729 -0.123004 0.173243 -0.123004 0.227729 -0.1551319 0.227729 -0.1551319 0.227729 -0.123004 0.227729 -0.1551319 0.29577 -0.123004 0.173243 -0.1551319 0.227729 -0.1551319 0.173243 -0.03534096 0.173243 -0.03534096 0.227729 -0.07917195 0.227729 -0.03534096 0.173243 -0.07917195 0.227729 -0.07917195 0.173243 -0.123004 0.04953294 -0.123004 0.173243 -0.1551319 0.173243 -0.123004 0.04953294 -0.1551319 0.173243 -0.1551319 0.04953294 -0.03534096 0.04953294 -0.03534096 0.173243 -0.07917195 0.173243 -0.03534096 0.04953294 -0.07917195 0.173243 -0.07917195 0.04953294 0 0 -0.07827395 0 0 -0.786343 0 -0.786343 -0.07827395 0 -0.035034 -1.120419 0 -0.786343 -0.035034 -1.120419 0 -1.572686 0 -1.572686 -0.035034 -1.120419 -0.035034 -1.572686 0 -1.572686 -0.035034 -1.572686 0 -1.858312 0 -1.858312 -0.035034 -1.572686 0 -2.143938 0 -2.143938 -0.035034 -1.572686 -0.07827395 -2.143938 -0.07827395 -2.143938 -0.035034 -1.572686 -0.07903999 -1.572686 -0.07827395 -2.143938 -0.07903999 -1.572686 -0.123046 -1.572686 -0.123046 -1.572686 -0.07903999 -1.572686 -0.123046 -1.120419 -0.123046 -1.572686 -0.123046 -1.120419 -0.154895 -1.120419 -0.154895 -1.120419 -0.123046 -1.120419 -0.156688 0 -0.154895 -1.120419 -0.156688 0 -0.194901 -1.120419 -0.194901 -1.120419 -0.156688 0 -0.234907 0 -0.194901 -1.120419 -0.234907 0 -0.234907 -0.786343 -0.156688 0 -0.123046 -1.120419 -0.07827395 0 -0.07827395 0 -0.123046 -1.120419 -0.07903999 -1.120419 -0.07827395 0 -0.07903999 -1.120419 -0.035034 -1.120419 -0.035034 -1.120419 -0.07903999 -1.120419 -0.035034 -1.572686 -0.234907 -0.786343 -0.234907 -1.572686 -0.194901 -1.120419 -0.194901 -1.120419 -0.234907 -1.572686 -0.194901 -1.572686 -0.194901 -1.120419 -0.194901 -1.572686 -0.154895 -1.572686 -0.154895 -1.572686 -0.194901 -1.572686 -0.156688 -2.143938 -0.154895 -1.572686 -0.156688 -2.143938 -0.123046 -1.572686 -0.123046 -1.572686 -0.156688 -2.143938 -0.07827395 -2.143938 -0.234907 -1.572686 -0.234907 -1.858312 -0.194901 -1.572686 -0.194901 -1.572686 -0.234907 -1.858312 -0.234907 -2.143938 -0.194901 -1.572686 -0.234907 -2.143938 -0.156688 -2.143938 -0.123046 -1.572686 -0.154895 -1.120419 -0.154895 -1.572686 -0.154895 -1.572686 -0.154895 -1.120419 -0.194901 -1.120419 -0.035034 -1.572686 -0.07903999 -1.120419 -0.07903999 -1.572686 -0.07903999 -1.572686 -0.07903999 -1.120419 -0.123046 -1.120419 0 0.984334 0 1.124953 -0.03529596 1.004803 -0.03529596 1.004803 0 1.124953 -0.07823896 1.124953 -0.03529596 1.004803 -0.07823896 1.124953 -0.07914596 1.004803 -0.07914596 1.004803 -0.07823896 1.124953 -0.122995 1.004803 -0.07914596 1.004803 -0.122995 1.004803 -0.07914596 0.884654 -0.07914596 0.884654 -0.122995 1.004803 -0.122995 0.884654 -0.07914596 0.884654 -0.122995 0.884654 -0.07914596 0.803538 -0.07914596 0.803538 -0.122995 0.884654 -0.122995 0.803538 -0.07914596 0.803538 -0.122995 0.803538 -0.07914596 0.653351 -0.07914596 0.653351 -0.122995 0.803538 -0.122995 0.653351 -0.07914596 0.653351 -0.122995 0.653351 -0.07914596 0.503164 -0.07914596 0.503164 -0.122995 0.653351 -0.122995 0.503164 -0.07914596 0.503164 -0.122995 0.503164 -0.07914596 0.352977 -0.07914596 0.352977 -0.122995 0.503164 -0.122995 0.352977 -0.07914596 0.352977 -0.122995 0.352977 -0.07914596 0.20279 -0.07914596 0.20279 -0.122995 0.352977 -0.122995 0.20279 -0.07914596 0.20279 -0.122995 0.20279 -0.07823896 0 -0.07823896 0 -0.122995 0.20279 -0.156629 0 -0.156629 0 -0.122995 0.20279 -0.155082 0.20279 -0.156629 0 -0.155082 0.20279 -0.194946 0.20279 -0.194946 0.20279 -0.155082 0.20279 -0.194946 0.352977 -0.194946 0.20279 -0.194946 0.352977 -0.234809 0.281249 -0.234809 0.281249 -0.194946 0.352977 -0.234809 0.421852 -0.234809 0.421852 -0.194946 0.352977 -0.194946 0.503164 -0.234809 0.421852 -0.194946 0.503164 -0.234809 0.562461 -0.234809 0.562461 -0.194946 0.503164 -0.194946 0.653351 -0.234809 0.562461 -0.194946 0.653351 -0.234809 0.703075 -0.234809 0.703075 -0.194946 0.653351 -0.194946 0.803538 -0.234809 0.703075 -0.194946 0.803538 -0.234809 0.843694 -0.234809 0.843694 -0.194946 0.803538 -0.194946 0.884654 -0.234809 0.843694 -0.194946 0.884654 -0.234809 0.984323 -0.234809 0.984323 -0.194946 0.884654 -0.194946 1.004803 -0.234809 0.984323 -0.194946 1.004803 -0.234809 1.124953 -0.234809 1.124953 -0.194946 1.004803 -0.156629 1.124953 -0.156629 1.124953 -0.194946 1.004803 -0.155082 1.004803 -0.156629 1.124953 -0.155082 1.004803 -0.122995 1.004803 -0.122995 1.004803 -0.155082 1.004803 -0.122995 0.884654 -0.07823896 1.124953 -0.156629 1.124953 -0.122995 1.004803 -0.234809 0.281249 -0.234809 0.140632 -0.194946 0.20279 -0.194946 0.20279 -0.234809 0.140632 -0.156629 0 -0.234809 0.140632 -0.234809 0 -0.156629 0 -0.07914596 0.20279 -0.07823896 0 -0.03529596 0.20279 -0.03529596 0.20279 -0.07823896 0 0 0 -0.03529596 0.20279 0 0 0 0.140619 0 0.140619 0 0.281238 -0.03529596 0.20279 -0.03529596 0.20279 0 0.281238 -0.03529596 0.352977 -0.03529596 0.20279 -0.03529596 0.352977 -0.07914596 0.352977 -0.07914596 0.352977 -0.03529596 0.352977 -0.07914596 0.503164 0 0.281238 0 0.421857 -0.03529596 0.352977 -0.03529596 0.352977 0 0.421857 -0.03529596 0.503164 -0.03529596 0.352977 -0.03529596 0.503164 -0.07914596 0.503164 -0.07914596 0.503164 -0.03529596 0.503164 -0.07914596 0.653351 0 0.421857 0 0.562476 -0.03529596 0.503164 -0.03529596 0.503164 0 0.562476 -0.03529596 0.653351 -0.03529596 0.503164 -0.03529596 0.653351 -0.07914596 0.653351 -0.07914596 0.653351 -0.03529596 0.653351 -0.07914596 0.803538 0 0.562476 0 0.703095 -0.03529596 0.653351 -0.03529596 0.653351 0 0.703095 -0.03529596 0.803538 -0.03529596 0.653351 -0.03529596 0.803538 -0.07914596 0.803538 -0.07914596 0.803538 -0.03529596 0.803538 -0.07914596 0.884654 0 0.703095 0 0.843715 -0.03529596 0.803538 -0.03529596 0.803538 0 0.843715 -0.03529596 0.884654 -0.03529596 0.803538 -0.03529596 0.884654 -0.07914596 0.884654 -0.07914596 0.884654 -0.03529596 0.884654 -0.07914596 1.004803 0 0.843715 0 0.984334 -0.03529596 0.884654 -0.03529596 0.884654 0 0.984334 -0.03529596 1.004803 -0.03529596 0.884654 -0.03529596 1.004803 -0.07914596 1.004803 -0.155082 1.004803 -0.194946 1.004803 -0.155082 0.884654 -0.155082 0.884654 -0.194946 1.004803 -0.194946 0.884654 -0.155082 0.884654 -0.194946 0.884654 -0.155082 0.803538 -0.155082 0.803538 -0.194946 0.884654 -0.194946 0.803538 -0.155082 0.803538 -0.194946 0.803538 -0.155082 0.653351 -0.155082 0.653351 -0.194946 0.803538 -0.194946 0.653351 -0.155082 0.653351 -0.194946 0.653351 -0.155082 0.503164 -0.155082 0.503164 -0.194946 0.653351 -0.194946 0.503164 -0.155082 0.503164 -0.194946 0.503164 -0.155082 0.352977 -0.155082 0.352977 -0.194946 0.503164 -0.194946 0.352977 -0.155082 0.352977 -0.194946 0.352977 -0.155082 0.20279 -0.122995 0.803538 -0.122995 0.884654 -0.155082 0.884654 -0.155082 0.884654 -0.122995 0.884654 -0.155082 1.004803 -0.122995 0.803538 -0.155082 0.884654 -0.155082 0.803538 -0.122995 0.653351 -0.122995 0.803538 -0.155082 0.803538 -0.122995 0.653351 -0.155082 0.803538 -0.155082 0.653351 -0.122995 0.503164 -0.122995 0.653351 -0.155082 0.653351 -0.122995 0.503164 -0.155082 0.653351 -0.155082 0.503164 -0.122995 0.352977 -0.122995 0.503164 -0.155082 0.503164 -0.122995 0.352977 -0.155082 0.503164 -0.155082 0.352977 -0.122995 0.20279 -0.122995 0.352977 -0.155082 0.352977 -0.122995 0.20279 -0.155082 0.352977 -0.155082 0.20279 -0.03529596 0.20279 -0.07914596 0.352977 -0.07914596 0.20279 -1.371741 0.11781 -2.461025 0.11781 -1.371741 0.03926998 -1.371741 0.03926998 -2.461025 0.11781 -2.461025 0.03926998 -1.371741 0.03926998 -2.461025 0.03926998 -1.371741 -0.03926998 -1.371741 -0.03926998 -2.461025 0.03926998 -2.461025 -0.03926998 -1.371741 -0.03926998 -2.461025 -0.03926998 -1.371741 -0.11781 -1.371741 -0.11781 -2.461025 -0.03926998 -2.461025 -0.11781 -2.05866 0.2825 -0.969376 0.2825 -2.05866 2.3325 -2.05866 2.3325 -0.969376 0.2825 -0.969376 2.3325 -4.54e-4 -0.6 -0.04258996 -0.200739 -0.556483 -0.6 -0.556483 -0.6 -0.04258996 -0.200739 -0.593264 -0.200563 -0.593264 -0.200563 -0.04258996 -0.200739 -0.593264 0.200563 -0.593264 0.200563 -0.04258996 -0.200739 -0.04258996 0.200739 -0.593264 0.200563 -0.04258996 0.200739 -0.556483 0.6 -0.556483 0.6 -0.04258996 0.200739 -4.54e-4 0.6 -1.089284 0.2825 0 0.2825 -1.089284 2.3325 -1.089284 2.3325 0 0.2825 0 2.3325 -6.4 -1.511472 -7.565312 -2.030472 -6.4 -1.686699 -6.4 -1.686699 -7.565312 -2.030472 -7.132927 -2.006514 -6.4 -1.686699 -7.132927 -2.006514 -6.421845 -1.798826 -6.421845 -1.798826 -7.132927 -2.006514 -6.483748 -1.894451 -6.483748 -1.894451 -7.132927 -2.006514 -6.688023 -1.98646 -6.483748 -1.894451 -6.688023 -1.98646 -6.577158 -1.959835 -6.36194 -1.32013 -9.665437 -1.397031 -6.4 -1.511472 -6.4 -1.511472 -9.665437 -1.397031 -9.685529 -1.540369 -6.4 -1.511472 -9.685529 -1.540369 -7.565312 -2.030472 -7.565312 -2.030472 -9.685529 -1.540369 -9.670967 -1.684402 -7.565312 -2.030472 -9.670967 -1.684402 -8.327788 -2.084932 -8.327788 -2.084932 -9.670967 -1.684402 -9.622382 -1.820807 -8.327788 -2.084932 -9.622382 -1.820807 -9.542317 -1.941436 -6.36194 -1.32013 -6.253553 -1.157919 -9.665437 -1.397031 -9.665437 -1.397031 -6.253553 -1.157919 -9.465867 -0.652224 -9.465867 -0.652224 -6.253553 -1.157919 -6.091342 -1.049532 -9.465867 -0.652224 -6.091342 -1.049532 -9.404218 -0.348529 -9.404218 -0.348529 -6.091342 -1.049532 -5.9 -1.011472 -9.404218 -0.348529 -5.9 -1.011472 -9.380311 -0.03956395 -9.380311 -0.03956395 -5.9 -1.011472 -5.9 1.011472 -9.380311 -0.03956395 -5.9 1.011472 -9.394507 0.27 -9.394507 0.27 -5.9 1.011472 -6.091342 1.049532 -9.394507 0.27 -6.091342 1.049532 -9.531258 0.896266 -9.531258 0.896266 -6.091342 1.049532 -6.253553 1.157919 -9.531258 0.896266 -6.253553 1.157919 -6.36194 1.32013 -5.9 1.011472 -5.9 -1.011472 -5.708658 1.049532 -5.708658 1.049532 -5.9 -1.011472 -5.708658 -1.049532 -5.708658 1.049532 -5.708658 -1.049532 2.908658 1.54527 2.908658 1.54527 -5.708658 -1.049532 2.908658 -1.54527 2.908658 1.54527 2.908658 -1.54527 3.1 1.50721 3.1 1.50721 2.908658 -1.54527 3.1 -1.50721 3.1 1.50721 3.1 -1.50721 6.23 0 6.23 0 3.1 -1.50721 6.267386 -0.570399 6.267386 -0.570399 3.1 -1.50721 6.378904 -1.131039 6.378904 -1.131039 3.1 -1.50721 3.291342 -1.54527 6.378904 -1.131039 3.291342 -1.54527 3.453553 -1.653657 -5.708658 -1.049532 -5.546446 -1.157919 2.908658 -1.54527 2.908658 -1.54527 -5.546446 -1.157919 -1.424913 -2.039218 2.908658 -1.54527 -1.424913 -2.039218 2.746446 -1.653657 2.746446 -1.653657 -1.424913 -2.039218 0.166679 -2.147603 2.746446 -1.653657 0.166679 -2.147603 2.63806 -1.815868 2.63806 -1.815868 0.166679 -2.147603 2.6 -2.00721 2.6 -2.00721 0.166679 -2.147603 2.6 -2.058747 2.6 -2.058747 0.166679 -2.147603 2.573397 -2.181539 2.573397 -2.181539 0.166679 -2.147603 2.264861 -2.356682 2.573397 -2.181539 2.264861 -2.356682 2.499279 -2.282916 2.499279 -2.282916 2.264861 -2.356682 2.389933 -2.344901 -1.424913 -2.039218 -5.546446 -1.157919 -2.143051 -2.003858 -2.143051 -2.003858 -5.546446 -1.157919 -5.43806 -1.32013 -2.143051 -2.003858 -5.43806 -1.32013 -4.345674 -1.948433 -4.345674 -1.948433 -5.43806 -1.32013 -5.4 -1.511472 -4.345674 -1.948433 -5.4 -1.511472 -5.4 -1.649108 -5.4 -1.649108 -5.376772 -1.764566 -4.345674 -1.948433 -4.345674 -1.948433 -5.376772 -1.764566 -5.311216 -1.861957 -4.345674 -1.948433 -5.311216 -1.861957 -5.097635 -1.949098 -5.097635 -1.949098 -5.311216 -1.861957 -5.212945 -1.92641 3.453553 -1.653657 3.56194 -1.815868 6.378904 -1.131039 6.378904 -1.131039 3.56194 -1.815868 6.660831 -2.183207 6.660831 -2.183207 3.56194 -1.815868 3.6 -2.00721 6.660831 -2.183207 3.6 -2.00721 3.6 -2.270878 6.660831 -2.183207 3.6 -2.270878 4.420205 -2.654386 4.420205 -2.654386 3.6 -2.270878 3.618903 -2.37551 4.420205 -2.654386 3.618903 -2.37551 3.672933 -2.466818 3.755613 -2.533417 3.856112 -2.56765 3.672933 -2.466818 3.672933 -2.466818 3.856112 -2.56765 4.420205 -2.654386 5.215984 -2.788444 6.663379 -2.483451 4.420205 -2.654386 4.420205 -2.654386 6.663379 -2.483451 6.681014 -2.333151 4.420205 -2.654386 6.681014 -2.333151 6.660831 -2.183207 5.967435 -2.927599 6.403894 -2.844189 5.215984 -2.788444 5.215984 -2.788444 6.403894 -2.844189 6.520197 -2.747352 5.215984 -2.788444 6.520197 -2.747352 6.608717 -2.624595 6.118529 -2.937162 6.267245 -2.908924 5.967435 -2.927599 5.967435 -2.927599 6.267245 -2.908924 6.403894 -2.844189 6.608717 -2.624595 6.663379 -2.483451 5.215984 -2.788444 6.23 0 6.267386 0.570399 3.1 1.50721 3.1 1.50721 6.267386 0.570399 6.378904 1.131039 3.1 1.50721 6.378904 1.131039 3.291342 1.54527 3.291342 1.54527 6.378904 1.131039 3.453553 1.653657 3.453553 1.653657 6.378904 1.131039 3.56194 1.815868 3.56194 1.815868 6.378904 1.131039 6.660831 2.183207 3.56194 1.815868 6.660831 2.183207 3.6 2.00721 3.6 2.00721 6.660831 2.183207 3.6 2.270878 3.6 2.270878 6.660831 2.183207 4.420205 2.654386 3.6 2.270878 4.420205 2.654386 4.140368 2.610517 6.660831 2.183207 6.681014 2.333151 4.420205 2.654386 4.420205 2.654386 6.681014 2.333151 6.663379 2.483451 4.420205 2.654386 6.663379 2.483451 5.216007 2.788447 5.216007 2.788447 6.663379 2.483451 6.608717 2.624595 5.216007 2.788447 6.608717 2.624595 6.520197 2.747352 6.520197 2.747352 6.403894 2.844189 5.216007 2.788447 5.216007 2.788447 6.403894 2.844189 5.967435 2.927599 5.967435 2.927599 6.403894 2.844189 6.267245 2.908924 5.967435 2.927599 6.267245 2.908924 6.118529 2.937162 3.856112 2.56765 3.672933 2.466818 4.140368 2.610517 4.140368 2.610517 3.672933 2.466818 3.618903 2.37551 4.140368 2.610517 3.618903 2.37551 3.6 2.270878 3.856112 2.56765 3.755613 2.533417 3.672933 2.466818 2.746446 1.653657 -1.424913 2.039218 2.908658 1.54527 2.908658 1.54527 -1.424913 2.039218 -5.546446 1.157919 2.908658 1.54527 -5.546446 1.157919 -5.708658 1.049532 -1.424913 2.039218 2.746446 1.653657 0.166679 2.147603 0.166679 2.147603 2.746446 1.653657 2.63806 1.815868 0.166679 2.147603 2.63806 1.815868 1.22647 2.243664 1.22647 2.243664 2.63806 1.815868 2.6 2.00721 1.22647 2.243664 2.6 2.00721 2.6 2.058747 2.6 2.058747 2.573397 2.181539 1.22647 2.243664 1.22647 2.243664 2.573397 2.181539 2.499279 2.282916 1.22647 2.243664 2.499279 2.282916 2.264861 2.356681 2.264861 2.356681 2.499279 2.282916 2.389933 2.344901 -1.424913 2.039218 -2.143051 2.003858 -5.546446 1.157919 -5.546446 1.157919 -2.143051 2.003858 -5.43806 1.32013 -5.43806 1.32013 -2.143051 2.003858 -4.345674 1.948433 -5.43806 1.32013 -4.345674 1.948433 -5.4 1.511472 -5.4 1.511472 -4.345674 1.948433 -5.4 1.649108 -5.4 1.649108 -4.345674 1.948433 -5.376772 1.764566 -5.376772 1.764566 -4.345674 1.948433 -5.311216 1.861957 -5.311216 1.861957 -4.345674 1.948433 -5.097635 1.949098 -5.311216 1.861957 -5.097635 1.949098 -5.212945 1.92641 -9.531258 0.896266 -6.36194 1.32013 -9.665437 1.397031 -9.665437 1.397031 -6.36194 1.32013 -6.4 1.511472 -9.665437 1.397031 -6.4 1.511472 -9.685529 1.540369 -9.685529 1.540369 -6.4 1.511472 -7.565312 2.030472 -9.685529 1.540369 -7.565312 2.030472 -9.670967 1.684402 -9.670967 1.684402 -7.565312 2.030472 -8.327774 2.084931 -9.670967 1.684402 -8.327774 2.084931 -9.622382 1.820807 -9.622382 1.820807 -8.327774 2.084931 -9.542317 1.941436 -9.542317 1.941436 -8.327774 2.084931 -9.435788 2.039482 -9.435788 2.039482 -8.327774 2.084931 -9.02427 2.14915 -9.435788 2.039482 -9.02427 2.14915 -9.309029 2.109217 -9.309029 2.109217 -9.02427 2.14915 -9.169072 2.146366 -6.4 1.511472 -6.4 1.686699 -7.565312 2.030472 -7.565312 2.030472 -6.4 1.686699 -6.421845 1.798826 -7.565312 2.030472 -6.421845 1.798826 -6.483748 1.894451 -6.577158 1.959835 -6.688023 1.98646 -6.483748 1.894451 -6.483748 1.894451 -6.688023 1.98646 -7.565312 2.030472 -9.394507 0.27 -9.531258 0.896266 -10.62187 0.27 -10.62187 0.27 -9.531258 0.896266 -10.78967 0.896266 -10.62187 0.27 -10.78967 0.896266 -11.28967 0.762291 -11.28967 0.762291 -10.78967 0.896266 -11.13169 0.835958 -11.13169 0.835958 -10.78967 0.896266 -10.96332 0.881074 -11.28967 0.762291 -11.48159 0.651487 -10.62187 0.27 -10.62187 0.27 -11.48159 0.651487 -11.55633 0.620889 -10.62187 0.27 -11.55633 0.620889 -10.78754 0.256181 -10.78754 0.256181 -11.55633 0.620889 -11.63652 0.611335 -10.78754 0.256181 -11.63652 0.611335 -10.94863 0.215106 -10.94863 0.215106 -11.63652 0.611335 -12.38359 0.434324 -10.94863 0.215106 -12.38359 0.434324 -11.10069 0.1479099 -11.10069 0.1479099 -12.38359 0.434324 -12.5091 0.226922 -11.10069 0.1479099 -12.5091 0.226922 -11.17554 0.09010899 -11.17554 0.09010899 -12.5091 0.226922 -12.54989 -0.01204496 -11.17554 0.09010899 -12.54989 -0.01204496 -11.22867 0.01188099 -11.22867 0.01188099 -12.54989 -0.01204496 -11.25482 -0.079001 -11.25482 -0.079001 -12.54989 -0.01204496 -12.50028 -0.249335 -11.25482 -0.079001 -12.50028 -0.249335 -11.32864 -0.30991 -11.32864 -0.30991 -12.50028 -0.249335 -12.36717 -0.451945 -11.32864 -0.30991 -12.36717 -0.451945 -11.48193 -0.497712 -11.48193 -0.497712 -12.36717 -0.451945 -12.16908 -0.59169 -11.48193 -0.497712 -12.16908 -0.59169 -11.69337 -0.616284 -11.69337 -0.616284 -12.16908 -0.59169 -11.93356 -0.649133 -12.38359 0.434324 -11.63652 0.611335 -12.19082 0.581313 -12.19082 0.581313 -11.63652 0.611335 -11.71635 0.623517 -12.19082 0.581313 -11.71635 0.623517 -11.95759 0.647444 -9.542317 -1.941436 -9.435788 -2.039482 -8.327788 -2.084932 -8.327788 -2.084932 -9.435788 -2.039482 -9.02427 -2.14915 -9.02427 -2.14915 -9.435788 -2.039482 -9.309029 -2.109217 -9.02427 -2.14915 -9.309029 -2.109217 -9.169072 -2.146366 1.431695 0.11781 0.342411 0.11781 1.431695 0.03926998 1.431695 0.03926998 0.342411 0.11781 0.342411 0.03926998 1.431695 0.03926998 0.342411 0.03926998 1.431695 -0.03926998 1.431695 -0.03926998 0.342411 0.03926998 0.342411 -0.03926998 1.431695 -0.03926998 0.342411 -0.03926998 1.431695 -0.11781 1.431695 -0.11781 0.342411 -0.03926998 0.342411 -0.11781 0.155885 0.08999997 -0.155885 0.08999997 0.18 0 0.18 0 -0.155885 0.08999997 -0.18 0 0.18 0 -0.18 0 0.155885 -0.08999997 0.155885 -0.08999997 -0.18 0 -0.155885 -0.08999997 0.155885 -0.08999997 -0.155885 -0.08999997 0.08999997 -0.155885 0.08999997 -0.155885 -0.155885 -0.08999997 -0.08999997 -0.155885 0.08999997 -0.155885 -0.08999997 -0.155885 0 -0.18 -0.155885 0.08999997 0.155885 0.08999997 -0.08999997 0.155885 -0.08999997 0.155885 0.155885 0.08999997 0.08999997 0.155885 -0.08999997 0.155885 0.08999997 0.155885 0 0.18 0.155885 0.08999997 -0.155885 0.08999997 0.18 0 0.18 0 -0.155885 0.08999997 -0.18 0 0.18 0 -0.18 0 0.155885 -0.08999997 0.155885 -0.08999997 -0.18 0 -0.155885 -0.08999997 0.155885 -0.08999997 -0.155885 -0.08999997 0.08999997 -0.155885 0.08999997 -0.155885 -0.155885 -0.08999997 -0.08999997 -0.155885 0.08999997 -0.155885 -0.08999997 -0.155885 0 -0.18 -0.155885 0.08999997 0.155885 0.08999997 -0.08999997 0.155885 -0.08999997 0.155885 0.155885 0.08999997 0.08999997 0.155885 -0.08999997 0.155885 0.08999997 0.155885 0 0.18 6.190259 0.992265 6.204046 1.051659 6.027351 0.932714 6.027351 0.932714 6.204046 1.051659 6.218632 1.110862 6.027351 0.932714 6.218632 1.110862 6.234015 1.169862 6.515943 2.22203 3.7108 1.784897 6.234015 1.169862 6.234015 1.169862 3.7108 1.784897 3.597929 1.589398 6.234015 1.169862 3.597929 1.589398 3.425 1.444293 6.531055 2.334475 5.221014 2.637006 6.515943 2.22203 6.515943 2.22203 5.221014 2.637006 4.443874 2.506265 6.515943 2.22203 4.443874 2.506265 3.75 2.00721 3.75 2.00721 4.443874 2.506265 4.161085 2.461941 3.75 2.00721 4.161085 2.461941 3.75 2.270878 3.75 2.270878 4.161085 2.461941 3.75946 2.323186 3.75946 2.323186 4.161085 2.461941 3.786483 2.368834 3.786483 2.368834 4.161085 2.461941 3.878056 2.419264 3.786483 2.368834 3.878056 2.419264 3.827815 2.402142 6.531055 2.334475 6.517792 2.447181 5.221014 2.637006 5.221014 2.637006 6.517792 2.447181 6.476794 2.553034 5.221014 2.637006 6.476794 2.553034 6.410422 2.645103 5.221014 2.637006 6.410422 2.645103 5.995895 2.780324 5.995895 2.780324 6.410422 2.645103 6.323209 2.717736 5.995895 2.780324 6.323209 2.717736 6.220735 2.766296 6.220735 2.766296 6.109209 2.787489 5.995895 2.780324 3.75 2.00721 3.7108 1.784897 6.515943 2.22203 3.212871 1.367085 5.89459 0.821088 3.425 1.444293 3.425 1.444293 5.89459 0.821088 6.027351 0.932714 3.425 1.444293 6.027351 0.932714 6.234015 1.169862 2.987129 1.367085 5.777868 0.5 3.212871 1.367085 3.212871 1.367085 5.777868 0.5 5.807954 0.670823 3.212871 1.367085 5.807954 0.670823 5.89459 0.821088 2.775 1.444293 -0.25 1.1 2.987129 1.367085 2.987129 1.367085 -0.25 1.1 -0.29755 0.876295 2.987129 1.367085 -0.29755 0.876295 -0.431978 0.69127 -0.25 1.1 2.775 1.444293 -0.29755 1.323705 -0.29755 1.323705 2.775 1.444293 2.602071 1.589398 -0.29755 1.323705 2.602071 1.589398 -0.431978 1.50873 -0.431978 1.50873 2.602071 1.589398 0.178858 1.998098 -0.431978 1.50873 0.178858 1.998098 -0.630041 1.623081 -0.630041 1.623081 0.178858 1.998098 -0.857491 1.646987 -0.857491 1.646987 0.178858 1.998098 -1.41667 1.889444 -0.857491 1.646987 -1.41667 1.889444 -1.075 1.576314 -1.075 1.576314 -1.41667 1.889444 -2.131978 1.50873 -1.075 1.576314 -2.131978 1.50873 -1.244959 1.423282 -1.244959 1.423282 -2.131978 1.50873 -1.99755 1.323705 -1.244959 1.423282 -1.99755 1.323705 -1.337981 1.214351 -1.337981 1.214351 -1.99755 1.323705 -1.95 1.1 -1.337981 1.214351 -1.95 1.1 -1.337981 0.985649 -1.337981 0.985649 -1.95 1.1 -1.99755 0.876295 -1.337981 0.985649 -1.99755 0.876295 -1.244959 0.776718 -1.244959 0.776718 -1.99755 0.876295 -2.131978 0.69127 -1.244959 0.776718 -2.131978 0.69127 -1.075 0.623686 -1.075 0.623686 -2.131978 0.69127 -2.330041 0.576919 -1.075 0.623686 -2.330041 0.576919 -0.857491 0.553013 -0.857491 0.553013 -2.330041 0.576919 -0.857491 -0.553013 -0.857491 0.553013 -0.857491 -0.553013 -0.630041 -0.576919 2.602071 1.589398 2.4892 1.784897 0.178858 1.998098 0.178858 1.998098 2.4892 1.784897 2.45 2.00721 0.178858 1.998098 2.45 2.00721 2.28243 2.207714 2.28243 2.207714 2.45 2.00721 2.45 2.058747 2.28243 2.207714 2.45 2.058747 2.436486 2.120023 2.436486 2.120023 2.399572 2.170775 2.28243 2.207714 2.28243 2.207714 2.399572 2.170775 2.345069 2.201719 -2.131978 1.50873 -1.41667 1.889444 -2.330041 1.623081 -2.330041 1.623081 -1.41667 1.889444 -2.880393 1.826023 -2.330041 1.623081 -2.880393 1.826023 -2.557491 1.646987 -2.557491 1.646987 -2.880393 1.826023 -2.775 1.576314 -2.775 1.576314 -2.880393 1.826023 -4.344768 1.798436 -2.775 1.576314 -4.344768 1.798436 -2.944959 1.423282 -2.944959 1.423282 -4.344768 1.798436 -5.25 1.511472 -2.944959 1.423282 -5.25 1.511472 -3.037981 1.214351 -3.037981 1.214351 -5.25 1.511472 -5.2892 1.289159 -3.037981 1.214351 -5.2892 1.289159 -5.402071 1.09366 -5.098818 1.799103 -5.238376 1.706829 -4.344768 1.798436 -4.344768 1.798436 -5.238376 1.706829 -5.25 1.649108 -4.344768 1.798436 -5.25 1.649108 -5.25 1.511472 -5.156463 1.787753 -5.20559 1.755519 -5.098818 1.799103 -5.098818 1.799103 -5.20559 1.755519 -5.238376 1.706829 -3.037981 1.214351 -5.402071 1.09366 -3.037981 0.985649 -3.037981 0.985649 -5.402071 1.09366 -5.575 0.948556 -3.037981 0.985649 -5.575 0.948556 -2.944959 0.776718 -2.944959 0.776718 -5.575 0.948556 -5.787129 0.871347 -2.944959 0.776718 -5.787129 0.871347 -2.775 0.623686 -2.775 0.623686 -5.787129 0.871347 -2.775 -0.623686 -2.775 0.623686 -2.775 -0.623686 -2.557491 -0.553013 -2.775 -0.623686 -5.787129 0.871347 -5.787129 -0.871347 -5.787129 -0.871347 -5.787129 0.871347 -6.012871 0.871347 -5.787129 -0.871347 -6.012871 0.871347 -6.012871 -0.871347 -6.012871 -0.871347 -6.012871 0.871347 -9.24016 -0.232706 -6.012871 -0.871347 -9.24016 -0.232706 -6.225 -0.948556 -6.225 -0.948556 -9.24016 -0.232706 -9.320979 -0.691047 -6.225 -0.948556 -9.320979 -0.691047 -6.397929 -1.09366 -6.397929 -1.09366 -9.320979 -0.691047 -6.5108 -1.289159 -6.5108 -1.289159 -9.320979 -0.691047 -9.520548 -1.435853 -6.5108 -1.289159 -9.520548 -1.435853 -6.55 -1.511472 -6.55 -1.511472 -9.520548 -1.435853 -7.574444 -1.88075 -6.55 -1.511472 -7.574444 -1.88075 -7.134317 -1.856354 -9.24016 -0.232706 -6.012871 0.871347 -9.24016 0.232706 -9.24016 0.232706 -6.012871 0.871347 -6.225 0.948556 -9.24016 0.232706 -6.225 0.948556 -9.320979 0.691047 -9.320979 0.691047 -6.225 0.948556 -6.397929 1.09366 -9.320979 0.691047 -6.397929 1.09366 -6.5108 1.289159 -9.320979 0.691047 -6.5108 1.289159 -9.520548 1.435853 -9.520548 1.435853 -6.5108 1.289159 -6.55 1.511472 -9.520548 1.435853 -6.55 1.511472 -7.574444 1.88075 -7.574444 1.88075 -6.55 1.511472 -7.134317 1.856354 -7.134317 1.856354 -6.55 1.511472 -6.55 1.686699 -7.134317 1.856354 -6.55 1.686699 -6.561094 1.742612 -6.561094 1.742612 -6.591903 1.790577 -7.134317 1.856354 -7.134317 1.856354 -6.591903 1.790577 -6.694012 1.83658 -6.694012 1.83658 -6.591903 1.790577 -6.638437 1.82342 -7.574444 1.88075 -8.307736 1.932667 -9.520548 1.435853 -9.520548 1.435853 -8.307736 1.932667 -9.535682 1.543414 -9.535682 1.543414 -8.307736 1.932667 -9.524802 1.651484 -9.524802 1.651484 -8.307736 1.932667 -9.488219 1.753678 -9.488219 1.753678 -8.307736 1.932667 -9.428257 1.844241 -9.428257 1.844241 -8.307736 1.932667 -9.348414 1.917811 -9.348414 1.917811 -8.307736 1.932667 -9.039672 1.999943 -9.348414 1.917811 -9.039672 1.999943 -9.253173 1.970037 -9.253173 1.970037 -9.039672 1.999943 -9.148235 1.997928 -7.574444 -1.88075 -9.520548 -1.435853 -8.307736 -1.932667 -8.307736 -1.932667 -9.520548 -1.435853 -9.53574 -1.543366 -8.307736 -1.932667 -9.53574 -1.543366 -9.524808 -1.651397 -9.524808 -1.651397 -9.488313 -1.753702 -8.307736 -1.932667 -8.307736 -1.932667 -9.488313 -1.753702 -9.428307 -1.844183 -8.307736 -1.932667 -9.428307 -1.844183 -9.348375 -1.917721 -8.307736 -1.932667 -9.348375 -1.917721 -9.039672 -1.999943 -9.039672 -1.999943 -9.348375 -1.917721 -9.253258 -1.970016 -9.039672 -1.999943 -9.253258 -1.970016 -9.148272 -1.997863 -6.694012 -1.83658 -6.591889 -1.790563 -7.134317 -1.856354 -7.134317 -1.856354 -6.591889 -1.790563 -6.560931 -1.742755 -7.134317 -1.856354 -6.560931 -1.742755 -6.55 -1.686699 -6.694012 -1.83658 -6.638587 -1.823262 -6.591889 -1.790563 -6.55 -1.686699 -6.55 -1.511472 -7.134317 -1.856354 -2.775 -0.623686 -5.787129 -0.871347 -2.944959 -0.776718 -2.944959 -0.776718 -5.787129 -0.871347 -5.575 -0.948556 -2.944959 -0.776718 -5.575 -0.948556 -3.037981 -0.985649 -3.037981 -0.985649 -5.575 -0.948556 -5.402071 -1.09366 -3.037981 -0.985649 -5.402071 -1.09366 -3.037981 -1.214351 -3.037981 -1.214351 -5.402071 -1.09366 -5.2892 -1.289159 -3.037981 -1.214351 -5.2892 -1.289159 -5.25 -1.511472 -5.25 -1.649108 -4.344768 -1.798436 -5.25 -1.511472 -5.25 -1.511472 -4.344768 -1.798436 -2.944959 -1.423282 -5.25 -1.511472 -2.944959 -1.423282 -3.037981 -1.214351 -5.25 -1.649108 -5.238377 -1.706828 -4.344768 -1.798436 -4.344768 -1.798436 -5.238377 -1.706828 -5.098818 -1.799103 -5.098818 -1.799103 -5.238377 -1.706828 -5.205592 -1.755517 -5.098818 -1.799103 -5.205592 -1.755517 -5.156464 -1.787752 -2.944959 -1.423282 -4.344768 -1.798436 -2.775 -1.576314 -2.775 -1.576314 -4.344768 -1.798436 -2.880393 -1.826023 -2.775 -1.576314 -2.880393 -1.826023 -2.557491 -1.646987 -2.557491 -1.646987 -2.880393 -1.826023 -2.330041 -1.623081 -2.330041 -1.623081 -2.880393 -1.826023 -1.41667 -1.889444 -2.330041 -1.623081 -1.41667 -1.889444 -2.131978 -1.50873 -2.131978 -1.50873 -1.41667 -1.889444 -1.075 -1.576314 -2.131978 -1.50873 -1.075 -1.576314 -1.244959 -1.423282 -1.075 -1.576314 -1.41667 -1.889444 -0.857491 -1.646987 -0.857491 -1.646987 -1.41667 -1.889444 0.178858 -1.998098 -0.857491 -1.646987 0.178858 -1.998098 -0.630041 -1.623081 -0.630041 -1.623081 0.178858 -1.998098 -0.431978 -1.50873 -0.431978 -1.50873 0.178858 -1.998098 2.602071 -1.589398 -0.431978 -1.50873 2.602071 -1.589398 -0.29755 -1.323705 -0.29755 -1.323705 2.602071 -1.589398 2.775 -1.444293 -0.29755 -1.323705 2.775 -1.444293 -0.25 -1.1 -0.25 -1.1 2.775 -1.444293 2.987129 -1.367085 -0.25 -1.1 2.987129 -1.367085 -0.29755 -0.876295 -0.29755 -0.876295 2.987129 -1.367085 -0.431978 -0.69127 -0.431978 -0.69127 2.987129 -1.367085 5.777868 -0.5 -0.431978 -0.69127 5.777868 -0.5 5.777868 0.5 2.28243 -2.207714 2.45 -2.00721 0.178858 -1.998098 0.178858 -1.998098 2.45 -2.00721 2.4892 -1.784897 0.178858 -1.998098 2.4892 -1.784897 2.602071 -1.589398 2.345067 -2.20172 2.399569 -2.170777 2.28243 -2.207714 2.28243 -2.207714 2.399569 -2.170777 2.436485 -2.120024 2.28243 -2.207714 2.436485 -2.120024 2.45 -2.058747 2.45 -2.058747 2.45 -2.00721 2.28243 -2.207714 2.987129 -1.367085 3.212871 -1.367085 5.777868 -0.5 5.777868 -0.5 3.212871 -1.367085 5.807954 -0.670823 5.807954 -0.670823 3.212871 -1.367085 5.89459 -0.821088 5.89459 -0.821088 3.212871 -1.367085 3.425 -1.444293 5.89459 -0.821088 3.425 -1.444293 6.027351 -0.932714 6.027351 -0.932714 3.425 -1.444293 6.234015 -1.169862 6.027351 -0.932714 6.234015 -1.169862 6.218632 -1.110862 3.425 -1.444293 3.597929 -1.589398 6.234015 -1.169862 6.234015 -1.169862 3.597929 -1.589398 3.7108 -1.784897 6.234015 -1.169862 3.7108 -1.784897 6.515943 -2.22203 6.515943 -2.22203 3.7108 -1.784897 3.75 -2.00721 6.515943 -2.22203 3.75 -2.00721 4.443874 -2.506265 4.443874 -2.506265 3.75 -2.00721 4.161085 -2.461941 4.161085 -2.461941 3.75 -2.00721 3.75 -2.270878 4.161085 -2.461941 3.75 -2.270878 3.759588 -2.323084 3.759588 -2.323084 3.786491 -2.368844 4.161085 -2.461941 4.161085 -2.461941 3.786491 -2.368844 3.878056 -2.419264 3.878056 -2.419264 3.786491 -2.368844 3.827695 -2.402253 4.443874 -2.506265 5.221014 -2.637006 6.515943 -2.22203 6.515943 -2.22203 5.221014 -2.637006 6.531054 -2.334478 6.531054 -2.334478 5.221014 -2.637006 6.517789 -2.447188 6.517789 -2.447188 5.221014 -2.637006 6.47679 -2.55304 6.47679 -2.55304 5.221014 -2.637006 6.410417 -2.645108 6.410417 -2.645108 5.221014 -2.637006 5.995895 -2.780324 6.410417 -2.645108 5.995895 -2.780324 6.323203 -2.71774 6.323203 -2.71774 5.995895 -2.780324 6.220729 -2.766299 6.220729 -2.766299 5.995895 -2.780324 6.109207 -2.78749 6.218632 -1.110862 6.204046 -1.051659 6.027351 -0.932714 6.027351 -0.932714 6.204046 -1.051659 6.190259 -0.992265 2.987129 1.367085 -0.431978 0.69127 5.777868 0.5 5.777868 0.5 -0.431978 0.69127 -0.630041 0.576919 5.777868 0.5 -0.630041 0.576919 -0.630041 -0.576919 -0.630041 -0.576919 -0.630041 0.576919 -0.857491 0.553013 -1.99755 -1.323705 -1.337981 -1.214351 -1.95 -1.1 -1.95 -1.1 -1.337981 -1.214351 -1.337981 -0.985649 -1.95 -1.1 -1.337981 -0.985649 -1.99755 -0.876295 -1.99755 -0.876295 -1.337981 -0.985649 -1.244959 -0.776718 -1.99755 -0.876295 -1.244959 -0.776718 -2.131978 -0.69127 -2.131978 -0.69127 -1.244959 -0.776718 -1.075 -0.623686 -2.131978 -0.69127 -1.075 -0.623686 -2.330041 -0.576919 -2.330041 -0.576919 -1.075 -0.623686 -0.857491 -0.553013 -2.330041 -0.576919 -0.857491 -0.553013 -2.330041 0.576919 -1.337981 -1.214351 -1.99755 -1.323705 -1.244959 -1.423282 -1.244959 -1.423282 -1.99755 -1.323705 -2.131978 -1.50873 -2.775 0.623686 -2.557491 -0.553013 -2.557491 0.553013 -2.557491 0.553013 -2.557491 -0.553013 -2.330041 -0.576919 -2.557491 0.553013 -2.330041 -0.576919 -2.330041 0.576919 -0.630041 -0.576919 -0.431978 -0.69127 5.777868 0.5 -0.471239 -1.019083 -0.544697 -1.014894 -0.471239 -1.064577 -0.471239 -1.064577 -0.544697 -1.014894 -0.471239 -1.110071 -0.471239 -1.110071 -0.544697 -1.014894 -0.549779 -1.155565 -0.471239 -1.110071 -0.549779 -1.155565 -0.471239 -1.155565 -0.544697 -1.014894 -0.618071 -1.003581 -0.549779 -1.155565 -0.549779 -1.155565 -0.618071 -1.003581 -0.628319 -1.155565 -0.628319 -1.155565 -0.618071 -1.003581 -0.663036 -0.992561 -0.628319 -1.155565 -0.663036 -0.992561 -0.706858 -1.096023 -0.706858 -1.096023 -0.663036 -0.992561 -0.706858 -1.03648 -0.706858 -1.03648 -0.663036 -0.992561 -0.706858 -0.976937 -0.706858 -1.096023 -0.706858 -1.155565 -0.628319 -1.155565 -0.525454 -0.314159 -0.498027 -0.157752 -1.081483 -0.314159 -1.081483 -0.314159 -0.498027 -0.157752 -1.057575 -0.157597 -1.057575 -0.157597 -0.498027 -0.157752 -0.469671 -0.001307964 -1.057575 -0.157597 -0.469671 -0.001307964 -1.032908 -9.99e-4 -1.032908 -9.99e-4 -0.469671 -0.001307964 -0.447909 0.155799 -1.032908 -9.99e-4 -0.447909 0.155799 -1.014041 0.1561059 -1.014041 0.1561059 -0.447909 0.155799 -1.006914 0.314159 -1.006914 0.314159 -0.447909 0.155799 -0.439656 0.314159 -0.524546 -0.314159 0.03148299 -0.314159 -0.551973 -0.157752 -0.551973 -0.157752 0.03148299 -0.314159 0.007574975 -0.157597 -0.551973 -0.157752 0.007574975 -0.157597 -0.580329 -0.001307964 -0.580329 -0.001307964 0.007574975 -0.157597 -0.01709198 -9.99e-4 -0.580329 -0.001307964 -0.01709198 -9.99e-4 -0.602091 0.155799 -0.602091 0.155799 -0.01709198 -9.99e-4 -0.035959 0.1561059 -0.602091 0.155799 -0.035959 0.1561059 -0.610344 0.314159 -0.610344 0.314159 -0.035959 0.1561059 -0.04308599 0.314159 0.2825 0.572032 1.498952 0.888238 0.2825 1.144063 0.2825 1.144063 1.498952 0.888238 1.628528 0.977304 0.2825 1.144063 1.628528 0.977304 1.7825 1.00894 0.2825 0 1.3825 0.200634 0.2825 0.572032 0.2825 0.572032 1.3825 0.200634 1.3825 0.601901 0.2825 0.572032 1.3825 0.601901 1.412751 0.756366 1.3825 0.200634 0.2825 0 1.3825 -0.200634 1.3825 -0.200634 0.2825 0 0.2825 -0.572032 1.3825 -0.200634 0.2825 -0.572032 1.3825 -0.601901 1.3825 -0.601901 0.2825 -0.572032 1.412751 -0.756366 1.412751 -0.756366 0.2825 -0.572032 0.2825 -1.144063 1.412751 -0.756366 0.2825 -1.144063 1.498952 -0.888238 1.498952 -0.888238 0.2825 -1.144063 1.628528 -0.977304 1.628528 -0.977304 0.2825 -1.144063 1.7825 -1.00894 1.7825 -1.00894 0.2825 -1.144063 2.3325 -1.099022 1.7825 -1.00894 2.3325 -1.099022 2.3325 -1.053981 0.2825 -1.144063 2.3325 -1.144063 2.3325 -1.099022 2.3325 -1.053981 2.3325 -1.00894 1.7825 -1.00894 1.412751 0.756366 1.498952 0.888238 0.2825 0.572032 2.3325 1.00894 2.3325 1.053981 1.7825 1.00894 1.7825 1.00894 2.3325 1.053981 2.3325 1.099022 1.7825 1.00894 2.3325 1.099022 0.2825 1.144063 0.2825 1.144063 2.3325 1.099022 2.3325 1.144063 0.235619 0.976937 0.279299 0.99252 0.235619 1.03648 0.235619 1.03648 0.279299 0.99252 0.235619 1.096023 0.235619 1.096023 0.279299 0.99252 0.314159 1.155565 0.235619 1.096023 0.314159 1.155565 0.235619 1.155565 0.279299 0.99252 0.324407 1.003581 0.314159 1.155565 0.314159 1.155565 0.324407 1.003581 0.392699 1.155565 0.392699 1.155565 0.324407 1.003581 0.397781 1.014893 0.392699 1.155565 0.397781 1.014893 0.471239 1.110071 0.471239 1.110071 0.397781 1.014893 0.471239 1.064577 0.471239 1.064577 0.397781 1.014893 0.471239 1.019083 0.471239 1.110071 0.471239 1.155565 0.392699 1.155565 0.45 -0.431969 -0.45 -0.431969 0.45 -0.518363 0.45 -0.518363 -0.45 -0.431969 -0.45 -0.518363 0.45 0.518363 -0.45 0.518363 0.45 0.431969 0.45 0.431969 -0.45 0.518363 -0.45 0.431969 0.45 0.431969 -0.45 0.431969 0.45 0.345575 0.45 0.345575 -0.45 0.431969 -0.45 0.345575 0.45 0.345575 -0.45 0.345575 0.45 0.259181 0.45 0.259181 -0.45 0.345575 -0.45 0.259181 0.45 0.259181 -0.45 0.259181 0.45 0.172788 0.45 0.172788 -0.45 0.259181 -0.45 0.172788 0.45 0.172788 -0.45 0.172788 0.45 0.08639395 0.45 0.08639395 -0.45 0.172788 -0.45 0.08639395 0.45 0.08639395 -0.45 0.08639395 0.45 0 0.45 0 -0.45 0.08639395 -0.45 0 0.45 0 -0.45 0 0.45 -0.08639395 0.45 -0.08639395 -0.45 0 -0.45 -0.08639395 0.45 -0.08639395 -0.45 -0.08639395 0.45 -0.172788 0.45 -0.172788 -0.45 -0.08639395 -0.45 -0.172788 0.45 -0.172788 -0.45 -0.172788 0.45 -0.259181 0.45 -0.259181 -0.45 -0.172788 -0.45 -0.259181 0.45 -0.259181 -0.45 -0.259181 0.45 -0.345575 0.45 -0.345575 -0.45 -0.259181 -0.45 -0.345575 0.45 -0.345575 -0.45 -0.345575 0.45 -0.431969 0.45 -0.431969 -0.45 -0.345575 -0.45 -0.431969 0.45 -0.431969 -0.45 -0.431969 0.45 -0.518363 0.45 -0.518363 -0.45 -0.431969 -0.45 -0.518363 0.45 0.518363 -0.45 0.518363 0.45 0.431969 0.45 0.431969 -0.45 0.518363 -0.45 0.431969 0.45 0.431969 -0.45 0.431969 0.45 0.345575 0.45 0.345575 -0.45 0.431969 -0.45 0.345575 0.45 0.345575 -0.45 0.345575 0.45 0.259181 0.45 0.259181 -0.45 0.345575 -0.45 0.259181 0.45 0.259181 -0.45 0.259181 0.45 0.172788 0.45 0.172788 -0.45 0.259181 -0.45 0.172788 0.45 0.172788 -0.45 0.172788 0.45 0.08639395 0.45 0.08639395 -0.45 0.172788 -0.45 0.08639395 0.45 0.08639395 -0.45 0.08639395 0.45 0 0.45 0 -0.45 0.08639395 -0.45 0 0.45 0 -0.45 0 0.45 -0.08639395 0.45 -0.08639395 -0.45 0 -0.45 -0.08639395 0.45 -0.08639395 -0.45 -0.08639395 0.45 -0.172788 0.45 -0.172788 -0.45 -0.08639395 -0.45 -0.172788 0.45 -0.172788 -0.45 -0.172788 0.45 -0.259181 0.45 -0.259181 -0.45 -0.172788 -0.45 -0.259181 0.45 -0.259181 -0.45 -0.259181 0.45 -0.345575 0.45 -0.345575 -0.45 -0.259181 -0.45 -0.345575 0.45 -0.345575 -0.45 -0.345575 0.45 -0.431969 0.45 -0.431969 -0.45 -0.345575 -0.45 -0.431969 0.45 -0.431969 -0.45 -0.431969 0.45 -0.518363 0.45 -0.518363 -0.45 -0.431969 -0.45 -0.518363 0.45 0.518363 -0.45 0.518363 0.45 0.431969 0.45 0.431969 -0.45 0.518363 -0.45 0.431969 0.45 0.431969 -0.45 0.431969 0.45 0.345575 0.45 0.345575 -0.45 0.431969 -0.45 0.345575 0.45 0.345575 -0.45 0.345575 0.45 0.259181 0.45 0.259181 -0.45 0.345575 -0.45 0.259181 0.45 0.259181 -0.45 0.259181 0.45 0.172788 0.45 0.172788 -0.45 0.259181 -0.45 0.172788 0.45 0.172788 -0.45 0.172788 0.45 0.08639395 0.45 0.08639395 -0.45 0.172788 -0.45 0.08639395 0.45 0.08639395 -0.45 0.08639395 0.45 0 0.45 0 -0.45 0.08639395 -0.45 0 0.45 0 -0.45 0 0.45 -0.08639395 0.45 -0.08639395 -0.45 0 -0.45 -0.08639395 0.45 -0.08639395 -0.45 -0.08639395 0.45 -0.172788 0.45 -0.172788 -0.45 -0.08639395 -0.45 -0.172788 0.45 -0.172788 -0.45 -0.172788 0.45 -0.259181 0.45 -0.259181 -0.45 -0.172788 -0.45 -0.259181 0.45 -0.259181 -0.45 -0.259181 0.45 -0.345575 0.45 -0.345575 -0.45 -0.259181 -0.45 -0.345575 0.45 -0.345575 -0.45 -0.345575 0.45 -0.431969 0.45 -0.431969 -0.45 -0.345575 -0.45 -0.431969 0 -0.471239 -1 -0.471239 0 -0.565487 0 -0.565487 -1 -0.471239 -1 -0.565487 0 0.565487 -1 0.565487 0 0.471239 0 0.471239 -1 0.565487 -1 0.471239 0 0.471239 -1 0.471239 0 0.376991 0 0.376991 -1 0.471239 -1 0.376991 0 0.376991 -1 0.376991 0 0.282743 0 0.282743 -1 0.376991 -1 0.282743 0 0.282743 -1 0.282743 0 0.1884959 0 0.1884959 -1 0.282743 -1 0.1884959 0 0.1884959 -1 0.1884959 0 0.09424799 0 0.09424799 -1 0.1884959 -1 0.09424799 0 0.09424799 -1 0.09424799 0 0 0 0 -1 0.09424799 -1 0 0 0 -1 0 0 -0.09424799 0 -0.09424799 -1 0 -1 -0.09424799 0 -0.09424799 -1 -0.09424799 0 -0.1884959 0 -0.1884959 -1 -0.09424799 -1 -0.1884959 0 -0.1884959 -1 -0.1884959 0 -0.282743 0 -0.282743 -1 -0.1884959 -1 -0.282743 0 -0.282743 -1 -0.282743 0 -0.376991 0 -0.376991 -1 -0.282743 -1 -0.376991 0 -0.376991 -1 -0.376991 0 -0.471239 0 -0.471239 -1 -0.376991 -1 -0.471239 0 -0.471239 -1 -0.471239 0 -0.565487 0 -0.565487 -1 -0.471239 -1 -0.565487 0 0.565487 -1 0.565487 0 0.471239 0 0.471239 -1 0.565487 -1 0.471239 0 0.471239 -1 0.471239 0 0.376991 0 0.376991 -1 0.471239 -1 0.376991 0 0.376991 -1 0.376991 0 0.282743 0 0.282743 -1 0.376991 -1 0.282743 0 0.282743 -1 0.282743 0 0.1884959 0 0.1884959 -1 0.282743 -1 0.1884959 0 0.1884959 -1 0.1884959 0 0.09424799 0 0.09424799 -1 0.1884959 -1 0.09424799 0 0.09424799 -1 0.09424799 0 0 0 0 -1 0.09424799 -1 0 0 0 -1 0 0 -0.09424799 0 -0.09424799 -1 0 -1 -0.09424799 0 -0.09424799 -1 -0.09424799 0 -0.1884959 0 -0.1884959 -1 -0.09424799 -1 -0.1884959 0 -0.1884959 -1 -0.1884959 0 -0.282743 0 -0.282743 -1 -0.1884959 -1 -0.282743 0 -0.282743 -1 -0.282743 0 -0.376991 0 -0.376991 -1 -0.282743 -1 -0.376991 0 -0.376991 -1 -0.376991 0 -0.471239 0 -0.471239 -1 -0.376991 -1 -0.471239 -0.4 -0.392699 0 -0.392699 -0.4 -0.218365 -0.4 -0.218365 0 -0.392699 0 -0.19635 -0.4 -0.218365 0 -0.19635 -0.4 -0.04403197 -0.4 -0.04403197 0 -0.19635 0 0 -0.4 -0.04403197 0 0 -0.4 0.130302 -0.4 0.130302 0 0 0 0.19635 -0.4 0.130302 0 0.19635 -0.4 0.304636 -0.4 0.304636 0 0.19635 0 0.392699 -0.4 0.304636 0 0.392699 -0.406315 0.350551 -0.406315 0.350551 0 0.392699 -0.425519 0.392699 0.5 0 1.5 0 0.5 0.4 0.5 0.4 1.5 0 1.5 0.4 0 -0.19635 -0.4 -0.304636 0 -0.392699 0 -0.392699 -0.4 -0.304636 -0.406355 -0.350694 0 -0.392699 -0.406355 -0.350694 -0.425519 -0.392699 -0.4 -0.304636 0 -0.19635 -0.4 -0.130302 -0.4 -0.130302 0 -0.19635 0 0 -0.4 -0.130302 0 0 -0.4 0.04403197 -0.4 0.04403197 0 0 0 0.19635 -0.4 0.04403197 0 0.19635 -0.4 0.218365 -0.4 0.218365 0 0.19635 0 0.392699 -0.4 0.218365 0 0.392699 -0.4 0.392699 0.45 -0.431969 -0.45 -0.431969 0.45 -0.518363 0.45 -0.518363 -0.45 -0.431969 -0.45 -0.518363 0.45 0.518363 -0.45 0.518363 0.45 0.431969 0.45 0.431969 -0.45 0.518363 -0.45 0.431969 0.45 0.431969 -0.45 0.431969 0.45 0.345575 0.45 0.345575 -0.45 0.431969 -0.45 0.345575 0.45 0.345575 -0.45 0.345575 0.45 0.259181 0.45 0.259181 -0.45 0.345575 -0.45 0.259181 0.45 0.259181 -0.45 0.259181 0.45 0.172788 0.45 0.172788 -0.45 0.259181 -0.45 0.172788 0.45 0.172788 -0.45 0.172788 0.45 0.08639395 0.45 0.08639395 -0.45 0.172788 -0.45 0.08639395 0.45 0.08639395 -0.45 0.08639395 0.45 0 0.45 0 -0.45 0.08639395 -0.45 0 0.45 0 -0.45 0 0.45 -0.08639395 0.45 -0.08639395 -0.45 0 -0.45 -0.08639395 0.45 -0.08639395 -0.45 -0.08639395 0.45 -0.172788 0.45 -0.172788 -0.45 -0.08639395 -0.45 -0.172788 0.45 -0.172788 -0.45 -0.172788 0.45 -0.259181 0.45 -0.259181 -0.45 -0.172788 -0.45 -0.259181 0.45 -0.259181 -0.45 -0.259181 0.45 -0.345575 0.45 -0.345575 -0.45 -0.259181 -0.45 -0.345575 0.45 -0.345575 -0.45 -0.345575 0.45 -0.431969 0.45 -0.431969 -0.45 -0.345575 -0.45 -0.431969 0 0 1.6 0 0.964656 0.4 0.964656 0.4 1.6 0 1.6 0.425519 0.964656 0.4 1.6 0.425519 1.550113 0.47949 1.550113 0.47949 1.531914 0.55 0.964656 0.4 0.964656 0.4 1.531914 0.55 0.964656 1.1 0.964656 1.1 1.531914 0.55 1.531914 1.1 0.964656 0.4 0 0.4 0 0 0.549884 0.479492 0.5 0.425519 1.135344 0.4 1.135344 0.4 0.5 0.425519 0.5 0 1.135344 0.4 0.5 0 2.1 0 2.1 0 2.1 0.4 1.135344 0.4 0.549884 0.479492 1.135344 0.4 0.568086 0.55 0.568086 0.55 1.135344 0.4 1.135344 1.1 0.568086 0.55 1.135344 1.1 0.568086 1.1 0.45 -0.431969 -0.45 -0.431969 0.45 -0.518363 0.45 -0.518363 -0.45 -0.431969 -0.45 -0.518363 0.45 0.518363 -0.45 0.518363 0.45 0.431969 0.45 0.431969 -0.45 0.518363 -0.45 0.431969 0.45 0.431969 -0.45 0.431969 0.45 0.345575 0.45 0.345575 -0.45 0.431969 -0.45 0.345575 0.45 0.345575 -0.45 0.345575 0.45 0.259181 0.45 0.259181 -0.45 0.345575 -0.45 0.259181 0.45 0.259181 -0.45 0.259181 0.45 0.172788 0.45 0.172788 -0.45 0.259181 -0.45 0.172788 0.45 0.172788 -0.45 0.172788 0.45 0.08639395 0.45 0.08639395 -0.45 0.172788 -0.45 0.08639395 0.45 0.08639395 -0.45 0.08639395 0.45 0 0.45 0 -0.45 0.08639395 -0.45 0 0.45 0 -0.45 0 0.45 -0.08639395 0.45 -0.08639395 -0.45 0 -0.45 -0.08639395 0.45 -0.08639395 -0.45 -0.08639395 0.45 -0.172788 0.45 -0.172788 -0.45 -0.08639395 -0.45 -0.172788 0.45 -0.172788 -0.45 -0.172788 0.45 -0.259181 0.45 -0.259181 -0.45 -0.172788 -0.45 -0.259181 0.45 -0.259181 -0.45 -0.259181 0.45 -0.345575 0.45 -0.345575 -0.45 -0.259181 -0.45 -0.345575 0.45 -0.345575 -0.45 -0.345575 0.45 -0.431969 0.45 -0.431969 -0.45 -0.345575 -0.45 -0.431969 -0.259808 -0.15 -0.142894 -0.08249998 -0.3 0 -0.3 0 -0.142894 -0.08249998 -0.165 0 -0.3 0 -0.165 0 -0.142894 0.08249998 -0.142894 -0.08249998 -0.259808 -0.15 -0.08249998 -0.142894 -0.08249998 -0.142894 -0.259808 -0.15 -0.15 -0.259808 -0.08249998 -0.142894 -0.15 -0.259808 0 -0.165 0 -0.165 -0.15 -0.259808 0 -0.3 0 -0.165 0 -0.3 0.15 -0.259808 0 -0.165 0.15 -0.259808 0.08249998 -0.142894 0.08249998 -0.142894 0.15 -0.259808 0.259808 -0.15 0.08249998 -0.142894 0.259808 -0.15 0.142894 -0.08249998 0.142894 -0.08249998 0.259808 -0.15 0.165 0 0.165 0 0.259808 -0.15 0.3 0 0.165 0 0.3 0 0.142894 0.08249998 0.142894 0.08249998 0.3 0 0.259808 0.15 0.142894 0.08249998 0.259808 0.15 0.08249998 0.142894 0.08249998 0.142894 0.259808 0.15 0.15 0.259808 0.08249998 0.142894 0.15 0.259808 0 0.165 0 0.165 0.15 0.259808 0 0.3 0 0.165 0 0.3 -0.15 0.259808 0 0.165 -0.15 0.259808 -0.08249998 0.142894 -0.08249998 0.142894 -0.15 0.259808 -0.259808 0.15 -0.08249998 0.142894 -0.259808 0.15 -0.142894 0.08249998 -0.142894 0.08249998 -0.259808 0.15 -0.3 0 -0.259808 -0.15 -0.142894 -0.08249998 -0.3 0 -0.3 0 -0.142894 -0.08249998 -0.165 0 -0.3 0 -0.165 0 -0.142894 0.08249998 -0.142894 -0.08249998 -0.259808 -0.15 -0.08249998 -0.142894 -0.08249998 -0.142894 -0.259808 -0.15 -0.15 -0.259808 -0.08249998 -0.142894 -0.15 -0.259808 0 -0.165 0 -0.165 -0.15 -0.259808 0 -0.3 0 -0.165 0 -0.3 0.15 -0.259808 0 -0.165 0.15 -0.259808 0.08249998 -0.142894 0.08249998 -0.142894 0.15 -0.259808 0.259808 -0.15 0.08249998 -0.142894 0.259808 -0.15 0.142894 -0.08249998 0.142894 -0.08249998 0.259808 -0.15 0.165 0 0.165 0 0.259808 -0.15 0.3 0 0.165 0 0.3 0 0.142894 0.08249998 0.142894 0.08249998 0.3 0 0.259808 0.15 0.142894 0.08249998 0.259808 0.15 0.08249998 0.142894 0.08249998 0.142894 0.259808 0.15 0.15 0.259808 0.08249998 0.142894 0.15 0.259808 0 0.165 0 0.165 0.15 0.259808 0 0.3 0 0.165 0 0.3 -0.15 0.259808 0 0.165 -0.15 0.259808 -0.08249998 0.142894 -0.08249998 0.142894 -0.15 0.259808 -0.259808 0.15 -0.08249998 0.142894 -0.259808 0.15 -0.142894 0.08249998 -0.142894 0.08249998 -0.259808 0.15 -0.3 0 -0.259808 -0.15 -0.142894 -0.08249998 -0.3 0 -0.3 0 -0.142894 -0.08249998 -0.165 0 -0.3 0 -0.165 0 -0.142894 0.08249998 -0.142894 -0.08249998 -0.259808 -0.15 -0.08249998 -0.142894 -0.08249998 -0.142894 -0.259808 -0.15 -0.15 -0.259808 -0.08249998 -0.142894 -0.15 -0.259808 0 -0.165 0 -0.165 -0.15 -0.259808 0 -0.3 0 -0.165 0 -0.3 0.15 -0.259808 0 -0.165 0.15 -0.259808 0.08249998 -0.142894 0.08249998 -0.142894 0.15 -0.259808 0.259808 -0.15 0.08249998 -0.142894 0.259808 -0.15 0.142894 -0.08249998 0.142894 -0.08249998 0.259808 -0.15 0.165 0 0.165 0 0.259808 -0.15 0.3 0 0.165 0 0.3 0 0.142894 0.08249998 0.142894 0.08249998 0.3 0 0.259808 0.15 0.142894 0.08249998 0.259808 0.15 0.08249998 0.142894 0.08249998 0.142894 0.259808 0.15 0.15 0.259808 0.08249998 0.142894 0.15 0.259808 0 0.165 0 0.165 0.15 0.259808 0 0.3 0 0.165 0 0.3 -0.15 0.259808 0 0.165 -0.15 0.259808 -0.08249998 0.142894 -0.08249998 0.142894 -0.15 0.259808 -0.259808 0.15 -0.08249998 0.142894 -0.259808 0.15 -0.142894 0.08249998 -0.142894 0.08249998 -0.259808 0.15 -0.3 0 6.277868 -0.999952 6.72 -1.195221 7.877868 -0.999952 7.877868 -0.999952 6.72 -1.195221 6.785884 -1.261106 7.877868 -0.999952 6.785884 -1.261106 6.81 -1.351106 6.086527 -0.961891 6.049303 -1.647707 6.277868 -0.999952 6.277868 -0.999952 6.049303 -1.647707 6.261081 -1.716518 6.277868 -0.999952 6.261081 -1.716518 6.45 -1.351106 6.45 -1.351106 6.261081 -1.716518 6.474115 -1.441106 6.474115 -1.441106 6.261081 -1.716518 6.54 -1.50699 6.54 -1.50699 6.261081 -1.716518 6.63 -1.531106 6.63 -1.531106 6.261081 -1.716518 6.72 -1.50699 6.72 -1.50699 6.261081 -1.716518 8.638182 -2.135665 6.72 -1.50699 8.638182 -2.135665 8.325525 -1.799052 5.924315 -0.853505 5.721561 -1.352607 6.086527 -0.961891 6.086527 -0.961891 5.721561 -1.352607 5.864695 -1.523188 6.086527 -0.961891 5.864695 -1.523188 6.049303 -1.647707 5.815929 -0.691293 5.6 -0.928672 5.924315 -0.853505 5.924315 -0.853505 5.6 -0.928672 5.630991 -1.149182 5.924315 -0.853505 5.630991 -1.149182 5.721561 -1.352607 5.815929 -0.691293 5.777868 -0.499952 5.6 -0.928672 5.6 -0.928672 5.777868 -0.499952 5.777868 0.500048 5.6 -0.928672 5.777868 0.500048 5.6 0.928769 5.6 0.928769 5.777868 0.500048 5.815929 0.69139 5.6 0.928769 5.815929 0.69139 5.924315 0.853602 6.086527 0.961988 5.721561 1.352704 5.924315 0.853602 5.924315 0.853602 5.721561 1.352704 5.630991 1.149279 5.924315 0.853602 5.630991 1.149279 5.6 0.928769 6.277868 1.000048 6.049303 1.647804 6.086527 0.961988 6.086527 0.961988 6.049303 1.647804 5.864695 1.523285 6.086527 0.961988 5.864695 1.523285 5.721561 1.352704 7.877868 1.000048 6.72 1.195318 6.277868 1.000048 6.277868 1.000048 6.72 1.195318 6.63 1.171202 6.277868 1.000048 6.63 1.171202 6.54 1.195318 8.069949 1.417384 6.81 1.351202 7.877868 1.000048 7.877868 1.000048 6.81 1.351202 6.785884 1.261202 7.877868 1.000048 6.785884 1.261202 6.72 1.195318 6.81 1.351202 8.069949 1.417384 6.785884 1.441202 6.785884 1.441202 8.069949 1.417384 8.325525 1.799149 6.785884 1.441202 8.325525 1.799149 6.72 1.507087 6.72 1.507087 8.325525 1.799149 8.638182 2.135762 6.72 1.507087 8.638182 2.135762 6.261081 1.716615 6.049303 1.647804 6.277868 1.000048 6.261081 1.716615 6.261081 1.716615 6.277868 1.000048 6.45 1.351202 6.261081 1.716615 6.45 1.351202 6.474115 1.441202 6.72 -1.50699 8.325525 -1.799052 6.785884 -1.441106 6.785884 -1.441106 8.325525 -1.799052 8.069949 -1.417287 6.785884 -1.441106 8.069949 -1.417287 6.81 -1.351106 6.81 -1.351106 8.069949 -1.417287 7.877868 -0.999952 6.54 1.195318 6.474115 1.261202 6.277868 1.000048 6.277868 1.000048 6.474115 1.261202 6.45 1.351202 6.474115 1.441202 6.54 1.507087 6.261081 1.716615 6.261081 1.716615 6.54 1.507087 6.63 1.531202 6.261081 1.716615 6.63 1.531202 6.72 1.507087 6.45 -1.351106 6.474115 -1.261106 6.277868 -0.999952 6.277868 -0.999952 6.474115 -1.261106 6.54 -1.195221 6.277868 -0.999952 6.54 -1.195221 6.63 -1.171106 6.63 -1.171106 6.72 -1.195221 6.277868 -0.999952 -0.259808 -0.15 -0.142894 -0.08249998 -0.3 0 -0.3 0 -0.142894 -0.08249998 -0.165 0 -0.3 0 -0.165 0 -0.142894 0.08249998 -0.142894 -0.08249998 -0.259808 -0.15 -0.08249998 -0.142894 -0.08249998 -0.142894 -0.259808 -0.15 -0.15 -0.259808 -0.08249998 -0.142894 -0.15 -0.259808 0 -0.165 0 -0.165 -0.15 -0.259808 0 -0.3 0 -0.165 0 -0.3 0.15 -0.259808 0 -0.165 0.15 -0.259808 0.08249998 -0.142894 0.08249998 -0.142894 0.15 -0.259808 0.259808 -0.15 0.08249998 -0.142894 0.259808 -0.15 0.142894 -0.08249998 0.142894 -0.08249998 0.259808 -0.15 0.165 0 0.165 0 0.259808 -0.15 0.3 0 0.165 0 0.3 0 0.142894 0.08249998 0.142894 0.08249998 0.3 0 0.259808 0.15 0.142894 0.08249998 0.259808 0.15 0.08249998 0.142894 0.08249998 0.142894 0.259808 0.15 0.15 0.259808 0.08249998 0.142894 0.15 0.259808 0 0.165 0 0.165 0.15 0.259808 0 0.3 0 0.165 0 0.3 -0.15 0.259808 0 0.165 -0.15 0.259808 -0.08249998 0.142894 -0.08249998 0.142894 -0.15 0.259808 -0.259808 0.15 -0.08249998 0.142894 -0.259808 0.15 -0.142894 0.08249998 -0.142894 0.08249998 -0.259808 0.15 -0.3 0 -0.8 -8.089659 -0.8 -7.629761 -1.2 -8.089659 -1.2 -8.089659 -0.8 -7.629761 -1.2 -7.567745 -1.2 -7.567745 -0.8 -7.629761 -0.8 -7.169862 -1.2 -7.567745 -0.8 -7.169862 -1.2 -7.045832 -1.2 -7.045832 -0.8 -7.169862 -0.8 -6.709964 -1.2 -7.045832 -0.8 -6.709964 -1.2 -6.523918 -1.2 -6.523918 -0.8 -6.709964 -0.25 -6.709964 -1.2 -6.523918 -0.25 -6.709964 -0.25 -6.193813 -1.2 -6.523918 -0.25 -6.193813 -1.2 -6.002005 -1.2 -6.002005 -0.25 -6.193813 -0.25 -5.677662 -1.2 -6.002005 -0.25 -5.677662 -1.2 -5.480092 -1.2 -5.480092 -0.25 -5.677662 -0.25 -5.161511 -1.2 -5.480092 -0.25 -5.161511 -1.2 -4.958178 -1.2 -4.958178 -0.25 -5.161511 -0.25 -4.64536 -1.2 -4.958178 -0.25 -4.64536 -1.2 -4.436265 -1.2 -4.436265 -0.25 -4.64536 -0.25 -4.129209 -1.2 -4.436265 -0.25 -4.129209 -1.2 -3.914351 -1.2 -3.914351 -0.25 -4.129209 -0.25 -3.613058 -1.2 -3.914351 -0.25 -3.613058 -1.2 -3.392438 -1.2 -3.392438 -0.25 -3.613058 -0.25 -3.096906 -1.2 -3.392438 -0.25 -3.096906 -1.2 -2.870524 -1.2 -2.870524 -0.25 -3.096906 -0.25 -2.580755 -1.2 -2.870524 -0.25 -2.580755 -1.2 -2.348611 -1.2 -2.348611 -0.25 -2.580755 -0.25 -2.064604 -1.2 -2.348611 -0.25 -2.064604 -1.2 -1.826697 -1.2 -1.826697 -0.25 -2.064604 -0.25 -1.548453 -1.2 -1.826697 -0.25 -1.548453 -1.2 -1.304784 -1.2 -1.304784 -0.25 -1.548453 -0.25 -1.032302 -1.2 -1.304784 -0.25 -1.032302 -1.2 -0.78287 -1.2 -0.78287 -0.25 -1.032302 -0.25 -0.516151 -1.2 -0.78287 -0.25 -0.516151 -1.2 -0.260957 -1.2 -0.260957 -0.25 -0.516151 -0.25 0 -1.2 -0.260957 -0.25 0 -1.2 0.260957 -1.2 0.260957 -0.25 0 -0.25 0.516151 -1.2 0.260957 -0.25 0.516151 -1.2 0.78287 -1.2 0.78287 -0.25 0.516151 -0.25 1.032302 -1.2 0.78287 -0.25 1.032302 -1.2 1.304784 -1.2 1.304784 -0.25 1.032302 -0.25 1.548453 -1.2 1.304784 -0.25 1.548453 -1.2 1.826697 -1.2 1.826697 -0.25 1.548453 -0.25 2.064604 -1.2 1.826697 -0.25 2.064604 -1.2 2.348611 -1.2 2.348611 -0.25 2.064604 -0.25 2.580755 -1.2 2.348611 -0.25 2.580755 -1.2 2.870524 -1.2 2.870524 -0.25 2.580755 -0.25 3.096906 -1.2 2.870524 -0.25 3.096906 -1.2 3.392438 -1.2 3.392438 -0.25 3.096906 -0.25 3.613058 -1.2 3.392438 -0.25 3.613058 -1.2 3.914351 -1.2 3.914351 -0.25 3.613058 -0.25 4.129209 -1.2 3.914351 -0.25 4.129209 -1.2 4.436265 -1.2 4.436265 -0.25 4.129209 -0.25 4.64536 -1.2 4.436265 -0.25 4.64536 -1.2 4.958178 -1.2 4.958178 -0.25 4.64536 -0.25 5.161511 -1.2 4.958178 -0.25 5.161511 -1.2 5.480092 -1.2 5.480092 -0.25 5.161511 -0.25 5.677662 -1.2 5.480092 -0.25 5.677662 -1.2 6.002005 -1.2 6.002005 -0.25 5.677662 -0.25 6.193813 -1.2 6.002005 -0.25 6.193813 -1.2 6.523918 -1.2 6.523918 -0.25 6.193813 -0.25 6.709964 -1.2 6.523918 -0.25 6.709964 -0.8 6.709964 -1.2 6.523918 -0.8 6.709964 -1.2 7.045832 -1.2 7.045832 -0.8 6.709964 -0.8 7.169862 -1.2 7.045832 -0.8 7.169862 -1.2 7.567745 -1.2 7.567745 -0.8 7.169862 -0.8 7.629761 -1.2 7.567745 -0.8 7.629761 -1.2 8.089659 -1.2 8.089659 -0.8 7.629761 -0.8 8.089659 -0.259808 -0.15 -0.142894 -0.08249998 -0.3 0 -0.3 0 -0.142894 -0.08249998 -0.165 0 -0.3 0 -0.165 0 -0.142894 0.08249998 -0.142894 -0.08249998 -0.259808 -0.15 -0.08249998 -0.142894 -0.08249998 -0.142894 -0.259808 -0.15 -0.15 -0.259808 -0.08249998 -0.142894 -0.15 -0.259808 0 -0.165 0 -0.165 -0.15 -0.259808 0 -0.3 0 -0.165 0 -0.3 0.15 -0.259808 0 -0.165 0.15 -0.259808 0.08249998 -0.142894 0.08249998 -0.142894 0.15 -0.259808 0.259808 -0.15 0.08249998 -0.142894 0.259808 -0.15 0.142894 -0.08249998 0.142894 -0.08249998 0.259808 -0.15 0.165 0 0.165 0 0.259808 -0.15 0.3 0 0.165 0 0.3 0 0.142894 0.08249998 0.142894 0.08249998 0.3 0 0.259808 0.15 0.142894 0.08249998 0.259808 0.15 0.08249998 0.142894 0.08249998 0.142894 0.259808 0.15 0.15 0.259808 0.08249998 0.142894 0.15 0.259808 0 0.165 0 0.165 0.15 0.259808 0 0.3 0 0.165 0 0.3 -0.15 0.259808 0 0.165 -0.15 0.259808 -0.08249998 0.142894 -0.08249998 0.142894 -0.15 0.259808 -0.259808 0.15 -0.08249998 0.142894 -0.259808 0.15 -0.142894 0.08249998 -0.142894 0.08249998 -0.259808 0.15 -0.3 0 0.15 -0.148144 -0.15 -0.1570799 0.15 -0.30299 0.15 -0.30299 -0.15 -0.1570799 -0.15 -0.314159 0.15 -0.30299 -0.15 -0.314159 0.113501 -0.385 0.113501 -0.385 -0.15 -0.314159 -0.15 -0.471239 0.113501 -0.385 -0.15 -0.471239 0.1 -0.471239 0.1 -0.471239 -0.15 -0.471239 0.113501 -0.557478 0.113501 -0.557478 -0.15 -0.471239 -0.15 -0.628319 0.113501 -0.557478 -0.15 -0.628319 0.15 -0.639488 0.15 -0.639488 -0.15 -0.628319 -0.15 -0.785398 0.15 -0.639488 -0.15 -0.785398 0.15 -0.794334 0.15 -0.794334 -0.15 -0.785398 -0.15 -0.942478 0.15 -0.794334 -0.15 -0.942478 0.15 -0.949179 0.15 0.935776 -0.15 0.942478 -0.15 0.785398 0.15 0.935776 -0.15 0.785398 0.15 0.78093 0.15 0.78093 -0.15 0.785398 -0.15 0.628319 0.15 0.78093 -0.15 0.628319 0.15 0.626085 0.15 0.626085 -0.15 0.628319 -0.15 0.471239 0.15 0.626085 -0.15 0.471239 0.15 0.471239 0.15 0.471239 -0.15 0.471239 0.15 0.316393 0.15 0.316393 -0.15 0.471239 -0.15 0.314159 0.15 0.316393 -0.15 0.314159 0.15 0.161547 0.15 0.161547 -0.15 0.314159 -0.15 0.1570799 0.15 0.161547 -0.15 0.1570799 0.15 0.006701946 0.15 0.006701946 -0.15 0.1570799 -0.15 0 0.15 0.006701946 -0.15 0 0.15 -0.148144 0.15 -0.148144 -0.15 0 -0.15 -0.1570799 0.113501 -0.871637 -0.15 -0.942478 0.15 -0.953647 0.15 0.931308 -0.15 0.942478 -0.15 0.785398 0.15 0.931308 -0.15 0.785398 0.15 0.776463 0.15 0.776463 -0.15 0.785398 -0.15 0.628319 0.15 0.776463 -0.15 0.628319 0.15 0.621617 0.15 0.621617 -0.15 0.628319 -0.15 0.471239 0.15 0.621617 -0.15 0.471239 0.15 0.466771 0.15 0.466771 -0.15 0.471239 -0.15 0.314159 0.15 0.466771 -0.15 0.314159 0.15 0.311925 0.15 0.311925 -0.15 0.314159 -0.15 0.1570799 0.15 0.311925 -0.15 0.1570799 0.15 0.1570799 0.15 0.1570799 -0.15 0.1570799 0.15 0.002233982 0.15 0.002233982 -0.15 0.1570799 -0.15 0 0.15 0.002233982 -0.15 0 0.15 -0.152612 0.15 -0.152612 -0.15 0 -0.15 -0.1570799 0.15 -0.152612 -0.15 -0.1570799 0.15 -0.307458 0.15 -0.307458 -0.15 -0.1570799 -0.15 -0.314159 0.15 -0.307458 -0.15 -0.314159 0.15 -0.462303 0.15 -0.462303 -0.15 -0.314159 -0.15 -0.471239 0.15 -0.462303 -0.15 -0.471239 0.15 -0.617149 0.15 -0.617149 -0.15 -0.471239 -0.15 -0.628319 0.15 -0.617149 -0.15 -0.628319 0.113501 -0.699159 0.113501 -0.699159 -0.15 -0.628319 -0.15 -0.785398 0.113501 -0.699159 -0.15 -0.785398 0.1 -0.785398 0.1 -0.785398 -0.15 -0.785398 0.113501 -0.871637 0.113501 -0.871637 -0.15 -0.785398 -0.15 -0.942478 0.113501 0.699159 -0.15 0.628319 0.15 0.617149 0.15 0.617149 -0.15 0.628319 -0.15 0.471239 0.15 0.617149 -0.15 0.471239 0.15 0.462303 0.15 0.462303 -0.15 0.471239 -0.15 0.314159 0.15 0.462303 -0.15 0.314159 0.15 0.307458 0.15 0.307458 -0.15 0.314159 -0.15 0.1570799 0.15 0.307458 -0.15 0.1570799 0.15 0.152612 0.15 0.152612 -0.15 0.1570799 -0.15 0 0.15 0.152612 -0.15 0 0.15 -0.002233982 0.15 -0.002233982 -0.15 0 -0.15 -0.1570799 0.15 -0.002233982 -0.15 -0.1570799 0.15 -0.1570799 0.15 -0.1570799 -0.15 -0.1570799 0.15 -0.311925 0.15 -0.311925 -0.15 -0.1570799 -0.15 -0.314159 0.15 -0.311925 -0.15 -0.314159 0.15 -0.466771 0.15 -0.466771 -0.15 -0.314159 -0.15 -0.471239 0.15 -0.466771 -0.15 -0.471239 0.15 -0.621617 0.15 -0.621617 -0.15 -0.471239 -0.15 -0.628319 0.15 -0.621617 -0.15 -0.628319 0.15 -0.776463 0.15 -0.776463 -0.15 -0.628319 -0.15 -0.785398 0.15 -0.776463 -0.15 -0.785398 0.15 -0.931308 0.15 -0.931308 -0.15 -0.785398 -0.15 -0.942478 0.15 -0.931308 -0.15 -0.942478 0.113501 -1.013319 0.113501 0.871637 -0.15 0.942478 -0.15 0.785398 0.113501 0.871637 -0.15 0.785398 0.1 0.785398 0.1 0.785398 -0.15 0.785398 0.113501 0.699159 0.113501 0.699159 -0.15 0.785398 -0.15 0.628319 2.658819 0 3.085051 0.25 0.67128 0 0.67128 0 3.085051 0.25 0.67128 0.8 0.67128 0.8 3.085051 0.25 3.085051 0.8 0 0.558505 -0.8 0.558505 0 0.335103 0 0.335103 -0.8 0.558505 -0.8 0.335103 0 0.335103 -0.8 0.335103 -0.8 0.111701 0 0.335103 -0.8 0.111701 0 0.111701 0 0.111701 -0.8 0.111701 -0.8 -0.111701 0 0.111701 -0.8 -0.111701 0 -0.111701 0 -0.111701 -0.8 -0.111701 -0.8 -0.335103 0 -0.111701 -0.8 -0.335103 0 -0.335103 0 -0.335103 -0.8 -0.335103 0 -0.558505 0 -0.558505 -0.8 -0.335103 -0.8 -0.558505 0.67128 0 2.52872 0 0.67128 0.8 0.67128 0.8 2.52872 0 2.52872 0.8 0 0.558505 -0.8 0.558505 0 0.335103 0 0.335103 -0.8 0.558505 -0.8 0.335103 0 0.335103 -0.8 0.335103 -0.8 0.111701 0 0.335103 -0.8 0.111701 0 0.111701 0 0.111701 -0.8 0.111701 -0.8 -0.111701 0 0.111701 -0.8 -0.111701 0 -0.111701 0 -0.111701 -0.8 -0.111701 -0.8 -0.335103 0 -0.111701 -0.8 -0.335103 0 -0.335103 0 -0.335103 -0.8 -0.335103 0 -0.558505 0 -0.558505 -0.8 -0.335103 -0.8 -0.558505 0.426232 0 2.413772 0 0 0.25 0 0.25 2.413772 0 2.413772 0.8 0 0.25 2.413772 0.8 0 0.8 0.15 0.480174 -0.15 0.471239 0.15 0.325329 0.15 0.325329 -0.15 0.471239 -0.15 0.314159 0.15 0.325329 -0.15 0.314159 0.113501 0.243319 0.113501 0.243319 -0.15 0.314159 -0.15 0.1570799 0.113501 0.243319 -0.15 0.1570799 0.1 0.1570799 0.1 0.1570799 -0.15 0.1570799 0.113501 0.07084095 0.113501 0.07084095 -0.15 0.1570799 -0.15 0 0.113501 0.07084095 -0.15 0 0.15 -0.01116895 0.15 -0.01116895 -0.15 0 -0.15 -0.1570799 0.15 -0.01116895 -0.15 -0.1570799 0.15 -0.166015 0.15 -0.166015 -0.15 -0.1570799 -0.15 -0.314159 0.15 -0.166015 -0.15 -0.314159 0.15 -0.320861 0.15 -0.320861 -0.15 -0.314159 -0.15 -0.471239 0.15 -0.320861 -0.15 -0.471239 0.15 -0.475707 0.15 -0.475707 -0.15 -0.471239 -0.15 -0.628319 0.15 -0.475707 -0.15 -0.628319 0.15 -0.630552 0.15 -0.630552 -0.15 -0.628319 -0.15 -0.785398 0.15 -0.630552 -0.15 -0.785398 0.15 -0.785398 0.15 -0.785398 -0.15 -0.785398 0.15 -0.940244 0.15 -0.940244 -0.15 -0.785398 -0.15 -0.942478 0.15 -0.940244 -0.15 -0.942478 0.15 -1.09509 0.15 0.789866 -0.15 0.942478 -0.15 0.785398 0.15 0.789866 -0.15 0.785398 0.15 0.63502 0.15 0.63502 -0.15 0.785398 -0.15 0.628319 0.15 0.63502 -0.15 0.628319 0.15 0.480174 0.15 0.480174 -0.15 0.628319 -0.15 0.471239 0.176777 2.53761 0.176777 3.014472 -0.176777 2.691995 -0.176777 2.691995 0.176777 3.014472 0.1251569 3.085131 -0.176777 2.691995 0.1251569 3.085131 -0.176777 3.230394 -0.176777 3.230394 0.1251569 3.085131 0.106066 3.167773 -0.176777 3.230394 0.106066 3.167773 0.1251569 3.250414 0.1251569 3.250414 0.176777 3.321073 -0.176777 3.230394 -0.176777 3.230394 0.176777 3.321073 -0.176777 3.768793 -0.176777 3.768793 0.176777 3.321073 0.176777 3.797935 -0.176777 3.768793 0.176777 3.797935 0.176777 4.274797 -0.176777 3.768793 0.176777 4.274797 -0.176777 4.307192 -0.176777 4.307192 0.176777 4.274797 0.176777 4.751659 -0.176777 4.307192 0.176777 4.751659 -0.176777 4.845591 -0.176777 4.845591 0.176777 4.751659 0.176777 5.228521 -0.176777 4.845591 0.176777 5.228521 -0.176777 5.38399 -0.176777 5.38399 0.176777 5.228521 0.176777 5.705383 -0.176777 5.38399 0.176777 5.705383 -0.176777 5.922389 -0.176777 5.922389 0.176777 5.705383 0.176777 6.182245 -0.176777 5.922389 0.176777 6.182245 0.1251569 6.252904 -0.176777 5.922389 0.1251569 6.252904 -0.176777 6.460788 -0.176777 6.460788 0.1251569 6.252904 0.106066 6.335545 -0.176777 6.460788 0.106066 6.335545 0.1251569 6.418186 0.1251569 6.418186 0.176777 6.488846 -0.176777 6.460788 -0.176777 6.460788 0.176777 6.488846 0.176777 6.774192 -0.176777 6.460788 0.176777 6.774192 -0.176777 6.999187 -0.176777 6.999187 0.176777 6.774192 0.176777 7.059539 -0.176777 6.999187 0.176777 7.059539 0.176777 7.344886 -0.176777 2.691995 -0.176777 2.153596 0.176777 2.53761 0.176777 2.53761 -0.176777 2.153596 0.176777 2.060748 0.176777 2.060748 -0.176777 2.153596 -0.176777 1.615197 0.176777 2.060748 -0.176777 1.615197 0.176777 1.583886 0.176777 1.583886 -0.176777 1.615197 -0.176777 1.076798 0.176777 1.583886 -0.176777 1.076798 0.176777 1.107024 0.176777 1.107024 -0.176777 1.076798 0.176777 0.630162 0.176777 0.630162 -0.176777 1.076798 -0.176777 0.538399 0.176777 0.630162 -0.176777 0.538399 0.176777 0.1533 0.176777 0.1533 -0.176777 0.538399 -0.176777 0 0.176777 0.1533 -0.176777 0 0.1251569 0.082641 0.1251569 0.082641 -0.176777 0 0.106066 0 0.106066 0 -0.176777 0 0.1251569 -0.082641 0.1251569 -0.082641 -0.176777 0 -0.176777 -0.538399 0.1251569 -0.082641 -0.176777 -0.538399 0.176777 -0.1533 0.176777 -0.1533 -0.176777 -0.538399 0.176777 -0.630162 0.176777 -0.630162 -0.176777 -0.538399 -0.176777 -1.076798 0.176777 -0.630162 -0.176777 -1.076798 0.176777 -1.107024 0.176777 -1.107024 -0.176777 -1.076798 0.176777 -1.583886 0.176777 -1.583886 -0.176777 -1.076798 -0.176777 -1.615197 0.176777 -1.583886 -0.176777 -1.615197 0.176777 -2.060748 0.176777 -2.060748 -0.176777 -1.615197 -0.176777 -2.153596 0.176777 -2.060748 -0.176777 -2.153596 0.176777 -2.53761 0.176777 -2.53761 -0.176777 -2.153596 -0.176777 -2.691995 0.176777 -2.53761 -0.176777 -2.691995 0.176777 -3.014472 0.176777 -3.014472 -0.176777 -2.691995 -0.176777 -3.230394 0.176777 -3.014472 -0.176777 -3.230394 0.1251569 -3.085131 0.1251569 -3.085131 -0.176777 -3.230394 0.106066 -3.167773 0.106066 -3.167773 -0.176777 -3.230394 0.1251569 -3.250414 0.1251569 -3.250414 -0.176777 -3.230394 -0.176777 -3.768793 0.1251569 -3.250414 -0.176777 -3.768793 0.176777 -3.321073 0.176777 -3.321073 -0.176777 -3.768793 0.176777 -3.797935 0.176777 -3.797935 -0.176777 -3.768793 0.176777 -4.274797 0.176777 -4.274797 -0.176777 -3.768793 -0.176777 -4.307192 0.176777 -4.274797 -0.176777 -4.307192 0.176777 -4.751659 0.176777 -4.751659 -0.176777 -4.307192 -0.176777 -4.845591 0.176777 -4.751659 -0.176777 -4.845591 0.176777 -5.228521 0.176777 -5.228521 -0.176777 -4.845591 -0.176777 -5.38399 0.176777 -5.228521 -0.176777 -5.38399 0.176777 -5.705383 0.176777 -5.705383 -0.176777 -5.38399 -0.176777 -5.922389 0.176777 -5.705383 -0.176777 -5.922389 0.176777 -6.182245 0.176777 -6.182245 -0.176777 -5.922389 -0.176777 -6.460788 0.176777 -6.182245 -0.176777 -6.460788 0.1251569 -6.252904 0.1251569 -6.252904 -0.176777 -6.460788 0.106066 -6.335545 0.106066 -6.335545 -0.176777 -6.460788 0.1251569 -6.418186 0.1251569 -6.418186 -0.176777 -6.460788 0.176777 -6.488846 0.176777 -6.488846 -0.176777 -6.460788 0.176777 -6.774192 0.176777 -6.774192 -0.176777 -6.460788 -0.176777 -6.999187 0.176777 -6.774192 -0.176777 -6.999187 0.176777 -7.059539 0.176777 -7.059539 -0.176777 -6.999187 0.176777 -7.344886 0.15 0.166015 -0.15 0.1570799 0.15 0.01116895 0.15 0.01116895 -0.15 0.1570799 -0.15 0 0.15 0.01116895 -0.15 0 0.113501 -0.07084095 0.113501 -0.07084095 -0.15 0 -0.15 -0.1570799 0.113501 -0.07084095 -0.15 -0.1570799 0.1 -0.1570799 0.1 -0.1570799 -0.15 -0.1570799 0.113501 -0.243319 0.113501 -0.243319 -0.15 -0.1570799 -0.15 -0.314159 0.113501 -0.243319 -0.15 -0.314159 0.15 -0.325329 0.15 -0.325329 -0.15 -0.314159 -0.15 -0.471239 0.15 -0.325329 -0.15 -0.471239 0.15 -0.480174 0.15 -0.480174 -0.15 -0.471239 -0.15 -0.628319 0.15 -0.480174 -0.15 -0.628319 0.15 -0.63502 0.15 -0.63502 -0.15 -0.628319 -0.15 -0.785398 0.15 -0.63502 -0.15 -0.785398 0.15 -0.789866 0.15 -0.789866 -0.15 -0.785398 -0.15 -0.942478 0.15 -0.789866 -0.15 -0.942478 0.15 -0.944712 0.15 0.940244 -0.15 0.942478 -0.15 0.785398 0.15 0.940244 -0.15 0.785398 0.15 0.785398 0.15 0.785398 -0.15 0.785398 0.15 0.630552 0.15 0.630552 -0.15 0.785398 -0.15 0.628319 0.15 0.630552 -0.15 0.628319 0.15 0.475707 0.15 0.475707 -0.15 0.628319 -0.15 0.471239 0.15 0.475707 -0.15 0.471239 0.15 0.320861 0.15 0.320861 -0.15 0.471239 -0.15 0.314159 0.15 0.320861 -0.15 0.314159 0.15 0.166015 0.15 0.166015 -0.15 0.314159 -0.15 0.1570799 11.20362 4.004765 10.6 4.05 10.6 3.15 10.6 3.15 10.6 4.05 9.990411 4.009267 10.6 3.15 9.990411 4.009267 9.352914 3.902671 9.352914 3.902671 8.654818 3.750527 10.6 3.15 10.6 3.15 8.654818 3.750527 8.897767 3.244478 10.6 3.15 8.897767 3.244478 9.046114 3.206499 8.654818 3.750527 7.87272 3.569434 8.897767 3.244478 8.897767 3.244478 7.87272 3.569434 8.75 3.204294 8.75 3.204294 7.87272 3.569434 7.152725 3.40699 8.75 3.204294 7.152725 3.40699 8.641317 3.096417 8.641317 3.096417 7.152725 3.40699 6.529856 3.274469 8.641317 3.096417 6.529856 3.274469 8.600033 2.948954 8.600033 2.948954 6.529856 3.274469 5.863749 3.141857 8.600033 2.948954 5.863749 3.141857 8.636906 2.800327 8.636906 2.800327 5.863749 3.141857 8.647337 2.471762 8.636906 2.800327 8.647337 2.471762 8.742329 2.689261 8.742329 2.689261 8.647337 2.471762 8.888833 2.644694 5.863749 3.141857 5.156465 3.011486 8.647337 2.471762 8.647337 2.471762 5.156465 3.011486 8.423205 2.276853 8.423205 2.276853 5.156465 3.011486 6.261081 1.716566 8.423205 2.276853 6.261081 1.716566 8.218425 2.061699 5.156465 3.011486 4.410059 2.885691 6.261081 1.716566 6.261081 1.716566 4.410059 2.885691 4.383911 2.881505 6.261081 1.716566 4.383911 2.881505 3.385542 2.732476 6.261081 1.716566 3.385542 2.732476 6.049303 1.647756 6.049303 1.647756 3.385542 2.732476 2.340371 2.597275 6.049303 1.647756 2.340371 2.597275 5.864695 1.523236 5.864695 1.523236 2.340371 2.597275 1.259807 2.478169 5.864695 1.523236 1.259807 2.478169 5.721561 1.352656 5.721561 1.352656 1.259807 2.478169 0.155278 2.377436 5.721561 1.352656 0.155278 2.377436 5.630991 1.14923 5.630991 1.14923 0.155278 2.377436 0.148005 2.376843 5.630991 1.14923 0.148005 2.376843 5.6 0.92872 5.6 0.92872 0.148005 2.376843 -1.43755 2.26887 5.6 0.92872 -1.43755 2.26887 -2.88213 2.206295 -4.347064 2.178429 -2.88213 -2.206296 -2.88213 2.206295 -2.88213 2.206295 -2.88213 -2.206296 5.6 -0.92872 -2.88213 2.206295 5.6 -0.92872 5.6 0.92872 -2.88213 -2.206296 -4.347064 2.178429 -4.347064 -2.178429 -4.347064 -2.178429 -4.347064 2.178429 -4.360003 2.178352 -4.347064 -2.178429 -4.360003 2.178352 -4.360003 -2.178352 -4.360003 -2.178352 -4.360003 2.178352 -5.994917 2.193988 -4.360003 -2.178352 -5.994917 2.193988 -5.994907 -2.193984 -5.994907 -2.193984 -5.994917 2.193988 -14.63827 0.253738 -5.994907 -2.193984 -14.63827 0.253738 -14.63827 -0.253738 -5.994917 2.193988 -6.789629 2.220852 -14.63827 0.253738 -14.63827 0.253738 -6.789629 2.220852 -14.54502 0.752573 -14.54502 0.752573 -6.789629 2.220852 -7.55131 2.260045 -14.54502 0.752573 -7.55131 2.260045 -7.577663 2.261662 -14.54502 0.752573 -7.577663 2.261662 -14.3617 1.22578 -14.3617 1.22578 -7.577663 2.261662 -8.160562 2.302219 -14.3617 1.22578 -8.160562 2.302219 -8.705903 2.348914 -14.3617 1.22578 -8.705903 2.348914 -14.09455 1.657245 -14.09455 1.657245 -8.705903 2.348914 -9.20928 2.400214 -14.09455 1.657245 -9.20928 2.400214 -9.667226 2.454441 -14.09455 1.657245 -9.667226 2.454441 -13.75266 2.032274 -13.75266 2.032274 -9.667226 2.454441 -9.935002 2.489831 -13.75266 2.032274 -9.935002 2.489831 -10.2708 2.538031 -13.75266 2.032274 -10.2708 2.538031 -13.34769 2.338097 -13.34769 2.338097 -10.2708 2.538031 -10.57247 2.584617 -13.34769 2.338097 -10.57247 2.584617 -10.84307 2.628249 -13.34769 2.338097 -10.84307 2.628249 -12.89342 2.564299 -12.89342 2.564299 -10.84307 2.628249 -11.08673 2.667507 -12.89342 2.564299 -11.08673 2.667507 -11.51322 2.726921 -11.9 2.75 -12.40531 2.703176 -11.51322 2.726921 -11.51322 2.726921 -12.40531 2.703176 -12.89342 2.564299 -5.994907 -2.193984 -14.63827 -0.253738 -6.78959 -2.220835 -6.78959 -2.220835 -14.63827 -0.253738 -14.54502 -0.752573 -6.78959 -2.220835 -14.54502 -0.752573 -7.55131 -2.260045 -7.55131 -2.260045 -14.54502 -0.752573 -7.577663 -2.261662 -7.577663 -2.261662 -14.54502 -0.752573 -14.3617 -1.225781 -7.577663 -2.261662 -14.3617 -1.225781 -8.160562 -2.302219 -8.160562 -2.302219 -14.3617 -1.225781 -8.705904 -2.348914 -8.705904 -2.348914 -14.3617 -1.225781 -14.09455 -1.657245 -8.705904 -2.348914 -14.09455 -1.657245 -9.20928 -2.400214 -9.20928 -2.400214 -14.09455 -1.657245 -9.667226 -2.454441 -9.667226 -2.454441 -14.09455 -1.657245 -13.75266 -2.032275 -9.667226 -2.454441 -13.75266 -2.032275 -9.935002 -2.489831 -9.935002 -2.489831 -13.75266 -2.032275 -10.2708 -2.538031 -10.2708 -2.538031 -13.75266 -2.032275 -13.34769 -2.338097 -10.2708 -2.538031 -13.34769 -2.338097 -10.57247 -2.584617 -10.57247 -2.584617 -13.34769 -2.338097 -10.84307 -2.628249 -10.84307 -2.628249 -13.34769 -2.338097 -12.89341 -2.564299 -10.84307 -2.628249 -12.89341 -2.564299 -11.08675 -2.667507 -11.08675 -2.667507 -12.89341 -2.564299 -11.51323 -2.726921 -11.51323 -2.726921 -12.89341 -2.564299 -12.40531 -2.703176 -11.51323 -2.726921 -12.40531 -2.703176 -11.9 -2.75 -2.88213 -2.206296 -1.43755 -2.26887 5.6 -0.92872 5.6 -0.92872 -1.43755 -2.26887 0.148005 -2.376843 5.6 -0.92872 0.148005 -2.376843 5.630991 -1.14923 5.630991 -1.14923 0.148005 -2.376843 0.155278 -2.377436 5.630991 -1.14923 0.155278 -2.377436 5.721561 -1.352656 5.721561 -1.352656 0.155278 -2.377436 1.259807 -2.478169 5.721561 -1.352656 1.259807 -2.478169 5.864695 -1.523236 5.864695 -1.523236 1.259807 -2.478169 2.340371 -2.597275 5.864695 -1.523236 2.340371 -2.597275 6.049303 -1.647756 6.049303 -1.647756 2.340371 -2.597275 3.385542 -2.732476 6.049303 -1.647756 3.385542 -2.732476 6.261081 -1.716566 6.261081 -1.716566 3.385542 -2.732476 4.383911 -2.881505 6.261081 -1.716566 4.383911 -2.881505 4.410059 -2.885691 4.410059 -2.885691 5.156465 -3.011486 6.261081 -1.716566 6.261081 -1.716566 5.156465 -3.011486 8.423205 -2.276853 6.261081 -1.716566 8.423205 -2.276853 8.218425 -2.061699 8.423205 -2.276853 5.156465 -3.011486 8.647337 -2.471762 8.647337 -2.471762 5.156465 -3.011486 5.863749 -3.141857 8.647337 -2.471762 5.863749 -3.141857 8.636906 -2.800327 8.636906 -2.800327 5.863749 -3.141857 8.600033 -2.948954 8.600033 -2.948954 5.863749 -3.141857 6.529856 -3.274469 8.600033 -2.948954 6.529856 -3.274469 8.641317 -3.096417 8.641317 -3.096417 6.529856 -3.274469 7.152725 -3.40699 8.641317 -3.096417 7.152725 -3.40699 8.75 -3.204294 8.75 -3.204294 7.152725 -3.40699 7.872694 -3.569434 8.75 -3.204294 7.872694 -3.569434 8.897767 -3.244478 8.897767 -3.244478 7.872694 -3.569434 8.654661 -3.750529 8.897767 -3.244478 8.654661 -3.750529 9.352657 -3.902669 9.98994 -4.009262 10.6 -3.15 9.352657 -3.902669 9.352657 -3.902669 10.6 -3.15 10.10549 -3.110941 9.352657 -3.902669 10.10549 -3.110941 9.046114 -3.206499 9.046114 -3.206499 10.10549 -3.110941 9.156393 -3.100252 9.156393 -3.100252 10.10549 -3.110941 9.623238 -2.994735 9.156393 -3.100252 9.623238 -2.994735 9.199868 -2.953421 9.199868 -2.953421 9.623238 -2.994735 9.165211 -2.804261 9.98994 -4.009262 10.6 -4.05 10.6 -3.15 10.6 -3.15 10.6 -4.05 11.20362 -4.004765 10.6 -3.15 11.20362 -4.004765 11.79376 -3.87007 11.79376 -3.87007 12.35723 -3.648924 10.6 -3.15 10.6 -3.15 12.35723 -3.648924 11.09451 -3.110941 11.09451 -3.110941 12.35723 -3.648924 12.15389 -3.206499 11.09451 -3.110941 12.15389 -3.206499 12.04361 -3.100252 12.15389 -3.206499 12.35723 -3.648924 12.30223 -3.244478 12.30223 -3.244478 12.35723 -3.648924 12.88145 -3.346267 12.30223 -3.244478 12.88145 -3.346267 12.45 -3.204294 12.45 -3.204294 12.88145 -3.346267 12.55868 -3.096417 12.55868 -3.096417 12.88145 -3.346267 13.3547 -2.96886 12.55868 -3.096417 13.3547 -2.96886 12.59997 -2.948954 12.59997 -2.948954 13.3547 -2.96886 12.56309 -2.800327 12.56309 -2.800327 13.3547 -2.96886 13.76642 -2.525134 12.56309 -2.800327 13.76642 -2.525134 12.45767 -2.689261 12.45767 -2.689261 13.76642 -2.525134 12.70514 -2.343268 12.45767 -2.689261 12.70514 -2.343268 12.31117 -2.644694 13.76642 -2.525134 14.1074 -2.025 12.70514 -2.343268 12.70514 -2.343268 14.1074 -2.025 13.0469 -1.983731 13.0469 -1.983731 14.1074 -2.025 13.32798 -1.575 13.32798 -1.575 14.1074 -2.025 14.37004 -1.479631 13.32798 -1.575 14.37004 -1.479631 13.54141 -1.12721 13.54141 -1.12721 14.37004 -1.479631 14.54846 -0.90121 13.54141 -1.12721 14.54846 -0.90121 13.6819 -0.651466 13.6819 -0.651466 14.54846 -0.90121 14.63867 -0.302657 13.6819 -0.651466 14.63867 -0.302657 14.0067 -0.299925 14.0067 -0.299925 14.63867 -0.302657 14.15385 -0.257545 14.15385 -0.257545 14.63867 -0.302657 14.26092 -0.148061 14.26092 -0.148061 14.63867 -0.302657 14.3 0 14.3 0 14.63867 -0.302657 14.63867 0.302657 14.3 0 14.63867 0.302657 14.26092 0.148061 14.26092 0.148061 14.63867 0.302657 14.15385 0.257545 14.15385 0.257545 14.63867 0.302657 14.0067 0.299925 14.0067 0.299925 14.63867 0.302657 13.6819 0.651466 14.0067 0.299925 13.6819 0.651466 13.8578 0.26416 13.8578 0.26416 13.6819 0.651466 13.74596 0.1595669 14.63867 0.302657 14.54846 0.90121 13.6819 0.651466 13.6819 0.651466 14.54846 0.90121 13.54141 1.12721 13.54141 1.12721 14.54846 0.90121 14.37004 1.479631 13.54141 1.12721 14.37004 1.479631 13.32798 1.575 13.32798 1.575 14.37004 1.479631 14.1074 2.025 13.32798 1.575 14.1074 2.025 13.0469 1.983731 13.0469 1.983731 14.1074 2.025 12.70514 2.343268 12.70514 2.343268 14.1074 2.025 13.76642 2.525134 12.70514 2.343268 13.76642 2.525134 12.45767 2.689261 12.45767 2.689261 13.76642 2.525134 12.56309 2.800327 12.56309 2.800327 13.76642 2.525134 13.3547 2.96886 12.56309 2.800327 13.3547 2.96886 12.59997 2.948954 12.59997 2.948954 13.3547 2.96886 12.55868 3.096417 12.55868 3.096417 13.3547 2.96886 12.88145 3.346267 12.55868 3.096417 12.88145 3.346267 12.45 3.204294 12.45 3.204294 12.88145 3.346267 12.30223 3.244478 12.30223 3.244478 12.88145 3.346267 12.35723 3.648924 12.30223 3.244478 12.35723 3.648924 12.15389 3.206499 12.15389 3.206499 12.35723 3.648924 11.09451 3.110941 12.15389 3.206499 11.09451 3.110941 12.04361 3.100252 12.04361 3.100252 11.09451 3.110941 11.57676 2.994735 12.04361 3.100252 11.57676 2.994735 12.00013 2.953421 12.00013 2.953421 11.57676 2.994735 12.03479 2.804261 11.09451 3.110941 12.35723 3.648924 10.6 3.15 10.6 3.15 12.35723 3.648924 11.79376 3.87007 10.6 3.15 11.79376 3.87007 11.20362 4.004765 12.45767 2.689261 12.31117 2.644694 12.70514 2.343268 14.0067 -0.299925 13.8578 -0.26416 13.6819 -0.651466 13.6819 -0.651466 13.8578 -0.26416 13.74596 -0.1595669 11.09451 -3.110941 12.04361 -3.100252 11.57676 -2.994735 11.57676 -2.994735 12.04361 -3.100252 12.00013 -2.953421 11.57676 -2.994735 12.00013 -2.953421 12.03479 -2.804261 9.046114 -3.206499 8.897767 -3.244478 9.352657 -3.902669 8.636906 -2.800327 8.742329 -2.689261 8.647337 -2.471762 8.647337 -2.471762 8.742329 -2.689261 8.888833 -2.644694 10.6 3.15 9.046114 3.206499 10.10549 3.110941 10.10549 3.110941 9.046114 3.206499 9.156393 3.100252 10.10549 3.110941 9.156393 3.100252 9.623238 2.994735 9.623238 2.994735 9.156393 3.100252 9.199868 2.953421 9.623238 2.994735 9.199868 2.953421 9.165211 2.804261 3.6e-5 28.49754 0 29.82173 -0.37849 29.43551 -0.37849 29.43551 0 29.82173 -0.757051 29.82173 -0.37849 29.43551 -0.757051 29.82173 -0.757051 28.48396 -0.37849 29.43551 -0.757051 28.48396 -0.37849 28.19429 -0.37849 28.19429 -0.757051 28.48396 -0.757051 27.14618 -0.37849 28.19429 -0.757051 27.14618 -0.37849 26.95307 -0.37849 26.95307 -0.757051 27.14618 -0.757051 25.80841 -0.37849 26.95307 -0.757051 25.80841 -0.37849 25.71185 -0.37849 25.71185 -0.757051 25.80841 -0.757051 24.47063 -0.37849 25.71185 -0.757051 24.47063 -0.37849 24.47063 -0.37849 24.47063 -0.757051 24.47063 -0.37849 23.76578 -0.37849 24.47063 -0.37849 23.76578 -1.2e-5 24.52495 -1.2e-5 24.52495 -0.37849 23.76578 -10e-7 23.41339 -10e-7 23.41339 -0.37849 23.76578 -0.37849 23.41337 -10e-7 23.41339 -0.37849 23.41337 -0.37849 23.36406 -0.37849 23.36406 -0.37849 23.41337 -0.757051 23.36406 -0.37849 23.36406 -0.757051 23.36406 -0.757051 22.48442 -0.757051 24.47063 -0.757051 23.36406 -0.37849 23.76578 -0.37849 23.76578 -0.757051 23.36406 -0.37849 23.41337 -0.37849 23.36406 -0.757051 22.48442 -0.37849 22.19121 -0.37849 22.19121 -0.757051 22.48442 -0.757051 21.60479 -0.37849 22.19121 -0.757051 21.60479 -0.37849 21.25294 -0.37849 21.25294 -0.757051 21.60479 -0.757051 20.72516 -0.37849 21.25294 -0.757051 20.72516 -0.37849 20.31466 -0.37849 20.31466 -0.757051 20.72516 -0.757051 19.84552 -0.37849 20.31466 -0.757051 19.84552 -0.37849 19.84556 -0.37849 19.84556 -0.757051 19.84552 -0.37849 19.81549 -0.37849 19.84556 -0.37849 19.81549 2.4e-5 19.8456 2.4e-5 19.8456 -0.37849 19.81549 5e-6 18.92397 5e-6 18.92397 -0.37849 19.81549 -0.37849 18.92397 5e-6 18.92397 -0.37849 18.92397 -6.4e-5 18.03244 -6.4e-5 18.03244 -0.37849 18.92397 -0.37849 18.03244 -6.4e-5 18.03244 -0.37849 18.03244 -0.37849 17.14091 -0.37849 17.14091 -0.37849 18.03244 -0.757051 17.58667 -0.37849 17.14091 -0.757051 17.58667 -0.757051 16.47226 -0.757051 19.84552 -0.757051 19.81549 -0.37849 19.81549 -0.37849 19.81549 -0.757051 19.81549 -0.37849 18.92397 -0.757051 19.81549 -0.757051 18.70108 -0.37849 18.92397 -0.37849 18.92397 -0.757051 18.70108 -0.37849 18.03244 -0.757051 18.70108 -0.757051 17.58667 -0.37849 18.03244 -0.37849 17.14091 -0.757051 16.47226 -0.37849 15.65503 -0.37849 15.65503 -0.757051 16.47226 -0.757051 15.35785 -0.37849 15.65503 -0.757051 15.35785 -0.37849 15.35057 -0.37849 15.35057 -0.757051 15.35785 -0.757051 15.35057 -0.37849 15.35057 -0.757051 15.35057 -0.37849 14.06851 -0.37849 14.06851 -0.757051 15.35057 -0.757051 13.76684 -0.37849 14.06851 -0.757051 13.76684 -0.37849 13.76684 -0.37849 13.76684 -0.757051 13.76684 -0.37849 12.94235 -0.37849 13.76684 -0.37849 12.94235 -10e-7 12.94235 -10e-7 12.94235 -0.37849 12.94235 -0.37849 11.29335 -10e-7 12.94235 -0.37849 11.29335 -1.2e-5 10.8811 -1.2e-5 10.8811 -0.37849 11.29335 -0.37849 10.86843 -1.2e-5 10.8811 -0.37849 10.86843 -8e-6 9.581123 -8e-6 9.581123 -0.37849 10.86843 -0.37849 9.581123 -8e-6 9.581123 -0.37849 9.581123 -0.37849 8.615638 -0.37849 8.615638 -0.37849 9.581123 -0.757051 9.259294 -0.37849 8.615638 -0.757051 9.259294 -0.757051 8.454725 -0.757051 13.76684 -0.757051 12.32397 -0.37849 12.94235 -0.37849 12.94235 -0.757051 12.32397 -0.37849 11.29335 -0.757051 12.32397 -0.757051 10.8811 -0.37849 11.29335 -0.37849 11.29335 -0.757051 10.8811 -0.37849 10.86843 -0.757051 10.8811 -0.757051 10.86843 -0.37849 10.86843 -0.37849 10.86843 -0.757051 10.86843 -0.37849 9.581123 -0.757051 10.86843 -0.757051 9.259294 -0.37849 9.581123 -0.37849 8.615638 -0.757051 8.454725 -0.37849 7.650154 -0.37849 7.650154 -0.757051 8.454725 -0.757051 7.650154 -0.37849 7.650154 -0.757051 7.650154 -0.37849 7.621441 -0.37849 7.621441 -0.757051 7.650154 -0.757051 7.621478 -0.37849 7.621441 -0.757051 7.621478 -0.37849 7.272849 -0.37849 7.272849 -0.757051 7.621478 -0.757051 6.967798 -0.37849 7.272849 -0.757051 6.967798 -0.37849 6.401275 -0.37849 6.401275 -0.757051 6.967798 -0.757051 6.314117 -0.37849 6.401275 -0.757051 6.314117 -0.37849 5.529701 -0.37849 5.529701 -0.757051 6.314117 -0.757051 5.660437 -0.37849 5.529701 -0.757051 5.660437 -0.757051 5.006756 -0.757051 4.58851 -0.37849 4.955031 -0.757051 5.006756 -0.757051 5.006756 -0.37849 4.955031 -0.37849 5.006756 -0.757051 5.006756 -0.37849 5.006756 -0.37849 5.529701 -0.37849 5.529701 -0.37849 5.006756 -1.6e-5 5.006756 -0.37849 5.529701 -1.6e-5 5.006756 6e-6 5.791172 -0.757051 4.014946 -0.37849 4.172914 -0.757051 4.58851 -0.757051 4.58851 -0.37849 4.172914 -0.37849 4.58851 -0.757051 4.58851 -0.37849 4.58851 -0.37849 4.955031 -0.37849 4.955031 -0.37849 4.58851 -1.6e-5 5.006756 -0.37849 4.955031 -1.6e-5 5.006756 -0.37849 5.006756 -0.37849 4.172914 -0.757051 4.014946 -0.37849 3.398671 -0.37849 3.398671 -0.757051 4.014946 -0.757051 3.441383 -0.37849 3.398671 -0.757051 3.441383 -0.757051 2.867819 -0.37849 3.398671 -0.757051 2.867819 -0.37849 2.832226 -0.37849 2.832226 -0.757051 2.867819 -0.757051 2.294255 -0.37849 2.832226 -0.757051 2.294255 -0.37849 2.26578 -0.37849 2.26578 -0.757051 2.294255 -0.37849 1.321705 -0.37849 2.26578 -0.37849 1.321705 3e-5 2.26578 3e-5 2.26578 -0.37849 1.321705 3.4e-5 1.13289 3.4e-5 1.13289 -0.37849 1.321705 -0.37849 0.660853 3.4e-5 1.13289 -0.37849 0.660853 0 0 0 0 -0.37849 0.660853 -0.757051 0 -0.757051 0 -0.37849 0.660853 -0.757051 1.147128 -0.757051 1.147128 -0.37849 0.660853 -0.37849 1.321705 -0.757051 1.147128 -0.37849 1.321705 -0.757051 2.294255 -0.37849 2.26578 3e-5 2.26578 -0.37849 2.832226 -0.37849 2.832226 3e-5 2.26578 -1.2e-5 3.398671 -0.37849 2.832226 -1.2e-5 3.398671 -0.37849 3.398671 -0.37849 3.398671 -1.2e-5 3.398671 -10e-6 3.965116 -0.37849 3.398671 -10e-6 3.965116 -0.37849 4.172914 -0.37849 4.172914 -10e-6 3.965116 -1.2e-5 4.531561 -0.37849 4.172914 -1.2e-5 4.531561 -0.37849 4.58851 -0.37849 4.58851 -1.2e-5 4.531561 -1.6e-5 5.006756 -0.37849 5.529701 6e-6 5.791172 -0.37849 6.401275 -0.37849 6.401275 6e-6 5.791172 2.1e-5 6.575589 -0.37849 6.401275 2.1e-5 6.575589 -0.37849 7.272849 -0.37849 7.272849 2.1e-5 6.575589 -3.6e-5 7.621404 -0.37849 7.272849 -3.6e-5 7.621404 -0.37849 7.621441 -0.37849 7.621441 -3.6e-5 7.621404 -0.37849 7.650154 -3.6e-5 7.621404 -8e-6 8.29381 -0.37849 7.650154 -0.37849 7.650154 -8e-6 8.29381 -0.37849 8.615638 -8e-6 8.29381 -8e-6 9.581123 -0.37849 8.615638 -10e-7 12.94235 1.7e-5 14.67183 -0.37849 13.76684 -0.37849 13.76684 1.7e-5 14.67183 -0.37849 14.06851 -0.37849 14.06851 1.7e-5 14.67183 -0.37849 15.35057 -0.37849 15.35057 1.7e-5 14.67183 -10e-7 16.24938 -0.37849 15.35057 -10e-7 16.24938 -0.37849 15.65503 -0.37849 15.65503 -10e-7 16.24938 -0.37849 17.14091 -10e-7 16.24938 -6.4e-5 18.03244 -0.37849 17.14091 -0.37849 19.84556 2.4e-5 19.8456 -0.37849 20.31466 -0.37849 20.31466 2.4e-5 19.8456 -9e-6 20.54927 -0.37849 20.31466 -9e-6 20.54927 -2.8e-5 21.25294 -0.37849 20.31466 -2.8e-5 21.25294 -0.37849 21.25294 -0.37849 21.25294 -2.8e-5 21.25294 -2.5e-5 21.95664 -0.37849 21.25294 -2.5e-5 21.95664 -0.37849 22.19121 -0.37849 22.19121 -2.5e-5 21.95664 -10e-7 23.41339 -0.37849 22.19121 -10e-7 23.41339 -0.37849 23.36406 -0.37849 24.47063 -1.2e-5 24.52495 -0.37849 25.71185 -0.37849 25.71185 -1.2e-5 24.52495 0 25.84915 -0.37849 25.71185 0 25.84915 -0.37849 26.95307 -0.37849 26.95307 0 25.84915 3.1e-5 27.17334 -0.37849 26.95307 3.1e-5 27.17334 -0.37849 28.19429 -0.37849 28.19429 3.1e-5 27.17334 3.6e-5 28.49754 -0.37849 28.19429 3.6e-5 28.49754 -0.37849 29.43551 -0.365979 4.620618 -0.365979 4.107216 0.365979 4.620618 0.365979 4.620618 -0.365979 4.107216 0.365979 4.077016 0.365979 4.077016 -0.365979 4.107216 -0.365979 3.593814 0.365979 4.077016 -0.365979 3.593814 0.365979 3.533414 0.365979 3.533414 -0.365979 3.593814 -0.365979 3.080412 0.365979 3.533414 -0.365979 3.080412 0.365979 2.989812 0.365979 2.989812 -0.365979 3.080412 -0.365979 2.56701 0.365979 2.989812 -0.365979 2.56701 0.365979 2.44621 0.365979 2.44621 -0.365979 2.56701 -0.365979 2.053608 0.365979 2.44621 -0.365979 2.053608 0.365979 1.902607 0.365979 1.902607 -0.365979 2.053608 -0.365979 1.540206 0.365979 1.902607 -0.365979 1.540206 0.365979 1.359005 0.365979 1.359005 -0.365979 1.540206 -0.365979 1.026804 0.365979 1.359005 -0.365979 1.026804 0.365979 0.815403 0.365979 0.815403 -0.365979 1.026804 -0.365979 0.513402 0.365979 0.815403 -0.365979 0.513402 0.365979 0.271801 0.365979 0.271801 -0.365979 0.513402 -0.365979 0 0.365979 0.271801 -0.365979 0 0.365979 -0.271801 0.365979 -0.271801 -0.365979 0 -0.365979 -0.513402 0.365979 -0.271801 -0.365979 -0.513402 0.365979 -0.815403 0.365979 -0.815403 -0.365979 -0.513402 -0.365979 -1.026804 0.365979 -0.815403 -0.365979 -1.026804 0.365979 -1.359005 0.365979 -1.359005 -0.365979 -1.026804 -0.365979 -1.540206 0.365979 -1.359005 -0.365979 -1.540206 0.365979 -1.902608 0.365979 -1.902608 -0.365979 -1.540206 -0.365979 -2.053608 0.365979 -1.902608 -0.365979 -2.053608 0.365979 -2.44621 0.365979 -2.44621 -0.365979 -2.053608 -0.365979 -2.56701 0.365979 -2.44621 -0.365979 -2.56701 0.365979 -2.989812 0.365979 -2.989812 -0.365979 -2.56701 -0.365979 -3.080412 0.365979 -2.989812 -0.365979 -3.080412 0.365979 -3.533414 0.365979 -3.533414 -0.365979 -3.080412 -0.365979 -3.593814 0.365979 -3.533414 -0.365979 -3.593814 0.365979 -4.077016 0.365979 -4.077016 -0.365979 -3.593814 -0.365979 -4.107216 0.365979 -4.077016 -0.365979 -4.107216 0.365979 -4.620618 0.365979 -4.620618 -0.365979 -4.107216 -0.365979 -4.620618 0 28.48396 0 29.82173 -0.378575 28.49772 -0.378575 28.49772 0 29.82173 -0.757051 29.82173 -0.378575 28.49772 -0.757051 29.82173 -0.757078 28.49754 -0.757078 28.49754 -0.757054 28.07995 -0.378575 28.49772 -0.378575 28.49772 -0.757054 28.07995 -0.378575 27.49109 -0.378575 28.49772 -0.378575 27.49109 0 28.48396 0 28.48396 -0.378575 27.49109 0 27.14618 0 27.14618 -0.378575 27.49109 -0.378575 26.48427 0 27.14618 -0.378575 26.48427 0 25.80841 0 25.80841 -0.378575 26.48427 -0.378575 25.47745 0 25.80841 -0.378575 25.47745 0 24.47063 0 24.47063 -0.378575 25.47745 -0.378575 24.47063 0 24.47063 -0.378575 24.47063 -0.378575 23.76578 -0.378575 23.76578 -0.378575 24.47063 -0.757037 24.52495 -0.378575 23.76578 -0.757037 24.52495 -0.757049 23.41339 -0.757054 28.07995 -0.757075 27.17334 -0.378575 27.49109 -0.378575 27.49109 -0.757075 27.17334 -0.378575 26.48427 -0.757075 27.17334 -0.757047 25.84915 -0.378575 26.48427 -0.378575 26.48427 -0.757047 25.84915 -0.378575 25.47745 -0.757047 25.84915 -0.757037 24.52495 -0.378575 25.47745 -0.378575 25.47745 -0.757037 24.52495 -0.378575 24.47063 -0.757026 21.95664 -0.378575 22.19121 -0.757049 23.41339 -0.757049 23.41339 -0.378575 22.19121 -0.378575 23.36406 -0.757049 23.41339 -0.378575 23.36406 -0.378575 23.41337 -0.378575 23.41337 -0.378575 23.36406 0 23.36406 -0.378575 23.41337 0 23.36406 -0.378575 23.76578 -0.378575 23.76578 0 23.36406 0 24.47063 -0.378575 22.19121 -0.757026 21.95664 -0.378575 21.25294 -0.378575 21.25294 -0.757026 21.95664 -0.757023 21.25294 -0.378575 21.25294 -0.757023 21.25294 -0.378575 20.31466 -0.378575 20.31466 -0.757023 21.25294 -0.757041 20.54927 -0.378575 20.31466 -0.757041 20.54927 -0.757075 19.8456 -0.757055 18.92397 -0.378575 19.81549 -0.757075 19.8456 -0.757075 19.8456 -0.378575 19.81549 -0.378575 19.84556 -0.757075 19.8456 -0.378575 19.84556 -0.378575 20.31466 -0.378575 20.31466 -0.378575 19.84556 0 19.84552 -0.378575 20.31466 0 19.84552 0 20.72516 -0.378575 19.81549 -0.757055 18.92397 -0.378575 18.92397 -0.378575 18.92397 -0.757055 18.92397 -0.756987 18.03244 -0.378575 18.92397 -0.756987 18.03244 -0.378575 18.03244 -0.378575 18.03244 -0.756987 18.03244 -0.378575 17.14091 -0.378575 18.03244 -0.378575 17.14091 0 17.58667 0 17.58667 -0.378575 17.14091 0 16.47226 0 16.47226 -0.378575 17.14091 -0.378575 15.65503 0 16.47226 -0.378575 15.65503 0 15.35785 0 15.35785 -0.378575 15.65503 -0.378575 15.35057 0 15.35785 -0.378575 15.35057 0 15.35057 0 15.35057 -0.378575 15.35057 -0.378575 14.06851 0 15.35057 -0.378575 14.06851 0 13.76684 0 13.76684 -0.378575 14.06851 -0.378575 13.76684 0 13.76684 -0.378575 13.76684 -0.378575 12.94235 -0.378575 12.94235 -0.378575 13.76684 -0.75705 12.94235 -0.378575 12.94235 -0.75705 12.94235 -0.378575 11.29335 -0.378575 11.29335 -0.75705 12.94235 -0.757039 10.8811 -0.378575 11.29335 -0.757039 10.8811 -0.378575 10.86843 -0.378575 10.86843 -0.757039 10.8811 -0.378575 9.795675 -0.378575 10.86843 -0.378575 9.795675 0 10.86843 0 10.86843 -0.378575 9.795675 0 9.259294 0 9.259294 -0.378575 9.795675 -0.378575 8.937466 0 9.259294 -0.378575 8.937466 0 8.454725 0 8.454725 -0.378575 8.937466 -0.378575 8.079259 0 8.454725 -0.378575 8.079259 0 7.650155 0 7.650155 -0.378575 8.079259 -0.378575 7.650155 0 7.650155 -0.378575 7.650155 0 7.621478 0 7.621478 -0.378575 7.650155 -0.378575 7.621441 0 7.621478 -0.378575 7.621441 -0.378575 7.272849 -0.378575 7.272849 -0.378575 7.621441 -0.757015 7.621403 -0.378575 7.272849 -0.757015 7.621403 -0.757072 6.57559 -0.756987 18.03244 -0.75705 16.24938 -0.378575 17.14091 -0.378575 17.14091 -0.75705 16.24938 -0.378575 15.65503 -0.378575 15.65503 -0.75705 16.24938 -0.378575 15.35057 -0.378575 15.35057 -0.75705 16.24938 -0.757067 14.67183 -0.378575 15.35057 -0.757067 14.67183 -0.378575 14.06851 -0.378575 14.06851 -0.757067 14.67183 -0.378575 13.76684 -0.757067 14.67183 -0.75705 12.94235 -0.378575 13.76684 -0.757039 10.8811 -0.757053 8.937466 -0.378575 9.795675 -0.378575 9.795675 -0.757053 8.937466 -0.378575 8.937466 -0.378575 8.937466 -0.757053 8.937466 -0.378575 8.079259 -0.378575 8.079259 -0.757053 8.937466 -0.757015 7.621403 -0.378575 8.079259 -0.757015 7.621403 -0.378575 7.650155 -0.378575 7.650155 -0.757015 7.621403 -0.378575 7.621441 -0.378575 7.272849 -0.757072 6.57559 -0.378575 6.401275 -0.378575 6.401275 -0.757072 6.57559 -0.757057 5.791172 -0.378575 6.401275 -0.757057 5.791172 -0.378575 5.529701 -0.378575 5.529701 -0.757057 5.791172 -0.757035 5.006757 -0.378575 5.529701 -0.757035 5.006757 -0.378575 5.006756 -0.378575 5.006756 -0.757035 5.006757 -0.378575 4.955031 -0.378575 5.006756 -0.378575 4.955031 0 5.006756 0 5.006756 -0.378575 4.955031 0 4.58851 0 4.58851 -0.378575 4.955031 -0.378575 4.58851 0 4.58851 -0.378575 4.58851 -0.378575 4.172914 -0.378575 4.172914 -0.378575 4.58851 -0.757039 4.531561 -0.378575 4.172914 -0.757039 4.531561 -0.757041 3.965116 -0.757035 5.006757 -0.757039 4.531561 -0.378575 4.955031 -0.378575 4.955031 -0.757039 4.531561 -0.378575 4.58851 -0.378575 4.172914 -0.757041 3.965116 -0.378575 3.398671 -0.378575 3.398671 -0.757041 3.965116 -0.75704 3.398671 -0.378575 3.398671 -0.75704 3.398671 -0.378575 2.832226 -0.378575 2.832226 -0.75704 3.398671 -0.757081 2.26578 -0.378575 2.832226 -0.757081 2.26578 -0.378575 2.26578 -0.378575 2.26578 -0.757081 2.26578 -0.378575 1.321705 -0.378575 2.26578 -0.378575 1.321705 0 2.294255 0 2.294255 -0.378575 1.321705 0 1.147127 0 1.147127 -0.378575 1.321705 -0.378575 0.660853 0 1.147127 -0.378575 0.660853 0 0 0 0 -0.378575 0.660853 -0.757051 0 -0.757051 0 -0.378575 0.660853 -0.757085 1.13289 -0.757085 1.13289 -0.378575 0.660853 -0.378575 1.321705 -0.757085 1.13289 -0.378575 1.321705 -0.757081 2.26578 -0.378575 2.26578 0 2.294255 -0.378575 2.832226 -0.378575 2.832226 0 2.294255 0 2.867819 -0.378575 2.832226 0 2.867819 0 3.441383 -0.378575 2.832226 0 3.441383 -0.378575 3.398671 -0.378575 3.398671 0 3.441383 0 4.014946 -0.378575 3.398671 0 4.014946 -0.378575 4.172914 -0.378575 4.172914 0 4.014946 0 4.58851 -0.378575 5.006756 0 5.006756 -0.378575 5.529701 -0.378575 5.529701 0 5.006756 0 5.660437 -0.378575 5.529701 0 5.660437 0 6.314117 -0.378575 5.529701 0 6.314117 -0.378575 6.401275 -0.378575 6.401275 0 6.314117 0 6.967798 -0.378575 6.401275 0 6.967798 -0.378575 7.272849 -0.378575 7.272849 0 6.967798 0 7.621478 0 10.86843 0 10.8811 -0.378575 10.86843 -0.378575 10.86843 0 10.8811 -0.378575 11.29335 0 10.8811 0 12.32397 -0.378575 11.29335 -0.378575 11.29335 0 12.32397 -0.378575 12.94235 0 12.32397 0 13.76684 -0.378575 12.94235 0 17.58667 0 18.70108 -0.378575 18.03244 -0.378575 18.03244 0 18.70108 -0.378575 18.92397 0 18.70108 0 19.81549 -0.378575 18.92397 -0.378575 18.92397 0 19.81549 -0.378575 19.81549 0 19.81549 0 19.84552 -0.378575 19.81549 -0.378575 19.81549 0 19.84552 -0.378575 19.84556 -0.378575 20.31466 0 20.72516 -0.378575 21.25294 -0.378575 21.25294 0 20.72516 0 21.60479 -0.378575 21.25294 0 21.60479 -0.378575 22.19121 -0.378575 22.19121 0 21.60479 0 22.48442 -0.378575 22.19121 0 22.48442 -0.378575 23.36406 -0.378575 23.36406 0 22.48442 0 23.36406 -0.757049 23.41339 -0.378575 23.41337 -0.378575 23.76578 -0.36087 -6.633492 0.36087 -6.633492 -0.36087 -6.030447 -0.36087 -6.030447 0.36087 -6.633492 0.36087 -6.001731 -0.36087 -6.030447 0.36087 -6.001731 -0.36087 -5.427402 -0.36087 -5.427402 0.36087 -6.001731 0.36087 -5.369969 -0.36087 -5.427402 0.36087 -5.369969 -0.36087 -4.824358 -0.36087 -4.824358 0.36087 -5.369969 0.36087 -4.738208 -0.36087 -4.824358 0.36087 -4.738208 -0.36087 -4.221313 -0.36087 -4.221313 0.36087 -4.738208 0.36087 -4.106447 -0.36087 -4.221313 0.36087 -4.106447 -0.36087 -3.618268 -0.36087 -3.618268 0.36087 -4.106447 0.36087 -3.474686 -0.36087 -3.618268 0.36087 -3.474686 -0.36087 -3.015223 -0.36087 -3.015223 0.36087 -3.474686 0.36087 -2.842925 -0.36087 -3.015223 0.36087 -2.842925 -0.36087 -2.412179 -0.36087 -2.412179 0.36087 -2.842925 0.36087 -2.211164 -0.36087 -2.412179 0.36087 -2.211164 -0.36087 -1.809134 -0.36087 -1.809134 0.36087 -2.211164 0.36087 -1.579403 -0.36087 -1.809134 0.36087 -1.579403 -0.36087 -1.206089 -0.36087 -1.206089 0.36087 -1.579403 0.36087 -0.947642 -0.36087 -1.206089 0.36087 -0.947642 -0.36087 -0.603045 -0.36087 -0.603045 0.36087 -0.947642 0.36087 -0.315881 -0.36087 -0.603045 0.36087 -0.315881 -0.36087 0 -0.36087 0 0.36087 -0.315881 0.36087 0.315881 -0.36087 0 0.36087 0.315881 -0.36087 0.603045 -0.36087 0.603045 0.36087 0.315881 0.36087 0.947642 -0.36087 0.603045 0.36087 0.947642 -0.36087 1.206089 -0.36087 1.206089 0.36087 0.947642 0.36087 1.579403 -0.36087 1.206089 0.36087 1.579403 -0.36087 1.809134 -0.36087 1.809134 0.36087 1.579403 0.36087 2.211164 -0.36087 1.809134 0.36087 2.211164 -0.36087 2.412179 -0.36087 2.412179 0.36087 2.211164 0.36087 2.842925 -0.36087 2.412179 0.36087 2.842925 -0.36087 3.015223 -0.36087 3.015223 0.36087 2.842925 0.36087 3.474686 -0.36087 3.015223 0.36087 3.474686 -0.36087 3.618268 -0.36087 3.618268 0.36087 3.474686 0.36087 4.106447 -0.36087 3.618268 0.36087 4.106447 -0.36087 4.221313 -0.36087 4.221313 0.36087 4.106447 0.36087 4.738208 -0.36087 4.221313 0.36087 4.738208 -0.36087 4.824358 -0.36087 4.824358 0.36087 4.738208 0.36087 5.369969 -0.36087 4.824358 0.36087 5.369969 -0.36087 5.427402 -0.36087 5.427402 0.36087 5.369969 0.36087 6.00173 -0.36087 5.427402 0.36087 6.00173 -0.36087 6.030447 -0.36087 6.030447 0.36087 6.00173 0.36087 6.633492 -0.36087 6.030447 0.36087 6.633492 -0.36087 6.633492 0.672254 28.48333 0.880324 28.94898 0.672464 29.84142 0.672464 29.84142 0.880324 28.94898 1.110335 28.94898 0.672464 29.84142 1.110335 28.94898 1.383136 29.84142 1.383136 29.84142 1.110335 28.94898 1.340345 28.94898 1.383136 29.84142 1.340345 28.94898 1.570356 28.94898 1.570356 28.94898 1.340345 28.94898 1.570356 28.05654 1.570356 28.94898 1.570356 28.05654 1.952376 28.05654 1.952376 28.05654 1.570356 28.05654 1.952376 27.16409 1.952376 28.05654 1.952376 27.16409 2.334396 27.16409 2.334396 27.16409 1.952376 27.16409 2.334396 26.27165 2.334396 27.16409 2.334396 26.27165 2.716415 26.27165 2.716415 26.27165 2.334396 26.27165 2.716415 25.5486 2.716415 26.27165 2.716415 25.5486 3.098435 25.5486 3.098435 25.5486 2.716415 25.5486 3.098435 24.82555 3.098435 25.5486 3.098435 24.82555 3.515098 25.80807 3.515098 25.80807 3.098435 24.82555 3.51585 24.48668 3.51585 24.48668 3.098435 24.82555 3.098435 24.1025 3.51585 24.48668 3.098435 24.1025 3.517307 23.37945 3.517307 23.37945 3.098435 24.1025 3.098435 23.37945 3.517307 23.37945 3.098435 23.37945 3.098435 22.49172 3.098435 22.49172 3.098435 23.37945 2.716415 22.49172 3.098435 22.49172 2.716415 22.49172 3.098435 21.60399 3.098435 21.60399 2.716415 22.49172 2.716415 21.60399 3.098435 21.60399 2.716415 21.60399 3.098435 20.71626 3.098435 20.71626 2.716415 21.60399 2.716415 20.71626 3.098435 20.71626 2.716415 20.71626 3.098435 19.82853 3.098435 19.82853 2.716415 20.71626 2.716415 19.82853 3.098435 19.82853 2.716415 19.82853 3.098435 18.33923 3.098435 18.33923 2.716415 19.82853 2.716415 18.33923 3.098435 18.33923 2.716415 18.33923 3.098435 16.84992 3.098435 16.84992 2.716415 18.33923 2.716415 16.84992 3.098435 16.84992 2.716415 16.84992 3.098435 15.36062 3.098435 15.36062 2.716415 16.84992 2.716415 15.36062 3.098435 15.36062 2.716415 15.36062 3.098435 13.77584 3.098435 13.77584 2.716415 15.36062 2.716415 13.77584 3.098435 13.77584 2.716415 13.77584 3.098435 12.33201 3.098435 12.33201 2.716415 13.77584 2.716415 12.33201 3.098435 12.33201 2.716415 12.33201 3.098435 10.88819 3.098435 10.88819 2.716415 12.33201 2.716415 10.88819 3.098435 10.88819 2.716415 10.88819 3.098435 9.451272 3.098435 9.451272 2.716415 10.88819 2.716415 9.451272 3.098435 9.451272 2.716415 9.451272 3.098435 8.553198 3.098435 8.553198 2.716415 9.451272 2.716415 8.553198 3.098435 8.553198 2.716415 8.553198 3.098435 7.655125 3.098435 7.655125 2.716415 8.553198 2.716415 7.655125 3.098435 7.655125 2.716415 7.655125 2.716415 6.993845 2.716415 6.993845 2.716415 7.655125 2.334396 6.993845 2.716415 6.993845 2.334396 6.993845 2.716415 6.332566 2.716415 6.332566 2.334396 6.993845 2.334396 6.332566 2.716415 6.332566 2.334396 6.332566 2.716415 5.671286 2.716415 5.671286 2.334396 6.332566 2.334396 5.671286 2.716415 5.671286 2.334396 5.671286 2.716415 5.010006 2.716415 5.010006 2.334396 5.671286 2.334396 5.010006 2.716415 5.010006 2.334396 5.010006 2.716415 4.140129 2.716415 4.140129 2.334396 5.010006 2.334396 4.140129 2.716415 4.140129 2.334396 4.140129 2.716415 3.270251 2.716415 3.270251 2.334396 4.140129 2.334396 3.270251 2.716415 3.270251 2.334396 3.270251 2.716415 2.400374 2.716415 2.400374 2.334396 3.270251 2.334396 2.400374 2.716415 2.400374 2.334396 2.400374 2.716415 1.530496 2.716415 1.530496 2.334396 2.400374 2.334396 1.530496 2.716415 1.530496 2.334396 1.530496 2.806816 0 2.806816 0 2.334396 1.530496 2.093808 0 2.093808 0 2.334396 1.530496 1.952376 1.530496 2.093808 0 1.952376 1.530496 1.570356 1.530496 1.570356 1.530496 1.952376 1.530496 1.570356 2.400374 1.570356 1.530496 1.570356 2.400374 1.340345 2.400374 1.340345 2.400374 1.570356 2.400374 1.340345 3.270251 1.340345 2.400374 1.340345 3.270251 1.110335 3.270251 1.110335 3.270251 1.340345 3.270251 1.110335 4.140129 1.110335 3.270251 1.110335 4.140129 0.880324 4.140129 0.880324 4.140129 1.110335 4.140129 0.880324 5.010006 0.880324 4.140129 0.880324 5.010006 0.666784 4.591692 0.666784 4.591692 0.880324 5.010006 0.666052 5.061331 0.666052 5.061331 0.880324 5.010006 0.880324 5.671286 0.666052 5.061331 0.880324 5.671286 0.664487 5.837586 0.664487 5.837586 0.880324 5.671286 0.880324 6.332566 0.664487 5.837586 0.880324 6.332566 0.662557 6.615617 0.662557 6.615617 0.880324 6.332566 0.880324 6.993845 0.662557 6.615617 0.880324 6.993845 0.659604 7.655125 0.659604 7.655125 0.880324 6.993845 0.880324 7.655125 0.659604 7.655125 0.880324 7.655125 0.657615 8.324076 0.657615 8.324076 0.880324 7.655125 0.880324 8.553198 0.657615 8.324076 0.880324 8.553198 0.654119 9.60593 0.654119 9.60593 0.880324 8.553198 0.880324 9.451272 0.654119 9.60593 0.880324 9.451272 0.880324 10.88819 0.880324 10.88819 0.880324 9.451272 1.110335 9.451272 0.880324 10.88819 1.110335 9.451272 1.110335 10.88819 1.110335 10.88819 1.110335 9.451272 1.340345 9.451272 1.110335 10.88819 1.340345 9.451272 1.340345 10.88819 1.340345 10.88819 1.340345 9.451272 1.570356 9.451272 1.340345 10.88819 1.570356 9.451272 1.570356 10.88819 1.570356 10.88819 1.570356 9.451272 1.952376 9.451272 1.570356 10.88819 1.952376 9.451272 1.952376 10.88819 1.952376 10.88819 1.952376 9.451272 2.334396 9.451272 1.952376 10.88819 2.334396 9.451272 2.334396 10.88819 2.334396 10.88819 2.334396 9.451272 2.716415 9.451272 2.334396 10.88819 2.716415 9.451272 2.716415 10.88819 0.880324 28.94898 0.672254 28.48333 0.880324 28.05654 0.880324 28.05654 0.672254 28.48333 0.672584 27.13746 0.880324 28.05654 0.672584 27.13746 0.880324 27.16409 0.880324 27.16409 0.672584 27.13746 0.880324 26.27165 0.880324 27.16409 0.880324 26.27165 1.110335 26.27165 1.110335 26.27165 0.880324 26.27165 1.110335 25.5486 1.110335 26.27165 1.110335 25.5486 1.340345 25.5486 1.340345 25.5486 1.110335 25.5486 1.340345 24.82555 1.340345 25.5486 1.340345 24.82555 1.570356 24.82555 1.570356 24.82555 1.340345 24.82555 1.570356 24.1025 1.570356 24.82555 1.570356 24.1025 1.952376 24.1025 1.952376 24.1025 1.570356 24.1025 1.952376 23.37945 1.952376 24.1025 1.952376 23.37945 2.334396 24.1025 2.334396 24.1025 1.952376 23.37945 2.334396 23.37945 2.334396 24.1025 2.334396 23.37945 2.716415 24.1025 2.716415 24.1025 2.334396 23.37945 2.716415 23.37945 2.716415 24.1025 2.716415 23.37945 3.098435 24.1025 3.098435 24.1025 2.716415 23.37945 3.098435 23.37945 0.672584 27.13746 0.672518 25.80808 0.880324 26.27165 0.880324 26.27165 0.672518 25.80808 0.880324 25.5486 0.880324 26.27165 0.880324 25.5486 1.110335 25.5486 1.110335 25.5486 0.880324 25.5486 1.110335 24.82555 1.110335 25.5486 1.110335 24.82555 1.340345 24.82555 1.340345 24.82555 1.110335 24.82555 1.340345 24.1025 1.340345 24.82555 1.340345 24.1025 1.570356 24.1025 1.570356 24.1025 1.340345 24.1025 1.570356 23.37945 1.570356 24.1025 1.570356 23.37945 1.952376 23.37945 1.952376 23.37945 1.570356 23.37945 1.952376 22.49172 1.952376 23.37945 1.952376 22.49172 2.334396 23.37945 2.334396 23.37945 1.952376 22.49172 2.334396 22.49172 2.334396 23.37945 2.334396 22.49172 2.716415 23.37945 2.716415 23.37945 2.334396 22.49172 2.716415 22.49172 2.716415 23.37945 2.716415 22.49172 3.098435 23.37945 0.880324 25.5486 0.672518 25.80808 0.880324 24.82555 0.880324 24.82555 0.672518 25.80808 0.671766 24.48668 0.880324 24.82555 0.671766 24.48668 0.880324 24.1025 0.880324 24.1025 0.671766 24.48668 0.670309 23.37945 0.880324 24.1025 0.670309 23.37945 0.880324 23.37945 0.880324 23.37945 0.670309 23.37945 0.880324 22.49172 0.880324 23.37945 0.880324 22.49172 1.110335 23.37945 1.110335 23.37945 0.880324 22.49172 1.110335 22.49172 1.110335 23.37945 1.110335 22.49172 1.340345 22.49172 1.340345 22.49172 1.110335 22.49172 1.340345 21.60399 1.340345 22.49172 1.340345 21.60399 1.570356 21.60399 1.570356 21.60399 1.340345 21.60399 1.570356 20.71626 1.570356 21.60399 1.570356 20.71626 1.952376 20.71626 1.952376 20.71626 1.570356 20.71626 1.952376 19.82853 1.952376 20.71626 1.952376 19.82853 2.334396 19.82853 2.334396 19.82853 1.952376 19.82853 2.334396 18.33923 2.334396 19.82853 2.334396 18.33923 2.716415 18.33923 2.716415 18.33923 2.334396 18.33923 2.716415 16.84992 0.670309 23.37945 0.667264 21.92943 0.880324 22.49172 0.880324 22.49172 0.667264 21.92943 0.880324 21.60399 0.880324 22.49172 0.880324 21.60399 1.110335 21.60399 1.110335 21.60399 0.880324 21.60399 1.110335 20.71626 1.110335 21.60399 1.110335 20.71626 1.340345 20.71626 1.340345 20.71626 1.110335 20.71626 1.340345 19.82853 1.340345 20.71626 1.340345 19.82853 1.570356 19.82853 1.570356 19.82853 1.340345 19.82853 1.570356 18.33923 1.570356 19.82853 1.570356 18.33923 1.952376 18.33923 1.952376 18.33923 1.570356 18.33923 1.952376 16.84992 1.952376 18.33923 1.952376 16.84992 2.334396 16.84992 2.334396 16.84992 1.952376 16.84992 2.334396 15.36062 2.334396 16.84992 2.334396 15.36062 2.716415 15.36062 2.716415 15.36062 2.334396 15.36062 2.716415 13.77584 0.667264 21.92943 0.665406 21.229 0.880324 21.60399 0.880324 21.60399 0.665406 21.229 0.880324 20.71626 0.880324 21.60399 0.880324 20.71626 1.110335 20.71626 1.110335 20.71626 0.880324 20.71626 1.110335 19.82853 1.110335 20.71626 1.110335 19.82853 1.340345 19.82853 1.340345 19.82853 1.110335 19.82853 1.340345 18.33923 1.340345 19.82853 1.340345 18.33923 1.570356 18.33923 1.570356 18.33923 1.340345 18.33923 1.570356 16.84992 1.570356 18.33923 1.570356 16.84992 1.952376 16.84992 1.952376 16.84992 1.570356 16.84992 1.952376 15.36062 1.952376 16.84992 1.952376 15.36062 2.334396 15.36062 2.334396 15.36062 1.952376 15.36062 2.334396 13.77584 2.334396 15.36062 2.334396 13.77584 2.716415 13.77584 2.716415 13.77584 2.334396 13.77584 2.716415 12.33201 0.665406 21.229 0.663386 20.5287 0.880324 20.71626 0.880324 20.71626 0.663386 20.5287 0.880324 19.82853 0.880324 20.71626 0.880324 19.82853 1.110335 19.82853 1.110335 19.82853 0.880324 19.82853 1.110335 18.33923 1.110335 19.82853 1.110335 18.33923 1.340345 18.33923 1.340345 18.33923 1.110335 18.33923 1.340345 16.84992 1.340345 18.33923 1.340345 16.84992 1.570356 16.84992 1.570356 16.84992 1.340345 16.84992 1.570356 15.36062 1.570356 16.84992 1.570356 15.36062 1.952376 15.36062 1.952376 15.36062 1.570356 15.36062 1.952376 13.77584 1.952376 15.36062 1.952376 13.77584 2.334396 13.77584 2.334396 13.77584 1.952376 13.77584 2.334396 12.33201 2.334396 13.77584 2.334396 12.33201 2.716415 12.33201 2.716415 12.33201 2.334396 12.33201 2.716415 10.88819 0.663386 20.5287 0.661279 19.82853 0.880324 19.82853 0.880324 19.82853 0.661279 19.82853 0.658553 18.91139 0.880324 19.82853 0.658553 18.91139 0.880324 18.33923 0.880324 18.33923 0.658553 18.91139 0.656132 18.02388 0.880324 18.33923 0.656132 18.02388 0.880324 16.84992 0.880324 16.84992 0.656132 18.02388 0.65254 16.24833 0.880324 16.84992 0.65254 16.24833 0.880324 15.36062 0.880324 15.36062 0.65254 16.24833 0.650952 14.67721 0.880324 15.36062 0.650952 14.67721 0.880324 13.77584 0.880324 13.77584 0.650952 14.67721 0.650314 12.95459 0.880324 13.77584 0.650314 12.95459 0.880324 12.33201 0.880324 12.33201 0.650314 12.95459 0.65157 10.90109 0.880324 12.33201 0.65157 10.90109 0.880324 10.88819 0.880324 10.88819 0.65157 10.90109 0.654119 9.60593 0.666784 4.591692 0.667403 4.032412 0.880324 4.140129 0.880324 4.140129 0.667403 4.032412 0.667836 3.473543 0.880324 4.140129 0.667836 3.473543 0.880324 3.270251 0.880324 3.270251 0.667836 3.473543 0.668104 2.347094 0.880324 3.270251 0.668104 2.347094 0.880324 2.400374 0.880324 2.400374 0.668104 2.347094 0.880324 1.530496 0.880324 2.400374 0.880324 1.530496 1.110335 1.530496 1.110335 1.530496 0.880324 1.530496 0.667792 0 1.110335 1.530496 0.667792 0 1.3808 0 0.668104 2.347094 0.667639 1.187381 0.880324 1.530496 0.880324 1.530496 0.667639 1.187381 0.667792 0 2.093808 0 1.570356 1.530496 1.3808 0 1.3808 0 1.570356 1.530496 1.340345 1.530496 1.3808 0 1.340345 1.530496 1.110335 1.530496 1.110335 1.530496 1.340345 1.530496 1.110335 2.400374 1.110335 1.530496 1.110335 2.400374 0.880324 2.400374 0.880324 2.400374 1.110335 2.400374 0.880324 3.270251 2.716415 1.530496 2.806816 0 3.098435 1.530496 3.098435 1.530496 2.806816 0 3.519824 0 3.098435 1.530496 3.519824 0 3.519977 1.187395 3.519977 1.187395 3.519511 2.347109 3.098435 1.530496 3.098435 1.530496 3.519511 2.347109 3.098435 2.400374 3.098435 1.530496 3.098435 2.400374 2.716415 2.400374 2.716415 2.400374 3.098435 2.400374 2.716415 3.270251 3.098435 2.400374 3.519511 2.347109 3.098435 3.270251 3.098435 3.270251 3.519511 2.347109 3.51978 3.473551 3.098435 3.270251 3.51978 3.473551 3.098435 4.140129 3.098435 4.140129 3.51978 3.473551 3.520213 4.032416 3.098435 4.140129 3.520213 4.032416 3.520832 4.591692 3.098435 4.140129 3.520832 4.591692 3.098435 5.010006 3.098435 5.010006 3.520832 4.591692 3.521564 5.061331 3.098435 5.010006 3.521564 5.061331 3.098435 5.671286 3.098435 5.671286 3.521564 5.061331 3.523129 5.837585 3.098435 5.671286 3.523129 5.837585 3.098435 6.332566 3.098435 6.332566 3.523129 5.837585 3.52506 6.615616 3.098435 6.332566 3.52506 6.615616 3.098435 6.993845 3.098435 6.993845 3.52506 6.615616 3.528012 7.655125 3.098435 6.993845 3.528012 7.655125 3.098435 7.655125 3.098435 7.655125 3.528012 7.655125 3.098435 8.553198 3.528012 7.655125 3.531833 8.964938 3.098435 8.553198 3.098435 8.553198 3.531833 8.964938 3.098435 9.451272 3.531833 8.964938 3.536046 10.90109 3.098435 9.451272 3.098435 9.451272 3.536046 10.90109 3.098435 10.88819 3.098435 10.88819 3.536046 10.90109 3.098435 12.33201 3.098435 12.33201 3.536046 10.90109 3.537302 12.95459 3.098435 12.33201 3.537302 12.95459 3.098435 13.77584 3.098435 13.77584 3.537302 12.95459 3.536664 14.67721 3.098435 13.77584 3.536664 14.67721 3.098435 15.36062 3.098435 15.36062 3.536664 14.67721 3.535076 16.24833 3.098435 15.36062 3.535076 16.24833 3.098435 16.84992 3.098435 16.84992 3.535076 16.24833 3.531484 18.02388 3.098435 16.84992 3.531484 18.02388 3.098435 18.33923 3.098435 18.33923 3.531484 18.02388 3.529063 18.91139 3.098435 18.33923 3.529063 18.91139 3.098435 19.82853 3.098435 19.82853 3.529063 18.91139 3.526337 19.82853 3.098435 19.82853 3.526337 19.82853 3.52423 20.5287 3.098435 19.82853 3.52423 20.5287 3.098435 20.71626 3.098435 20.71626 3.52423 20.5287 3.52221 21.229 3.098435 20.71626 3.52221 21.229 3.098435 21.60399 3.098435 21.60399 3.52221 21.229 3.520352 21.92943 3.098435 21.60399 3.520352 21.92943 3.098435 22.49172 3.098435 22.49172 3.520352 21.92943 3.517307 23.37945 3.098435 25.5486 3.515098 25.80807 3.098435 26.27165 3.098435 26.27165 3.515098 25.80807 3.515032 27.13744 3.098435 26.27165 3.515032 27.13744 3.098435 27.16409 3.098435 27.16409 3.515032 27.13744 3.098435 28.05654 3.098435 27.16409 3.098435 28.05654 2.716415 28.05654 2.716415 28.05654 3.098435 28.05654 2.716415 28.94898 2.716415 28.05654 2.716415 28.94898 2.334396 28.94898 2.334396 28.94898 2.716415 28.94898 2.80448 29.84142 2.334396 28.94898 2.80448 29.84142 2.093808 29.84142 3.515032 27.13744 3.515362 28.48332 3.098435 28.05654 3.098435 28.05654 3.515362 28.48332 3.098435 28.94898 3.098435 28.05654 3.098435 28.94898 2.716415 28.94898 2.716415 28.94898 3.098435 28.94898 2.80448 29.84142 3.515362 28.48332 3.515152 29.84142 3.098435 28.94898 3.098435 28.94898 3.515152 29.84142 2.80448 29.84142 1.383136 29.84142 1.570356 28.94898 2.093808 29.84142 2.093808 29.84142 1.570356 28.94898 1.952376 28.94898 2.093808 29.84142 1.952376 28.94898 2.334396 28.94898 2.334396 28.94898 1.952376 28.94898 2.334396 28.05654 2.334396 28.94898 2.334396 28.05654 2.716415 28.05654 2.716415 28.05654 2.334396 28.05654 2.716415 27.16409 2.716415 28.05654 2.716415 27.16409 3.098435 27.16409 3.098435 27.16409 2.716415 27.16409 3.098435 26.27165 1.110335 28.94898 0.880324 28.94898 1.110335 28.05654 1.110335 28.05654 0.880324 28.94898 0.880324 28.05654 1.110335 28.05654 0.880324 28.05654 1.110335 27.16409 1.110335 27.16409 0.880324 28.05654 0.880324 27.16409 1.110335 27.16409 0.880324 27.16409 1.110335 26.27165 1.340345 28.94898 1.110335 28.94898 1.340345 28.05654 1.340345 28.05654 1.110335 28.94898 1.110335 28.05654 1.340345 28.05654 1.110335 28.05654 1.340345 27.16409 1.340345 27.16409 1.110335 28.05654 1.110335 27.16409 1.340345 27.16409 1.110335 27.16409 1.340345 26.27165 1.340345 26.27165 1.110335 27.16409 1.110335 26.27165 1.340345 26.27165 1.110335 26.27165 1.340345 25.5486 2.334396 28.05654 1.952376 28.94898 1.952376 28.05654 1.952376 28.05654 1.952376 28.94898 1.570356 28.94898 1.340345 28.94898 1.340345 28.05654 1.570356 28.05654 1.570356 28.05654 1.340345 28.05654 1.570356 27.16409 1.570356 28.05654 1.570356 27.16409 1.952376 27.16409 1.952376 27.16409 1.570356 27.16409 1.952376 26.27165 1.952376 27.16409 1.952376 26.27165 2.334396 26.27165 2.334396 26.27165 1.952376 26.27165 2.334396 25.5486 2.334396 26.27165 2.334396 25.5486 2.716415 25.5486 2.716415 25.5486 2.334396 25.5486 2.716415 24.82555 2.716415 25.5486 2.716415 24.82555 3.098435 24.82555 3.098435 24.82555 2.716415 24.82555 3.098435 24.1025 1.570356 27.16409 1.340345 28.05654 1.340345 27.16409 2.716415 27.16409 2.334396 28.05654 2.334396 27.16409 2.334396 27.16409 2.334396 28.05654 1.952376 28.05654 1.570356 27.16409 1.340345 27.16409 1.570356 26.27165 1.570356 26.27165 1.340345 27.16409 1.340345 26.27165 1.570356 26.27165 1.340345 26.27165 1.570356 25.5486 1.570356 25.5486 1.340345 26.27165 1.340345 25.5486 1.570356 25.5486 1.340345 25.5486 1.570356 24.82555 1.570356 27.16409 1.570356 26.27165 1.952376 26.27165 1.952376 26.27165 1.570356 26.27165 1.952376 25.5486 1.952376 26.27165 1.952376 25.5486 2.334396 25.5486 2.334396 25.5486 1.952376 25.5486 2.334396 24.82555 2.334396 25.5486 2.334396 24.82555 2.716415 24.82555 2.716415 24.82555 2.334396 24.82555 2.716415 24.1025 2.716415 24.82555 2.716415 24.1025 3.098435 24.1025 1.952376 25.5486 1.570356 26.27165 1.570356 25.5486 2.716415 27.16409 2.334396 27.16409 2.716415 26.27165 3.098435 25.5486 3.098435 26.27165 2.716415 26.27165 2.716415 26.27165 3.098435 26.27165 2.716415 27.16409 1.952376 25.5486 1.570356 25.5486 1.952376 24.82555 1.952376 24.82555 1.570356 25.5486 1.570356 24.82555 1.952376 24.82555 1.570356 24.82555 1.952376 24.1025 0.880324 24.1025 1.110335 24.1025 0.880324 24.82555 0.880324 24.82555 1.110335 24.1025 1.110335 24.82555 0.880324 24.82555 1.110335 24.82555 0.880324 25.5486 1.110335 24.82555 1.110335 24.1025 1.340345 24.1025 1.340345 24.1025 1.110335 24.1025 1.340345 23.37945 1.340345 24.1025 1.340345 23.37945 1.570356 23.37945 1.570356 23.37945 1.340345 23.37945 1.570356 22.49172 1.570356 23.37945 1.570356 22.49172 1.952376 22.49172 1.952376 22.49172 1.570356 22.49172 1.952376 21.60399 1.952376 22.49172 1.952376 21.60399 2.334396 21.60399 2.334396 21.60399 1.952376 21.60399 2.334396 20.71626 2.334396 21.60399 2.334396 20.71626 2.716415 20.71626 2.716415 20.71626 2.334396 20.71626 2.716415 19.82853 0.880324 23.37945 1.110335 23.37945 0.880324 24.1025 0.880324 24.1025 1.110335 23.37945 1.110335 24.1025 1.952376 24.1025 2.334396 24.1025 1.952376 24.82555 1.952376 24.82555 2.334396 24.1025 2.334396 24.82555 1.952376 24.82555 2.334396 24.82555 1.952376 25.5486 2.334396 24.1025 2.716415 24.1025 2.334396 24.82555 1.340345 21.60399 1.110335 22.49172 1.110335 21.60399 1.110335 21.60399 1.110335 22.49172 0.880324 22.49172 1.110335 23.37945 1.340345 22.49172 1.340345 23.37945 1.340345 23.37945 1.340345 22.49172 1.570356 22.49172 1.952376 21.60399 1.570356 22.49172 1.570356 21.60399 1.570356 21.60399 1.570356 22.49172 1.340345 22.49172 2.716415 21.60399 2.716415 22.49172 2.334396 22.49172 2.716415 21.60399 2.334396 22.49172 2.334396 21.60399 2.334396 21.60399 2.334396 22.49172 1.952376 22.49172 1.110335 24.1025 1.110335 23.37945 1.340345 23.37945 1.570356 20.71626 1.340345 21.60399 1.340345 20.71626 1.340345 20.71626 1.340345 21.60399 1.110335 21.60399 2.334396 20.71626 1.952376 21.60399 1.952376 20.71626 1.952376 20.71626 1.952376 21.60399 1.570356 21.60399 2.716415 20.71626 2.716415 21.60399 2.334396 21.60399 1.952376 19.82853 1.570356 20.71626 1.570356 19.82853 1.570356 19.82853 1.570356 20.71626 1.340345 20.71626 2.716415 19.82853 2.334396 20.71626 2.334396 19.82853 2.334396 19.82853 2.334396 20.71626 1.952376 20.71626 2.334396 18.33923 1.952376 19.82853 1.952376 18.33923 1.952376 18.33923 1.952376 19.82853 1.570356 19.82853 2.716415 18.33923 2.716415 19.82853 2.334396 19.82853 0.880324 19.82853 0.880324 18.33923 1.110335 18.33923 1.110335 18.33923 0.880324 18.33923 1.110335 16.84992 1.110335 18.33923 1.110335 16.84992 1.340345 16.84992 1.340345 16.84992 1.110335 16.84992 1.340345 15.36062 1.340345 16.84992 1.340345 15.36062 1.570356 15.36062 1.570356 15.36062 1.340345 15.36062 1.570356 13.77584 1.570356 15.36062 1.570356 13.77584 1.952376 13.77584 1.952376 13.77584 1.570356 13.77584 1.952376 12.33201 1.952376 13.77584 1.952376 12.33201 2.334396 12.33201 2.334396 12.33201 1.952376 12.33201 2.334396 10.88819 2.334396 12.33201 2.334396 10.88819 2.716415 10.88819 2.716415 16.84992 2.334396 18.33923 2.334396 16.84992 2.334396 16.84992 2.334396 18.33923 1.952376 18.33923 0.880324 18.33923 0.880324 16.84992 1.110335 16.84992 1.110335 16.84992 0.880324 16.84992 1.110335 15.36062 1.110335 16.84992 1.110335 15.36062 1.340345 15.36062 1.340345 15.36062 1.110335 15.36062 1.340345 13.77584 1.340345 15.36062 1.340345 13.77584 1.570356 13.77584 1.570356 13.77584 1.340345 13.77584 1.570356 12.33201 1.570356 13.77584 1.570356 12.33201 1.952376 12.33201 1.952376 12.33201 1.570356 12.33201 1.952376 10.88819 1.952376 12.33201 1.952376 10.88819 2.334396 10.88819 2.716415 15.36062 2.716415 16.84992 2.334396 16.84992 0.880324 16.84992 0.880324 15.36062 1.110335 15.36062 1.110335 15.36062 0.880324 15.36062 1.110335 13.77584 1.110335 15.36062 1.110335 13.77584 1.340345 13.77584 1.340345 13.77584 1.110335 13.77584 1.340345 12.33201 1.340345 13.77584 1.340345 12.33201 1.570356 12.33201 1.570356 12.33201 1.340345 12.33201 1.570356 10.88819 1.570356 12.33201 1.570356 10.88819 1.952376 10.88819 0.880324 15.36062 0.880324 13.77584 1.110335 13.77584 1.110335 13.77584 0.880324 13.77584 1.110335 12.33201 1.110335 13.77584 1.110335 12.33201 1.340345 12.33201 1.340345 12.33201 1.110335 12.33201 1.340345 10.88819 1.340345 12.33201 1.340345 10.88819 1.570356 10.88819 0.880324 13.77584 0.880324 12.33201 1.110335 12.33201 1.110335 12.33201 0.880324 12.33201 1.110335 10.88819 1.110335 12.33201 1.110335 10.88819 1.340345 10.88819 0.880324 10.88819 1.110335 10.88819 0.880324 12.33201 1.110335 9.451272 0.880324 9.451272 1.110335 8.553198 1.110335 8.553198 0.880324 9.451272 0.880324 8.553198 1.110335 8.553198 0.880324 8.553198 1.110335 7.655125 1.110335 7.655125 0.880324 8.553198 0.880324 7.655125 1.110335 7.655125 0.880324 7.655125 0.880324 6.993845 1.340345 9.451272 1.110335 9.451272 1.340345 8.553198 1.340345 8.553198 1.110335 9.451272 1.110335 8.553198 1.340345 8.553198 1.110335 8.553198 1.340345 7.655125 1.340345 7.655125 1.110335 8.553198 1.110335 7.655125 1.340345 7.655125 1.110335 7.655125 1.110335 6.993845 1.110335 6.993845 1.110335 7.655125 0.880324 6.993845 1.110335 6.993845 0.880324 6.993845 1.110335 6.332566 1.110335 6.332566 0.880324 6.993845 0.880324 6.332566 1.110335 6.332566 0.880324 6.332566 1.110335 5.671286 1.110335 5.671286 0.880324 6.332566 0.880324 5.671286 1.110335 5.671286 0.880324 5.671286 1.110335 5.010006 1.110335 5.010006 0.880324 5.671286 0.880324 5.010006 1.110335 5.010006 0.880324 5.010006 1.110335 4.140129 1.570356 9.451272 1.340345 9.451272 1.570356 8.553198 1.570356 8.553198 1.340345 9.451272 1.340345 8.553198 1.570356 8.553198 1.340345 8.553198 1.570356 7.655125 1.570356 7.655125 1.340345 8.553198 1.340345 7.655125 1.570356 7.655125 1.340345 7.655125 1.340345 6.993845 1.340345 6.993845 1.340345 7.655125 1.110335 6.993845 1.340345 6.993845 1.110335 6.993845 1.340345 6.332566 1.340345 6.332566 1.110335 6.993845 1.110335 6.332566 1.340345 6.332566 1.110335 6.332566 1.340345 5.671286 1.340345 5.671286 1.110335 6.332566 1.110335 5.671286 1.340345 5.671286 1.110335 5.671286 1.340345 5.010006 1.340345 5.010006 1.110335 5.671286 1.110335 5.010006 1.340345 5.010006 1.110335 5.010006 1.340345 4.140129 1.340345 4.140129 1.110335 5.010006 1.110335 4.140129 1.340345 4.140129 1.110335 4.140129 1.340345 3.270251 1.952376 9.451272 1.570356 9.451272 1.952376 8.553198 1.952376 8.553198 1.570356 9.451272 1.570356 8.553198 1.952376 8.553198 1.570356 8.553198 1.570356 7.655125 2.716415 8.553198 2.716415 9.451272 2.334396 9.451272 2.334396 9.451272 1.952376 9.451272 2.334396 8.553198 2.334396 8.553198 1.952376 9.451272 1.952376 8.553198 2.334396 8.553198 1.952376 8.553198 2.334396 7.655125 2.334396 7.655125 1.952376 8.553198 1.952376 7.655125 2.334396 7.655125 1.952376 7.655125 1.952376 6.993845 1.952376 6.993845 1.952376 7.655125 1.570356 6.993845 1.952376 6.993845 1.570356 6.993845 1.952376 6.332566 1.952376 6.332566 1.570356 6.993845 1.570356 6.332566 1.952376 6.332566 1.570356 6.332566 1.952376 5.671286 1.952376 5.671286 1.570356 6.332566 1.570356 5.671286 1.952376 5.671286 1.570356 5.671286 1.952376 5.010006 1.952376 5.010006 1.570356 5.671286 1.570356 5.010006 1.952376 5.010006 1.570356 5.010006 1.952376 4.140129 1.952376 4.140129 1.570356 5.010006 1.570356 4.140129 1.952376 4.140129 1.570356 4.140129 1.952376 3.270251 1.952376 3.270251 1.570356 4.140129 1.570356 3.270251 1.952376 3.270251 1.570356 3.270251 1.952376 2.400374 1.952376 2.400374 1.570356 3.270251 1.570356 2.400374 1.952376 2.400374 1.570356 2.400374 1.952376 1.530496 2.716415 8.553198 2.334396 8.553198 2.716415 7.655125 2.716415 7.655125 2.334396 8.553198 2.334396 7.655125 2.716415 7.655125 2.334396 7.655125 2.334396 6.993845 2.334396 6.993845 2.334396 7.655125 1.952376 6.993845 2.334396 6.993845 1.952376 6.993845 2.334396 6.332566 2.334396 6.332566 1.952376 6.993845 1.952376 6.332566 2.334396 6.332566 1.952376 6.332566 2.334396 5.671286 2.334396 5.671286 1.952376 6.332566 1.952376 5.671286 2.334396 5.671286 1.952376 5.671286 2.334396 5.010006 2.334396 5.010006 1.952376 5.671286 1.952376 5.010006 2.334396 5.010006 1.952376 5.010006 2.334396 4.140129 2.334396 4.140129 1.952376 5.010006 1.952376 4.140129 2.334396 4.140129 1.952376 4.140129 2.334396 3.270251 2.334396 3.270251 1.952376 4.140129 1.952376 3.270251 2.334396 3.270251 1.952376 3.270251 2.334396 2.400374 2.334396 2.400374 1.952376 3.270251 1.952376 2.400374 2.334396 2.400374 1.952376 2.400374 2.334396 1.530496 2.334396 1.530496 1.952376 2.400374 1.952376 1.530496 2.334396 8.553198 2.716415 8.553198 2.334396 9.451272 1.952376 7.655125 1.952376 8.553198 1.570356 7.655125 1.570356 6.993845 1.952376 7.655125 1.570356 7.655125 1.570356 6.993845 1.570356 7.655125 1.340345 6.993845 3.098435 6.993845 3.098435 7.655125 2.716415 6.993845 1.570356 6.332566 1.570356 6.993845 1.340345 6.993845 1.570356 6.332566 1.340345 6.993845 1.340345 6.332566 3.098435 6.332566 3.098435 6.993845 2.716415 6.993845 3.098435 6.332566 2.716415 6.993845 2.716415 6.332566 1.570356 5.671286 1.570356 6.332566 1.340345 6.332566 1.570356 5.671286 1.340345 6.332566 1.340345 5.671286 3.098435 5.671286 3.098435 6.332566 2.716415 6.332566 3.098435 5.671286 2.716415 6.332566 2.716415 5.671286 1.570356 5.010006 1.570356 5.671286 1.340345 5.671286 1.570356 5.010006 1.340345 5.671286 1.340345 5.010006 3.098435 5.010006 3.098435 5.671286 2.716415 5.671286 3.098435 5.010006 2.716415 5.671286 2.716415 5.010006 1.570356 4.140129 1.570356 5.010006 1.340345 5.010006 1.570356 4.140129 1.340345 5.010006 1.340345 4.140129 3.098435 4.140129 3.098435 5.010006 2.716415 5.010006 3.098435 4.140129 2.716415 5.010006 2.716415 4.140129 1.570356 3.270251 1.570356 4.140129 1.340345 4.140129 1.570356 3.270251 1.340345 4.140129 1.340345 3.270251 3.098435 3.270251 3.098435 4.140129 2.716415 4.140129 3.098435 3.270251 2.716415 4.140129 2.716415 3.270251 0.880324 4.140129 0.880324 3.270251 1.110335 3.270251 1.110335 3.270251 0.880324 3.270251 1.110335 2.400374 1.110335 3.270251 1.110335 2.400374 1.340345 2.400374 1.340345 2.400374 1.110335 2.400374 1.340345 1.530496 1.340345 2.400374 1.340345 1.530496 1.570356 1.530496 1.570356 2.400374 1.570356 3.270251 1.340345 3.270251 3.098435 2.400374 3.098435 3.270251 2.716415 3.270251 2.716415 1.530496 3.098435 1.530496 2.716415 2.400374 0.694352 -10.34572 1.388703 -10.34572 0.694352 -9.801212 0.694352 -9.801212 1.388703 -10.34572 1.388703 -9.77096 0.694352 -9.801212 1.388703 -9.77096 0.694352 -9.256699 0.694352 -9.256699 1.388703 -9.77096 1.388703 -9.196199 0.694352 -9.256699 1.388703 -9.196199 0.694352 -8.712187 0.694352 -8.712187 1.388703 -9.196199 1.388703 -8.621436 0.694352 -8.712187 1.388703 -8.621436 0.694352 -8.167676 0.694352 -8.167676 1.388703 -8.621436 1.388703 -8.046673 0.694352 -8.167676 1.388703 -8.046673 0.694352 -7.623164 0.694352 -7.623164 1.388703 -8.046673 1.388703 -7.471911 0.694352 -7.623164 1.388703 -7.471911 0.694352 -7.078652 0.694352 -7.078652 1.388703 -7.471911 1.388703 -6.897148 0.694352 -7.078652 1.388703 -6.897148 0.694352 -6.534141 0.694352 -6.534141 1.388703 -6.897148 1.388703 -6.322386 0.694352 -6.534141 1.388703 -6.322386 0.694352 -5.989629 0.694352 -5.989629 1.388703 -6.322386 1.388703 -5.747624 0.694352 -5.989629 1.388703 -5.747624 0.694352 -5.445117 0.694352 -5.445117 1.388703 -5.747624 1.388703 -5.172861 0.694352 -5.445117 1.388703 -5.172861 0.694352 -4.900605 0.694352 -4.900605 1.388703 -5.172861 1.388703 -4.598099 0.694352 -4.900605 1.388703 -4.598099 0.694352 -4.356094 0.694352 -4.356094 1.388703 -4.598099 1.388703 -4.023337 0.694352 -4.356094 1.388703 -4.023337 0.694352 -3.811582 0.694352 -3.811582 1.388703 -4.023337 1.388703 -3.448574 0.694352 -3.811582 1.388703 -3.448574 0.694352 -3.26707 0.694352 -3.26707 1.388703 -3.448574 1.388703 -2.873812 0.694352 -3.26707 1.388703 -2.873812 0.694352 -2.722559 0.694352 -2.722559 1.388703 -2.873812 1.388703 -2.299049 0.694352 -2.722559 1.388703 -2.299049 0.694352 -2.178047 0.694352 -2.178047 1.388703 -2.299049 1.388703 -1.724287 0.694352 -2.178047 1.388703 -1.724287 0.694352 -1.633535 0.694352 -1.633535 1.388703 -1.724287 1.388703 -1.149525 0.694352 -1.633535 1.388703 -1.149525 0.694352 -1.089023 0.694352 -1.089023 1.388703 -1.149525 1.388703 -0.574762 0.694352 -1.089023 1.388703 -0.574762 0.694352 -0.544512 0.694352 -0.544512 1.388703 -0.574762 1.388703 0 0.694352 -0.544512 1.388703 0 0.694352 0 0.694352 0 0 0 0.694352 -0.544512 0.694352 -0.544512 0 0 0 -0.544512 0.694352 -0.544512 0 -0.544512 0.694352 -1.089023 0.694352 -1.089023 0 -0.544512 0 -1.089023 0.694352 -1.089023 0 -1.089023 0.694352 -1.633535 0.694352 -1.633535 0 -1.089023 0 -1.633535 0.694352 -1.633535 0 -1.633535 0.694352 -2.178047 0.694352 -2.178047 0 -1.633535 0 -2.178047 0.694352 -2.178047 0 -2.178047 0.694352 -2.722559 0.694352 -2.722559 0 -2.178047 0 -2.722559 0.694352 -2.722559 0 -2.722559 0.694352 -3.26707 0.694352 -3.26707 0 -2.722559 0 -3.26707 0.694352 -3.26707 0 -3.26707 0.694352 -3.811582 0.694352 -3.811582 0 -3.26707 0 -3.811582 0.694352 -3.811582 0 -3.811582 0.694352 -4.356094 0.694352 -4.356094 0 -3.811582 0 -4.356094 0.694352 -4.356094 0 -4.356094 0.694352 -4.900605 0.694352 -4.900605 0 -4.356094 0 -4.900605 0.694352 -4.900605 0 -4.900605 0.694352 -5.445117 0.694352 -5.445117 0 -4.900605 0 -5.445117 0.694352 -5.445117 0 -5.445117 0.694352 -5.989629 0.694352 -5.989629 0 -5.445117 0 -5.989629 0.694352 -5.989629 0 -5.989629 0.694352 -6.534141 0.694352 -6.534141 0 -5.989629 0 -6.534141 0.694352 -6.534141 0 -6.534141 0.694352 -7.078652 0.694352 -7.078652 0 -6.534141 0 -7.078652 0.694352 -7.078652 0 -7.078652 0.694352 -7.623164 0.694352 -7.623164 0 -7.078652 0 -7.623164 0.694352 -7.623164 0 -7.623164 0.694352 -8.167676 0.694352 -8.167676 0 -7.623164 0 -8.167676 0.694352 -8.167676 0 -8.167676 0.694352 -8.712187 0.694352 -8.712187 0 -8.167676 0 -8.712187 0.694352 -8.712187 0 -8.712187 0.694352 -9.256699 0.694352 -9.256699 0 -8.712187 0 -9.256699 0.694352 -9.256699 0 -9.256699 0.694352 -9.801212 0.694352 -9.801212 0 -9.256699 0 -9.801212 0.694352 -9.801212 0 -9.801212 0.694352 -10.34572 0.694352 -10.34572 0 -9.801212 0 -10.34572 0 -10.34572 0 -9.801212 -0.694352 -9.801212 0 -10.34572 -0.694352 -9.801212 -0.694352 -10.34572 -0.694352 -10.34572 -0.694352 -9.801212 -1.388703 -10.34572 -1.388703 -10.34572 -0.694352 -9.801212 -1.388703 -9.77096 -1.388703 -9.77096 -0.694352 -9.801212 -0.694352 -9.256699 -1.388703 -9.77096 -0.694352 -9.256699 -1.388703 -9.196199 -1.388703 -9.196199 -0.694352 -9.256699 -0.694352 -8.712187 -1.388703 -9.196199 -0.694352 -8.712187 -1.388703 -8.621436 -1.388703 -8.621436 -0.694352 -8.712187 -0.694352 -8.167676 -1.388703 -8.621436 -0.694352 -8.167676 -1.388703 -8.046673 -1.388703 -8.046673 -0.694352 -8.167676 -0.694352 -7.623164 -1.388703 -8.046673 -0.694352 -7.623164 -1.388703 -7.471911 -1.388703 -7.471911 -0.694352 -7.623164 -0.694352 -7.078652 -1.388703 -7.471911 -0.694352 -7.078652 -1.388703 -6.897148 -1.388703 -6.897148 -0.694352 -7.078652 -0.694352 -6.534141 -1.388703 -6.897148 -0.694352 -6.534141 -1.388703 -6.322386 -1.388703 -6.322386 -0.694352 -6.534141 -0.694352 -5.989629 -1.388703 -6.322386 -0.694352 -5.989629 -1.388703 -5.747624 -1.388703 -5.747624 -0.694352 -5.989629 -0.694352 -5.445117 -1.388703 -5.747624 -0.694352 -5.445117 -1.388703 -5.172861 -1.388703 -5.172861 -0.694352 -5.445117 -0.694352 -4.900605 -1.388703 -5.172861 -0.694352 -4.900605 -1.388703 -4.598099 -1.388703 -4.598099 -0.694352 -4.900605 -0.694352 -4.356094 -1.388703 -4.598099 -0.694352 -4.356094 -1.388703 -4.023337 -1.388703 -4.023337 -0.694352 -4.356094 -0.694352 -3.811582 -1.388703 -4.023337 -0.694352 -3.811582 -1.388703 -3.448574 -1.388703 -3.448574 -0.694352 -3.811582 -0.694352 -3.26707 -1.388703 -3.448574 -0.694352 -3.26707 -1.388703 -2.873812 -1.388703 -2.873812 -0.694352 -3.26707 -0.694352 -2.722559 -1.388703 -2.873812 -0.694352 -2.722559 -1.388703 -2.299049 -1.388703 -2.299049 -0.694352 -2.722559 -0.694352 -2.178047 -1.388703 -2.299049 -0.694352 -2.178047 -1.388703 -1.724287 -1.388703 -1.724287 -0.694352 -2.178047 -0.694352 -1.633535 -1.388703 -1.724287 -0.694352 -1.633535 -1.388703 -1.149525 -1.388703 -1.149525 -0.694352 -1.633535 -0.694352 -1.089023 -1.388703 -1.149525 -0.694352 -1.089023 -1.388703 -0.574762 -1.388703 -0.574762 -0.694352 -1.089023 -0.694352 -0.544512 -1.388703 -0.574762 -0.694352 -0.544512 -1.388703 0 -1.388703 0 -0.694352 -0.544512 -0.694352 0 -0.694352 0 -0.694352 -0.544512 0 -0.544512 -0.694352 0 0 -0.544512 0 0 -0.694352 -9.256699 -0.694352 -9.801212 0 -9.801212 -0.694352 -9.256699 0 -9.801212 0 -9.256699 -0.694352 -8.712187 -0.694352 -9.256699 0 -9.256699 -0.694352 -8.712187 0 -9.256699 0 -8.712187 -0.694352 -8.167676 -0.694352 -8.712187 0 -8.712187 -0.694352 -8.167676 0 -8.712187 0 -8.167676 -0.694352 -7.623164 -0.694352 -8.167676 0 -8.167676 -0.694352 -7.623164 0 -8.167676 0 -7.623164 -0.694352 -7.078652 -0.694352 -7.623164 0 -7.623164 -0.694352 -7.078652 0 -7.623164 0 -7.078652 -0.694352 -6.534141 -0.694352 -7.078652 0 -7.078652 -0.694352 -6.534141 0 -7.078652 0 -6.534141 -0.694352 -5.989629 -0.694352 -6.534141 0 -6.534141 -0.694352 -5.989629 0 -6.534141 0 -5.989629 -0.694352 -5.445117 -0.694352 -5.989629 0 -5.989629 -0.694352 -5.445117 0 -5.989629 0 -5.445117 -0.694352 -4.900605 -0.694352 -5.445117 0 -5.445117 -0.694352 -4.900605 0 -5.445117 0 -4.900605 -0.694352 -4.356094 -0.694352 -4.900605 0 -4.900605 -0.694352 -4.356094 0 -4.900605 0 -4.356094 -0.694352 -3.811582 -0.694352 -4.356094 0 -4.356094 -0.694352 -3.811582 0 -4.356094 0 -3.811582 -0.694352 -3.26707 -0.694352 -3.811582 0 -3.811582 -0.694352 -3.26707 0 -3.811582 0 -3.26707 -0.694352 -2.722559 -0.694352 -3.26707 0 -3.26707 -0.694352 -2.722559 0 -3.26707 0 -2.722559 -0.694352 -2.178047 -0.694352 -2.722559 0 -2.722559 -0.694352 -2.178047 0 -2.722559 0 -2.178047 -0.694352 -1.633535 -0.694352 -2.178047 0 -2.178047 -0.694352 -1.633535 0 -2.178047 0 -1.633535 -0.694352 -1.089023 -0.694352 -1.633535 0 -1.633535 -0.694352 -1.089023 0 -1.633535 0 -1.089023 -0.694352 -0.544512 -0.694352 -1.089023 0 -1.089023 -0.694352 -0.544512 0 -1.089023 0 -0.544512 -0.667639 1.187369 -0.880324 1.530496 -0.667792 0 -0.667792 0 -0.880324 1.530496 -1.110335 1.530496 -0.667792 0 -1.110335 1.530496 -1.3808 0 -1.3808 0 -1.110335 1.530496 -1.340345 1.530496 -1.3808 0 -1.340345 1.530496 -1.570356 1.530496 -1.570356 1.530496 -1.340345 1.530496 -1.570356 2.400374 -1.570356 1.530496 -1.570356 2.400374 -1.952376 2.400374 -1.952376 2.400374 -1.570356 2.400374 -1.952376 3.270251 -1.952376 2.400374 -1.952376 3.270251 -2.334396 3.270251 -2.334396 3.270251 -1.952376 3.270251 -2.334396 4.140129 -2.334396 3.270251 -2.334396 4.140129 -2.716415 4.140129 -2.716415 4.140129 -2.334396 4.140129 -2.716415 5.010006 -2.716415 4.140129 -2.716415 5.010006 -3.098435 5.010006 -3.098435 5.010006 -2.716415 5.010006 -3.098435 5.671286 -3.098435 5.010006 -3.098435 5.671286 -3.521564 5.061331 -3.521564 5.061331 -3.098435 5.671286 -3.523129 5.837586 -3.523129 5.837586 -3.098435 5.671286 -3.098435 6.332566 -3.523129 5.837586 -3.098435 6.332566 -3.52506 6.615617 -3.52506 6.615617 -3.098435 6.332566 -3.098435 6.993845 -3.52506 6.615617 -3.098435 6.993845 -3.098435 7.655125 -3.098435 7.655125 -3.098435 6.993845 -2.716415 7.655125 -3.098435 7.655125 -2.716415 7.655125 -2.716415 8.553198 -2.716415 8.553198 -2.716415 7.655125 -2.334396 8.553198 -2.716415 8.553198 -2.334396 8.553198 -2.716415 9.451272 -2.716415 9.451272 -2.334396 8.553198 -2.334396 9.451272 -2.716415 9.451272 -2.334396 9.451272 -2.716415 10.88819 -2.716415 10.88819 -2.334396 9.451272 -2.334396 10.88819 -2.716415 10.88819 -2.334396 10.88819 -2.716415 12.33201 -2.716415 12.33201 -2.334396 10.88819 -2.334396 12.33201 -2.716415 12.33201 -2.334396 12.33201 -2.716415 13.77584 -2.716415 13.77584 -2.334396 12.33201 -2.334396 13.77584 -2.716415 13.77584 -2.334396 13.77584 -2.716415 15.36062 -2.716415 15.36062 -2.334396 13.77584 -2.334396 15.36062 -2.716415 15.36062 -2.334396 15.36062 -2.716415 16.84992 -2.716415 16.84992 -2.334396 15.36062 -2.334396 16.84992 -2.716415 16.84992 -2.334396 16.84992 -2.716415 18.33923 -2.716415 18.33923 -2.334396 16.84992 -2.334396 18.33923 -2.716415 18.33923 -2.334396 18.33923 -2.716415 19.82853 -2.716415 19.82853 -2.334396 18.33923 -2.334396 19.82853 -2.716415 19.82853 -2.334396 19.82853 -2.716415 20.71626 -2.716415 20.71626 -2.334396 19.82853 -2.334396 20.71626 -2.716415 20.71626 -2.334396 20.71626 -2.716415 21.60399 -2.716415 21.60399 -2.334396 20.71626 -2.334396 21.60399 -2.716415 21.60399 -2.334396 21.60399 -2.716415 22.49172 -2.716415 22.49172 -2.334396 21.60399 -2.334396 22.49172 -2.716415 22.49172 -2.334396 22.49172 -2.716415 23.37945 -2.716415 23.37945 -2.334396 22.49172 -2.334396 23.37945 -2.716415 23.37945 -2.334396 23.37945 -2.716415 24.1025 -2.716415 24.1025 -2.334396 23.37945 -2.334396 24.1025 -2.716415 24.1025 -2.334396 24.1025 -2.716415 24.82555 -2.716415 24.82555 -2.334396 24.1025 -2.334396 24.82555 -2.716415 24.82555 -2.334396 24.82555 -2.716415 25.5486 -2.716415 25.5486 -2.334396 24.82555 -2.334396 25.5486 -2.716415 25.5486 -2.334396 25.5486 -2.334396 26.27165 -2.334396 26.27165 -2.334396 25.5486 -1.952376 26.27165 -2.334396 26.27165 -1.952376 26.27165 -2.334396 27.16409 -2.334396 27.16409 -1.952376 26.27165 -1.952376 27.16409 -2.334396 27.16409 -1.952376 27.16409 -2.334396 28.05654 -2.334396 28.05654 -1.952376 27.16409 -1.952376 28.05654 -2.334396 28.05654 -1.952376 28.05654 -2.334396 28.94898 -2.334396 28.94898 -1.952376 28.05654 -1.952376 28.94898 -2.334396 28.94898 -1.952376 28.94898 -2.093808 29.84142 -2.093808 29.84142 -1.952376 28.94898 -1.570356 28.94898 -2.093808 29.84142 -1.570356 28.94898 -1.383136 29.84142 -1.383136 29.84142 -1.570356 28.94898 -1.340345 28.94898 -1.383136 29.84142 -1.340345 28.94898 -1.110335 28.94898 -1.110335 28.94898 -1.340345 28.94898 -1.110335 28.05654 -1.110335 28.94898 -1.110335 28.05654 -0.880324 28.05654 -0.880324 28.05654 -1.110335 28.05654 -0.880324 27.16409 -0.880324 28.05654 -0.880324 27.16409 -0.672328 28.05654 -0.672328 28.05654 -0.880324 27.16409 -0.672585 27.13717 -0.672585 27.13717 -0.880324 27.16409 -0.880324 26.27165 -0.672585 27.13717 -0.880324 26.27165 -0.672521 25.80792 -0.672521 25.80792 -0.880324 26.27165 -0.880324 25.5486 -0.672521 25.80792 -0.880324 25.5486 -0.880324 24.82555 -0.880324 24.82555 -0.880324 25.5486 -1.110335 25.5486 -0.880324 24.82555 -1.110335 25.5486 -1.110335 24.82555 -1.110335 24.82555 -1.110335 25.5486 -1.340345 25.5486 -1.110335 24.82555 -1.340345 25.5486 -1.340345 24.82555 -1.340345 24.82555 -1.340345 25.5486 -1.570356 25.5486 -1.340345 24.82555 -1.570356 25.5486 -1.570356 24.82555 -1.570356 24.82555 -1.570356 25.5486 -1.952376 25.5486 -1.570356 24.82555 -1.952376 25.5486 -1.952376 24.82555 -1.952376 24.82555 -1.952376 25.5486 -2.334396 25.5486 -1.952376 24.82555 -2.334396 25.5486 -2.334396 24.82555 -0.667639 1.187369 -0.668104 2.34708 -0.880324 1.530496 -0.880324 1.530496 -0.668104 2.34708 -0.880324 2.400374 -0.880324 1.530496 -0.880324 2.400374 -1.110335 2.400374 -1.110335 2.400374 -0.880324 2.400374 -1.110335 3.270251 -1.110335 2.400374 -1.110335 3.270251 -1.340345 3.270251 -1.340345 3.270251 -1.110335 3.270251 -1.340345 4.140129 -1.340345 3.270251 -1.340345 4.140129 -1.570356 4.140129 -1.570356 4.140129 -1.340345 4.140129 -1.570356 5.010006 -1.570356 4.140129 -1.570356 5.010006 -1.952376 5.010006 -1.952376 5.010006 -1.570356 5.010006 -1.952376 5.671286 -1.952376 5.010006 -1.952376 5.671286 -2.334396 5.671286 -2.334396 5.671286 -1.952376 5.671286 -2.334396 6.332566 -2.334396 5.671286 -2.334396 6.332566 -2.716415 6.332566 -2.716415 6.332566 -2.334396 6.332566 -2.716415 6.993845 -2.716415 6.332566 -2.716415 6.993845 -3.098435 6.993845 -3.098435 6.993845 -2.716415 6.993845 -2.716415 7.655125 -0.880324 2.400374 -0.668104 2.34708 -0.880324 3.270251 -0.880324 3.270251 -0.668104 2.34708 -0.667837 3.473535 -0.880324 3.270251 -0.667837 3.473535 -0.880324 4.140129 -0.880324 4.140129 -0.667837 3.473535 -0.667404 4.032409 -0.880324 4.140129 -0.667404 4.032409 -0.666784 4.591691 -0.880324 4.140129 -0.666784 4.591691 -0.880324 5.010006 -0.880324 5.010006 -0.666784 4.591691 -0.666052 5.061331 -0.880324 5.010006 -0.666052 5.061331 -0.880324 5.671286 -0.880324 5.671286 -0.666052 5.061331 -0.664487 5.837586 -0.880324 5.671286 -0.664487 5.837586 -0.880324 6.332566 -0.880324 6.332566 -0.664487 5.837586 -0.662557 6.615618 -0.880324 6.332566 -0.662557 6.615618 -0.880324 6.993845 -0.880324 6.993845 -0.662557 6.615618 -0.659604 7.655125 -0.880324 6.993845 -0.659604 7.655125 -0.880324 7.655125 -0.880324 7.655125 -0.659604 7.655125 -0.880324 8.553198 -0.880324 7.655125 -0.880324 8.553198 -1.110335 7.655125 -1.110335 7.655125 -0.880324 8.553198 -1.110335 8.553198 -1.110335 7.655125 -1.110335 8.553198 -1.340345 7.655125 -1.340345 7.655125 -1.110335 8.553198 -1.340345 8.553198 -1.340345 7.655125 -1.340345 8.553198 -1.570356 7.655125 -1.570356 7.655125 -1.340345 8.553198 -1.570356 8.553198 -1.570356 7.655125 -1.570356 8.553198 -1.952376 8.553198 -1.952376 8.553198 -1.570356 8.553198 -1.952376 9.451272 -1.952376 8.553198 -1.952376 9.451272 -2.334396 9.451272 -2.334396 9.451272 -1.952376 9.451272 -2.334396 10.88819 -0.659604 7.655125 -0.655783 8.964935 -0.880324 8.553198 -0.880324 8.553198 -0.655783 8.964935 -0.880324 9.451272 -0.880324 8.553198 -0.880324 9.451272 -1.110335 9.451272 -1.110335 9.451272 -0.880324 9.451272 -1.110335 10.88819 -1.110335 9.451272 -1.110335 10.88819 -1.340345 10.88819 -1.340345 10.88819 -1.110335 10.88819 -1.340345 12.33201 -1.340345 10.88819 -1.340345 12.33201 -1.570356 12.33201 -1.570356 12.33201 -1.340345 12.33201 -1.570356 13.77584 -1.570356 12.33201 -1.570356 13.77584 -1.952376 13.77584 -1.952376 13.77584 -1.570356 13.77584 -1.952376 15.36062 -1.952376 13.77584 -1.952376 15.36062 -2.334396 15.36062 -2.334396 15.36062 -1.952376 15.36062 -2.334396 16.84992 -0.655783 8.964935 -0.65157 10.90109 -0.880324 9.451272 -0.880324 9.451272 -0.65157 10.90109 -0.880324 10.88819 -0.880324 9.451272 -0.880324 10.88819 -1.110335 10.88819 -1.110335 10.88819 -0.880324 10.88819 -1.110335 12.33201 -1.110335 10.88819 -1.110335 12.33201 -1.340345 12.33201 -1.340345 12.33201 -1.110335 12.33201 -1.340345 13.77584 -1.340345 12.33201 -1.340345 13.77584 -1.570356 13.77584 -1.570356 13.77584 -1.340345 13.77584 -1.570356 15.36062 -1.570356 13.77584 -1.570356 15.36062 -1.952376 15.36062 -1.952376 15.36062 -1.570356 15.36062 -1.952376 16.84992 -1.952376 15.36062 -1.952376 16.84992 -2.334396 16.84992 -2.334396 16.84992 -1.952376 16.84992 -2.334396 18.33923 -0.880324 10.88819 -0.65157 10.90109 -0.880324 12.33201 -0.880324 12.33201 -0.65157 10.90109 -0.650314 12.95459 -0.880324 12.33201 -0.650314 12.95459 -0.880324 13.77584 -0.880324 13.77584 -0.650314 12.95459 -0.650952 14.67721 -0.880324 13.77584 -0.650952 14.67721 -0.880324 15.36062 -0.880324 15.36062 -0.650952 14.67721 -0.65254 16.24833 -0.880324 15.36062 -0.65254 16.24833 -0.880324 16.84992 -0.880324 16.84992 -0.65254 16.24833 -0.656132 18.02388 -0.880324 16.84992 -0.656132 18.02388 -0.880324 18.33923 -0.880324 18.33923 -0.656132 18.02388 -0.658553 18.91139 -0.880324 18.33923 -0.658553 18.91139 -0.880324 19.82853 -0.880324 19.82853 -0.658553 18.91139 -0.661279 19.82853 -0.880324 19.82853 -0.661279 19.82853 -0.663386 20.5287 -0.880324 19.82853 -0.663386 20.5287 -0.880324 20.71626 -0.880324 20.71626 -0.663386 20.5287 -0.665406 21.229 -0.880324 20.71626 -0.665406 21.229 -0.880324 21.60399 -0.880324 21.60399 -0.665406 21.229 -0.667264 21.92943 -0.880324 21.60399 -0.667264 21.92943 -0.880324 22.49172 -0.880324 22.49172 -0.667264 21.92943 -0.670309 23.37945 -0.880324 22.49172 -0.670309 23.37945 -0.880324 23.37945 -0.880324 23.37945 -0.670309 23.37945 -0.880324 24.1025 -0.880324 23.37945 -0.880324 24.1025 -1.110335 23.37945 -1.110335 23.37945 -0.880324 24.1025 -1.110335 24.1025 -1.110335 23.37945 -1.110335 24.1025 -1.340345 23.37945 -1.340345 23.37945 -1.110335 24.1025 -1.340345 24.1025 -1.340345 23.37945 -1.340345 24.1025 -1.570356 23.37945 -1.570356 23.37945 -1.340345 24.1025 -1.570356 24.1025 -1.570356 23.37945 -1.570356 24.1025 -1.952376 23.37945 -1.952376 23.37945 -1.570356 24.1025 -1.952376 24.1025 -1.952376 23.37945 -1.952376 24.1025 -2.334396 24.1025 -2.334396 24.1025 -1.952376 24.1025 -2.334396 24.82555 -0.670309 23.37945 -0.671766 24.48666 -0.880324 24.1025 -0.880324 24.1025 -0.671766 24.48666 -0.880324 24.82555 -0.880324 24.1025 -0.880324 24.82555 -1.110335 24.82555 -0.671766 24.48666 -0.672521 25.80792 -0.880324 24.82555 -0.672328 28.05654 -0.672257 28.48275 -0.880324 28.05654 -0.880324 28.05654 -0.672257 28.48275 -0.880324 28.94898 -0.880324 28.05654 -0.880324 28.94898 -1.110335 28.94898 -1.110335 28.94898 -0.880324 28.94898 -0.672464 29.84142 -1.110335 28.94898 -0.672464 29.84142 -1.383136 29.84142 -0.672257 28.48275 -0.672464 29.84142 -0.880324 28.94898 -2.093808 29.84142 -2.80448 29.84142 -2.334396 28.94898 -2.334396 28.94898 -2.80448 29.84142 -2.716415 28.94898 -2.334396 28.94898 -2.716415 28.94898 -2.334396 28.05654 -2.334396 28.05654 -2.716415 28.94898 -2.716415 28.05654 -2.334396 28.05654 -2.716415 28.05654 -2.334396 27.16409 -2.334396 27.16409 -2.716415 28.05654 -2.716415 27.16409 -2.334396 27.16409 -2.716415 27.16409 -2.334396 26.27165 -2.334396 26.27165 -2.716415 27.16409 -2.716415 26.27165 -2.334396 26.27165 -2.716415 26.27165 -2.716415 25.5486 -2.716415 25.5486 -2.716415 26.27165 -3.098435 25.5486 -2.716415 25.5486 -3.098435 25.5486 -2.716415 24.82555 -2.716415 24.82555 -3.098435 25.5486 -3.098435 24.82555 -2.716415 24.82555 -3.098435 24.82555 -2.716415 24.1025 -2.716415 24.1025 -3.098435 24.82555 -3.098435 24.1025 -2.716415 24.1025 -3.098435 24.1025 -2.716415 23.37945 -2.716415 23.37945 -3.098435 24.1025 -3.098435 23.37945 -2.716415 23.37945 -3.098435 23.37945 -2.716415 22.49172 -2.716415 22.49172 -3.098435 23.37945 -3.098435 22.49172 -2.716415 22.49172 -3.098435 22.49172 -2.716415 21.60399 -2.716415 21.60399 -3.098435 22.49172 -3.098435 21.60399 -2.716415 21.60399 -3.098435 21.60399 -2.716415 20.71626 -2.716415 20.71626 -3.098435 21.60399 -3.098435 20.71626 -2.716415 20.71626 -3.098435 20.71626 -2.716415 19.82853 -2.716415 19.82853 -3.098435 20.71626 -3.098435 19.82853 -2.716415 19.82853 -3.098435 19.82853 -2.716415 18.33923 -2.716415 18.33923 -3.098435 19.82853 -3.098435 18.33923 -2.716415 18.33923 -3.098435 18.33923 -2.716415 16.84992 -2.716415 16.84992 -3.098435 18.33923 -3.098435 16.84992 -2.716415 16.84992 -3.098435 16.84992 -2.716415 15.36062 -2.716415 15.36062 -3.098435 16.84992 -3.098435 15.36062 -2.716415 15.36062 -3.098435 15.36062 -2.716415 13.77584 -2.716415 13.77584 -3.098435 15.36062 -3.098435 13.77584 -2.716415 13.77584 -3.098435 13.77584 -2.716415 12.33201 -2.716415 12.33201 -3.098435 13.77584 -3.098435 12.33201 -2.716415 12.33201 -3.098435 12.33201 -2.716415 10.88819 -2.716415 10.88819 -3.098435 12.33201 -3.098435 10.88819 -2.716415 10.88819 -3.098435 10.88819 -2.716415 9.451272 -2.716415 9.451272 -3.098435 10.88819 -3.098435 9.451272 -2.716415 9.451272 -3.098435 9.451272 -2.716415 8.553198 -2.716415 8.553198 -3.098435 9.451272 -3.098435 8.553198 -2.716415 8.553198 -3.098435 8.553198 -3.098435 7.655125 -3.098435 7.655125 -3.098435 8.553198 -3.528012 7.655125 -3.098435 7.655125 -3.528012 7.655125 -3.52506 6.615617 -2.716415 28.94898 -2.80448 29.84142 -3.098435 28.94898 -3.098435 28.94898 -2.80448 29.84142 -3.515152 29.84142 -3.098435 28.94898 -3.515152 29.84142 -3.515359 28.48275 -3.098435 28.94898 -3.515359 28.48275 -3.098435 28.05654 -3.098435 28.05654 -3.515359 28.48275 -3.515288 28.05654 -3.098435 28.05654 -3.515288 28.05654 -3.098435 27.16409 -3.098435 27.16409 -3.515288 28.05654 -3.515031 27.13717 -3.098435 27.16409 -3.515031 27.13717 -3.098435 26.27165 -3.098435 26.27165 -3.515031 27.13717 -3.514996 26.27165 -3.098435 26.27165 -3.514996 26.27165 -3.515095 25.80792 -3.5159 24.43249 -3.098435 24.82555 -3.515095 25.80792 -3.515095 25.80792 -3.098435 24.82555 -3.098435 25.5486 -3.515095 25.80792 -3.098435 25.5486 -3.098435 26.27165 -3.098435 26.27165 -3.098435 25.5486 -2.716415 26.27165 -3.098435 26.27165 -2.716415 26.27165 -3.098435 27.16409 -3.098435 27.16409 -2.716415 26.27165 -2.716415 27.16409 -3.098435 27.16409 -2.716415 27.16409 -3.098435 28.05654 -3.098435 28.05654 -2.716415 27.16409 -2.716415 28.05654 -3.098435 28.05654 -2.716415 28.05654 -3.098435 28.94898 -3.098435 28.94898 -2.716415 28.05654 -2.716415 28.94898 -3.098435 24.82555 -3.5159 24.43249 -3.098435 24.1025 -3.098435 24.1025 -3.5159 24.43249 -3.517307 23.37945 -3.098435 24.1025 -3.517307 23.37945 -3.098435 23.37945 -3.098435 23.37945 -3.517307 23.37945 -3.518725 22.62991 -3.098435 23.37945 -3.518725 22.62991 -3.098435 22.49172 -3.098435 22.49172 -3.518725 22.62991 -3.520352 21.92943 -3.098435 22.49172 -3.520352 21.92943 -3.098435 21.60399 -3.098435 21.60399 -3.520352 21.92943 -3.522209 21.229 -3.098435 21.60399 -3.522209 21.229 -3.098435 20.71626 -3.098435 20.71626 -3.522209 21.229 -3.52423 20.5287 -3.098435 20.71626 -3.52423 20.5287 -3.098435 19.82853 -3.098435 19.82853 -3.52423 20.5287 -3.526337 19.82853 -3.098435 19.82853 -3.526337 19.82853 -3.098435 18.33923 -3.098435 18.33923 -3.526337 19.82853 -3.529063 18.91139 -3.098435 18.33923 -3.529063 18.91139 -3.531484 18.02388 -3.098435 18.33923 -3.531484 18.02388 -3.098435 16.84992 -3.098435 16.84992 -3.531484 18.02388 -3.53352 17.13616 -3.098435 16.84992 -3.53352 17.13616 -3.535076 16.24833 -3.098435 16.84992 -3.535076 16.24833 -3.098435 15.36062 -3.098435 15.36062 -3.535076 16.24833 -3.536664 14.67721 -3.098435 15.36062 -3.536664 14.67721 -3.098435 13.77584 -3.098435 13.77584 -3.536664 14.67721 -3.537302 12.95459 -3.098435 13.77584 -3.537302 12.95459 -3.098435 12.33201 -3.098435 12.33201 -3.537302 12.95459 -3.536046 10.90109 -3.098435 12.33201 -3.536046 10.90109 -3.098435 10.88819 -3.098435 10.88819 -3.536046 10.90109 -3.098435 9.451272 -3.536046 10.90109 -3.531835 8.965003 -3.098435 9.451272 -3.098435 9.451272 -3.531835 8.965003 -3.098435 8.553198 -3.531835 8.965003 -3.528012 7.655125 -3.098435 8.553198 -3.521564 5.061331 -3.520832 4.591692 -3.098435 5.010006 -3.098435 5.010006 -3.520832 4.591692 -3.098435 4.140129 -3.098435 5.010006 -3.098435 4.140129 -2.716415 4.140129 -2.716415 4.140129 -3.098435 4.140129 -2.716415 3.270251 -2.716415 4.140129 -2.716415 3.270251 -2.334396 3.270251 -2.334396 3.270251 -2.716415 3.270251 -2.334396 2.400374 -2.334396 3.270251 -2.334396 2.400374 -1.952376 2.400374 -1.952376 2.400374 -2.334396 2.400374 -1.952376 1.530496 -1.952376 2.400374 -1.952376 1.530496 -1.570356 1.530496 -1.570356 1.530496 -1.952376 1.530496 -2.093808 0 -1.570356 1.530496 -2.093808 0 -1.3808 0 -3.520832 4.591692 -3.520213 4.032412 -3.098435 4.140129 -3.098435 4.140129 -3.520213 4.032412 -3.51978 3.473543 -3.098435 4.140129 -3.51978 3.473543 -3.098435 3.270251 -3.098435 3.270251 -3.51978 3.473543 -3.519512 2.347094 -3.098435 3.270251 -3.519512 2.347094 -3.098435 2.400374 -3.098435 2.400374 -3.519512 2.347094 -3.098435 1.530496 -3.098435 2.400374 -3.098435 1.530496 -2.716415 1.530496 -2.716415 1.530496 -3.098435 1.530496 -2.806816 0 -2.716415 1.530496 -2.806816 0 -2.334396 1.530496 -2.334396 1.530496 -2.806816 0 -2.093808 0 -2.334396 1.530496 -2.093808 0 -1.952376 1.530496 -3.519512 2.347094 -3.519977 1.187382 -3.098435 1.530496 -3.098435 1.530496 -3.519977 1.187382 -3.519824 0 -3.098435 1.530496 -3.519824 0 -2.806816 0 -0.880324 1.530496 -1.110335 2.400374 -1.110335 1.530496 -1.110335 1.530496 -1.110335 2.400374 -1.340345 2.400374 -1.110335 1.530496 -1.340345 2.400374 -1.340345 1.530496 -1.340345 1.530496 -1.340345 2.400374 -1.570356 2.400374 -1.952376 1.530496 -2.334396 2.400374 -2.334396 1.530496 -2.334396 1.530496 -2.334396 2.400374 -2.716415 2.400374 -2.334396 1.530496 -2.716415 2.400374 -2.716415 1.530496 -2.716415 1.530496 -2.716415 2.400374 -3.098435 2.400374 -1.110335 2.400374 -1.340345 3.270251 -1.340345 2.400374 -1.340345 2.400374 -1.340345 3.270251 -1.570356 3.270251 -1.340345 2.400374 -1.570356 3.270251 -1.570356 2.400374 -1.570356 2.400374 -1.570356 3.270251 -1.952376 3.270251 -3.098435 3.270251 -3.098435 2.400374 -2.716415 2.400374 -3.098435 3.270251 -2.716415 2.400374 -2.716415 3.270251 -2.716415 3.270251 -2.716415 2.400374 -2.334396 2.400374 -0.880324 4.140129 -1.110335 4.140129 -0.880324 3.270251 -0.880324 3.270251 -1.110335 4.140129 -1.110335 3.270251 -0.880324 3.270251 -1.110335 3.270251 -0.880324 2.400374 -1.110335 3.270251 -1.110335 4.140129 -1.340345 4.140129 -1.340345 4.140129 -1.110335 4.140129 -1.340345 5.010006 -1.340345 4.140129 -1.340345 5.010006 -1.570356 5.010006 -1.570356 5.010006 -1.340345 5.010006 -1.570356 5.671286 -1.570356 5.010006 -1.570356 5.671286 -1.952376 5.671286 -1.952376 5.671286 -1.570356 5.671286 -1.952376 6.332566 -1.952376 5.671286 -1.952376 6.332566 -2.334396 6.332566 -2.334396 6.332566 -1.952376 6.332566 -2.334396 6.993845 -2.334396 6.332566 -2.334396 6.993845 -2.716415 6.993845 -2.716415 6.993845 -2.334396 6.993845 -2.334396 7.655125 -2.716415 6.993845 -2.334396 7.655125 -2.716415 7.655125 -2.716415 7.655125 -2.334396 7.655125 -2.334396 8.553198 -1.110335 4.140129 -0.880324 4.140129 -1.110335 5.010006 -1.110335 5.010006 -0.880324 4.140129 -0.880324 5.010006 -1.110335 5.010006 -0.880324 5.010006 -1.110335 5.671286 -1.110335 5.671286 -0.880324 5.010006 -0.880324 5.671286 -1.110335 5.671286 -0.880324 5.671286 -1.110335 6.332566 -1.110335 6.332566 -0.880324 5.671286 -0.880324 6.332566 -1.110335 6.332566 -0.880324 6.332566 -1.110335 6.993845 -1.110335 6.993845 -0.880324 6.332566 -0.880324 6.993845 -1.110335 6.993845 -0.880324 6.993845 -0.880324 7.655125 -1.570356 3.270251 -1.340345 3.270251 -1.570356 4.140129 -1.952376 3.270251 -1.570356 3.270251 -1.952376 4.140129 -1.952376 4.140129 -1.570356 3.270251 -1.570356 4.140129 -1.952376 4.140129 -1.570356 4.140129 -1.952376 5.010006 -1.952376 3.270251 -1.952376 4.140129 -2.334396 4.140129 -2.334396 4.140129 -1.952376 4.140129 -2.334396 5.010006 -2.334396 4.140129 -2.334396 5.010006 -2.716415 5.010006 -2.716415 5.010006 -2.334396 5.010006 -2.716415 5.671286 -2.716415 5.010006 -2.716415 5.671286 -3.098435 5.671286 -3.098435 5.671286 -2.716415 5.671286 -3.098435 6.332566 -2.334396 5.010006 -1.952376 4.140129 -1.952376 5.010006 -3.098435 3.270251 -2.716415 3.270251 -3.098435 4.140129 -1.110335 4.140129 -1.110335 5.010006 -1.340345 5.010006 -1.340345 5.010006 -1.110335 5.010006 -1.340345 5.671286 -1.340345 5.010006 -1.340345 5.671286 -1.570356 5.671286 -1.570356 5.671286 -1.340345 5.671286 -1.570356 6.332566 -1.570356 5.671286 -1.570356 6.332566 -1.952376 6.332566 -1.952376 6.332566 -1.570356 6.332566 -1.952376 6.993845 -1.952376 6.332566 -1.952376 6.993845 -2.334396 6.993845 -2.334396 6.993845 -1.952376 6.993845 -1.952376 7.655125 -2.334396 6.993845 -1.952376 7.655125 -2.334396 7.655125 -2.334396 7.655125 -1.952376 7.655125 -1.952376 8.553198 -2.334396 7.655125 -1.952376 8.553198 -2.334396 8.553198 -2.334396 8.553198 -1.952376 8.553198 -2.334396 9.451272 -1.340345 5.671286 -1.110335 5.010006 -1.110335 5.671286 -2.716415 5.671286 -2.334396 5.010006 -2.334396 5.671286 -2.334396 5.671286 -2.334396 5.010006 -1.952376 5.010006 -1.340345 5.671286 -1.110335 5.671286 -1.340345 6.332566 -1.340345 6.332566 -1.110335 5.671286 -1.110335 6.332566 -1.340345 6.332566 -1.110335 6.332566 -1.340345 6.993845 -1.340345 6.993845 -1.110335 6.332566 -1.110335 6.993845 -1.340345 6.993845 -1.110335 6.993845 -1.110335 7.655125 -1.110335 7.655125 -1.110335 6.993845 -0.880324 7.655125 -3.098435 6.332566 -2.716415 5.671286 -2.716415 6.332566 -2.716415 6.332566 -2.716415 5.671286 -2.334396 5.671286 -1.340345 5.671286 -1.340345 6.332566 -1.570356 6.332566 -1.570356 6.332566 -1.340345 6.332566 -1.570356 6.993845 -1.570356 6.332566 -1.570356 6.993845 -1.952376 6.993845 -1.952376 6.993845 -1.570356 6.993845 -1.570356 7.655125 -1.952376 6.993845 -1.570356 7.655125 -1.952376 7.655125 -1.952376 7.655125 -1.570356 7.655125 -1.952376 8.553198 -1.570356 6.993845 -1.340345 6.332566 -1.340345 6.993845 -3.098435 6.993845 -3.098435 6.332566 -2.716415 6.332566 -1.110335 7.655125 -1.340345 7.655125 -1.340345 6.993845 -1.340345 6.993845 -1.340345 7.655125 -1.570356 6.993845 -1.340345 7.655125 -1.570356 7.655125 -1.570356 6.993845 -0.880324 8.553198 -1.110335 9.451272 -1.110335 8.553198 -1.110335 8.553198 -1.110335 9.451272 -1.340345 9.451272 -1.110335 8.553198 -1.340345 9.451272 -1.340345 8.553198 -1.340345 8.553198 -1.340345 9.451272 -1.570356 9.451272 -1.340345 8.553198 -1.570356 9.451272 -1.570356 8.553198 -1.570356 8.553198 -1.570356 9.451272 -1.952376 9.451272 -1.110335 9.451272 -1.340345 10.88819 -1.340345 9.451272 -1.340345 9.451272 -1.340345 10.88819 -1.570356 10.88819 -1.340345 9.451272 -1.570356 10.88819 -1.570356 9.451272 -1.570356 9.451272 -1.570356 10.88819 -1.952376 10.88819 -1.570356 9.451272 -1.952376 10.88819 -1.952376 9.451272 -1.952376 9.451272 -1.952376 10.88819 -2.334396 10.88819 -0.880324 10.88819 -0.880324 12.33201 -1.110335 12.33201 -1.110335 12.33201 -0.880324 12.33201 -1.110335 13.77584 -1.110335 12.33201 -1.110335 13.77584 -1.340345 13.77584 -1.340345 13.77584 -1.110335 13.77584 -1.340345 15.36062 -1.340345 13.77584 -1.340345 15.36062 -1.570356 15.36062 -1.570356 15.36062 -1.340345 15.36062 -1.570356 16.84992 -1.570356 15.36062 -1.570356 16.84992 -1.952376 16.84992 -1.952376 16.84992 -1.570356 16.84992 -1.952376 18.33923 -1.952376 16.84992 -1.952376 18.33923 -2.334396 18.33923 -2.334396 18.33923 -1.952376 18.33923 -2.334396 19.82853 -1.570356 10.88819 -1.340345 10.88819 -1.570356 12.33201 -1.952376 10.88819 -1.570356 10.88819 -1.952376 12.33201 -1.952376 12.33201 -1.570356 10.88819 -1.570356 12.33201 -1.952376 12.33201 -1.570356 12.33201 -1.952376 13.77584 -2.334396 10.88819 -1.952376 10.88819 -2.334396 12.33201 -2.334396 12.33201 -1.952376 10.88819 -1.952376 12.33201 -2.334396 12.33201 -1.952376 12.33201 -2.334396 13.77584 -2.334396 13.77584 -1.952376 12.33201 -1.952376 13.77584 -2.334396 13.77584 -1.952376 13.77584 -2.334396 15.36062 -0.880324 12.33201 -0.880324 13.77584 -1.110335 13.77584 -1.110335 13.77584 -0.880324 13.77584 -1.110335 15.36062 -1.110335 13.77584 -1.110335 15.36062 -1.340345 15.36062 -1.340345 15.36062 -1.110335 15.36062 -1.340345 16.84992 -1.340345 15.36062 -1.340345 16.84992 -1.570356 16.84992 -1.570356 16.84992 -1.340345 16.84992 -1.570356 18.33923 -1.570356 16.84992 -1.570356 18.33923 -1.952376 18.33923 -1.952376 18.33923 -1.570356 18.33923 -1.952376 19.82853 -1.952376 18.33923 -1.952376 19.82853 -2.334396 19.82853 -2.334396 19.82853 -1.952376 19.82853 -2.334396 20.71626 -0.880324 13.77584 -0.880324 15.36062 -1.110335 15.36062 -1.110335 15.36062 -0.880324 15.36062 -1.110335 16.84992 -1.110335 15.36062 -1.110335 16.84992 -1.340345 16.84992 -1.340345 16.84992 -1.110335 16.84992 -1.340345 18.33923 -1.340345 16.84992 -1.340345 18.33923 -1.570356 18.33923 -1.570356 18.33923 -1.340345 18.33923 -1.570356 19.82853 -1.570356 18.33923 -1.570356 19.82853 -1.952376 19.82853 -1.952376 19.82853 -1.570356 19.82853 -1.952376 20.71626 -1.952376 19.82853 -1.952376 20.71626 -2.334396 20.71626 -2.334396 20.71626 -1.952376 20.71626 -2.334396 21.60399 -0.880324 15.36062 -0.880324 16.84992 -1.110335 16.84992 -1.110335 16.84992 -0.880324 16.84992 -1.110335 18.33923 -1.110335 16.84992 -1.110335 18.33923 -1.340345 18.33923 -1.340345 18.33923 -1.110335 18.33923 -1.340345 19.82853 -1.340345 18.33923 -1.340345 19.82853 -1.570356 19.82853 -1.570356 19.82853 -1.340345 19.82853 -1.570356 20.71626 -1.570356 19.82853 -1.570356 20.71626 -1.952376 20.71626 -1.952376 20.71626 -1.570356 20.71626 -1.952376 21.60399 -1.952376 20.71626 -1.952376 21.60399 -2.334396 21.60399 -2.334396 21.60399 -1.952376 21.60399 -2.334396 22.49172 -0.880324 16.84992 -0.880324 18.33923 -1.110335 18.33923 -1.110335 18.33923 -0.880324 18.33923 -1.110335 19.82853 -1.110335 18.33923 -1.110335 19.82853 -1.340345 19.82853 -1.340345 19.82853 -1.110335 19.82853 -1.340345 20.71626 -1.340345 19.82853 -1.340345 20.71626 -1.570356 20.71626 -1.570356 20.71626 -1.340345 20.71626 -1.570356 21.60399 -1.570356 20.71626 -1.570356 21.60399 -1.952376 21.60399 -1.952376 21.60399 -1.570356 21.60399 -1.952376 22.49172 -1.952376 21.60399 -1.952376 22.49172 -2.334396 22.49172 -2.334396 22.49172 -1.952376 22.49172 -2.334396 23.37945 -0.880324 18.33923 -0.880324 19.82853 -1.110335 19.82853 -1.110335 19.82853 -0.880324 19.82853 -1.110335 20.71626 -1.110335 19.82853 -1.110335 20.71626 -1.340345 20.71626 -1.340345 20.71626 -1.110335 20.71626 -1.340345 21.60399 -1.340345 20.71626 -1.340345 21.60399 -1.570356 21.60399 -1.570356 21.60399 -1.340345 21.60399 -1.570356 22.49172 -1.570356 21.60399 -1.570356 22.49172 -1.952376 22.49172 -1.952376 22.49172 -1.570356 22.49172 -1.570356 23.37945 -1.952376 22.49172 -1.570356 23.37945 -1.952376 23.37945 -0.880324 19.82853 -0.880324 20.71626 -1.110335 20.71626 -1.110335 20.71626 -0.880324 20.71626 -1.110335 21.60399 -1.110335 20.71626 -1.110335 21.60399 -1.340345 21.60399 -1.340345 21.60399 -1.110335 21.60399 -1.340345 22.49172 -1.340345 21.60399 -1.340345 22.49172 -1.570356 22.49172 -1.570356 22.49172 -1.340345 22.49172 -1.340345 23.37945 -1.570356 22.49172 -1.340345 23.37945 -1.570356 23.37945 -0.880324 20.71626 -0.880324 21.60399 -1.110335 21.60399 -1.110335 21.60399 -0.880324 21.60399 -1.110335 22.49172 -1.110335 21.60399 -1.110335 22.49172 -1.340345 22.49172 -1.340345 22.49172 -1.110335 22.49172 -1.110335 23.37945 -1.340345 22.49172 -1.110335 23.37945 -1.340345 23.37945 -0.880324 21.60399 -0.880324 22.49172 -1.110335 22.49172 -1.110335 22.49172 -0.880324 22.49172 -0.880324 23.37945 -1.110335 22.49172 -0.880324 23.37945 -1.110335 23.37945 -1.952376 22.49172 -1.952376 23.37945 -2.334396 23.37945 -2.334396 23.37945 -1.952376 23.37945 -2.334396 24.1025 -0.880324 24.1025 -1.110335 24.82555 -1.110335 24.1025 -1.110335 24.1025 -1.110335 24.82555 -1.340345 24.82555 -1.110335 24.1025 -1.340345 24.82555 -1.340345 24.1025 -1.340345 24.1025 -1.340345 24.82555 -1.570356 24.82555 -1.340345 24.1025 -1.570356 24.82555 -1.570356 24.1025 -1.570356 24.1025 -1.570356 24.82555 -1.952376 24.82555 -1.570356 24.1025 -1.952376 24.82555 -1.952376 24.1025 -1.952376 24.1025 -1.952376 24.82555 -2.334396 24.82555 -2.334396 25.5486 -1.952376 25.5486 -1.952376 26.27165 -1.952376 26.27165 -1.952376 25.5486 -1.570356 26.27165 -1.952376 26.27165 -1.570356 26.27165 -1.570356 27.16409 -1.570356 27.16409 -1.570356 26.27165 -1.340345 27.16409 -1.570356 27.16409 -1.340345 27.16409 -1.570356 28.05654 -1.570356 28.05654 -1.340345 27.16409 -1.340345 28.05654 -1.570356 28.05654 -1.340345 28.05654 -1.570356 28.94898 -1.570356 28.94898 -1.340345 28.05654 -1.340345 28.94898 -1.952376 25.5486 -1.570356 25.5486 -1.570356 26.27165 -1.570356 26.27165 -1.570356 25.5486 -1.340345 26.27165 -1.570356 26.27165 -1.340345 26.27165 -1.340345 27.16409 -1.340345 27.16409 -1.340345 26.27165 -1.110335 27.16409 -1.340345 27.16409 -1.110335 27.16409 -1.340345 28.05654 -1.340345 28.05654 -1.110335 27.16409 -1.110335 28.05654 -1.340345 28.05654 -1.110335 28.05654 -1.340345 28.94898 -1.570356 25.5486 -1.340345 25.5486 -1.340345 26.27165 -1.340345 26.27165 -1.340345 25.5486 -1.110335 26.27165 -1.340345 26.27165 -1.110335 26.27165 -1.110335 27.16409 -1.110335 27.16409 -1.110335 26.27165 -0.880324 27.16409 -1.110335 27.16409 -0.880324 27.16409 -1.110335 28.05654 -1.340345 25.5486 -1.110335 25.5486 -1.110335 26.27165 -1.110335 26.27165 -1.110335 25.5486 -0.880324 26.27165 -1.110335 26.27165 -0.880324 26.27165 -0.880324 27.16409 -1.110335 25.5486 -0.880324 25.5486 -0.880324 26.27165 -1.952376 27.16409 -1.952376 26.27165 -1.570356 27.16409 -1.952376 28.05654 -1.952376 27.16409 -1.570356 27.16409 -1.952376 28.05654 -1.570356 27.16409 -1.570356 28.05654 -1.952376 28.05654 -1.570356 28.05654 -1.952376 28.94898 -1.952376 28.94898 -1.570356 28.05654 -1.570356 28.94898 -1.374292 -14.20497 -1.374292 -14.85065 -0.687146 -14.20497 -0.687146 -14.20497 -1.374292 -14.85065 -0.687146 -14.85065 -0.687146 -14.20497 -0.687146 -14.85065 0 -14.85065 0 -14.85065 -0.687146 -14.85065 0 -15.49634 0 -14.85065 0 -15.49634 0.687146 -15.49634 0.687146 -15.49634 0 -15.49634 0.687146 -16.14202 0.687146 -15.49634 0.687146 -16.14202 1.374292 -16.14202 1.374292 -16.14202 0.687146 -16.14202 1.374292 -16.7877 1.374292 -16.7877 0.687146 -16.14202 0.687146 -16.7877 1.374292 -16.7877 0.687146 -16.7877 1.374292 -17.43338 1.374292 -17.43338 0.687146 -16.7877 0.687146 -17.43338 1.374292 -17.43338 0.687146 -17.43338 1.374292 -18.07906 1.374292 -18.07906 0.687146 -17.43338 0.687146 -18.07906 1.374292 -18.07906 0.687146 -18.07906 1.374292 -18.72474 1.374292 -18.72474 0.687146 -18.07906 0.687146 -18.72474 1.374292 -18.72474 0.687146 -18.72474 1.374292 -19.37042 1.374292 -19.37042 0.687146 -18.72474 0.687146 -19.37042 1.374292 -19.37042 0.687146 -19.37042 1.374292 -20.0161 1.374292 -20.0161 0.687146 -19.37042 0.687146 -20.0161 1.374292 -20.0161 0.687146 -20.0161 1.374292 -20.66178 1.374292 -20.66178 0.687146 -20.0161 0.687146 -20.66178 1.374292 -20.66178 0.687146 -20.66178 1.374292 -21.30746 1.374292 -21.30746 0.687146 -20.66178 0.687146 -21.30746 1.374292 -21.30746 0.687146 -21.30746 1.374292 -21.95314 1.374292 -21.95314 0.687146 -21.30746 0.687146 -21.95314 1.374292 -21.95314 0.687146 -21.95314 1.374292 -22.59882 1.374292 -22.59882 0.687146 -21.95314 0.687146 -22.59882 1.374292 -22.59882 0.687146 -22.59882 1.374292 -23.24451 1.374292 -23.24451 0.687146 -22.59882 0.687146 -23.24451 1.374292 -23.24451 0.687146 -23.24451 1.374292 -23.89019 1.374292 -23.89019 0.687146 -23.24451 0.687146 -23.89019 1.374292 -23.89019 0.687146 -23.89019 1.374292 -24.53587 1.374292 -24.53587 0.687146 -23.89019 0.687146 -24.53587 1.374292 -24.53587 0.687146 -24.53587 1.374292 -25.18155 1.374292 -25.18155 0.687146 -24.53587 0.687146 -25.18155 1.374292 -25.18155 0.687146 -25.18155 1.374292 -25.82723 1.374292 -25.82723 0.687146 -25.18155 0.687146 -25.82723 1.374292 -25.82723 0.687146 -25.82723 1.374292 -26.47291 1.374292 -26.47291 0.687146 -25.82723 0.687146 -26.47291 1.374292 -26.47291 0.687146 -26.47291 1.374292 -27.11859 1.374292 -27.11859 0.687146 -26.47291 0.687146 -27.11859 1.374292 -27.11859 0.687146 -27.11859 1.374292 -27.76427 1.374292 -27.76427 0.687146 -27.11859 0.687146 -27.76427 1.374292 -27.76427 0.687146 -27.76427 0.687146 -28.40995 0.687146 -28.40995 0.687146 -27.76427 0 -27.76427 0.687146 -28.40995 0 -27.76427 0 -28.40995 0 -28.40995 0 -27.76427 -0.687146 -27.76427 0 -28.40995 -0.687146 -27.76427 -0.687146 -28.40995 -0.687146 -28.40995 -0.687146 -27.76427 -1.374292 -27.76427 -0.687146 -28.40995 -1.374292 -27.76427 -1.374292 -28.40995 -0.687146 -14.85065 -1.374292 -14.85065 -0.687146 -15.49634 -0.687146 -15.49634 -1.374292 -14.85065 -1.374292 -15.49634 -0.687146 -15.49634 -1.374292 -15.49634 -0.687146 -16.14202 -0.687146 -16.14202 -1.374292 -15.49634 -1.374292 -16.14202 -0.687146 -16.14202 -1.374292 -16.14202 -0.687146 -16.7877 -0.687146 -16.7877 -1.374292 -16.14202 -1.374292 -16.7877 -0.687146 -16.7877 -1.374292 -16.7877 -0.687146 -17.43338 -0.687146 -17.43338 -1.374292 -16.7877 -1.374292 -17.43338 -0.687146 -17.43338 -1.374292 -17.43338 -0.687146 -18.07906 -0.687146 -18.07906 -1.374292 -17.43338 -1.374292 -18.07906 -0.687146 -18.07906 -1.374292 -18.07906 -0.687146 -18.72474 -0.687146 -18.72474 -1.374292 -18.07906 -1.374292 -18.72474 -0.687146 -18.72474 -1.374292 -18.72474 -0.687146 -19.37042 -0.687146 -19.37042 -1.374292 -18.72474 -1.374292 -19.37042 -0.687146 -19.37042 -1.374292 -19.37042 -0.687146 -20.0161 -0.687146 -20.0161 -1.374292 -19.37042 -1.374292 -20.0161 -0.687146 -20.0161 -1.374292 -20.0161 -0.687146 -20.66178 -0.687146 -20.66178 -1.374292 -20.0161 -1.374292 -20.66178 -0.687146 -20.66178 -1.374292 -20.66178 -0.687146 -21.30746 -0.687146 -21.30746 -1.374292 -20.66178 -1.374292 -21.30746 -0.687146 -21.30746 -1.374292 -21.30746 -0.687146 -21.95314 -0.687146 -21.95314 -1.374292 -21.30746 -1.374292 -21.95314 -0.687146 -21.95314 -1.374292 -21.95314 -0.687146 -22.59882 -0.687146 -22.59882 -1.374292 -21.95314 -1.374292 -22.59882 -0.687146 -22.59882 -1.374292 -22.59882 -0.687146 -23.24451 -0.687146 -23.24451 -1.374292 -22.59882 -1.374292 -23.24451 -0.687146 -23.24451 -1.374292 -23.24451 -0.687146 -23.89019 -0.687146 -23.89019 -1.374292 -23.24451 -1.374292 -23.89019 -0.687146 -23.89019 -1.374292 -23.89019 -0.687146 -24.53587 -0.687146 -24.53587 -1.374292 -23.89019 -1.374292 -24.53587 -0.687146 -24.53587 -1.374292 -24.53587 -0.687146 -25.18155 -0.687146 -25.18155 -1.374292 -24.53587 -1.374292 -25.18155 -0.687146 -25.18155 -1.374292 -25.18155 -0.687146 -25.82723 -0.687146 -25.82723 -1.374292 -25.18155 -1.374292 -25.82723 -0.687146 -25.82723 -1.374292 -25.82723 -0.687146 -26.47291 -0.687146 -26.47291 -1.374292 -25.82723 -1.374292 -26.47291 -0.687146 -26.47291 -1.374292 -26.47291 -0.687146 -27.11859 -0.687146 -27.11859 -1.374292 -26.47291 -1.374292 -27.11859 -0.687146 -27.11859 -1.374292 -27.11859 -0.687146 -27.76427 -0.687146 -27.76427 -1.374292 -27.11859 -1.374292 -27.76427 0.687146 -28.40995 1.374292 -28.40995 1.374292 -27.76427 1.374292 -16.14202 1.374292 -15.49634 0.687146 -15.49634 0.687146 -15.49634 1.374292 -15.49634 0.687146 -14.85065 0.687146 -15.49634 0.687146 -14.85065 0 -14.85065 0 -14.85065 0.687146 -14.85065 0 -14.20497 0 -14.85065 0 -14.20497 -0.687146 -14.20497 1.374292 -15.49634 1.374292 -14.85065 0.687146 -14.85065 0.687146 -14.85065 1.374292 -14.85065 0.687146 -14.20497 0.687146 -14.85065 0.687146 -14.20497 0 -14.20497 1.374292 -14.85065 1.374292 -14.20497 0.687146 -14.20497 0 -15.49634 -0.687146 -14.85065 -0.687146 -15.49634 0 -15.49634 -0.687146 -15.49634 0 -16.14202 0 -16.14202 -0.687146 -15.49634 -0.687146 -16.14202 0 -16.14202 -0.687146 -16.14202 0 -16.7877 0 -16.7877 -0.687146 -16.14202 -0.687146 -16.7877 0 -16.7877 -0.687146 -16.7877 0 -17.43338 0 -17.43338 -0.687146 -16.7877 -0.687146 -17.43338 0 -17.43338 -0.687146 -17.43338 0 -18.07906 0 -18.07906 -0.687146 -17.43338 -0.687146 -18.07906 0 -18.07906 -0.687146 -18.07906 0 -18.72474 0 -18.72474 -0.687146 -18.07906 -0.687146 -18.72474 0 -18.72474 -0.687146 -18.72474 0 -19.37042 0 -19.37042 -0.687146 -18.72474 -0.687146 -19.37042 0 -19.37042 -0.687146 -19.37042 0 -20.0161 0 -20.0161 -0.687146 -19.37042 -0.687146 -20.0161 0 -20.0161 -0.687146 -20.0161 0 -20.66178 0 -20.66178 -0.687146 -20.0161 -0.687146 -20.66178 0 -20.66178 -0.687146 -20.66178 0 -21.30746 0 -21.30746 -0.687146 -20.66178 -0.687146 -21.30746 0 -21.30746 -0.687146 -21.30746 0 -21.95314 0 -21.95314 -0.687146 -21.30746 -0.687146 -21.95314 0 -21.95314 -0.687146 -21.95314 0 -22.59882 0 -22.59882 -0.687146 -21.95314 -0.687146 -22.59882 0 -22.59882 -0.687146 -22.59882 0 -23.24451 0 -23.24451 -0.687146 -22.59882 -0.687146 -23.24451 0 -23.24451 -0.687146 -23.24451 0 -23.89019 0 -23.89019 -0.687146 -23.24451 -0.687146 -23.89019 0 -23.89019 -0.687146 -23.89019 0 -24.53587 0 -24.53587 -0.687146 -23.89019 -0.687146 -24.53587 0 -24.53587 -0.687146 -24.53587 0 -25.18155 0 -25.18155 -0.687146 -24.53587 -0.687146 -25.18155 0 -25.18155 -0.687146 -25.18155 0 -25.82723 0 -25.82723 -0.687146 -25.18155 -0.687146 -25.82723 0 -25.82723 -0.687146 -25.82723 0 -26.47291 0 -26.47291 -0.687146 -25.82723 -0.687146 -26.47291 0 -26.47291 -0.687146 -26.47291 0 -27.11859 0 -27.11859 -0.687146 -26.47291 -0.687146 -27.11859 0 -27.11859 -0.687146 -27.11859 0 -27.76427 0 -27.76427 -0.687146 -27.11859 -0.687146 -27.76427 0.687146 -16.7877 0.687146 -16.14202 0 -16.14202 0 -16.14202 0.687146 -16.14202 0 -15.49634 0.687146 -16.7877 0 -16.14202 0 -16.7877 0.687146 -17.43338 0.687146 -16.7877 0 -16.7877 0.687146 -17.43338 0 -16.7877 0 -17.43338 0.687146 -18.07906 0.687146 -17.43338 0 -17.43338 0.687146 -18.07906 0 -17.43338 0 -18.07906 0.687146 -18.72474 0.687146 -18.07906 0 -18.07906 0.687146 -18.72474 0 -18.07906 0 -18.72474 0.687146 -19.37042 0.687146 -18.72474 0 -18.72474 0.687146 -19.37042 0 -18.72474 0 -19.37042 0.687146 -20.0161 0.687146 -19.37042 0 -19.37042 0.687146 -20.0161 0 -19.37042 0 -20.0161 0.687146 -20.66178 0.687146 -20.0161 0 -20.0161 0.687146 -20.66178 0 -20.0161 0 -20.66178 0.687146 -21.30746 0.687146 -20.66178 0 -20.66178 0.687146 -21.30746 0 -20.66178 0 -21.30746 0.687146 -21.95314 0.687146 -21.30746 0 -21.30746 0.687146 -21.95314 0 -21.30746 0 -21.95314 0.687146 -22.59882 0.687146 -21.95314 0 -21.95314 0.687146 -22.59882 0 -21.95314 0 -22.59882 0.687146 -23.24451 0.687146 -22.59882 0 -22.59882 0.687146 -23.24451 0 -22.59882 0 -23.24451 0.687146 -23.89019 0.687146 -23.24451 0 -23.24451 0.687146 -23.89019 0 -23.24451 0 -23.89019 0.687146 -24.53587 0.687146 -23.89019 0 -23.89019 0.687146 -24.53587 0 -23.89019 0 -24.53587 0.687146 -25.18155 0.687146 -24.53587 0 -24.53587 0.687146 -25.18155 0 -24.53587 0 -25.18155 0.687146 -25.82723 0.687146 -25.18155 0 -25.18155 0.687146 -25.82723 0 -25.18155 0 -25.82723 0.687146 -26.47291 0.687146 -25.82723 0 -25.82723 0.687146 -26.47291 0 -25.82723 0 -26.47291 0.687146 -27.11859 0.687146 -26.47291 0 -26.47291 0.687146 -27.11859 0 -26.47291 0 -27.11859 0.687146 -27.76427 0.687146 -27.11859 0 -27.11859 0.687146 -27.76427 0 -27.11859 0 -27.76427 0 28.48396 0 29.82173 -0.378605 29.43551 -0.378605 29.43551 0 29.82173 -0.757051 29.82173 -0.378605 29.43551 -0.757051 29.82173 -0.757087 28.49754 -0.378605 29.43551 -0.757087 28.49754 -0.378605 28.19429 -0.378605 28.19429 -0.757087 28.49754 -0.757081 27.17334 -0.378605 28.19429 -0.757081 27.17334 -0.378605 26.95307 -0.378605 26.95307 -0.757081 27.17334 -0.757051 25.84915 -0.378605 26.95307 -0.757051 25.84915 -0.378605 25.71185 -0.378605 25.71185 -0.757051 25.84915 -0.757038 24.52495 -0.378605 25.71185 -0.757038 24.52495 -0.378605 24.47063 -0.378605 24.47063 -0.757038 24.52495 -0.378605 23.76578 -0.378605 24.47063 -0.378605 23.76578 0 24.47063 0 24.47063 -0.378605 23.76578 0 23.36406 0 23.36406 -0.378605 23.76578 -0.378605 23.41337 0 23.36406 -0.378605 23.41337 -0.378605 23.36406 -0.378605 23.36406 -0.378605 23.41337 -0.757049 23.41339 -0.378605 23.36406 -0.757049 23.41339 -0.378605 22.19121 -0.378605 22.19121 -0.757049 23.41339 -0.757026 21.95664 -0.378605 22.19121 -0.757026 21.95664 -0.378605 21.25294 -0.378605 21.25294 -0.757026 21.95664 -0.757023 21.25294 -0.378605 21.25294 -0.757023 21.25294 -0.378605 20.31466 -0.378605 20.31466 -0.757023 21.25294 -0.757041 20.54927 -0.378605 20.31466 -0.757041 20.54927 -0.757075 19.8456 -0.757038 24.52495 -0.757049 23.41339 -0.378605 23.76578 -0.378605 23.76578 -0.757049 23.41339 -0.378605 23.41337 -0.757055 18.92397 -0.378605 19.81549 -0.757075 19.8456 -0.757075 19.8456 -0.378605 19.81549 -0.378605 19.84556 -0.757075 19.8456 -0.378605 19.84556 -0.378605 20.31466 -0.378605 20.31466 -0.378605 19.84556 0 19.84552 -0.378605 20.31466 0 19.84552 0 20.72516 -0.378605 19.81549 -0.757055 18.92397 -0.378605 18.92397 -0.378605 18.92397 -0.757055 18.92397 -0.756987 18.03244 -0.378605 18.92397 -0.756987 18.03244 -0.378605 18.03244 -0.378605 18.03244 -0.756987 18.03244 -0.378605 17.14091 -0.378605 18.03244 -0.378605 17.14091 0 17.58667 0 17.58667 -0.378605 17.14091 0 16.47226 0 16.47226 -0.378605 17.14091 -0.378605 15.65503 0 16.47226 -0.378605 15.65503 0 15.35785 0 15.35785 -0.378605 15.65503 -0.378605 15.35057 0 15.35785 -0.378605 15.35057 0 15.35057 0 15.35057 -0.378605 15.35057 -0.378605 14.06851 0 15.35057 -0.378605 14.06851 0 13.76684 0 13.76684 -0.378605 14.06851 -0.378605 13.76684 0 13.76684 -0.378605 13.76684 -0.378605 12.94235 -0.378605 12.94235 -0.378605 13.76684 -0.75705 12.94235 -0.378605 12.94235 -0.75705 12.94235 -0.378605 11.29335 -0.378605 11.29335 -0.75705 12.94235 -0.757039 10.8811 -0.378605 11.29335 -0.757039 10.8811 -0.378605 10.86843 -0.378605 10.86843 -0.757039 10.8811 -0.378605 9.795675 -0.378605 10.86843 -0.378605 9.795675 0 10.86843 0 10.86843 -0.378605 9.795675 0 9.259294 0 9.259294 -0.378605 9.795675 -0.378605 8.937466 0 9.259294 -0.378605 8.937466 0 8.454725 0 8.454725 -0.378605 8.937466 -0.378605 8.079258 0 8.454725 -0.378605 8.079258 0 7.650155 0 7.650155 -0.378605 8.079258 -0.378605 7.650155 0 7.650155 -0.378605 7.650155 0 7.621478 0 7.621478 -0.378605 7.650155 -0.378605 7.621441 0 7.621478 -0.378605 7.621441 -0.378605 7.272849 -0.378605 7.272849 -0.378605 7.621441 -0.757015 7.621403 -0.378605 7.272849 -0.757015 7.621403 -0.757072 6.575589 -0.756987 18.03244 -0.75705 16.24938 -0.378605 17.14091 -0.378605 17.14091 -0.75705 16.24938 -0.378605 15.65503 -0.378605 15.65503 -0.75705 16.24938 -0.378605 15.35057 -0.378605 15.35057 -0.75705 16.24938 -0.757067 14.67183 -0.378605 15.35057 -0.757067 14.67183 -0.378605 14.06851 -0.378605 14.06851 -0.757067 14.67183 -0.378605 13.76684 -0.757067 14.67183 -0.75705 12.94235 -0.378605 13.76684 -0.757039 10.8811 -0.757053 8.937466 -0.378605 9.795675 -0.378605 9.795675 -0.757053 8.937466 -0.378605 8.937466 -0.378605 8.937466 -0.757053 8.937466 -0.378605 8.079258 -0.378605 8.079258 -0.757053 8.937466 -0.757015 7.621403 -0.378605 8.079258 -0.757015 7.621403 -0.378605 7.650155 -0.378605 7.650155 -0.757015 7.621403 -0.378605 7.621441 -0.378605 7.272849 -0.757072 6.575589 -0.378605 6.401275 -0.378605 6.401275 -0.757072 6.575589 -0.757057 5.791172 -0.378605 6.401275 -0.757057 5.791172 -0.378605 5.529701 -0.378605 5.529701 -0.757057 5.791172 -0.757035 5.006756 -0.378605 5.529701 -0.757035 5.006756 -0.378605 5.006756 -0.378605 5.006756 -0.757035 5.006756 -0.378605 4.955031 -0.378605 5.006756 -0.378605 4.955031 0 5.006756 0 5.006756 -0.378605 4.955031 0 4.58851 0 4.58851 -0.378605 4.955031 -0.378605 4.58851 0 4.58851 -0.378605 4.58851 -0.378605 4.172914 -0.378605 4.172914 -0.378605 4.58851 -0.757039 4.531561 -0.378605 4.172914 -0.757039 4.531561 -0.75704 3.965116 -0.757035 5.006756 -0.757039 4.531561 -0.378605 4.955031 -0.378605 4.955031 -0.757039 4.531561 -0.378605 4.58851 -0.378605 4.172914 -0.75704 3.965116 -0.378605 3.398671 -0.378605 3.398671 -0.75704 3.965116 -0.757039 3.398671 -0.378605 3.398671 -0.757039 3.398671 -0.378605 2.832226 -0.378605 2.832226 -0.757039 3.398671 -0.757081 2.26578 -0.378605 2.832226 -0.757081 2.26578 -0.378605 2.26578 -0.378605 2.26578 -0.757081 2.26578 -0.378605 1.321705 -0.378605 2.26578 -0.378605 1.321705 0 2.294255 0 2.294255 -0.378605 1.321705 0 1.147128 0 1.147128 -0.378605 1.321705 -0.378605 0.660853 0 1.147128 -0.378605 0.660853 0 0 0 0 -0.378605 0.660853 -0.757051 0 -0.757051 0 -0.378605 0.660853 -0.757085 1.13289 -0.757085 1.13289 -0.378605 0.660853 -0.378605 1.321705 -0.757085 1.13289 -0.378605 1.321705 -0.757081 2.26578 -0.378605 2.26578 0 2.294255 -0.378605 2.832226 -0.378605 2.832226 0 2.294255 0 2.867819 -0.378605 2.832226 0 2.867819 0 3.441383 -0.378605 2.832226 0 3.441383 -0.378605 3.398671 -0.378605 3.398671 0 3.441383 0 4.014946 -0.378605 3.398671 0 4.014946 -0.378605 4.172914 -0.378605 4.172914 0 4.014946 0 4.58851 -0.378605 5.006756 0 5.006756 -0.378605 5.529701 -0.378605 5.529701 0 5.006756 0 5.660437 -0.378605 5.529701 0 5.660437 0 6.314117 -0.378605 5.529701 0 6.314117 -0.378605 6.401275 -0.378605 6.401275 0 6.314117 0 6.967798 -0.378605 6.401275 0 6.967798 -0.378605 7.272849 -0.378605 7.272849 0 6.967798 0 7.621478 0 10.86843 0 10.8811 -0.378605 10.86843 -0.378605 10.86843 0 10.8811 -0.378605 11.29335 0 10.8811 0 12.32397 -0.378605 11.29335 -0.378605 11.29335 0 12.32397 -0.378605 12.94235 0 12.32397 0 13.76684 -0.378605 12.94235 0 17.58667 0 18.70108 -0.378605 18.03244 -0.378605 18.03244 0 18.70108 -0.378605 18.92397 0 18.70108 0 19.81549 -0.378605 18.92397 -0.378605 18.92397 0 19.81549 -0.378605 19.81549 0 19.81549 0 19.84552 -0.378605 19.81549 -0.378605 19.81549 0 19.84552 -0.378605 19.84556 -0.378605 20.31466 0 20.72516 -0.378605 21.25294 -0.378605 21.25294 0 20.72516 0 21.60479 -0.378605 21.25294 0 21.60479 -0.378605 22.19121 -0.378605 22.19121 0 21.60479 0 22.48442 -0.378605 22.19121 0 22.48442 -0.378605 23.36406 -0.378605 23.36406 0 22.48442 0 23.36406 -0.378605 24.47063 0 24.47063 -0.378605 25.71185 -0.378605 25.71185 0 24.47063 0 25.80841 -0.378605 25.71185 0 25.80841 -0.378605 26.95307 -0.378605 26.95307 0 25.80841 0 27.14618 -0.378605 26.95307 0 27.14618 -0.378605 28.19429 -0.378605 28.19429 0 27.14618 0 28.48396 -0.378605 28.19429 0 28.48396 -0.378605 29.43551 -0.365979 4.620618 -0.365979 4.107216 0.365979 4.620618 0.365979 4.620618 -0.365979 4.107216 0.365979 4.077016 0.365979 4.077016 -0.365979 4.107216 -0.365979 3.593814 0.365979 4.077016 -0.365979 3.593814 0.365979 3.533414 0.365979 3.533414 -0.365979 3.593814 -0.365979 3.080412 0.365979 3.533414 -0.365979 3.080412 0.365979 2.989812 0.365979 2.989812 -0.365979 3.080412 -0.365979 2.56701 0.365979 2.989812 -0.365979 2.56701 0.365979 2.44621 0.365979 2.44621 -0.365979 2.56701 -0.365979 2.053608 0.365979 2.44621 -0.365979 2.053608 0.365979 1.902608 0.365979 1.902608 -0.365979 2.053608 -0.365979 1.540206 0.365979 1.902608 -0.365979 1.540206 0.365979 1.359005 0.365979 1.359005 -0.365979 1.540206 -0.365979 1.026804 0.365979 1.359005 -0.365979 1.026804 0.365979 0.815403 0.365979 0.815403 -0.365979 1.026804 -0.365979 0.513402 0.365979 0.815403 -0.365979 0.513402 0.365979 0.271801 0.365979 0.271801 -0.365979 0.513402 -0.365979 0 0.365979 0.271801 -0.365979 0 0.365979 -0.271801 0.365979 -0.271801 -0.365979 0 -0.365979 -0.513402 0.365979 -0.271801 -0.365979 -0.513402 0.365979 -0.815403 0.365979 -0.815403 -0.365979 -0.513402 -0.365979 -1.026804 0.365979 -0.815403 -0.365979 -1.026804 0.365979 -1.359005 0.365979 -1.359005 -0.365979 -1.026804 -0.365979 -1.540206 0.365979 -1.359005 -0.365979 -1.540206 0.365979 -1.902607 0.365979 -1.902607 -0.365979 -1.540206 -0.365979 -2.053608 0.365979 -1.902607 -0.365979 -2.053608 0.365979 -2.44621 0.365979 -2.44621 -0.365979 -2.053608 -0.365979 -2.56701 0.365979 -2.44621 -0.365979 -2.56701 0.365979 -2.989812 0.365979 -2.989812 -0.365979 -2.56701 -0.365979 -3.080412 0.365979 -2.989812 -0.365979 -3.080412 0.365979 -3.533414 0.365979 -3.533414 -0.365979 -3.080412 -0.365979 -3.593814 0.365979 -3.533414 -0.365979 -3.593814 0.365979 -4.077016 0.365979 -4.077016 -0.365979 -3.593814 -0.365979 -4.107216 0.365979 -4.077016 -0.365979 -4.107216 0.365979 -4.620618 0.365979 -4.620618 -0.365979 -4.107216 -0.365979 -4.620618 2.7e-5 28.49754 0 29.82173 -0.378459 28.49772 -0.378459 28.49772 0 29.82173 -0.757051 29.82173 -0.378459 28.49772 -0.757051 29.82173 -0.757051 28.48396 -0.378459 28.49772 -0.757051 28.48396 -0.378459 27.49109 -0.378459 27.49109 -0.757051 28.48396 -0.757051 27.14618 -0.378459 27.49109 -0.757051 27.14618 -0.378459 26.48427 -0.378459 26.48427 -0.757051 27.14618 -0.757051 25.80841 -0.378459 26.48427 -0.757051 25.80841 -0.378459 25.47745 -0.378459 25.47745 -0.757051 25.80841 -0.757051 24.47063 -0.378459 25.47745 -0.757051 24.47063 -0.378459 24.47063 -0.378459 24.47063 -0.757051 24.47063 -0.757051 23.36406 -0.378459 24.47063 -0.757051 23.36406 -0.378459 23.76578 -0.378459 23.76578 -0.757051 23.36406 -0.378459 23.41337 -0.378459 23.76578 -0.378459 23.41337 -10e-7 23.41339 -10e-7 23.41339 -0.378459 23.41337 -0.378459 23.36406 -10e-7 23.41339 -0.378459 23.36406 -1.1e-5 22.66035 -1.1e-5 22.66035 -0.378459 23.36406 -0.378459 22.42578 -1.1e-5 22.66035 -0.378459 22.42578 -2.5e-5 21.95664 -2.5e-5 21.95664 -0.378459 22.42578 -0.378459 21.37022 -2.5e-5 21.95664 -0.378459 21.37022 -2.8e-5 21.25294 -2.8e-5 21.25294 -0.378459 21.37022 -0.378459 20.31466 -2.8e-5 21.25294 -0.378459 20.31466 -9e-6 20.54927 -9e-6 20.54927 -0.378459 20.31466 2.4e-5 19.8456 2.4e-5 19.8456 -0.378459 20.31466 -0.378459 19.84556 2.4e-5 19.8456 -0.378459 19.84556 -0.378459 19.81549 -0.378459 19.81549 -0.378459 19.84556 -0.757051 19.84552 -0.378459 19.81549 -0.757051 19.84552 -0.757051 19.81549 -0.378459 23.41337 -0.757051 23.36406 -0.378459 23.36406 -0.378459 23.36406 -0.757051 23.36406 -0.757051 22.48442 -0.378459 23.36406 -0.757051 22.48442 -0.378459 22.42578 -0.378459 22.42578 -0.757051 22.48442 -0.757051 21.60479 -0.378459 22.42578 -0.757051 21.60479 -0.378459 21.37022 -0.378459 21.37022 -0.757051 21.60479 -0.757051 20.72516 -0.378459 21.37022 -0.757051 20.72516 -0.378459 20.31466 -0.378459 20.31466 -0.757051 20.72516 -0.757051 19.84552 -0.378459 20.31466 -0.757051 19.84552 -0.378459 19.84556 -0.378459 19.81549 -0.757051 19.81549 -0.378459 18.92397 -0.378459 18.92397 -0.757051 19.81549 -0.757051 18.70108 -0.378459 18.92397 -0.757051 18.70108 -0.378459 18.03244 -0.378459 18.03244 -0.757051 18.70108 -0.757051 17.58667 -0.378459 18.03244 -0.757051 17.58667 -0.378459 17.14091 -0.378459 17.14091 -0.757051 17.58667 -0.757051 16.47226 -0.378459 17.14091 -0.757051 16.47226 -0.378459 15.65503 -0.378459 15.65503 -0.757051 16.47226 -0.757051 15.35785 -0.378459 15.65503 -0.757051 15.35785 -0.378459 15.35057 -0.378459 15.35057 -0.757051 15.35785 -0.757051 15.35057 -0.378459 15.35057 -0.757051 15.35057 -0.378459 14.06851 -0.378459 14.06851 -0.757051 15.35057 -0.757051 13.76684 -0.378459 14.06851 -0.757051 13.76684 -0.378459 13.76684 -0.378459 13.76684 -0.757051 13.76684 -0.378459 12.94235 -0.378459 13.76684 -0.378459 12.94235 -10e-7 12.94235 -10e-7 12.94235 -0.378459 12.94235 -0.378459 11.29335 -10e-7 12.94235 -0.378459 11.29335 -1.2e-5 10.8811 -1.2e-5 10.8811 -0.378459 11.29335 -0.378459 10.86843 -1.2e-5 10.8811 -0.378459 10.86843 -0.378459 10.01023 -0.378459 10.01023 -0.378459 10.86843 -0.757051 10.86843 -0.378459 10.01023 -0.757051 10.86843 -0.757051 9.259294 -0.757051 13.76684 -0.757051 12.32397 -0.378459 12.94235 -0.378459 12.94235 -0.757051 12.32397 -0.378459 11.29335 -0.757051 12.32397 -0.757051 10.8811 -0.378459 11.29335 -0.378459 11.29335 -0.757051 10.8811 -0.378459 10.86843 -0.757051 10.8811 -0.757051 10.86843 -0.378459 10.86843 -0.378459 10.01023 -0.757051 9.259294 -0.378459 9.044742 -0.378459 9.044742 -0.757051 9.259294 -0.757051 8.454725 -0.378459 9.044742 -0.757051 8.454725 -0.378459 8.079258 -0.378459 8.079258 -0.757051 8.454725 -0.757051 7.650155 -0.378459 8.079258 -0.757051 7.650155 -0.378459 7.650155 -0.378459 7.650155 -0.757051 7.650155 -0.378459 7.621441 -0.378459 7.650155 -0.378459 7.621441 -3.6e-5 7.621404 -3.6e-5 7.621404 -0.378459 7.621441 -0.378459 7.272849 -3.6e-5 7.621404 -0.378459 7.272849 2.1e-5 6.575589 2.1e-5 6.575589 -0.378459 7.272849 -0.378459 6.401275 2.1e-5 6.575589 -0.378459 6.401275 6e-6 5.791172 6e-6 5.791172 -0.378459 6.401275 -0.378459 5.529701 6e-6 5.791172 -0.378459 5.529701 -1.6e-5 5.006757 -1.6e-5 5.006757 -0.378459 5.529701 -0.378459 5.006756 -1.6e-5 5.006757 -0.378459 5.006756 -0.378459 4.955031 -0.378459 4.955031 -0.378459 5.006756 -0.757051 5.006756 -0.378459 4.955031 -0.757051 5.006756 -0.757051 4.58851 -0.757051 7.650155 -0.757051 7.621478 -0.378459 7.621441 -0.378459 7.621441 -0.757051 7.621478 -0.378459 7.272849 -0.757051 7.621478 -0.757051 6.967798 -0.378459 7.272849 -0.378459 7.272849 -0.757051 6.967798 -0.378459 6.401275 -0.757051 6.967798 -0.757051 6.314117 -0.378459 6.401275 -0.378459 6.401275 -0.757051 6.314117 -0.378459 5.529701 -0.757051 6.314117 -0.757051 5.660437 -0.378459 5.529701 -0.378459 5.529701 -0.757051 5.660437 -0.757051 5.006756 -0.378459 5.529701 -0.757051 5.006756 -0.378459 5.006756 -0.757051 4.014946 -0.378459 4.172914 -0.757051 4.58851 -0.757051 4.58851 -0.378459 4.172914 -0.378459 4.58851 -0.757051 4.58851 -0.378459 4.58851 -0.378459 4.955031 -0.378459 4.955031 -0.378459 4.58851 -1.6e-5 5.006757 -0.378459 4.172914 -0.757051 4.014946 -0.378459 3.398671 -0.378459 3.398671 -0.757051 4.014946 -0.757051 3.441383 -0.378459 3.398671 -0.757051 3.441383 -0.757051 2.867819 -0.378459 3.398671 -0.757051 2.867819 -0.378459 2.832226 -0.378459 2.832226 -0.757051 2.867819 -0.757051 2.294255 -0.378459 2.832226 -0.757051 2.294255 -0.378459 2.26578 -0.378459 2.26578 -0.757051 2.294255 -0.378459 1.321705 -0.378459 2.26578 -0.378459 1.321705 3e-5 2.26578 3e-5 2.26578 -0.378459 1.321705 3.4e-5 1.13289 3.4e-5 1.13289 -0.378459 1.321705 -0.378459 0.660853 3.4e-5 1.13289 -0.378459 0.660853 0 0 0 0 -0.378459 0.660853 -0.757051 0 -0.757051 0 -0.378459 0.660853 -0.757051 1.147127 -0.757051 1.147127 -0.378459 0.660853 -0.378459 1.321705 -0.757051 1.147127 -0.378459 1.321705 -0.757051 2.294255 -0.378459 2.26578 3e-5 2.26578 -0.378459 2.832226 -0.378459 2.832226 3e-5 2.26578 -1.2e-5 3.398671 -0.378459 2.832226 -1.2e-5 3.398671 -0.378459 3.398671 -0.378459 3.398671 -1.2e-5 3.398671 -10e-6 3.965116 -0.378459 3.398671 -10e-6 3.965116 -0.378459 4.172914 -0.378459 4.172914 -10e-6 3.965116 -1.2e-5 4.531561 -0.378459 4.172914 -1.2e-5 4.531561 -0.378459 4.58851 -0.378459 4.58851 -1.2e-5 4.531561 -1.6e-5 5.006757 -0.378459 7.650155 -3.6e-5 7.621404 -0.378459 8.079258 -0.378459 8.079258 -3.6e-5 7.621404 2e-6 8.937466 -0.378459 8.079258 2e-6 8.937466 -0.378459 9.044742 -0.378459 9.044742 2e-6 8.937466 -0.378459 10.01023 2e-6 8.937466 -1.2e-5 10.8811 -0.378459 10.01023 -10e-7 12.94235 1.7e-5 14.67183 -0.378459 13.76684 -0.378459 13.76684 1.7e-5 14.67183 -0.378459 14.06851 -0.378459 14.06851 1.7e-5 14.67183 -0.378459 15.35057 -0.378459 15.35057 1.7e-5 14.67183 -10e-7 16.24938 -0.378459 15.35057 -10e-7 16.24938 -0.378459 15.65503 -0.378459 15.65503 -10e-7 16.24938 -0.378459 17.14091 -10e-7 16.24938 -6.9e-5 17.14091 -0.378459 17.14091 -0.378459 17.14091 -6.9e-5 17.14091 -6.4e-5 18.03244 -0.378459 17.14091 -6.4e-5 18.03244 -0.378459 18.03244 -0.378459 18.03244 -6.4e-5 18.03244 -0.378459 18.92397 -6.4e-5 18.03244 5e-6 18.92397 -0.378459 18.92397 -0.378459 18.92397 5e-6 18.92397 -0.378459 19.81549 5e-6 18.92397 2.4e-5 19.8456 -0.378459 19.81549 -10e-7 23.41339 -1.6e-5 24.47063 -0.378459 23.76578 -0.378459 23.76578 -1.6e-5 24.47063 -0.378459 24.47063 -0.378459 24.47063 -1.6e-5 24.47063 -0.378459 25.47745 -0.378459 25.47745 -1.6e-5 24.47063 -4e-6 25.84915 -0.378459 25.47745 -4e-6 25.84915 -0.378459 26.48427 -0.378459 26.48427 -4e-6 25.84915 -5.3e-5 26.31276 -0.378459 26.48427 -5.3e-5 26.31276 2.4e-5 27.17334 -0.378459 26.48427 2.4e-5 27.17334 -0.378459 27.49109 -0.378459 27.49109 2.4e-5 27.17334 3e-6 28.07995 -0.378459 27.49109 3e-6 28.07995 -0.378459 28.49772 -0.378459 28.49772 3e-6 28.07995 2.7e-5 28.49754 -0.36087 6.633492 -0.36087 6.030447 0.36087 6.633492 0.36087 6.633492 -0.36087 6.030447 0.36087 6.001731 0.36087 6.001731 -0.36087 6.030447 -0.36087 5.427402 0.36087 6.001731 -0.36087 5.427402 0.36087 5.369969 0.36087 5.369969 -0.36087 5.427402 -0.36087 4.824358 0.36087 5.369969 -0.36087 4.824358 0.36087 4.738208 0.36087 4.738208 -0.36087 4.824358 -0.36087 4.221313 0.36087 4.738208 -0.36087 4.221313 0.36087 4.106447 0.36087 4.106447 -0.36087 4.221313 -0.36087 3.618268 0.36087 4.106447 -0.36087 3.618268 0.36087 3.474686 0.36087 3.474686 -0.36087 3.618268 -0.36087 3.015223 0.36087 3.474686 -0.36087 3.015223 0.36087 2.842925 0.36087 2.842925 -0.36087 3.015223 -0.36087 2.412179 0.36087 2.842925 -0.36087 2.412179 0.36087 2.211164 0.36087 2.211164 -0.36087 2.412179 -0.36087 1.809134 0.36087 2.211164 -0.36087 1.809134 0.36087 1.579403 0.36087 1.579403 -0.36087 1.809134 -0.36087 1.206089 0.36087 1.579403 -0.36087 1.206089 0.36087 0.947642 0.36087 0.947642 -0.36087 1.206089 -0.36087 0.603045 0.36087 0.947642 -0.36087 0.603045 0.36087 0.315881 0.36087 0.315881 -0.36087 0.603045 -0.36087 0 0.36087 0.315881 -0.36087 0 0.36087 -0.315881 0.36087 -0.315881 -0.36087 0 -0.36087 -0.603045 0.36087 -0.315881 -0.36087 -0.603045 0.36087 -0.947642 0.36087 -0.947642 -0.36087 -0.603045 -0.36087 -1.206089 0.36087 -0.947642 -0.36087 -1.206089 0.36087 -1.579403 0.36087 -1.579403 -0.36087 -1.206089 -0.36087 -1.809134 0.36087 -1.579403 -0.36087 -1.809134 0.36087 -2.211164 0.36087 -2.211164 -0.36087 -1.809134 -0.36087 -2.412179 0.36087 -2.211164 -0.36087 -2.412179 0.36087 -2.842925 0.36087 -2.842925 -0.36087 -2.412179 -0.36087 -3.015223 0.36087 -2.842925 -0.36087 -3.015223 0.36087 -3.474686 0.36087 -3.474686 -0.36087 -3.015223 -0.36087 -3.618268 0.36087 -3.474686 -0.36087 -3.618268 0.36087 -4.106447 0.36087 -4.106447 -0.36087 -3.618268 -0.36087 -4.221313 0.36087 -4.106447 -0.36087 -4.221313 0.36087 -4.738208 0.36087 -4.738208 -0.36087 -4.221313 -0.36087 -4.824358 0.36087 -4.738208 -0.36087 -4.824358 0.36087 -5.369969 0.36087 -5.369969 -0.36087 -4.824358 -0.36087 -5.427402 0.36087 -5.369969 -0.36087 -5.427402 0.36087 -6.00173 0.36087 -6.00173 -0.36087 -5.427402 -0.36087 -6.030447 0.36087 -6.00173 -0.36087 -6.030447 0.36087 -6.633492 0.36087 -6.633492 -0.36087 -6.030447 -0.36087 -6.633492 -10.6 4.05 -9.996379 4.004765 -9.990411 4.009267 -9.990411 4.009267 -9.996379 4.004765 -9.352914 3.902671 -9.352914 3.902671 -9.996379 4.004765 -9.406242 3.87007 -9.352914 3.902671 -9.406242 3.87007 -8.654818 3.750527 -8.654818 3.750527 -9.406242 3.87007 -8.842771 3.648924 -8.654818 3.750527 -8.842771 3.648924 -7.872721 3.569434 -7.872721 3.569434 -8.842771 3.648924 -8.318554 3.346267 -7.872721 3.569434 -8.318554 3.346267 -7.152725 3.40699 -7.152725 3.40699 -8.318554 3.346267 -7.8453 2.96886 -7.152725 3.40699 -7.8453 2.96886 -6.529856 3.274469 -6.529856 3.274469 -7.8453 2.96886 -5.863749 3.141857 -5.863749 3.141857 -7.8453 2.96886 -7.433582 2.525134 -5.863749 3.141857 -7.433582 2.525134 -5.156464 3.011486 -5.156464 3.011486 -7.433582 2.525134 -4.410059 2.885691 -4.410059 2.885691 -7.433582 2.525134 -7.092597 2.025 -4.410059 2.885691 -7.092597 2.025 -4.383911 2.881505 -4.383911 2.881505 -7.092597 2.025 -3.385542 2.732476 -3.385542 2.732476 -7.092597 2.025 -6.829961 1.479631 -3.385542 2.732476 -6.829961 1.479631 -2.340371 2.597275 -2.340371 2.597275 -6.829961 1.479631 -1.259807 2.478169 -1.259807 2.478169 -6.829961 1.479631 -6.651542 0.90121 -1.259807 2.478169 -6.651542 0.90121 -0.155278 2.377436 -0.155278 2.377436 -6.651542 0.90121 -0.148005 2.376843 -0.148005 2.376843 -6.651542 0.90121 -6.561324 0.302657 -0.148005 2.376843 -6.561324 0.302657 1.43755 2.26887 1.43755 2.26887 -6.561324 0.302657 1.43755 -2.26887 1.43755 2.26887 1.43755 -2.26887 2.882129 -2.206296 -6.561324 0.302657 -6.561324 -0.302657 1.43755 -2.26887 1.43755 -2.26887 -6.561324 -0.302657 -0.148005 -2.376843 -0.148005 -2.376843 -6.561324 -0.302657 -6.651542 -0.90121 -0.148005 -2.376843 -6.651542 -0.90121 -0.155278 -2.377436 -0.155278 -2.377436 -6.651542 -0.90121 -1.259807 -2.478169 -1.259807 -2.478169 -6.651542 -0.90121 -6.829961 -1.479631 -1.259807 -2.478169 -6.829961 -1.479631 -2.340371 -2.597275 -2.340371 -2.597275 -6.829961 -1.479631 -3.385542 -2.732476 -3.385542 -2.732476 -6.829961 -1.479631 -7.092597 -2.025 -3.385542 -2.732476 -7.092597 -2.025 -4.383911 -2.881505 -4.383911 -2.881505 -7.092597 -2.025 -4.410059 -2.885691 -4.410059 -2.885691 -7.092597 -2.025 -7.433582 -2.525134 -4.410059 -2.885691 -7.433582 -2.525134 -5.156465 -3.011486 -5.156465 -3.011486 -7.433582 -2.525134 -5.863749 -3.141857 -5.863749 -3.141857 -7.433582 -2.525134 -7.8453 -2.96886 -5.863749 -3.141857 -7.8453 -2.96886 -6.529856 -3.274469 -6.529856 -3.274469 -7.8453 -2.96886 -7.152725 -3.40699 -7.152725 -3.40699 -7.8453 -2.96886 -8.318554 -3.346267 -7.152725 -3.40699 -8.318554 -3.346267 -7.872697 -3.569434 -7.872697 -3.569434 -8.318554 -3.346267 -8.842771 -3.648924 -7.872697 -3.569434 -8.842771 -3.648924 -8.65467 -3.750529 -8.65467 -3.750529 -8.842771 -3.648924 -9.406242 -3.87007 -8.65467 -3.750529 -9.406242 -3.87007 -9.352669 -3.902669 -9.352669 -3.902669 -9.406242 -3.87007 -9.996379 -4.004765 -9.352669 -3.902669 -9.996379 -4.004765 -9.98995 -4.009262 -9.98995 -4.009262 -9.996379 -4.004765 -10.6 -4.05 4.347064 -2.178429 4.347064 2.178429 2.882129 -2.206296 2.882129 -2.206296 4.347064 2.178429 2.882129 2.206296 2.882129 -2.206296 2.882129 2.206296 1.43755 2.26887 4.347064 2.178429 4.347064 -2.178429 4.360003 2.178352 4.360003 2.178352 4.347064 -2.178429 4.360003 -2.178352 4.360003 2.178352 4.360003 -2.178352 5.994915 -2.193987 4.360003 2.178352 5.994915 -2.193987 5.994895 2.193986 5.994895 2.193986 5.994915 -2.193987 6.789627 -2.220852 5.994895 2.193986 6.789627 -2.220852 6.789565 2.220847 6.789565 2.220847 6.789627 -2.220852 14.63827 -0.253738 6.789565 2.220847 14.63827 -0.253738 14.63827 0.253738 6.789627 -2.220852 7.55131 -2.260045 14.63827 -0.253738 14.63827 -0.253738 7.55131 -2.260045 7.577663 -2.261662 14.63827 -0.253738 7.577663 -2.261662 14.54502 -0.752573 14.54502 -0.752573 7.577663 -2.261662 8.160564 -2.302219 14.54502 -0.752573 8.160564 -2.302219 14.3617 -1.225781 14.3617 -1.225781 8.160564 -2.302219 8.705904 -2.348914 14.3617 -1.225781 8.705904 -2.348914 9.20928 -2.400214 14.3617 -1.225781 9.20928 -2.400214 14.09455 -1.657245 14.09455 -1.657245 9.20928 -2.400214 9.667226 -2.454441 14.09455 -1.657245 9.667226 -2.454441 9.935002 -2.489831 14.09455 -1.657245 9.935002 -2.489831 13.75266 -2.032275 13.75266 -2.032275 9.935002 -2.489831 10.2708 -2.538031 13.75266 -2.032275 10.2708 -2.538031 10.57248 -2.584617 13.75266 -2.032275 10.57248 -2.584617 13.34769 -2.338097 13.34769 -2.338097 10.57248 -2.584617 10.84309 -2.628249 13.34769 -2.338097 10.84309 -2.628249 11.08675 -2.667507 13.34769 -2.338097 11.08675 -2.667507 12.89341 -2.564299 12.89341 -2.564299 11.08675 -2.667507 11.51324 -2.726921 12.89341 -2.564299 11.51324 -2.726921 12.40531 -2.703176 12.40531 -2.703176 11.51324 -2.726921 11.9 -2.75 14.54502 0.752573 7.577663 2.261662 14.63827 0.253738 14.63827 0.253738 7.577663 2.261662 7.55131 2.260045 14.63827 0.253738 7.55131 2.260045 6.789565 2.220847 7.577663 2.261662 14.54502 0.752573 8.160562 2.302219 8.160562 2.302219 14.54502 0.752573 14.3617 1.22578 8.160562 2.302219 14.3617 1.22578 8.705904 2.348914 8.705904 2.348914 14.3617 1.22578 9.20928 2.400214 9.20928 2.400214 14.3617 1.22578 14.09455 1.657245 9.20928 2.400214 14.09455 1.657245 9.667226 2.454441 9.667226 2.454441 14.09455 1.657245 9.935002 2.489831 9.935002 2.489831 14.09455 1.657245 13.75266 2.032274 9.935002 2.489831 13.75266 2.032274 10.2708 2.538031 10.2708 2.538031 13.75266 2.032274 10.57247 2.584617 10.57247 2.584617 13.75266 2.032274 13.34769 2.338097 10.57247 2.584617 13.34769 2.338097 10.84308 2.628249 10.84308 2.628249 13.34769 2.338097 11.08675 2.667507 11.08675 2.667507 13.34769 2.338097 12.89342 2.564299 11.08675 2.667507 12.89342 2.564299 11.51323 2.726921 11.51323 2.726921 12.89342 2.564299 12.40531 2.703176 11.51323 2.726921 12.40531 2.703176 11.9 2.75 3.602733 -0.585501 3.65 0 2.6 0 2.6 0 3.65 0 3.602733 0.585501 2.6 0 3.602733 0.585501 2.553015 0.492053 2.553015 0.492053 3.602733 0.585501 3.462158 1.155838 2.553015 0.492053 3.462158 1.155838 2.413757 0.966322 2.413757 0.966322 3.462158 1.155838 3.231914 1.69624 2.413757 0.966322 3.231914 1.69624 2.187259 1.405666 2.187259 1.405666 3.231914 1.69624 2.917966 2.192709 2.187259 1.405666 2.917966 2.192709 1.881708 1.794205 1.881708 1.794205 2.917966 2.192709 2.528444 2.632389 1.881708 1.794205 2.528444 2.632389 1.508148 2.117897 1.508148 2.117897 2.528444 2.632389 2.073436 3.003891 1.508148 2.117897 2.073436 3.003891 1.564728 3.297594 1.508148 2.117897 1.564728 3.297594 1.080079 2.365043 1.080079 2.365043 1.564728 3.297594 1.015494 3.505891 1.080079 2.365043 1.015494 3.505891 0.612973 2.52671 0.612973 2.52671 1.015494 3.505891 0.439959 3.623387 0.612973 2.52671 0.439959 3.623387 0.123713 2.597055 0.123713 2.597055 0.439959 3.623387 -0.146971 3.64704 0.123713 2.597055 -0.146971 3.64704 -0.370019 2.573536 -0.370019 2.573536 -0.146971 3.64704 -0.730094 3.576236 -0.370019 2.573536 -0.730094 3.576236 -0.850377 2.457002 -0.850377 2.457002 -0.730094 3.576236 -1.294308 3.412809 -0.850377 2.457002 -1.294308 3.412809 -1.3 2.251666 -1.3 2.251666 -1.294308 3.412809 -1.825 3.160993 -1.3 2.251666 -1.825 3.160993 -2.308426 2.827308 -1.3 2.251666 -2.308426 2.827308 -1.702638 1.964949 -1.702638 1.964949 -2.308426 2.827308 -2.732064 2.420398 -1.702638 1.964949 -2.732064 2.420398 -2.043738 1.607213 -2.043738 1.607213 -2.732064 2.420398 -3.084944 1.9508 -2.043738 1.607213 -3.084944 1.9508 -2.310972 1.191389 -2.310972 1.191389 -3.084944 1.9508 -3.357925 1.430678 -2.310972 1.191389 -3.357925 1.430678 -2.494682 0.732505 -2.494682 0.732505 -3.357925 1.430678 -3.543938 0.873502 -2.494682 0.732505 -3.543938 0.873502 -2.588227 0.247146 -2.588227 0.247146 -3.543938 0.873502 -3.638164 0.293703 -2.588227 0.247146 -3.638164 0.293703 -3.638164 -0.293703 -2.588227 0.247146 -3.638164 -0.293703 -2.588227 -0.247146 -2.588227 -0.247146 -3.638164 -0.293703 -3.543938 -0.873502 -2.588227 -0.247146 -3.543938 -0.873502 -2.494682 -0.732505 -2.494682 -0.732505 -3.543938 -0.873502 -3.357925 -1.430678 -2.494682 -0.732505 -3.357925 -1.430678 -2.310972 -1.191389 -2.310972 -1.191389 -3.357925 -1.430678 -3.084944 -1.9508 -2.310972 -1.191389 -3.084944 -1.9508 -2.043738 -1.607213 -2.043738 -1.607213 -3.084944 -1.9508 -2.732064 -2.420398 -2.043738 -1.607213 -2.732064 -2.420398 -1.702638 -1.964949 -1.702638 -1.964949 -2.732064 -2.420398 -2.308426 -2.827308 -1.702638 -1.964949 -2.308426 -2.827308 -1.3 -2.251666 -1.3 -2.251666 -2.308426 -2.827308 -1.825 -3.160993 -1.3 -2.251666 -1.825 -3.160993 -1.294308 -3.412809 -1.3 -2.251666 -1.294308 -3.412809 -0.850377 -2.457002 -0.850377 -2.457002 -1.294308 -3.412809 -0.730094 -3.576236 -0.850377 -2.457002 -0.730094 -3.576236 -0.370019 -2.573536 -0.370019 -2.573536 -0.730094 -3.576236 -0.146971 -3.64704 -0.370019 -2.573536 -0.146971 -3.64704 0.123713 -2.597055 0.123713 -2.597055 -0.146971 -3.64704 0.439959 -3.623387 0.123713 -2.597055 0.439959 -3.623387 0.612973 -2.52671 0.612973 -2.52671 0.439959 -3.623387 1.015494 -3.505891 0.612973 -2.52671 1.015494 -3.505891 1.080079 -2.365043 1.080079 -2.365043 1.015494 -3.505891 1.564728 -3.297594 1.080079 -2.365043 1.564728 -3.297594 1.508148 -2.117897 1.508148 -2.117897 1.564728 -3.297594 2.073436 -3.003891 1.508148 -2.117897 2.073436 -3.003891 2.528444 -2.632389 1.508148 -2.117897 2.528444 -2.632389 1.881708 -1.794205 1.881708 -1.794205 2.528444 -2.632389 2.917966 -2.192709 1.881708 -1.794205 2.917966 -2.192709 2.187259 -1.405666 2.187259 -1.405666 2.917966 -2.192709 3.231914 -1.69624 2.187259 -1.405666 3.231914 -1.69624 2.413757 -0.966322 2.413757 -0.966322 3.231914 -1.69624 3.462158 -1.155838 2.413757 -0.966322 3.462158 -1.155838 2.553015 -0.492053 2.553015 -0.492053 3.462158 -1.155838 3.602733 -0.585501 2.553015 -0.492053 3.602733 -0.585501 2.6 0 0.5 -12.10279 0 -12.42051 0.5 -12.72345 0.5 12.72345 0 13.02639 0 12.42051 0.5 12.72345 0 12.42051 0.5 12.10279 0.5 12.10279 0 12.42051 0 11.81463 0.5 12.10279 0 11.81463 0.5 11.48214 0.5 11.48214 0 11.81463 0 11.20875 0.5 11.48214 0 11.20875 0.5 10.86148 0.5 10.86148 0 11.20875 0 10.60287 0.5 10.86148 0 10.60287 0.5 10.24083 0.5 10.24083 0 10.60287 0 9.996997 0.5 10.24083 0 9.996997 0.5 9.62017 0.5 9.62017 0 9.996997 0 9.391119 0.5 9.62017 0 9.391119 0.5 8.999514 0.5 8.999514 0 9.391119 0 8.78524 0.5 8.999514 0 8.78524 0.5 8.378857 0.5 8.378857 0 8.78524 0 8.179362 0.5 8.378857 0 8.179362 0.5 7.758201 0.5 7.758201 0 8.179362 0 7.573482 0.5 7.758201 0 7.573482 0.5 7.137545 0.5 7.137545 0 7.573482 0 6.967604 0.5 7.137545 0 6.967604 0.5 6.516889 0.5 6.516889 0 6.967604 0 6.361725 0.5 6.516889 0 6.361725 0.5 5.896233 0.5 5.896233 0 6.361725 0 5.755847 0.5 5.896233 0 5.755847 0.5 5.275577 0.5 5.275577 0 5.755847 0 5.149968 0.5 5.275577 0 5.149968 0.5 4.654921 0.5 4.654921 0 5.149968 0 4.544089 0.5 4.654921 0 4.544089 0.5 4.034265 0.5 4.034265 0 4.544089 0 3.938211 0.5 4.034265 0 3.938211 0.5 3.413609 0.5 3.413609 0 3.938211 0 3.332332 0.5 3.413609 0 3.332332 0.5 2.792952 0.5 2.792952 0 3.332332 0 2.726454 0.5 2.792952 0 2.726454 0.5 2.172296 0.5 2.172296 0 2.726454 0 2.120575 0.5 2.172296 0 2.120575 0.5 1.55164 0.5 1.55164 0 2.120575 0 1.514696 0.5 1.55164 0 1.514696 0.5 0.930984 0.5 0.930984 0 1.514696 0 0.908818 0.5 0.930984 0 0.908818 0.5 0.310328 0.5 0.310328 0 0.908818 0 0.302939 0.5 0.310328 0 0.302939 0 -0.302939 0 -12.42051 0.5 -12.10279 0 -11.81463 0 -11.81463 0.5 -12.10279 0.5 -11.48214 0 -11.81463 0.5 -11.48214 0 -11.20875 0 -11.20875 0.5 -11.48214 0.5 -10.86148 0 -11.20875 0.5 -10.86148 0 -10.60287 0 -10.60287 0.5 -10.86148 0.5 -10.24083 0 -10.60287 0.5 -10.24083 0 -9.996997 0 -9.996997 0.5 -10.24083 0.5 -9.62017 0 -9.996997 0.5 -9.62017 0 -9.391119 0 -9.391119 0.5 -9.62017 0.5 -8.999514 0 -9.391119 0.5 -8.999514 0 -8.78524 0 -8.78524 0.5 -8.999514 0.5 -8.378857 0 -8.78524 0.5 -8.378857 0 -8.179362 0 -8.179362 0.5 -8.378857 0.5 -7.758201 0 -8.179362 0.5 -7.758201 0 -7.573482 0 -7.573482 0.5 -7.758201 0.5 -7.137545 0 -7.573482 0.5 -7.137545 0 -6.967604 0 -6.967604 0.5 -7.137545 0.5 -6.516889 0 -6.967604 0.5 -6.516889 0 -6.361725 0 -6.361725 0.5 -6.516889 0.5 -5.896233 0 -6.361725 0.5 -5.896233 0 -5.755847 0 -5.755847 0.5 -5.896233 0.5 -5.275577 0 -5.755847 0.5 -5.275577 0 -5.149968 0 -5.149968 0.5 -5.275577 0.5 -4.654921 0 -5.149968 0.5 -4.654921 0 -4.544089 0 -4.544089 0.5 -4.654921 0.5 -4.034265 0 -4.544089 0.5 -4.034265 0 -3.938211 0 -3.938211 0.5 -4.034265 0.5 -3.413609 0 -3.938211 0.5 -3.413609 0 -3.332332 0 -3.332332 0.5 -3.413609 0.5 -2.792952 0 -3.332332 0.5 -2.792952 0 -2.726454 0 -2.726454 0.5 -2.792952 0.5 -2.172296 0 -2.726454 0.5 -2.172296 0 -2.120575 0 -2.120575 0.5 -2.172296 0.5 -1.55164 0 -2.120575 0.5 -1.55164 0 -1.514696 0 -1.514696 0.5 -1.55164 0.5 -0.930984 0 -1.514696 0.5 -0.930984 0 -0.908818 0 -0.908818 0.5 -0.930984 0.5 -0.310328 0 -0.908818 0.5 -0.310328 0 -0.302939 0 -0.302939 0.5 -0.310328 0.5 0.310328</float_array>
          <technique_common>
            <accessor source="#calf_l-mesh-map-0-array" count="21702" stride="2">
              <param name="S" type="float"/>
              <param name="T" type="float"/>
            </accessor>
          </technique_common>
        </source>
        <vertices id="calf_l-mesh-vertices">
          <input semantic="POSITION" source="#calf_l-mesh-positions"/>
        </vertices>
        <triangles material="Opaque_38_83_143_-material" count="518">
          <input semantic="VERTEX" source="#calf_l-mesh-vertices" offset="0"/>
          <input semantic="NORMAL" source="#calf_l-mesh-normals" offset="1"/>
          <input semantic="TEXCOORD" source="#calf_l-mesh-map-0" offset="2" set="0"/>
          <p>54 0 0 0 1 1 81 2 2 81 2 3 0 1 4 1 3 5 81 2 6 1 3 7 53 4 8 53 4 9 1 3 10 56 5 11 53 4 12 56 5 13 52 6 14 52 6 15 56 5 16 55 7 17 52 6 18 55 7 19 51 8 20 51 8 21 55 7 22 57 9 23 51 8 24 57 9 25 50 10 26 50 10 27 57 9 28 5 11 29 50 10 30 5 11 31 82 12 32 82 12 33 5 11 34 6 13 35 82 12 36 6 13 37 49 14 38 49 14 39 6 13 40 58 15 41 49 14 42 58 15 43 48 16 44 48 16 45 58 15 46 47 17 47 47 17 48 58 15 49 59 18 50 47 17 51 59 18 52 46 19 53 46 19 54 59 18 55 9 20 56 46 19 57 9 20 58 83 21 59 83 21 60 9 20 61 10 22 62 83 21 63 10 22 64 45 23 65 45 23 66 10 22 67 84 24 68 45 23 69 84 24 70 44 25 71 44 25 72 84 24 73 11 26 74 44 25 75 11 26 76 60 27 77 60 27 78 11 26 79 12 28 80 60 27 81 12 28 82 61 29 83 61 29 84 12 28 85 13 30 86 61 29 87 13 30 88 62 31 89 62 31 90 13 30 91 14 32 92 62 31 93 14 32 94 63 33 95 63 33 96 14 32 97 15 34 98 63 33 99 15 34 100 64 35 101 64 35 102 15 34 103 65 36 104 64 35 105 65 36 106 40 37 107 40 37 108 65 36 109 39 38 110 39 38 111 65 36 112 66 39 113 39 38 114 66 39 115 67 40 116 67 40 117 66 39 118 16 41 119 67 40 120 16 41 121 17 42 122 1 3 123 2 43 124 56 5 125 56 5 126 2 43 127 3 44 128 56 5 129 3 44 130 55 7 131 55 7 132 3 44 133 4 45 134 55 7 135 4 45 136 57 9 137 57 9 138 4 45 139 5 11 140 6 13 141 7 46 142 58 15 143 58 15 144 7 46 145 59 18 146 7 46 147 8 47 148 59 18 149 59 18 150 8 47 151 9 20 152 10 22 153 11 26 154 84 24 155 15 34 156 16 41 157 65 36 158 65 36 159 16 41 160 66 39 161 18 48 162 69 49 163 17 42 164 17 42 165 69 49 166 68 50 167 17 42 168 68 50 169 67 40 170 67 40 171 68 50 172 38 51 173 67 40 174 38 51 175 39 38 176 19 52 177 71 53 178 18 48 179 18 48 180 71 53 181 70 54 182 18 48 183 70 54 184 69 49 185 69 49 186 70 54 187 37 55 188 69 49 189 37 55 190 38 51 191 20 56 192 80 57 193 19 52 194 19 52 195 80 57 196 36 58 197 19 52 198 36 58 199 71 53 200 71 53 201 36 58 202 37 55 203 71 53 204 37 55 205 70 54 206 21 59 207 73 60 208 20 56 209 20 56 210 73 60 211 72 61 212 20 56 213 72 61 214 80 57 215 80 57 216 72 61 217 35 62 218 80 57 219 35 62 220 36 58 221 22 63 222 79 64 223 21 59 224 21 59 225 79 64 226 34 65 227 21 59 228 34 65 229 73 60 230 73 60 231 34 65 232 35 62 233 73 60 234 35 62 235 72 61 236 23 66 237 74 67 238 22 63 239 22 63 240 74 67 241 75 68 242 22 63 243 75 68 244 79 64 245 79 64 246 75 68 247 33 69 248 79 64 249 33 69 250 34 65 251 74 67 252 23 66 253 76 70 254 76 70 255 23 66 256 24 71 257 76 70 258 24 71 259 77 72 260 77 72 261 24 71 262 25 73 263 77 72 264 25 73 265 78 74 266 78 74 267 25 73 268 26 75 269 78 74 270 26 75 271 27 76 272 27 76 273 28 77 274 78 74 275 78 74 276 28 77 277 29 78 278 78 74 279 29 78 280 77 72 281 77 72 282 29 78 283 30 79 284 77 72 285 30 79 286 76 70 287 76 70 288 30 79 289 31 80 290 76 70 291 31 80 292 74 67 293 74 67 294 31 80 295 32 81 296 74 67 297 32 81 298 75 68 299 75 68 300 32 81 301 33 69 302 64 35 303 40 37 304 63 33 305 63 33 306 40 37 307 41 82 308 63 33 309 41 82 310 62 31 311 62 31 312 41 82 313 42 83 314 62 31 315 42 83 316 61 29 317 61 29 318 42 83 319 43 84 320 61 29 321 43 84 322 60 27 323 60 27 324 43 84 325 44 25 326 45 23 327 46 19 328 83 21 329 49 14 330 50 10 331 82 12 332 53 4 333 54 0 334 81 2 335 38 51 336 68 50 337 69 49 338 86 85 339 140 86 340 85 87 341 85 87 342 140 86 343 138 88 344 85 87 345 138 88 346 139 89 347 140 86 348 86 85 349 141 90 350 141 90 351 86 85 352 87 91 353 141 90 354 87 91 355 142 92 356 142 92 357 87 91 358 88 93 359 142 92 360 88 93 361 143 94 362 143 94 363 88 93 364 89 95 365 143 94 366 89 95 367 144 96 368 144 96 369 89 95 370 90 97 371 144 96 372 90 97 373 91 98 374 144 96 375 91 98 376 145 99 377 145 99 378 91 98 379 92 100 380 145 99 381 92 100 382 146 101 383 146 101 384 92 100 385 93 102 386 146 101 387 93 102 388 147 103 389 147 103 390 93 102 391 94 104 392 147 103 393 94 104 394 148 105 395 148 105 396 94 104 397 95 106 398 148 105 399 95 106 400 149 107 401 149 107 402 95 106 403 96 108 404 149 107 405 96 108 406 150 109 407 150 109 408 96 108 409 97 110 410 150 109 411 97 110 412 151 111 413 151 111 414 97 110 415 98 112 416 151 111 417 98 112 418 152 113 419 152 113 420 98 112 421 99 114 422 152 113 423 99 114 424 153 115 425 153 115 426 99 114 427 100 116 428 153 115 429 100 116 430 154 117 431 154 117 432 100 116 433 101 118 434 154 117 435 101 118 436 155 119 437 155 119 438 101 118 439 102 120 440 155 119 441 102 120 442 156 121 443 156 121 444 102 120 445 103 122 446 156 121 447 103 122 448 157 123 449 157 123 450 103 122 451 104 124 452 157 123 453 104 124 454 158 125 455 158 125 456 104 124 457 105 126 458 158 125 459 105 126 460 106 127 461 158 125 462 106 127 463 159 128 464 159 128 465 106 127 466 107 129 467 159 128 468 107 129 469 160 130 470 160 130 471 107 129 472 108 131 473 160 130 474 108 131 475 109 132 476 160 130 477 109 132 478 161 133 479 161 133 480 109 132 481 110 134 482 161 133 483 110 134 484 111 135 485 161 133 486 111 135 487 162 136 488 162 136 489 111 135 490 112 137 491 162 136 492 112 137 493 113 138 494 113 138 495 114 139 496 162 136 497 162 136 498 114 139 499 161 133 500 114 139 501 115 140 502 161 133 503 161 133 504 115 140 505 160 130 506 115 140 507 116 141 508 160 130 509 160 130 510 116 141 511 117 142 512 160 130 513 117 142 514 159 128 515 159 128 516 117 142 517 118 143 518 159 128 519 118 143 520 158 125 521 158 125 522 118 143 523 119 144 524 158 125 525 119 144 526 157 123 527 157 123 528 119 144 529 120 145 530 157 123 531 120 145 532 156 121 533 156 121 534 120 145 535 121 146 536 156 121 537 121 146 538 155 119 539 155 119 540 121 146 541 122 147 542 155 119 543 122 147 544 154 117 545 154 117 546 122 147 547 123 148 548 154 117 549 123 148 550 153 115 551 153 115 552 123 148 553 124 149 554 153 115 555 124 149 556 152 113 557 152 113 558 124 149 559 125 150 560 152 113 561 125 150 562 151 111 563 151 111 564 125 150 565 126 151 566 151 111 567 126 151 568 150 109 569 150 109 570 126 151 571 127 152 572 150 109 573 127 152 574 149 107 575 149 107 576 127 152 577 128 153 578 149 107 579 128 153 580 148 105 581 148 105 582 128 153 583 129 154 584 148 105 585 129 154 586 147 103 587 147 103 588 129 154 589 130 155 590 147 103 591 130 155 592 131 156 593 147 103 594 131 156 595 146 101 596 146 101 597 131 156 598 132 157 599 146 101 600 132 157 601 145 99 602 145 99 603 132 157 604 133 158 605 145 99 606 133 158 607 144 96 608 144 96 609 133 158 610 134 159 611 144 96 612 134 159 613 143 94 614 143 94 615 134 159 616 135 160 617 143 94 618 135 160 619 142 92 620 142 92 621 135 160 622 136 161 623 142 92 624 136 161 625 141 90 626 141 90 627 136 161 628 137 162 629 141 90 630 137 162 631 140 86 632 140 86 633 137 162 634 138 88 635 181 163 636 163 164 637 182 165 638 182 165 639 163 164 640 164 166 641 182 165 642 164 166 643 197 167 644 197 167 645 164 166 646 165 168 647 197 167 648 165 168 649 196 169 650 196 169 651 165 168 652 166 170 653 196 169 654 166 170 655 195 171 656 195 171 657 166 170 658 167 172 659 195 171 660 167 172 661 194 173 662 194 173 663 167 172 664 168 174 665 194 173 666 168 174 667 193 175 668 193 175 669 168 174 670 169 176 671 193 175 672 169 176 673 170 177 674 193 175 675 170 177 676 192 178 677 192 178 678 170 177 679 171 179 680 192 178 681 171 179 682 191 180 683 191 180 684 171 179 685 172 181 686 191 180 687 172 181 688 190 182 689 190 182 690 172 181 691 173 183 692 190 182 693 173 183 694 189 184 695 189 184 696 173 183 697 174 185 698 189 184 699 174 185 700 188 186 701 188 186 702 174 185 703 175 187 704 188 186 705 175 187 706 187 188 707 187 188 708 175 187 709 176 189 710 187 188 711 176 189 712 177 190 713 187 188 714 177 190 715 186 191 716 186 191 717 177 190 718 178 192 719 186 191 720 178 192 721 185 193 722 185 193 723 178 192 724 179 194 725 185 193 726 179 194 727 184 195 728 184 195 729 179 194 730 180 196 731 184 195 732 180 196 733 183 197 734 183 197 735 180 196 736 181 163 737 183 197 738 181 163 739 182 165 740 27 198 741 26 199 742 219 200 743 219 200 744 26 199 745 25 201 746 219 200 747 25 201 748 24 202 749 24 202 750 23 203 751 219 200 752 219 200 753 23 203 754 22 204 755 219 200 756 22 204 757 21 205 758 219 200 759 21 205 760 218 206 761 218 206 762 21 205 763 20 207 764 218 206 765 20 207 766 19 208 767 218 206 768 19 208 769 217 209 770 217 209 771 19 208 772 18 210 773 217 209 774 18 210 775 216 211 776 216 211 777 18 210 778 17 212 779 216 211 780 17 212 781 95 213 782 95 213 783 17 212 784 96 214 785 96 214 786 17 212 787 16 215 788 96 214 789 16 215 790 15 216 791 14 217 792 173 198 793 15 216 794 15 216 795 173 198 796 97 218 797 15 216 798 97 218 799 96 214 800 173 198 801 14 217 802 174 219 803 174 219 804 14 217 805 13 220 806 174 219 807 13 220 808 175 221 809 175 221 810 13 220 811 12 222 812 175 221 813 12 222 814 11 223 815 175 221 816 11 223 817 176 224 818 176 224 819 11 223 820 10 225 821 176 224 822 10 225 823 9 226 824 176 224 825 9 226 826 177 227 827 177 227 828 9 226 829 8 228 830 177 227 831 8 228 832 7 229 833 7 229 834 6 230 835 177 227 836 177 227 837 6 230 838 201 231 839 177 227 840 201 231 841 202 198 842 201 231 843 6 230 844 200 232 845 200 232 846 6 230 847 5 233 848 200 232 849 5 233 850 4 234 851 200 232 852 4 234 853 199 235 854 199 235 855 4 234 856 3 236 857 199 235 858 3 236 859 2 237 860 2 237 861 1 238 862 199 235 863 199 235 864 1 238 865 198 239 866 198 239 867 1 238 868 0 198 869 177 227 870 202 198 871 178 198 872 178 198 873 202 198 874 203 198 875 178 198 876 203 198 877 179 198 878 179 198 879 203 198 880 180 198 881 180 198 882 203 198 883 204 240 884 180 198 885 204 240 886 181 241 887 181 241 888 204 240 889 205 242 890 181 241 891 205 242 892 163 198 893 163 198 894 205 242 895 164 241 896 164 241 897 205 242 898 206 240 899 164 241 900 206 240 901 165 198 902 165 198 903 206 240 904 207 243 905 165 198 906 207 243 907 166 244 908 166 244 909 207 243 910 167 245 911 167 245 912 207 243 913 208 198 914 167 245 915 208 198 916 168 246 917 168 246 918 208 198 919 209 247 920 168 246 921 209 247 922 106 248 923 106 248 924 209 247 925 210 249 926 106 248 927 210 249 928 107 198 929 107 198 930 210 249 931 108 250 932 108 250 933 210 249 934 211 251 935 108 250 936 211 251 937 109 252 938 109 252 939 211 251 940 110 198 941 110 198 942 211 251 943 111 253 944 111 253 945 211 251 946 212 254 947 111 253 948 212 254 949 112 198 950 106 248 951 105 255 952 168 246 953 168 246 954 105 255 955 104 228 956 168 246 957 104 228 958 103 256 959 168 246 960 103 256 961 169 257 962 169 257 963 103 256 964 102 225 965 169 257 966 102 225 967 101 258 968 169 257 969 101 258 970 170 259 971 170 259 972 101 258 973 100 222 974 170 259 975 100 222 976 99 220 977 170 259 978 99 220 979 171 219 980 171 219 981 99 220 982 98 260 983 171 219 984 98 260 985 172 261 986 172 261 987 98 260 988 97 218 989 172 261 990 97 218 991 173 198 992 95 213 993 94 262 994 216 211 995 216 211 996 94 262 997 215 263 998 215 263 999 94 262 1000 93 264 1001 215 263 1002 93 264 1003 214 265 1004 214 265 1005 93 264 1006 92 207 1007 214 265 1008 92 207 1009 91 205 1010 214 265 1011 91 205 1012 213 200 1013 213 200 1014 91 205 1015 90 204 1016 213 200 1017 90 204 1018 89 203 1019 89 203 1020 88 202 1021 213 200 1022 213 200 1023 88 202 1024 87 201 1025 213 200 1026 87 201 1027 86 199 1028 86 199 1029 85 198 1030 213 200 1031 221 266 1032 183 267 1033 220 268 1034 220 268 1035 183 267 1036 182 269 1037 220 268 1038 182 269 1039 235 270 1040 235 270 1041 182 269 1042 197 271 1043 235 270 1044 197 271 1045 234 272 1046 234 272 1047 197 271 1048 196 273 1049 234 272 1050 196 273 1051 233 274 1052 233 274 1053 196 273 1054 195 275 1055 233 274 1056 195 275 1057 232 276 1058 232 276 1059 195 275 1060 194 277 1061 232 276 1062 194 277 1063 231 278 1064 231 278 1065 194 277 1066 193 279 1067 231 278 1068 193 279 1069 230 280 1070 230 280 1071 193 279 1072 192 281 1073 230 280 1074 192 281 1075 229 282 1076 229 282 1077 192 281 1078 191 283 1079 229 282 1080 191 283 1081 228 284 1082 228 284 1083 191 283 1084 190 285 1085 228 284 1086 190 285 1087 227 286 1088 227 286 1089 190 285 1090 189 287 1091 227 286 1092 189 287 1093 226 288 1094 226 288 1095 189 287 1096 188 289 1097 226 288 1098 188 289 1099 225 290 1100 225 290 1101 188 289 1102 187 291 1103 225 290 1104 187 291 1105 224 292 1106 224 292 1107 187 291 1108 186 293 1109 224 292 1110 186 293 1111 223 294 1112 223 294 1113 186 293 1114 185 295 1115 223 294 1116 185 295 1117 222 296 1118 222 296 1119 185 295 1120 184 297 1121 222 296 1122 184 297 1123 221 266 1124 221 266 1125 184 297 1126 183 267 1127 54 0 1128 236 298 1129 0 1 1130 0 1 1131 236 298 1132 198 299 1133 198 299 1134 236 298 1135 237 300 1136 198 299 1137 237 300 1138 199 301 1139 199 301 1140 237 300 1141 238 302 1142 199 301 1143 238 302 1144 200 303 1145 200 303 1146 238 302 1147 239 304 1148 200 303 1149 239 304 1150 201 305 1151 201 305 1152 239 304 1153 240 306 1154 201 305 1155 240 306 1156 202 307 1157 202 307 1158 240 306 1159 241 308 1160 202 307 1161 241 308 1162 203 309 1163 203 309 1164 241 308 1165 242 310 1166 203 309 1167 242 310 1168 204 311 1169 204 311 1170 242 310 1171 243 312 1172 204 311 1173 243 312 1174 205 313 1175 205 313 1176 243 312 1177 244 314 1178 205 313 1179 244 314 1180 206 315 1181 206 315 1182 244 314 1183 245 316 1184 206 315 1185 245 316 1186 207 317 1187 207 317 1188 245 316 1189 246 318 1190 207 317 1191 246 318 1192 208 319 1193 208 319 1194 246 318 1195 247 320 1196 208 319 1197 247 320 1198 209 321 1199 209 321 1200 247 320 1201 248 322 1202 209 321 1203 248 322 1204 210 323 1205 210 323 1206 248 322 1207 249 324 1208 210 323 1209 249 324 1210 211 325 1211 211 325 1212 249 324 1213 250 326 1214 211 325 1215 250 326 1216 212 327 1217 212 327 1218 250 326 1219 251 328 1220 212 327 1221 251 328 1222 112 137 1223 112 137 1224 251 328 1225 113 138 1226 28 329 1227 27 330 1228 252 331 1229 252 331 1230 27 330 1231 219 332 1232 213 333 1233 253 334 1234 214 335 1235 214 335 1236 253 334 1237 254 336 1238 214 335 1239 254 336 1240 215 337 1241 215 337 1242 254 336 1243 255 338 1244 215 337 1245 255 338 1246 216 339 1247 216 339 1248 255 338 1249 256 340 1250 216 339 1251 256 340 1252 217 341 1253 217 341 1254 256 340 1255 257 342 1256 217 341 1257 257 342 1258 218 343 1259 218 343 1260 257 342 1261 258 344 1262 218 343 1263 258 344 1264 219 332 1265 219 332 1266 258 344 1267 252 331 1268 139 345 1269 253 334 1270 85 346 1271 85 346 1272 253 334 1273 213 333 1274 139 347 1275 138 348 1276 253 349 1277 253 349 1278 138 348 1279 137 350 1280 253 349 1281 137 350 1282 136 351 1283 136 351 1284 135 352 1285 253 349 1286 253 349 1287 135 352 1288 134 353 1289 253 349 1290 134 353 1291 133 354 1292 133 354 1293 132 355 1294 253 349 1295 253 349 1296 132 355 1297 254 356 1298 254 356 1299 132 355 1300 131 357 1301 254 356 1302 131 357 1303 255 358 1304 255 358 1305 131 357 1306 130 359 1307 255 358 1308 130 359 1309 129 360 1310 128 361 1311 38 362 1312 129 360 1313 129 360 1314 38 362 1315 256 363 1316 129 360 1317 256 363 1318 255 358 1319 127 364 1320 40 365 1321 128 361 1322 128 361 1323 40 365 1324 39 366 1325 128 361 1326 39 366 1327 38 362 1328 126 367 1329 229 368 1330 127 364 1331 127 364 1332 229 368 1333 228 369 1334 127 364 1335 228 369 1336 40 365 1337 40 365 1338 228 369 1339 227 370 1340 40 365 1341 227 370 1342 41 371 1343 41 371 1344 227 370 1345 226 372 1346 41 371 1347 226 372 1348 42 347 1349 42 347 1350 226 372 1351 43 373 1352 43 373 1353 226 372 1354 225 374 1355 43 373 1356 225 374 1357 44 347 1358 44 347 1359 225 374 1360 45 347 1361 45 347 1362 225 374 1363 46 375 1364 46 375 1365 225 374 1366 224 376 1367 46 375 1368 224 376 1369 47 347 1370 47 347 1371 224 376 1372 240 377 1373 47 347 1374 240 377 1375 48 378 1376 48 378 1377 240 377 1378 239 379 1379 48 378 1380 239 379 1381 49 380 1382 49 380 1383 239 379 1384 50 381 1385 50 381 1386 239 379 1387 238 382 1388 50 381 1389 238 382 1390 51 347 1391 51 347 1392 238 382 1393 52 347 1394 52 347 1395 238 382 1396 237 383 1397 52 347 1398 237 383 1399 53 384 1400 53 384 1401 237 383 1402 236 385 1403 53 384 1404 236 385 1405 54 347 1406 229 368 1407 126 367 1408 230 386 1409 230 386 1410 126 367 1411 125 387 1412 230 386 1413 125 387 1414 124 388 1415 230 386 1416 124 388 1417 231 389 1418 231 389 1419 124 388 1420 123 390 1421 231 389 1422 123 390 1423 122 391 1424 122 391 1425 121 392 1426 231 389 1427 231 389 1428 121 392 1429 232 393 1430 232 393 1431 121 392 1432 120 394 1433 232 393 1434 120 394 1435 247 395 1436 247 395 1437 120 394 1438 119 396 1439 247 395 1440 119 396 1441 248 397 1442 248 397 1443 119 396 1444 118 398 1445 248 397 1446 118 398 1447 117 399 1448 248 397 1449 117 399 1450 249 400 1451 249 400 1452 117 399 1453 116 401 1454 249 400 1455 116 401 1456 115 402 1457 249 400 1458 115 402 1459 250 403 1460 250 403 1461 115 402 1462 114 404 1463 250 403 1464 114 404 1465 251 405 1466 251 405 1467 114 404 1468 113 406 1469 247 395 1470 246 407 1471 232 393 1472 232 393 1473 246 407 1474 233 408 1475 233 408 1476 246 407 1477 245 409 1478 233 408 1479 245 409 1480 234 410 1481 234 410 1482 245 409 1483 244 411 1484 234 410 1485 244 411 1486 235 412 1487 235 412 1488 244 411 1489 220 413 1490 220 413 1491 244 411 1492 243 414 1493 220 413 1494 243 414 1495 221 415 1496 221 415 1497 243 414 1498 222 416 1499 222 416 1500 243 414 1501 242 409 1502 222 416 1503 242 409 1504 223 408 1505 223 408 1506 242 409 1507 241 417 1508 223 408 1509 241 417 1510 224 376 1511 224 376 1512 241 417 1513 240 377 1514 256 363 1515 38 362 1516 257 418 1517 257 418 1518 38 362 1519 37 359 1520 257 418 1521 37 359 1522 36 419 1523 257 418 1524 36 419 1525 258 356 1526 258 356 1527 36 419 1528 35 420 1529 258 356 1530 35 420 1531 252 421 1532 252 421 1533 35 420 1534 34 422 1535 252 421 1536 34 422 1537 33 423 1538 33 423 1539 32 424 1540 252 421 1541 252 421 1542 32 424 1543 31 425 1544 252 421 1545 31 425 1546 30 426 1547 30 426 1548 29 427 1549 252 421 1550 252 421 1551 29 427 1552 28 428 1553</p>
        </triangles>
        <triangles material="Opaque_63_63_63_-material" count="6716">
          <input semantic="VERTEX" source="#calf_l-mesh-vertices" offset="0"/>
          <input semantic="NORMAL" source="#calf_l-mesh-normals" offset="1"/>
          <input semantic="TEXCOORD" source="#calf_l-mesh-map-0" offset="2" set="0"/>
          <p>260 429 1554 326 430 1555 259 431 1556 259 431 1557 326 430 1558 293 432 1559 259 431 1560 293 432 1561 292 433 1562 292 433 1563 293 432 1564 294 434 1565 292 433 1566 294 434 1567 291 435 1568 291 435 1569 294 434 1570 295 436 1571 291 435 1572 295 436 1573 290 437 1574 290 437 1575 295 436 1576 296 438 1577 290 437 1578 296 438 1579 289 439 1580 289 439 1581 296 438 1582 297 440 1583 289 439 1584 297 440 1585 288 441 1586 288 441 1587 297 440 1588 298 442 1589 288 441 1590 298 442 1591 287 443 1592 287 443 1593 298 442 1594 299 444 1595 287 443 1596 299 444 1597 286 445 1598 286 445 1599 299 444 1600 300 446 1601 286 445 1602 300 446 1603 285 447 1604 285 447 1605 300 446 1606 301 448 1607 285 447 1608 301 448 1609 284 449 1610 284 449 1611 301 448 1612 302 450 1613 284 449 1614 302 450 1615 283 451 1616 283 451 1617 302 450 1618 303 452 1619 283 451 1620 303 452 1621 282 453 1622 282 453 1623 303 452 1624 304 454 1625 282 453 1626 304 454 1627 281 455 1628 281 455 1629 304 454 1630 305 456 1631 281 455 1632 305 456 1633 280 457 1634 280 457 1635 305 456 1636 306 458 1637 280 457 1638 306 458 1639 279 459 1640 279 459 1641 306 458 1642 307 460 1643 279 459 1644 307 460 1645 278 461 1646 278 461 1647 307 460 1648 308 462 1649 278 461 1650 308 462 1651 277 463 1652 277 463 1653 308 462 1654 309 464 1655 277 463 1656 309 464 1657 276 465 1658 276 465 1659 309 464 1660 310 466 1661 276 465 1662 310 466 1663 275 467 1664 275 467 1665 310 466 1666 311 468 1667 275 467 1668 311 468 1669 274 469 1670 274 469 1671 311 468 1672 312 470 1673 274 469 1674 312 470 1675 273 471 1676 273 471 1677 312 470 1678 313 472 1679 273 471 1680 313 472 1681 272 473 1682 272 473 1683 313 472 1684 314 474 1685 272 473 1686 314 474 1687 271 475 1688 271 475 1689 314 474 1690 315 476 1691 271 475 1692 315 476 1693 270 477 1694 270 477 1695 315 476 1696 316 478 1697 270 477 1698 316 478 1699 269 479 1700 269 479 1701 316 478 1702 317 480 1703 269 479 1704 317 480 1705 268 481 1706 268 481 1707 317 480 1708 318 482 1709 268 481 1710 318 482 1711 267 483 1712 267 483 1713 318 482 1714 319 484 1715 267 483 1716 319 484 1717 266 485 1718 266 485 1719 319 484 1720 320 486 1721 266 485 1722 320 486 1723 265 487 1724 265 487 1725 320 486 1726 321 488 1727 265 487 1728 321 488 1729 264 489 1730 264 489 1731 321 488 1732 322 490 1733 264 489 1734 322 490 1735 263 491 1736 263 491 1737 322 490 1738 323 492 1739 263 491 1740 323 492 1741 262 493 1742 262 493 1743 323 492 1744 324 494 1745 262 493 1746 324 494 1747 261 495 1748 261 495 1749 324 494 1750 325 496 1751 261 495 1752 325 496 1753 260 429 1754 260 429 1755 325 496 1756 326 430 1757 292 347 1758 277 347 1759 259 347 1760 259 347 1761 277 347 1762 276 347 1763 259 347 1764 276 347 1765 260 347 1766 260 347 1767 276 347 1768 275 347 1769 260 347 1770 275 347 1771 261 347 1772 261 347 1773 275 347 1774 274 347 1775 261 347 1776 274 347 1777 262 347 1778 262 347 1779 274 347 1780 273 347 1781 262 347 1782 273 347 1783 263 347 1784 263 347 1785 273 347 1786 272 347 1787 263 347 1788 272 347 1789 264 347 1790 264 347 1791 272 347 1792 271 347 1793 264 347 1794 271 347 1795 265 347 1796 265 347 1797 271 347 1798 270 347 1799 265 347 1800 270 347 1801 266 347 1802 266 347 1803 270 347 1804 269 347 1805 266 347 1806 269 347 1807 267 347 1808 267 347 1809 269 347 1810 268 347 1811 277 347 1812 292 347 1813 278 347 1814 278 347 1815 292 347 1816 291 347 1817 278 347 1818 291 347 1819 279 347 1820 279 347 1821 291 347 1822 290 347 1823 279 347 1824 290 347 1825 280 347 1826 280 347 1827 290 347 1828 289 347 1829 280 347 1830 289 347 1831 281 347 1832 281 347 1833 289 347 1834 288 347 1835 281 347 1836 288 347 1837 282 347 1838 282 347 1839 288 347 1840 287 347 1841 282 347 1842 287 347 1843 283 347 1844 283 347 1845 287 347 1846 286 347 1847 283 347 1848 286 347 1849 284 347 1850 284 347 1851 286 347 1852 285 347 1853 327 497 1854 328 498 1855 343 499 1856 343 499 1857 328 498 1858 342 500 1859 342 500 1860 328 498 1861 341 501 1862 341 501 1863 328 498 1864 329 502 1865 341 501 1866 329 502 1867 340 503 1868 340 503 1869 329 502 1870 339 504 1871 339 504 1872 329 502 1873 330 505 1874 339 504 1875 330 505 1876 338 506 1877 338 506 1878 330 505 1879 331 507 1880 338 506 1881 331 507 1882 337 508 1883 337 508 1884 331 507 1885 336 509 1886 336 509 1887 331 507 1888 335 510 1889 335 510 1890 331 507 1891 333 511 1892 335 510 1893 333 511 1894 334 512 1895 331 507 1896 332 513 1897 333 511 1898 344 347 1899 345 347 1900 355 347 1901 355 347 1902 345 347 1903 354 347 1904 354 347 1905 345 347 1906 346 347 1907 354 347 1908 346 347 1909 353 347 1910 353 347 1911 346 347 1912 347 347 1913 353 347 1914 347 347 1915 352 347 1916 352 347 1917 347 347 1918 348 347 1919 352 347 1920 348 347 1921 351 347 1922 351 347 1923 348 347 1924 349 347 1925 351 347 1926 349 347 1927 350 347 1928 356 347 1929 357 347 1930 367 347 1931 367 347 1932 357 347 1933 366 347 1934 366 347 1935 357 347 1936 358 347 1937 366 347 1938 358 347 1939 365 347 1940 365 347 1941 358 347 1942 359 347 1943 365 347 1944 359 347 1945 364 347 1946 364 347 1947 359 347 1948 360 347 1949 364 347 1950 360 347 1951 363 347 1952 363 347 1953 360 347 1954 361 347 1955 363 347 1956 361 347 1957 362 347 1958 368 347 1959 369 347 1960 379 347 1961 379 347 1962 369 347 1963 378 347 1964 378 347 1965 369 347 1966 370 347 1967 378 347 1968 370 347 1969 377 347 1970 377 347 1971 370 347 1972 371 347 1973 377 347 1974 371 347 1975 376 347 1976 376 347 1977 371 347 1978 372 347 1979 376 347 1980 372 347 1981 375 347 1982 375 347 1983 372 347 1984 373 347 1985 375 347 1986 373 347 1987 374 347 1988 380 347 1989 381 347 1990 391 347 1991 391 347 1992 381 347 1993 390 347 1994 390 347 1995 381 347 1996 382 347 1997 390 347 1998 382 347 1999 389 347 2000 389 347 2001 382 347 2002 383 347 2003 389 347 2004 383 347 2005 388 347 2006 388 347 2007 383 347 2008 384 347 2009 388 347 2010 384 347 2011 387 347 2012 387 347 2013 384 347 2014 385 347 2015 387 347 2016 385 347 2017 386 347 2018 392 347 2019 393 347 2020 403 347 2021 403 347 2022 393 347 2023 402 347 2024 402 347 2025 393 347 2026 394 347 2027 402 347 2028 394 347 2029 401 347 2030 401 347 2031 394 347 2032 395 347 2033 401 347 2034 395 347 2035 400 347 2036 400 347 2037 395 347 2038 396 347 2039 400 347 2040 396 347 2041 399 347 2042 399 347 2043 396 347 2044 397 347 2045 399 347 2046 397 347 2047 398 347 2048 329 514 2049 328 347 2050 311 515 2051 311 515 2052 328 347 2053 404 516 2054 311 515 2055 404 516 2056 312 517 2057 312 517 2058 404 516 2059 405 518 2060 312 517 2061 405 518 2062 313 519 2063 313 519 2064 405 518 2065 406 520 2066 313 519 2067 406 520 2068 314 521 2069 314 521 2070 406 520 2071 407 522 2072 314 521 2073 407 522 2074 315 523 2075 315 523 2076 407 522 2077 408 524 2078 315 523 2079 408 524 2080 316 525 2081 316 525 2082 408 524 2083 409 526 2084 316 525 2085 409 526 2086 317 527 2087 317 527 2088 409 526 2089 410 528 2090 317 527 2091 410 528 2092 318 529 2093 318 529 2094 410 528 2095 411 530 2096 318 529 2097 411 530 2098 319 531 2099 319 531 2100 411 530 2101 412 532 2102 319 531 2103 412 532 2104 320 347 2105 320 347 2106 412 532 2107 413 347 2108 320 347 2109 413 347 2110 321 347 2111 321 347 2112 413 347 2113 414 347 2114 321 347 2115 414 347 2116 322 533 2117 322 533 2118 414 347 2119 415 534 2120 322 533 2121 415 534 2122 323 535 2123 323 535 2124 415 534 2125 416 536 2126 323 535 2127 416 536 2128 324 537 2129 324 537 2130 416 536 2131 417 538 2132 324 537 2133 417 538 2134 325 347 2135 325 347 2136 417 538 2137 418 539 2138 325 347 2139 418 539 2140 326 540 2141 326 540 2142 418 539 2143 419 541 2144 326 540 2145 419 541 2146 293 542 2147 293 542 2148 419 541 2149 420 543 2150 293 542 2151 420 543 2152 294 544 2153 294 544 2154 420 543 2155 421 545 2156 294 544 2157 421 545 2158 295 546 2159 295 546 2160 421 545 2161 422 547 2162 295 546 2163 422 547 2164 296 537 2165 296 537 2166 422 547 2167 423 536 2168 296 537 2169 423 536 2170 297 548 2171 297 548 2172 423 536 2173 424 549 2174 297 548 2175 424 549 2176 298 550 2177 298 550 2178 424 549 2179 425 347 2180 298 550 2181 425 347 2182 299 551 2183 299 551 2184 425 347 2185 426 552 2186 299 551 2187 426 552 2188 300 553 2189 300 553 2190 426 552 2191 427 532 2192 300 553 2193 427 532 2194 301 531 2195 301 531 2196 427 532 2197 428 530 2198 301 531 2199 428 530 2200 302 554 2201 302 554 2202 428 530 2203 429 555 2204 302 554 2205 429 555 2206 303 556 2207 303 556 2208 429 555 2209 430 557 2210 303 556 2211 430 557 2212 304 558 2213 304 558 2214 430 557 2215 431 347 2216 304 558 2217 431 347 2218 305 347 2219 305 347 2220 431 347 2221 432 347 2222 305 347 2223 432 347 2224 306 347 2225 306 347 2226 432 347 2227 433 347 2228 306 347 2229 433 347 2230 307 347 2231 307 347 2232 433 347 2233 434 347 2234 307 347 2235 434 347 2236 308 559 2237 308 559 2238 434 347 2239 435 560 2240 308 559 2241 435 560 2242 309 561 2243 309 561 2244 435 560 2245 332 347 2246 309 561 2247 332 347 2248 331 347 2249 309 561 2250 331 347 2251 310 562 2252 310 562 2253 331 347 2254 330 347 2255 310 562 2256 330 347 2257 329 514 2258 310 562 2259 329 514 2260 311 515 2261 437 563 2262 500 564 2263 436 565 2264 436 565 2265 500 564 2266 468 566 2267 436 565 2268 468 566 2269 469 567 2270 500 564 2271 437 563 2272 499 568 2273 499 568 2274 437 563 2275 438 569 2276 499 568 2277 438 569 2278 498 570 2279 498 570 2280 438 569 2281 439 571 2282 498 570 2283 439 571 2284 497 572 2285 497 572 2286 439 571 2287 440 573 2288 497 572 2289 440 573 2290 496 574 2291 496 574 2292 440 573 2293 441 575 2294 496 574 2295 441 575 2296 495 576 2297 495 576 2298 441 575 2299 442 577 2300 495 576 2301 442 577 2302 494 578 2303 494 578 2304 442 577 2305 443 579 2306 494 578 2307 443 579 2308 493 580 2309 493 580 2310 443 579 2311 444 581 2312 493 580 2313 444 581 2314 492 582 2315 492 582 2316 444 581 2317 445 583 2318 492 582 2319 445 583 2320 491 584 2321 491 584 2322 445 583 2323 446 585 2324 491 584 2325 446 585 2326 490 586 2327 490 586 2328 446 585 2329 447 587 2330 490 586 2331 447 587 2332 489 588 2333 489 588 2334 447 587 2335 448 589 2336 489 588 2337 448 589 2338 488 590 2339 488 590 2340 448 589 2341 449 591 2342 488 590 2343 449 591 2344 487 592 2345 487 592 2346 449 591 2347 450 593 2348 487 592 2349 450 593 2350 486 594 2351 486 594 2352 450 593 2353 451 595 2354 486 594 2355 451 595 2356 485 596 2357 485 596 2358 451 595 2359 452 597 2360 485 596 2361 452 597 2362 484 598 2363 484 598 2364 452 597 2365 453 599 2366 484 598 2367 453 599 2368 483 600 2369 483 600 2370 453 599 2371 454 601 2372 483 600 2373 454 601 2374 482 602 2375 482 602 2376 454 601 2377 455 603 2378 482 602 2379 455 603 2380 481 604 2381 481 604 2382 455 603 2383 456 605 2384 481 604 2385 456 605 2386 480 606 2387 480 606 2388 456 605 2389 457 607 2390 480 606 2391 457 607 2392 479 608 2393 479 608 2394 457 607 2395 458 609 2396 479 608 2397 458 609 2398 478 610 2399 478 610 2400 458 609 2401 459 611 2402 478 610 2403 459 611 2404 477 612 2405 477 612 2406 459 611 2407 460 613 2408 477 612 2409 460 613 2410 476 614 2411 476 614 2412 460 613 2413 461 615 2414 476 614 2415 461 615 2416 475 616 2417 475 616 2418 461 615 2419 462 617 2420 475 616 2421 462 617 2422 474 618 2423 474 618 2424 462 617 2425 463 619 2426 474 618 2427 463 619 2428 473 620 2429 473 620 2430 463 619 2431 464 621 2432 473 620 2433 464 621 2434 472 622 2435 472 622 2436 464 621 2437 465 623 2438 472 622 2439 465 623 2440 471 624 2441 471 624 2442 465 623 2443 466 625 2444 471 624 2445 466 625 2446 470 626 2447 470 626 2448 466 625 2449 467 627 2450 470 626 2451 467 627 2452 469 567 2453 469 567 2454 467 627 2455 436 565 2456 500 628 2457 533 629 2458 468 630 2459 468 630 2460 533 629 2461 501 631 2462 468 630 2463 501 631 2464 469 632 2465 469 632 2466 501 631 2467 502 633 2468 469 632 2469 502 633 2470 470 634 2471 470 634 2472 502 633 2473 503 635 2474 470 634 2475 503 635 2476 471 636 2477 471 636 2478 503 635 2479 504 637 2480 471 636 2481 504 637 2482 472 638 2483 472 638 2484 504 637 2485 505 639 2486 472 638 2487 505 639 2488 473 640 2489 473 640 2490 505 639 2491 506 641 2492 473 640 2493 506 641 2494 474 642 2495 474 642 2496 506 641 2497 507 643 2498 474 642 2499 507 643 2500 475 644 2501 475 644 2502 507 643 2503 508 645 2504 475 644 2505 508 645 2506 476 646 2507 476 646 2508 508 645 2509 509 647 2510 476 646 2511 509 647 2512 477 648 2513 477 648 2514 509 647 2515 510 649 2516 477 648 2517 510 649 2518 478 650 2519 478 650 2520 510 649 2521 511 651 2522 478 650 2523 511 651 2524 479 652 2525 479 652 2526 511 651 2527 512 653 2528 479 652 2529 512 653 2530 480 654 2531 480 654 2532 512 653 2533 513 655 2534 480 654 2535 513 655 2536 481 656 2537 481 656 2538 513 655 2539 514 657 2540 481 656 2541 514 657 2542 482 658 2543 482 658 2544 514 657 2545 515 659 2546 482 658 2547 515 659 2548 483 660 2549 483 660 2550 515 659 2551 516 661 2552 483 660 2553 516 661 2554 484 662 2555 484 662 2556 516 661 2557 517 663 2558 484 662 2559 517 663 2560 485 664 2561 485 664 2562 517 663 2563 518 665 2564 485 664 2565 518 665 2566 486 666 2567 486 666 2568 518 665 2569 519 667 2570 486 666 2571 519 667 2572 487 668 2573 487 668 2574 519 667 2575 520 669 2576 487 668 2577 520 669 2578 488 670 2579 488 670 2580 520 669 2581 521 671 2582 488 670 2583 521 671 2584 489 672 2585 489 672 2586 521 671 2587 522 673 2588 489 672 2589 522 673 2590 490 674 2591 490 674 2592 522 673 2593 523 675 2594 490 674 2595 523 675 2596 491 676 2597 491 676 2598 523 675 2599 524 677 2600 491 676 2601 524 677 2602 492 678 2603 492 678 2604 524 677 2605 525 679 2606 492 678 2607 525 679 2608 493 680 2609 493 680 2610 525 679 2611 526 681 2612 493 680 2613 526 681 2614 494 682 2615 494 682 2616 526 681 2617 527 683 2618 494 682 2619 527 683 2620 495 684 2621 495 684 2622 527 683 2623 528 685 2624 495 684 2625 528 685 2626 496 686 2627 496 686 2628 528 685 2629 529 687 2630 496 686 2631 529 687 2632 497 688 2633 497 688 2634 529 687 2635 530 689 2636 497 688 2637 530 689 2638 498 690 2639 498 690 2640 530 689 2641 531 691 2642 498 690 2643 531 691 2644 499 692 2645 499 692 2646 531 691 2647 532 693 2648 499 692 2649 532 693 2650 500 628 2651 500 628 2652 532 693 2653 533 629 2654 467 198 2655 453 198 2656 436 198 2657 436 198 2658 453 198 2659 452 198 2660 436 198 2661 452 198 2662 437 198 2663 437 198 2664 452 198 2665 451 198 2666 437 198 2667 451 198 2668 438 198 2669 438 198 2670 451 198 2671 450 198 2672 438 198 2673 450 198 2674 439 198 2675 439 198 2676 450 198 2677 449 198 2678 439 198 2679 449 198 2680 440 198 2681 440 198 2682 449 198 2683 448 198 2684 440 198 2685 448 198 2686 441 198 2687 441 198 2688 448 198 2689 447 198 2690 441 198 2691 447 198 2692 442 198 2693 442 198 2694 447 198 2695 446 198 2696 442 198 2697 446 198 2698 443 198 2699 443 198 2700 446 198 2701 445 198 2702 443 198 2703 445 198 2704 444 198 2705 453 198 2706 467 198 2707 454 198 2708 454 198 2709 467 198 2710 466 198 2711 454 198 2712 466 198 2713 455 198 2714 455 198 2715 466 198 2716 465 198 2717 455 198 2718 465 198 2719 456 198 2720 456 198 2721 465 198 2722 464 198 2723 456 198 2724 464 198 2725 457 198 2726 457 198 2727 464 198 2728 463 198 2729 457 198 2730 463 198 2731 458 198 2732 458 198 2733 463 198 2734 462 198 2735 458 198 2736 462 198 2737 459 198 2738 459 198 2739 462 198 2740 461 198 2741 459 198 2742 461 198 2743 460 198 2744 535 694 2745 613 695 2746 534 696 2747 534 696 2748 613 695 2749 573 697 2750 534 696 2751 573 697 2752 574 698 2753 613 695 2754 535 694 2755 612 699 2756 612 699 2757 535 694 2758 536 700 2759 612 699 2760 536 700 2761 611 701 2762 611 701 2763 536 700 2764 537 702 2765 611 701 2766 537 702 2767 610 703 2768 610 703 2769 537 702 2770 538 704 2771 610 703 2772 538 704 2773 609 705 2774 609 705 2775 538 704 2776 539 706 2777 609 705 2778 539 706 2779 608 707 2780 608 707 2781 539 706 2782 540 708 2783 608 707 2784 540 708 2785 607 709 2786 607 709 2787 540 708 2788 541 710 2789 607 709 2790 541 710 2791 606 711 2792 606 711 2793 541 710 2794 542 712 2795 606 711 2796 542 712 2797 605 713 2798 605 713 2799 542 712 2800 543 714 2801 605 713 2802 543 714 2803 604 715 2804 604 715 2805 543 714 2806 544 716 2807 604 715 2808 544 716 2809 603 717 2810 603 717 2811 544 716 2812 545 718 2813 603 717 2814 545 718 2815 602 719 2816 602 719 2817 545 718 2818 546 720 2819 602 719 2820 546 720 2821 601 721 2822 601 721 2823 546 720 2824 547 722 2825 601 721 2826 547 722 2827 600 723 2828 600 723 2829 547 722 2830 548 724 2831 600 723 2832 548 724 2833 599 725 2834 599 725 2835 548 724 2836 549 726 2837 599 725 2838 549 726 2839 598 727 2840 598 727 2841 549 726 2842 550 728 2843 598 727 2844 550 728 2845 597 729 2846 597 729 2847 550 728 2848 551 730 2849 597 729 2850 551 730 2851 596 731 2852 596 731 2853 551 730 2854 552 732 2855 596 731 2856 552 732 2857 595 733 2858 595 733 2859 552 732 2860 553 734 2861 595 733 2862 553 734 2863 594 735 2864 594 735 2865 553 734 2866 554 736 2867 594 735 2868 554 736 2869 593 737 2870 593 737 2871 554 736 2872 592 738 2873 592 738 2874 554 736 2875 555 739 2876 592 738 2877 555 739 2878 591 740 2879 591 740 2880 555 739 2881 556 741 2882 591 740 2883 556 741 2884 590 742 2885 590 742 2886 556 741 2887 557 743 2888 590 742 2889 557 743 2890 589 744 2891 589 744 2892 557 743 2893 558 745 2894 589 744 2895 558 745 2896 588 746 2897 588 746 2898 558 745 2899 559 747 2900 588 746 2901 559 747 2902 587 748 2903 587 748 2904 559 747 2905 560 749 2906 587 748 2907 560 749 2908 586 750 2909 586 750 2910 560 749 2911 561 751 2912 586 750 2913 561 751 2914 585 752 2915 585 752 2916 561 751 2917 562 753 2918 585 752 2919 562 753 2920 584 754 2921 584 754 2922 562 753 2923 563 755 2924 584 754 2925 563 755 2926 583 756 2927 583 756 2928 563 755 2929 564 757 2930 583 756 2931 564 757 2932 582 758 2933 582 758 2934 564 757 2935 565 759 2936 582 758 2937 565 759 2938 581 760 2939 581 760 2940 565 759 2941 566 761 2942 581 760 2943 566 761 2944 580 762 2945 580 762 2946 566 761 2947 567 763 2948 580 762 2949 567 763 2950 579 764 2951 579 764 2952 567 763 2953 568 765 2954 579 764 2955 568 765 2956 578 766 2957 578 766 2958 568 765 2959 569 767 2960 578 766 2961 569 767 2962 577 768 2963 577 768 2964 569 767 2965 570 769 2966 577 768 2967 570 769 2968 576 770 2969 576 770 2970 570 769 2971 571 771 2972 576 770 2973 571 771 2974 575 772 2975 575 772 2976 571 771 2977 572 773 2978 575 772 2979 572 773 2980 574 698 2981 574 698 2982 572 773 2983 534 696 2984 615 198 2985 619 198 2986 614 198 2987 614 198 2988 619 198 2989 620 198 2990 614 198 2991 620 198 2992 625 198 2993 625 198 2994 620 198 2995 621 198 2996 625 198 2997 621 198 2998 624 198 2999 624 198 3000 621 198 3001 622 198 3002 624 198 3003 622 198 3004 623 198 3005 619 198 3006 615 198 3007 618 198 3008 618 198 3009 615 198 3010 616 198 3011 618 198 3012 616 198 3013 617 198 3014 627 198 3015 631 198 3016 626 198 3017 626 198 3018 631 198 3019 632 198 3020 626 198 3021 632 198 3022 637 198 3023 637 198 3024 632 198 3025 633 198 3026 637 198 3027 633 198 3028 636 198 3029 636 198 3030 633 198 3031 634 198 3032 636 198 3033 634 198 3034 635 198 3035 631 198 3036 627 198 3037 630 198 3038 630 198 3039 627 198 3040 628 198 3041 630 198 3042 628 198 3043 629 198 3044 639 198 3045 643 198 3046 638 198 3047 638 198 3048 643 198 3049 644 198 3050 638 198 3051 644 198 3052 649 198 3053 649 198 3054 644 198 3055 645 198 3056 649 198 3057 645 198 3058 648 198 3059 648 198 3060 645 198 3061 646 198 3062 648 198 3063 646 198 3064 647 198 3065 643 198 3066 639 198 3067 642 198 3068 642 198 3069 639 198 3070 640 198 3071 642 198 3072 640 198 3073 641 198 3074 651 198 3075 655 198 3076 650 198 3077 650 198 3078 655 198 3079 656 198 3080 650 198 3081 656 198 3082 661 198 3083 661 198 3084 656 198 3085 657 198 3086 661 198 3087 657 198 3088 660 198 3089 660 198 3090 657 198 3091 658 198 3092 660 198 3093 658 198 3094 659 198 3095 655 198 3096 651 198 3097 654 198 3098 654 198 3099 651 198 3100 652 198 3101 654 198 3102 652 198 3103 653 198 3104 625 774 3105 673 775 3106 614 776 3107 614 776 3108 673 775 3109 662 777 3110 614 776 3111 662 777 3112 615 778 3113 615 778 3114 662 777 3115 663 779 3116 615 778 3117 663 779 3118 616 780 3119 616 780 3120 663 779 3121 664 781 3122 616 780 3123 664 781 3124 617 782 3125 617 782 3126 664 781 3127 665 783 3128 617 782 3129 665 783 3130 618 784 3131 618 784 3132 665 783 3133 666 785 3134 618 784 3135 666 785 3136 619 786 3137 619 786 3138 666 785 3139 667 787 3140 619 786 3141 667 787 3142 620 788 3143 620 788 3144 667 787 3145 668 789 3146 620 788 3147 668 789 3148 621 790 3149 621 790 3150 668 789 3151 669 791 3152 621 790 3153 669 791 3154 622 792 3155 622 792 3156 669 791 3157 670 793 3158 622 792 3159 670 793 3160 623 794 3161 623 794 3162 670 793 3163 671 795 3164 623 794 3165 671 795 3166 624 796 3167 624 796 3168 671 795 3169 672 797 3170 624 796 3171 672 797 3172 625 774 3173 625 774 3174 672 797 3175 673 775 3176 637 798 3177 685 799 3178 626 800 3179 626 800 3180 685 799 3181 674 801 3182 626 800 3183 674 801 3184 627 802 3185 627 802 3186 674 801 3187 675 803 3188 627 802 3189 675 803 3190 628 804 3191 628 804 3192 675 803 3193 676 805 3194 628 804 3195 676 805 3196 629 806 3197 629 806 3198 676 805 3199 677 807 3200 629 806 3201 677 807 3202 630 808 3203 630 808 3204 677 807 3205 678 809 3206 630 808 3207 678 809 3208 631 810 3209 631 810 3210 678 809 3211 679 811 3212 631 810 3213 679 811 3214 632 812 3215 632 812 3216 679 811 3217 680 813 3218 632 812 3219 680 813 3220 633 814 3221 633 814 3222 680 813 3223 681 815 3224 633 814 3225 681 815 3226 634 816 3227 634 816 3228 681 815 3229 682 817 3230 634 816 3231 682 817 3232 635 818 3233 635 818 3234 682 817 3235 683 819 3236 635 818 3237 683 819 3238 636 820 3239 636 820 3240 683 819 3241 684 821 3242 636 820 3243 684 821 3244 637 798 3245 637 798 3246 684 821 3247 685 799 3248 649 822 3249 697 823 3250 638 800 3251 638 800 3252 697 823 3253 686 801 3254 638 800 3255 686 801 3256 639 824 3257 639 824 3258 686 801 3259 687 825 3260 639 824 3261 687 825 3262 640 826 3263 640 826 3264 687 825 3265 688 805 3266 640 826 3267 688 805 3268 641 782 3269 641 782 3270 688 805 3271 689 783 3272 641 782 3273 689 783 3274 642 827 3275 642 827 3276 689 783 3277 690 828 3278 642 827 3279 690 828 3280 643 829 3281 643 829 3282 690 828 3283 691 830 3284 643 829 3285 691 830 3286 644 812 3287 644 812 3288 691 830 3289 692 813 3290 644 812 3291 692 813 3292 645 831 3293 645 831 3294 692 813 3295 693 832 3296 645 831 3297 693 832 3298 646 833 3299 646 833 3300 693 832 3301 694 834 3302 646 833 3303 694 834 3304 647 794 3305 647 794 3306 694 834 3307 695 795 3308 647 794 3309 695 795 3310 648 835 3311 648 835 3312 695 795 3313 696 836 3314 648 835 3315 696 836 3316 649 822 3317 649 822 3318 696 836 3319 697 823 3320 661 837 3321 709 838 3322 650 776 3323 650 776 3324 709 838 3325 698 777 3326 650 776 3327 698 777 3328 651 839 3329 651 839 3330 698 777 3331 699 840 3332 651 839 3333 699 840 3334 652 841 3335 652 841 3336 699 840 3337 700 842 3338 652 841 3339 700 842 3340 653 806 3341 653 806 3342 700 842 3343 701 807 3344 653 806 3345 701 807 3346 654 843 3347 654 843 3348 701 807 3349 702 844 3350 654 843 3351 702 844 3352 655 845 3353 655 845 3354 702 844 3355 703 846 3356 655 845 3357 703 846 3358 656 788 3359 656 788 3360 703 846 3361 704 789 3362 656 788 3363 704 789 3364 657 847 3365 657 847 3366 704 789 3367 705 848 3368 657 847 3369 705 848 3370 658 849 3371 658 849 3372 705 848 3373 706 850 3374 658 849 3375 706 850 3376 659 818 3377 659 818 3378 706 850 3379 707 819 3380 659 818 3381 707 819 3382 660 851 3383 660 851 3384 707 819 3385 708 852 3386 660 851 3387 708 852 3388 661 837 3389 661 837 3390 708 852 3391 709 838 3392 711 853 3393 663 854 3394 710 198 3395 710 198 3396 663 854 3397 662 198 3398 710 198 3399 662 198 3400 721 855 3401 721 855 3402 662 198 3403 673 856 3404 721 855 3405 673 856 3406 672 857 3407 663 854 3408 711 853 3409 664 858 3410 664 858 3411 711 853 3412 712 198 3413 664 858 3414 712 198 3415 665 198 3416 665 198 3417 712 198 3418 713 198 3419 665 198 3420 713 198 3421 714 198 3422 665 198 3423 714 198 3424 666 198 3425 666 198 3426 714 198 3427 715 198 3428 666 198 3429 715 198 3430 667 198 3431 667 198 3432 715 198 3433 716 198 3434 667 198 3435 716 198 3436 668 198 3437 668 198 3438 716 198 3439 669 859 3440 669 859 3441 716 198 3442 717 860 3443 669 859 3444 717 860 3445 670 861 3446 670 861 3447 717 860 3448 718 862 3449 670 861 3450 718 862 3451 671 198 3452 671 198 3453 718 862 3454 719 198 3455 671 198 3456 719 198 3457 720 863 3458 671 198 3459 720 863 3460 672 857 3461 672 857 3462 720 863 3463 721 855 3464 723 864 3465 675 865 3466 722 198 3467 722 198 3468 675 865 3469 674 198 3470 722 198 3471 674 198 3472 733 866 3473 733 866 3474 674 198 3475 685 867 3476 733 866 3477 685 867 3478 684 868 3479 675 865 3480 723 864 3481 676 869 3482 676 869 3483 723 864 3484 724 870 3485 676 869 3486 724 870 3487 677 198 3488 677 198 3489 724 870 3490 725 198 3491 677 198 3492 725 198 3493 726 871 3494 677 198 3495 726 871 3496 678 872 3497 678 872 3498 726 871 3499 727 873 3500 678 872 3501 727 873 3502 679 874 3503 679 874 3504 727 873 3505 728 198 3506 679 874 3507 728 198 3508 680 198 3509 680 198 3510 728 198 3511 681 875 3512 681 875 3513 728 198 3514 729 876 3515 681 875 3516 729 876 3517 682 877 3518 682 877 3519 729 876 3520 730 198 3521 682 877 3522 730 198 3523 683 198 3524 683 198 3525 730 198 3526 731 198 3527 683 198 3528 731 198 3529 732 198 3530 683 198 3531 732 198 3532 684 868 3533 684 868 3534 732 198 3535 733 866 3536 735 878 3537 687 879 3538 734 198 3539 734 198 3540 687 879 3541 686 198 3542 734 198 3543 686 198 3544 745 880 3545 745 880 3546 686 198 3547 697 881 3548 745 880 3549 697 881 3550 696 882 3551 687 879 3552 735 878 3553 688 883 3554 688 883 3555 735 878 3556 736 198 3557 688 883 3558 736 198 3559 689 198 3560 689 198 3561 736 198 3562 737 198 3563 689 198 3564 737 198 3565 738 198 3566 689 198 3567 738 198 3568 690 198 3569 690 198 3570 738 198 3571 739 198 3572 690 198 3573 739 198 3574 691 198 3575 691 198 3576 739 198 3577 740 198 3578 691 198 3579 740 198 3580 692 198 3581 692 198 3582 740 198 3583 693 884 3584 693 884 3585 740 198 3586 741 885 3587 693 884 3588 741 885 3589 694 886 3590 694 886 3591 741 885 3592 742 862 3593 694 886 3594 742 862 3595 695 198 3596 695 198 3597 742 862 3598 743 198 3599 695 198 3600 743 198 3601 744 863 3602 695 198 3603 744 863 3604 696 882 3605 696 882 3606 744 863 3607 745 880 3608 747 887 3609 699 888 3610 746 198 3611 746 198 3612 699 888 3613 698 198 3614 746 198 3615 698 198 3616 757 889 3617 757 889 3618 698 198 3619 709 890 3620 757 889 3621 709 890 3622 708 891 3623 699 888 3624 747 887 3625 700 892 3626 700 892 3627 747 887 3628 748 870 3629 700 892 3630 748 870 3631 701 198 3632 701 198 3633 748 870 3634 749 198 3635 701 198 3636 749 198 3637 750 871 3638 701 198 3639 750 871 3640 702 893 3641 702 893 3642 750 871 3643 751 894 3644 702 893 3645 751 894 3646 703 895 3647 703 895 3648 751 894 3649 752 198 3650 703 895 3651 752 198 3652 704 198 3653 704 198 3654 752 198 3655 705 896 3656 705 896 3657 752 198 3658 753 897 3659 705 896 3660 753 897 3661 706 898 3662 706 898 3663 753 897 3664 754 198 3665 706 898 3666 754 198 3667 707 198 3668 707 198 3669 754 198 3670 755 198 3671 707 198 3672 755 198 3673 756 198 3674 707 198 3675 756 198 3676 708 891 3677 708 891 3678 756 198 3679 757 889 3680 759 899 3681 767 900 3682 758 901 3683 758 901 3684 767 900 3685 768 902 3686 758 901 3687 768 902 3688 789 903 3689 789 903 3690 768 902 3691 769 904 3692 789 903 3693 769 904 3694 788 905 3695 788 905 3696 769 904 3697 770 906 3698 788 905 3699 770 906 3700 787 907 3701 787 907 3702 770 906 3703 771 908 3704 787 907 3705 771 908 3706 783 909 3707 783 909 3708 771 908 3709 782 910 3710 782 910 3711 771 908 3712 772 911 3713 782 910 3714 772 911 3715 781 912 3716 781 912 3717 772 911 3718 773 913 3719 781 912 3720 773 913 3721 780 914 3722 780 914 3723 773 913 3724 774 915 3725 780 914 3726 774 915 3727 779 916 3728 779 916 3729 774 915 3730 775 917 3731 779 916 3732 775 917 3733 778 918 3734 778 918 3735 775 917 3736 776 919 3737 778 918 3738 776 919 3739 777 920 3740 759 899 3741 760 921 3742 767 900 3743 767 900 3744 760 921 3745 761 922 3746 767 900 3747 761 922 3748 763 923 3749 763 923 3750 761 922 3751 762 198 3752 763 923 3753 764 924 3754 767 900 3755 767 900 3756 764 924 3757 765 198 3758 767 900 3759 765 198 3760 766 198 3761 787 907 3762 783 909 3763 786 198 3764 786 198 3765 783 909 3766 784 198 3767 786 198 3768 784 198 3769 785 198 3770 721 925 3771 795 926 3772 710 927 3773 710 927 3774 795 926 3775 796 928 3776 710 927 3777 796 928 3778 711 929 3779 711 929 3780 796 928 3781 797 930 3782 711 929 3783 797 930 3784 712 931 3785 712 931 3786 797 930 3787 798 932 3788 712 931 3789 798 932 3790 713 933 3791 713 933 3792 798 932 3793 799 934 3794 713 933 3795 799 934 3796 714 935 3797 714 935 3798 799 934 3799 800 936 3800 714 935 3801 800 936 3802 715 937 3803 715 937 3804 800 936 3805 801 938 3806 715 937 3807 801 938 3808 716 939 3809 716 939 3810 801 938 3811 790 940 3812 716 939 3813 790 940 3814 717 941 3815 717 941 3816 790 940 3817 791 942 3818 717 941 3819 791 942 3820 718 943 3821 718 943 3822 791 942 3823 792 944 3824 718 943 3825 792 944 3826 719 945 3827 719 945 3828 792 944 3829 793 946 3830 719 945 3831 793 946 3832 720 947 3833 720 947 3834 793 946 3835 794 948 3836 720 947 3837 794 948 3838 721 925 3839 721 925 3840 794 948 3841 795 926 3842 733 949 3843 807 950 3844 722 927 3845 722 927 3846 807 950 3847 808 951 3848 722 927 3849 808 951 3850 723 952 3851 723 952 3852 808 951 3853 809 953 3854 723 952 3855 809 953 3856 724 954 3857 724 954 3858 809 953 3859 810 955 3860 724 954 3861 810 955 3862 725 956 3863 725 956 3864 810 955 3865 811 957 3866 725 956 3867 811 957 3868 726 958 3869 726 958 3870 811 957 3871 812 959 3872 726 958 3873 812 959 3874 727 960 3875 727 960 3876 812 959 3877 813 961 3878 727 960 3879 813 961 3880 728 962 3881 728 962 3882 813 961 3883 802 963 3884 728 962 3885 802 963 3886 729 964 3887 729 964 3888 802 963 3889 803 965 3890 729 964 3891 803 965 3892 730 966 3893 730 966 3894 803 965 3895 804 967 3896 730 966 3897 804 967 3898 731 968 3899 731 968 3900 804 967 3901 805 969 3902 731 968 3903 805 969 3904 732 970 3905 732 970 3906 805 969 3907 806 971 3908 732 970 3909 806 971 3910 733 949 3911 733 949 3912 806 971 3913 807 950 3914 745 925 3915 819 972 3916 734 927 3917 734 927 3918 819 972 3919 820 973 3920 734 927 3921 820 973 3922 735 929 3923 735 929 3924 820 973 3925 821 974 3926 735 929 3927 821 974 3928 736 931 3929 736 931 3930 821 974 3931 822 975 3932 736 931 3933 822 975 3934 737 933 3935 737 933 3936 822 975 3937 823 976 3938 737 933 3939 823 976 3940 738 977 3941 738 977 3942 823 976 3943 824 978 3944 738 977 3945 824 978 3946 739 979 3947 739 979 3948 824 978 3949 825 980 3950 739 979 3951 825 980 3952 740 962 3953 740 962 3954 825 980 3955 814 963 3956 740 962 3957 814 963 3958 741 981 3959 741 981 3960 814 963 3961 815 982 3962 741 981 3963 815 982 3964 742 983 3965 742 983 3966 815 982 3967 816 984 3968 742 983 3969 816 984 3970 743 985 3971 743 985 3972 816 984 3973 817 986 3974 743 985 3975 817 986 3976 744 947 3977 744 947 3978 817 986 3979 818 987 3980 744 947 3981 818 987 3982 745 925 3983 745 925 3984 818 987 3985 819 972 3986 757 949 3987 831 988 3988 746 927 3989 746 927 3990 831 988 3991 832 989 3992 746 927 3993 832 989 3994 747 952 3995 747 952 3996 832 989 3997 833 990 3998 747 952 3999 833 990 4000 748 954 4001 748 954 4002 833 990 4003 834 991 4004 748 954 4005 834 991 4006 749 956 4007 749 956 4008 834 991 4009 835 992 4010 749 956 4011 835 992 4012 750 993 4013 750 993 4014 835 992 4015 836 994 4016 750 993 4017 836 994 4018 751 995 4019 751 995 4020 836 994 4021 837 996 4022 751 995 4023 837 996 4024 752 939 4025 752 939 4026 837 996 4027 826 997 4028 752 939 4029 826 997 4030 753 998 4031 753 998 4032 826 997 4033 827 999 4034 753 998 4035 827 999 4036 754 1000 4037 754 1000 4038 827 999 4039 828 1001 4040 754 1000 4041 828 1001 4042 755 1002 4043 755 1002 4044 828 1001 4045 829 1003 4046 755 1002 4047 829 1003 4048 756 970 4049 756 970 4050 829 1003 4051 830 1004 4052 756 970 4053 830 1004 4054 757 949 4055 757 949 4056 830 1004 4057 831 988 4058 855 1005 4059 838 1006 4060 854 1007 4061 854 1007 4062 838 1006 4063 839 1008 4064 854 1007 4065 839 1008 4066 853 1009 4067 853 1009 4068 839 1008 4069 840 1010 4070 853 1009 4071 840 1010 4072 852 1011 4073 852 1011 4074 840 1010 4075 841 1012 4076 852 1011 4077 841 1012 4078 851 1013 4079 851 1013 4080 841 1012 4081 842 1014 4082 851 1013 4083 842 1014 4084 850 1015 4085 850 1015 4086 842 1014 4087 843 1016 4088 850 1015 4089 843 1016 4090 849 1017 4091 849 1017 4092 843 1016 4093 844 1018 4094 849 1017 4095 844 1018 4096 848 1019 4097 848 1019 4098 844 1018 4099 845 1020 4100 848 1019 4101 845 1020 4102 847 1021 4103 847 1021 4104 845 1020 4105 846 1022 4106 856 1023 4107 838 1006 4108 857 1024 4109 857 1024 4110 838 1006 4111 855 1005 4112 858 1025 4113 859 1026 4114 865 1027 4115 865 1027 4116 859 1026 4117 864 1028 4118 864 1028 4119 859 1026 4120 860 1029 4121 864 1028 4122 860 1029 4123 863 1030 4124 863 1030 4125 860 1029 4126 861 1031 4127 863 1030 4128 861 1031 4129 862 1032 4130 862 1032 4131 861 1031 4132 856 1023 4133 862 1032 4134 856 1023 4135 857 1024 4136 866 1033 4137 867 1034 4138 875 1035 4139 875 1035 4140 867 1034 4141 874 1036 4142 874 1036 4143 867 1034 4144 868 1037 4145 874 1036 4146 868 1037 4147 873 1038 4148 873 1038 4149 868 1037 4150 869 1039 4151 873 1038 4152 869 1039 4153 872 1040 4154 872 1040 4155 869 1039 4156 870 1041 4157 872 1040 4158 870 1041 4159 871 1042 4160 871 1042 4161 870 1041 4162 858 1025 4163 871 1042 4164 858 1025 4165 865 1027 4166 876 1043 4167 877 1044 4168 883 1045 4169 883 1045 4170 877 1044 4171 882 1046 4172 882 1046 4173 877 1044 4174 878 1047 4175 882 1046 4176 878 1047 4177 881 1048 4178 881 1048 4179 878 1047 4180 879 1049 4181 881 1048 4182 879 1049 4183 880 1050 4184 880 1050 4185 879 1049 4186 866 1033 4187 880 1050 4188 866 1033 4189 875 1035 4190 884 1051 4191 876 1043 4192 885 1052 4193 885 1052 4194 876 1043 4195 883 1045 4196 901 1053 4197 886 1054 4198 900 1055 4199 900 1055 4200 886 1054 4201 887 1056 4202 900 1055 4203 887 1056 4204 899 1057 4205 899 1057 4206 887 1056 4207 888 1058 4208 899 1057 4209 888 1058 4210 898 1059 4211 898 1059 4212 888 1058 4213 889 1060 4214 898 1059 4215 889 1060 4216 897 1061 4217 897 1061 4218 889 1060 4219 890 1062 4220 897 1061 4221 890 1062 4222 896 1063 4223 896 1063 4224 890 1062 4225 891 1064 4226 896 1063 4227 891 1064 4228 895 1065 4229 895 1065 4230 891 1064 4231 892 1066 4232 895 1065 4233 892 1066 4234 894 1067 4235 894 1067 4236 892 1066 4237 893 1068 4238 894 1067 4239 893 1068 4240 885 1052 4241 885 1052 4242 893 1068 4243 884 1051 4244 902 1069 4245 886 1054 4246 903 1070 4247 903 1070 4248 886 1054 4249 901 1053 4250 904 1071 4251 905 1072 4252 911 1073 4253 911 1073 4254 905 1072 4255 910 1074 4256 910 1074 4257 905 1072 4258 906 1075 4259 910 1074 4260 906 1075 4261 909 1076 4262 909 1076 4263 906 1075 4264 907 1077 4265 909 1076 4266 907 1077 4267 908 1078 4268 908 1078 4269 907 1077 4270 902 1069 4271 908 1078 4272 902 1069 4273 903 1070 4274 912 1079 4275 913 1080 4276 918 1081 4277 918 1081 4278 913 1080 4279 917 1082 4280 917 1082 4281 913 1080 4282 914 1083 4283 917 1082 4284 914 1083 4285 916 1084 4286 916 1084 4287 914 1083 4288 915 1085 4289 915 1085 4290 914 1083 4291 904 1071 4292 915 1085 4293 904 1071 4294 911 1073 4295 919 1086 4296 920 1087 4297 933 1088 4298 933 1088 4299 920 1087 4300 932 1089 4301 932 1089 4302 920 1087 4303 921 1090 4304 932 1089 4305 921 1090 4306 931 1091 4307 931 1091 4308 921 1090 4309 922 1092 4310 931 1091 4311 922 1092 4312 930 1093 4313 930 1093 4314 922 1092 4315 923 1094 4316 930 1093 4317 923 1094 4318 929 1095 4319 929 1095 4320 923 1094 4321 924 1096 4322 929 1095 4323 924 1096 4324 928 1097 4325 928 1097 4326 924 1096 4327 925 1098 4328 928 1097 4329 925 1098 4330 927 1099 4331 927 1099 4332 925 1098 4333 926 1100 4334 927 1099 4335 926 1100 4336 918 1081 4337 918 1081 4338 926 1100 4339 912 1079 4340 934 1101 4341 935 1102 4342 951 1103 4343 951 1103 4344 935 1102 4345 950 1104 4346 950 1104 4347 935 1102 4348 936 1105 4349 950 1104 4350 936 1105 4351 949 1106 4352 949 1106 4353 936 1105 4354 937 1107 4355 949 1106 4356 937 1107 4357 948 1108 4358 948 1108 4359 937 1107 4360 938 1109 4361 948 1108 4362 938 1109 4363 947 1110 4364 947 1110 4365 938 1109 4366 939 1111 4367 947 1110 4368 939 1111 4369 946 1112 4370 946 1112 4371 939 1111 4372 940 1113 4373 946 1112 4374 940 1113 4375 945 1114 4376 945 1114 4377 940 1113 4378 941 1115 4379 945 1114 4380 941 1115 4381 944 1116 4382 944 1116 4383 941 1115 4384 942 1117 4385 944 1116 4386 942 1117 4387 943 1118 4388 959 1119 4389 952 1120 4390 958 1121 4391 958 1121 4392 952 1120 4393 953 1122 4394 958 1121 4395 953 1122 4396 957 1123 4397 957 1123 4398 953 1122 4399 954 1124 4400 957 1123 4401 954 1124 4402 956 1125 4403 956 1125 4404 954 1124 4405 955 1126 4406 956 1125 4407 955 1126 4408 951 1103 4409 951 1103 4410 955 1126 4411 934 1101 4412 960 1127 4413 961 1128 4414 967 1129 4415 967 1129 4416 961 1128 4417 966 1130 4418 966 1130 4419 961 1128 4420 962 1131 4421 966 1130 4422 962 1131 4423 965 1132 4424 965 1132 4425 962 1131 4426 963 1133 4427 965 1132 4428 963 1133 4429 964 1134 4430 964 1134 4431 963 1133 4432 952 1120 4433 964 1134 4434 952 1120 4435 959 1119 4436 968 1135 4437 960 1127 4438 969 1136 4439 969 1136 4440 960 1127 4441 967 1129 4442 985 1137 4443 970 1138 4444 984 1139 4445 984 1139 4446 970 1138 4447 971 1140 4448 984 1139 4449 971 1140 4450 983 1141 4451 983 1141 4452 971 1140 4453 972 1142 4454 983 1141 4455 972 1142 4456 982 1143 4457 982 1143 4458 972 1142 4459 973 1144 4460 982 1143 4461 973 1144 4462 981 1145 4463 981 1145 4464 973 1144 4465 974 1146 4466 981 1145 4467 974 1146 4468 980 1147 4469 980 1147 4470 974 1146 4471 975 1148 4472 980 1147 4473 975 1148 4474 979 1149 4475 979 1149 4476 975 1148 4477 976 1150 4478 979 1149 4479 976 1150 4480 978 1151 4481 978 1151 4482 976 1150 4483 977 1152 4484 978 1151 4485 977 1152 4486 969 1136 4487 969 1136 4488 977 1152 4489 968 1135 4490 986 1153 4491 970 1138 4492 987 1154 4493 987 1154 4494 970 1138 4495 985 1137 4496 988 1155 4497 989 1156 4498 995 1157 4499 995 1157 4500 989 1156 4501 994 1158 4502 994 1158 4503 989 1156 4504 990 1159 4505 994 1158 4506 990 1159 4507 993 1160 4508 993 1160 4509 990 1159 4510 991 1161 4511 993 1160 4512 991 1161 4513 992 1162 4514 992 1162 4515 991 1161 4516 986 1153 4517 992 1162 4518 986 1153 4519 987 1154 4520 996 1163 4521 997 1164 4522 1006 1165 4523 1006 1165 4524 997 1164 4525 1005 1166 4526 1005 1166 4527 997 1164 4528 998 1167 4529 1005 1166 4530 998 1167 4531 1004 1168 4532 1004 1168 4533 998 1167 4534 999 1169 4535 1004 1168 4536 999 1169 4537 1003 1170 4538 1003 1170 4539 999 1169 4540 1000 1171 4541 1003 1170 4542 1000 1171 4543 1002 1172 4544 1002 1172 4545 1000 1171 4546 1001 1173 4547 1002 1172 4548 1001 1173 4549 995 1157 4550 995 1157 4551 1001 1173 4552 988 1155 4553 1014 1174 4554 1007 1175 4555 1013 1176 4556 1013 1176 4557 1007 1175 4558 1008 1177 4559 1013 1176 4560 1008 1177 4561 1012 1178 4562 1012 1178 4563 1008 1177 4564 1009 1179 4565 1012 1178 4566 1009 1179 4567 1011 1180 4568 1011 1180 4569 1009 1179 4570 1010 1181 4571 1011 1180 4572 1010 1181 4573 1006 1165 4574 1006 1165 4575 1010 1181 4576 996 1163 4577 1015 1182 4578 1007 1175 4579 1016 1183 4580 1016 1183 4581 1007 1175 4582 1014 1174 4583 1032 1184 4584 1017 1185 4585 1031 1186 4586 1031 1186 4587 1017 1185 4588 1018 1187 4589 1031 1186 4590 1018 1187 4591 1030 1188 4592 1030 1188 4593 1018 1187 4594 1019 1189 4595 1030 1188 4596 1019 1189 4597 1029 1190 4598 1029 1190 4599 1019 1189 4600 1020 1191 4601 1029 1190 4602 1020 1191 4603 1028 1192 4604 1028 1192 4605 1020 1191 4606 1021 1193 4607 1028 1192 4608 1021 1193 4609 1027 1194 4610 1027 1194 4611 1021 1193 4612 1022 1195 4613 1027 1194 4614 1022 1195 4615 1026 1196 4616 1026 1196 4617 1022 1195 4618 1023 1197 4619 1026 1196 4620 1023 1197 4621 1025 1198 4622 1025 1198 4623 1023 1197 4624 1024 1199 4625 1025 1198 4626 1024 1199 4627 1016 1183 4628 1016 1183 4629 1024 1199 4630 1015 1182 4631 1033 1200 4632 1017 1185 4633 1034 1201 4634 1034 1201 4635 1017 1185 4636 1032 1184 4637 1035 1202 4638 1036 1203 4639 1042 1204 4640 1042 1204 4641 1036 1203 4642 1041 1205 4643 1041 1205 4644 1036 1203 4645 1037 1206 4646 1041 1205 4647 1037 1206 4648 1040 1207 4649 1040 1207 4650 1037 1206 4651 1038 1208 4652 1040 1207 4653 1038 1208 4654 1039 1209 4655 1039 1209 4656 1038 1208 4657 1033 1200 4658 1039 1209 4659 1033 1200 4660 1034 1201 4661 1049 1210 4662 1043 1211 4663 1048 1212 4664 1048 1212 4665 1043 1211 4666 1044 1213 4667 1048 1212 4668 1044 1213 4669 1047 1214 4670 1047 1214 4671 1044 1213 4672 1045 1215 4673 1047 1214 4674 1045 1215 4675 1046 1216 4676 1046 1216 4677 1045 1215 4678 1035 1202 4679 1046 1216 4680 1035 1202 4681 1042 1204 4682 1050 1217 4683 1051 1218 4684 1065 1219 4685 1065 1219 4686 1051 1218 4687 1064 1220 4688 1064 1220 4689 1051 1218 4690 1052 1221 4691 1064 1220 4692 1052 1221 4693 1063 1222 4694 1063 1222 4695 1052 1221 4696 1062 1223 4697 1062 1223 4698 1052 1221 4699 1053 1224 4700 1062 1223 4701 1053 1224 4702 1061 1225 4703 1061 1225 4704 1053 1224 4705 1054 1226 4706 1061 1225 4707 1054 1226 4708 1060 1227 4709 1060 1227 4710 1054 1226 4711 1055 1228 4712 1060 1227 4713 1055 1228 4714 1056 1229 4715 1057 1230 4716 1058 1231 4717 1056 1229 4718 1056 1229 4719 1058 1231 4720 1059 1232 4721 1056 1229 4722 1059 1232 4723 1060 1227 4724 1057 1230 4725 1043 1211 4726 1058 1231 4727 1058 1231 4728 1043 1211 4729 1049 1210 4730 1066 1233 4731 1050 1217 4732 762 1234 4733 762 1234 4734 1050 1217 4735 1065 1219 4736 762 1234 4737 1065 1219 4738 1067 1235 4739 1067 1235 4740 763 1236 4741 762 1234 4742 1068 1237 4743 1066 1238 4744 761 1239 4745 761 1239 4746 1066 1238 4747 762 1238 4748 758 1240 4749 1069 1241 4750 759 1242 4751 759 1242 4752 1069 1241 4753 1070 1243 4754 759 1242 4755 1070 1243 4756 1071 1244 4757 1068 1237 4758 761 1239 4759 1071 1244 4760 1071 1244 4761 761 1239 4762 760 1245 4763 1071 1244 4764 760 1245 4765 759 1242 4766 1072 1246 4767 1069 1241 4768 789 1247 4769 789 1247 4770 1069 1241 4771 758 1240 4772 786 1248 4773 1073 1249 4774 787 1250 4775 787 1250 4776 1073 1249 4777 1074 1251 4778 787 1250 4779 1074 1251 4780 1075 1252 4781 1072 1246 4782 789 1247 4783 1075 1252 4784 1075 1252 4785 789 1247 4786 788 1253 4787 1075 1252 4788 788 1253 4789 787 1250 4790 773 1254 4791 1076 1255 4792 774 1256 4793 774 1256 4794 1076 1255 4795 1077 1257 4796 774 1256 4797 1077 1257 4798 775 1258 4799 775 1258 4800 1077 1257 4801 1078 1259 4802 775 1258 4803 1078 1259 4804 776 1260 4805 776 1260 4806 1078 1259 4807 1079 1261 4808 776 1260 4809 1079 1261 4810 777 1262 4811 777 1262 4812 1079 1261 4813 1080 1263 4814 777 1262 4815 1080 1263 4816 778 1264 4817 778 1264 4818 1080 1263 4819 1081 1265 4820 778 1264 4821 1081 1265 4822 779 1266 4823 779 1266 4824 1081 1265 4825 1082 1267 4826 779 1266 4827 1082 1267 4828 780 1268 4829 780 1268 4830 1082 1267 4831 1083 1269 4832 780 1268 4833 1083 1269 4834 781 1270 4835 781 1270 4836 1083 1269 4837 1084 1271 4838 781 1270 4839 1084 1271 4840 782 1272 4841 782 1272 4842 1084 1271 4843 1085 1273 4844 782 1272 4845 1085 1273 4846 783 1274 4847 783 1274 4848 1085 1273 4849 1086 1275 4850 783 1274 4851 1086 1275 4852 784 1276 4853 784 1276 4854 1086 1275 4855 1087 1277 4856 784 1276 4857 1087 1277 4858 785 1278 4859 785 1278 4860 1087 1277 4861 1088 1279 4862 785 1278 4863 1088 1279 4864 786 1248 4865 786 1248 4866 1088 1279 4867 1073 1249 4868 770 1280 4869 1089 1281 4870 771 1282 4871 771 1282 4872 1089 1281 4873 1090 1283 4874 771 1282 4875 1090 1283 4876 1091 1284 4877 1076 1255 4878 773 1254 4879 1091 1284 4880 1091 1284 4881 773 1254 4882 772 1285 4883 1091 1284 4884 772 1285 4885 771 1282 4886 767 1286 4887 1092 1287 4888 768 1288 4889 768 1288 4890 1092 1287 4891 1093 1289 4892 768 1288 4893 1093 1289 4894 1094 1290 4895 1089 1281 4896 770 1280 4897 1094 1290 4898 1094 1290 4899 770 1280 4900 769 1291 4901 1094 1290 4902 769 1291 4903 768 1288 4904 1095 1292 4905 1092 1287 4906 766 1292 4907 766 1292 4908 1092 1287 4909 767 1286 4910 1096 1293 4911 1097 1294 4912 1101 1295 4913 1101 1295 4914 1097 1294 4915 1100 1296 4916 1100 1296 4917 1097 1294 4918 1098 1297 4919 1100 1296 4920 1098 1297 4921 1099 1298 4922 1099 1298 4923 1098 1297 4924 1095 1299 4925 1099 1298 4926 1095 1299 4927 766 1300 4928 766 1300 4929 765 1301 4930 1099 1298 4931 1099 1298 4932 765 1301 4933 1067 1235 4934 1067 1235 4935 765 1301 4936 764 1302 4937 1067 1235 4938 764 1302 4939 763 1236 4940 1102 1303 4941 1096 1293 4942 1103 1304 4943 1103 1304 4944 1096 1293 4945 1101 1295 4946 1119 1305 4947 1104 1306 4948 1118 1307 4949 1118 1307 4950 1104 1306 4951 1105 1308 4952 1118 1307 4953 1105 1308 4954 1117 1309 4955 1117 1309 4956 1105 1308 4957 1106 1310 4958 1117 1309 4959 1106 1310 4960 1116 1311 4961 1116 1311 4962 1106 1310 4963 1107 1312 4964 1116 1311 4965 1107 1312 4966 1115 1313 4967 1115 1313 4968 1107 1312 4969 1108 1314 4970 1115 1313 4971 1108 1314 4972 1114 1315 4973 1114 1315 4974 1108 1314 4975 1109 1316 4976 1114 1315 4977 1109 1316 4978 1113 1317 4979 1113 1317 4980 1109 1316 4981 1110 1318 4982 1113 1317 4983 1110 1318 4984 1112 1319 4985 1112 1319 4986 1110 1318 4987 1111 1320 4988 1112 1319 4989 1111 1320 4990 1103 1304 4991 1103 1304 4992 1111 1320 4993 1102 1303 4994 1127 1321 4995 1120 1322 4996 1126 1323 4997 1126 1323 4998 1120 1322 4999 1121 1324 5000 1126 1323 5001 1121 1324 5002 1125 1325 5003 1125 1325 5004 1121 1324 5005 1122 1326 5006 1125 1325 5007 1122 1326 5008 1124 1327 5009 1124 1327 5010 1122 1326 5011 1123 1328 5012 1124 1327 5013 1123 1328 5014 1119 1305 5015 1119 1305 5016 1123 1328 5017 1104 1306 5018 1128 1329 5019 1129 1330 5020 1135 1331 5021 1135 1331 5022 1129 1330 5023 1134 1332 5024 1134 1332 5025 1129 1330 5026 1130 1333 5027 1134 1332 5028 1130 1333 5029 1133 1334 5030 1133 1334 5031 1130 1333 5032 1131 1335 5033 1133 1334 5034 1131 1335 5035 1132 1336 5036 1132 1336 5037 1131 1335 5038 1120 1322 5039 1132 1336 5040 1120 1322 5041 1127 1321 5042 846 1022 5043 1128 1329 5044 847 1021 5045 847 1021 5046 1128 1329 5047 1135 1331 5048 801 938 5049 1153 1337 5050 790 940 5051 790 940 5052 1153 1337 5053 1151 1338 5054 790 940 5055 1151 1338 5056 1185 1339 5057 1185 1339 5058 1151 1338 5059 1152 1340 5060 1185 1339 5061 1152 1340 5062 1186 1341 5063 1186 1341 5064 1152 1340 5065 1136 1342 5066 1186 1341 5067 1136 1342 5068 1137 1343 5069 1153 1337 5070 801 938 5071 1155 1344 5072 1155 1344 5073 801 938 5074 800 936 5075 1155 1344 5076 800 936 5077 1160 1345 5078 1160 1345 5079 800 936 5080 1157 1346 5081 1160 1345 5082 1157 1346 5083 1158 1347 5084 1158 1347 5085 1157 1346 5086 1162 1348 5087 1158 1347 5088 1162 1348 5089 1147 1349 5090 1147 1349 5091 1162 1348 5092 1146 1350 5093 1146 1350 5094 1162 1348 5095 1165 1351 5096 1146 1350 5097 1165 1351 5098 1164 1352 5099 1164 1352 5100 1165 1351 5101 1166 1353 5102 1164 1352 5103 1166 1353 5104 1163 1354 5105 1163 1354 5106 1166 1353 5107 798 932 5108 1163 1354 5109 798 932 5110 797 930 5111 800 936 5112 799 934 5113 1157 1346 5114 1157 1346 5115 799 934 5116 1161 1355 5117 1157 1346 5118 1161 1355 5119 1162 1348 5120 1162 1348 5121 1161 1355 5122 1165 1351 5123 799 934 5124 798 932 5125 1161 1355 5126 1161 1355 5127 798 932 5128 1166 1353 5129 1161 1355 5130 1166 1353 5131 1165 1351 5132 1163 1354 5133 797 930 5134 1167 1356 5135 1167 1356 5136 797 930 5137 796 928 5138 1167 1356 5139 796 928 5140 1172 1357 5141 1172 1357 5142 796 928 5143 1169 1358 5144 1172 1357 5145 1169 1358 5146 1170 1359 5147 1170 1359 5148 1169 1358 5149 1174 1360 5150 1170 1359 5151 1174 1360 5152 1142 1361 5153 1142 1361 5154 1174 1360 5155 1141 1362 5156 1141 1362 5157 1174 1360 5158 1177 1363 5159 1141 1362 5160 1177 1363 5161 1176 1364 5162 1176 1364 5163 1177 1363 5164 1178 1365 5165 1176 1364 5166 1178 1365 5167 1175 1366 5168 1175 1366 5169 1178 1365 5170 794 948 5171 1175 1366 5172 794 948 5173 793 946 5174 796 928 5175 795 926 5176 1169 1358 5177 1169 1358 5178 795 926 5179 1173 1367 5180 1169 1358 5181 1173 1367 5182 1174 1360 5183 1174 1360 5184 1173 1367 5185 1177 1363 5186 795 926 5187 794 948 5188 1173 1367 5189 1173 1367 5190 794 948 5191 1178 1365 5192 1173 1367 5193 1178 1365 5194 1177 1363 5195 1175 1366 5196 793 946 5197 1179 1368 5198 1179 1368 5199 793 946 5200 792 944 5201 1179 1368 5202 792 944 5203 1184 1369 5204 1184 1369 5205 792 944 5206 1181 1370 5207 1184 1369 5208 1181 1370 5209 1182 1371 5210 1182 1371 5211 1181 1370 5212 1186 1341 5213 1182 1371 5214 1186 1341 5215 1137 1343 5216 792 944 5217 791 942 5218 1181 1370 5219 1181 1370 5220 791 942 5221 1185 1339 5222 1181 1370 5223 1185 1339 5224 1186 1341 5225 791 942 5226 790 940 5227 1185 1339 5228 1137 1343 5229 1138 1372 5230 1182 1371 5231 1182 1371 5232 1138 1372 5233 1183 1373 5234 1182 1371 5235 1183 1373 5236 1184 1369 5237 1184 1369 5238 1183 1373 5239 1179 1368 5240 1138 1372 5241 1139 1374 5242 1183 1373 5243 1183 1373 5244 1139 1374 5245 1180 1375 5246 1183 1373 5247 1180 1375 5248 1179 1368 5249 1179 1368 5250 1180 1375 5251 1175 1366 5252 1139 1374 5253 1140 1376 5254 1180 1375 5255 1180 1375 5256 1140 1376 5257 1176 1364 5258 1180 1375 5259 1176 1364 5260 1175 1366 5261 1140 1376 5262 1141 1362 5263 1176 1364 5264 1142 1361 5265 1143 1377 5266 1170 1359 5267 1170 1359 5268 1143 1377 5269 1171 1378 5270 1170 1359 5271 1171 1378 5272 1172 1357 5273 1172 1357 5274 1171 1378 5275 1167 1356 5276 1143 1377 5277 1144 1379 5278 1171 1378 5279 1171 1378 5280 1144 1379 5281 1168 1380 5282 1171 1378 5283 1168 1380 5284 1167 1356 5285 1167 1356 5286 1168 1380 5287 1163 1354 5288 1144 1379 5289 1145 1381 5290 1168 1380 5291 1168 1380 5292 1145 1381 5293 1164 1352 5294 1168 1380 5295 1164 1352 5296 1163 1354 5297 1145 1381 5298 1146 1350 5299 1164 1352 5300 1147 1349 5301 1148 1382 5302 1158 1347 5303 1158 1347 5304 1148 1382 5305 1159 1383 5306 1158 1347 5307 1159 1383 5308 1160 1345 5309 1160 1345 5310 1159 1383 5311 1155 1344 5312 1148 1382 5313 1149 1384 5314 1159 1383 5315 1159 1383 5316 1149 1384 5317 1156 1385 5318 1159 1383 5319 1156 1385 5320 1155 1344 5321 1155 1344 5322 1156 1385 5323 1153 1337 5324 1149 1384 5325 1150 1386 5326 1156 1385 5327 1156 1385 5328 1150 1386 5329 1154 1387 5330 1156 1385 5331 1154 1387 5332 1153 1337 5333 1153 1337 5334 1154 1387 5335 1151 1338 5336 1150 1386 5337 1136 1342 5338 1154 1387 5339 1154 1387 5340 1136 1342 5341 1152 1340 5342 1154 1387 5343 1152 1340 5344 1151 1338 5345 813 961 5346 1204 1388 5347 802 963 5348 802 963 5349 1204 1388 5350 1202 1389 5351 802 963 5352 1202 1389 5353 1236 1390 5354 1236 1390 5355 1202 1389 5356 1203 1391 5357 1236 1390 5358 1203 1391 5359 1237 1392 5360 1237 1392 5361 1203 1391 5362 1187 1393 5363 1237 1392 5364 1187 1393 5365 1188 1394 5366 1204 1388 5367 813 961 5368 1206 1395 5369 1206 1395 5370 813 961 5371 812 959 5372 1206 1395 5373 812 959 5374 1211 1396 5375 1211 1396 5376 812 959 5377 1208 1397 5378 1211 1396 5379 1208 1397 5380 1209 1398 5381 1209 1398 5382 1208 1397 5383 1213 1399 5384 1209 1398 5385 1213 1399 5386 1198 1400 5387 1198 1400 5388 1213 1399 5389 1197 1401 5390 1197 1401 5391 1213 1399 5392 1216 1402 5393 1197 1401 5394 1216 1402 5395 1215 1403 5396 1215 1403 5397 1216 1402 5398 1217 1404 5399 1215 1403 5400 1217 1404 5401 1214 1405 5402 1214 1405 5403 1217 1404 5404 810 955 5405 1214 1405 5406 810 955 5407 809 953 5408 812 959 5409 811 957 5410 1208 1397 5411 1208 1397 5412 811 957 5413 1212 1406 5414 1208 1397 5415 1212 1406 5416 1213 1399 5417 1213 1399 5418 1212 1406 5419 1216 1402 5420 811 957 5421 810 955 5422 1212 1406 5423 1212 1406 5424 810 955 5425 1217 1404 5426 1212 1406 5427 1217 1404 5428 1216 1402 5429 1214 1405 5430 809 953 5431 1218 1407 5432 1218 1407 5433 809 953 5434 808 951 5435 1218 1407 5436 808 951 5437 1223 1408 5438 1223 1408 5439 808 951 5440 1220 1409 5441 1223 1408 5442 1220 1409 5443 1221 1410 5444 1221 1410 5445 1220 1409 5446 1225 1411 5447 1221 1410 5448 1225 1411 5449 1193 1412 5450 1193 1412 5451 1225 1411 5452 1192 1413 5453 1192 1413 5454 1225 1411 5455 1228 1414 5456 1192 1413 5457 1228 1414 5458 1227 1415 5459 1227 1415 5460 1228 1414 5461 1229 1416 5462 1227 1415 5463 1229 1416 5464 1226 1417 5465 1226 1417 5466 1229 1416 5467 806 971 5468 1226 1417 5469 806 971 5470 805 969 5471 808 951 5472 807 950 5473 1220 1409 5474 1220 1409 5475 807 950 5476 1224 1418 5477 1220 1409 5478 1224 1418 5479 1225 1411 5480 1225 1411 5481 1224 1418 5482 1228 1414 5483 807 950 5484 806 971 5485 1224 1418 5486 1224 1418 5487 806 971 5488 1229 1416 5489 1224 1418 5490 1229 1416 5491 1228 1414 5492 1226 1417 5493 805 969 5494 1230 1419 5495 1230 1419 5496 805 969 5497 804 967 5498 1230 1419 5499 804 967 5500 1235 1420 5501 1235 1420 5502 804 967 5503 1232 1421 5504 1235 1420 5505 1232 1421 5506 1233 1422 5507 1233 1422 5508 1232 1421 5509 1237 1392 5510 1233 1422 5511 1237 1392 5512 1188 1394 5513 804 967 5514 803 965 5515 1232 1421 5516 1232 1421 5517 803 965 5518 1236 1390 5519 1232 1421 5520 1236 1390 5521 1237 1392 5522 803 965 5523 802 963 5524 1236 1390 5525 1188 1394 5526 1189 1423 5527 1233 1422 5528 1233 1422 5529 1189 1423 5530 1234 1424 5531 1233 1422 5532 1234 1424 5533 1235 1420 5534 1235 1420 5535 1234 1424 5536 1230 1419 5537 1189 1423 5538 1190 1425 5539 1234 1424 5540 1234 1424 5541 1190 1425 5542 1231 1426 5543 1234 1424 5544 1231 1426 5545 1230 1419 5546 1230 1419 5547 1231 1426 5548 1226 1417 5549 1190 1425 5550 1191 1427 5551 1231 1426 5552 1231 1426 5553 1191 1427 5554 1227 1415 5555 1231 1426 5556 1227 1415 5557 1226 1417 5558 1191 1427 5559 1192 1413 5560 1227 1415 5561 1193 1412 5562 1194 1428 5563 1221 1410 5564 1221 1410 5565 1194 1428 5566 1222 1429 5567 1221 1410 5568 1222 1429 5569 1223 1408 5570 1223 1408 5571 1222 1429 5572 1218 1407 5573 1194 1428 5574 1195 1430 5575 1222 1429 5576 1222 1429 5577 1195 1430 5578 1219 1431 5579 1222 1429 5580 1219 1431 5581 1218 1407 5582 1218 1407 5583 1219 1431 5584 1214 1405 5585 1195 1430 5586 1196 1432 5587 1219 1431 5588 1219 1431 5589 1196 1432 5590 1215 1403 5591 1219 1431 5592 1215 1403 5593 1214 1405 5594 1196 1432 5595 1197 1401 5596 1215 1403 5597 1198 1400 5598 1199 1433 5599 1209 1398 5600 1209 1398 5601 1199 1433 5602 1210 1434 5603 1209 1398 5604 1210 1434 5605 1211 1396 5606 1211 1396 5607 1210 1434 5608 1206 1395 5609 1199 1433 5610 1200 1435 5611 1210 1434 5612 1210 1434 5613 1200 1435 5614 1207 1436 5615 1210 1434 5616 1207 1436 5617 1206 1395 5618 1206 1395 5619 1207 1436 5620 1204 1388 5621 1200 1435 5622 1201 1437 5623 1207 1436 5624 1207 1436 5625 1201 1437 5626 1205 1438 5627 1207 1436 5628 1205 1438 5629 1204 1388 5630 1204 1388 5631 1205 1438 5632 1202 1389 5633 1201 1437 5634 1187 1393 5635 1205 1438 5636 1205 1438 5637 1187 1393 5638 1203 1391 5639 1205 1438 5640 1203 1391 5641 1202 1389 5642 825 980 5643 1255 1439 5644 814 963 5645 814 963 5646 1255 1439 5647 1253 1440 5648 814 963 5649 1253 1440 5650 1287 1441 5651 1287 1441 5652 1253 1440 5653 1254 1442 5654 1287 1441 5655 1254 1442 5656 1288 1443 5657 1288 1443 5658 1254 1442 5659 1238 1444 5660 1288 1443 5661 1238 1444 5662 1239 1445 5663 1255 1439 5664 825 980 5665 1257 1446 5666 1257 1446 5667 825 980 5668 824 978 5669 1257 1446 5670 824 978 5671 1262 1447 5672 1262 1447 5673 824 978 5674 1259 1448 5675 1262 1447 5676 1259 1448 5677 1260 1449 5678 1260 1449 5679 1259 1448 5680 1264 1450 5681 1260 1449 5682 1264 1450 5683 1249 1451 5684 1249 1451 5685 1264 1450 5686 1248 1452 5687 1248 1452 5688 1264 1450 5689 1267 1453 5690 1248 1452 5691 1267 1453 5692 1266 1454 5693 1266 1454 5694 1267 1453 5695 1268 1455 5696 1266 1454 5697 1268 1455 5698 1265 1405 5699 1265 1405 5700 1268 1455 5701 822 975 5702 1265 1405 5703 822 975 5704 821 974 5705 824 978 5706 823 976 5707 1259 1448 5708 1259 1448 5709 823 976 5710 1263 1456 5711 1259 1448 5712 1263 1456 5713 1264 1450 5714 1264 1450 5715 1263 1456 5716 1267 1453 5717 823 976 5718 822 975 5719 1263 1456 5720 1263 1456 5721 822 975 5722 1268 1455 5723 1263 1456 5724 1268 1455 5725 1267 1453 5726 1265 1405 5727 821 974 5728 1269 1457 5729 1269 1457 5730 821 974 5731 820 973 5732 1269 1457 5733 820 973 5734 1274 1458 5735 1274 1458 5736 820 973 5737 1271 1459 5738 1274 1458 5739 1271 1459 5740 1272 1460 5741 1272 1460 5742 1271 1459 5743 1276 1461 5744 1272 1460 5745 1276 1461 5746 1244 1462 5747 1244 1462 5748 1276 1461 5749 1243 1463 5750 1243 1463 5751 1276 1461 5752 1279 1464 5753 1243 1463 5754 1279 1464 5755 1278 1465 5756 1278 1465 5757 1279 1464 5758 1280 1466 5759 1278 1465 5760 1280 1466 5761 1277 1467 5762 1277 1467 5763 1280 1466 5764 818 987 5765 1277 1467 5766 818 987 5767 817 986 5768 820 973 5769 819 972 5770 1271 1459 5771 1271 1459 5772 819 972 5773 1275 1468 5774 1271 1459 5775 1275 1468 5776 1276 1461 5777 1276 1461 5778 1275 1468 5779 1279 1464 5780 819 972 5781 818 987 5782 1275 1468 5783 1275 1468 5784 818 987 5785 1280 1466 5786 1275 1468 5787 1280 1466 5788 1279 1464 5789 1277 1467 5790 817 986 5791 1281 1469 5792 1281 1469 5793 817 986 5794 816 984 5795 1281 1469 5796 816 984 5797 1286 1470 5798 1286 1470 5799 816 984 5800 1283 1471 5801 1286 1470 5802 1283 1471 5803 1284 1472 5804 1284 1472 5805 1283 1471 5806 1288 1443 5807 1284 1472 5808 1288 1443 5809 1239 1445 5810 816 984 5811 815 982 5812 1283 1471 5813 1283 1471 5814 815 982 5815 1287 1441 5816 1283 1471 5817 1287 1441 5818 1288 1443 5819 815 982 5820 814 963 5821 1287 1441 5822 1239 1445 5823 1240 1473 5824 1284 1472 5825 1284 1472 5826 1240 1473 5827 1285 1474 5828 1284 1472 5829 1285 1474 5830 1286 1470 5831 1286 1470 5832 1285 1474 5833 1281 1469 5834 1240 1473 5835 1241 1475 5836 1285 1474 5837 1285 1474 5838 1241 1475 5839 1282 1476 5840 1285 1474 5841 1282 1476 5842 1281 1469 5843 1281 1469 5844 1282 1476 5845 1277 1467 5846 1241 1475 5847 1242 1477 5848 1282 1476 5849 1282 1476 5850 1242 1477 5851 1278 1465 5852 1282 1476 5853 1278 1465 5854 1277 1467 5855 1242 1477 5856 1243 1463 5857 1278 1465 5858 1244 1462 5859 1245 1478 5860 1272 1460 5861 1272 1460 5862 1245 1478 5863 1273 1479 5864 1272 1460 5865 1273 1479 5866 1274 1458 5867 1274 1458 5868 1273 1479 5869 1269 1457 5870 1245 1478 5871 1246 1480 5872 1273 1479 5873 1273 1479 5874 1246 1480 5875 1270 1481 5876 1273 1479 5877 1270 1481 5878 1269 1457 5879 1269 1457 5880 1270 1481 5881 1265 1405 5882 1246 1480 5883 1247 1482 5884 1270 1481 5885 1270 1481 5886 1247 1482 5887 1266 1454 5888 1270 1481 5889 1266 1454 5890 1265 1405 5891 1247 1482 5892 1248 1452 5893 1266 1454 5894 1249 1451 5895 1250 1483 5896 1260 1449 5897 1260 1449 5898 1250 1483 5899 1261 1484 5900 1260 1449 5901 1261 1484 5902 1262 1447 5903 1262 1447 5904 1261 1484 5905 1257 1446 5906 1250 1483 5907 1251 1485 5908 1261 1484 5909 1261 1484 5910 1251 1485 5911 1258 1486 5912 1261 1484 5913 1258 1486 5914 1257 1446 5915 1257 1446 5916 1258 1486 5917 1255 1439 5918 1251 1485 5919 1252 1487 5920 1258 1486 5921 1258 1486 5922 1252 1487 5923 1256 1488 5924 1258 1486 5925 1256 1488 5926 1255 1439 5927 1255 1439 5928 1256 1488 5929 1253 1440 5930 1252 1487 5931 1238 1444 5932 1256 1488 5933 1256 1488 5934 1238 1444 5935 1254 1442 5936 1256 1488 5937 1254 1442 5938 1253 1440 5939 837 996 5940 1306 1337 5941 826 997 5942 826 997 5943 1306 1337 5944 1304 1489 5945 826 997 5946 1304 1489 5947 1338 1490 5948 1338 1490 5949 1304 1489 5950 1305 1491 5951 1338 1490 5952 1305 1491 5953 1339 1492 5954 1339 1492 5955 1305 1491 5956 1289 1493 5957 1339 1492 5958 1289 1493 5959 1290 1494 5960 1306 1337 5961 837 996 5962 1308 1495 5963 1308 1495 5964 837 996 5965 836 994 5966 1308 1495 5967 836 994 5968 1313 1496 5969 1313 1496 5970 836 994 5971 1310 1497 5972 1313 1496 5973 1310 1497 5974 1311 1498 5975 1311 1498 5976 1310 1497 5977 1315 1499 5978 1311 1498 5979 1315 1499 5980 1300 1500 5981 1300 1500 5982 1315 1499 5983 1299 1501 5984 1299 1501 5985 1315 1499 5986 1318 1502 5987 1299 1501 5988 1318 1502 5989 1317 1503 5990 1317 1503 5991 1318 1502 5992 1319 1504 5993 1317 1503 5994 1319 1504 5995 1316 1505 5996 1316 1505 5997 1319 1504 5998 834 991 5999 1316 1505 6000 834 991 6001 833 990 6002 836 994 6003 835 992 6004 1310 1497 6005 1310 1497 6006 835 992 6007 1314 1506 6008 1310 1497 6009 1314 1506 6010 1315 1499 6011 1315 1499 6012 1314 1506 6013 1318 1502 6014 835 992 6015 834 991 6016 1314 1506 6017 1314 1506 6018 834 991 6019 1319 1504 6020 1314 1506 6021 1319 1504 6022 1318 1502 6023 1316 1505 6024 833 990 6025 1320 1507 6026 1320 1507 6027 833 990 6028 832 989 6029 1320 1507 6030 832 989 6031 1325 1508 6032 1325 1508 6033 832 989 6034 1322 1509 6035 1325 1508 6036 1322 1509 6037 1323 1510 6038 1323 1510 6039 1322 1509 6040 1327 1511 6041 1323 1510 6042 1327 1511 6043 1295 1512 6044 1295 1512 6045 1327 1511 6046 1294 1513 6047 1294 1513 6048 1327 1511 6049 1330 1514 6050 1294 1513 6051 1330 1514 6052 1329 1515 6053 1329 1515 6054 1330 1514 6055 1331 1516 6056 1329 1515 6057 1331 1516 6058 1328 1517 6059 1328 1517 6060 1331 1516 6061 830 1004 6062 1328 1517 6063 830 1004 6064 829 1003 6065 832 989 6066 831 988 6067 1322 1509 6068 1322 1509 6069 831 988 6070 1326 1518 6071 1322 1509 6072 1326 1518 6073 1327 1511 6074 1327 1511 6075 1326 1518 6076 1330 1514 6077 831 988 6078 830 1004 6079 1326 1518 6080 1326 1518 6081 830 1004 6082 1331 1516 6083 1326 1518 6084 1331 1516 6085 1330 1514 6086 1328 1517 6087 829 1003 6088 1332 1519 6089 1332 1519 6090 829 1003 6091 828 1001 6092 1332 1519 6093 828 1001 6094 1337 1520 6095 1337 1520 6096 828 1001 6097 1334 1521 6098 1337 1520 6099 1334 1521 6100 1335 1522 6101 1335 1522 6102 1334 1521 6103 1339 1492 6104 1335 1522 6105 1339 1492 6106 1290 1494 6107 828 1001 6108 827 999 6109 1334 1521 6110 1334 1521 6111 827 999 6112 1338 1490 6113 1334 1521 6114 1338 1490 6115 1339 1492 6116 827 999 6117 826 997 6118 1338 1490 6119 1290 1494 6120 1291 1523 6121 1335 1522 6122 1335 1522 6123 1291 1523 6124 1336 1524 6125 1335 1522 6126 1336 1524 6127 1337 1520 6128 1337 1520 6129 1336 1524 6130 1332 1519 6131 1291 1523 6132 1292 1525 6133 1336 1524 6134 1336 1524 6135 1292 1525 6136 1333 1526 6137 1336 1524 6138 1333 1526 6139 1332 1519 6140 1332 1519 6141 1333 1526 6142 1328 1517 6143 1292 1525 6144 1293 1527 6145 1333 1526 6146 1333 1526 6147 1293 1527 6148 1329 1515 6149 1333 1526 6150 1329 1515 6151 1328 1517 6152 1293 1527 6153 1294 1513 6154 1329 1515 6155 1295 1512 6156 1296 1528 6157 1323 1510 6158 1323 1510 6159 1296 1528 6160 1324 1529 6161 1323 1510 6162 1324 1529 6163 1325 1508 6164 1325 1508 6165 1324 1529 6166 1320 1507 6167 1296 1528 6168 1297 1530 6169 1324 1529 6170 1324 1529 6171 1297 1530 6172 1321 1531 6173 1324 1529 6174 1321 1531 6175 1320 1507 6176 1320 1507 6177 1321 1531 6178 1316 1505 6179 1297 1530 6180 1298 1532 6181 1321 1531 6182 1321 1531 6183 1298 1532 6184 1317 1503 6185 1321 1531 6186 1317 1503 6187 1316 1505 6188 1298 1532 6189 1299 1501 6190 1317 1503 6191 1300 1500 6192 1301 1533 6193 1311 1498 6194 1311 1498 6195 1301 1533 6196 1312 1534 6197 1311 1498 6198 1312 1534 6199 1313 1496 6200 1313 1496 6201 1312 1534 6202 1308 1495 6203 1301 1533 6204 1302 1535 6205 1312 1534 6206 1312 1534 6207 1302 1535 6208 1309 1536 6209 1312 1534 6210 1309 1536 6211 1308 1495 6212 1308 1495 6213 1309 1536 6214 1306 1337 6215 1302 1535 6216 1303 1537 6217 1309 1536 6218 1309 1536 6219 1303 1537 6220 1307 1538 6221 1309 1536 6222 1307 1538 6223 1306 1337 6224 1306 1337 6225 1307 1538 6226 1304 1489 6227 1303 1537 6228 1289 1493 6229 1307 1538 6230 1307 1538 6231 1289 1493 6232 1305 1491 6233 1307 1538 6234 1305 1491 6235 1304 1489 6236 1340 1539 6237 1341 1540 6238 1352 1541 6239 1352 1541 6240 1341 1540 6241 1358 1542 6242 1352 1541 6243 1358 1542 6244 1351 1543 6245 1351 1543 6246 1358 1542 6247 1363 1544 6248 1351 1543 6249 1363 1544 6250 1350 1545 6251 1350 1545 6252 1363 1544 6253 1368 1546 6254 1350 1545 6255 1368 1546 6256 1349 1547 6257 1349 1547 6258 1368 1546 6259 1348 1548 6260 1348 1548 6261 1368 1546 6262 1373 1549 6263 1348 1548 6264 1373 1549 6265 1347 1550 6266 1347 1550 6267 1373 1549 6268 1353 1551 6269 1347 1550 6270 1353 1551 6271 1346 1552 6272 1346 1552 6273 1353 1551 6274 1382 1553 6275 1346 1552 6276 1382 1553 6277 1345 1554 6278 1345 1554 6279 1382 1553 6280 1344 1555 6281 1344 1555 6282 1382 1553 6283 1381 1556 6284 1344 1555 6285 1381 1556 6286 1380 1557 6287 1380 1557 6288 1381 1556 6289 1376 1558 6290 1380 1557 6291 1376 1558 6292 1375 1559 6293 1375 1559 6294 1376 1558 6295 1370 1560 6296 1375 1559 6297 1370 1560 6298 1369 1561 6299 1369 1561 6300 1370 1560 6301 1364 1562 6302 1369 1561 6303 1364 1562 6304 929 1095 6305 929 1095 6306 1364 1562 6307 930 1093 6308 930 1093 6309 1364 1562 6310 1359 1563 6311 930 1093 6312 1359 1563 6313 931 1091 6314 931 1091 6315 1359 1563 6316 1354 1564 6317 931 1091 6318 1354 1564 6319 932 1089 6320 932 1089 6321 1354 1564 6322 933 1088 6323 933 1088 6324 1354 1564 6325 1342 1565 6326 1342 1565 6327 1354 1564 6328 1355 1566 6329 1342 1565 6330 1355 1566 6331 1356 1567 6332 1356 1567 6333 1355 1566 6334 1361 1568 6335 1356 1567 6336 1361 1568 6337 1362 1569 6338 1362 1569 6339 1361 1568 6340 1366 1570 6341 1362 1569 6342 1366 1570 6343 1367 1571 6344 1367 1571 6345 1366 1570 6346 1372 1572 6347 1367 1571 6348 1372 1572 6349 1373 1549 6350 1373 1549 6351 1372 1572 6352 1353 1551 6353 1342 1565 6354 1356 1567 6355 1341 1540 6356 1341 1540 6357 1356 1567 6358 1357 1573 6359 1341 1540 6360 1357 1573 6361 1358 1542 6362 1358 1542 6363 1357 1573 6364 1363 1544 6365 929 1095 6366 928 1097 6367 1369 1561 6368 1369 1561 6369 928 1097 6370 1374 1574 6371 1369 1561 6372 1374 1574 6373 1375 1559 6374 1375 1559 6375 1374 1574 6376 1379 1575 6377 1375 1559 6378 1379 1575 6379 1380 1557 6380 1380 1557 6381 1379 1575 6382 1343 1576 6383 1380 1557 6384 1343 1576 6385 1344 1555 6386 928 1097 6387 927 1099 6388 1374 1574 6389 1374 1574 6390 927 1099 6391 1378 1577 6392 1374 1574 6393 1378 1577 6394 1379 1575 6395 1379 1575 6396 1378 1577 6397 1343 1576 6398 927 1099 6399 918 1081 6400 1378 1577 6401 1378 1577 6402 918 1081 6403 1343 1576 6404 1355 1566 6405 1354 1564 6406 1360 1578 6407 1360 1578 6408 1354 1564 6409 1359 1563 6410 1360 1578 6411 1359 1563 6412 1364 1562 6413 1363 1544 6414 1357 1573 6415 1362 1569 6416 1362 1569 6417 1357 1573 6418 1356 1567 6419 1355 1566 6420 1360 1578 6421 1361 1568 6422 1361 1568 6423 1360 1578 6424 1365 1579 6425 1361 1568 6426 1365 1579 6427 1366 1570 6428 1366 1570 6429 1365 1579 6430 1371 1580 6431 1366 1570 6432 1371 1580 6433 1372 1572 6434 1372 1572 6435 1371 1580 6436 1377 1581 6437 1372 1572 6438 1377 1581 6439 1353 1551 6440 1353 1551 6441 1377 1581 6442 1382 1553 6443 1365 1579 6444 1360 1578 6445 1364 1562 6446 1368 1546 6447 1363 1544 6448 1367 1571 6449 1367 1571 6450 1363 1544 6451 1362 1569 6452 1371 1580 6453 1365 1579 6454 1370 1560 6455 1370 1560 6456 1365 1579 6457 1364 1562 6458 1373 1549 6459 1368 1546 6460 1367 1571 6461 1377 1581 6462 1371 1580 6463 1376 1558 6464 1376 1558 6465 1371 1580 6466 1370 1560 6467 1382 1553 6468 1377 1581 6469 1381 1556 6470 1381 1556 6471 1377 1581 6472 1376 1558 6473 915 1085 6474 911 1073 6475 1393 1582 6476 1393 1582 6477 911 1073 6478 1383 1583 6479 1393 1582 6480 1383 1583 6481 1392 1584 6482 1392 1584 6483 1383 1583 6484 1391 1585 6485 1392 1584 6486 1391 1585 6487 1397 1586 6488 1397 1586 6489 1391 1585 6490 1396 1587 6491 1397 1586 6492 1396 1587 6493 1343 1576 6494 1343 1576 6495 1396 1587 6496 1344 1555 6497 1344 1555 6498 1396 1587 6499 1395 1588 6500 1344 1555 6501 1395 1588 6502 1394 1589 6503 1394 1589 6504 1395 1588 6505 1389 1590 6506 1394 1589 6507 1389 1590 6508 1387 1591 6509 1387 1591 6510 1389 1590 6511 1386 1592 6512 1386 1592 6513 1389 1590 6514 1385 1593 6515 1385 1593 6516 1389 1590 6517 1384 1594 6518 1384 1594 6519 1389 1590 6520 1390 1595 6521 1384 1594 6522 1390 1595 6523 1391 1585 6524 1391 1585 6525 1390 1595 6526 1396 1587 6527 1383 1583 6528 1384 1594 6529 1391 1585 6530 1387 1591 6531 1388 1596 6532 1394 1589 6533 1394 1589 6534 1388 1596 6535 1345 1554 6536 1394 1589 6537 1345 1554 6538 1344 1555 6539 1397 1586 6540 1343 1576 6541 1398 1597 6542 1398 1597 6543 1343 1576 6544 918 1081 6545 1398 1597 6546 918 1081 6547 917 1082 6548 917 1082 6549 916 1084 6550 1398 1597 6551 1398 1597 6552 916 1084 6553 1393 1582 6554 1398 1597 6555 1393 1582 6556 1392 1584 6557 916 1084 6558 915 1085 6559 1393 1582 6560 1396 1587 6561 1390 1595 6562 1395 1588 6563 1395 1588 6564 1390 1595 6565 1389 1590 6566 1398 1597 6567 1392 1584 6568 1397 1586 6569 1404 1598 6570 1385 1593 6571 1409 1599 6572 1409 1599 6573 1385 1593 6574 1384 1594 6575 1409 1599 6576 1384 1594 6577 1408 1600 6578 1408 1600 6579 1384 1594 6580 1407 1601 6581 1408 1600 6582 1407 1601 6583 1413 1602 6584 1413 1602 6585 1407 1601 6586 1412 1603 6587 1413 1602 6588 1412 1603 6589 1418 1604 6590 1418 1604 6591 1412 1603 6592 1417 1605 6593 1418 1604 6594 1417 1605 6595 1423 1606 6596 1423 1606 6597 1417 1605 6598 1422 1607 6599 1423 1606 6600 1422 1607 6601 1400 1608 6602 1400 1608 6603 1422 1607 6604 1399 1609 6605 1399 1609 6606 1422 1607 6607 1421 1610 6608 1399 1609 6609 1421 1610 6610 1420 1611 6611 1420 1611 6612 1421 1610 6613 1415 1612 6614 1420 1611 6615 1415 1612 6616 908 1078 6617 908 1078 6618 1415 1612 6619 909 1076 6620 909 1076 6621 1415 1612 6622 1410 1613 6623 909 1076 6624 1410 1613 6625 910 1074 6626 910 1074 6627 1410 1613 6628 1405 1614 6629 910 1074 6630 1405 1614 6631 911 1073 6632 911 1073 6633 1405 1614 6634 1383 1583 6635 1383 1583 6636 1405 1614 6637 1406 1615 6638 1383 1583 6639 1406 1615 6640 1407 1601 6641 1407 1601 6642 1406 1615 6643 1412 1603 6644 1384 1594 6645 1383 1583 6646 1407 1601 6647 908 1078 6648 903 1070 6649 1420 1611 6650 1420 1611 6651 903 1070 6652 1399 1609 6653 1423 1606 6654 1400 1608 6655 1424 1616 6656 1424 1616 6657 1400 1608 6658 1401 1617 6659 1424 1616 6660 1401 1617 6661 1402 1618 6662 1424 1616 6663 1402 1618 6664 1419 1619 6665 1419 1619 6666 1402 1618 6667 1403 1620 6668 1419 1619 6669 1403 1620 6670 1414 1621 6671 1414 1621 6672 1403 1620 6673 1404 1598 6674 1414 1621 6675 1404 1598 6676 1409 1599 6677 1406 1615 6678 1405 1614 6679 1411 1622 6680 1411 1622 6681 1405 1614 6682 1410 1613 6683 1411 1622 6684 1410 1613 6685 1416 1623 6686 1416 1623 6687 1410 1613 6688 1415 1612 6689 1416 1623 6690 1415 1612 6691 1421 1610 6692 1414 1621 6693 1409 1599 6694 1408 1600 6695 1414 1621 6696 1408 1600 6697 1413 1602 6698 1417 1605 6699 1412 1603 6700 1411 1622 6701 1411 1622 6702 1412 1603 6703 1406 1615 6704 1417 1605 6705 1411 1622 6706 1416 1623 6707 1419 1619 6708 1414 1621 6709 1413 1602 6710 1419 1619 6711 1413 1602 6712 1418 1604 6713 1422 1607 6714 1417 1605 6715 1416 1623 6716 1422 1607 6717 1416 1623 6718 1421 1610 6719 1424 1616 6720 1419 1619 6721 1418 1604 6722 1424 1616 6723 1418 1604 6724 1423 1606 6725 1427 1624 6726 1401 1617 6727 1426 1625 6728 1426 1625 6729 1401 1617 6730 1400 1608 6731 1426 1625 6732 1400 1608 6733 1425 1626 6734 1425 1626 6735 1400 1608 6736 1399 1609 6737 1425 1626 6738 1399 1609 6739 901 1053 6740 901 1053 6741 1399 1609 6742 903 1070 6743 1427 1624 6744 1426 1625 6745 1438 1627 6746 1438 1627 6747 1426 1625 6748 1440 1628 6749 1438 1627 6750 1440 1628 6751 1437 1629 6752 1437 1629 6753 1440 1628 6754 1442 1630 6755 1437 1629 6756 1442 1630 6757 1436 1631 6758 1436 1631 6759 1442 1630 6760 1444 1632 6761 1436 1631 6762 1444 1632 6763 1435 1633 6764 1435 1633 6765 1444 1632 6766 1446 1634 6767 1435 1633 6768 1446 1634 6769 1434 1635 6770 1434 1635 6771 1446 1634 6772 1448 1636 6773 1434 1635 6774 1448 1636 6775 1433 1637 6776 1433 1637 6777 1448 1636 6778 1450 1638 6779 1433 1637 6780 1450 1638 6781 1432 1639 6782 1432 1639 6783 1450 1638 6784 1452 1640 6785 1432 1639 6786 1452 1640 6787 1431 1641 6788 1431 1641 6789 1452 1640 6790 1454 1642 6791 1431 1641 6792 1454 1642 6793 1430 1643 6794 1430 1643 6795 1454 1642 6796 1429 1644 6797 1429 1644 6798 1454 1642 6799 1453 1645 6800 1429 1644 6801 1453 1645 6802 1428 1646 6803 1428 1646 6804 1453 1645 6805 885 1052 6806 885 1052 6807 1453 1645 6808 894 1067 6809 894 1067 6810 1453 1645 6811 1451 1647 6812 894 1067 6813 1451 1647 6814 895 1065 6815 895 1065 6816 1451 1647 6817 1449 1648 6818 895 1065 6819 1449 1648 6820 896 1063 6821 896 1063 6822 1449 1648 6823 1447 1649 6824 896 1063 6825 1447 1649 6826 897 1061 6827 897 1061 6828 1447 1649 6829 1445 1650 6830 897 1061 6831 1445 1650 6832 898 1059 6833 898 1059 6834 1445 1650 6835 1443 1651 6836 898 1059 6837 1443 1651 6838 899 1057 6839 899 1057 6840 1443 1651 6841 1441 1652 6842 899 1057 6843 1441 1652 6844 900 1055 6845 900 1055 6846 1441 1652 6847 1439 1653 6848 900 1055 6849 1439 1653 6850 901 1053 6851 901 1053 6852 1439 1653 6853 1425 1626 6854 1425 1626 6855 1439 1653 6856 1440 1628 6857 1425 1626 6858 1440 1628 6859 1426 1625 6860 1442 1630 6861 1440 1628 6862 1439 1653 6863 1444 1632 6864 1442 1630 6865 1441 1652 6866 1441 1652 6867 1442 1630 6868 1439 1653 6869 1446 1634 6870 1444 1632 6871 1443 1651 6872 1443 1651 6873 1444 1632 6874 1441 1652 6875 1448 1636 6876 1446 1634 6877 1445 1650 6878 1445 1650 6879 1446 1634 6880 1443 1651 6881 1450 1638 6882 1448 1636 6883 1447 1649 6884 1447 1649 6885 1448 1636 6886 1445 1650 6887 1452 1640 6888 1450 1638 6889 1449 1648 6890 1449 1648 6891 1450 1638 6892 1447 1649 6893 1454 1642 6894 1452 1640 6895 1451 1647 6896 1451 1647 6897 1452 1640 6898 1449 1648 6899 1453 1645 6900 1454 1642 6901 1451 1647 6902 1457 1654 6903 1430 1643 6904 1456 1655 6905 1456 1655 6906 1430 1643 6907 1429 1644 6908 1456 1655 6909 1429 1644 6910 1455 1656 6911 1455 1656 6912 1429 1644 6913 1428 1646 6914 1455 1656 6915 1428 1646 6916 883 1045 6917 883 1045 6918 1428 1646 6919 885 1052 6920 1463 1657 6921 1457 1654 6922 1470 1658 6923 1470 1658 6924 1457 1654 6925 1456 1655 6926 1470 1658 6927 1456 1655 6928 1469 1659 6929 1469 1659 6930 1456 1655 6931 1468 1660 6932 1469 1659 6933 1468 1660 6934 1474 1661 6935 1474 1661 6936 1468 1660 6937 1473 1662 6938 1474 1661 6939 1473 1662 6940 1479 1663 6941 1479 1663 6942 1473 1662 6943 1478 1664 6944 1479 1663 6945 1478 1664 6946 1486 1665 6947 1486 1665 6948 1478 1664 6949 1487 1666 6950 1486 1665 6951 1487 1666 6952 1484 1667 6953 1484 1667 6954 1487 1666 6955 1483 1668 6956 1484 1667 6957 1483 1668 6958 1459 1669 6959 1459 1669 6960 1483 1668 6961 1458 1670 6962 1458 1670 6963 1483 1668 6964 1482 1671 6965 1458 1670 6966 1482 1671 6967 1481 1672 6968 1481 1672 6969 1482 1671 6970 1464 1673 6971 1481 1672 6972 1464 1673 6973 880 1050 6974 880 1050 6975 1464 1673 6976 881 1048 6977 881 1048 6978 1464 1673 6979 1476 1674 6980 881 1048 6981 1476 1674 6982 1471 1675 6983 1471 1675 6984 1476 1674 6985 1477 1676 6986 1471 1675 6987 1477 1676 6988 1472 1677 6989 1472 1677 6990 1477 1676 6991 1478 1664 6992 1472 1677 6993 1478 1664 6994 1473 1662 6995 1456 1655 6996 1455 1656 6997 1468 1660 6998 1468 1660 6999 1455 1656 7000 1467 1678 7001 1468 1660 7002 1467 1678 7003 1473 1662 7004 1473 1662 7005 1467 1678 7006 1472 1677 7007 1467 1678 7008 1455 1656 7009 1466 1679 7010 1466 1679 7011 1455 1656 7012 883 1045 7013 1466 1679 7014 883 1045 7015 882 1046 7016 1466 1679 7017 882 1046 7018 1471 1675 7019 1471 1675 7020 882 1046 7021 881 1048 7022 880 1050 7023 875 1035 7024 1481 1672 7025 1481 1672 7026 875 1035 7027 1458 1670 7028 1484 1667 7029 1459 1669 7030 1485 1680 7031 1485 1680 7032 1459 1669 7033 1460 1681 7034 1485 1680 7035 1460 1681 7036 1461 1682 7037 1485 1680 7038 1461 1682 7039 1465 1683 7040 1465 1683 7041 1461 1682 7042 1462 1684 7043 1465 1683 7044 1462 1684 7045 1480 1685 7046 1480 1685 7047 1462 1684 7048 1475 1686 7049 1480 1685 7050 1475 1686 7051 1474 1661 7052 1474 1661 7053 1475 1686 7054 1469 1659 7055 1462 1684 7056 1463 1657 7057 1475 1686 7058 1475 1686 7059 1463 1657 7060 1470 1658 7061 1475 1686 7062 1470 1658 7063 1469 1659 7064 1472 1677 7065 1467 1678 7066 1466 1679 7067 1471 1675 7068 1472 1677 7069 1466 1679 7070 1480 1685 7071 1474 1661 7072 1479 1663 7073 1487 1666 7074 1478 1664 7075 1477 1676 7076 1477 1676 7077 1476 1674 7078 1488 1687 7079 1488 1687 7080 1476 1674 7081 1464 1673 7082 1488 1687 7083 1464 1673 7084 1482 1671 7085 1465 1683 7086 1480 1685 7087 1479 1663 7088 1465 1683 7089 1479 1663 7090 1486 1665 7091 1482 1671 7092 1483 1668 7093 1488 1687 7094 1488 1687 7095 1483 1668 7096 1487 1666 7097 1488 1687 7098 1487 1666 7099 1477 1676 7100 1465 1683 7101 1486 1665 7102 1485 1680 7103 1485 1680 7104 1486 1665 7105 1484 1667 7106 871 1042 7107 865 1027 7108 1504 1688 7109 1504 1688 7110 865 1027 7111 1489 1689 7112 1504 1688 7113 1489 1689 7114 1503 1690 7115 1503 1690 7116 1489 1689 7117 1502 1691 7118 1503 1690 7119 1502 1691 7120 1506 1692 7121 1506 1692 7122 1502 1691 7123 1505 1693 7124 1506 1692 7125 1505 1693 7126 1515 1694 7127 1515 1694 7128 1505 1693 7129 1516 1695 7130 1515 1694 7131 1516 1695 7132 1511 1696 7133 1511 1696 7134 1516 1695 7135 1510 1697 7136 1511 1696 7137 1510 1697 7138 1524 1698 7139 1524 1698 7140 1510 1697 7141 1525 1699 7142 1524 1698 7143 1525 1699 7144 1518 1700 7145 1518 1700 7146 1525 1699 7147 1497 1701 7148 1518 1700 7149 1497 1701 7150 1535 1702 7151 1535 1702 7152 1497 1701 7153 1495 1703 7154 1535 1702 7155 1495 1703 7156 1496 1704 7157 1496 1704 7158 1495 1703 7159 1460 1681 7160 1496 1704 7161 1460 1681 7162 1459 1669 7163 1489 1689 7164 1490 1705 7165 1502 1691 7166 1502 1691 7167 1490 1705 7168 1501 1706 7169 1502 1691 7170 1501 1706 7171 1505 1693 7172 1505 1693 7173 1501 1706 7174 1498 1707 7175 1505 1693 7176 1498 1707 7177 1516 1695 7178 1516 1695 7179 1498 1707 7180 1517 1708 7181 1516 1695 7182 1517 1708 7183 1510 1697 7184 1510 1697 7185 1517 1708 7186 1509 1709 7187 1510 1697 7188 1509 1709 7189 1525 1699 7190 1525 1699 7191 1509 1709 7192 1526 1710 7193 1525 1699 7194 1526 1710 7195 1497 1701 7196 1497 1701 7197 1526 1710 7198 1494 1711 7199 1497 1701 7200 1494 1711 7201 1495 1703 7202 1501 1706 7203 1490 1705 7204 1500 1712 7205 1500 1712 7206 1490 1705 7207 1491 1713 7208 1500 1712 7209 1491 1713 7210 1492 1714 7211 1500 1712 7212 1492 1714 7213 1498 1707 7214 1498 1707 7215 1492 1714 7216 1493 1715 7217 1498 1707 7218 1493 1715 7219 1517 1708 7220 1517 1708 7221 1493 1715 7222 1509 1709 7223 1493 1715 7224 1494 1711 7225 1509 1709 7226 1509 1709 7227 1494 1711 7228 1526 1710 7229 1458 1670 7230 1528 1716 7231 1459 1669 7232 1459 1669 7233 1528 1716 7234 1527 1717 7235 1459 1669 7236 1527 1717 7237 1496 1704 7238 1496 1704 7239 1527 1717 7240 1534 1718 7241 1496 1704 7242 1534 1718 7243 1535 1702 7244 1535 1702 7245 1534 1718 7246 1518 1700 7247 875 1035 7248 1530 1719 7249 1458 1670 7250 1458 1670 7251 1530 1719 7252 1529 1720 7253 1458 1670 7254 1529 1720 7255 1528 1716 7256 1528 1716 7257 1529 1720 7258 1532 1721 7259 1528 1716 7260 1532 1721 7261 1533 1722 7262 1533 1722 7263 1532 1721 7264 1520 1723 7265 1533 1722 7266 1520 1723 7267 1519 1724 7268 1519 1724 7269 1520 1723 7270 1523 1725 7271 1519 1724 7272 1523 1725 7273 1524 1698 7274 1524 1698 7275 1523 1725 7276 1511 1696 7277 875 1035 7278 874 1036 7279 1530 1719 7280 1530 1719 7281 874 1036 7282 1531 1726 7283 1530 1719 7284 1531 1726 7285 1529 1720 7286 1529 1720 7287 1531 1726 7288 1532 1721 7289 1531 1726 7290 874 1036 7291 1521 1727 7292 1521 1727 7293 874 1036 7294 873 1038 7295 1521 1727 7296 873 1038 7297 1522 1728 7298 1522 1728 7299 873 1038 7300 872 1040 7301 1522 1728 7302 872 1040 7303 1513 1729 7304 1513 1729 7305 872 1040 7306 1499 1730 7307 1513 1729 7308 1499 1730 7309 1514 1731 7310 1514 1731 7311 1499 1730 7312 1507 1732 7313 1514 1731 7314 1507 1732 7315 1506 1692 7316 1506 1692 7317 1507 1732 7318 1503 1690 7319 872 1040 7320 871 1042 7321 1499 1730 7322 1499 1730 7323 871 1042 7324 1508 1733 7325 1499 1730 7326 1508 1733 7327 1507 1732 7328 1507 1732 7329 1508 1733 7330 1504 1688 7331 1507 1732 7332 1504 1688 7333 1503 1690 7334 1508 1733 7335 871 1042 7336 1504 1688 7337 1498 1707 7338 1501 1706 7339 1500 1712 7340 1514 1731 7341 1506 1692 7342 1515 1694 7343 1514 1731 7344 1515 1694 7345 1512 1734 7346 1512 1734 7347 1515 1694 7348 1511 1696 7349 1512 1734 7350 1511 1696 7351 1523 1725 7352 1522 1728 7353 1513 1729 7354 1512 1734 7355 1512 1734 7356 1513 1729 7357 1514 1731 7358 1522 1728 7359 1512 1734 7360 1523 1725 7361 1524 1698 7362 1518 1700 7363 1519 1724 7364 1519 1724 7365 1518 1700 7366 1534 1718 7367 1519 1724 7368 1534 1718 7369 1533 1722 7370 1533 1722 7371 1534 1718 7372 1527 1717 7373 1533 1722 7374 1527 1717 7375 1528 1716 7376 1522 1728 7377 1523 1725 7378 1520 1723 7379 1522 1728 7380 1520 1723 7381 1521 1727 7382 1521 1727 7383 1520 1723 7384 1532 1721 7385 1521 1727 7386 1532 1721 7387 1531 1726 7388 1541 1735 7389 1491 1713 7390 1548 1736 7391 1548 1736 7392 1491 1713 7393 1490 1705 7394 1548 1736 7395 1490 1705 7396 1547 1737 7397 1547 1737 7398 1490 1705 7399 1546 1738 7400 1547 1737 7401 1546 1738 7402 1552 1739 7403 1552 1739 7404 1546 1738 7405 1551 1740 7406 1552 1739 7407 1551 1740 7408 1557 1741 7409 1557 1741 7410 1551 1740 7411 1556 1742 7412 1557 1741 7413 1556 1742 7414 1564 1743 7415 1564 1743 7416 1556 1742 7417 1565 1744 7418 1564 1743 7419 1565 1744 7420 1562 1745 7421 1562 1745 7422 1565 1744 7423 1561 1746 7424 1562 1745 7425 1561 1746 7426 1537 1747 7427 1537 1747 7428 1561 1746 7429 1536 1748 7430 1536 1748 7431 1561 1746 7432 1560 1749 7433 1536 1748 7434 1560 1749 7435 1559 1750 7436 1559 1750 7437 1560 1749 7438 1542 1751 7439 1559 1750 7440 1542 1751 7441 862 1032 7442 862 1032 7443 1542 1751 7444 863 1030 7445 863 1030 7446 1542 1751 7447 1554 1752 7448 863 1030 7449 1554 1752 7450 1549 1753 7451 1549 1753 7452 1554 1752 7453 1555 1754 7454 1549 1753 7455 1555 1754 7456 1550 1755 7457 1550 1755 7458 1555 1754 7459 1556 1742 7460 1550 1755 7461 1556 1742 7462 1551 1740 7463 1490 1705 7464 1489 1689 7465 1546 1738 7466 1546 1738 7467 1489 1689 7468 1545 1756 7469 1546 1738 7470 1545 1756 7471 1551 1740 7472 1551 1740 7473 1545 1756 7474 1550 1755 7475 1545 1756 7476 1489 1689 7477 1544 1757 7478 1544 1757 7479 1489 1689 7480 865 1027 7481 1544 1757 7482 865 1027 7483 864 1028 7484 1544 1757 7485 864 1028 7486 1549 1753 7487 1549 1753 7488 864 1028 7489 863 1030 7490 862 1032 7491 857 1024 7492 1559 1750 7493 1559 1750 7494 857 1024 7495 1536 1748 7496 1562 1745 7497 1537 1747 7498 1563 1758 7499 1563 1758 7500 1537 1747 7501 1538 1759 7502 1563 1758 7503 1538 1759 7504 1539 1760 7505 1563 1758 7506 1539 1760 7507 1543 1761 7508 1543 1761 7509 1539 1760 7510 1540 1762 7511 1543 1761 7512 1540 1762 7513 1558 1763 7514 1558 1763 7515 1540 1762 7516 1553 1764 7517 1558 1763 7518 1553 1764 7519 1552 1739 7520 1552 1739 7521 1553 1764 7522 1547 1737 7523 1540 1762 7524 1541 1735 7525 1553 1764 7526 1553 1764 7527 1541 1735 7528 1548 1736 7529 1553 1764 7530 1548 1736 7531 1547 1737 7532 1550 1755 7533 1545 1756 7534 1544 1757 7535 1549 1753 7536 1550 1755 7537 1544 1757 7538 1558 1763 7539 1552 1739 7540 1557 1741 7541 1565 1744 7542 1556 1742 7543 1555 1754 7544 1555 1754 7545 1554 1752 7546 1566 1765 7547 1566 1765 7548 1554 1752 7549 1542 1751 7550 1566 1765 7551 1542 1751 7552 1560 1749 7553 1543 1761 7554 1558 1763 7555 1557 1741 7556 1543 1761 7557 1557 1741 7558 1564 1743 7559 1560 1749 7560 1561 1746 7561 1566 1765 7562 1566 1765 7563 1561 1746 7564 1565 1744 7565 1566 1765 7566 1565 1744 7567 1555 1754 7568 1543 1761 7569 1564 1743 7570 1563 1758 7571 1563 1758 7572 1564 1743 7573 1562 1745 7574 1569 1766 7575 1538 1759 7576 1568 1767 7577 1568 1767 7578 1538 1759 7579 1537 1747 7580 1568 1767 7581 1537 1747 7582 1567 1768 7583 1567 1768 7584 1537 1747 7585 1536 1748 7586 1567 1768 7587 1536 1748 7588 855 1005 7589 855 1005 7590 1536 1748 7591 857 1024 7592 1569 1766 7593 1568 1767 7594 1580 1769 7595 1580 1769 7596 1568 1767 7597 1582 1770 7598 1580 1769 7599 1582 1770 7600 1579 1771 7601 1579 1771 7602 1582 1770 7603 1584 1772 7604 1579 1771 7605 1584 1772 7606 1578 1773 7607 1578 1773 7608 1584 1772 7609 1586 1774 7610 1578 1773 7611 1586 1774 7612 1577 1775 7613 1577 1775 7614 1586 1774 7615 1588 1776 7616 1577 1775 7617 1588 1776 7618 1576 1777 7619 1576 1777 7620 1588 1776 7621 1590 1778 7622 1576 1777 7623 1590 1778 7624 1575 1779 7625 1575 1779 7626 1590 1778 7627 1592 1780 7628 1575 1779 7629 1592 1780 7630 1574 1781 7631 1574 1781 7632 1592 1780 7633 1594 1782 7634 1574 1781 7635 1594 1782 7636 1573 1783 7637 1573 1783 7638 1594 1782 7639 1596 1784 7640 1573 1783 7641 1596 1784 7642 1572 1785 7643 1572 1785 7644 1596 1784 7645 1571 1786 7646 1571 1786 7647 1596 1784 7648 1595 1787 7649 1571 1786 7650 1595 1787 7651 1570 1788 7652 1570 1788 7653 1595 1787 7654 847 1021 7655 847 1021 7656 1595 1787 7657 848 1019 7658 848 1019 7659 1595 1787 7660 1593 1789 7661 848 1019 7662 1593 1789 7663 849 1017 7664 849 1017 7665 1593 1789 7666 1591 1790 7667 849 1017 7668 1591 1790 7669 850 1015 7670 850 1015 7671 1591 1790 7672 1589 1791 7673 850 1015 7674 1589 1791 7675 851 1013 7676 851 1013 7677 1589 1791 7678 1587 1792 7679 851 1013 7680 1587 1792 7681 852 1011 7682 852 1011 7683 1587 1792 7684 1585 1793 7685 852 1011 7686 1585 1793 7687 853 1009 7688 853 1009 7689 1585 1793 7690 1583 1794 7691 853 1009 7692 1583 1794 7693 854 1007 7694 854 1007 7695 1583 1794 7696 1581 1795 7697 854 1007 7698 1581 1795 7699 855 1005 7700 855 1005 7701 1581 1795 7702 1567 1768 7703 1567 1768 7704 1581 1795 7705 1582 1770 7706 1567 1768 7707 1582 1770 7708 1568 1767 7709 1584 1772 7710 1582 1770 7711 1581 1795 7712 1586 1774 7713 1584 1772 7714 1583 1794 7715 1583 1794 7716 1584 1772 7717 1581 1795 7718 1588 1776 7719 1586 1774 7720 1585 1793 7721 1585 1793 7722 1586 1774 7723 1583 1794 7724 1590 1778 7725 1588 1776 7726 1587 1792 7727 1587 1792 7728 1588 1776 7729 1585 1793 7730 1592 1780 7731 1590 1778 7732 1589 1791 7733 1589 1791 7734 1590 1778 7735 1587 1792 7736 1594 1782 7737 1592 1780 7738 1591 1790 7739 1591 1790 7740 1592 1780 7741 1589 1791 7742 1596 1784 7743 1594 1782 7744 1593 1789 7745 1593 1789 7746 1594 1782 7747 1591 1790 7748 1595 1787 7749 1596 1784 7750 1593 1789 7751 1599 1796 7752 1572 1785 7753 1598 1797 7754 1598 1797 7755 1572 1785 7756 1571 1786 7757 1598 1797 7758 1571 1786 7759 1597 1798 7760 1597 1798 7761 1571 1786 7762 1570 1788 7763 1597 1798 7764 1570 1788 7765 1135 1331 7766 1135 1331 7767 1570 1788 7768 847 1021 7769 1605 1799 7770 1599 1796 7771 1612 1800 7772 1612 1800 7773 1599 1796 7774 1598 1797 7775 1612 1800 7776 1598 1797 7777 1611 1801 7778 1611 1801 7779 1598 1797 7780 1610 1802 7781 1611 1801 7782 1610 1802 7783 1616 1803 7784 1616 1803 7785 1610 1802 7786 1615 1804 7787 1616 1803 7788 1615 1804 7789 1621 1805 7790 1621 1805 7791 1615 1804 7792 1620 1806 7793 1621 1805 7794 1620 1806 7795 1628 1807 7796 1628 1807 7797 1620 1806 7798 1629 1808 7799 1628 1807 7800 1629 1808 7801 1626 1809 7802 1626 1809 7803 1629 1808 7804 1625 1810 7805 1626 1809 7806 1625 1810 7807 1601 1811 7808 1601 1811 7809 1625 1810 7810 1600 1812 7811 1600 1812 7812 1625 1810 7813 1624 1813 7814 1600 1812 7815 1624 1813 7816 1623 1814 7817 1623 1814 7818 1624 1813 7819 1606 1815 7820 1623 1814 7821 1606 1815 7822 1132 1336 7823 1132 1336 7824 1606 1815 7825 1133 1334 7826 1133 1334 7827 1606 1815 7828 1618 1816 7829 1133 1334 7830 1618 1816 7831 1613 1817 7832 1613 1817 7833 1618 1816 7834 1619 1818 7835 1613 1817 7836 1619 1818 7837 1614 1819 7838 1614 1819 7839 1619 1818 7840 1620 1806 7841 1614 1819 7842 1620 1806 7843 1615 1804 7844 1598 1797 7845 1597 1798 7846 1610 1802 7847 1610 1802 7848 1597 1798 7849 1609 1820 7850 1610 1802 7851 1609 1820 7852 1615 1804 7853 1615 1804 7854 1609 1820 7855 1614 1819 7856 1609 1820 7857 1597 1798 7858 1608 1821 7859 1608 1821 7860 1597 1798 7861 1135 1331 7862 1608 1821 7863 1135 1331 7864 1134 1332 7865 1608 1821 7866 1134 1332 7867 1613 1817 7868 1613 1817 7869 1134 1332 7870 1133 1334 7871 1132 1336 7872 1127 1321 7873 1623 1814 7874 1623 1814 7875 1127 1321 7876 1600 1812 7877 1626 1809 7878 1601 1811 7879 1627 1822 7880 1627 1822 7881 1601 1811 7882 1602 1823 7883 1627 1822 7884 1602 1823 7885 1603 1824 7886 1627 1822 7887 1603 1824 7888 1607 1825 7889 1607 1825 7890 1603 1824 7891 1604 1826 7892 1607 1825 7893 1604 1826 7894 1622 1827 7895 1622 1827 7896 1604 1826 7897 1617 1828 7898 1622 1827 7899 1617 1828 7900 1616 1803 7901 1616 1803 7902 1617 1828 7903 1611 1801 7904 1604 1826 7905 1605 1799 7906 1617 1828 7907 1617 1828 7908 1605 1799 7909 1612 1800 7910 1617 1828 7911 1612 1800 7912 1611 1801 7913 1614 1819 7914 1609 1820 7915 1608 1821 7916 1613 1817 7917 1614 1819 7918 1608 1821 7919 1622 1827 7920 1616 1803 7921 1621 1805 7922 1629 1808 7923 1620 1806 7924 1619 1818 7925 1619 1818 7926 1618 1816 7927 1630 1829 7928 1630 1829 7929 1618 1816 7930 1606 1815 7931 1630 1829 7932 1606 1815 7933 1624 1813 7934 1607 1825 7935 1622 1827 7936 1621 1805 7937 1607 1825 7938 1621 1805 7939 1628 1807 7940 1624 1813 7941 1625 1810 7942 1630 1829 7943 1630 1829 7944 1625 1810 7945 1629 1808 7946 1630 1829 7947 1629 1808 7948 1619 1818 7949 1607 1825 7950 1628 1807 7951 1627 1822 7952 1627 1822 7953 1628 1807 7954 1626 1809 7955 1124 1327 7956 1119 1305 7957 1643 1830 7958 1643 1830 7959 1119 1305 7960 1631 1831 7961 1643 1830 7962 1631 1831 7963 1642 1832 7964 1642 1832 7965 1631 1831 7966 1641 1833 7967 1642 1832 7968 1641 1833 7969 1650 1834 7970 1650 1834 7971 1641 1833 7972 1651 1835 7973 1650 1834 7974 1651 1835 7975 1646 1836 7976 1646 1836 7977 1651 1835 7978 1645 1837 7979 1646 1836 7980 1645 1837 7981 1655 1838 7982 1655 1838 7983 1645 1837 7984 1656 1839 7985 1655 1838 7986 1656 1839 7987 1601 1811 7988 1601 1811 7989 1656 1839 7990 1637 1840 7991 1601 1811 7992 1637 1840 7993 1602 1823 7994 1602 1823 7995 1637 1840 7996 1636 1841 7997 1636 1841 7998 1637 1840 7999 1644 1842 8000 1636 1841 8001 1644 1842 8002 1653 1843 8003 1653 1843 8004 1644 1842 8005 1652 1844 8006 1653 1843 8007 1652 1844 8008 1639 1845 8009 1639 1845 8010 1652 1844 8011 1640 1846 8012 1639 1845 8013 1640 1846 8014 1632 1847 8015 1632 1847 8016 1640 1846 8017 1641 1833 8018 1632 1847 8019 1641 1833 8020 1631 1831 8021 1632 1847 8022 1633 1848 8023 1639 1845 8024 1639 1845 8025 1633 1848 8026 1634 1849 8027 1639 1845 8028 1634 1849 8029 1635 1850 8030 1639 1845 8031 1635 1850 8032 1653 1843 8033 1653 1843 8034 1635 1850 8035 1636 1841 8036 1601 1811 8037 1600 1812 8038 1655 1838 8039 1655 1838 8040 1600 1812 8041 1654 1851 8042 1655 1838 8043 1654 1851 8044 1646 1836 8045 1646 1836 8046 1654 1851 8047 1647 1852 8048 1646 1836 8049 1647 1852 8050 1650 1834 8051 1650 1834 8052 1647 1852 8053 1649 1853 8054 1650 1834 8055 1649 1853 8056 1642 1832 8057 1642 1832 8058 1649 1853 8059 1643 1830 8060 1654 1851 8061 1600 1812 8062 1638 1854 8063 1638 1854 8064 1600 1812 8065 1127 1321 8066 1638 1854 8067 1127 1321 8068 1126 1323 8069 1638 1854 8070 1126 1323 8071 1648 1855 8072 1648 1855 8073 1126 1323 8074 1125 1325 8075 1648 1855 8076 1125 1325 8077 1649 1853 8078 1649 1853 8079 1125 1325 8080 1643 1830 8081 1125 1325 8082 1124 1327 8083 1643 1830 8084 1651 1835 8085 1641 1833 8086 1640 1846 8087 1651 1835 8088 1640 1846 8089 1652 1844 8090 1651 1835 8091 1652 1844 8092 1645 1837 8093 1645 1837 8094 1652 1844 8095 1644 1842 8096 1645 1837 8097 1644 1842 8098 1656 1839 8099 1656 1839 8100 1644 1842 8101 1637 1840 8102 1638 1854 8103 1648 1855 8104 1647 1852 8105 1647 1852 8106 1648 1855 8107 1649 1853 8108 1638 1854 8109 1647 1852 8110 1654 1851 8111 1666 1856 8112 1633 1848 8113 1673 1857 8114 1673 1857 8115 1633 1848 8116 1632 1847 8117 1673 1857 8118 1632 1847 8119 1672 1858 8120 1672 1858 8121 1632 1847 8122 1671 1859 8123 1672 1858 8124 1671 1859 8125 1677 1860 8126 1677 1860 8127 1671 1859 8128 1676 1861 8129 1677 1860 8130 1676 1861 8131 1682 1862 8132 1682 1862 8133 1676 1861 8134 1681 1863 8135 1682 1862 8136 1681 1863 8137 1687 1864 8138 1687 1864 8139 1681 1863 8140 1686 1865 8141 1687 1864 8142 1686 1865 8143 1692 1866 8144 1692 1866 8145 1686 1865 8146 1691 1867 8147 1692 1866 8148 1691 1867 8149 1694 1868 8150 1694 1868 8151 1691 1867 8152 1695 1869 8153 1694 1868 8154 1695 1869 8155 1658 1870 8156 1658 1870 8157 1695 1869 8158 1657 1871 8159 1657 1871 8160 1695 1869 8161 1696 1872 8162 1657 1871 8163 1696 1872 8164 1667 1873 8165 1667 1873 8166 1696 1872 8167 1689 1874 8168 1667 1873 8169 1689 1874 8170 1113 1317 8171 1113 1317 8172 1689 1874 8173 1684 1875 8174 1113 1317 8175 1684 1875 8176 1114 1315 8177 1114 1315 8178 1684 1875 8179 1115 1313 8180 1115 1313 8181 1684 1875 8182 1679 1876 8183 1115 1313 8184 1679 1876 8185 1116 1311 8186 1116 1311 8187 1679 1876 8188 1674 1877 8189 1116 1311 8190 1674 1877 8191 1117 1309 8192 1117 1309 8193 1674 1877 8194 1669 1878 8195 1117 1309 8196 1669 1878 8197 1118 1307 8198 1118 1307 8199 1669 1878 8200 1119 1305 8201 1119 1305 8202 1669 1878 8203 1631 1831 8204 1631 1831 8205 1669 1878 8206 1670 1879 8207 1631 1831 8208 1670 1879 8209 1671 1859 8210 1671 1859 8211 1670 1879 8212 1676 1861 8213 1632 1847 8214 1631 1831 8215 1671 1859 8216 1113 1317 8217 1112 1319 8218 1667 1873 8219 1667 1873 8220 1112 1319 8221 1103 1304 8222 1667 1873 8223 1103 1304 8224 1657 1871 8225 1694 1868 8226 1658 1870 8227 1668 1880 8228 1668 1880 8229 1658 1870 8230 1659 1881 8231 1668 1880 8232 1659 1881 8233 1660 1882 8234 1660 1882 8235 1661 1883 8236 1668 1880 8237 1668 1880 8238 1661 1883 8239 1693 1884 8240 1668 1880 8241 1693 1884 8242 1692 1866 8243 1692 1866 8244 1693 1884 8245 1687 1864 8246 1693 1884 8247 1661 1883 8248 1688 1885 8249 1688 1885 8250 1661 1883 8251 1662 1886 8252 1688 1885 8253 1662 1886 8254 1663 1887 8255 1688 1885 8256 1663 1887 8257 1683 1888 8258 1683 1888 8259 1663 1887 8260 1664 1889 8261 1683 1888 8262 1664 1889 8263 1678 1890 8264 1678 1890 8265 1664 1889 8266 1665 1891 8267 1678 1890 8268 1665 1891 8269 1673 1857 8270 1673 1857 8271 1665 1891 8272 1666 1856 8273 1670 1879 8274 1669 1878 8275 1675 1892 8276 1675 1892 8277 1669 1878 8278 1674 1877 8279 1675 1892 8280 1674 1877 8281 1680 1893 8282 1680 1893 8283 1674 1877 8284 1679 1876 8285 1680 1893 8286 1679 1876 8287 1685 1894 8288 1685 1894 8289 1679 1876 8290 1684 1875 8291 1685 1894 8292 1684 1875 8293 1690 1895 8294 1690 1895 8295 1684 1875 8296 1689 1874 8297 1690 1895 8298 1689 1874 8299 1696 1872 8300 1678 1890 8301 1673 1857 8302 1672 1858 8303 1678 1890 8304 1672 1858 8305 1677 1860 8306 1681 1863 8307 1676 1861 8308 1675 1892 8309 1675 1892 8310 1676 1861 8311 1670 1879 8312 1681 1863 8313 1675 1892 8314 1680 1893 8315 1683 1888 8316 1678 1890 8317 1677 1860 8318 1683 1888 8319 1677 1860 8320 1682 1862 8321 1686 1865 8322 1681 1863 8323 1680 1893 8324 1686 1865 8325 1680 1893 8326 1685 1894 8327 1688 1885 8328 1683 1888 8329 1682 1862 8330 1688 1885 8331 1682 1862 8332 1687 1864 8333 1691 1867 8334 1686 1865 8335 1685 1894 8336 1691 1867 8337 1685 1894 8338 1690 1895 8339 1693 1884 8340 1688 1885 8341 1687 1864 8342 1695 1869 8343 1691 1867 8344 1690 1895 8345 1695 1869 8346 1690 1895 8347 1696 1872 8348 1668 1880 8349 1692 1866 8350 1694 1868 8351 1699 1896 8352 1659 1881 8353 1698 1897 8354 1698 1897 8355 1659 1881 8356 1658 1870 8357 1698 1897 8358 1658 1870 8359 1697 1898 8360 1697 1898 8361 1658 1870 8362 1657 1871 8363 1697 1898 8364 1657 1871 8365 1101 1295 8366 1101 1295 8367 1657 1871 8368 1103 1304 8369 1699 1896 8370 1698 1897 8371 1704 1899 8372 1704 1899 8373 1698 1897 8374 1706 1900 8375 1704 1899 8376 1706 1900 8377 1703 1901 8378 1703 1901 8379 1706 1900 8380 1708 1902 8381 1703 1901 8382 1708 1902 8383 1702 1903 8384 1702 1903 8385 1708 1902 8386 1701 1904 8387 1701 1904 8388 1708 1902 8389 1707 1905 8390 1701 1904 8391 1707 1905 8392 1700 1906 8393 1700 1906 8394 1707 1905 8395 1099 1298 8396 1700 1906 8397 1099 1298 8398 1067 1235 8399 1698 1897 8400 1697 1898 8401 1706 1900 8402 1706 1900 8403 1697 1898 8404 1705 1907 8405 1706 1900 8406 1705 1907 8407 1708 1902 8408 1708 1902 8409 1705 1907 8410 1707 1905 8411 1697 1898 8412 1101 1295 8413 1705 1907 8414 1705 1907 8415 1101 1295 8416 1100 1296 8417 1705 1907 8418 1100 1296 8419 1707 1905 8420 1707 1905 8421 1100 1296 8422 1099 1298 8423 1711 1908 8424 1702 1903 8425 1710 1909 8426 1710 1909 8427 1702 1903 8428 1701 1904 8429 1710 1909 8430 1701 1904 8431 1709 1910 8432 1709 1910 8433 1701 1904 8434 1700 1906 8435 1709 1910 8436 1700 1906 8437 1065 1219 8438 1065 1219 8439 1700 1906 8440 1067 1235 8441 1721 1911 8442 1711 1908 8443 1728 1912 8444 1728 1912 8445 1711 1908 8446 1710 1909 8447 1728 1912 8448 1710 1909 8449 1727 1913 8450 1727 1913 8451 1710 1909 8452 1726 1914 8453 1727 1913 8454 1726 1914 8455 1732 1915 8456 1732 1915 8457 1726 1914 8458 1731 1916 8459 1732 1915 8460 1731 1916 8461 1737 1917 8462 1737 1917 8463 1731 1916 8464 1736 1918 8465 1737 1917 8466 1736 1918 8467 1742 1919 8468 1742 1919 8469 1736 1918 8470 1741 1920 8471 1742 1919 8472 1741 1920 8473 1747 1921 8474 1747 1921 8475 1741 1920 8476 1746 1922 8477 1747 1921 8478 1746 1922 8479 1749 1923 8480 1749 1923 8481 1746 1922 8482 1750 1924 8483 1749 1923 8484 1750 1924 8485 1713 1925 8486 1713 1925 8487 1750 1924 8488 1712 1926 8489 1712 1926 8490 1750 1924 8491 1751 1927 8492 1712 1926 8493 1751 1927 8494 1722 1928 8495 1722 1928 8496 1751 1927 8497 1744 1929 8498 1722 1928 8499 1744 1929 8500 1059 1232 8501 1059 1232 8502 1744 1929 8503 1739 1930 8504 1059 1232 8505 1739 1930 8506 1060 1227 8507 1060 1227 8508 1739 1930 8509 1061 1225 8510 1061 1225 8511 1739 1930 8512 1734 1931 8513 1061 1225 8514 1734 1931 8515 1062 1223 8516 1062 1223 8517 1734 1931 8518 1729 1932 8519 1062 1223 8520 1729 1932 8521 1063 1222 8522 1063 1222 8523 1729 1932 8524 1724 1933 8525 1063 1222 8526 1724 1933 8527 1064 1220 8528 1064 1220 8529 1724 1933 8530 1065 1219 8531 1065 1219 8532 1724 1933 8533 1709 1910 8534 1709 1910 8535 1724 1933 8536 1725 1934 8537 1709 1910 8538 1725 1934 8539 1726 1914 8540 1726 1914 8541 1725 1934 8542 1731 1916 8543 1710 1909 8544 1709 1910 8545 1726 1914 8546 1059 1232 8547 1058 1231 8548 1722 1928 8549 1722 1928 8550 1058 1231 8551 1049 1210 8552 1722 1928 8553 1049 1210 8554 1712 1926 8555 1749 1923 8556 1713 1925 8557 1723 1935 8558 1723 1935 8559 1713 1925 8560 1714 1936 8561 1723 1935 8562 1714 1936 8563 1715 1937 8564 1715 1937 8565 1716 1938 8566 1723 1935 8567 1723 1935 8568 1716 1938 8569 1748 1939 8570 1723 1935 8571 1748 1939 8572 1747 1921 8573 1747 1921 8574 1748 1939 8575 1742 1919 8576 1748 1939 8577 1716 1938 8578 1743 1940 8579 1743 1940 8580 1716 1938 8581 1717 1941 8582 1743 1940 8583 1717 1941 8584 1718 1942 8585 1743 1940 8586 1718 1942 8587 1738 1943 8588 1738 1943 8589 1718 1942 8590 1719 1944 8591 1738 1943 8592 1719 1944 8593 1733 1945 8594 1733 1945 8595 1719 1944 8596 1720 1946 8597 1733 1945 8598 1720 1946 8599 1728 1912 8600 1728 1912 8601 1720 1946 8602 1721 1911 8603 1725 1934 8604 1724 1933 8605 1730 1947 8606 1730 1947 8607 1724 1933 8608 1729 1932 8609 1730 1947 8610 1729 1932 8611 1735 1948 8612 1735 1948 8613 1729 1932 8614 1734 1931 8615 1735 1948 8616 1734 1931 8617 1740 1949 8618 1740 1949 8619 1734 1931 8620 1739 1930 8621 1740 1949 8622 1739 1930 8623 1745 1950 8624 1745 1950 8625 1739 1930 8626 1744 1929 8627 1745 1950 8628 1744 1929 8629 1751 1927 8630 1733 1945 8631 1728 1912 8632 1727 1913 8633 1733 1945 8634 1727 1913 8635 1732 1915 8636 1736 1918 8637 1731 1916 8638 1730 1947 8639 1730 1947 8640 1731 1916 8641 1725 1934 8642 1736 1918 8643 1730 1947 8644 1735 1948 8645 1738 1943 8646 1733 1945 8647 1732 1915 8648 1738 1943 8649 1732 1915 8650 1737 1917 8651 1741 1920 8652 1736 1918 8653 1735 1948 8654 1741 1920 8655 1735 1948 8656 1740 1949 8657 1743 1940 8658 1738 1943 8659 1737 1917 8660 1743 1940 8661 1737 1917 8662 1742 1919 8663 1746 1922 8664 1741 1920 8665 1740 1949 8666 1746 1922 8667 1740 1949 8668 1745 1950 8669 1748 1939 8670 1743 1940 8671 1742 1919 8672 1750 1924 8673 1746 1922 8674 1745 1950 8675 1750 1924 8676 1745 1950 8677 1751 1927 8678 1723 1935 8679 1747 1921 8680 1749 1923 8681 1046 1216 8682 1042 1204 8683 1762 1951 8684 1762 1951 8685 1042 1204 8686 1752 1952 8687 1762 1951 8688 1752 1952 8689 1761 1953 8690 1761 1953 8691 1752 1952 8692 1760 1954 8693 1761 1953 8694 1760 1954 8695 1766 1955 8696 1766 1955 8697 1760 1954 8698 1765 1956 8699 1766 1955 8700 1765 1956 8701 1712 1926 8702 1712 1926 8703 1765 1956 8704 1713 1925 8705 1713 1925 8706 1765 1956 8707 1764 1957 8708 1713 1925 8709 1764 1957 8710 1763 1958 8711 1763 1958 8712 1764 1957 8713 1758 1959 8714 1763 1958 8715 1758 1959 8716 1756 1960 8717 1756 1960 8718 1758 1959 8719 1755 1961 8720 1755 1961 8721 1758 1959 8722 1754 1962 8723 1754 1962 8724 1758 1959 8725 1753 1963 8726 1753 1963 8727 1758 1959 8728 1759 1964 8729 1753 1963 8730 1759 1964 8731 1760 1954 8732 1760 1954 8733 1759 1964 8734 1765 1956 8735 1752 1952 8736 1753 1963 8737 1760 1954 8738 1756 1960 8739 1757 1965 8740 1763 1958 8741 1763 1958 8742 1757 1965 8743 1714 1936 8744 1763 1958 8745 1714 1936 8746 1713 1925 8747 1766 1955 8748 1712 1926 8749 1767 1966 8750 1767 1966 8751 1712 1926 8752 1049 1210 8753 1767 1966 8754 1049 1210 8755 1048 1212 8756 1048 1212 8757 1047 1214 8758 1767 1966 8759 1767 1966 8760 1047 1214 8761 1762 1951 8762 1767 1966 8763 1762 1951 8764 1761 1953 8765 1047 1214 8766 1046 1216 8767 1762 1951 8768 1765 1956 8769 1759 1964 8770 1764 1957 8771 1764 1957 8772 1759 1964 8773 1758 1959 8774 1767 1966 8775 1761 1953 8776 1766 1955 8777 1773 1967 8778 1754 1962 8779 1780 1968 8780 1780 1968 8781 1754 1962 8782 1753 1963 8783 1780 1968 8784 1753 1963 8785 1779 1969 8786 1779 1969 8787 1753 1963 8788 1778 1970 8789 1779 1969 8790 1778 1970 8791 1784 1971 8792 1784 1971 8793 1778 1970 8794 1783 1972 8795 1784 1971 8796 1783 1972 8797 1789 1973 8798 1789 1973 8799 1783 1972 8800 1788 1974 8801 1789 1973 8802 1788 1974 8803 1796 1975 8804 1796 1975 8805 1788 1974 8806 1797 1976 8807 1796 1975 8808 1797 1976 8809 1794 1977 8810 1794 1977 8811 1797 1976 8812 1793 1978 8813 1794 1977 8814 1793 1978 8815 1769 1979 8816 1769 1979 8817 1793 1978 8818 1768 1980 8819 1768 1980 8820 1793 1978 8821 1792 1981 8822 1768 1980 8823 1792 1981 8824 1791 1982 8825 1791 1982 8826 1792 1981 8827 1774 1983 8828 1791 1982 8829 1774 1983 8830 1039 1209 8831 1039 1209 8832 1774 1983 8833 1040 1207 8834 1040 1207 8835 1774 1983 8836 1786 1984 8837 1040 1207 8838 1786 1984 8839 1781 1985 8840 1781 1985 8841 1786 1984 8842 1787 1986 8843 1781 1985 8844 1787 1986 8845 1782 1987 8846 1782 1987 8847 1787 1986 8848 1788 1974 8849 1782 1987 8850 1788 1974 8851 1783 1972 8852 1753 1963 8853 1752 1952 8854 1778 1970 8855 1778 1970 8856 1752 1952 8857 1777 1988 8858 1778 1970 8859 1777 1988 8860 1783 1972 8861 1783 1972 8862 1777 1988 8863 1782 1987 8864 1777 1988 8865 1752 1952 8866 1776 1989 8867 1776 1989 8868 1752 1952 8869 1042 1204 8870 1776 1989 8871 1042 1204 8872 1041 1205 8873 1776 1989 8874 1041 1205 8875 1781 1985 8876 1781 1985 8877 1041 1205 8878 1040 1207 8879 1039 1209 8880 1034 1201 8881 1791 1982 8882 1791 1982 8883 1034 1201 8884 1768 1980 8885 1794 1977 8886 1769 1979 8887 1795 1990 8888 1795 1990 8889 1769 1979 8890 1770 1991 8891 1795 1990 8892 1770 1991 8893 1771 1992 8894 1795 1990 8895 1771 1992 8896 1775 1993 8897 1775 1993 8898 1771 1992 8899 1772 1994 8900 1775 1993 8901 1772 1994 8902 1790 1995 8903 1790 1995 8904 1772 1994 8905 1785 1996 8906 1790 1995 8907 1785 1996 8908 1784 1971 8909 1784 1971 8910 1785 1996 8911 1779 1969 8912 1772 1994 8913 1773 1967 8914 1785 1996 8915 1785 1996 8916 1773 1967 8917 1780 1968 8918 1785 1996 8919 1780 1968 8920 1779 1969 8921 1782 1987 8922 1777 1988 8923 1776 1989 8924 1781 1985 8925 1782 1987 8926 1776 1989 8927 1790 1995 8928 1784 1971 8929 1789 1973 8930 1797 1976 8931 1788 1974 8932 1787 1986 8933 1787 1986 8934 1786 1984 8935 1798 1997 8936 1798 1997 8937 1786 1984 8938 1774 1983 8939 1798 1997 8940 1774 1983 8941 1792 1981 8942 1775 1993 8943 1790 1995 8944 1789 1973 8945 1775 1993 8946 1789 1973 8947 1796 1975 8948 1792 1981 8949 1793 1978 8950 1798 1997 8951 1798 1997 8952 1793 1978 8953 1797 1976 8954 1798 1997 8955 1797 1976 8956 1787 1986 8957 1775 1993 8958 1796 1975 8959 1795 1990 8960 1795 1990 8961 1796 1975 8962 1794 1977 8963 1801 1998 8964 1770 1991 8965 1800 1999 8966 1800 1999 8967 1770 1991 8968 1769 1979 8969 1800 1999 8970 1769 1979 8971 1799 2000 8972 1799 2000 8973 1769 1979 8974 1768 1980 8975 1799 2000 8976 1768 1980 8977 1032 1184 8978 1032 1184 8979 1768 1980 8980 1034 1201 8981 1801 1998 8982 1800 1999 8983 1812 2001 8984 1812 2001 8985 1800 1999 8986 1814 2002 8987 1812 2001 8988 1814 2002 8989 1811 2003 8990 1811 2003 8991 1814 2002 8992 1816 2004 8993 1811 2003 8994 1816 2004 8995 1810 2005 8996 1810 2005 8997 1816 2004 8998 1818 2006 8999 1810 2005 9000 1818 2006 9001 1809 2007 9002 1809 2007 9003 1818 2006 9004 1820 2008 9005 1809 2007 9006 1820 2008 9007 1808 2009 9008 1808 2009 9009 1820 2008 9010 1822 2010 9011 1808 2009 9012 1822 2010 9013 1807 2011 9014 1807 2011 9015 1822 2010 9016 1824 2012 9017 1807 2011 9018 1824 2012 9019 1806 2013 9020 1806 2013 9021 1824 2012 9022 1826 2014 9023 1806 2013 9024 1826 2014 9025 1805 2015 9026 1805 2015 9027 1826 2014 9028 1828 2016 9029 1805 2015 9030 1828 2016 9031 1804 2017 9032 1804 2017 9033 1828 2016 9034 1803 2018 9035 1803 2018 9036 1828 2016 9037 1827 2019 9038 1803 2018 9039 1827 2019 9040 1802 2020 9041 1802 2020 9042 1827 2019 9043 1016 1183 9044 1016 1183 9045 1827 2019 9046 1025 1198 9047 1025 1198 9048 1827 2019 9049 1825 2021 9050 1025 1198 9051 1825 2021 9052 1026 1196 9053 1026 1196 9054 1825 2021 9055 1823 2022 9056 1026 1196 9057 1823 2022 9058 1027 1194 9059 1027 1194 9060 1823 2022 9061 1821 2023 9062 1027 1194 9063 1821 2023 9064 1028 1192 9065 1028 1192 9066 1821 2023 9067 1819 2024 9068 1028 1192 9069 1819 2024 9070 1029 1190 9071 1029 1190 9072 1819 2024 9073 1817 2025 9074 1029 1190 9075 1817 2025 9076 1030 1188 9077 1030 1188 9078 1817 2025 9079 1815 2026 9080 1030 1188 9081 1815 2026 9082 1031 1186 9083 1031 1186 9084 1815 2026 9085 1813 2027 9086 1031 1186 9087 1813 2027 9088 1032 1184 9089 1032 1184 9090 1813 2027 9091 1799 2000 9092 1799 2000 9093 1813 2027 9094 1814 2002 9095 1799 2000 9096 1814 2002 9097 1800 1999 9098 1816 2004 9099 1814 2002 9100 1813 2027 9101 1818 2006 9102 1816 2004 9103 1815 2026 9104 1815 2026 9105 1816 2004 9106 1813 2027 9107 1820 2008 9108 1818 2006 9109 1817 2025 9110 1817 2025 9111 1818 2006 9112 1815 2026 9113 1822 2010 9114 1820 2008 9115 1819 2024 9116 1819 2024 9117 1820 2008 9118 1817 2025 9119 1824 2012 9120 1822 2010 9121 1821 2023 9122 1821 2023 9123 1822 2010 9124 1819 2024 9125 1826 2014 9126 1824 2012 9127 1823 2022 9128 1823 2022 9129 1824 2012 9130 1821 2023 9131 1828 2016 9132 1826 2014 9133 1825 2021 9134 1825 2021 9135 1826 2014 9136 1823 2022 9137 1827 2019 9138 1828 2016 9139 1825 2021 9140 1831 2028 9141 1804 2017 9142 1830 2029 9143 1830 2029 9144 1804 2017 9145 1803 2018 9146 1830 2029 9147 1803 2018 9148 1829 2030 9149 1829 2030 9150 1803 2018 9151 1802 2020 9152 1829 2030 9153 1802 2020 9154 1014 1174 9155 1014 1174 9156 1802 2020 9157 1016 1183 9158 1837 2031 9159 1831 2028 9160 1844 2032 9161 1844 2032 9162 1831 2028 9163 1830 2029 9164 1844 2032 9165 1830 2029 9166 1843 2033 9167 1843 2033 9168 1830 2029 9169 1842 2034 9170 1843 2033 9171 1842 2034 9172 1848 2035 9173 1848 2035 9174 1842 2034 9175 1847 2036 9176 1848 2035 9177 1847 2036 9178 1851 2037 9179 1851 2037 9180 1847 2036 9181 1850 2038 9182 1851 2037 9183 1850 2038 9184 1859 2039 9185 1859 2039 9186 1850 2038 9187 1860 2040 9188 1859 2039 9189 1860 2040 9190 1856 2041 9191 1856 2041 9192 1860 2040 9193 1855 2042 9194 1856 2041 9195 1855 2042 9196 1833 2043 9197 1833 2043 9198 1855 2042 9199 1832 2044 9200 1832 2044 9201 1855 2042 9202 1854 2045 9203 1832 2044 9204 1854 2045 9205 1853 2046 9206 1853 2046 9207 1854 2045 9208 1862 2047 9209 1853 2046 9210 1862 2047 9211 1011 1180 9212 1011 1180 9213 1862 2047 9214 1838 2048 9215 1011 1180 9216 1838 2048 9217 1012 1178 9218 1012 1178 9219 1838 2048 9220 1845 2049 9221 1012 1178 9222 1845 2049 9223 1013 1176 9224 1013 1176 9225 1845 2049 9226 1840 2050 9227 1013 1176 9228 1840 2050 9229 1014 1174 9230 1014 1174 9231 1840 2050 9232 1829 2030 9233 1829 2030 9234 1840 2050 9235 1841 2051 9236 1829 2030 9237 1841 2051 9238 1842 2034 9239 1842 2034 9240 1841 2051 9241 1847 2036 9242 1830 2029 9243 1829 2030 9244 1842 2034 9245 1011 1180 9246 1006 1165 9247 1853 2046 9248 1853 2046 9249 1006 1165 9250 1832 2044 9251 1856 2041 9252 1833 2043 9253 1857 2052 9254 1857 2052 9255 1833 2043 9256 1834 2053 9257 1857 2052 9258 1834 2053 9259 1835 2054 9260 1857 2052 9261 1835 2054 9262 1858 2055 9263 1858 2055 9264 1835 2054 9265 1836 2056 9266 1858 2055 9267 1836 2056 9268 1852 2057 9269 1852 2057 9270 1836 2056 9271 1839 2058 9272 1852 2057 9273 1839 2058 9274 1848 2035 9275 1848 2035 9276 1839 2058 9277 1843 2033 9278 1836 2056 9279 1837 2031 9280 1839 2058 9281 1839 2058 9282 1837 2031 9283 1844 2032 9284 1839 2058 9285 1844 2032 9286 1843 2033 9287 1841 2051 9288 1840 2050 9289 1846 2059 9290 1846 2059 9291 1840 2050 9292 1845 2049 9293 1846 2059 9294 1845 2049 9295 1849 2060 9296 1849 2060 9297 1845 2049 9298 1838 2048 9299 1849 2060 9300 1838 2048 9301 1861 2061 9302 1861 2061 9303 1838 2048 9304 1862 2047 9305 1861 2061 9306 1862 2047 9307 1854 2045 9308 1850 2038 9309 1847 2036 9310 1846 2059 9311 1846 2059 9312 1847 2036 9313 1841 2051 9314 1850 2038 9315 1846 2059 9316 1849 2060 9317 1852 2057 9318 1848 2035 9319 1851 2037 9320 1860 2040 9321 1850 2038 9322 1849 2060 9323 1860 2040 9324 1849 2060 9325 1861 2061 9326 1858 2055 9327 1852 2057 9328 1851 2037 9329 1858 2055 9330 1851 2037 9331 1859 2039 9332 1860 2040 9333 1861 2061 9334 1855 2042 9335 1855 2042 9336 1861 2061 9337 1854 2045 9338 1858 2055 9339 1859 2039 9340 1857 2052 9341 1857 2052 9342 1859 2039 9343 1856 2041 9344 1002 1172 9345 995 1157 9346 1875 2062 9347 1875 2062 9348 995 1157 9349 1863 2063 9350 1875 2062 9351 1863 2063 9352 1874 2064 9353 1874 2064 9354 1863 2063 9355 1873 2065 9356 1874 2064 9357 1873 2065 9358 1882 2066 9359 1882 2066 9360 1873 2065 9361 1883 2067 9362 1882 2066 9363 1883 2067 9364 1879 2068 9365 1879 2068 9366 1883 2067 9367 1878 2069 9368 1879 2068 9369 1878 2069 9370 1892 2070 9371 1892 2070 9372 1878 2069 9373 1893 2071 9374 1892 2070 9375 1893 2071 9376 1889 2072 9377 1889 2072 9378 1893 2071 9379 1888 2073 9380 1889 2072 9381 1888 2073 9382 1899 2074 9383 1899 2074 9384 1888 2073 9385 1898 2075 9386 1899 2074 9387 1898 2075 9388 1906 2076 9389 1906 2076 9390 1898 2075 9391 1907 2077 9392 1906 2076 9393 1907 2077 9394 1903 2078 9395 1903 2078 9396 1907 2077 9397 1902 2079 9398 1903 2078 9399 1902 2079 9400 1832 2044 9401 1832 2044 9402 1902 2079 9403 1833 2043 9404 1833 2043 9405 1902 2079 9406 1901 2080 9407 1833 2043 9408 1901 2080 9409 1900 2081 9410 1900 2081 9411 1901 2080 9412 1909 2082 9413 1900 2081 9414 1909 2082 9415 1869 2083 9416 1869 2083 9417 1909 2082 9418 1896 2084 9419 1869 2083 9420 1896 2084 9421 1868 2085 9422 1868 2085 9423 1896 2084 9424 1886 2086 9425 1868 2085 9426 1886 2086 9427 1867 2087 9428 1867 2087 9429 1886 2086 9430 1895 2088 9431 1867 2087 9432 1895 2088 9433 1876 2089 9434 1876 2089 9435 1895 2088 9436 1894 2090 9437 1876 2089 9438 1894 2090 9439 1877 2091 9440 1877 2091 9441 1894 2090 9442 1893 2071 9443 1877 2091 9444 1893 2071 9445 1878 2069 9446 1863 2063 9447 1864 2092 9448 1873 2065 9449 1873 2065 9450 1864 2092 9451 1872 2093 9452 1873 2065 9453 1872 2093 9454 1883 2067 9455 1883 2067 9456 1872 2093 9457 1884 2094 9458 1883 2067 9459 1884 2094 9460 1878 2069 9461 1878 2069 9462 1884 2094 9463 1877 2091 9464 1872 2093 9465 1864 2092 9466 1871 2095 9467 1871 2095 9468 1864 2092 9469 1865 2096 9470 1871 2095 9471 1865 2096 9472 1866 2097 9473 1867 2087 9474 1876 2089 9475 1866 2097 9476 1866 2097 9477 1876 2089 9478 1885 2098 9479 1866 2097 9480 1885 2098 9481 1871 2095 9482 1871 2095 9483 1885 2098 9484 1884 2094 9485 1871 2095 9486 1884 2094 9487 1872 2093 9488 1869 2083 9489 1834 2053 9490 1900 2081 9491 1900 2081 9492 1834 2053 9493 1833 2043 9494 1903 2078 9495 1832 2044 9496 1904 2099 9497 1904 2099 9498 1832 2044 9499 1006 1165 9500 1904 2099 9501 1006 1165 9502 1005 1166 9503 1004 1168 9504 1870 2100 9505 1005 1166 9506 1005 1166 9507 1870 2100 9508 1905 2101 9509 1005 1166 9510 1905 2101 9511 1904 2099 9512 1904 2099 9513 1905 2101 9514 1906 2076 9515 1904 2099 9516 1906 2076 9517 1903 2078 9518 1003 1170 9519 1891 2102 9520 1004 1168 9521 1004 1168 9522 1891 2102 9523 1890 2103 9524 1004 1168 9525 1890 2103 9526 1870 2100 9527 1870 2100 9528 1890 2103 9529 1889 2072 9530 1870 2100 9531 1889 2072 9532 1899 2074 9533 1891 2102 9534 1003 1170 9535 1880 2104 9536 1880 2104 9537 1003 1170 9538 1002 1172 9539 1880 2104 9540 1002 1172 9541 1881 2105 9542 1881 2105 9543 1002 1172 9544 1875 2062 9545 1881 2105 9546 1875 2062 9547 1874 2064 9548 1881 2105 9549 1874 2064 9550 1882 2066 9551 1884 2094 9552 1885 2098 9553 1877 2091 9554 1877 2091 9555 1885 2098 9556 1876 2089 9557 1881 2105 9558 1882 2066 9559 1880 2104 9560 1880 2104 9561 1882 2066 9562 1879 2068 9563 1880 2104 9564 1879 2068 9565 1891 2102 9566 1891 2102 9567 1879 2068 9568 1892 2070 9569 1891 2102 9570 1892 2070 9571 1890 2103 9572 1890 2103 9573 1892 2070 9574 1889 2072 9575 1894 2090 9576 1895 2088 9577 1887 2106 9578 1887 2106 9579 1895 2088 9580 1886 2086 9581 1887 2106 9582 1886 2086 9583 1897 2107 9584 1897 2107 9585 1886 2086 9586 1896 2084 9587 1897 2107 9588 1896 2084 9589 1908 2108 9590 1908 2108 9591 1896 2084 9592 1909 2082 9593 1908 2108 9594 1909 2082 9595 1901 2080 9596 1893 2071 9597 1894 2090 9598 1888 2073 9599 1888 2073 9600 1894 2090 9601 1887 2106 9602 1888 2073 9603 1887 2106 9604 1898 2075 9605 1898 2075 9606 1887 2106 9607 1897 2107 9608 1898 2075 9609 1897 2107 9610 1907 2077 9611 1907 2077 9612 1897 2107 9613 1908 2108 9614 1907 2077 9615 1908 2108 9616 1902 2079 9617 1902 2079 9618 1908 2108 9619 1901 2080 9620 1905 2101 9621 1870 2100 9622 1899 2074 9623 1905 2101 9624 1899 2074 9625 1906 2076 9626 1915 2109 9627 1865 2096 9628 1922 2110 9629 1922 2110 9630 1865 2096 9631 1864 2092 9632 1922 2110 9633 1864 2092 9634 1921 2111 9635 1921 2111 9636 1864 2092 9637 1920 2112 9638 1921 2111 9639 1920 2112 9640 1925 2113 9641 1925 2113 9642 1920 2112 9643 1924 2114 9644 1925 2113 9645 1924 2114 9646 1932 2115 9647 1932 2115 9648 1924 2114 9649 1933 2116 9650 1932 2115 9651 1933 2116 9652 1929 2117 9653 1929 2117 9654 1933 2116 9655 1928 2118 9656 1929 2117 9657 1928 2118 9658 1939 2119 9659 1939 2119 9660 1928 2118 9661 1938 2120 9662 1939 2119 9663 1938 2120 9664 1911 2121 9665 1911 2121 9666 1938 2120 9667 1910 2122 9668 1910 2122 9669 1938 2120 9670 1937 2123 9671 1910 2122 9672 1937 2123 9673 1936 2124 9674 1936 2124 9675 1937 2123 9676 1926 2125 9677 1936 2124 9678 1926 2125 9679 992 1162 9680 992 1162 9681 1926 2125 9682 993 1160 9683 993 1160 9684 1926 2125 9685 1935 2126 9686 993 1160 9687 1935 2126 9688 1916 2127 9689 1916 2127 9690 1935 2126 9691 1934 2128 9692 1916 2127 9693 1934 2128 9694 1923 2129 9695 1923 2129 9696 1934 2128 9697 1933 2116 9698 1923 2129 9699 1933 2116 9700 1924 2114 9701 1864 2092 9702 1863 2063 9703 1920 2112 9704 1920 2112 9705 1863 2063 9706 1919 2130 9707 1920 2112 9708 1919 2130 9709 1924 2114 9710 1924 2114 9711 1919 2130 9712 1923 2129 9713 1919 2130 9714 1863 2063 9715 1918 2131 9716 1918 2131 9717 1863 2063 9718 995 1157 9719 1918 2131 9720 995 1157 9721 994 1158 9722 1918 2131 9723 994 1158 9724 1916 2127 9725 1916 2127 9726 994 1158 9727 993 1160 9728 992 1162 9729 987 1154 9730 1936 2124 9731 1936 2124 9732 987 1154 9733 1910 2122 9734 1939 2119 9735 1911 2121 9736 1940 2132 9737 1940 2132 9738 1911 2121 9739 1912 2133 9740 1940 2132 9741 1912 2133 9742 1913 2134 9743 1940 2132 9744 1913 2134 9745 1930 2135 9746 1930 2135 9747 1913 2134 9748 1914 2136 9749 1930 2135 9750 1914 2136 9751 1931 2137 9752 1931 2137 9753 1914 2136 9754 1917 2138 9755 1931 2137 9756 1917 2138 9757 1925 2113 9758 1925 2113 9759 1917 2138 9760 1921 2111 9761 1914 2136 9762 1915 2109 9763 1917 2138 9764 1917 2138 9765 1915 2109 9766 1922 2110 9767 1917 2138 9768 1922 2110 9769 1921 2111 9770 1923 2129 9771 1919 2130 9772 1918 2131 9773 1916 2127 9774 1923 2129 9775 1918 2131 9776 1931 2137 9777 1925 2113 9778 1932 2115 9779 1934 2128 9780 1935 2126 9781 1927 2139 9782 1927 2139 9783 1935 2126 9784 1926 2125 9785 1927 2139 9786 1926 2125 9787 1937 2123 9788 1933 2116 9789 1934 2128 9790 1928 2118 9791 1928 2118 9792 1934 2128 9793 1927 2139 9794 1928 2118 9795 1927 2139 9796 1938 2120 9797 1938 2120 9798 1927 2139 9799 1937 2123 9800 1931 2137 9801 1932 2115 9802 1930 2135 9803 1930 2135 9804 1932 2115 9805 1929 2117 9806 1930 2135 9807 1929 2117 9808 1940 2132 9809 1940 2132 9810 1929 2117 9811 1939 2119 9812 1943 2140 9813 1912 2133 9814 1942 2141 9815 1942 2141 9816 1912 2133 9817 1911 2121 9818 1942 2141 9819 1911 2121 9820 1941 2142 9821 1941 2142 9822 1911 2121 9823 1910 2122 9824 1941 2142 9825 1910 2122 9826 985 1137 9827 985 1137 9828 1910 2122 9829 987 1154 9830 1943 2140 9831 1942 2141 9832 1954 2143 9833 1954 2143 9834 1942 2141 9835 1956 2144 9836 1954 2143 9837 1956 2144 9838 1953 2145 9839 1953 2145 9840 1956 2144 9841 1958 2146 9842 1953 2145 9843 1958 2146 9844 1952 2147 9845 1952 2147 9846 1958 2146 9847 1960 2148 9848 1952 2147 9849 1960 2148 9850 1951 2149 9851 1951 2149 9852 1960 2148 9853 1962 2150 9854 1951 2149 9855 1962 2150 9856 1950 2151 9857 1950 2151 9858 1962 2150 9859 1964 2152 9860 1950 2151 9861 1964 2152 9862 1949 2153 9863 1949 2153 9864 1964 2152 9865 1966 2154 9866 1949 2153 9867 1966 2154 9868 1948 2155 9869 1948 2155 9870 1966 2154 9871 1968 2156 9872 1948 2155 9873 1968 2156 9874 1947 2157 9875 1947 2157 9876 1968 2156 9877 1970 2158 9878 1947 2157 9879 1970 2158 9880 1946 2159 9881 1946 2159 9882 1970 2158 9883 1945 2160 9884 1945 2160 9885 1970 2158 9886 1969 2161 9887 1945 2160 9888 1969 2161 9889 1944 2162 9890 1944 2162 9891 1969 2161 9892 969 1136 9893 969 1136 9894 1969 2161 9895 978 1151 9896 978 1151 9897 1969 2161 9898 1967 2163 9899 978 1151 9900 1967 2163 9901 979 1149 9902 979 1149 9903 1967 2163 9904 1965 2164 9905 979 1149 9906 1965 2164 9907 980 1147 9908 980 1147 9909 1965 2164 9910 1963 2165 9911 980 1147 9912 1963 2165 9913 981 1145 9914 981 1145 9915 1963 2165 9916 1961 2166 9917 981 1145 9918 1961 2166 9919 982 1143 9920 982 1143 9921 1961 2166 9922 1959 2167 9923 982 1143 9924 1959 2167 9925 983 1141 9926 983 1141 9927 1959 2167 9928 1957 2168 9929 983 1141 9930 1957 2168 9931 984 1139 9932 984 1139 9933 1957 2168 9934 1955 2169 9935 984 1139 9936 1955 2169 9937 985 1137 9938 985 1137 9939 1955 2169 9940 1941 2142 9941 1941 2142 9942 1955 2169 9943 1956 2144 9944 1941 2142 9945 1956 2144 9946 1942 2141 9947 1958 2146 9948 1956 2144 9949 1955 2169 9950 1960 2148 9951 1958 2146 9952 1957 2168 9953 1957 2168 9954 1958 2146 9955 1955 2169 9956 1962 2150 9957 1960 2148 9958 1959 2167 9959 1959 2167 9960 1960 2148 9961 1957 2168 9962 1964 2152 9963 1962 2150 9964 1961 2166 9965 1961 2166 9966 1962 2150 9967 1959 2167 9968 1966 2154 9969 1964 2152 9970 1963 2165 9971 1963 2165 9972 1964 2152 9973 1961 2166 9974 1968 2156 9975 1966 2154 9976 1965 2164 9977 1965 2164 9978 1966 2154 9979 1963 2165 9980 1970 2158 9981 1968 2156 9982 1967 2163 9983 1967 2163 9984 1968 2156 9985 1965 2164 9986 1969 2161 9987 1970 2158 9988 1967 2163 9989 1973 2170 9990 1946 2159 9991 1972 2171 9992 1972 2171 9993 1946 2159 9994 1945 2160 9995 1972 2171 9996 1945 2160 9997 1971 2172 9998 1971 2172 9999 1945 2160 10000 1944 2162 10001 1971 2172 10002 1944 2162 10003 967 1129 10004 967 1129 10005 1944 2162 10006 969 1136 10007 1979 2173 10008 1973 2170 10009 1984 2174 10010 1984 2174 10011 1973 2170 10012 1972 2171 10013 1984 2174 10014 1972 2171 10015 1983 2175 10016 1983 2175 10017 1972 2171 10018 1982 2176 10019 1983 2175 10020 1982 2176 10021 1988 2177 10022 1988 2177 10023 1982 2176 10024 1987 2178 10025 1988 2177 10026 1987 2178 10027 1993 2179 10028 1993 2179 10029 1987 2178 10030 1992 2180 10031 1993 2179 10032 1992 2180 10033 1998 2181 10034 1998 2181 10035 1992 2180 10036 1997 2182 10037 1998 2181 10038 1997 2182 10039 1975 2183 10040 1975 2183 10041 1997 2182 10042 1974 2184 10043 1974 2184 10044 1997 2182 10045 1996 2185 10046 1974 2184 10047 1996 2185 10048 1995 2186 10049 1995 2186 10050 1996 2185 10051 1990 2187 10052 1995 2186 10053 1990 2187 10054 964 1134 10055 964 1134 10056 1990 2187 10057 965 1132 10058 965 1132 10059 1990 2187 10060 1985 2188 10061 965 1132 10062 1985 2188 10063 966 1130 10064 966 1130 10065 1985 2188 10066 1980 2189 10067 966 1130 10068 1980 2189 10069 967 1129 10070 967 1129 10071 1980 2189 10072 1971 2172 10073 1971 2172 10074 1980 2189 10075 1981 2190 10076 1971 2172 10077 1981 2190 10078 1982 2176 10079 1982 2176 10080 1981 2190 10081 1987 2178 10082 1972 2171 10083 1971 2172 10084 1982 2176 10085 964 1134 10086 959 1119 10087 1995 2186 10088 1995 2186 10089 959 1119 10090 1974 2184 10091 1998 2181 10092 1975 2183 10093 1999 2191 10094 1999 2191 10095 1975 2183 10096 1976 2192 10097 1999 2191 10098 1976 2192 10099 1977 2193 10100 1999 2191 10101 1977 2193 10102 1994 2194 10103 1994 2194 10104 1977 2193 10105 1978 2195 10106 1994 2194 10107 1978 2195 10108 1989 2196 10109 1989 2196 10110 1978 2195 10111 1979 2173 10112 1989 2196 10113 1979 2173 10114 1984 2174 10115 1981 2190 10116 1980 2189 10117 1986 2197 10118 1986 2197 10119 1980 2189 10120 1985 2188 10121 1986 2197 10122 1985 2188 10123 1991 2198 10124 1991 2198 10125 1985 2188 10126 1990 2187 10127 1991 2198 10128 1990 2187 10129 1996 2185 10130 1989 2196 10131 1984 2174 10132 1983 2175 10133 1989 2196 10134 1983 2175 10135 1988 2177 10136 1992 2180 10137 1987 2178 10138 1986 2197 10139 1986 2197 10140 1987 2178 10141 1981 2190 10142 1992 2180 10143 1986 2197 10144 1991 2198 10145 1994 2194 10146 1989 2196 10147 1988 2177 10148 1994 2194 10149 1988 2177 10150 1993 2179 10151 1997 2182 10152 1992 2180 10153 1991 2198 10154 1997 2182 10155 1991 2198 10156 1996 2185 10157 1999 2191 10158 1994 2194 10159 1993 2179 10160 1999 2191 10161 1993 2179 10162 1998 2181 10163 951 1103 10164 2000 2199 10165 956 1125 10166 956 1125 10167 2000 2199 10168 2010 2200 10169 956 1125 10170 2010 2200 10171 957 1123 10172 957 1123 10173 2010 2200 10174 2011 2201 10175 957 1123 10176 2011 2201 10177 958 1121 10178 958 1121 10179 2011 2201 10180 959 1119 10181 959 1119 10182 2011 2201 10183 1974 2184 10184 1974 2184 10185 2011 2201 10186 2012 2202 10187 1974 2184 10188 2012 2202 10189 2013 2203 10190 2013 2203 10191 2012 2202 10192 2008 2204 10193 2013 2203 10194 2008 2204 10195 2007 2205 10196 2007 2205 10197 2008 2204 10198 2001 2206 10199 2007 2205 10200 2001 2206 10201 2006 2207 10202 2006 2207 10203 2001 2206 10204 2002 2208 10205 2006 2207 10206 2002 2208 10207 2003 2209 10208 2001 2206 10209 2008 2204 10210 2000 2199 10211 2000 2199 10212 2008 2204 10213 2009 2210 10214 2000 2199 10215 2009 2210 10216 2010 2200 10217 2010 2200 10218 2009 2210 10219 2011 2201 10220 2003 2209 10221 2004 2211 10222 2006 2207 10223 2006 2207 10224 2004 2211 10225 2015 2212 10226 2006 2207 10227 2015 2212 10228 2014 2213 10229 2014 2213 10230 2015 2212 10231 1975 2183 10232 2014 2213 10233 1975 2183 10234 2013 2203 10235 2013 2203 10236 1975 2183 10237 1974 2184 10238 2004 2211 10239 2005 2214 10240 2015 2212 10241 2015 2212 10242 2005 2214 10243 1976 2192 10244 2015 2212 10245 1976 2192 10246 1975 2183 10247 2013 2203 10248 2007 2205 10249 2014 2213 10250 2014 2213 10251 2007 2205 10252 2006 2207 10253 2011 2201 10254 2009 2210 10255 2012 2202 10256 2012 2202 10257 2009 2210 10258 2008 2204 10259 2025 2215 10260 2002 2208 10261 2030 2216 10262 2030 2216 10263 2002 2208 10264 2001 2206 10265 2030 2216 10266 2001 2206 10267 2029 2217 10268 2029 2217 10269 2001 2206 10270 2028 2218 10271 2029 2217 10272 2028 2218 10273 2034 2219 10274 2034 2219 10275 2028 2218 10276 2033 2220 10277 2034 2219 10278 2033 2220 10279 2039 2221 10280 2039 2221 10281 2033 2220 10282 2038 2222 10283 2039 2221 10284 2038 2222 10285 2044 2223 10286 2044 2223 10287 2038 2222 10288 2043 2224 10289 2044 2223 10290 2043 2224 10291 2049 2225 10292 2049 2225 10293 2043 2224 10294 2048 2226 10295 2049 2225 10296 2048 2226 10297 2054 2227 10298 2054 2227 10299 2048 2226 10300 2053 2228 10301 2054 2227 10302 2053 2228 10303 2059 2229 10304 2059 2229 10305 2053 2228 10306 2058 2230 10307 2059 2229 10308 2058 2230 10309 2017 2231 10310 2017 2231 10311 2058 2230 10312 2016 2232 10313 2016 2232 10314 2058 2230 10315 2057 2233 10316 2016 2232 10317 2057 2233 10318 2056 2234 10319 2056 2234 10320 2057 2233 10321 2051 2235 10322 2056 2234 10323 2051 2235 10324 945 1114 10325 945 1114 10326 2051 2235 10327 946 1112 10328 946 1112 10329 2051 2235 10330 2046 2236 10331 946 1112 10332 2046 2236 10333 947 1110 10334 947 1110 10335 2046 2236 10336 2041 2237 10337 947 1110 10338 2041 2237 10339 948 1108 10340 948 1108 10341 2041 2237 10342 2036 2238 10343 948 1108 10344 2036 2238 10345 949 1106 10346 949 1106 10347 2036 2238 10348 2031 2239 10349 949 1106 10350 2031 2239 10351 950 1104 10352 950 1104 10353 2031 2239 10354 2026 2240 10355 950 1104 10356 2026 2240 10357 951 1103 10358 951 1103 10359 2026 2240 10360 2000 2199 10361 2000 2199 10362 2026 2240 10363 2027 2241 10364 2000 2199 10365 2027 2241 10366 2028 2218 10367 2028 2218 10368 2027 2241 10369 2033 2220 10370 2001 2206 10371 2000 2199 10372 2028 2218 10373 945 1114 10374 944 1116 10375 2056 2234 10376 2056 2234 10377 944 1116 10378 2016 2232 10379 944 1116 10380 943 1118 10381 2016 2232 10382 2059 2229 10383 2017 2231 10384 2060 2242 10385 2060 2242 10386 2017 2231 10387 2018 2243 10388 2060 2242 10389 2018 2243 10390 2019 2244 10391 2019 2244 10392 2020 2245 10393 2060 2242 10394 2060 2242 10395 2020 2245 10396 2055 2246 10397 2060 2242 10398 2055 2246 10399 2054 2227 10400 2054 2227 10401 2055 2246 10402 2049 2225 10403 2020 2245 10404 2021 2247 10405 2055 2246 10406 2055 2246 10407 2021 2247 10408 2050 2248 10409 2055 2246 10410 2050 2248 10411 2049 2225 10412 2049 2225 10413 2050 2248 10414 2044 2223 10415 2021 2247 10416 2022 2249 10417 2050 2248 10418 2050 2248 10419 2022 2249 10420 2045 2250 10421 2050 2248 10422 2045 2250 10423 2044 2223 10424 2044 2223 10425 2045 2250 10426 2039 2221 10427 2022 2249 10428 2023 2251 10429 2045 2250 10430 2045 2250 10431 2023 2251 10432 2040 2252 10433 2045 2250 10434 2040 2252 10435 2039 2221 10436 2039 2221 10437 2040 2252 10438 2034 2219 10439 2023 2251 10440 2024 2253 10441 2040 2252 10442 2040 2252 10443 2024 2253 10444 2035 2254 10445 2040 2252 10446 2035 2254 10447 2034 2219 10448 2034 2219 10449 2035 2254 10450 2029 2217 10451 2024 2253 10452 2025 2215 10453 2035 2254 10454 2035 2254 10455 2025 2215 10456 2030 2216 10457 2035 2254 10458 2030 2216 10459 2029 2217 10460 2027 2241 10461 2026 2240 10462 2032 2255 10463 2032 2255 10464 2026 2240 10465 2031 2239 10466 2032 2255 10467 2031 2239 10468 2037 2256 10469 2037 2256 10470 2031 2239 10471 2036 2238 10472 2037 2256 10473 2036 2238 10474 2042 2257 10475 2042 2257 10476 2036 2238 10477 2041 2237 10478 2042 2257 10479 2041 2237 10480 2047 2258 10481 2047 2258 10482 2041 2237 10483 2046 2236 10484 2047 2258 10485 2046 2236 10486 2052 2259 10487 2052 2259 10488 2046 2236 10489 2051 2235 10490 2052 2259 10491 2051 2235 10492 2057 2233 10493 2038 2222 10494 2033 2220 10495 2032 2255 10496 2032 2255 10497 2033 2220 10498 2027 2241 10499 2038 2222 10500 2032 2255 10501 2037 2256 10502 2043 2224 10503 2038 2222 10504 2037 2256 10505 2043 2224 10506 2037 2256 10507 2042 2257 10508 2048 2226 10509 2043 2224 10510 2042 2257 10511 2048 2226 10512 2042 2257 10513 2047 2258 10514 2053 2228 10515 2048 2226 10516 2047 2258 10517 2053 2228 10518 2047 2258 10519 2052 2259 10520 2058 2230 10521 2053 2228 10522 2052 2259 10523 2058 2230 10524 2052 2259 10525 2057 2233 10526 2060 2242 10527 2054 2227 10528 2059 2229 10529 2064 2260 10530 2018 2243 10531 2063 2261 10532 2063 2261 10533 2018 2243 10534 2017 2231 10535 2063 2261 10536 2017 2231 10537 2062 2262 10538 2062 2262 10539 2017 2231 10540 2016 2232 10541 2062 2262 10542 2016 2232 10543 2061 2263 10544 2061 2263 10545 2016 2232 10546 943 1118 10547 2065 2264 10548 919 1086 10549 2066 2265 10550 2066 2265 10551 919 1086 10552 933 1088 10553 340 2266 10554 339 2267 10555 2067 2268 10556 2067 2268 10557 339 2267 10558 2070 2269 10559 2070 2269 10560 339 2267 10561 2069 2270 10562 2069 2270 10563 339 2267 10564 338 2271 10565 2069 2270 10566 338 2271 10567 2068 2272 10568 2068 2272 10569 338 2271 10570 337 2273 10571 942 1117 10572 2071 2274 10573 943 1118 10574 943 1118 10575 2071 2274 10576 2061 2263 10577 846 2275 10578 1122 2276 10579 1128 2277 10580 1128 2277 10581 1122 2276 10582 1121 2278 10583 1128 2277 10584 1121 2278 10585 1129 2279 10586 1129 2279 10587 1121 2278 10588 1130 2280 10589 1130 2280 10590 1121 2278 10591 1120 2281 10592 1130 2280 10593 1120 2281 10594 1131 2282 10595 845 2283 10596 1102 2284 10597 846 2275 10598 846 2275 10599 1102 2284 10600 1111 2285 10601 846 2275 10602 1111 2285 10603 1122 2276 10604 1122 2276 10605 1111 2285 10606 1110 2286 10607 1122 2276 10608 1110 2286 10609 1123 2287 10610 1123 2287 10611 1110 2286 10612 1109 2288 10613 1123 2287 10614 1109 2288 10615 1108 2289 10616 845 2283 10617 844 2290 10618 1102 2284 10619 1102 2284 10620 844 2290 10621 1096 2291 10622 1096 2291 10623 844 2290 10624 843 2292 10625 1096 2291 10626 843 2292 10627 1097 2293 10628 1097 2293 10629 843 2292 10630 842 2294 10631 1097 2293 10632 842 2294 10633 1098 2295 10634 1098 2295 10635 842 2294 10636 1021 2296 10637 1098 2295 10638 1021 2296 10639 1095 2297 10640 1095 2297 10641 1021 2296 10642 1020 2298 10643 1095 2297 10644 1020 2298 10645 1066 2299 10646 1066 2299 10647 1020 2298 10648 1019 2300 10649 1066 2299 10650 1019 2300 10651 1018 2301 10652 1021 2296 10653 842 2294 10654 1022 2302 10655 1022 2302 10656 842 2294 10657 841 2303 10658 1022 2302 10659 841 2303 10660 973 347 10661 973 347 10662 841 2303 10663 891 2304 10664 973 347 10665 891 2304 10666 974 2305 10667 974 2305 10668 891 2304 10669 890 2306 10670 974 2305 10671 890 2306 10672 2073 347 10673 2073 347 10674 890 2306 10675 2072 2307 10676 2072 2307 10677 890 2306 10678 2065 2308 10679 2065 2308 10680 890 2306 10681 889 2309 10682 2065 2308 10683 889 2309 10684 888 2310 10685 841 2303 10686 840 2311 10687 891 2304 10688 891 2304 10689 840 2311 10690 868 2312 10691 891 2304 10692 868 2312 10693 892 2313 10694 892 2313 10695 868 2312 10696 867 2314 10697 892 2313 10698 867 2314 10699 893 2315 10700 893 2315 10701 867 2314 10702 884 2316 10703 884 2316 10704 867 2314 10705 876 2317 10706 876 2317 10707 867 2314 10708 877 2318 10709 877 2318 10710 867 2314 10711 866 2319 10712 877 2318 10713 866 2319 10714 878 2320 10715 878 2320 10716 866 2319 10717 879 2321 10718 868 2312 10719 840 2311 10720 869 2322 10721 869 2322 10722 840 2311 10723 839 2323 10724 869 2322 10725 839 2323 10726 870 347 10727 870 347 10728 839 2323 10729 838 347 10730 870 347 10731 838 347 10732 856 347 10733 856 347 10734 861 347 10735 870 347 10736 870 347 10737 861 347 10738 860 347 10739 870 347 10740 860 347 10741 858 347 10742 858 347 10743 860 347 10744 859 347 10745 888 2310 10746 887 2324 10747 2065 2308 10748 2065 2308 10749 887 2324 10750 919 2325 10751 919 2325 10752 887 2324 10753 886 2326 10754 919 2325 10755 886 2326 10756 902 2327 10757 919 2325 10758 902 2327 10759 914 2328 10760 914 2328 10761 902 2327 10762 907 2329 10763 914 2328 10764 907 2329 10765 906 2330 10766 905 347 10767 904 2331 10768 906 2330 10769 906 2330 10770 904 2331 10771 914 2328 10772 913 2332 10773 921 2333 10774 914 2328 10775 914 2328 10776 921 2333 10777 920 2334 10778 914 2328 10779 920 2334 10780 919 2325 10781 912 2335 10782 924 2336 10783 913 2332 10784 913 2332 10785 924 2336 10786 923 347 10787 913 2332 10788 923 347 10789 922 347 10790 926 347 10791 925 2337 10792 912 2335 10793 912 2335 10794 925 2337 10795 924 2336 10796 922 347 10797 921 2333 10798 913 2332 10799 2073 347 10800 2074 2307 10801 974 2305 10802 974 2305 10803 2074 2307 10804 2071 2338 10805 974 2305 10806 2071 2338 10807 975 347 10808 975 347 10809 2071 2338 10810 976 2339 10811 976 2339 10812 2071 2338 10813 977 2340 10814 977 2340 10815 2071 2338 10816 942 2341 10817 977 2340 10818 942 2341 10819 968 2342 10820 968 2342 10821 942 2341 10822 960 2343 10823 960 2343 10824 942 2341 10825 954 2344 10826 960 2343 10827 954 2344 10828 953 2345 10829 942 2341 10830 941 2346 10831 954 2344 10832 954 2344 10833 941 2346 10834 940 2347 10835 954 2344 10836 940 2347 10837 955 2348 10838 955 2348 10839 940 2347 10840 939 2349 10841 955 2348 10842 939 2349 10843 938 347 10844 938 347 10845 937 2336 10846 955 2348 10847 955 2348 10848 937 2336 10849 934 2335 10850 934 2335 10851 937 2336 10852 936 2337 10853 934 2335 10854 936 2337 10855 935 347 10856 952 347 10857 962 2350 10858 953 2345 10859 953 2345 10860 962 2350 10861 961 2351 10862 953 2345 10863 961 2351 10864 960 2343 10865 952 347 10866 963 347 10867 962 2350 10868 972 347 10869 999 347 10870 973 347 10871 973 347 10872 999 347 10873 1023 347 10874 973 347 10875 1023 347 10876 1022 2302 10877 999 347 10878 972 347 10879 1000 347 10880 1000 347 10881 972 347 10882 971 2352 10883 1000 347 10884 971 2352 10885 1001 2353 10886 1001 2353 10887 971 2352 10888 970 2354 10889 1001 2353 10890 970 2354 10891 986 2355 10892 986 2355 10893 991 2356 10894 1001 2353 10895 1001 2353 10896 991 2356 10897 990 2357 10898 1001 2353 10899 990 2357 10900 988 2358 10901 988 2358 10902 990 2357 10903 989 347 10904 999 347 10905 998 347 10906 1023 347 10907 1023 347 10908 998 347 10909 1024 347 10910 1024 347 10911 998 347 10912 997 2359 10913 1024 347 10914 997 2359 10915 1015 347 10916 1015 347 10917 997 2359 10918 1007 347 10919 1007 347 10920 997 2359 10921 1008 347 10922 1008 347 10923 997 2359 10924 1009 2360 10925 1009 2360 10926 997 2359 10927 996 2361 10928 1009 2360 10929 996 2361 10930 1010 347 10931 1066 2299 10932 1018 2301 10933 1050 2362 10934 1050 2362 10935 1018 2301 10936 1017 2363 10937 1050 2362 10938 1017 2363 10939 1051 2364 10940 1051 2364 10941 1017 2363 10942 1045 2365 10943 1051 2364 10944 1045 2365 10945 1052 2366 10946 1052 2366 10947 1045 2365 10948 1044 2367 10949 1052 2366 10950 1044 2367 10951 1053 2368 10952 1053 2368 10953 1044 2367 10954 1054 2369 10955 1054 2369 10956 1044 2367 10957 1055 2370 10958 1055 2370 10959 1044 2367 10960 1043 2371 10961 1055 2370 10962 1043 2371 10963 1056 2372 10964 1056 2372 10965 1043 2371 10966 1057 2373 10967 1017 2363 10968 1033 2374 10969 1045 2365 10970 1045 2365 10971 1033 2374 10972 1038 2375 10973 1045 2365 10974 1038 2375 10975 1037 2376 10976 1036 2377 10977 1035 2378 10978 1037 2376 10979 1037 2376 10980 1035 2378 10981 1045 2365 10982 1095 2297 10983 1066 2299 10984 1092 2379 10985 1092 2379 10986 1066 2299 10987 1068 2380 10988 1092 2379 10989 1068 2380 10990 1069 2381 10991 1069 2381 10992 1068 2380 10993 1070 2382 10994 1070 2382 10995 1068 2380 10996 1071 2383 10997 1069 2381 10998 1072 2384 10999 1092 2379 11000 1092 2379 11001 1072 2384 11002 1075 2385 11003 1092 2379 11004 1075 2385 11005 1093 2386 11006 1093 2386 11007 1075 2385 11008 1074 2387 11009 1093 2386 11010 1074 2387 11011 1094 2388 11012 1094 2388 11013 1074 2387 11014 1086 2389 11015 1094 2388 11016 1086 2389 11017 1089 2390 11018 1089 2390 11019 1086 2389 11020 1085 2391 11021 1089 2390 11022 1085 2391 11023 1090 2392 11024 1090 2392 11025 1085 2391 11026 1084 2393 11027 1090 2392 11028 1084 2393 11029 1091 2394 11030 1091 2394 11031 1084 2393 11032 1076 2395 11033 1076 2395 11034 1084 2393 11035 1083 2396 11036 1076 2395 11037 1083 2396 11038 1077 2397 11039 1077 2397 11040 1083 2396 11041 1082 347 11042 1077 2397 11043 1082 347 11044 1078 347 11045 1078 347 11046 1082 347 11047 1081 347 11048 1078 347 11049 1081 347 11050 1079 347 11051 1079 347 11052 1081 347 11053 1080 347 11054 1086 2389 11055 1074 2387 11056 1087 2398 11057 1087 2398 11058 1074 2387 11059 1073 2399 11060 1087 2398 11061 1073 2399 11062 1088 2400 11063 1108 2289 11064 1107 2401 11065 1123 2287 11066 1123 2287 11067 1107 2401 11068 1104 2402 11069 1104 2402 11070 1107 2401 11071 1106 2403 11072 1104 2402 11073 1106 2403 11074 1105 347 11075 1340 1539 11076 2075 2404 11077 1341 1540 11078 1341 1540 11079 2075 2404 11080 2076 2405 11081 1341 1540 11082 2076 2405 11083 1342 1565 11084 1342 1565 11085 2076 2405 11086 2077 2406 11087 1342 1565 11088 2077 2406 11089 933 1088 11090 933 1088 11091 2077 2406 11092 2066 2265 11093 2079 347 11094 2083 347 11095 2078 347 11096 2078 347 11097 2083 347 11098 2084 347 11099 2078 347 11100 2084 347 11101 2089 347 11102 2089 347 11103 2084 347 11104 2085 347 11105 2089 347 11106 2085 347 11107 2088 347 11108 2088 347 11109 2085 347 11110 2086 347 11111 2088 347 11112 2086 347 11113 2087 347 11114 2083 347 11115 2079 347 11116 2082 347 11117 2082 347 11118 2079 347 11119 2080 347 11120 2082 347 11121 2080 347 11122 2081 347 11123 2091 347 11124 2095 347 11125 2090 347 11126 2090 347 11127 2095 347 11128 2096 347 11129 2090 347 11130 2096 347 11131 2101 347 11132 2101 347 11133 2096 347 11134 2097 347 11135 2101 347 11136 2097 347 11137 2100 347 11138 2100 347 11139 2097 347 11140 2098 347 11141 2100 347 11142 2098 347 11143 2099 347 11144 2095 347 11145 2091 347 11146 2094 347 11147 2094 347 11148 2091 347 11149 2092 347 11150 2094 347 11151 2092 347 11152 2093 347 11153 2102 2407 11154 2103 2408 11155 2115 2409 11156 2115 2409 11157 2103 2408 11158 2104 2410 11159 2115 2409 11160 2104 2410 11161 2075 2404 11162 1340 1539 11163 1438 1627 11164 2075 2404 11165 2075 2404 11166 1438 1627 11167 1437 1629 11168 2075 2404 11169 1437 1629 11170 1436 1631 11171 1352 1541 11172 1388 1596 11173 1340 1539 11174 1340 1539 11175 1388 1596 11176 1387 1591 11177 1340 1539 11178 1387 1591 11179 1427 1624 11180 1427 1624 11181 1387 1591 11182 1386 1592 11183 1427 1624 11184 1386 1592 11185 1401 1617 11186 1401 1617 11187 1386 1592 11188 1402 1618 11189 1402 1618 11190 1386 1592 11191 1403 1620 11192 1403 1620 11193 1386 1592 11194 1385 1593 11195 1403 1620 11196 1385 1593 11197 1404 1598 11198 1352 1541 11199 1351 1543 11200 1388 1596 11201 1388 1596 11202 1351 1543 11203 1350 1545 11204 1388 1596 11205 1350 1545 11206 1349 1547 11207 1388 1596 11208 1349 1547 11209 1345 1554 11210 1345 1554 11211 1349 1547 11212 1348 1548 11213 1345 1554 11214 1348 1548 11215 1347 1550 11216 1347 1550 11217 1346 1552 11218 1345 1554 11219 1427 1624 11220 1438 1627 11221 1340 1539 11222 1435 1633 11223 2114 2411 11224 1436 1631 11225 1436 1631 11226 2114 2411 11227 2115 2409 11228 1436 1631 11229 2115 2409 11230 2075 2404 11231 1434 1635 11232 2112 2412 11233 1435 1633 11234 1435 1633 11235 2112 2412 11236 2113 2413 11237 1435 1633 11238 2113 2413 11239 2114 2411 11240 1433 1637 11241 1289 1493 11242 1434 1635 11243 1434 1635 11244 1289 1493 11245 1303 1537 11246 1434 1635 11247 1303 1537 11248 1302 1535 11249 1289 1493 11250 1433 1637 11251 1290 1494 11252 1290 1494 11253 1433 1637 11254 1432 1639 11255 1290 1494 11256 1432 1639 11257 1291 1523 11258 1291 1523 11259 1432 1639 11260 1495 1703 11261 1291 1523 11262 1495 1703 11263 1292 1525 11264 1292 1525 11265 1495 1703 11266 1293 1527 11267 1293 1527 11268 1495 1703 11269 1494 1711 11270 1293 1527 11271 1494 1711 11272 1294 1513 11273 1294 1513 11274 1494 1711 11275 1189 1423 11276 1294 1513 11277 1189 1423 11278 1295 1512 11279 1295 1512 11280 1189 1423 11281 1188 1394 11282 1295 1512 11283 1188 1394 11284 1296 1528 11285 1296 1528 11286 1188 1394 11287 1187 1393 11288 1296 1528 11289 1187 1393 11290 1297 1530 11291 1297 1530 11292 1187 1393 11293 1201 1437 11294 1297 1530 11295 1201 1437 11296 1298 1532 11297 1298 1532 11298 1201 1437 11299 1200 1435 11300 1298 1532 11301 1200 1435 11302 1299 1501 11303 1299 1501 11304 1200 1435 11305 1199 1433 11306 1299 1501 11307 1199 1433 11308 1300 1500 11309 1300 1500 11310 1199 1433 11311 1140 1376 11312 1300 1500 11313 1140 1376 11314 1139 1374 11315 1432 1639 11316 1431 1641 11317 1495 1703 11318 1495 1703 11319 1431 1641 11320 1430 1643 11321 1495 1703 11322 1430 1643 11323 1460 1681 11324 1460 1681 11325 1430 1643 11326 1457 1654 11327 1460 1681 11328 1457 1654 11329 1463 1657 11330 1463 1657 11331 1462 1684 11332 1460 1681 11333 1460 1681 11334 1462 1684 11335 1461 1682 11336 1189 1423 11337 1494 1711 11338 1190 1425 11339 1190 1425 11340 1494 1711 11341 1493 1715 11342 1190 1425 11343 1493 1715 11344 1191 1427 11345 1191 1427 11346 1493 1715 11347 1192 1413 11348 1192 1413 11349 1493 1715 11350 1492 1714 11351 1192 1413 11352 1492 1714 11353 1193 1412 11354 1193 1412 11355 1492 1714 11356 1569 1766 11357 1193 1412 11358 1569 1766 11359 1194 1428 11360 1194 1428 11361 1569 1766 11362 1580 1769 11363 1194 1428 11364 1580 1769 11365 1579 1771 11366 1491 1713 11367 1539 1760 11368 1492 1714 11369 1492 1714 11370 1539 1760 11371 1538 1759 11372 1492 1714 11373 1538 1759 11374 1569 1766 11375 1541 1735 11376 1540 1762 11377 1491 1713 11378 1491 1713 11379 1540 1762 11380 1539 1760 11381 1194 1428 11382 1579 1771 11383 1195 1430 11384 1195 1430 11385 1579 1771 11386 1578 1773 11387 1195 1430 11388 1578 1773 11389 1196 1432 11390 1196 1432 11391 1578 1773 11392 1577 1775 11393 1196 1432 11394 1577 1775 11395 1197 1401 11396 1197 1401 11397 1577 1775 11398 1243 1463 11399 1197 1401 11400 1243 1463 11401 1242 1477 11402 1243 1463 11403 1577 1775 11404 1808 2009 11405 1808 2009 11406 1577 1775 11407 1576 1777 11408 1808 2009 11409 1576 1777 11410 1809 2007 11411 1809 2007 11412 1576 1777 11413 1703 1901 11414 1809 2007 11415 1703 1901 11416 1810 2005 11417 1810 2005 11418 1703 1901 11419 1702 1903 11420 1810 2005 11421 1702 1903 11422 1811 2003 11423 1811 2003 11424 1702 1903 11425 1812 2001 11426 1812 2001 11427 1702 1903 11428 1711 1908 11429 1812 2001 11430 1711 1908 11431 1801 1998 11432 1801 1998 11433 1711 1908 11434 1756 1960 11435 1801 1998 11436 1756 1960 11437 1755 1961 11438 1703 1901 11439 1576 1777 11440 1704 1899 11441 1704 1899 11442 1576 1777 11443 1575 1779 11444 1704 1899 11445 1575 1779 11446 1699 1896 11447 1699 1896 11448 1575 1779 11449 1574 1781 11450 1699 1896 11451 1574 1781 11452 1573 1783 11453 1699 1896 11454 1573 1783 11455 1659 1881 11456 1659 1881 11457 1573 1783 11458 1572 1785 11459 1659 1881 11460 1572 1785 11461 1635 1850 11462 1635 1850 11463 1572 1785 11464 1636 1841 11465 1636 1841 11466 1572 1785 11467 1599 1796 11468 1636 1841 11469 1599 1796 11470 1605 1799 11471 1605 1799 11472 1604 1826 11473 1636 1841 11474 1636 1841 11475 1604 1826 11476 1602 1823 11477 1602 1823 11478 1604 1826 11479 1603 1824 11480 1635 1850 11481 1634 1849 11482 1659 1881 11483 1659 1881 11484 1634 1849 11485 1660 1882 11486 1660 1882 11487 1634 1849 11488 1661 1883 11489 1661 1883 11490 1634 1849 11491 1662 1886 11492 1662 1886 11493 1634 1849 11494 1663 1887 11495 1663 1887 11496 1634 1849 11497 1664 1889 11498 1664 1889 11499 1634 1849 11500 1633 1848 11501 1664 1889 11502 1633 1848 11503 1665 1891 11504 1665 1891 11505 1633 1848 11506 1666 1856 11507 1756 1960 11508 1711 1908 11509 1757 1965 11510 1757 1965 11511 1711 1908 11512 1721 1911 11513 1757 1965 11514 1721 1911 11515 1720 1946 11516 1720 1946 11517 1719 1944 11518 1757 1965 11519 1757 1965 11520 1719 1944 11521 1718 1942 11522 1757 1965 11523 1718 1942 11524 1717 1941 11525 1757 1965 11526 1717 1941 11527 1714 1936 11528 1714 1936 11529 1717 1941 11530 1716 1938 11531 1714 1936 11532 1716 1938 11533 1715 1937 11534 1754 1962 11535 1772 1994 11536 1755 1961 11537 1755 1961 11538 1772 1994 11539 1771 1992 11540 1755 1961 11541 1771 1992 11542 1770 1991 11543 1754 1962 11544 1773 1967 11545 1772 1994 11546 1770 1991 11547 1801 1998 11548 1755 1961 11549 1243 1463 11550 1808 2009 11551 1244 1462 11552 1244 1462 11553 1808 2009 11554 1807 2011 11555 1244 1462 11556 1807 2011 11557 1245 1478 11558 1245 1478 11559 1807 2011 11560 1806 2013 11561 1245 1478 11562 1806 2013 11563 1246 1480 11564 1246 1480 11565 1806 2013 11566 1805 2015 11567 1246 1480 11568 1805 2015 11569 1804 2017 11570 1831 2028 11571 1869 2083 11572 1804 2017 11573 1804 2017 11574 1869 2083 11575 1247 1482 11576 1804 2017 11577 1247 1482 11578 1246 1480 11579 1831 2028 11580 1837 2031 11581 1869 2083 11582 1869 2083 11583 1837 2031 11584 1834 2053 11585 1834 2053 11586 1837 2031 11587 1836 2056 11588 1834 2053 11589 1836 2056 11590 1835 2054 11591 1247 1482 11592 1869 2083 11593 1248 1452 11594 1248 1452 11595 1869 2083 11596 1868 2085 11597 1248 1452 11598 1868 2085 11599 1249 1451 11600 1249 1451 11601 1868 2085 11602 1250 1483 11603 1250 1483 11604 1868 2085 11605 1867 2087 11606 1250 1483 11607 1867 2087 11608 1251 1485 11609 1251 1485 11610 1867 2087 11611 1146 1350 11612 1251 1485 11613 1146 1350 11614 1145 1381 11615 1146 1350 11616 1867 2087 11617 1147 1349 11618 1147 1349 11619 1867 2087 11620 1866 2097 11621 1147 1349 11622 1866 2097 11623 1148 1382 11624 1148 1382 11625 1866 2097 11626 1149 1384 11627 1149 1384 11628 1866 2097 11629 1953 2145 11630 1149 1384 11631 1953 2145 11632 1150 1386 11633 1150 1386 11634 1953 2145 11635 1952 2147 11636 1150 1386 11637 1952 2147 11638 1136 1342 11639 1136 1342 11640 1952 2147 11641 1951 2149 11642 1136 1342 11643 1951 2149 11644 1137 1343 11645 1137 1343 11646 1951 2149 11647 1138 1372 11648 1138 1372 11649 1951 2149 11650 2111 198 11651 1138 1372 11652 2111 198 11653 2112 2412 11654 1865 2096 11655 1943 2140 11656 1866 2097 11657 1866 2097 11658 1943 2140 11659 1954 2143 11660 1866 2097 11661 1954 2143 11662 1953 2145 11663 1915 2109 11664 1914 2136 11665 1865 2096 11666 1865 2096 11667 1914 2136 11668 1913 2134 11669 1865 2096 11670 1913 2134 11671 1912 2133 11672 1912 2133 11673 1943 2140 11674 1865 2096 11675 1951 2149 11676 1950 2151 11677 2111 198 11678 2111 198 11679 1950 2151 11680 2110 198 11681 2110 198 11682 1950 2151 11683 2109 198 11684 2109 198 11685 1950 2151 11686 1949 2153 11687 2109 198 11688 1949 2153 11689 2108 2414 11690 2108 2414 11691 1949 2153 11692 2064 2260 11693 2108 2414 11694 2064 2260 11695 2105 2415 11696 1949 2153 11697 1948 2155 11698 2064 2260 11699 2064 2260 11700 1948 2155 11701 1947 2157 11702 2064 2260 11703 1947 2157 11704 2018 2243 11705 2018 2243 11706 1947 2157 11707 1946 2159 11708 2018 2243 11709 1946 2159 11710 2004 2211 11711 2004 2211 11712 1946 2159 11713 2005 2214 11714 2005 2214 11715 1946 2159 11716 1973 2170 11717 2005 2214 11718 1973 2170 11719 1979 2173 11720 1979 2173 11721 1978 2195 11722 2005 2214 11723 2005 2214 11724 1978 2195 11725 1976 2192 11726 1976 2192 11727 1978 2195 11728 1977 2193 11729 2004 2211 11730 2003 2209 11731 2018 2243 11732 2018 2243 11733 2003 2209 11734 2019 2244 11735 2019 2244 11736 2003 2209 11737 2020 2245 11738 2020 2245 11739 2003 2209 11740 2021 2247 11741 2021 2247 11742 2003 2209 11743 2022 2249 11744 2022 2249 11745 2003 2209 11746 2002 2208 11747 2022 2249 11748 2002 2208 11749 2023 2251 11750 2023 2251 11751 2002 2208 11752 2024 2253 11753 2024 2253 11754 2002 2208 11755 2025 2215 11756 2105 2415 11757 2106 2416 11758 2108 2414 11759 2108 2414 11760 2106 2416 11761 2107 2417 11762 1434 1635 11763 1302 1535 11764 2112 2412 11765 2112 2412 11766 1302 1535 11767 1301 1533 11768 2112 2412 11769 1301 1533 11770 1139 1374 11771 1139 1374 11772 1301 1533 11773 1300 1500 11774 1252 1487 11775 1144 1379 11776 1238 1444 11777 1238 1444 11778 1144 1379 11779 1143 1377 11780 1238 1444 11781 1143 1377 11782 1239 1445 11783 1239 1445 11784 1143 1377 11785 1142 1361 11786 1239 1445 11787 1142 1361 11788 1240 1473 11789 1240 1473 11790 1142 1361 11791 1141 1362 11792 1240 1473 11793 1141 1362 11794 1241 1475 11795 1241 1475 11796 1141 1362 11797 1140 1376 11798 1241 1475 11799 1140 1376 11800 1199 1433 11801 1144 1379 11802 1252 1487 11803 1145 1381 11804 1145 1381 11805 1252 1487 11806 1251 1485 11807 1197 1401 11808 1242 1477 11809 1198 1400 11810 1198 1400 11811 1242 1477 11812 1241 1475 11813 1198 1400 11814 1241 1475 11815 1199 1433 11816 1139 1374 11817 1138 1372 11818 2112 2412 11819 2116 2418 11820 2117 2419 11821 2121 2420 11822 2121 2420 11823 2117 2419 11824 2120 2421 11825 2120 2421 11826 2117 2419 11827 2062 2262 11828 2120 2421 11829 2062 2262 11830 2061 2263 11831 2117 2419 11832 2118 2422 11833 2062 2262 11834 2062 2262 11835 2118 2422 11836 2063 2261 11837 2063 2261 11838 2118 2422 11839 2119 2423 11840 2063 2261 11841 2119 2423 11842 2105 2415 11843 2105 2415 11844 2119 2423 11845 2106 2416 11846 2106 2416 11847 2119 2423 11848 2107 2417 11849 2105 2415 11850 2064 2260 11851 2063 2261 11852 337 2273 11853 336 2424 11854 2068 2272 11855 2068 2272 11856 336 2424 11857 2125 2425 11858 2125 2425 11859 336 2424 11860 335 2426 11861 2125 2425 11862 335 2426 11863 2124 2427 11864 2124 2427 11865 335 2426 11866 334 2428 11867 2124 2427 11868 334 2428 11869 2123 2429 11870 2123 2429 11871 334 2428 11872 2122 2430 11873 2122 2430 11874 334 2428 11875 333 2431 11876 340 2266 11877 2067 2268 11878 341 2432 11879 341 2432 11880 2067 2268 11881 2126 2433 11882 341 2432 11883 2126 2433 11884 342 2434 11885 342 2434 11886 2126 2433 11887 2127 2435 11888 342 2434 11889 2127 2435 11890 343 2436 11891 343 2436 11892 2127 2435 11893 2128 2437 11894 343 2436 11895 2128 2437 11896 327 2438 11897 327 2438 11898 2128 2437 11899 2129 2439 11900 2074 2440 11901 2124 2441 11902 2071 2274 11903 2071 2274 11904 2124 2441 11905 2123 2442 11906 2071 2274 11907 2123 2442 11908 2122 2443 11909 2073 2444 11910 2069 2445 11911 2074 2440 11912 2074 2440 11913 2069 2445 11914 2068 2446 11915 2074 2440 11916 2068 2446 11917 2125 2447 11918 2069 2445 11919 2073 2444 11920 2070 2448 11921 2070 2448 11922 2073 2444 11923 2072 2449 11924 2070 2448 11925 2072 2449 11926 2067 2450 11927 2067 2450 11928 2072 2449 11929 2126 2451 11930 2126 2451 11931 2072 2449 11932 2065 2264 11933 2126 2451 11934 2065 2264 11935 2127 2452 11936 2127 2452 11937 2065 2264 11938 2128 2453 11939 2128 2453 11940 2065 2264 11941 2129 2454 11942 2129 2454 11943 2065 2264 11944 2130 2455 11945 2129 2454 11946 2130 2455 11947 2131 2456 11948 2065 2264 11949 2066 2265 11950 2130 2455 11951 2131 2456 11952 2132 2457 11953 2129 2454 11954 2125 2447 11955 2124 2441 11956 2074 2440 11957 2116 2418 11958 2121 2420 11959 2122 2443 11960 2122 2443 11961 2121 2420 11962 2120 2421 11963 2122 2443 11964 2120 2421 11965 2071 2274 11966 2071 2274 11967 2120 2421 11968 2061 2263 11969 2102 2407 11970 2133 2458 11971 2103 2408 11972 2103 2408 11973 2133 2458 11974 2104 2410 11975 2104 2410 11976 2133 2458 11977 2076 2405 11978 2104 2410 11979 2076 2405 11980 2075 2404 11981 2133 2458 11982 2134 2459 11983 2076 2405 11984 2076 2405 11985 2134 2459 11986 2077 2406 11987 2077 2406 11988 2134 2459 11989 2135 2460 11990 2077 2406 11991 2135 2460 11992 2130 2455 11993 2130 2455 11994 2135 2460 11995 2131 2456 11996 2131 2456 11997 2135 2460 11998 2132 2457 11999 2130 2455 12000 2066 2265 12001 2077 2406 12002 2137 2461 12003 393 2462 12004 2136 2463 12005 2136 2463 12006 393 2462 12007 392 2464 12008 2136 2463 12009 392 2464 12010 2147 2465 12011 2147 2465 12012 392 2464 12013 403 2466 12014 2147 2465 12015 403 2466 12016 2146 2467 12017 2146 2467 12018 403 2466 12019 402 2468 12020 2146 2467 12021 402 2468 12022 2145 2469 12023 2145 2469 12024 402 2468 12025 401 2470 12026 2145 2469 12027 401 2470 12028 2144 2471 12029 2144 2471 12030 401 2470 12031 400 2472 12032 2144 2471 12033 400 2472 12034 2143 2473 12035 2143 2473 12036 400 2472 12037 399 2474 12038 2143 2473 12039 399 2474 12040 2142 2475 12041 2142 2475 12042 399 2474 12043 398 2476 12044 2142 2475 12045 398 2476 12046 2141 2477 12047 2141 2477 12048 398 2476 12049 397 2478 12050 2141 2477 12051 397 2478 12052 2140 2479 12053 2140 2479 12054 397 2478 12055 396 2480 12056 2140 2479 12057 396 2480 12058 2139 2481 12059 2139 2481 12060 396 2480 12061 395 2482 12062 2139 2481 12063 395 2482 12064 2138 2483 12065 2138 2483 12066 395 2482 12067 394 2484 12068 2138 2483 12069 394 2484 12070 2137 2461 12071 2137 2461 12072 394 2484 12073 393 2462 12074 2149 2485 12075 381 2486 12076 2148 2487 12077 2148 2487 12078 381 2486 12079 380 2488 12080 2148 2487 12081 380 2488 12082 2159 2489 12083 2159 2489 12084 380 2488 12085 391 2490 12086 2159 2489 12087 391 2490 12088 2158 2491 12089 2158 2491 12090 391 2490 12091 390 2492 12092 2158 2491 12093 390 2492 12094 2157 2493 12095 2157 2493 12096 390 2492 12097 389 2494 12098 2157 2493 12099 389 2494 12100 2156 2495 12101 2156 2495 12102 389 2494 12103 388 2496 12104 2156 2495 12105 388 2496 12106 2155 2497 12107 2155 2497 12108 388 2496 12109 387 2498 12110 2155 2497 12111 387 2498 12112 2154 2499 12113 2154 2499 12114 387 2498 12115 386 2500 12116 2154 2499 12117 386 2500 12118 2153 2501 12119 2153 2501 12120 386 2500 12121 385 2502 12122 2153 2501 12123 385 2502 12124 2152 2503 12125 2152 2503 12126 385 2502 12127 384 2504 12128 2152 2503 12129 384 2504 12130 2151 2505 12131 2151 2505 12132 384 2504 12133 383 2506 12134 2151 2505 12135 383 2506 12136 2150 2507 12137 2150 2507 12138 383 2506 12139 382 2508 12140 2150 2507 12141 382 2508 12142 2149 2485 12143 2149 2485 12144 382 2508 12145 381 2486 12146 2161 2509 12147 369 2510 12148 2160 2511 12149 2160 2511 12150 369 2510 12151 368 2512 12152 2160 2511 12153 368 2512 12154 2171 2513 12155 2171 2513 12156 368 2512 12157 379 2514 12158 2171 2513 12159 379 2514 12160 2170 2515 12161 2170 2515 12162 379 2514 12163 378 2516 12164 2170 2515 12165 378 2516 12166 2169 2517 12167 2169 2517 12168 378 2516 12169 377 2518 12170 2169 2517 12171 377 2518 12172 2168 2519 12173 2168 2519 12174 377 2518 12175 376 2520 12176 2168 2519 12177 376 2520 12178 2167 2521 12179 2167 2521 12180 376 2520 12181 375 2522 12182 2167 2521 12183 375 2522 12184 2166 2523 12185 2166 2523 12186 375 2522 12187 374 2524 12188 2166 2523 12189 374 2524 12190 2165 2525 12191 2165 2525 12192 374 2524 12193 373 2526 12194 2165 2525 12195 373 2526 12196 2164 2527 12197 2164 2527 12198 373 2526 12199 372 2528 12200 2164 2527 12201 372 2528 12202 2163 2529 12203 2163 2529 12204 372 2528 12205 371 2530 12206 2163 2529 12207 371 2530 12208 2162 2531 12209 2162 2531 12210 371 2530 12211 370 2532 12212 2162 2531 12213 370 2532 12214 2161 2509 12215 2161 2509 12216 370 2532 12217 369 2510 12218 2173 2533 12219 2079 2534 12220 2172 2535 12221 2172 2535 12222 2079 2534 12223 2078 2536 12224 2172 2535 12225 2078 2536 12226 2183 2537 12227 2183 2537 12228 2078 2536 12229 2089 2538 12230 2183 2537 12231 2089 2538 12232 2182 2539 12233 2182 2539 12234 2089 2538 12235 2088 2540 12236 2182 2539 12237 2088 2540 12238 2181 2541 12239 2181 2541 12240 2088 2540 12241 2087 2542 12242 2181 2541 12243 2087 2542 12244 2180 2543 12245 2180 2543 12246 2087 2542 12247 2086 2544 12248 2180 2543 12249 2086 2544 12250 2179 2545 12251 2179 2545 12252 2086 2544 12253 2085 2546 12254 2179 2545 12255 2085 2546 12256 2178 2547 12257 2178 2547 12258 2085 2546 12259 2084 2548 12260 2178 2547 12261 2084 2548 12262 2177 2549 12263 2177 2549 12264 2084 2548 12265 2083 2550 12266 2177 2549 12267 2083 2550 12268 2176 2551 12269 2176 2551 12270 2083 2550 12271 2082 2552 12272 2176 2551 12273 2082 2552 12274 2175 2553 12275 2175 2553 12276 2082 2552 12277 2081 2554 12278 2175 2553 12279 2081 2554 12280 2174 2555 12281 2174 2555 12282 2081 2554 12283 2080 2556 12284 2174 2555 12285 2080 2556 12286 2173 2533 12287 2173 2533 12288 2080 2556 12289 2079 2534 12290 2185 2557 12291 2091 2558 12292 2184 2559 12293 2184 2559 12294 2091 2558 12295 2090 2560 12296 2184 2559 12297 2090 2560 12298 2195 2561 12299 2195 2561 12300 2090 2560 12301 2101 2562 12302 2195 2561 12303 2101 2562 12304 2194 2563 12305 2194 2563 12306 2101 2562 12307 2100 2564 12308 2194 2563 12309 2100 2564 12310 2193 2565 12311 2193 2565 12312 2100 2564 12313 2099 2566 12314 2193 2565 12315 2099 2566 12316 2192 2567 12317 2192 2567 12318 2099 2566 12319 2098 2568 12320 2192 2567 12321 2098 2568 12322 2191 2569 12323 2191 2569 12324 2098 2568 12325 2097 2570 12326 2191 2569 12327 2097 2570 12328 2190 2571 12329 2190 2571 12330 2097 2570 12331 2096 2572 12332 2190 2571 12333 2096 2572 12334 2189 2573 12335 2189 2573 12336 2096 2572 12337 2095 2574 12338 2189 2573 12339 2095 2574 12340 2188 2575 12341 2188 2575 12342 2095 2574 12343 2094 2576 12344 2188 2575 12345 2094 2576 12346 2187 2577 12347 2187 2577 12348 2094 2576 12349 2093 2578 12350 2187 2577 12351 2093 2578 12352 2186 2579 12353 2186 2579 12354 2093 2578 12355 2092 2580 12356 2186 2579 12357 2092 2580 12358 2185 2557 12359 2185 2557 12360 2092 2580 12361 2091 2558 12362 2112 2581 12363 2196 2582 12364 2113 2583 12365 2113 2583 12366 2196 2582 12367 2197 2584 12368 2113 2583 12369 2197 2584 12370 2114 2585 12371 2114 2585 12372 2197 2584 12373 2198 2586 12374 2114 2585 12375 2198 2586 12376 2115 2587 12377 2115 2587 12378 2198 2586 12379 2199 2588 12380 2115 2587 12381 2199 2588 12382 2102 2589 12383 2102 2589 12384 2199 2588 12385 2200 2590 12386 2102 2589 12387 2200 2590 12388 2133 2591 12389 2133 2591 12390 2200 2590 12391 2134 2592 12392 2201 2593 12393 2196 2582 12394 2111 2594 12395 2111 2594 12396 2196 2582 12397 2112 2581 12398 2203 2595 12399 2107 2596 12400 2202 2597 12401 2202 2597 12402 2107 2596 12403 2119 2598 12404 2202 2597 12405 2119 2598 12406 2118 2599 12407 2107 2596 12408 2203 2595 12409 2108 2600 12410 2108 2600 12411 2203 2595 12412 2204 2601 12413 2108 2600 12414 2204 2601 12415 2109 2602 12416 2109 2602 12417 2204 2601 12418 2205 2603 12419 2109 2602 12420 2205 2603 12421 2110 2604 12422 2110 2604 12423 2205 2603 12424 2201 2593 12425 2110 2604 12426 2201 2593 12427 2111 2594 12428 2207 2605 12429 357 2606 12430 2206 2511 12431 2206 2511 12432 357 2606 12433 356 2512 12434 2206 2511 12435 356 2512 12436 2217 2607 12437 2217 2607 12438 356 2512 12439 367 2608 12440 2217 2607 12441 367 2608 12442 2216 2609 12443 2216 2609 12444 367 2608 12445 366 2610 12446 2216 2609 12447 366 2610 12448 2215 2611 12449 2215 2611 12450 366 2610 12451 365 2612 12452 2215 2611 12453 365 2612 12454 2214 2613 12455 2214 2613 12456 365 2612 12457 364 2614 12458 2214 2613 12459 364 2614 12460 2213 2615 12461 2213 2615 12462 364 2614 12463 363 2616 12464 2213 2615 12465 363 2616 12466 2212 2523 12467 2212 2523 12468 363 2616 12469 362 2524 12470 2212 2523 12471 362 2524 12472 2211 2617 12473 2211 2617 12474 362 2524 12475 361 2618 12476 2211 2617 12477 361 2618 12478 2210 2619 12479 2210 2619 12480 361 2618 12481 360 2620 12482 2210 2619 12483 360 2620 12484 2209 2621 12485 2209 2621 12486 360 2620 12487 359 2622 12488 2209 2621 12489 359 2622 12490 2208 2623 12491 2208 2623 12492 359 2622 12493 358 2624 12494 2208 2623 12495 358 2624 12496 2207 2605 12497 2207 2605 12498 358 2624 12499 357 2606 12500 2218 2625 12501 2202 2597 12502 332 2626 12503 332 2626 12504 2202 2597 12505 2118 2599 12506 332 2626 12507 2118 2599 12508 2117 2627 12509 2117 2627 12510 2116 1238 12511 332 2626 12512 332 2626 12513 2116 1238 12514 333 2431 12515 333 2431 12516 2116 1238 12517 2122 2430 12518 332 2626 12519 435 1238 12520 2218 2625 12521 2135 1292 12522 2134 2592 12523 328 1292 12524 328 1292 12525 2134 2592 12526 2200 2590 12527 328 1292 12528 2200 2590 12529 2219 1292 12530 2219 1292 12531 404 1292 12532 328 1292 12533 2135 1292 12534 328 1292 12535 2132 1292 12536 2132 1292 12537 328 1292 12538 327 2438 12539 2132 1292 12540 327 2438 12541 2129 2439 12542 2221 2628 12543 345 2629 12544 2220 2487 12545 2220 2487 12546 345 2629 12547 344 2488 12548 2220 2487 12549 344 2488 12550 2231 2630 12551 2231 2630 12552 344 2488 12553 355 2631 12554 2231 2630 12555 355 2631 12556 2230 2632 12557 2230 2632 12558 355 2631 12559 354 2633 12560 2230 2632 12561 354 2633 12562 2229 2634 12563 2229 2634 12564 354 2633 12565 353 2635 12566 2229 2634 12567 353 2635 12568 2228 2636 12569 2228 2636 12570 353 2635 12571 352 2637 12572 2228 2636 12573 352 2637 12574 2227 2638 12575 2227 2638 12576 352 2637 12577 351 2639 12578 2227 2638 12579 351 2639 12580 2226 2499 12581 2226 2499 12582 351 2639 12583 350 2500 12584 2226 2499 12585 350 2500 12586 2225 2640 12587 2225 2640 12588 350 2500 12589 349 2641 12590 2225 2640 12591 349 2641 12592 2224 2642 12593 2224 2642 12594 349 2641 12595 348 2643 12596 2224 2642 12597 348 2643 12598 2223 2644 12599 2223 2644 12600 348 2643 12601 347 2645 12602 2223 2644 12603 347 2645 12604 2222 2646 12605 2222 2646 12606 347 2645 12607 346 2647 12608 2222 2646 12609 346 2647 12610 2221 2628 12611 2221 2628 12612 346 2647 12613 345 2629 12614 2233 2648 12615 2137 2649 12616 2232 2650 12617 2232 2650 12618 2137 2649 12619 2136 2651 12620 2232 2650 12621 2136 2651 12622 2147 2652 12623 2137 2649 12624 2233 2648 12625 2138 2653 12626 2138 2653 12627 2233 2648 12628 2234 2654 12629 2138 2653 12630 2234 2654 12631 2139 2655 12632 2139 2655 12633 2234 2654 12634 2235 347 12635 2139 2655 12636 2235 347 12637 2236 2656 12638 2139 2655 12639 2236 2656 12640 2140 2657 12641 2140 2657 12642 2236 2656 12643 2237 2658 12644 2140 2657 12645 2237 2658 12646 2141 2659 12647 2141 2659 12648 2237 2658 12649 2142 2660 12650 2142 2660 12651 2237 2658 12652 2238 2661 12653 2142 2660 12654 2238 2661 12655 2143 2662 12656 2143 2662 12657 2238 2661 12658 2239 2663 12659 2143 2662 12660 2239 2663 12661 2144 2664 12662 2144 2664 12663 2239 2663 12664 2240 2665 12665 2144 2664 12666 2240 2665 12667 2145 2666 12668 2145 2666 12669 2240 2665 12670 2241 347 12671 2145 2666 12672 2241 347 12673 2242 2667 12674 2145 2666 12675 2242 2667 12676 2146 2668 12677 2146 2668 12678 2242 2667 12679 2243 2669 12680 2146 2668 12681 2243 2669 12682 2147 2652 12683 2147 2652 12684 2243 2669 12685 2232 2650 12686 2245 2670 12687 2149 2671 12688 2244 2672 12689 2244 2672 12690 2149 2671 12691 2148 347 12692 2244 2672 12693 2148 347 12694 2159 2673 12695 2149 2671 12696 2245 2670 12697 2150 2674 12698 2150 2674 12699 2245 2670 12700 2246 2675 12701 2150 2674 12702 2246 2675 12703 2151 347 12704 2151 347 12705 2246 2675 12706 2247 347 12707 2151 347 12708 2247 347 12709 2248 347 12710 2151 347 12711 2248 347 12712 2152 347 12713 2152 347 12714 2248 347 12715 2249 2676 12716 2152 347 12717 2249 2676 12718 2153 347 12719 2153 347 12720 2249 2676 12721 2154 2677 12722 2154 2677 12723 2249 2676 12724 2250 2678 12725 2154 2677 12726 2250 2678 12727 2155 2679 12728 2155 2679 12729 2250 2678 12730 2251 2680 12731 2155 2679 12732 2251 2680 12733 2156 347 12734 2156 347 12735 2251 2680 12736 2252 347 12737 2156 347 12738 2252 347 12739 2157 2681 12740 2157 2681 12741 2252 347 12742 2253 347 12743 2157 2681 12744 2253 347 12745 2254 2682 12746 2157 2681 12747 2254 2682 12748 2158 2683 12749 2158 2683 12750 2254 2682 12751 2255 2684 12752 2158 2683 12753 2255 2684 12754 2159 2673 12755 2159 2673 12756 2255 2684 12757 2244 2672 12758 2257 2685 12759 2161 2686 12760 2256 2687 12761 2256 2687 12762 2161 2686 12763 2160 347 12764 2256 2687 12765 2160 347 12766 2171 2688 12767 2161 2686 12768 2257 2685 12769 2162 2689 12770 2162 2689 12771 2257 2685 12772 2258 2690 12773 2162 2689 12774 2258 2690 12775 2163 347 12776 2163 347 12777 2258 2690 12778 2259 347 12779 2163 347 12780 2259 347 12781 2260 347 12782 2163 347 12783 2260 347 12784 2164 347 12785 2164 347 12786 2260 347 12787 2261 2691 12788 2164 347 12789 2261 2691 12790 2165 347 12791 2165 347 12792 2261 2691 12793 2166 2692 12794 2166 2692 12795 2261 2691 12796 2262 2693 12797 2166 2692 12798 2262 2693 12799 2167 2694 12800 2167 2694 12801 2262 2693 12802 2263 2680 12803 2167 2694 12804 2263 2680 12805 2168 347 12806 2168 347 12807 2263 2680 12808 2264 347 12809 2168 347 12810 2264 347 12811 2169 2695 12812 2169 2695 12813 2264 347 12814 2265 347 12815 2169 2695 12816 2265 347 12817 2266 2696 12818 2169 2695 12819 2266 2696 12820 2170 2697 12821 2170 2697 12822 2266 2696 12823 2267 2698 12824 2170 2697 12825 2267 2698 12826 2171 2688 12827 2171 2688 12828 2267 2698 12829 2256 2687 12830 2200 2699 12831 2174 2700 12832 2219 2701 12833 2219 2701 12834 2174 2700 12835 2173 2702 12836 2219 2701 12837 2173 2702 12838 2172 2703 12839 2199 2704 12840 2281 2705 12841 2200 2699 12842 2200 2699 12843 2281 2705 12844 2282 2706 12845 2200 2699 12846 2282 2706 12847 2178 2707 12848 2178 2707 12849 2282 2706 12850 2179 2708 12851 2179 2708 12852 2282 2706 12853 2180 2709 12854 2180 2709 12855 2282 2706 12856 2181 347 12857 2181 347 12858 2282 2706 12859 2182 347 12860 2182 347 12861 2282 2706 12862 2283 347 12863 2182 347 12864 2283 347 12865 2284 2710 12866 2198 2711 12867 2279 2712 12868 2199 2704 12869 2199 2704 12870 2279 2712 12871 2280 2713 12872 2199 2704 12873 2280 2713 12874 2281 2705 12875 2197 2714 12876 2277 2715 12877 2198 2711 12878 2198 2711 12879 2277 2715 12880 2278 347 12881 2198 2711 12882 2278 347 12883 2279 2712 12884 2197 2714 12885 2196 2716 12886 2277 2715 12887 2277 2715 12888 2196 2716 12889 2201 2717 12890 2277 2715 12891 2201 2717 12892 2276 2718 12893 2276 2718 12894 2201 2717 12895 2205 347 12896 2276 2718 12897 2205 347 12898 2204 2719 12899 2203 2720 12900 2274 2721 12901 2204 2719 12902 2204 2719 12903 2274 2721 12904 2275 347 12905 2204 2719 12906 2275 347 12907 2276 2718 12908 2202 2722 12909 2272 2723 12910 2203 2720 12911 2203 2720 12912 2272 2723 12913 2273 2713 12914 2203 2720 12915 2273 2713 12916 2274 2721 12917 2218 2724 12918 2194 2725 12919 2202 2722 12920 2202 2722 12921 2194 2725 12922 2193 2726 12923 2202 2722 12924 2193 2726 12925 2192 2727 12926 2268 2728 12927 2184 2729 12928 2218 2724 12929 2218 2724 12930 2184 2729 12931 2195 2702 12932 2218 2724 12933 2195 2702 12934 2194 2725 12935 2184 2729 12936 2268 2728 12937 2185 2730 12938 2185 2730 12939 2268 2728 12940 2269 2710 12941 2185 2730 12942 2269 2710 12943 2186 2731 12944 2186 2731 12945 2269 2710 12946 2270 347 12947 2186 2731 12948 2270 347 12949 2271 2732 12950 2272 2723 12951 2202 2722 12952 2271 2732 12953 2271 2732 12954 2202 2722 12955 2190 2733 12956 2271 2732 12957 2190 2733 12958 2189 2734 12959 2182 347 12960 2284 2710 12961 2183 2730 12962 2183 2730 12963 2284 2710 12964 2285 2735 12965 2183 2730 12966 2285 2735 12967 2172 2703 12968 2172 2703 12969 2285 2735 12970 2219 2701 12971 2192 2727 12972 2191 2736 12973 2202 2722 12974 2202 2722 12975 2191 2736 12976 2190 2733 12977 2189 2734 12978 2188 2737 12979 2271 2732 12980 2271 2732 12981 2188 2737 12982 2187 2738 12983 2271 2732 12984 2187 2738 12985 2186 2731 12986 2178 2707 12987 2177 2739 12988 2200 2699 12989 2200 2699 12990 2177 2739 12991 2176 2740 12992 2200 2699 12993 2176 2740 12994 2175 2741 12995 2175 2741 12996 2174 2700 12997 2200 2699 12998 2287 347 12999 2207 2742 13000 2286 2743 13001 2286 2743 13002 2207 2742 13003 2206 347 13004 2286 2743 13005 2206 347 13006 2217 2744 13007 2207 2742 13008 2287 347 13009 2208 347 13010 2208 347 13011 2287 347 13012 2288 347 13013 2208 347 13014 2288 347 13015 2209 2745 13016 2209 2745 13017 2288 347 13018 2289 347 13019 2209 2745 13020 2289 347 13021 2290 2746 13022 2209 2745 13023 2290 2746 13024 2210 2747 13025 2210 2747 13026 2290 2746 13027 2291 2748 13028 2210 2747 13029 2291 2748 13030 2211 2749 13031 2211 2749 13032 2291 2748 13033 2212 2750 13034 2212 2750 13035 2291 2748 13036 2292 2751 13037 2212 2750 13038 2292 2751 13039 2213 2752 13040 2213 2752 13041 2292 2751 13042 2293 2753 13043 2213 2752 13044 2293 2753 13045 2214 2754 13046 2214 2754 13047 2293 2753 13048 2294 2755 13049 2214 2754 13050 2294 2755 13051 2215 347 13052 2215 347 13053 2294 2755 13054 2295 347 13055 2215 347 13056 2295 347 13057 2296 347 13058 2215 347 13059 2296 347 13060 2216 347 13061 2216 347 13062 2296 347 13063 2297 2680 13064 2216 347 13065 2297 2680 13066 2217 2744 13067 2217 2744 13068 2297 2680 13069 2286 2743 13070 2219 2756 13071 2285 2757 13072 404 2758 13073 404 2758 13074 2285 2757 13075 405 2759 13076 405 2759 13077 2285 2757 13078 2284 2760 13079 405 2759 13080 2284 2760 13081 406 2761 13082 406 2761 13083 2284 2760 13084 2283 2762 13085 406 2761 13086 2283 2762 13087 407 2763 13088 407 2763 13089 2283 2762 13090 2298 2764 13091 407 2763 13092 2298 2764 13093 2299 2765 13094 407 2763 13095 2299 2765 13096 408 2766 13097 408 2766 13098 2299 2765 13099 2300 2767 13100 408 2766 13101 2300 2767 13102 409 2768 13103 409 2768 13104 2300 2767 13105 2301 2769 13106 409 2768 13107 2301 2769 13108 410 2770 13109 410 2770 13110 2301 2769 13111 2302 2771 13112 410 2770 13113 2302 2771 13114 411 2772 13115 411 2772 13116 2302 2771 13117 2303 2773 13118 411 2772 13119 2303 2773 13120 412 2774 13121 412 2774 13122 2303 2773 13123 2304 2775 13124 412 2774 13125 2304 2775 13126 413 2776 13127 413 2776 13128 2304 2775 13129 2305 2777 13130 413 2776 13131 2305 2777 13132 414 2778 13133 414 2778 13134 2305 2777 13135 2306 2779 13136 414 2778 13137 2306 2779 13138 415 2780 13139 415 2780 13140 2306 2779 13141 2307 2781 13142 415 2780 13143 2307 2781 13144 416 2782 13145 416 2782 13146 2307 2781 13147 2308 2783 13148 416 2782 13149 2308 2783 13150 417 2784 13151 417 2784 13152 2308 2783 13153 2309 2785 13154 417 2784 13155 2309 2785 13156 418 2786 13157 418 2786 13158 2309 2785 13159 2310 2787 13160 418 2786 13161 2310 2787 13162 419 2788 13163 419 2788 13164 2310 2787 13165 2311 2789 13166 419 2788 13167 2311 2789 13168 420 2790 13169 420 2790 13170 2311 2789 13171 2312 2791 13172 420 2790 13173 2312 2791 13174 421 2792 13175 421 2792 13176 2312 2791 13177 2313 2793 13178 421 2792 13179 2313 2793 13180 422 2794 13181 422 2794 13182 2313 2793 13183 2314 2795 13184 422 2794 13185 2314 2795 13186 423 2796 13187 423 2796 13188 2314 2795 13189 2315 2797 13190 423 2796 13191 2315 2797 13192 424 2798 13193 424 2798 13194 2315 2797 13195 2316 2799 13196 424 2798 13197 2316 2799 13198 425 2800 13199 425 2800 13200 2316 2799 13201 2317 2801 13202 425 2800 13203 2317 2801 13204 426 2802 13205 426 2802 13206 2317 2801 13207 2318 2803 13208 426 2802 13209 2318 2803 13210 427 2804 13211 427 2804 13212 2318 2803 13213 2319 2805 13214 427 2804 13215 2319 2805 13216 428 2806 13217 428 2806 13218 2319 2805 13219 2320 2807 13220 428 2806 13221 2320 2807 13222 429 2808 13223 429 2808 13224 2320 2807 13225 2321 2809 13226 429 2808 13227 2321 2809 13228 430 2810 13229 430 2810 13230 2321 2809 13231 2322 2811 13232 430 2810 13233 2322 2811 13234 431 2812 13235 431 2812 13236 2322 2811 13237 2323 2813 13238 431 2812 13239 2323 2813 13240 432 2814 13241 432 2814 13242 2323 2813 13243 2324 2815 13244 432 2814 13245 2324 2815 13246 2270 2816 13247 432 2814 13248 2270 2816 13249 433 2817 13250 433 2817 13251 2270 2816 13252 2269 2818 13253 433 2817 13254 2269 2818 13255 434 2819 13256 434 2819 13257 2269 2818 13258 2268 2820 13259 434 2819 13260 2268 2820 13261 435 2821 13262 435 2821 13263 2268 2820 13264 2218 2822 13265 2326 347 13266 2221 2823 13267 2325 2824 13268 2325 2824 13269 2221 2823 13270 2220 347 13271 2325 2824 13272 2220 347 13273 2231 2825 13274 2221 2823 13275 2326 347 13276 2222 347 13277 2222 347 13278 2326 347 13279 2327 347 13280 2222 347 13281 2327 347 13282 2223 2826 13283 2223 2826 13284 2327 347 13285 2328 347 13286 2223 2826 13287 2328 347 13288 2329 2827 13289 2223 2826 13290 2329 2827 13291 2224 2828 13292 2224 2828 13293 2329 2827 13294 2330 2829 13295 2224 2828 13296 2330 2829 13297 2225 2830 13298 2225 2830 13299 2330 2829 13300 2226 2831 13301 2226 2831 13302 2330 2829 13303 2331 2832 13304 2226 2831 13305 2331 2832 13306 2227 2833 13307 2227 2833 13308 2331 2832 13309 2332 2834 13310 2227 2833 13311 2332 2834 13312 2228 2835 13313 2228 2835 13314 2332 2834 13315 2333 2836 13316 2228 2835 13317 2333 2836 13318 2229 347 13319 2229 347 13320 2333 2836 13321 2334 347 13322 2229 347 13323 2334 347 13324 2335 347 13325 2229 347 13326 2335 347 13327 2230 347 13328 2230 347 13329 2335 347 13330 2336 2680 13331 2230 347 13332 2336 2680 13333 2231 2825 13334 2231 2825 13335 2336 2680 13336 2325 2824 13337 2338 2837 13338 2237 2838 13339 2337 2839 13340 2337 2839 13341 2237 2838 13342 2236 2840 13343 2337 2839 13344 2236 2840 13345 2350 2841 13346 2350 2841 13347 2236 2840 13348 2235 2842 13349 2350 2841 13350 2235 2842 13351 2349 2843 13352 2349 2843 13353 2235 2842 13354 2348 2844 13355 2348 2844 13356 2235 2842 13357 2234 2845 13358 2348 2844 13359 2234 2845 13360 2347 2846 13361 2347 2846 13362 2234 2845 13363 2233 2847 13364 2347 2846 13365 2233 2847 13366 2346 2848 13367 2346 2848 13368 2233 2847 13369 2232 2849 13370 2346 2848 13371 2232 2849 13372 2345 2850 13373 2345 2850 13374 2232 2849 13375 2243 2851 13376 2345 2850 13377 2243 2851 13378 2344 2852 13379 2344 2852 13380 2243 2851 13381 2242 2853 13382 2344 2852 13383 2242 2853 13384 2343 2854 13385 2343 2854 13386 2242 2853 13387 2241 2855 13388 2343 2854 13389 2241 2855 13390 2342 2856 13391 2342 2856 13392 2241 2855 13393 2341 2857 13394 2341 2857 13395 2241 2855 13396 2240 2858 13397 2341 2857 13398 2240 2858 13399 2340 2859 13400 2340 2859 13401 2240 2858 13402 2239 2860 13403 2340 2859 13404 2239 2860 13405 2339 2861 13406 2339 2861 13407 2239 2860 13408 2238 2862 13409 2339 2861 13410 2238 2862 13411 2338 2837 13412 2338 2837 13413 2238 2862 13414 2237 2838 13415 2352 2863 13416 2244 2864 13417 2351 2865 13418 2351 2865 13419 2244 2864 13420 2255 2866 13421 2351 2865 13422 2255 2866 13423 2364 2867 13424 2364 2867 13425 2255 2866 13426 2254 2868 13427 2364 2867 13428 2254 2868 13429 2363 2869 13430 2363 2869 13431 2254 2868 13432 2253 2870 13433 2363 2869 13434 2253 2870 13435 2362 2871 13436 2362 2871 13437 2253 2870 13438 2252 2872 13439 2362 2871 13440 2252 2872 13441 2361 2873 13442 2361 2873 13443 2252 2872 13444 2251 2874 13445 2361 2873 13446 2251 2874 13447 2360 2875 13448 2360 2875 13449 2251 2874 13450 2359 2876 13451 2359 2876 13452 2251 2874 13453 2250 2877 13454 2359 2876 13455 2250 2877 13456 2358 2878 13457 2358 2878 13458 2250 2877 13459 2249 2879 13460 2358 2878 13461 2249 2879 13462 2357 2880 13463 2357 2880 13464 2249 2879 13465 2248 2881 13466 2357 2880 13467 2248 2881 13468 2356 2882 13469 2356 2882 13470 2248 2881 13471 2247 2883 13472 2356 2882 13473 2247 2883 13474 2355 2884 13475 2355 2884 13476 2247 2883 13477 2246 2885 13478 2355 2884 13479 2246 2885 13480 2354 2886 13481 2354 2886 13482 2246 2885 13483 2245 2887 13484 2354 2886 13485 2245 2887 13486 2353 2888 13487 2353 2888 13488 2245 2887 13489 2352 2863 13490 2352 2863 13491 2245 2887 13492 2244 2864 13493 2366 2889 13494 2266 2890 13495 2365 2891 13496 2365 2891 13497 2266 2890 13498 2265 2892 13499 2365 2891 13500 2265 2892 13501 2378 2893 13502 2378 2893 13503 2265 2892 13504 2264 2894 13505 2378 2893 13506 2264 2894 13507 2377 2895 13508 2377 2895 13509 2264 2894 13510 2263 2896 13511 2377 2895 13512 2263 2896 13513 2376 2897 13514 2376 2897 13515 2263 2896 13516 2262 2898 13517 2376 2897 13518 2262 2898 13519 2375 2899 13520 2375 2899 13521 2262 2898 13522 2261 2900 13523 2375 2899 13524 2261 2900 13525 2374 2901 13526 2374 2901 13527 2261 2900 13528 2373 2902 13529 2373 2902 13530 2261 2900 13531 2260 2903 13532 2373 2902 13533 2260 2903 13534 2372 2904 13535 2372 2904 13536 2260 2903 13537 2259 2905 13538 2372 2904 13539 2259 2905 13540 2371 2906 13541 2371 2906 13542 2259 2905 13543 2258 2907 13544 2371 2906 13545 2258 2907 13546 2370 2908 13547 2370 2908 13548 2258 2907 13549 2257 2909 13550 2370 2908 13551 2257 2909 13552 2369 2910 13553 2369 2910 13554 2257 2909 13555 2256 2911 13556 2369 2910 13557 2256 2911 13558 2368 2912 13559 2368 2912 13560 2256 2911 13561 2267 2913 13562 2368 2912 13563 2267 2913 13564 2367 2914 13565 2367 2914 13566 2267 2913 13567 2366 2889 13568 2366 2889 13569 2267 2913 13570 2266 2890 13571 2379 2915 13572 2298 2916 13573 2380 2917 13574 2380 2917 13575 2298 2916 13576 2282 2918 13577 2282 2918 13578 2298 2916 13579 2283 2919 13580 2380 2917 13581 2282 2918 13582 2385 2920 13583 2385 2920 13584 2282 2918 13585 2281 2921 13586 2385 2920 13587 2281 2921 13588 2280 2922 13589 2385 2920 13590 2280 2922 13591 2384 2923 13592 2384 2923 13593 2280 2922 13594 2279 2924 13595 2384 2923 13596 2279 2924 13597 2383 2925 13598 2383 2925 13599 2279 2924 13600 2278 2926 13601 2383 2925 13602 2278 2926 13603 2382 2927 13604 2382 2927 13605 2278 2926 13606 2381 2928 13607 2381 2928 13608 2278 2926 13609 2277 2929 13610 2386 2930 13611 2381 2928 13612 2276 2931 13613 2276 2931 13614 2381 2928 13615 2277 2929 13616 2386 2930 13617 2276 2931 13618 2391 2932 13619 2391 2932 13620 2276 2931 13621 2275 2933 13622 2391 2932 13623 2275 2933 13624 2274 2934 13625 2391 2932 13626 2274 2934 13627 2390 2935 13628 2390 2935 13629 2274 2934 13630 2273 2936 13631 2390 2935 13632 2273 2936 13633 2389 2937 13634 2389 2937 13635 2273 2936 13636 2272 2938 13637 2389 2937 13638 2272 2938 13639 2388 2939 13640 2388 2939 13641 2272 2938 13642 2387 2940 13643 2387 2940 13644 2272 2938 13645 2271 2941 13646 2392 2942 13647 2387 2940 13648 2324 2943 13649 2324 2943 13650 2387 2940 13651 2271 2941 13652 2324 2943 13653 2271 2941 13654 2270 2944 13655 2394 2945 13656 2295 2946 13657 2393 2947 13658 2393 2947 13659 2295 2946 13660 2294 2948 13661 2393 2947 13662 2294 2948 13663 2406 2949 13664 2406 2949 13665 2294 2948 13666 2293 2950 13667 2406 2949 13668 2293 2950 13669 2405 2951 13670 2405 2951 13671 2293 2950 13672 2404 2952 13673 2404 2952 13674 2293 2950 13675 2292 2953 13676 2404 2952 13677 2292 2953 13678 2403 2954 13679 2403 2954 13680 2292 2953 13681 2291 2955 13682 2403 2954 13683 2291 2955 13684 2402 2956 13685 2402 2956 13686 2291 2955 13687 2290 2957 13688 2402 2956 13689 2290 2957 13690 2401 2958 13691 2401 2958 13692 2290 2957 13693 2289 2959 13694 2401 2958 13695 2289 2959 13696 2400 2960 13697 2400 2960 13698 2289 2959 13699 2288 2961 13700 2400 2960 13701 2288 2961 13702 2399 2962 13703 2399 2962 13704 2288 2961 13705 2287 2963 13706 2399 2962 13707 2287 2963 13708 2398 2964 13709 2398 2964 13710 2287 2963 13711 2397 2965 13712 2397 2965 13713 2287 2963 13714 2286 2966 13715 2397 2965 13716 2286 2966 13717 2396 2967 13718 2396 2967 13719 2286 2966 13720 2297 2968 13721 2396 2967 13722 2297 2968 13723 2395 2969 13724 2395 2969 13725 2297 2968 13726 2296 2970 13727 2395 2969 13728 2296 2970 13729 2394 2945 13730 2394 2945 13731 2296 2970 13732 2295 2946 13733 2435 2971 13734 2407 2972 13735 2316 2973 13736 2316 2973 13737 2407 2972 13738 2408 2974 13739 2316 2973 13740 2408 2974 13741 2317 2975 13742 2317 2975 13743 2408 2974 13744 2409 2976 13745 2317 2975 13746 2409 2976 13747 2410 2977 13748 2410 2977 13749 2411 2978 13750 2317 2975 13751 2317 2975 13752 2411 2978 13753 2318 2979 13754 2318 2979 13755 2411 2978 13756 2412 2980 13757 2318 2979 13758 2412 2980 13759 2413 2981 13760 2318 2979 13761 2413 2981 13762 2319 2982 13763 2319 2982 13764 2413 2981 13765 2414 2983 13766 2319 2982 13767 2414 2983 13768 2320 2984 13769 2320 2984 13770 2414 2983 13771 2415 2985 13772 2320 2984 13773 2415 2985 13774 2321 2986 13775 2321 2986 13776 2415 2985 13777 2416 2987 13778 2321 2986 13779 2416 2987 13780 2322 2988 13781 2322 2988 13782 2416 2987 13783 2393 2989 13784 2322 2988 13785 2393 2989 13786 2406 2990 13787 2322 2988 13788 2406 2990 13789 2323 2991 13790 2323 2991 13791 2406 2990 13792 2405 2992 13793 2323 2991 13794 2405 2992 13795 2404 2993 13796 2404 2993 13797 2403 2994 13798 2323 2991 13799 2323 2991 13800 2403 2994 13801 2417 2995 13802 2323 2991 13803 2417 2995 13804 2324 2996 13805 2324 2996 13806 2417 2995 13807 2418 2997 13808 2324 2996 13809 2418 2997 13810 2392 2998 13811 2316 2973 13812 2315 2999 13813 2435 2971 13814 2435 2971 13815 2315 2999 13816 2434 3000 13817 2434 3000 13818 2315 2999 13819 2314 3001 13820 2434 3000 13821 2314 3001 13822 2433 3002 13823 2433 3002 13824 2314 3001 13825 2313 3003 13826 2433 3002 13827 2313 3003 13828 2432 3004 13829 2432 3004 13830 2313 3003 13831 2431 3005 13832 2431 3005 13833 2313 3003 13834 2312 3006 13835 2431 3005 13836 2312 3006 13837 2347 3007 13838 2347 3007 13839 2312 3006 13840 2311 3008 13841 2347 3007 13842 2311 3008 13843 2348 3009 13844 2348 3009 13845 2311 3008 13846 2349 3010 13847 2349 3010 13848 2311 3008 13849 2350 3011 13850 2350 3011 13851 2311 3008 13852 2310 3012 13853 2350 3011 13854 2310 3012 13855 2337 3013 13856 2337 3013 13857 2310 3012 13858 2430 3014 13859 2430 3014 13860 2310 3012 13861 2309 3015 13862 2430 3014 13863 2309 3015 13864 2429 3016 13865 2429 3016 13866 2309 3015 13867 2428 3017 13868 2428 3017 13869 2309 3015 13870 2308 3018 13871 2428 3017 13872 2308 3018 13873 2427 3019 13874 2427 3019 13875 2308 3018 13876 2307 3020 13877 2427 3019 13878 2307 3020 13879 2426 3021 13880 2426 3021 13881 2307 3020 13882 2306 3022 13883 2426 3021 13884 2306 3022 13885 2351 3023 13886 2351 3023 13887 2306 3022 13888 2305 3024 13889 2351 3023 13890 2305 3024 13891 2352 3025 13892 2352 3025 13893 2305 3024 13894 2353 3026 13895 2353 3026 13896 2305 3024 13897 2354 3027 13898 2354 3027 13899 2305 3024 13900 2304 3028 13901 2354 3027 13902 2304 3028 13903 2355 3029 13904 2355 3029 13905 2304 3028 13906 2425 3030 13907 2425 3030 13908 2304 3028 13909 2424 3031 13910 2424 3031 13911 2304 3028 13912 2303 3032 13913 2424 3031 13914 2303 3032 13915 2423 3033 13916 2423 3033 13917 2303 3032 13918 2302 3034 13919 2423 3033 13920 2302 3034 13921 2422 3035 13922 2422 3035 13923 2302 3034 13924 2301 3036 13925 2422 3035 13926 2301 3036 13927 2421 3037 13928 2421 3037 13929 2301 3036 13930 2300 3038 13931 2421 3037 13932 2300 3038 13933 2365 3039 13934 2365 3039 13935 2300 3038 13936 2299 3040 13937 2365 3039 13938 2299 3040 13939 2366 3041 13940 2366 3041 13941 2299 3040 13942 2367 3042 13943 2367 3042 13944 2299 3040 13945 2368 3043 13946 2368 3043 13947 2299 3040 13948 2369 3044 13949 2369 3044 13950 2299 3040 13951 2420 3045 13952 2420 3045 13953 2299 3040 13954 2298 3046 13955 2420 3045 13956 2298 3046 13957 2419 3047 13958 2419 3047 13959 2298 3046 13960 2379 3048 13961 2436 3049 13962 2332 3050 13963 2407 3051 13964 2407 3051 13965 2332 3050 13966 2331 3052 13967 2407 3051 13968 2331 3052 13969 2408 3053 13970 2408 3053 13971 2331 3052 13972 2330 3054 13973 2408 3053 13974 2330 3054 13975 2409 3055 13976 2409 3055 13977 2330 3054 13978 2410 3056 13979 2410 3056 13980 2330 3054 13981 2329 3057 13982 2410 3056 13983 2329 3057 13984 2411 3058 13985 2411 3058 13986 2329 3057 13987 2328 3059 13988 2411 3058 13989 2328 3059 13990 2444 3060 13991 2444 3060 13992 2328 3059 13993 2327 3061 13994 2444 3060 13995 2327 3061 13996 2443 3062 13997 2443 3062 13998 2327 3061 13999 2326 3063 14000 2443 3062 14001 2326 3063 14002 2442 3064 14003 2442 3064 14004 2326 3063 14005 2325 3065 14006 2442 3064 14007 2325 3065 14008 2441 3066 14009 2441 3066 14010 2325 3065 14011 2336 3067 14012 2441 3066 14013 2336 3067 14014 2440 3068 14015 2440 3068 14016 2336 3067 14017 2439 3069 14018 2439 3069 14019 2336 3067 14020 2335 3070 14021 2439 3069 14022 2335 3070 14023 2438 3071 14024 2438 3071 14025 2335 3070 14026 2334 3072 14027 2438 3071 14028 2334 3072 14029 2437 3073 14030 2437 3073 14031 2334 3072 14032 2333 3074 14033 2437 3073 14034 2333 3074 14035 2436 3049 14036 2436 3049 14037 2333 3074 14038 2332 3050 14039 2550 347 14040 2445 347 14041 2414 347 14042 2414 347 14043 2445 347 14044 2446 347 14045 2414 347 14046 2446 347 14047 2447 347 14048 2447 347 14049 2448 347 14050 2414 347 14051 2414 347 14052 2448 347 14053 2397 347 14054 2414 347 14055 2397 347 14056 2396 347 14057 2448 347 14058 2449 347 14059 2397 347 14060 2397 347 14061 2449 347 14062 2398 347 14063 2398 347 14064 2449 347 14065 2450 347 14066 2398 347 14067 2450 347 14068 2399 347 14069 2399 347 14070 2450 347 14071 2451 347 14072 2399 347 14073 2451 347 14074 2400 347 14075 2400 347 14076 2451 347 14077 2452 347 14078 2400 347 14079 2452 347 14080 2401 347 14081 2401 347 14082 2452 347 14083 2417 347 14084 2401 347 14085 2417 347 14086 2402 347 14087 2402 347 14088 2417 347 14089 2403 347 14090 2452 347 14091 2453 347 14092 2417 347 14093 2417 347 14094 2453 347 14095 2418 347 14096 2418 347 14097 2453 347 14098 2387 347 14099 2418 347 14100 2387 347 14101 2392 347 14102 2453 347 14103 2454 347 14104 2387 347 14105 2387 347 14106 2454 347 14107 2455 347 14108 2387 347 14109 2455 347 14110 2456 347 14111 2387 347 14112 2456 347 14113 2388 347 14114 2388 347 14115 2456 347 14116 2457 347 14117 2388 347 14118 2457 347 14119 2389 347 14120 2389 347 14121 2457 347 14122 2458 347 14123 2389 347 14124 2458 347 14125 2390 347 14126 2390 347 14127 2458 347 14128 2459 347 14129 2390 347 14130 2459 347 14131 2391 347 14132 2391 347 14133 2459 347 14134 2460 347 14135 2391 347 14136 2460 347 14137 2386 347 14138 2386 347 14139 2460 347 14140 2461 347 14141 2386 347 14142 2461 347 14143 2462 347 14144 2463 347 14145 2513 347 14146 2462 347 14147 2462 347 14148 2513 347 14149 2381 347 14150 2462 347 14151 2381 347 14152 2386 347 14153 2513 347 14154 2463 347 14155 2512 347 14156 2512 347 14157 2463 347 14158 2464 347 14159 2512 347 14160 2464 347 14161 2511 347 14162 2511 347 14163 2464 347 14164 2465 347 14165 2511 347 14166 2465 347 14167 2510 347 14168 2510 347 14169 2465 347 14170 2487 347 14171 2510 347 14172 2487 347 14173 2488 347 14174 2465 347 14175 2466 347 14176 2487 347 14177 2487 347 14178 2466 347 14179 2486 347 14180 2486 347 14181 2466 347 14182 2467 347 14183 2486 347 14184 2467 347 14185 2468 347 14186 2486 347 14187 2468 347 14188 2485 347 14189 2485 347 14190 2468 347 14191 2469 347 14192 2485 347 14193 2469 347 14194 2470 347 14195 2485 347 14196 2470 347 14197 2484 347 14198 2484 347 14199 2470 347 14200 2471 347 14201 2484 347 14202 2471 347 14203 2472 347 14204 2484 347 14205 2472 347 14206 2483 347 14207 2483 347 14208 2472 347 14209 2473 347 14210 2483 347 14211 2473 347 14212 2474 347 14213 2483 347 14214 2474 347 14215 2482 347 14216 2482 347 14217 2474 347 14218 2475 347 14219 2482 347 14220 2475 347 14221 2476 347 14222 2482 347 14223 2476 347 14224 2481 347 14225 2481 347 14226 2476 347 14227 2477 347 14228 2481 347 14229 2477 347 14230 2478 347 14231 2479 347 14232 2480 347 14233 2478 347 14234 2478 347 14235 2480 347 14236 2481 347 14237 2510 347 14238 2488 347 14239 2509 347 14240 2509 347 14241 2488 347 14242 2489 347 14243 2509 347 14244 2489 347 14245 2508 347 14246 2508 347 14247 2489 347 14248 2507 347 14249 2507 347 14250 2489 347 14251 2490 347 14252 2507 347 14253 2490 347 14254 2506 347 14255 2506 347 14256 2490 347 14257 2505 347 14258 2505 347 14259 2490 347 14260 2491 347 14261 2505 347 14262 2491 347 14263 2504 347 14264 2504 347 14265 2491 347 14266 2503 347 14267 2503 347 14268 2491 347 14269 2492 347 14270 2503 347 14271 2492 347 14272 2502 347 14273 2502 347 14274 2492 347 14275 2501 347 14276 2501 347 14277 2492 347 14278 2493 347 14279 2501 347 14280 2493 347 14281 2500 347 14282 2500 347 14283 2493 347 14284 2499 347 14285 2499 347 14286 2493 347 14287 2494 347 14288 2499 347 14289 2494 347 14290 2498 347 14291 2498 347 14292 2494 347 14293 2497 347 14294 2497 347 14295 2494 347 14296 2495 347 14297 2497 347 14298 2495 347 14299 2496 347 14300 2513 347 14301 2514 347 14302 2381 347 14303 2381 347 14304 2514 347 14305 2515 347 14306 2381 347 14307 2515 347 14308 2382 347 14309 2382 347 14310 2515 347 14311 2516 347 14312 2382 347 14313 2516 347 14314 2383 347 14315 2383 347 14316 2516 347 14317 2517 347 14318 2383 347 14319 2517 347 14320 2384 347 14321 2384 347 14322 2517 347 14323 2518 347 14324 2384 347 14325 2518 347 14326 2385 347 14327 2385 347 14328 2518 347 14329 2519 347 14330 2385 347 14331 2519 347 14332 2380 347 14333 2380 347 14334 2519 347 14335 2520 347 14336 2380 347 14337 2520 347 14338 2521 347 14339 2521 347 14340 2522 347 14341 2380 347 14342 2380 347 14343 2522 347 14344 2419 347 14345 2380 347 14346 2419 347 14347 2379 347 14348 2419 347 14349 2522 347 14350 2420 347 14351 2420 347 14352 2522 347 14353 2523 347 14354 2420 347 14355 2523 347 14356 2371 347 14357 2371 347 14358 2523 347 14359 2372 347 14360 2372 347 14361 2523 347 14362 2524 347 14363 2372 347 14364 2524 347 14365 2373 347 14366 2373 347 14367 2524 347 14368 2525 347 14369 2373 347 14370 2525 347 14371 2374 347 14372 2374 347 14373 2525 347 14374 2526 347 14375 2374 347 14376 2526 347 14377 2375 347 14378 2375 347 14379 2526 347 14380 2527 347 14381 2375 347 14382 2527 347 14383 2528 347 14384 2529 347 14385 2423 347 14386 2528 347 14387 2528 347 14388 2423 347 14389 2422 347 14390 2528 347 14391 2422 347 14392 2376 347 14393 2376 347 14394 2422 347 14395 2377 347 14396 2377 347 14397 2422 347 14398 2421 347 14399 2377 347 14400 2421 347 14401 2378 347 14402 2378 347 14403 2421 347 14404 2365 347 14405 2529 347 14406 2530 347 14407 2423 347 14408 2423 347 14409 2530 347 14410 2531 347 14411 2423 347 14412 2531 347 14413 2532 347 14414 2532 347 14415 2533 347 14416 2423 347 14417 2423 347 14418 2533 347 14419 2424 347 14420 2424 347 14421 2533 347 14422 2358 347 14423 2424 347 14424 2358 347 14425 2357 347 14426 2358 347 14427 2533 347 14428 2359 347 14429 2359 347 14430 2533 347 14431 2534 347 14432 2359 347 14433 2534 347 14434 2360 347 14435 2360 347 14436 2534 347 14437 2361 347 14438 2361 347 14439 2534 347 14440 2535 347 14441 2361 347 14442 2535 347 14443 2362 347 14444 2362 347 14445 2535 347 14446 2363 347 14447 2363 347 14448 2535 347 14449 2536 347 14450 2363 347 14451 2536 347 14452 2364 347 14453 2364 347 14454 2536 347 14455 2426 347 14456 2364 347 14457 2426 347 14458 2351 347 14459 2536 347 14460 2537 347 14461 2426 347 14462 2426 347 14463 2537 347 14464 2427 347 14465 2427 347 14466 2537 347 14467 2428 347 14468 2428 347 14469 2537 347 14470 2538 347 14471 2428 347 14472 2538 347 14473 2429 347 14474 2429 347 14475 2538 347 14476 2539 347 14477 2429 347 14478 2539 347 14479 2430 347 14480 2430 347 14481 2539 347 14482 2540 347 14483 2430 347 14484 2540 347 14485 2339 347 14486 2339 347 14487 2540 347 14488 2340 347 14489 2340 347 14490 2540 347 14491 2341 347 14492 2341 347 14493 2540 347 14494 2342 347 14495 2342 347 14496 2540 347 14497 2541 347 14498 2342 347 14499 2541 347 14500 2343 347 14501 2343 347 14502 2541 347 14503 2344 347 14504 2344 347 14505 2541 347 14506 2345 347 14507 2345 347 14508 2541 347 14509 2431 347 14510 2345 347 14511 2431 347 14512 2346 347 14513 2346 347 14514 2431 347 14515 2347 347 14516 2541 347 14517 2542 347 14518 2431 347 14519 2431 347 14520 2542 347 14521 2432 347 14522 2432 347 14523 2542 347 14524 2543 347 14525 2432 347 14526 2543 347 14527 2433 347 14528 2433 347 14529 2543 347 14530 2544 347 14531 2433 347 14532 2544 347 14533 2434 347 14534 2434 347 14535 2544 347 14536 2435 347 14537 2435 347 14538 2544 347 14539 2545 347 14540 2435 347 14541 2545 347 14542 2436 347 14543 2436 347 14544 2545 347 14545 2437 347 14546 2437 347 14547 2545 347 14548 2546 347 14549 2437 347 14550 2546 347 14551 2438 347 14552 2438 347 14553 2546 347 14554 2439 347 14555 2439 347 14556 2546 347 14557 2547 347 14558 2439 347 14559 2547 347 14560 2440 347 14561 2440 347 14562 2547 347 14563 2441 347 14564 2441 347 14565 2547 347 14566 2548 347 14567 2441 347 14568 2548 347 14569 2442 347 14570 2442 347 14571 2548 347 14572 2413 347 14573 2442 347 14574 2413 347 14575 2443 347 14576 2443 347 14577 2413 347 14578 2412 347 14579 2443 347 14580 2412 347 14581 2444 347 14582 2444 347 14583 2412 347 14584 2411 347 14585 2413 347 14586 2548 347 14587 2414 347 14588 2414 347 14589 2548 347 14590 2549 347 14591 2414 347 14592 2549 347 14593 2550 347 14594 2436 347 14595 2407 347 14596 2435 347 14597 2339 347 14598 2338 347 14599 2430 347 14600 2430 347 14601 2338 347 14602 2337 347 14603 2424 347 14604 2357 347 14605 2425 347 14606 2425 347 14607 2357 347 14608 2356 347 14609 2425 347 14610 2356 347 14611 2355 347 14612 2376 347 14613 2375 347 14614 2528 347 14615 2371 347 14616 2370 347 14617 2420 347 14618 2420 347 14619 2370 347 14620 2369 347 14621 2414 347 14622 2396 347 14623 2415 347 14624 2415 347 14625 2396 347 14626 2395 347 14627 2415 347 14628 2395 347 14629 2416 347 14630 2416 347 14631 2395 347 14632 2394 347 14633 2416 347 14634 2394 347 14635 2393 347 14636 2578 3075 14637 2551 3076 14638 2586 3077 14639 2586 3077 14640 2551 3076 14641 2530 3078 14642 2586 3077 14643 2530 3078 14644 2529 3079 14645 2586 3077 14646 2529 3079 14647 2587 3080 14648 2587 3080 14649 2529 3079 14650 2528 3081 14651 2587 3080 14652 2528 3081 14653 2588 3082 14654 2588 3082 14655 2528 3081 14656 2527 3083 14657 2588 3082 14658 2527 3083 14659 2589 3084 14660 2589 3084 14661 2527 3083 14662 2526 3085 14663 2589 3084 14664 2526 3085 14665 2590 3086 14666 2590 3086 14667 2526 3085 14668 2585 3087 14669 2590 3086 14670 2585 3087 14671 2575 3088 14672 2575 3088 14673 2585 3087 14674 2574 3089 14675 2574 3089 14676 2585 3087 14677 2617 3090 14678 2574 3089 14679 2617 3090 14680 2591 3091 14681 2591 3091 14682 2617 3090 14683 2525 3092 14684 2591 3091 14685 2525 3092 14686 2524 3093 14687 2526 3085 14688 2525 3092 14689 2585 3087 14690 2585 3087 14691 2525 3092 14692 2617 3090 14693 2591 3091 14694 2524 3093 14695 2584 3094 14696 2584 3094 14697 2524 3093 14698 2523 3095 14699 2584 3094 14700 2523 3095 14701 2592 3096 14702 2592 3096 14703 2523 3095 14704 2522 3097 14705 2592 3096 14706 2522 3097 14707 2593 3098 14708 2593 3098 14709 2522 3097 14710 2521 3099 14711 2593 3098 14712 2521 3099 14713 2595 3100 14714 2595 3100 14715 2521 3099 14716 2594 3101 14717 2595 3100 14718 2594 3101 14719 2570 3102 14720 2570 3102 14721 2594 3101 14722 2569 3103 14723 2569 3103 14724 2594 3101 14725 2596 3104 14726 2569 3103 14727 2596 3104 14728 2568 3105 14729 2568 3105 14730 2596 3104 14731 2597 3106 14732 2568 3105 14733 2597 3106 14734 2598 3107 14735 2598 3107 14736 2597 3106 14737 2518 3108 14738 2598 3107 14739 2518 3108 14740 2517 3109 14741 2521 3099 14742 2520 3110 14743 2594 3101 14744 2594 3101 14745 2520 3110 14746 2596 3104 14747 2520 3110 14748 2519 3111 14749 2596 3104 14750 2596 3104 14751 2519 3111 14752 2597 3106 14753 2519 3111 14754 2518 3108 14755 2597 3106 14756 2598 3107 14757 2517 3109 14758 2599 3112 14759 2599 3112 14760 2517 3109 14761 2516 3113 14762 2599 3112 14763 2516 3113 14764 2583 3114 14765 2583 3114 14766 2516 3113 14767 2515 3115 14768 2583 3114 14769 2515 3115 14770 2600 3116 14771 2600 3116 14772 2515 3115 14773 2514 3117 14774 2600 3116 14775 2514 3117 14776 2582 3118 14777 2582 3118 14778 2514 3117 14779 2601 3119 14780 2582 3118 14781 2601 3119 14782 2565 3120 14783 2565 3120 14784 2601 3119 14785 2602 3121 14786 2565 3120 14787 2602 3121 14788 2564 3122 14789 2564 3122 14790 2602 3121 14791 2603 3123 14792 2564 3122 14793 2603 3123 14794 2563 3124 14795 2563 3124 14796 2603 3123 14797 2604 3125 14798 2563 3124 14799 2604 3125 14800 2605 3126 14801 2605 3126 14802 2604 3125 14803 2510 3127 14804 2605 3126 14805 2510 3127 14806 2509 3128 14807 2514 3117 14808 2513 3129 14809 2601 3119 14810 2601 3119 14811 2513 3129 14812 2602 3121 14813 2513 3129 14814 2512 3130 14815 2602 3121 14816 2602 3121 14817 2512 3130 14818 2603 3123 14819 2512 3130 14820 2511 3131 14821 2603 3123 14822 2603 3123 14823 2511 3131 14824 2604 3125 14825 2511 3131 14826 2510 3127 14827 2604 3125 14828 2605 3126 14829 2509 3128 14830 2606 3132 14831 2606 3132 14832 2509 3128 14833 2508 3133 14834 2606 3132 14835 2508 3133 14836 2607 3134 14837 2607 3134 14838 2508 3133 14839 2507 3135 14840 2607 3134 14841 2507 3135 14842 2581 3136 14843 2581 3136 14844 2507 3135 14845 2506 3137 14846 2581 3136 14847 2506 3137 14848 2608 3138 14849 2608 3138 14850 2506 3137 14851 2505 3139 14852 2608 3138 14853 2505 3139 14854 2609 3140 14855 2609 3140 14856 2505 3139 14857 2504 3141 14858 2609 3140 14859 2504 3141 14860 2503 3142 14861 2502 3143 14862 2611 3144 14863 2503 3142 14864 2503 3142 14865 2611 3144 14866 2610 3145 14867 2503 3142 14868 2610 3145 14869 2609 3140 14870 2609 3140 14871 2610 3145 14872 2558 3146 14873 2609 3140 14874 2558 3146 14875 2559 3147 14876 2501 3148 14877 2612 3149 14878 2502 3143 14879 2502 3143 14880 2612 3149 14881 2580 3150 14882 2502 3143 14883 2580 3150 14884 2611 3144 14885 2611 3144 14886 2580 3150 14887 2558 3146 14888 2611 3144 14889 2558 3146 14890 2610 3145 14891 2612 3149 14892 2501 3148 14893 2613 3151 14894 2613 3151 14895 2501 3148 14896 2500 3152 14897 2613 3151 14898 2500 3152 14899 2499 3153 14900 2613 3151 14901 2499 3153 14902 2614 3154 14903 2614 3154 14904 2499 3153 14905 2498 3155 14906 2614 3154 14907 2498 3155 14908 2615 3156 14909 2615 3156 14910 2498 3155 14911 2579 3157 14912 2615 3156 14913 2579 3157 14914 2554 3158 14915 2554 3158 14916 2579 3157 14917 2553 3159 14918 2553 3159 14919 2579 3157 14920 2616 3160 14921 2553 3159 14922 2616 3160 14923 2552 3161 14924 2552 3161 14925 2616 3160 14926 2496 3162 14927 2496 3162 14928 2616 3160 14929 2497 3163 14930 2497 3163 14931 2616 3160 14932 2579 3157 14933 2497 3163 14934 2579 3157 14935 2498 3155 14936 2615 3156 14937 2554 3158 14938 2614 3154 14939 2614 3154 14940 2554 3158 14941 2555 3164 14942 2614 3154 14943 2555 3164 14944 2613 3151 14945 2613 3151 14946 2555 3164 14947 2556 3165 14948 2613 3151 14949 2556 3165 14950 2612 3149 14951 2612 3149 14952 2556 3165 14953 2557 3166 14954 2612 3149 14955 2557 3166 14956 2580 3150 14957 2580 3150 14958 2557 3166 14959 2558 3146 14960 2609 3140 14961 2559 3147 14962 2608 3138 14963 2608 3138 14964 2559 3147 14965 2560 3167 14966 2608 3138 14967 2560 3167 14968 2581 3136 14969 2581 3136 14970 2560 3167 14971 2561 3168 14972 2581 3136 14973 2561 3168 14974 2607 3134 14975 2607 3134 14976 2561 3168 14977 2606 3132 14978 2561 3168 14979 2562 3169 14980 2606 3132 14981 2606 3132 14982 2562 3169 14983 2605 3126 14984 2562 3169 14985 2563 3124 14986 2605 3126 14987 2565 3120 14988 2566 3170 14989 2582 3118 14990 2582 3118 14991 2566 3170 14992 2600 3116 14993 2600 3116 14994 2566 3170 14995 2583 3114 14996 2583 3114 14997 2566 3170 14998 2567 3171 14999 2583 3114 15000 2567 3171 15001 2599 3112 15002 2599 3112 15003 2567 3171 15004 2598 3107 15005 2567 3171 15006 2568 3105 15007 2598 3107 15008 2595 3100 15009 2570 3102 15010 2593 3098 15011 2593 3098 15012 2570 3102 15013 2571 3172 15014 2593 3098 15015 2571 3172 15016 2572 3173 15017 2593 3098 15018 2572 3173 15019 2592 3096 15020 2592 3096 15021 2572 3173 15022 2573 3174 15023 2592 3096 15024 2573 3174 15025 2584 3094 15026 2584 3094 15027 2573 3174 15028 2574 3089 15029 2584 3094 15030 2574 3089 15031 2591 3091 15032 2590 3086 15033 2575 3088 15034 2589 3084 15035 2589 3084 15036 2575 3088 15037 2576 3175 15038 2589 3084 15039 2576 3175 15040 2588 3082 15041 2588 3082 15042 2576 3175 15043 2577 3176 15044 2588 3082 15045 2577 3176 15046 2587 3080 15047 2587 3080 15048 2577 3176 15049 2578 3075 15050 2587 3080 15051 2578 3075 15052 2586 3077 15053 2618 3177 15054 2619 3178 15055 2479 3179 15056 2479 3179 15057 2619 3178 15058 2480 3180 15059 2480 3180 15060 2619 3178 15061 2620 3181 15062 2480 3180 15063 2620 3181 15064 2481 3182 15065 2481 3182 15066 2620 3181 15067 2621 3183 15068 2481 3182 15069 2621 3183 15070 2482 3184 15071 2482 3184 15072 2621 3183 15073 2622 3185 15074 2482 3184 15075 2622 3185 15076 2483 3186 15077 2483 3186 15078 2622 3185 15079 2623 3187 15080 2483 3186 15081 2623 3187 15082 2484 3188 15083 2484 3188 15084 2623 3187 15085 2624 3189 15086 2484 3188 15087 2624 3189 15088 2485 3190 15089 2485 3190 15090 2624 3189 15091 2625 3191 15092 2485 3190 15093 2625 3191 15094 2486 3192 15095 2486 3192 15096 2625 3191 15097 2626 3193 15098 2486 3192 15099 2626 3193 15100 2487 3194 15101 2487 3194 15102 2626 3193 15103 2627 3195 15104 2487 3194 15105 2627 3195 15106 2488 3196 15107 2488 3196 15108 2627 3195 15109 2628 3197 15110 2488 3196 15111 2628 3197 15112 2489 3198 15113 2489 3198 15114 2628 3197 15115 2629 3199 15116 2489 3198 15117 2629 3199 15118 2490 3200 15119 2490 3200 15120 2629 3199 15121 2630 3201 15122 2490 3200 15123 2630 3201 15124 2491 3202 15125 2491 3202 15126 2630 3201 15127 2631 3203 15128 2491 3202 15129 2631 3203 15130 2492 3204 15131 2492 3204 15132 2631 3203 15133 2632 3205 15134 2492 3204 15135 2632 3205 15136 2493 3206 15137 2493 3206 15138 2632 3205 15139 2633 3207 15140 2493 3206 15141 2633 3207 15142 2494 3208 15143 2494 3208 15144 2633 3207 15145 2634 3209 15146 2494 3208 15147 2634 3209 15148 2495 3210 15149 2495 3210 15150 2634 3209 15151 2635 3211 15152 2495 3210 15153 2635 3211 15154 2496 3162 15155 2496 3162 15156 2635 3211 15157 2552 3161 15158 2446 3212 15159 2445 3213 15160 2673 3214 15161 2673 3214 15162 2445 3213 15163 2636 3215 15164 2673 3214 15165 2636 3215 15166 2637 3216 15167 2637 3216 15168 2638 3217 15169 2673 3214 15170 2673 3214 15171 2638 3217 15172 2674 3218 15173 2673 3214 15174 2674 3218 15175 2446 3212 15176 2446 3212 15177 2674 3218 15178 2447 3219 15179 2447 3219 15180 2674 3218 15181 2675 3220 15182 2447 3219 15183 2675 3220 15184 2448 3221 15185 2448 3221 15186 2675 3220 15187 2676 3222 15188 2448 3221 15189 2676 3222 15190 2449 3223 15191 2449 3223 15192 2676 3222 15193 2677 3224 15194 2449 3223 15195 2677 3224 15196 2672 3225 15197 2672 3225 15198 2677 3224 15199 2641 3226 15200 2672 3225 15201 2641 3226 15202 2642 3227 15203 2638 3217 15204 2639 3228 15205 2674 3218 15206 2674 3218 15207 2639 3228 15208 2675 3220 15209 2639 3228 15210 2640 3229 15211 2675 3220 15212 2675 3220 15213 2640 3229 15214 2676 3222 15215 2640 3229 15216 2641 3226 15217 2676 3222 15218 2676 3222 15219 2641 3226 15220 2677 3224 15221 2643 3230 15222 2671 3231 15223 2642 3227 15224 2642 3227 15225 2671 3231 15226 2679 3232 15227 2642 3227 15228 2679 3232 15229 2678 3233 15230 2678 3233 15231 2679 3232 15232 2450 3234 15233 2678 3233 15234 2450 3234 15235 2672 3225 15236 2672 3225 15237 2450 3234 15238 2449 3223 15239 2671 3231 15240 2643 3230 15241 2680 3235 15242 2680 3235 15243 2643 3230 15244 2644 3236 15245 2680 3235 15246 2644 3236 15247 2681 3237 15248 2681 3237 15249 2644 3236 15250 2645 3238 15251 2681 3237 15252 2645 3238 15253 2646 3239 15254 2647 3240 15255 2670 3241 15256 2646 3239 15257 2646 3239 15258 2670 3241 15259 2682 3242 15260 2646 3239 15261 2682 3242 15262 2681 3237 15263 2681 3237 15264 2682 3242 15265 2454 3243 15266 2681 3237 15267 2454 3243 15268 2453 3244 15269 2670 3241 15270 2647 3240 15271 2683 3245 15272 2683 3245 15273 2647 3240 15274 2648 3246 15275 2683 3245 15276 2648 3246 15277 2684 3247 15278 2684 3247 15279 2648 3246 15280 2685 3248 15281 2684 3247 15282 2685 3248 15283 2457 3249 15284 2457 3249 15285 2685 3248 15286 2458 3250 15287 2458 3250 15288 2685 3248 15289 2686 3251 15290 2458 3250 15291 2686 3251 15292 2459 3252 15293 2459 3252 15294 2686 3251 15295 2669 3253 15296 2459 3252 15297 2669 3253 15298 2460 3254 15299 2460 3254 15300 2669 3253 15301 2687 3255 15302 2460 3254 15303 2687 3255 15304 2461 3256 15305 2461 3256 15306 2687 3255 15307 2668 3257 15308 2461 3256 15309 2668 3257 15310 2688 3258 15311 2688 3258 15312 2668 3257 15313 2651 3259 15314 2688 3258 15315 2651 3259 15316 2689 3260 15317 2689 3260 15318 2651 3259 15319 2652 3261 15320 2689 3260 15321 2652 3261 15322 2690 3262 15323 2690 3262 15324 2652 3261 15325 2667 3263 15326 2690 3262 15327 2667 3263 15328 2464 3264 15329 2464 3264 15330 2667 3263 15331 2465 3265 15332 2465 3265 15333 2667 3263 15334 2691 3266 15335 2465 3265 15336 2691 3266 15337 2466 3267 15338 2466 3267 15339 2691 3266 15340 2666 3268 15341 2466 3267 15342 2666 3268 15343 2467 3269 15344 2467 3269 15345 2666 3268 15346 2702 3270 15347 2467 3269 15348 2702 3270 15349 2468 3271 15350 2468 3271 15351 2702 3270 15352 2692 3272 15353 2468 3271 15354 2692 3272 15355 2693 3273 15356 2693 3273 15357 2692 3272 15358 2654 3274 15359 2693 3273 15360 2654 3274 15361 2655 3275 15362 2648 3246 15363 2649 3276 15364 2685 3248 15365 2685 3248 15366 2649 3276 15367 2686 3251 15368 2686 3251 15369 2649 3276 15370 2669 3253 15371 2669 3253 15372 2649 3276 15373 2650 3277 15374 2669 3253 15375 2650 3277 15376 2687 3255 15377 2687 3255 15378 2650 3277 15379 2668 3257 15380 2650 3277 15381 2651 3259 15382 2668 3257 15383 2652 3261 15384 2653 3278 15385 2667 3263 15386 2667 3263 15387 2653 3278 15388 2691 3266 15389 2691 3266 15390 2653 3278 15391 2666 3268 15392 2666 3268 15393 2653 3278 15394 2654 3274 15395 2666 3268 15396 2654 3274 15397 2702 3270 15398 2702 3270 15399 2654 3274 15400 2692 3272 15401 2693 3273 15402 2655 3275 15403 2694 3279 15404 2694 3279 15405 2655 3275 15406 2656 3280 15407 2694 3279 15408 2656 3280 15409 2695 3281 15410 2695 3281 15411 2656 3280 15412 2657 3282 15413 2695 3281 15414 2657 3282 15415 2696 3283 15416 2696 3283 15417 2657 3282 15418 2665 3284 15419 2696 3283 15420 2665 3284 15421 2472 3285 15422 2472 3285 15423 2665 3284 15424 2473 3286 15425 2473 3286 15426 2665 3284 15427 2697 3287 15428 2473 3286 15429 2697 3287 15430 2698 3288 15431 2698 3288 15432 2697 3287 15433 2658 3289 15434 2698 3288 15435 2658 3289 15436 2659 3290 15437 2657 3282 15438 2658 3289 15439 2665 3284 15440 2665 3284 15441 2658 3289 15442 2697 3287 15443 2698 3288 15444 2659 3290 15445 2699 3291 15446 2699 3291 15447 2659 3290 15448 2660 3292 15449 2699 3291 15450 2660 3292 15451 2664 3293 15452 2664 3293 15453 2660 3292 15454 2661 3294 15455 2664 3293 15456 2661 3294 15457 2700 3295 15458 2700 3295 15459 2661 3294 15460 2663 3296 15461 2700 3295 15462 2663 3296 15463 2477 3297 15464 2477 3297 15465 2663 3296 15466 2478 3298 15467 2478 3298 15468 2663 3296 15469 2701 3299 15470 2478 3298 15471 2701 3299 15472 2479 3179 15473 2479 3179 15474 2701 3299 15475 2618 3177 15476 2618 3177 15477 2701 3299 15478 2662 3300 15479 2662 3300 15480 2701 3299 15481 2663 3296 15482 2662 3300 15483 2663 3296 15484 2661 3294 15485 2700 3295 15486 2477 3297 15487 2664 3293 15488 2664 3293 15489 2477 3297 15490 2476 3301 15491 2664 3293 15492 2476 3301 15493 2475 3302 15494 2664 3293 15495 2475 3302 15496 2699 3291 15497 2699 3291 15498 2475 3302 15499 2474 3303 15500 2699 3291 15501 2474 3303 15502 2698 3288 15503 2698 3288 15504 2474 3303 15505 2473 3286 15506 2696 3283 15507 2472 3285 15508 2695 3281 15509 2695 3281 15510 2472 3285 15511 2471 3304 15512 2695 3281 15513 2471 3304 15514 2470 3305 15515 2695 3281 15516 2470 3305 15517 2694 3279 15518 2694 3279 15519 2470 3305 15520 2469 3306 15521 2694 3279 15522 2469 3306 15523 2693 3273 15524 2693 3273 15525 2469 3306 15526 2468 3271 15527 2464 3264 15528 2463 3307 15529 2690 3262 15530 2690 3262 15531 2463 3307 15532 2689 3260 15533 2463 3307 15534 2462 3308 15535 2689 3260 15536 2689 3260 15537 2462 3308 15538 2688 3258 15539 2462 3308 15540 2461 3256 15541 2688 3258 15542 2457 3249 15543 2456 3309 15544 2684 3247 15545 2684 3247 15546 2456 3309 15547 2683 3245 15548 2456 3309 15549 2455 3310 15550 2683 3245 15551 2683 3245 15552 2455 3310 15553 2670 3241 15554 2455 3310 15555 2454 3243 15556 2670 3241 15557 2670 3241 15558 2454 3243 15559 2682 3242 15560 2681 3237 15561 2453 3244 15562 2680 3235 15563 2680 3235 15564 2453 3244 15565 2452 3311 15566 2680 3235 15567 2452 3311 15568 2671 3231 15569 2671 3231 15570 2452 3311 15571 2451 3312 15572 2671 3231 15573 2451 3312 15574 2679 3232 15575 2679 3232 15576 2451 3312 15577 2450 3234 15578 2642 3227 15579 2678 3233 15580 2672 3225 15581 2636 3215 15582 2445 3213 15583 2723 3313 15584 2723 3313 15585 2445 3213 15586 2550 3314 15587 2723 3313 15588 2550 3314 15589 2722 3315 15590 2722 3315 15591 2550 3314 15592 2549 3316 15593 2722 3315 15594 2549 3316 15595 2721 3317 15596 2721 3317 15597 2549 3316 15598 2548 3318 15599 2721 3317 15600 2548 3318 15601 2720 3319 15602 2720 3319 15603 2548 3318 15604 2547 3320 15605 2720 3319 15606 2547 3320 15607 2719 3321 15608 2719 3321 15609 2547 3320 15610 2546 3322 15611 2719 3321 15612 2546 3322 15613 2718 3323 15614 2718 3323 15615 2546 3322 15616 2545 3324 15617 2718 3323 15618 2545 3324 15619 2717 3325 15620 2717 3325 15621 2545 3324 15622 2544 3326 15623 2717 3325 15624 2544 3326 15625 2716 3327 15626 2716 3327 15627 2544 3326 15628 2543 3328 15629 2716 3327 15630 2543 3328 15631 2715 3329 15632 2715 3329 15633 2543 3328 15634 2542 3330 15635 2715 3329 15636 2542 3330 15637 2714 3331 15638 2714 3331 15639 2542 3330 15640 2541 3332 15641 2714 3331 15642 2541 3332 15643 2713 3333 15644 2713 3333 15645 2541 3332 15646 2540 3334 15647 2713 3333 15648 2540 3334 15649 2712 3335 15650 2712 3335 15651 2540 3334 15652 2539 3336 15653 2712 3335 15654 2539 3336 15655 2711 3337 15656 2711 3337 15657 2539 3336 15658 2538 3338 15659 2711 3337 15660 2538 3338 15661 2710 3339 15662 2710 3339 15663 2538 3338 15664 2537 3340 15665 2710 3339 15666 2537 3340 15667 2709 3341 15668 2709 3341 15669 2537 3340 15670 2536 3342 15671 2709 3341 15672 2536 3342 15673 2708 3343 15674 2708 3343 15675 2536 3342 15676 2535 3344 15677 2708 3343 15678 2535 3344 15679 2707 3345 15680 2707 3345 15681 2535 3344 15682 2534 3346 15683 2707 3345 15684 2534 3346 15685 2706 3347 15686 2706 3347 15687 2534 3346 15688 2533 3348 15689 2706 3347 15690 2533 3348 15691 2705 3349 15692 2705 3349 15693 2533 3348 15694 2532 3350 15695 2705 3349 15696 2532 3350 15697 2704 3351 15698 2704 3351 15699 2532 3350 15700 2531 3352 15701 2704 3351 15702 2531 3352 15703 2703 3353 15704 2703 3353 15705 2531 3352 15706 2530 3078 15707 2703 3353 15708 2530 3078 15709 2551 3076 15710 2578 3354 15711 2766 3355 15712 2551 3356 15713 2551 3356 15714 2766 3355 15715 2767 3357 15716 2551 3356 15717 2767 3357 15718 2756 3358 15719 2756 3358 15720 2767 3357 15721 2768 3359 15722 2756 3358 15723 2768 3359 15724 2769 3360 15725 2769 3360 15726 2768 3359 15727 2776 3361 15728 2769 3360 15729 2776 3361 15730 2777 3362 15731 2777 3362 15732 2776 3361 15733 2791 3363 15734 2777 3362 15735 2791 3363 15736 2790 3364 15737 2790 3364 15738 2791 3363 15739 2785 3365 15740 2790 3364 15741 2785 3365 15742 2786 3366 15743 2786 3366 15744 2785 3365 15745 2802 3367 15746 2786 3366 15747 2802 3367 15748 2803 3368 15749 2803 3368 15750 2802 3367 15751 2763 3369 15752 2803 3368 15753 2763 3369 15754 2750 3370 15755 2750 3370 15756 2763 3369 15757 2749 3371 15758 2749 3371 15759 2763 3369 15760 2811 3372 15761 2749 3371 15762 2811 3372 15763 2748 3373 15764 2748 3373 15765 2811 3372 15766 2826 3374 15767 2748 3373 15768 2826 3374 15769 2825 3375 15770 2825 3375 15771 2826 3374 15772 2824 3376 15773 2825 3375 15774 2824 3376 15775 2841 3377 15776 2841 3377 15777 2824 3376 15778 2840 3378 15779 2841 3377 15780 2840 3378 15781 2849 3379 15782 2849 3379 15783 2840 3378 15784 2848 3380 15785 2849 3379 15786 2848 3380 15787 2857 3381 15788 2857 3381 15789 2848 3380 15790 2856 3382 15791 2857 3381 15792 2856 3382 15793 2865 3383 15794 2865 3383 15795 2856 3382 15796 2864 3384 15797 2865 3383 15798 2864 3384 15799 2873 3385 15800 2873 3385 15801 2864 3384 15802 2872 3386 15803 2873 3385 15804 2872 3386 15805 2881 3387 15806 2881 3387 15807 2872 3386 15808 2880 3388 15809 2881 3387 15810 2880 3388 15811 2889 3389 15812 2889 3389 15813 2880 3388 15814 2888 3390 15815 2889 3389 15816 2888 3390 15817 2897 3391 15818 2897 3391 15819 2888 3390 15820 2896 3392 15821 2897 3391 15822 2896 3392 15823 2905 3393 15824 2905 3393 15825 2896 3392 15826 2904 3394 15827 2905 3393 15828 2904 3394 15829 2761 3395 15830 2761 3395 15831 2904 3394 15832 2912 3396 15833 2761 3395 15834 2912 3396 15835 2913 3397 15836 2913 3397 15837 2912 3396 15838 2914 3398 15839 2913 3397 15840 2914 3398 15841 2927 3399 15842 2927 3399 15843 2914 3398 15844 2926 3400 15845 2927 3399 15846 2926 3400 15847 2933 3401 15848 2933 3401 15849 2926 3400 15850 2932 3402 15851 2933 3401 15852 2932 3402 15853 2941 3403 15854 2941 3403 15855 2932 3402 15856 2940 3404 15857 2941 3403 15858 2940 3404 15859 2949 3405 15860 2949 3405 15861 2940 3404 15862 2948 3406 15863 2949 3405 15864 2948 3406 15865 2957 3407 15866 2957 3407 15867 2948 3406 15868 2956 3408 15869 2957 3407 15870 2956 3408 15871 2965 3409 15872 2965 3409 15873 2956 3408 15874 2964 3410 15875 2965 3409 15876 2964 3410 15877 2972 3411 15878 2972 3411 15879 2964 3410 15880 2971 3412 15881 2972 3411 15882 2971 3412 15883 2982 3413 15884 2982 3413 15885 2971 3412 15886 2983 3414 15887 2982 3413 15888 2983 3414 15889 2979 3415 15890 2979 3415 15891 2983 3414 15892 2978 3416 15893 2979 3415 15894 2978 3416 15895 2726 3417 15896 2726 3417 15897 2978 3416 15898 2725 3418 15899 2725 3418 15900 2978 3416 15901 2977 3419 15902 2725 3418 15903 2977 3419 15904 2976 3420 15905 2976 3420 15906 2977 3419 15907 2985 3421 15908 2976 3420 15909 2985 3421 15910 2986 3422 15911 2986 3422 15912 2985 3421 15913 2968 3423 15914 2986 3422 15915 2968 3423 15916 2967 3424 15917 2967 3424 15918 2968 3423 15919 2960 3425 15920 2967 3424 15921 2960 3425 15922 2959 3426 15923 2959 3426 15924 2960 3425 15925 2951 3427 15926 2959 3426 15927 2951 3427 15928 2557 3428 15929 2557 3428 15930 2951 3427 15931 2558 3429 15932 2558 3429 15933 2951 3427 15934 2943 3430 15935 2558 3429 15936 2943 3430 15937 2559 3431 15938 2559 3431 15939 2943 3430 15940 2935 3432 15941 2559 3431 15942 2935 3432 15943 2560 3433 15944 2560 3433 15945 2935 3432 15946 2759 3434 15947 2560 3433 15948 2759 3434 15949 2561 3435 15950 2561 3435 15951 2759 3434 15952 2920 3436 15953 2561 3435 15954 2920 3436 15955 2562 3437 15956 2562 3437 15957 2920 3436 15958 2760 3438 15959 2562 3437 15960 2760 3438 15961 2563 3439 15962 2563 3439 15963 2760 3438 15964 2906 3440 15965 2563 3439 15966 2906 3440 15967 2898 3441 15968 2898 3441 15969 2906 3440 15970 2907 3442 15971 2898 3441 15972 2907 3442 15973 2899 3443 15974 2899 3443 15975 2907 3442 15976 2908 3444 15977 2899 3443 15978 2908 3444 15979 2900 3445 15980 2900 3445 15981 2908 3444 15982 2909 3446 15983 2900 3445 15984 2909 3446 15985 2901 3447 15986 2901 3447 15987 2909 3446 15988 2910 3448 15989 2901 3447 15990 2910 3448 15991 2902 3449 15992 2902 3449 15993 2910 3448 15994 2911 3450 15995 2902 3449 15996 2911 3450 15997 2903 3451 15998 2903 3451 15999 2911 3450 16000 2912 3396 16001 2903 3451 16002 2912 3396 16003 2904 3394 16004 2766 3355 16005 2578 3354 16006 2764 3452 16007 2764 3452 16008 2578 3354 16009 2577 3453 16010 2764 3452 16011 2577 3453 16012 2795 3454 16013 2795 3454 16014 2577 3453 16015 2780 3455 16016 2795 3454 16017 2780 3455 16018 2781 3456 16019 2781 3456 16020 2780 3455 16021 2797 3457 16022 2781 3456 16023 2797 3457 16024 2798 3458 16025 2798 3458 16026 2797 3457 16027 2816 3459 16028 2798 3458 16029 2816 3459 16030 2815 3460 16031 2815 3460 16032 2816 3459 16033 2807 3461 16034 2815 3460 16035 2807 3461 16036 2808 3462 16037 2808 3462 16038 2807 3461 16039 2829 3463 16040 2808 3462 16041 2829 3463 16042 2809 3464 16043 2809 3464 16044 2829 3463 16045 2828 3465 16046 2809 3464 16047 2828 3465 16048 2810 3466 16049 2810 3466 16050 2828 3465 16051 2827 3467 16052 2810 3466 16053 2827 3467 16054 2811 3372 16055 2811 3372 16056 2827 3467 16057 2826 3374 16058 2577 3453 16059 2576 3468 16060 2780 3455 16061 2780 3455 16062 2576 3468 16063 2796 3469 16064 2780 3455 16065 2796 3469 16066 2797 3457 16067 2797 3457 16068 2796 3469 16069 2817 3470 16070 2797 3457 16071 2817 3470 16072 2816 3459 16073 2816 3459 16074 2817 3470 16075 2806 3471 16076 2816 3459 16077 2806 3471 16078 2807 3461 16079 2807 3461 16080 2806 3471 16081 2830 3472 16082 2807 3461 16083 2830 3472 16084 2829 3463 16085 2829 3463 16086 2830 3472 16087 2822 3473 16088 2829 3463 16089 2822 3473 16090 2828 3465 16091 2828 3465 16092 2822 3473 16093 2823 3474 16094 2828 3465 16095 2823 3474 16096 2827 3467 16097 2827 3467 16098 2823 3474 16099 2824 3376 16100 2827 3467 16101 2824 3376 16102 2826 3374 16103 2796 3469 16104 2576 3468 16105 2762 3475 16106 2762 3475 16107 2576 3468 16108 2575 3476 16109 2762 3475 16110 2575 3476 16111 2804 3477 16112 2804 3477 16113 2575 3476 16114 2574 3478 16115 2804 3477 16116 2574 3478 16117 2833 3479 16118 2833 3479 16119 2574 3478 16120 2818 3480 16121 2833 3479 16122 2818 3480 16123 2832 3481 16124 2832 3481 16125 2818 3480 16126 2819 3482 16127 2832 3481 16128 2819 3482 16129 2820 3483 16130 2820 3483 16131 2819 3482 16132 2836 3484 16133 2820 3483 16134 2836 3484 16135 2837 3485 16136 2837 3485 16137 2836 3484 16138 2845 3486 16139 2837 3485 16140 2845 3486 16141 2846 3487 16142 2846 3487 16143 2845 3486 16144 2854 3488 16145 2846 3487 16146 2854 3488 16147 2855 3489 16148 2855 3489 16149 2854 3488 16150 2863 3490 16151 2855 3489 16152 2863 3490 16153 2864 3384 16154 2864 3384 16155 2863 3490 16156 2872 3386 16157 2574 3478 16158 2573 3491 16159 2818 3480 16160 2818 3480 16161 2573 3491 16162 2834 3492 16163 2818 3480 16164 2834 3492 16165 2835 3493 16166 2835 3493 16167 2834 3492 16168 2843 3494 16169 2835 3493 16170 2843 3494 16171 2844 3495 16172 2844 3495 16173 2843 3494 16174 2852 3496 16175 2844 3495 16176 2852 3496 16177 2853 3497 16178 2853 3497 16179 2852 3496 16180 2861 3498 16181 2853 3497 16182 2861 3498 16183 2862 3499 16184 2862 3499 16185 2861 3498 16186 2870 3500 16187 2862 3499 16188 2870 3500 16189 2871 3501 16190 2871 3501 16191 2870 3500 16192 2879 3502 16193 2871 3501 16194 2879 3502 16195 2880 3388 16196 2880 3388 16197 2879 3502 16198 2888 3390 16199 2573 3491 16200 2572 3503 16201 2834 3492 16202 2834 3492 16203 2572 3503 16204 2842 3504 16205 2834 3492 16206 2842 3504 16207 2843 3494 16208 2843 3494 16209 2842 3504 16210 2851 3505 16211 2843 3494 16212 2851 3505 16213 2852 3496 16214 2852 3496 16215 2851 3505 16216 2860 3506 16217 2852 3496 16218 2860 3506 16219 2861 3498 16220 2861 3498 16221 2860 3506 16222 2869 3507 16223 2861 3498 16224 2869 3507 16225 2870 3500 16226 2870 3500 16227 2869 3507 16228 2878 3508 16229 2870 3500 16230 2878 3508 16231 2879 3502 16232 2879 3502 16233 2878 3508 16234 2887 3509 16235 2879 3502 16236 2887 3509 16237 2888 3390 16238 2888 3390 16239 2887 3509 16240 2896 3392 16241 2572 3503 16242 2571 3510 16243 2842 3504 16244 2842 3504 16245 2571 3510 16246 2850 3511 16247 2842 3504 16248 2850 3511 16249 2851 3505 16250 2851 3505 16251 2850 3511 16252 2859 3512 16253 2851 3505 16254 2859 3512 16255 2860 3506 16256 2860 3506 16257 2859 3512 16258 2868 3513 16259 2860 3506 16260 2868 3513 16261 2869 3507 16262 2869 3507 16263 2868 3513 16264 2877 3514 16265 2869 3507 16266 2877 3514 16267 2878 3508 16268 2878 3508 16269 2877 3514 16270 2886 3515 16271 2878 3508 16272 2886 3515 16273 2887 3509 16274 2887 3509 16275 2886 3515 16276 2895 3516 16277 2887 3509 16278 2895 3516 16279 2896 3392 16280 2896 3392 16281 2895 3516 16282 2904 3394 16283 2571 3510 16284 2570 3517 16285 2850 3511 16286 2850 3511 16287 2570 3517 16288 2569 3518 16289 2850 3511 16290 2569 3518 16291 2858 3519 16292 2858 3519 16293 2569 3518 16294 2568 3520 16295 2858 3519 16296 2568 3520 16297 2866 3521 16298 2866 3521 16299 2568 3520 16300 2567 3522 16301 2866 3521 16302 2567 3522 16303 2874 3523 16304 2874 3523 16305 2567 3522 16306 2566 3524 16307 2874 3523 16308 2566 3524 16309 2882 3525 16310 2882 3525 16311 2566 3524 16312 2565 3526 16313 2882 3525 16314 2565 3526 16315 2890 3527 16316 2890 3527 16317 2565 3526 16318 2564 3528 16319 2890 3527 16320 2564 3528 16321 2898 3441 16322 2898 3441 16323 2564 3528 16324 2563 3439 16325 2557 3428 16326 2556 3529 16327 2959 3426 16328 2959 3426 16329 2556 3529 16330 2555 3530 16331 2959 3426 16332 2555 3530 16333 2757 3531 16334 2757 3531 16335 2555 3530 16336 2554 3532 16337 2757 3531 16338 2554 3532 16339 2988 3533 16340 2988 3533 16341 2554 3532 16342 2973 3534 16343 2988 3533 16344 2973 3534 16345 2974 3535 16346 2974 3535 16347 2973 3534 16348 2552 3536 16349 2974 3535 16350 2552 3536 16351 2724 3537 16352 2554 3532 16353 2553 3538 16354 2973 3534 16355 2973 3534 16356 2553 3538 16357 2552 3536 16358 2725 3418 16359 2976 3420 16360 2724 3537 16361 2724 3537 16362 2976 3420 16363 2975 3539 16364 2724 3537 16365 2975 3539 16366 2974 3535 16367 2974 3535 16368 2975 3539 16369 2987 3540 16370 2974 3535 16371 2987 3540 16372 2988 3533 16373 2988 3533 16374 2987 3540 16375 2757 3531 16376 2979 3415 16377 2726 3417 16378 2980 3541 16379 2980 3541 16380 2726 3417 16381 2727 3542 16382 2980 3541 16383 2727 3542 16384 2728 3543 16385 2728 3543 16386 2729 3544 16387 2980 3541 16388 2980 3541 16389 2729 3544 16390 2981 3545 16391 2980 3541 16392 2981 3545 16393 2982 3413 16394 2982 3413 16395 2981 3545 16396 2972 3411 16397 2981 3545 16398 2729 3544 16399 2758 3546 16400 2758 3546 16401 2729 3544 16402 2730 3547 16403 2758 3546 16404 2730 3547 16405 2966 3548 16406 2966 3548 16407 2730 3547 16408 2731 3549 16409 2966 3548 16410 2731 3549 16411 2732 3550 16412 2966 3548 16413 2732 3550 16414 2958 3551 16415 2958 3551 16416 2732 3550 16417 2733 3552 16418 2958 3551 16419 2733 3552 16420 2950 3553 16421 2950 3553 16422 2733 3552 16423 2734 3554 16424 2950 3553 16425 2734 3554 16426 2942 3555 16427 2942 3555 16428 2734 3554 16429 2735 3556 16430 2942 3555 16431 2735 3556 16432 2934 3557 16433 2934 3557 16434 2735 3556 16435 2736 3558 16436 2934 3557 16437 2736 3558 16438 2927 3399 16439 2927 3399 16440 2736 3558 16441 2913 3397 16442 2736 3558 16443 2737 3559 16444 2913 3397 16445 2913 3397 16446 2737 3559 16447 2761 3395 16448 2737 3559 16449 2738 3560 16450 2761 3395 16451 2761 3395 16452 2738 3560 16453 2905 3393 16454 2905 3393 16455 2738 3560 16456 2897 3391 16457 2897 3391 16458 2738 3560 16459 2739 3561 16460 2897 3391 16461 2739 3561 16462 2889 3389 16463 2889 3389 16464 2739 3561 16465 2740 3562 16466 2889 3389 16467 2740 3562 16468 2881 3387 16469 2881 3387 16470 2740 3562 16471 2741 3563 16472 2881 3387 16473 2741 3563 16474 2873 3385 16475 2873 3385 16476 2741 3563 16477 2742 3564 16478 2873 3385 16479 2742 3564 16480 2865 3383 16481 2865 3383 16482 2742 3564 16483 2743 3565 16484 2865 3383 16485 2743 3565 16486 2857 3381 16487 2857 3381 16488 2743 3565 16489 2744 3566 16490 2857 3381 16491 2744 3566 16492 2745 3567 16493 2857 3381 16494 2745 3567 16495 2849 3379 16496 2849 3379 16497 2745 3567 16498 2746 3568 16499 2849 3379 16500 2746 3568 16501 2841 3377 16502 2841 3377 16503 2746 3568 16504 2747 3569 16505 2841 3377 16506 2747 3569 16507 2825 3375 16508 2825 3375 16509 2747 3569 16510 2748 3373 16511 2803 3368 16512 2750 3370 16513 2787 3570 16514 2787 3570 16515 2750 3370 16516 2751 3571 16517 2787 3570 16518 2751 3571 16519 2788 3572 16520 2788 3572 16521 2751 3571 16522 2765 3573 16523 2788 3572 16524 2765 3573 16525 2779 3574 16526 2779 3574 16527 2765 3573 16528 2772 3575 16529 2779 3574 16530 2772 3575 16531 2771 3576 16532 2771 3576 16533 2772 3575 16534 2754 3577 16535 2771 3576 16536 2754 3577 16537 2755 3578 16538 2751 3571 16539 2752 3579 16540 2765 3573 16541 2765 3573 16542 2752 3579 16543 2773 3580 16544 2765 3573 16545 2773 3580 16546 2772 3575 16547 2772 3575 16548 2773 3580 16549 2754 3577 16550 2752 3579 16551 2753 3581 16552 2773 3580 16553 2773 3580 16554 2753 3581 16555 2754 3577 16556 2756 3358 16557 2769 3360 16558 2755 3578 16559 2755 3578 16560 2769 3360 16561 2770 3582 16562 2755 3578 16563 2770 3582 16564 2771 3576 16565 2771 3576 16566 2770 3582 16567 2778 3583 16568 2771 3576 16569 2778 3583 16570 2779 3574 16571 2779 3574 16572 2778 3583 16573 2789 3584 16574 2779 3574 16575 2789 3584 16576 2788 3572 16577 2788 3572 16578 2789 3584 16579 2787 3570 16580 2767 3357 16581 2766 3355 16582 2774 3585 16583 2774 3585 16584 2766 3355 16585 2764 3452 16586 2774 3585 16587 2764 3452 16588 2794 3586 16589 2794 3586 16590 2764 3452 16591 2795 3454 16592 2794 3586 16593 2795 3454 16594 2781 3456 16595 2768 3359 16596 2767 3357 16597 2775 3587 16598 2775 3587 16599 2767 3357 16600 2774 3585 16601 2775 3587 16602 2774 3585 16603 2793 3588 16604 2793 3588 16605 2774 3585 16606 2794 3586 16607 2793 3588 16608 2794 3586 16609 2782 3589 16610 2782 3589 16611 2794 3586 16612 2781 3456 16613 2782 3589 16614 2781 3456 16615 2798 3458 16616 2778 3583 16617 2770 3582 16618 2777 3362 16619 2777 3362 16620 2770 3582 16621 2769 3360 16622 2768 3359 16623 2775 3587 16624 2776 3361 16625 2776 3361 16626 2775 3587 16627 2792 3590 16628 2776 3361 16629 2792 3590 16630 2791 3363 16631 2791 3363 16632 2792 3590 16633 2784 3591 16634 2791 3363 16635 2784 3591 16636 2785 3365 16637 2785 3365 16638 2784 3591 16639 2801 3592 16640 2785 3365 16641 2801 3592 16642 2802 3367 16643 2802 3367 16644 2801 3592 16645 2812 3593 16646 2802 3367 16647 2812 3593 16648 2763 3369 16649 2763 3369 16650 2812 3593 16651 2811 3372 16652 2792 3590 16653 2775 3587 16654 2793 3588 16655 2789 3584 16656 2778 3583 16657 2790 3364 16658 2790 3364 16659 2778 3583 16660 2777 3362 16661 2792 3590 16662 2793 3588 16663 2783 3594 16664 2783 3594 16665 2793 3588 16666 2782 3589 16667 2783 3594 16668 2782 3589 16669 2799 3595 16670 2799 3595 16671 2782 3589 16672 2798 3458 16673 2799 3595 16674 2798 3458 16675 2815 3460 16676 2792 3590 16677 2783 3594 16678 2784 3591 16679 2784 3591 16680 2783 3594 16681 2800 3596 16682 2784 3591 16683 2800 3596 16684 2801 3592 16685 2801 3592 16686 2800 3596 16687 2813 3597 16688 2801 3592 16689 2813 3597 16690 2812 3593 16691 2812 3593 16692 2813 3597 16693 2810 3466 16694 2812 3593 16695 2810 3466 16696 2811 3372 16697 2800 3596 16698 2783 3594 16699 2799 3595 16700 2789 3584 16701 2790 3364 16702 2786 3366 16703 2803 3368 16704 2787 3570 16705 2786 3366 16706 2786 3366 16707 2787 3570 16708 2789 3584 16709 2800 3596 16710 2799 3595 16711 2814 3598 16712 2814 3598 16713 2799 3595 16714 2815 3460 16715 2814 3598 16716 2815 3460 16717 2808 3462 16718 2804 3477 16719 2805 3599 16720 2762 3475 16721 2762 3475 16722 2805 3599 16723 2817 3470 16724 2762 3475 16725 2817 3470 16726 2796 3469 16727 2817 3470 16728 2805 3599 16729 2806 3471 16730 2806 3471 16731 2805 3599 16732 2831 3600 16733 2806 3471 16734 2831 3600 16735 2830 3472 16736 2830 3472 16737 2831 3600 16738 2821 3601 16739 2830 3472 16740 2821 3601 16741 2822 3473 16742 2822 3473 16743 2821 3601 16744 2838 3602 16745 2822 3473 16746 2838 3602 16747 2839 3603 16748 2839 3603 16749 2838 3602 16750 2847 3604 16751 2839 3603 16752 2847 3604 16753 2848 3380 16754 2848 3380 16755 2847 3604 16756 2856 3382 16757 2833 3479 16758 2832 3481 16759 2804 3477 16760 2804 3477 16761 2832 3481 16762 2805 3599 16763 2808 3462 16764 2809 3464 16765 2814 3598 16766 2814 3598 16767 2809 3464 16768 2813 3597 16769 2814 3598 16770 2813 3597 16771 2800 3596 16772 2809 3464 16773 2810 3466 16774 2813 3597 16775 2836 3484 16776 2819 3482 16777 2835 3493 16778 2835 3493 16779 2819 3482 16780 2818 3480 16781 2832 3481 16782 2820 3483 16783 2831 3600 16784 2831 3600 16785 2820 3483 16786 2821 3601 16787 2838 3602 16788 2821 3601 16789 2837 3485 16790 2837 3485 16791 2821 3601 16792 2820 3483 16793 2840 3378 16794 2824 3376 16795 2823 3474 16796 2840 3378 16797 2823 3474 16798 2839 3603 16799 2839 3603 16800 2823 3474 16801 2822 3473 16802 2805 3599 16803 2832 3481 16804 2831 3600 16805 2845 3486 16806 2836 3484 16807 2844 3495 16808 2844 3495 16809 2836 3484 16810 2835 3493 16811 2847 3604 16812 2838 3602 16813 2846 3487 16814 2846 3487 16815 2838 3602 16816 2837 3485 16817 2848 3380 16818 2840 3378 16819 2839 3603 16820 2854 3488 16821 2845 3486 16822 2853 3497 16823 2853 3497 16824 2845 3486 16825 2844 3495 16826 2856 3382 16827 2847 3604 16828 2855 3489 16829 2855 3489 16830 2847 3604 16831 2846 3487 16832 2863 3490 16833 2854 3488 16834 2862 3499 16835 2862 3499 16836 2854 3488 16837 2853 3497 16838 2864 3384 16839 2856 3382 16840 2855 3489 16841 2850 3511 16842 2858 3519 16843 2859 3512 16844 2859 3512 16845 2858 3519 16846 2867 3605 16847 2859 3512 16848 2867 3605 16849 2868 3513 16850 2868 3513 16851 2867 3605 16852 2876 3606 16853 2868 3513 16854 2876 3606 16855 2877 3514 16856 2877 3514 16857 2876 3606 16858 2885 3607 16859 2877 3514 16860 2885 3607 16861 2886 3515 16862 2886 3515 16863 2885 3607 16864 2894 3608 16865 2886 3515 16866 2894 3608 16867 2895 3516 16868 2895 3516 16869 2894 3608 16870 2903 3451 16871 2895 3516 16872 2903 3451 16873 2904 3394 16874 2872 3386 16875 2863 3490 16876 2871 3501 16877 2871 3501 16878 2863 3490 16879 2862 3499 16880 2858 3519 16881 2866 3521 16882 2867 3605 16883 2867 3605 16884 2866 3521 16885 2875 3609 16886 2867 3605 16887 2875 3609 16888 2876 3606 16889 2876 3606 16890 2875 3609 16891 2884 3610 16892 2876 3606 16893 2884 3610 16894 2885 3607 16895 2885 3607 16896 2884 3610 16897 2893 3611 16898 2885 3607 16899 2893 3611 16900 2894 3608 16901 2894 3608 16902 2893 3611 16903 2902 3449 16904 2894 3608 16905 2902 3449 16906 2903 3451 16907 2880 3388 16908 2872 3386 16909 2871 3501 16910 2866 3521 16911 2874 3523 16912 2875 3609 16913 2875 3609 16914 2874 3523 16915 2883 3612 16916 2875 3609 16917 2883 3612 16918 2884 3610 16919 2884 3610 16920 2883 3612 16921 2892 3613 16922 2884 3610 16923 2892 3613 16924 2893 3611 16925 2893 3611 16926 2892 3613 16927 2901 3447 16928 2893 3611 16929 2901 3447 16930 2902 3449 16931 2874 3523 16932 2882 3525 16933 2883 3612 16934 2883 3612 16935 2882 3525 16936 2891 3614 16937 2883 3612 16938 2891 3614 16939 2892 3613 16940 2892 3613 16941 2891 3614 16942 2900 3445 16943 2892 3613 16944 2900 3445 16945 2901 3447 16946 2882 3525 16947 2890 3527 16948 2891 3614 16949 2891 3614 16950 2890 3527 16951 2899 3443 16952 2891 3614 16953 2899 3443 16954 2900 3445 16955 2898 3441 16956 2899 3443 16957 2890 3527 16958 2907 3442 16959 2906 3440 16960 2919 3615 16961 2919 3615 16962 2906 3440 16963 2760 3438 16964 2919 3615 16965 2760 3438 16966 2921 3616 16967 2921 3616 16968 2760 3438 16969 2920 3436 16970 2921 3616 16971 2920 3436 16972 2759 3434 16973 2908 3444 16974 2907 3442 16975 2918 3617 16976 2918 3617 16977 2907 3442 16978 2919 3615 16979 2918 3617 16980 2919 3615 16981 2922 3618 16982 2922 3618 16983 2919 3615 16984 2921 3616 16985 2922 3618 16986 2921 3616 16987 2928 3619 16988 2928 3619 16989 2921 3616 16990 2759 3434 16991 2928 3619 16992 2759 3434 16993 2936 3620 16994 2936 3620 16995 2759 3434 16996 2935 3432 16997 2936 3620 16998 2935 3432 16999 2944 3621 17000 2944 3621 17001 2935 3432 17002 2943 3430 17003 2944 3621 17004 2943 3430 17005 2952 3622 17006 2952 3622 17007 2943 3430 17008 2951 3427 17009 2952 3622 17010 2951 3427 17011 2960 3425 17012 2909 3446 17013 2908 3444 17014 2917 3623 17015 2917 3623 17016 2908 3444 17017 2918 3617 17018 2917 3623 17019 2918 3617 17020 2923 3624 17021 2923 3624 17022 2918 3617 17023 2922 3618 17024 2923 3624 17025 2922 3618 17026 2929 3625 17027 2929 3625 17028 2922 3618 17029 2928 3619 17030 2929 3625 17031 2928 3619 17032 2937 3626 17033 2937 3626 17034 2928 3619 17035 2936 3620 17036 2937 3626 17037 2936 3620 17038 2945 3627 17039 2945 3627 17040 2936 3620 17041 2944 3621 17042 2945 3627 17043 2944 3621 17044 2953 3628 17045 2953 3628 17046 2944 3621 17047 2952 3622 17048 2953 3628 17049 2952 3622 17050 2961 3629 17051 2961 3629 17052 2952 3622 17053 2960 3425 17054 2961 3629 17055 2960 3425 17056 2968 3423 17057 2910 3448 17058 2909 3446 17059 2916 3630 17060 2916 3630 17061 2909 3446 17062 2917 3623 17063 2916 3630 17064 2917 3623 17065 2923 3624 17066 2914 3398 17067 2912 3396 17068 2911 3450 17069 2911 3450 17070 2910 3448 17071 2915 3631 17072 2915 3631 17073 2910 3448 17074 2916 3630 17075 2915 3631 17076 2916 3630 17077 2925 3632 17078 2925 3632 17079 2916 3630 17080 2924 3633 17081 2925 3632 17082 2924 3633 17083 2931 3634 17084 2931 3634 17085 2924 3633 17086 2930 3635 17087 2931 3634 17088 2930 3635 17089 2939 3636 17090 2939 3636 17091 2930 3635 17092 2938 3637 17093 2939 3636 17094 2938 3637 17095 2947 3638 17096 2947 3638 17097 2938 3637 17098 2946 3639 17099 2947 3638 17100 2946 3639 17101 2955 3640 17102 2955 3640 17103 2946 3639 17104 2954 3641 17105 2955 3640 17106 2954 3641 17107 2963 3642 17108 2963 3642 17109 2954 3641 17110 2962 3643 17111 2963 3642 17112 2962 3643 17113 2970 3644 17114 2970 3644 17115 2962 3643 17116 2969 3645 17117 2970 3644 17118 2969 3645 17119 2984 3646 17120 2984 3646 17121 2969 3645 17122 2985 3421 17123 2984 3646 17124 2985 3421 17125 2977 3419 17126 2914 3398 17127 2915 3631 17128 2926 3400 17129 2926 3400 17130 2915 3631 17131 2925 3632 17132 2926 3400 17133 2925 3632 17134 2932 3402 17135 2932 3402 17136 2925 3632 17137 2931 3634 17138 2932 3402 17139 2931 3634 17140 2940 3404 17141 2940 3404 17142 2931 3634 17143 2939 3636 17144 2940 3404 17145 2939 3636 17146 2948 3406 17147 2948 3406 17148 2939 3636 17149 2947 3638 17150 2948 3406 17151 2947 3638 17152 2956 3408 17153 2956 3408 17154 2947 3638 17155 2955 3640 17156 2956 3408 17157 2955 3640 17158 2964 3410 17159 2964 3410 17160 2955 3640 17161 2963 3642 17162 2964 3410 17163 2963 3642 17164 2971 3412 17165 2971 3412 17166 2963 3642 17167 2970 3644 17168 2971 3412 17169 2970 3644 17170 2983 3414 17171 2983 3414 17172 2970 3644 17173 2984 3646 17174 2983 3414 17175 2984 3646 17176 2978 3416 17177 2978 3416 17178 2984 3646 17179 2977 3419 17180 2915 3631 17181 2914 3398 17182 2911 3450 17183 2924 3633 17184 2916 3630 17185 2923 3624 17186 2930 3635 17187 2924 3633 17188 2923 3624 17189 2930 3635 17190 2923 3624 17191 2929 3625 17192 2934 3557 17193 2927 3399 17194 2933 3401 17195 2938 3637 17196 2930 3635 17197 2929 3625 17198 2938 3637 17199 2929 3625 17200 2937 3626 17201 2942 3555 17202 2934 3557 17203 2933 3401 17204 2942 3555 17205 2933 3401 17206 2941 3403 17207 2946 3639 17208 2938 3637 17209 2937 3626 17210 2946 3639 17211 2937 3626 17212 2945 3627 17213 2950 3553 17214 2942 3555 17215 2941 3403 17216 2950 3553 17217 2941 3403 17218 2949 3405 17219 2954 3641 17220 2946 3639 17221 2945 3627 17222 2954 3641 17223 2945 3627 17224 2953 3628 17225 2958 3551 17226 2950 3553 17227 2949 3405 17228 2958 3551 17229 2949 3405 17230 2957 3407 17231 2962 3643 17232 2954 3641 17233 2953 3628 17234 2962 3643 17235 2953 3628 17236 2961 3629 17237 2966 3548 17238 2958 3551 17239 2957 3407 17240 2966 3548 17241 2957 3407 17242 2965 3409 17243 2969 3645 17244 2962 3643 17245 2961 3629 17246 2969 3645 17247 2961 3629 17248 2968 3423 17249 2758 3546 17250 2966 3548 17251 2965 3409 17252 2758 3546 17253 2965 3409 17254 2972 3411 17255 2959 3426 17256 2757 3531 17257 2967 3424 17258 2967 3424 17259 2757 3531 17260 2987 3540 17261 2967 3424 17262 2987 3540 17263 2986 3422 17264 2986 3422 17265 2987 3540 17266 2975 3539 17267 2986 3422 17268 2975 3539 17269 2976 3420 17270 2985 3421 17271 2969 3645 17272 2968 3423 17273 2981 3545 17274 2758 3546 17275 2972 3411 17276 2979 3415 17277 2980 3541 17278 2982 3413 17279 2724 3537 17280 2552 3536 17281 3010 3647 17282 3010 3647 17283 2552 3536 17284 2635 3648 17285 3010 3647 17286 2635 3648 17287 3013 3649 17288 3013 3649 17289 2635 3648 17290 2634 3650 17291 3013 3649 17292 2634 3650 17293 3016 3651 17294 3016 3651 17295 2634 3650 17296 2633 3652 17297 3016 3651 17298 2633 3652 17299 3019 3653 17300 3019 3653 17301 2633 3652 17302 2632 3654 17303 3019 3653 17304 2632 3654 17305 3022 3655 17306 3022 3655 17307 2632 3654 17308 2631 3656 17309 3022 3655 17310 2631 3656 17311 3025 3657 17312 3025 3657 17313 2631 3656 17314 2630 3658 17315 3025 3657 17316 2630 3658 17317 3028 3659 17318 3028 3659 17319 2630 3658 17320 2629 3660 17321 3028 3659 17322 2629 3660 17323 3031 3661 17324 3031 3661 17325 2629 3660 17326 2628 3662 17327 3031 3661 17328 2628 3662 17329 3034 3663 17330 3034 3663 17331 2628 3662 17332 2627 3664 17333 3034 3663 17334 2627 3664 17335 3037 3665 17336 3037 3665 17337 2627 3664 17338 2626 3666 17339 3037 3665 17340 2626 3666 17341 3040 3667 17342 3040 3667 17343 2626 3666 17344 2625 3668 17345 3040 3667 17346 2625 3668 17347 3043 3669 17348 3043 3669 17349 2625 3668 17350 2624 3670 17351 3043 3669 17352 2624 3670 17353 3046 3671 17354 3046 3671 17355 2624 3670 17356 2623 3672 17357 3046 3671 17358 2623 3672 17359 3049 3673 17360 3049 3673 17361 2623 3672 17362 2622 3674 17363 3049 3673 17364 2622 3674 17365 3052 3675 17366 3052 3675 17367 2622 3674 17368 2621 3676 17369 3052 3675 17370 2621 3676 17371 3055 3677 17372 3055 3677 17373 2621 3676 17374 2620 3678 17375 3055 3677 17376 2620 3678 17377 3058 3679 17378 3058 3679 17379 2620 3678 17380 2619 3680 17381 3058 3679 17382 2619 3680 17383 3061 3681 17384 3061 3681 17385 2619 3680 17386 2618 3682 17387 3061 3681 17388 2618 3682 17389 2989 3683 17390 2989 3683 17391 2990 3684 17392 3061 3681 17393 3061 3681 17394 2990 3684 17395 3062 3685 17396 3061 3681 17397 3062 3685 17398 3058 3679 17399 3058 3679 17400 3062 3685 17401 3059 3686 17402 3058 3679 17403 3059 3686 17404 3055 3677 17405 3055 3677 17406 3059 3686 17407 3056 3687 17408 3055 3677 17409 3056 3687 17410 3052 3675 17411 3052 3675 17412 3056 3687 17413 3053 3688 17414 3052 3675 17415 3053 3688 17416 3049 3673 17417 3049 3673 17418 3053 3688 17419 3050 3689 17420 3049 3673 17421 3050 3689 17422 3046 3671 17423 3046 3671 17424 3050 3689 17425 3047 3690 17426 3046 3671 17427 3047 3690 17428 3043 3669 17429 3043 3669 17430 3047 3690 17431 3044 3691 17432 3043 3669 17433 3044 3691 17434 3040 3667 17435 3040 3667 17436 3044 3691 17437 3041 3692 17438 3040 3667 17439 3041 3692 17440 3037 3665 17441 3037 3665 17442 3041 3692 17443 3038 3693 17444 3037 3665 17445 3038 3693 17446 3034 3663 17447 3034 3663 17448 3038 3693 17449 3035 3694 17450 3034 3663 17451 3035 3694 17452 3031 3661 17453 3031 3661 17454 3035 3694 17455 3032 3695 17456 3031 3661 17457 3032 3695 17458 3028 3659 17459 3028 3659 17460 3032 3695 17461 3029 3696 17462 3028 3659 17463 3029 3696 17464 3025 3657 17465 3025 3657 17466 3029 3696 17467 3026 3697 17468 3025 3657 17469 3026 3697 17470 3022 3655 17471 3022 3655 17472 3026 3697 17473 3023 3698 17474 3022 3655 17475 3023 3698 17476 3019 3653 17477 3019 3653 17478 3023 3698 17479 3020 3699 17480 3019 3653 17481 3020 3699 17482 3016 3651 17483 3016 3651 17484 3020 3699 17485 3017 3700 17486 3016 3651 17487 3017 3700 17488 3013 3649 17489 3013 3649 17490 3017 3700 17491 3014 3701 17492 3013 3649 17493 3014 3701 17494 3010 3647 17495 3010 3647 17496 3014 3701 17497 3011 3702 17498 3010 3647 17499 3011 3702 17500 2724 3537 17501 2724 3537 17502 3011 3702 17503 2725 3418 17504 2725 3418 17505 3011 3702 17506 3012 3703 17507 2725 3418 17508 3012 3703 17509 2726 3417 17510 2726 3417 17511 3012 3703 17512 2727 3542 17513 2727 3542 17514 3012 3703 17515 3009 3704 17516 3009 3704 17517 3012 3703 17518 3015 3705 17519 3009 3704 17520 3015 3705 17521 3008 3706 17522 3008 3706 17523 3015 3705 17524 3018 3707 17525 3008 3706 17526 3018 3707 17527 3007 3708 17528 3007 3708 17529 3018 3707 17530 3021 3709 17531 3007 3708 17532 3021 3709 17533 3006 3710 17534 3006 3710 17535 3021 3709 17536 3024 3711 17537 3006 3710 17538 3024 3711 17539 3005 3712 17540 3005 3712 17541 3024 3711 17542 3027 3713 17543 3005 3712 17544 3027 3713 17545 3004 3714 17546 3004 3714 17547 3027 3713 17548 3030 3715 17549 3004 3714 17550 3030 3715 17551 3003 3716 17552 3003 3716 17553 3030 3715 17554 3033 3717 17555 3003 3716 17556 3033 3717 17557 3002 3718 17558 3002 3718 17559 3033 3717 17560 3036 3719 17561 3002 3718 17562 3036 3719 17563 3001 3720 17564 3001 3720 17565 3036 3719 17566 3039 3721 17567 3001 3720 17568 3039 3721 17569 3000 3722 17570 3000 3722 17571 3039 3721 17572 3042 3723 17573 3000 3722 17574 3042 3723 17575 2999 3724 17576 2999 3724 17577 3042 3723 17578 3045 3725 17579 2999 3724 17580 3045 3725 17581 2998 3726 17582 2998 3726 17583 3045 3725 17584 3048 3727 17585 2998 3726 17586 3048 3727 17587 2997 3728 17588 2997 3728 17589 3048 3727 17590 3051 3729 17591 2997 3728 17592 3051 3729 17593 2996 3730 17594 2996 3730 17595 3051 3729 17596 3054 3731 17597 2996 3730 17598 3054 3731 17599 2995 3732 17600 2995 3732 17601 3054 3731 17602 3057 3733 17603 2995 3732 17604 3057 3733 17605 2994 3734 17606 2994 3734 17607 3057 3733 17608 3060 3735 17609 2994 3734 17610 3060 3735 17611 2993 3736 17612 2993 3736 17613 3060 3735 17614 3063 3737 17615 2993 3736 17616 3063 3737 17617 2992 3738 17618 2992 3738 17619 3063 3737 17620 2991 3739 17621 2991 3739 17622 3063 3737 17623 3062 3685 17624 2991 3739 17625 3062 3685 17626 2990 3684 17627 3015 3705 17628 3012 3703 17629 3011 3702 17630 3015 3705 17631 3011 3702 17632 3014 3701 17633 3018 3707 17634 3015 3705 17635 3014 3701 17636 3018 3707 17637 3014 3701 17638 3017 3700 17639 3021 3709 17640 3018 3707 17641 3017 3700 17642 3021 3709 17643 3017 3700 17644 3020 3699 17645 3024 3711 17646 3021 3709 17647 3020 3699 17648 3024 3711 17649 3020 3699 17650 3023 3698 17651 3027 3713 17652 3024 3711 17653 3023 3698 17654 3027 3713 17655 3023 3698 17656 3026 3697 17657 3030 3715 17658 3027 3713 17659 3026 3697 17660 3030 3715 17661 3026 3697 17662 3029 3696 17663 3033 3717 17664 3030 3715 17665 3029 3696 17666 3033 3717 17667 3029 3696 17668 3032 3695 17669 3036 3719 17670 3033 3717 17671 3032 3695 17672 3036 3719 17673 3032 3695 17674 3035 3694 17675 3039 3721 17676 3036 3719 17677 3035 3694 17678 3039 3721 17679 3035 3694 17680 3038 3693 17681 3042 3723 17682 3039 3721 17683 3038 3693 17684 3042 3723 17685 3038 3693 17686 3041 3692 17687 3045 3725 17688 3042 3723 17689 3041 3692 17690 3045 3725 17691 3041 3692 17692 3044 3691 17693 3048 3727 17694 3045 3725 17695 3044 3691 17696 3048 3727 17697 3044 3691 17698 3047 3690 17699 3051 3729 17700 3048 3727 17701 3047 3690 17702 3051 3729 17703 3047 3690 17704 3050 3689 17705 3054 3731 17706 3051 3729 17707 3050 3689 17708 3054 3731 17709 3050 3689 17710 3053 3688 17711 3057 3733 17712 3054 3731 17713 3053 3688 17714 3057 3733 17715 3053 3688 17716 3056 3687 17717 3060 3735 17718 3057 3733 17719 3056 3687 17720 3060 3735 17721 3056 3687 17722 3059 3686 17723 3063 3737 17724 3060 3735 17725 3059 3686 17726 3063 3737 17727 3059 3686 17728 3062 3685 17729 2662 3740 17730 3105 3741 17731 2618 3682 17732 2618 3682 17733 3105 3741 17734 3106 3742 17735 2618 3682 17736 3106 3742 17737 2989 3683 17738 2989 3683 17739 3106 3742 17740 3107 3743 17741 2989 3683 17742 3107 3743 17743 3108 3744 17744 3108 3744 17745 3107 3743 17746 3116 3745 17747 3108 3744 17748 3116 3745 17749 3117 3746 17750 3117 3746 17751 3116 3745 17752 3131 3747 17753 3117 3746 17754 3131 3747 17755 3130 3748 17756 3130 3748 17757 3131 3747 17758 3126 3749 17759 3130 3748 17760 3126 3749 17761 3127 3750 17762 3127 3750 17763 3126 3749 17764 3141 3751 17765 3127 3750 17766 3141 3751 17767 3142 3752 17768 3142 3752 17769 3141 3751 17770 3150 3753 17771 3142 3752 17772 3150 3753 17773 3091 3754 17774 3091 3754 17775 3150 3753 17776 3090 3755 17777 3090 3755 17778 3150 3753 17779 3158 3756 17780 3090 3755 17781 3158 3756 17782 3089 3757 17783 3089 3757 17784 3158 3756 17785 3166 3758 17786 3089 3757 17787 3166 3758 17788 3099 3759 17789 3099 3759 17790 3166 3758 17791 3175 3760 17792 3099 3759 17793 3175 3760 17794 3173 3761 17795 3173 3761 17796 3175 3760 17797 3172 3762 17798 3173 3761 17799 3172 3762 17800 3187 3763 17801 3187 3763 17802 3172 3762 17803 3186 3764 17804 3187 3763 17805 3186 3764 17806 3197 3765 17807 3197 3765 17808 3186 3764 17809 3198 3766 17810 3197 3765 17811 3198 3766 17812 3194 3767 17813 3194 3767 17814 3198 3766 17815 3193 3768 17816 3194 3767 17817 3193 3768 17818 3210 3769 17819 3210 3769 17820 3193 3768 17821 3209 3770 17822 3210 3769 17823 3209 3770 17824 3218 3771 17825 3218 3771 17826 3209 3770 17827 3217 3772 17828 3218 3771 17829 3217 3772 17830 3226 3773 17831 3226 3773 17832 3217 3772 17833 3225 3774 17834 3226 3773 17835 3225 3774 17836 3234 3775 17837 3234 3775 17838 3225 3774 17839 3233 3776 17840 3234 3775 17841 3233 3776 17842 3242 3777 17843 3242 3777 17844 3233 3776 17845 3241 3778 17846 3242 3777 17847 3241 3778 17848 3250 3779 17849 3250 3779 17850 3241 3778 17851 3249 3780 17852 3250 3779 17853 3249 3780 17854 3258 3781 17855 3258 3781 17856 3249 3780 17857 3257 3782 17858 3258 3781 17859 3257 3782 17860 3266 3783 17861 3266 3783 17862 3257 3782 17863 3265 3784 17864 3266 3783 17865 3265 3784 17866 3269 3785 17867 3269 3785 17868 3265 3784 17869 3270 3786 17870 3269 3785 17871 3270 3786 17872 3282 3787 17873 3282 3787 17874 3270 3786 17875 3281 3788 17876 3282 3787 17877 3281 3788 17878 3289 3789 17879 3289 3789 17880 3281 3788 17881 3288 3790 17882 3289 3789 17883 3288 3790 17884 3291 3791 17885 3291 3791 17886 3288 3790 17887 3292 3792 17888 3291 3791 17889 3292 3792 17890 3302 3793 17891 3302 3793 17892 3292 3792 17893 3301 3794 17894 3302 3793 17895 3301 3794 17896 3310 3795 17897 3310 3795 17898 3301 3794 17899 3309 3796 17900 3310 3795 17901 3309 3796 17902 3323 3797 17903 3323 3797 17904 3309 3796 17905 3324 3798 17906 3323 3797 17907 3324 3798 17908 3318 3799 17909 3318 3799 17910 3324 3798 17911 3317 3800 17912 3318 3799 17913 3317 3800 17914 3065 3801 17915 3065 3801 17916 3317 3800 17917 3316 3802 17918 3065 3801 17919 3316 3802 17920 3064 3803 17921 3064 3803 17922 3316 3802 17923 3315 3804 17924 3064 3803 17925 3315 3804 17926 3314 3805 17927 3314 3805 17928 3315 3804 17929 3327 3806 17930 3314 3805 17931 3327 3806 17932 3328 3807 17933 3328 3807 17934 3327 3806 17935 3305 3808 17936 3328 3807 17937 3305 3808 17938 2638 3809 17939 2638 3809 17940 3305 3808 17941 2639 3810 17942 2639 3810 17943 3305 3808 17944 3104 3811 17945 2639 3810 17946 3104 3811 17947 2640 3812 17948 2640 3812 17949 3104 3811 17950 3297 3813 17951 2640 3812 17952 3297 3813 17953 3103 3814 17954 3103 3814 17955 3297 3813 17956 3296 3815 17957 3103 3814 17958 3296 3815 17959 3284 3816 17960 3284 3816 17961 3296 3815 17962 3295 3817 17963 3284 3816 17964 3295 3817 17965 3285 3818 17966 3285 3818 17967 3295 3817 17968 3294 3819 17969 3285 3818 17970 3294 3819 17971 3286 3820 17972 3286 3820 17973 3294 3819 17974 3293 3821 17975 3286 3820 17976 3293 3821 17977 3287 3822 17978 3287 3822 17979 3293 3821 17980 3292 3792 17981 3287 3822 17982 3292 3792 17983 3288 3790 17984 2662 3740 17985 2661 3823 17986 3105 3741 17987 3105 3741 17988 2661 3823 17989 3113 3824 17990 3105 3741 17991 3113 3824 17992 3114 3825 17993 3114 3825 17994 3113 3824 17995 3134 3826 17996 3114 3825 17997 3134 3826 17998 3133 3827 17999 3133 3827 18000 3134 3826 18001 3123 3828 18002 3133 3827 18003 3123 3828 18004 3124 3829 18005 3124 3829 18006 3123 3828 18007 3138 3830 18008 3124 3829 18009 3138 3830 18010 3139 3831 18011 3139 3831 18012 3138 3830 18013 3147 3832 18014 3139 3831 18015 3147 3832 18016 3148 3833 18017 3148 3833 18018 3147 3832 18019 3156 3834 18020 3148 3833 18021 3156 3834 18022 3157 3835 18023 3157 3835 18024 3156 3834 18025 3165 3836 18026 3157 3835 18027 3165 3836 18028 3166 3758 18029 3166 3758 18030 3165 3836 18031 3175 3760 18032 3113 3824 18033 2661 3823 18034 3098 3837 18035 3098 3837 18036 2661 3823 18037 2660 3838 18038 3098 3837 18039 2660 3838 18040 3121 3839 18041 3121 3839 18042 2660 3838 18043 2659 3840 18044 3121 3839 18045 2659 3840 18046 2658 3841 18047 3121 3839 18048 2658 3841 18049 3135 3842 18050 3135 3842 18051 2658 3841 18052 2657 3843 18053 3135 3842 18054 2657 3843 18055 3143 3844 18056 3143 3844 18057 2657 3843 18058 2656 3845 18059 3143 3844 18060 2656 3845 18061 3151 3846 18062 3151 3846 18063 2656 3845 18064 2655 3847 18065 3151 3846 18066 2655 3847 18067 3159 3848 18068 3159 3848 18069 2655 3847 18070 2654 3849 18071 3159 3848 18072 2654 3849 18073 3181 3850 18074 3181 3850 18075 2654 3849 18076 3167 3851 18077 3181 3850 18078 3167 3851 18079 3180 3852 18080 3180 3852 18081 3167 3851 18082 3168 3853 18083 3180 3852 18084 3168 3853 18085 3179 3854 18086 3179 3854 18087 3168 3853 18088 3169 3855 18089 3179 3854 18090 3169 3855 18091 3178 3856 18092 3178 3856 18093 3169 3855 18094 3170 3857 18095 3178 3856 18096 3170 3857 18097 3171 3858 18098 3171 3858 18099 3170 3857 18100 3185 3859 18101 3171 3858 18102 3185 3859 18103 3186 3764 18104 3186 3764 18105 3185 3859 18106 3198 3766 18107 2654 3849 18108 2653 3860 18109 3167 3851 18110 3167 3851 18111 2653 3860 18112 3101 3861 18113 3167 3851 18114 3101 3861 18115 3182 3862 18116 3182 3862 18117 3101 3861 18118 3202 3863 18119 3182 3862 18120 3202 3863 18121 3201 3864 18122 3201 3864 18123 3202 3863 18124 3190 3865 18125 3201 3864 18126 3190 3865 18127 3191 3866 18128 3191 3866 18129 3190 3865 18130 3207 3867 18131 3191 3866 18132 3207 3867 18133 3208 3868 18134 3208 3868 18135 3207 3867 18136 3216 3869 18137 3208 3868 18138 3216 3869 18139 3217 3772 18140 3217 3772 18141 3216 3869 18142 3225 3774 18143 2653 3860 18144 2652 3870 18145 3101 3861 18146 3101 3861 18147 2652 3870 18148 3203 3871 18149 3101 3861 18150 3203 3871 18151 3202 3863 18152 3202 3863 18153 3203 3871 18154 3189 3872 18155 3202 3863 18156 3189 3872 18157 3190 3865 18158 3190 3865 18159 3189 3872 18160 3206 3873 18161 3190 3865 18162 3206 3873 18163 3207 3867 18164 3207 3867 18165 3206 3873 18166 3215 3874 18167 3207 3867 18168 3215 3874 18169 3216 3869 18170 3216 3869 18171 3215 3874 18172 3224 3875 18173 3216 3869 18174 3224 3875 18175 3225 3774 18176 3225 3774 18177 3224 3875 18178 3233 3776 18179 3203 3871 18180 2652 3870 18181 3188 3876 18182 3188 3876 18183 2652 3870 18184 2651 3877 18185 3188 3876 18186 2651 3877 18187 3204 3878 18188 3204 3878 18189 2651 3877 18190 2650 3879 18191 3204 3878 18192 2650 3879 18193 3212 3880 18194 3212 3880 18195 2650 3879 18196 2649 3881 18197 3212 3880 18198 2649 3881 18199 3220 3882 18200 3220 3882 18201 2649 3881 18202 2648 3883 18203 3220 3882 18204 2648 3883 18205 3228 3884 18206 3228 3884 18207 2648 3883 18208 2647 3885 18209 3228 3884 18210 2647 3885 18211 3236 3886 18212 3236 3886 18213 2647 3885 18214 2646 3887 18215 3236 3886 18216 2646 3887 18217 2645 3888 18218 3236 3886 18219 2645 3888 18220 3244 3889 18221 3244 3889 18222 2645 3888 18223 2644 3890 18224 3244 3889 18225 2644 3890 18226 3252 3891 18227 3252 3891 18228 2644 3890 18229 2643 3892 18230 3252 3891 18231 2643 3892 18232 3260 3893 18233 3260 3893 18234 2643 3892 18235 2642 3894 18236 3260 3893 18237 2642 3894 18238 3275 3895 18239 3275 3895 18240 2642 3894 18241 3276 3896 18242 3275 3895 18243 3276 3896 18244 3274 3897 18245 3274 3897 18246 3276 3896 18247 3277 3898 18248 3274 3897 18249 3277 3898 18250 3273 3899 18251 3273 3899 18252 3277 3898 18253 3278 3900 18254 3273 3899 18255 3278 3900 18256 3272 3901 18257 3272 3901 18258 3278 3900 18259 3279 3902 18260 3272 3901 18261 3279 3902 18262 3271 3903 18263 3271 3903 18264 3279 3902 18265 3280 3904 18266 3271 3903 18267 3280 3904 18268 3281 3788 18269 3281 3788 18270 3280 3904 18271 3288 3790 18272 2642 3894 18273 2641 3905 18274 3276 3896 18275 3276 3896 18276 2641 3905 18277 3103 3814 18278 3276 3896 18279 3103 3814 18280 3284 3816 18281 2641 3905 18282 2640 3812 18283 3103 3814 18284 2638 3809 18285 2637 3906 18286 3328 3807 18287 3328 3807 18288 2637 3906 18289 3313 3907 18290 3328 3807 18291 3313 3907 18292 3314 3805 18293 3314 3805 18294 3313 3907 18295 2636 3908 18296 3314 3805 18297 2636 3908 18298 3064 3803 18299 2637 3906 18300 2636 3908 18301 3313 3907 18302 3065 3801 18303 3066 3909 18304 3318 3799 18305 3318 3799 18306 3066 3909 18307 3319 3910 18308 3318 3799 18309 3319 3910 18310 3323 3797 18311 3323 3797 18312 3319 3910 18313 3322 3911 18314 3323 3797 18315 3322 3911 18316 3310 3795 18317 3310 3795 18318 3322 3911 18319 3311 3912 18320 3310 3795 18321 3311 3912 18322 3302 3793 18323 3302 3793 18324 3311 3912 18325 3303 3913 18326 3302 3793 18327 3303 3913 18328 3291 3791 18329 3291 3791 18330 3303 3913 18331 3290 3914 18332 3291 3791 18333 3290 3914 18334 3289 3789 18335 3289 3789 18336 3290 3914 18337 3102 3915 18338 3289 3789 18339 3102 3915 18340 3282 3787 18341 3282 3787 18342 3102 3915 18343 3283 3916 18344 3282 3787 18345 3283 3916 18346 3269 3785 18347 3269 3785 18348 3283 3916 18349 3268 3917 18350 3269 3785 18351 3268 3917 18352 3266 3783 18353 3266 3783 18354 3268 3917 18355 3267 3918 18356 3266 3783 18357 3267 3918 18358 3258 3781 18359 3258 3781 18360 3267 3918 18361 3259 3919 18362 3258 3781 18363 3259 3919 18364 3250 3779 18365 3250 3779 18366 3259 3919 18367 3251 3920 18368 3250 3779 18369 3251 3920 18370 3242 3777 18371 3242 3777 18372 3251 3920 18373 3243 3921 18374 3242 3777 18375 3243 3921 18376 3234 3775 18377 3234 3775 18378 3243 3921 18379 3235 3922 18380 3234 3775 18381 3235 3922 18382 3226 3773 18383 3226 3773 18384 3235 3922 18385 3227 3923 18386 3226 3773 18387 3227 3923 18388 3218 3771 18389 3218 3771 18390 3227 3923 18391 3219 3924 18392 3218 3771 18393 3219 3924 18394 3210 3769 18395 3210 3769 18396 3219 3924 18397 3211 3925 18398 3210 3769 18399 3211 3925 18400 3194 3767 18401 3194 3767 18402 3211 3925 18403 3195 3926 18404 3194 3767 18405 3195 3926 18406 3197 3765 18407 3197 3765 18408 3195 3926 18409 3196 3927 18410 3197 3765 18411 3196 3927 18412 3187 3763 18413 3187 3763 18414 3196 3927 18415 3100 3928 18416 3187 3763 18417 3100 3928 18418 3173 3761 18419 3173 3761 18420 3100 3928 18421 3174 3929 18422 3173 3761 18423 3174 3929 18424 3099 3759 18425 3099 3759 18426 3174 3929 18427 3088 3930 18428 3099 3759 18429 3088 3930 18430 3089 3757 18431 3319 3910 18432 3066 3909 18433 3320 3931 18434 3320 3931 18435 3066 3909 18436 3067 3932 18437 3320 3931 18438 3067 3932 18439 3068 3933 18440 3320 3931 18441 3068 3933 18442 3321 3934 18443 3321 3934 18444 3068 3933 18445 3069 3935 18446 3321 3934 18447 3069 3935 18448 3312 3936 18449 3312 3936 18450 3069 3935 18451 3070 3937 18452 3312 3936 18453 3070 3937 18454 3304 3938 18455 3304 3938 18456 3070 3937 18457 3071 3939 18458 3304 3938 18459 3071 3939 18460 3072 3940 18461 3073 3941 18462 3102 3915 18463 3072 3940 18464 3072 3940 18465 3102 3915 18466 3290 3914 18467 3072 3940 18468 3290 3914 18469 3304 3938 18470 3304 3938 18471 3290 3914 18472 3303 3913 18473 3304 3938 18474 3303 3913 18475 3312 3936 18476 3312 3936 18477 3303 3913 18478 3311 3912 18479 3312 3936 18480 3311 3912 18481 3321 3934 18482 3321 3934 18483 3311 3912 18484 3322 3911 18485 3321 3934 18486 3322 3911 18487 3320 3931 18488 3320 3931 18489 3322 3911 18490 3319 3910 18491 3102 3915 18492 3073 3941 18493 3283 3916 18494 3283 3916 18495 3073 3941 18496 3074 3942 18497 3283 3916 18498 3074 3942 18499 3268 3917 18500 3268 3917 18501 3074 3942 18502 3075 3943 18503 3268 3917 18504 3075 3943 18505 3267 3918 18506 3267 3918 18507 3075 3943 18508 3076 3944 18509 3267 3918 18510 3076 3944 18511 3259 3919 18512 3259 3919 18513 3076 3944 18514 3077 3945 18515 3259 3919 18516 3077 3945 18517 3251 3920 18518 3251 3920 18519 3077 3945 18520 3078 3946 18521 3251 3920 18522 3078 3946 18523 3243 3921 18524 3243 3921 18525 3078 3946 18526 3079 3947 18527 3243 3921 18528 3079 3947 18529 3235 3922 18530 3235 3922 18531 3079 3947 18532 3080 3948 18533 3235 3922 18534 3080 3948 18535 3081 3949 18536 3235 3922 18537 3081 3949 18538 3227 3923 18539 3227 3923 18540 3081 3949 18541 3082 3950 18542 3227 3923 18543 3082 3950 18544 3083 3951 18545 3227 3923 18546 3083 3951 18547 3219 3924 18548 3219 3924 18549 3083 3951 18550 3084 3952 18551 3219 3924 18552 3084 3952 18553 3211 3925 18554 3211 3925 18555 3084 3952 18556 3085 3953 18557 3211 3925 18558 3085 3953 18559 3195 3926 18560 3195 3926 18561 3085 3953 18562 3086 3954 18563 3195 3926 18564 3086 3954 18565 3196 3927 18566 3196 3927 18567 3086 3954 18568 3100 3928 18569 3086 3954 18570 3087 3955 18571 3100 3928 18572 3100 3928 18573 3087 3955 18574 3174 3929 18575 3087 3955 18576 3088 3930 18577 3174 3929 18578 3091 3754 18579 3092 3956 18580 3142 3752 18581 3142 3752 18582 3092 3956 18583 3128 3957 18584 3142 3752 18585 3128 3957 18586 3127 3750 18587 3127 3750 18588 3128 3957 18589 3129 3958 18590 3127 3750 18591 3129 3958 18592 3130 3748 18593 3130 3748 18594 3129 3958 18595 3118 3959 18596 3130 3748 18597 3118 3959 18598 3117 3746 18599 3117 3746 18600 3118 3959 18601 3109 3960 18602 3117 3746 18603 3109 3960 18604 3108 3744 18605 3108 3744 18606 3109 3960 18607 2990 3684 18608 3108 3744 18609 2990 3684 18610 2989 3683 18611 3092 3956 18612 3093 3961 18613 3128 3957 18614 3128 3957 18615 3093 3961 18616 3094 3962 18617 3128 3957 18618 3094 3962 18619 3097 3963 18620 3097 3963 18621 3094 3962 18622 3095 3964 18623 3097 3963 18624 3095 3964 18625 3120 3965 18626 3120 3965 18627 3095 3964 18628 3112 3966 18629 3120 3965 18630 3112 3966 18631 3111 3967 18632 3111 3967 18633 3112 3966 18634 2991 3739 18635 3111 3967 18636 2991 3739 18637 3110 3968 18638 3110 3968 18639 2991 3739 18640 2990 3684 18641 3110 3968 18642 2990 3684 18643 3109 3960 18644 3095 3964 18645 3096 3969 18646 3112 3966 18647 3112 3966 18648 3096 3969 18649 2992 3738 18650 3112 3966 18651 2992 3738 18652 2991 3739 18653 3105 3741 18654 3114 3825 18655 3106 3742 18656 3106 3742 18657 3114 3825 18658 3115 3970 18659 3106 3742 18660 3115 3970 18661 3107 3743 18662 3107 3743 18663 3115 3970 18664 3116 3745 18665 3109 3960 18666 3118 3959 18667 3110 3968 18668 3110 3968 18669 3118 3959 18670 3119 3971 18671 3110 3968 18672 3119 3971 18673 3111 3967 18674 3111 3967 18675 3119 3971 18676 3120 3965 18677 3114 3825 18678 3133 3827 18679 3115 3970 18680 3115 3970 18681 3133 3827 18682 3132 3972 18683 3115 3970 18684 3132 3972 18685 3116 3745 18686 3116 3745 18687 3132 3972 18688 3131 3747 18689 3097 3963 18690 3120 3965 18691 3119 3971 18692 3097 3963 18693 3119 3971 18694 3129 3958 18695 3129 3958 18696 3119 3971 18697 3118 3959 18698 3121 3839 18699 3122 3973 18700 3098 3837 18701 3098 3837 18702 3122 3973 18703 3134 3826 18704 3098 3837 18705 3134 3826 18706 3113 3824 18707 3134 3826 18708 3122 3973 18709 3123 3828 18710 3123 3828 18711 3122 3973 18712 3137 3974 18713 3123 3828 18714 3137 3974 18715 3138 3830 18716 3138 3830 18717 3137 3974 18718 3146 3975 18719 3138 3830 18720 3146 3975 18721 3147 3832 18722 3147 3832 18723 3146 3975 18724 3155 3976 18725 3147 3832 18726 3155 3976 18727 3156 3834 18728 3156 3834 18729 3155 3976 18730 3164 3977 18731 3156 3834 18732 3164 3977 18733 3165 3836 18734 3165 3836 18735 3164 3977 18736 3176 3978 18737 3165 3836 18738 3176 3978 18739 3175 3760 18740 3175 3760 18741 3176 3978 18742 3172 3762 18743 3122 3973 18744 3121 3839 18745 3136 3979 18746 3136 3979 18747 3121 3839 18748 3135 3842 18749 3136 3979 18750 3135 3842 18751 3144 3980 18752 3144 3980 18753 3135 3842 18754 3143 3844 18755 3144 3980 18756 3143 3844 18757 3152 3981 18758 3152 3981 18759 3143 3844 18760 3151 3846 18761 3152 3981 18762 3151 3846 18763 3160 3982 18764 3160 3982 18765 3151 3846 18766 3159 3848 18767 3160 3982 18768 3159 3848 18769 3181 3850 18770 3132 3972 18771 3133 3827 18772 3124 3829 18773 3131 3747 18774 3132 3972 18775 3125 3983 18776 3125 3983 18777 3132 3972 18778 3124 3829 18779 3125 3983 18780 3124 3829 18781 3139 3831 18782 3131 3747 18783 3125 3983 18784 3126 3749 18785 3126 3749 18786 3125 3983 18787 3140 3984 18788 3126 3749 18789 3140 3984 18790 3141 3751 18791 3141 3751 18792 3140 3984 18793 3149 3985 18794 3141 3751 18795 3149 3985 18796 3150 3753 18797 3150 3753 18798 3149 3985 18799 3158 3756 18800 3140 3984 18801 3125 3983 18802 3139 3831 18803 3097 3963 18804 3129 3958 18805 3128 3957 18806 3122 3973 18807 3136 3979 18808 3137 3974 18809 3137 3974 18810 3136 3979 18811 3145 3986 18812 3137 3974 18813 3145 3986 18814 3146 3975 18815 3146 3975 18816 3145 3986 18817 3154 3987 18818 3146 3975 18819 3154 3987 18820 3155 3976 18821 3155 3976 18822 3154 3987 18823 3163 3988 18824 3155 3976 18825 3163 3988 18826 3164 3977 18827 3164 3977 18828 3163 3988 18829 3177 3989 18830 3164 3977 18831 3177 3989 18832 3176 3978 18833 3176 3978 18834 3177 3989 18835 3171 3858 18836 3176 3978 18837 3171 3858 18838 3172 3762 18839 3172 3762 18840 3171 3858 18841 3186 3764 18842 3145 3986 18843 3136 3979 18844 3144 3980 18845 3149 3985 18846 3140 3984 18847 3148 3833 18848 3148 3833 18849 3140 3984 18850 3139 3831 18851 3145 3986 18852 3144 3980 18853 3153 3990 18854 3153 3990 18855 3144 3980 18856 3152 3981 18857 3153 3990 18858 3152 3981 18859 3161 3991 18860 3161 3991 18861 3152 3981 18862 3160 3982 18863 3161 3991 18864 3160 3982 18865 3180 3852 18866 3180 3852 18867 3160 3982 18868 3181 3850 18869 3158 3756 18870 3149 3985 18871 3157 3835 18872 3157 3835 18873 3149 3985 18874 3148 3833 18875 3145 3986 18876 3153 3990 18877 3154 3987 18878 3154 3987 18879 3153 3990 18880 3162 3992 18881 3154 3987 18882 3162 3992 18883 3163 3988 18884 3163 3988 18885 3162 3992 18886 3178 3856 18887 3163 3988 18888 3178 3856 18889 3177 3989 18890 3177 3989 18891 3178 3856 18892 3171 3858 18893 3162 3992 18894 3153 3990 18895 3161 3991 18896 3166 3758 18897 3158 3756 18898 3157 3835 18899 3180 3852 18900 3179 3854 18901 3161 3991 18902 3161 3991 18903 3179 3854 18904 3162 3992 18905 3179 3854 18906 3178 3856 18907 3162 3992 18908 3167 3851 18909 3182 3862 18910 3168 3853 18911 3168 3853 18912 3182 3862 18913 3183 3993 18914 3168 3853 18915 3183 3993 18916 3169 3855 18917 3169 3855 18918 3183 3993 18919 3184 3994 18920 3169 3855 18921 3184 3994 18922 3170 3857 18923 3170 3857 18924 3184 3994 18925 3185 3859 18926 3182 3862 18927 3201 3864 18928 3183 3993 18929 3183 3993 18930 3201 3864 18931 3200 3995 18932 3183 3993 18933 3200 3995 18934 3184 3994 18935 3184 3994 18936 3200 3995 18937 3199 3996 18938 3184 3994 18939 3199 3996 18940 3185 3859 18941 3185 3859 18942 3199 3996 18943 3198 3766 18944 3203 3871 18945 3188 3876 18946 3189 3872 18947 3189 3872 18948 3188 3876 18949 3205 3997 18950 3189 3872 18951 3205 3997 18952 3206 3873 18953 3206 3873 18954 3205 3997 18955 3214 3998 18956 3206 3873 18957 3214 3998 18958 3215 3874 18959 3215 3874 18960 3214 3998 18961 3223 3999 18962 3215 3874 18963 3223 3999 18964 3224 3875 18965 3224 3875 18966 3223 3999 18967 3232 4000 18968 3224 3875 18969 3232 4000 18970 3233 3776 18971 3233 3776 18972 3232 4000 18973 3241 3778 18974 3200 3995 18975 3201 3864 18976 3191 3866 18977 3199 3996 18978 3200 3995 18979 3192 4001 18980 3192 4001 18981 3200 3995 18982 3191 3866 18983 3192 4001 18984 3191 3866 18985 3208 3868 18986 3198 3766 18987 3199 3996 18988 3193 3768 18989 3193 3768 18990 3199 3996 18991 3192 4001 18992 3193 3768 18993 3192 4001 18994 3209 3770 18995 3209 3770 18996 3192 4001 18997 3208 3868 18998 3209 3770 18999 3208 3868 19000 3217 3772 19001 3188 3876 19002 3204 3878 19003 3205 3997 19004 3205 3997 19005 3204 3878 19006 3213 4002 19007 3205 3997 19008 3213 4002 19009 3214 3998 19010 3214 3998 19011 3213 4002 19012 3222 4003 19013 3214 3998 19014 3222 4003 19015 3223 3999 19016 3223 3999 19017 3222 4003 19018 3231 4004 19019 3223 3999 19020 3231 4004 19021 3232 4000 19022 3232 4000 19023 3231 4004 19024 3240 4005 19025 3232 4000 19026 3240 4005 19027 3241 3778 19028 3241 3778 19029 3240 4005 19030 3249 3780 19031 3204 3878 19032 3212 3880 19033 3213 4002 19034 3213 4002 19035 3212 3880 19036 3221 4006 19037 3213 4002 19038 3221 4006 19039 3222 4003 19040 3222 4003 19041 3221 4006 19042 3230 4007 19043 3222 4003 19044 3230 4007 19045 3231 4004 19046 3231 4004 19047 3230 4007 19048 3239 4008 19049 3231 4004 19050 3239 4008 19051 3240 4005 19052 3240 4005 19053 3239 4008 19054 3248 4009 19055 3240 4005 19056 3248 4009 19057 3249 3780 19058 3249 3780 19059 3248 4009 19060 3257 3782 19061 3212 3880 19062 3220 3882 19063 3221 4006 19064 3221 4006 19065 3220 3882 19066 3229 4010 19067 3221 4006 19068 3229 4010 19069 3230 4007 19070 3230 4007 19071 3229 4010 19072 3238 4011 19073 3230 4007 19074 3238 4011 19075 3239 4008 19076 3239 4008 19077 3238 4011 19078 3247 4012 19079 3239 4008 19080 3247 4012 19081 3248 4009 19082 3248 4009 19083 3247 4012 19084 3256 4013 19085 3248 4009 19086 3256 4013 19087 3257 3782 19088 3257 3782 19089 3256 4013 19090 3265 3784 19091 3220 3882 19092 3228 3884 19093 3229 4010 19094 3229 4010 19095 3228 3884 19096 3237 4014 19097 3229 4010 19098 3237 4014 19099 3238 4011 19100 3238 4011 19101 3237 4014 19102 3246 4015 19103 3238 4011 19104 3246 4015 19105 3247 4012 19106 3247 4012 19107 3246 4015 19108 3255 4016 19109 3247 4012 19110 3255 4016 19111 3256 4013 19112 3256 4013 19113 3255 4016 19114 3264 4017 19115 3256 4013 19116 3264 4017 19117 3265 3784 19118 3265 3784 19119 3264 4017 19120 3270 3786 19121 3228 3884 19122 3236 3886 19123 3237 4014 19124 3237 4014 19125 3236 3886 19126 3245 4018 19127 3237 4014 19128 3245 4018 19129 3246 4015 19130 3246 4015 19131 3245 4018 19132 3254 4019 19133 3246 4015 19134 3254 4019 19135 3255 4016 19136 3255 4016 19137 3254 4019 19138 3263 4020 19139 3255 4016 19140 3263 4020 19141 3264 4017 19142 3264 4017 19143 3263 4020 19144 3272 3901 19145 3264 4017 19146 3272 3901 19147 3271 3903 19148 3236 3886 19149 3244 3889 19150 3245 4018 19151 3245 4018 19152 3244 3889 19153 3253 4021 19154 3245 4018 19155 3253 4021 19156 3254 4019 19157 3254 4019 19158 3253 4021 19159 3262 4022 19160 3254 4019 19161 3262 4022 19162 3263 4020 19163 3263 4020 19164 3262 4022 19165 3273 3899 19166 3263 4020 19167 3273 3899 19168 3272 3901 19169 3244 3889 19170 3252 3891 19171 3253 4021 19172 3253 4021 19173 3252 3891 19174 3261 4023 19175 3253 4021 19176 3261 4023 19177 3262 4022 19178 3262 4022 19179 3261 4023 19180 3274 3897 19181 3262 4022 19182 3274 3897 19183 3273 3899 19184 3252 3891 19185 3260 3893 19186 3261 4023 19187 3261 4023 19188 3260 3893 19189 3275 3895 19190 3261 4023 19191 3275 3895 19192 3274 3897 19193 3264 4017 19194 3271 3903 19195 3270 3786 19196 3270 3786 19197 3271 3903 19198 3281 3788 19199 3276 3896 19200 3284 3816 19201 3277 3898 19202 3277 3898 19203 3284 3816 19204 3285 3818 19205 3277 3898 19206 3285 3818 19207 3278 3900 19208 3278 3900 19209 3285 3818 19210 3286 3820 19211 3278 3900 19212 3286 3820 19213 3279 3902 19214 3279 3902 19215 3286 3820 19216 3287 3822 19217 3279 3902 19218 3287 3822 19219 3280 3904 19220 3280 3904 19221 3287 3822 19222 3288 3790 19223 3292 3792 19224 3293 3821 19225 3301 3794 19226 3301 3794 19227 3293 3821 19228 3300 4024 19229 3301 3794 19230 3300 4024 19231 3308 4025 19232 3308 4025 19233 3300 4024 19234 3307 4026 19235 3308 4025 19236 3307 4026 19237 3325 4027 19238 3325 4027 19239 3307 4026 19240 3326 4028 19241 3325 4027 19242 3326 4028 19243 3316 3802 19244 3316 3802 19245 3326 4028 19246 3315 3804 19247 3293 3821 19248 3294 3819 19249 3300 4024 19250 3300 4024 19251 3294 3819 19252 3299 4029 19253 3300 4024 19254 3299 4029 19255 3307 4026 19256 3307 4026 19257 3299 4029 19258 3306 4030 19259 3307 4026 19260 3306 4030 19261 3326 4028 19262 3326 4028 19263 3306 4030 19264 3327 3806 19265 3326 4028 19266 3327 3806 19267 3315 3804 19268 3294 3819 19269 3295 3817 19270 3299 4029 19271 3299 4029 19272 3295 3817 19273 3298 4031 19274 3299 4029 19275 3298 4031 19276 3306 4030 19277 3306 4030 19278 3298 4031 19279 3305 3808 19280 3306 4030 19281 3305 3808 19282 3327 3806 19283 3295 3817 19284 3296 3815 19285 3298 4031 19286 3298 4031 19287 3296 3815 19288 3104 3811 19289 3298 4031 19290 3104 3811 19291 3305 3808 19292 3296 3815 19293 3297 3813 19294 3104 3811 19295 3309 3796 19296 3301 3794 19297 3308 4025 19298 3324 3798 19299 3309 3796 19300 3308 4025 19301 3324 3798 19302 3308 4025 19303 3325 4027 19304 3324 3798 19305 3325 4027 19306 3317 3800 19307 3317 3800 19308 3325 4027 19309 3316 3802 19310 2636 3908 19311 2723 4032 19312 3064 3803 19313 3064 3803 19314 2723 4032 19315 3350 4033 19316 3064 3803 19317 3350 4033 19318 3351 4034 19319 3351 4034 19320 3350 4033 19321 3354 4035 19322 3351 4034 19323 3354 4035 19324 3355 4036 19325 3355 4036 19326 3354 4035 19327 3358 4037 19328 3355 4036 19329 3358 4037 19330 3347 4038 19331 3347 4038 19332 3358 4037 19333 3346 4039 19334 3346 4039 19335 3358 4037 19336 3361 4040 19337 3346 4039 19338 3361 4040 19339 3345 4041 19340 3345 4041 19341 3361 4040 19342 3364 4042 19343 3345 4041 19344 3364 4042 19345 3344 4043 19346 3344 4043 19347 3364 4042 19348 3367 4044 19349 3344 4043 19350 3367 4044 19351 3343 4045 19352 3343 4045 19353 3367 4044 19354 3370 4046 19355 3343 4045 19356 3370 4046 19357 3342 4047 19358 3342 4047 19359 3370 4046 19360 3373 4048 19361 3342 4047 19362 3373 4048 19363 3341 4049 19364 3341 4049 19365 3373 4048 19366 3376 4050 19367 3341 4049 19368 3376 4050 19369 3340 4051 19370 3340 4051 19371 3376 4050 19372 3379 4052 19373 3340 4051 19374 3379 4052 19375 3339 4053 19376 3339 4053 19377 3379 4052 19378 3382 4054 19379 3339 4053 19380 3382 4054 19381 3338 4055 19382 3338 4055 19383 3382 4054 19384 3385 4056 19385 3338 4055 19386 3385 4056 19387 3337 4057 19388 3337 4057 19389 3385 4056 19390 3388 4058 19391 3337 4057 19392 3388 4058 19393 3336 4059 19394 3336 4059 19395 3388 4058 19396 3391 4060 19397 3336 4059 19398 3391 4060 19399 3335 4061 19400 3335 4061 19401 3391 4060 19402 3394 4062 19403 3335 4061 19404 3394 4062 19405 3334 4063 19406 3334 4063 19407 3394 4062 19408 3397 4064 19409 3334 4063 19410 3397 4064 19411 3333 4065 19412 3333 4065 19413 3397 4064 19414 3400 4066 19415 3333 4065 19416 3400 4066 19417 3332 4067 19418 3332 4067 19419 3400 4066 19420 3403 4068 19421 3332 4067 19422 3403 4068 19423 3331 4069 19424 3331 4069 19425 3403 4068 19426 3406 4070 19427 3331 4069 19428 3406 4070 19429 3330 4071 19430 3330 4071 19431 3406 4070 19432 3409 4072 19433 3330 4071 19434 3409 4072 19435 3329 4073 19436 3329 4073 19437 3409 4072 19438 3412 4074 19439 3329 4073 19440 3412 4074 19441 2754 3577 19442 2754 3577 19443 3412 4074 19444 3411 4075 19445 2754 3577 19446 3411 4075 19447 2755 3578 19448 2755 3578 19449 3411 4075 19450 3410 4076 19451 2755 3578 19452 3410 4076 19453 2756 3358 19454 2756 3358 19455 3410 4076 19456 2703 4077 19457 2756 3358 19458 2703 4077 19459 2551 3356 19460 3350 4033 19461 2723 4032 19462 3353 4078 19463 3353 4078 19464 2723 4032 19465 2722 4079 19466 3353 4078 19467 2722 4079 19468 3356 4080 19469 3356 4080 19470 2722 4079 19471 2721 4081 19472 3356 4080 19473 2721 4081 19474 3359 4082 19475 3359 4082 19476 2721 4081 19477 2720 4083 19478 3359 4082 19479 2720 4083 19480 3362 4084 19481 3362 4084 19482 2720 4083 19483 2719 4085 19484 3362 4084 19485 2719 4085 19486 3365 4086 19487 3365 4086 19488 2719 4085 19489 2718 4087 19490 3365 4086 19491 2718 4087 19492 3368 4088 19493 3368 4088 19494 2718 4087 19495 2717 4089 19496 3368 4088 19497 2717 4089 19498 3371 4090 19499 3371 4090 19500 2717 4089 19501 2716 4091 19502 3371 4090 19503 2716 4091 19504 3374 4092 19505 3374 4092 19506 2716 4091 19507 2715 4093 19508 3374 4092 19509 2715 4093 19510 3377 4094 19511 3377 4094 19512 2715 4093 19513 2714 4095 19514 3377 4094 19515 2714 4095 19516 3380 4096 19517 3380 4096 19518 2714 4095 19519 2713 4097 19520 3380 4096 19521 2713 4097 19522 3383 4098 19523 3383 4098 19524 2713 4097 19525 2712 4099 19526 3383 4098 19527 2712 4099 19528 3386 4100 19529 3386 4100 19530 2712 4099 19531 2711 4101 19532 3386 4100 19533 2711 4101 19534 3389 4102 19535 3389 4102 19536 2711 4101 19537 2710 4103 19538 3389 4102 19539 2710 4103 19540 3392 4104 19541 3392 4104 19542 2710 4103 19543 2709 4105 19544 3392 4104 19545 2709 4105 19546 3395 4106 19547 3395 4106 19548 2709 4105 19549 2708 4107 19550 3395 4106 19551 2708 4107 19552 3398 4108 19553 3398 4108 19554 2708 4107 19555 2707 4109 19556 3398 4108 19557 2707 4109 19558 3401 4110 19559 3401 4110 19560 2707 4109 19561 2706 4111 19562 3401 4110 19563 2706 4111 19564 3404 4112 19565 3404 4112 19566 2706 4111 19567 2705 4113 19568 3404 4112 19569 2705 4113 19570 3407 4114 19571 3407 4114 19572 2705 4113 19573 2704 4115 19574 3407 4114 19575 2704 4115 19576 3410 4076 19577 3410 4076 19578 2704 4115 19579 2703 4077 19580 2754 3577 19581 2753 3581 19582 3329 4073 19583 3347 4038 19584 3348 4116 19585 3355 4036 19586 3355 4036 19587 3348 4116 19588 3352 4117 19589 3355 4036 19590 3352 4117 19591 3351 4034 19592 3351 4034 19593 3352 4117 19594 3065 3801 19595 3351 4034 19596 3065 3801 19597 3064 3803 19598 3348 4116 19599 3349 4118 19600 3352 4117 19601 3352 4117 19602 3349 4118 19603 3066 3909 19604 3352 4117 19605 3066 3909 19606 3065 3801 19607 3349 4118 19608 3067 3932 19609 3066 3909 19610 3354 4035 19611 3350 4033 19612 3353 4078 19613 3354 4035 19614 3353 4078 19615 3357 4119 19616 3357 4119 19617 3353 4078 19618 3356 4080 19619 3357 4119 19620 3356 4080 19621 3360 4120 19622 3360 4120 19623 3356 4080 19624 3359 4082 19625 3360 4120 19626 3359 4082 19627 3363 4121 19628 3363 4121 19629 3359 4082 19630 3362 4084 19631 3363 4121 19632 3362 4084 19633 3366 4122 19634 3366 4122 19635 3362 4084 19636 3365 4086 19637 3366 4122 19638 3365 4086 19639 3369 4123 19640 3369 4123 19641 3365 4086 19642 3368 4088 19643 3369 4123 19644 3368 4088 19645 3372 4124 19646 3372 4124 19647 3368 4088 19648 3371 4090 19649 3372 4124 19650 3371 4090 19651 3375 4125 19652 3375 4125 19653 3371 4090 19654 3374 4092 19655 3375 4125 19656 3374 4092 19657 3378 4126 19658 3378 4126 19659 3374 4092 19660 3377 4094 19661 3378 4126 19662 3377 4094 19663 3381 4127 19664 3381 4127 19665 3377 4094 19666 3380 4096 19667 3381 4127 19668 3380 4096 19669 3384 4128 19670 3384 4128 19671 3380 4096 19672 3383 4098 19673 3384 4128 19674 3383 4098 19675 3387 4129 19676 3387 4129 19677 3383 4098 19678 3386 4100 19679 3387 4129 19680 3386 4100 19681 3390 4130 19682 3390 4130 19683 3386 4100 19684 3389 4102 19685 3390 4130 19686 3389 4102 19687 3393 4131 19688 3393 4131 19689 3389 4102 19690 3392 4104 19691 3393 4131 19692 3392 4104 19693 3396 4132 19694 3396 4132 19695 3392 4104 19696 3395 4106 19697 3396 4132 19698 3395 4106 19699 3399 4133 19700 3399 4133 19701 3395 4106 19702 3398 4108 19703 3399 4133 19704 3398 4108 19705 3402 4134 19706 3402 4134 19707 3398 4108 19708 3401 4110 19709 3402 4134 19710 3401 4110 19711 3405 4135 19712 3405 4135 19713 3401 4110 19714 3404 4112 19715 3405 4135 19716 3404 4112 19717 3408 4136 19718 3408 4136 19719 3404 4112 19720 3407 4114 19721 3408 4136 19722 3407 4114 19723 3411 4075 19724 3411 4075 19725 3407 4114 19726 3410 4076 19727 3361 4040 19728 3358 4037 19729 3357 4119 19730 3357 4119 19731 3358 4037 19732 3354 4035 19733 3361 4040 19734 3357 4119 19735 3360 4120 19736 3364 4042 19737 3361 4040 19738 3360 4120 19739 3364 4042 19740 3360 4120 19741 3363 4121 19742 3367 4044 19743 3364 4042 19744 3363 4121 19745 3367 4044 19746 3363 4121 19747 3366 4122 19748 3370 4046 19749 3367 4044 19750 3366 4122 19751 3370 4046 19752 3366 4122 19753 3369 4123 19754 3373 4048 19755 3370 4046 19756 3369 4123 19757 3373 4048 19758 3369 4123 19759 3372 4124 19760 3376 4050 19761 3373 4048 19762 3372 4124 19763 3376 4050 19764 3372 4124 19765 3375 4125 19766 3379 4052 19767 3376 4050 19768 3375 4125 19769 3379 4052 19770 3375 4125 19771 3378 4126 19772 3382 4054 19773 3379 4052 19774 3378 4126 19775 3382 4054 19776 3378 4126 19777 3381 4127 19778 3385 4056 19779 3382 4054 19780 3381 4127 19781 3385 4056 19782 3381 4127 19783 3384 4128 19784 3388 4058 19785 3385 4056 19786 3384 4128 19787 3388 4058 19788 3384 4128 19789 3387 4129 19790 3391 4060 19791 3388 4058 19792 3387 4129 19793 3391 4060 19794 3387 4129 19795 3390 4130 19796 3394 4062 19797 3391 4060 19798 3390 4130 19799 3394 4062 19800 3390 4130 19801 3393 4131 19802 3397 4064 19803 3394 4062 19804 3393 4131 19805 3397 4064 19806 3393 4131 19807 3396 4132 19808 3400 4066 19809 3397 4064 19810 3396 4132 19811 3400 4066 19812 3396 4132 19813 3399 4133 19814 3403 4068 19815 3400 4066 19816 3399 4133 19817 3403 4068 19818 3399 4133 19819 3402 4134 19820 3406 4070 19821 3403 4068 19822 3402 4134 19823 3406 4070 19824 3402 4134 19825 3405 4135 19826 3409 4072 19827 3406 4070 19828 3405 4135 19829 3409 4072 19830 3405 4135 19831 3408 4136 19832 3412 4074 19833 3409 4072 19834 3408 4136 19835 3412 4074 19836 3408 4136 19837 3411 4075 19838 3447 4137 19839 3413 4138 19840 3458 4139 19841 3458 4139 19842 3413 4138 19843 2753 4140 19844 3458 4139 19845 2753 4140 19846 2752 4141 19847 3458 4139 19848 2752 4141 19849 3459 4142 19850 3459 4142 19851 2752 4141 19852 2751 4143 19853 3459 4142 19854 2751 4143 19855 3460 4144 19856 3460 4144 19857 2751 4143 19858 2750 4145 19859 3460 4144 19860 2750 4145 19861 3461 4146 19862 3461 4146 19863 2750 4145 19864 2749 4147 19865 3461 4146 19866 2749 4147 19867 3462 4148 19868 3462 4148 19869 2749 4147 19870 3457 4149 19871 3462 4148 19872 3457 4149 19873 3444 4150 19874 3444 4150 19875 3457 4149 19876 3443 4151 19877 3443 4151 19878 3457 4149 19879 3463 4152 19880 3443 4151 19881 3463 4152 19882 3464 4153 19883 3464 4153 19884 3463 4152 19885 2748 4154 19886 3464 4153 19887 2748 4154 19888 3456 4155 19889 3456 4155 19890 2748 4154 19891 2747 4156 19892 3456 4155 19893 2747 4156 19894 3465 4157 19895 3465 4157 19896 2747 4156 19897 2746 4158 19898 3465 4157 19899 2746 4158 19900 3466 4159 19901 3466 4159 19902 2746 4158 19903 2745 4160 19904 3466 4159 19905 2745 4160 19906 2744 4161 19907 2749 4147 19908 2748 4154 19909 3457 4149 19910 3457 4149 19911 2748 4154 19912 3463 4152 19913 2743 4162 19914 3455 4163 19915 2744 4161 19916 2744 4161 19917 3455 4163 19918 3467 4164 19919 2744 4161 19920 3467 4164 19921 3466 4159 19922 3466 4159 19923 3467 4164 19924 3439 4165 19925 3466 4159 19926 3439 4165 19927 3440 4166 19928 3455 4163 19929 2743 4162 19930 3468 4167 19931 3468 4167 19932 2743 4162 19933 2742 4168 19934 3468 4167 19935 2742 4168 19936 3469 4169 19937 3469 4169 19938 2742 4168 19939 3470 4170 19940 3469 4169 19941 3470 4170 19942 3436 4171 19943 3436 4171 19944 3470 4170 19945 3435 4172 19946 3435 4172 19947 3470 4170 19948 3471 4173 19949 3435 4172 19950 3471 4173 19951 3434 4174 19952 3434 4174 19953 3471 4173 19954 3454 4175 19955 3434 4174 19956 3454 4175 19957 3433 4176 19958 3433 4176 19959 3454 4175 19960 3472 4177 19961 3433 4176 19962 3472 4177 19963 3432 4178 19964 3432 4178 19965 3472 4177 19966 3453 4179 19967 3432 4178 19968 3453 4179 19969 3473 4180 19970 3473 4180 19971 3453 4179 19972 2739 4181 19973 3473 4180 19974 2739 4181 19975 3474 4182 19976 3474 4182 19977 2739 4181 19978 2738 4183 19979 3474 4182 19980 2738 4183 19981 3475 4184 19982 3475 4184 19983 2738 4183 19984 3452 4185 19985 3475 4184 19986 3452 4185 19987 3429 4186 19988 3429 4186 19989 3452 4185 19990 3428 4187 19991 3428 4187 19992 3452 4185 19993 3476 4188 19994 3428 4187 19995 3476 4188 19996 3427 4189 19997 3427 4189 19998 3476 4188 19999 3451 4190 20000 3427 4189 20001 3451 4190 20002 3426 4191 20003 3426 4191 20004 3451 4190 20005 3487 4192 20006 3426 4191 20007 3487 4192 20008 3425 4193 20009 3425 4193 20010 3487 4192 20011 3477 4194 20012 3425 4193 20013 3477 4194 20014 3478 4195 20015 3478 4195 20016 3477 4194 20017 2736 4196 20018 3478 4195 20019 2736 4196 20020 2735 4197 20021 2742 4168 20022 2741 4198 20023 3470 4170 20024 3470 4170 20025 2741 4198 20026 3471 4173 20027 3471 4173 20028 2741 4198 20029 3454 4175 20030 3454 4175 20031 2741 4198 20032 2740 4199 20033 3454 4175 20034 2740 4199 20035 3472 4177 20036 3472 4177 20037 2740 4199 20038 3453 4179 20039 2740 4199 20040 2739 4181 20041 3453 4179 20042 2738 4183 20043 2737 4200 20044 3452 4185 20045 3452 4185 20046 2737 4200 20047 3476 4188 20048 3476 4188 20049 2737 4200 20050 3451 4190 20051 3451 4190 20052 2737 4200 20053 2736 4196 20054 3451 4190 20055 2736 4196 20056 3487 4192 20057 3487 4192 20058 2736 4196 20059 3477 4194 20060 3478 4195 20061 2735 4197 20062 3479 4201 20063 3479 4201 20064 2735 4197 20065 2734 4202 20066 3479 4201 20067 2734 4202 20068 3480 4203 20069 3480 4203 20070 2734 4202 20071 2733 4204 20072 3480 4203 20073 2733 4204 20074 3481 4205 20075 3481 4205 20076 2733 4204 20077 3450 4206 20078 3481 4205 20079 3450 4206 20080 3421 4207 20081 3421 4207 20082 3450 4206 20083 3420 4208 20084 3420 4208 20085 3450 4206 20086 3482 4209 20087 3420 4208 20088 3482 4209 20089 3483 4210 20090 3483 4210 20091 3482 4209 20092 2732 4211 20093 3483 4210 20094 2732 4211 20095 2731 4212 20096 2733 4204 20097 2732 4211 20098 3450 4206 20099 3450 4206 20100 2732 4211 20101 3482 4209 20102 3483 4210 20103 2731 4212 20104 3484 4213 20105 3484 4213 20106 2731 4212 20107 2730 4214 20108 3484 4213 20109 2730 4214 20110 3449 4215 20111 3449 4215 20112 2730 4214 20113 2729 4216 20114 3449 4215 20115 2729 4216 20116 3485 4217 20117 3485 4217 20118 2729 4216 20119 3448 4218 20120 3485 4217 20121 3448 4218 20122 3416 4219 20123 3416 4219 20124 3448 4218 20125 3415 4220 20126 3415 4220 20127 3448 4218 20128 3486 4221 20129 3415 4220 20130 3486 4221 20131 3414 4222 20132 3414 4222 20133 3486 4221 20134 2727 4223 20135 2727 4223 20136 3486 4221 20137 2728 4224 20138 2728 4224 20139 3486 4221 20140 3448 4218 20141 2728 4224 20142 3448 4218 20143 2729 4216 20144 3485 4217 20145 3416 4219 20146 3449 4215 20147 3449 4215 20148 3416 4219 20149 3417 4225 20150 3449 4215 20151 3417 4225 20152 3418 4226 20153 3449 4215 20154 3418 4226 20155 3484 4213 20156 3484 4213 20157 3418 4226 20158 3419 4227 20159 3484 4213 20160 3419 4227 20161 3483 4210 20162 3483 4210 20163 3419 4227 20164 3420 4208 20165 3481 4205 20166 3421 4207 20167 3480 4203 20168 3480 4203 20169 3421 4207 20170 3422 4228 20171 3480 4203 20172 3422 4228 20173 3423 4229 20174 3480 4203 20175 3423 4229 20176 3479 4201 20177 3479 4201 20178 3423 4229 20179 3424 4230 20180 3479 4201 20181 3424 4230 20182 3478 4195 20183 3478 4195 20184 3424 4230 20185 3425 4193 20186 3429 4186 20187 3430 4231 20188 3475 4184 20189 3475 4184 20190 3430 4231 20191 3474 4182 20192 3430 4231 20193 3431 4232 20194 3474 4182 20195 3474 4182 20196 3431 4232 20197 3473 4180 20198 3431 4232 20199 3432 4178 20200 3473 4180 20201 3436 4171 20202 3437 4233 20203 3469 4169 20204 3469 4169 20205 3437 4233 20206 3468 4167 20207 3437 4233 20208 3438 4234 20209 3468 4167 20210 3468 4167 20211 3438 4234 20212 3455 4163 20213 3438 4234 20214 3439 4165 20215 3455 4163 20216 3455 4163 20217 3439 4165 20218 3467 4164 20219 3466 4159 20220 3440 4166 20221 3465 4157 20222 3465 4157 20223 3440 4166 20224 3441 4235 20225 3465 4157 20226 3441 4235 20227 3456 4155 20228 3456 4155 20229 3441 4235 20230 3442 4236 20231 3456 4155 20232 3442 4236 20233 3464 4153 20234 3464 4153 20235 3442 4236 20236 3443 4151 20237 3462 4148 20238 3444 4150 20239 3461 4146 20240 3461 4146 20241 3444 4150 20242 3445 4237 20243 3461 4146 20244 3445 4237 20245 3460 4144 20246 3460 4144 20247 3445 4237 20248 3446 4238 20249 3460 4144 20250 3446 4238 20251 3459 4142 20252 3459 4142 20253 3446 4238 20254 3447 4137 20255 3459 4142 20256 3447 4137 20257 3458 4139 20258 2727 4223 20259 3009 4239 20260 3414 4222 20261 3414 4222 20262 3009 4239 20263 3504 4240 20264 3504 4240 20265 3009 4239 20266 3008 4241 20267 3504 4240 20268 3008 4241 20269 3503 4242 20270 3503 4242 20271 3008 4241 20272 3007 4243 20273 3503 4242 20274 3007 4243 20275 3502 4244 20276 3502 4244 20277 3007 4243 20278 3006 4245 20279 3502 4244 20280 3006 4245 20281 3501 4246 20282 3501 4246 20283 3006 4245 20284 3005 4247 20285 3501 4246 20286 3005 4247 20287 3500 4248 20288 3500 4248 20289 3005 4247 20290 3004 4249 20291 3500 4248 20292 3004 4249 20293 3499 4250 20294 3499 4250 20295 3004 4249 20296 3003 4251 20297 3499 4250 20298 3003 4251 20299 3498 4252 20300 3498 4252 20301 3003 4251 20302 3002 4253 20303 3498 4252 20304 3002 4253 20305 3497 4254 20306 3497 4254 20307 3002 4253 20308 3001 4255 20309 3497 4254 20310 3001 4255 20311 3496 4256 20312 3496 4256 20313 3001 4255 20314 3000 4257 20315 3496 4256 20316 3000 4257 20317 3495 4258 20318 3495 4258 20319 3000 4257 20320 2999 4259 20321 3495 4258 20322 2999 4259 20323 3494 4260 20324 3494 4260 20325 2999 4259 20326 2998 4261 20327 3494 4260 20328 2998 4261 20329 3493 4262 20330 3493 4262 20331 2998 4261 20332 2997 4263 20333 3493 4262 20334 2997 4263 20335 3492 4264 20336 3492 4264 20337 2997 4263 20338 2996 4265 20339 3492 4264 20340 2996 4265 20341 3491 4266 20342 3491 4266 20343 2996 4265 20344 2995 4267 20345 3491 4266 20346 2995 4267 20347 3490 4268 20348 3490 4268 20349 2995 4267 20350 2994 4269 20351 3490 4268 20352 2994 4269 20353 3489 4270 20354 3489 4270 20355 2994 4269 20356 2993 4271 20357 3489 4270 20358 2993 4271 20359 3488 4272 20360 3488 4272 20361 2993 4271 20362 2992 4273 20363 3068 4274 20364 3067 4275 20365 3547 4276 20366 3547 4276 20367 3067 4275 20368 3505 4277 20369 3547 4276 20370 3505 4277 20371 3506 4278 20372 3547 4276 20373 3506 4278 20374 3548 4279 20375 3548 4279 20376 3506 4278 20377 3507 4280 20378 3548 4279 20379 3507 4280 20380 3549 4281 20381 3549 4281 20382 3507 4280 20383 3508 4282 20384 3549 4281 20385 3508 4282 20386 3550 4283 20387 3550 4283 20388 3508 4282 20389 3509 4284 20390 3550 4283 20391 3509 4284 20392 3551 4285 20393 3551 4285 20394 3509 4284 20395 3510 4286 20396 3551 4285 20397 3510 4286 20398 3546 4287 20399 3546 4287 20400 3510 4286 20401 3578 4288 20402 3546 4287 20403 3578 4288 20404 3074 4289 20405 3074 4289 20406 3578 4288 20407 3552 4290 20408 3074 4289 20409 3552 4290 20410 3075 4291 20411 3075 4291 20412 3552 4290 20413 3553 4292 20414 3075 4291 20415 3553 4292 20416 3076 4293 20417 3076 4293 20418 3553 4292 20419 3554 4294 20420 3076 4293 20421 3554 4294 20422 3077 4295 20423 3077 4295 20424 3554 4294 20425 3555 4296 20426 3077 4295 20427 3555 4296 20428 3078 4297 20429 3078 4297 20430 3555 4296 20431 3079 4298 20432 3079 4298 20433 3555 4296 20434 3557 4299 20435 3079 4298 20436 3557 4299 20437 3556 4300 20438 3556 4300 20439 3557 4299 20440 3514 4301 20441 3556 4300 20442 3514 4301 20443 3515 4302 20444 3578 4288 20445 3510 4286 20446 3552 4290 20447 3552 4290 20448 3510 4286 20449 3511 4303 20450 3552 4290 20451 3511 4303 20452 3553 4292 20453 3553 4292 20454 3511 4303 20455 3512 4304 20456 3553 4292 20457 3512 4304 20458 3554 4294 20459 3554 4294 20460 3512 4304 20461 3513 4305 20462 3554 4294 20463 3513 4305 20464 3555 4296 20465 3555 4296 20466 3513 4305 20467 3514 4301 20468 3555 4296 20469 3514 4301 20470 3557 4299 20471 3556 4300 20472 3515 4302 20473 3558 4306 20474 3558 4306 20475 3515 4302 20476 3516 4307 20477 3558 4306 20478 3516 4307 20479 3559 4308 20480 3559 4308 20481 3516 4307 20482 3517 4309 20483 3559 4308 20484 3517 4309 20485 3560 4310 20486 3560 4310 20487 3517 4309 20488 3518 4311 20489 3560 4310 20490 3518 4311 20491 3561 4312 20492 3561 4312 20493 3518 4311 20494 3519 4313 20495 3561 4312 20496 3519 4313 20497 3545 4314 20498 3545 4314 20499 3519 4313 20500 3520 4315 20501 3545 4314 20502 3520 4315 20503 3562 4316 20504 3562 4316 20505 3520 4315 20506 3521 4317 20507 3562 4316 20508 3521 4317 20509 3544 4318 20510 3544 4318 20511 3521 4317 20512 3563 4319 20513 3544 4318 20514 3563 4319 20515 3085 4320 20516 3085 4320 20517 3563 4319 20518 3564 4321 20519 3085 4320 20520 3564 4321 20521 3086 4322 20522 3086 4322 20523 3564 4321 20524 3565 4323 20525 3086 4322 20526 3565 4323 20527 3543 4324 20528 3543 4324 20529 3565 4323 20530 3524 4325 20531 3543 4324 20532 3524 4325 20533 3525 4326 20534 3521 4317 20535 3522 4327 20536 3563 4319 20537 3563 4319 20538 3522 4327 20539 3564 4321 20540 3522 4327 20541 3523 4328 20542 3564 4321 20543 3564 4321 20544 3523 4328 20545 3565 4323 20546 3523 4328 20547 3524 4325 20548 3565 4323 20549 3543 4324 20550 3525 4326 20551 3566 4329 20552 3566 4329 20553 3525 4326 20554 3526 4330 20555 3566 4329 20556 3526 4330 20557 3542 4331 20558 3542 4331 20559 3526 4330 20560 3527 4332 20561 3542 4331 20562 3527 4332 20563 3568 4333 20564 3568 4333 20565 3527 4332 20566 3567 4334 20567 3568 4333 20568 3567 4334 20569 3088 4335 20570 3088 4335 20571 3567 4334 20572 3541 4336 20573 3088 4335 20574 3541 4336 20575 3089 4337 20576 3089 4337 20577 3541 4336 20578 3569 4338 20579 3089 4337 20580 3569 4338 20581 3090 4339 20582 3090 4339 20583 3569 4338 20584 3570 4340 20585 3090 4339 20586 3570 4340 20587 3091 4341 20588 3091 4341 20589 3570 4340 20590 3571 4342 20591 3091 4341 20592 3571 4342 20593 3572 4343 20594 3572 4343 20595 3571 4342 20596 3532 4344 20597 3572 4343 20598 3532 4344 20599 3533 4345 20600 3527 4332 20601 3528 4346 20602 3567 4334 20603 3567 4334 20604 3528 4346 20605 3541 4336 20606 3528 4346 20607 3529 4347 20608 3541 4336 20609 3541 4336 20610 3529 4347 20611 3569 4338 20612 3529 4347 20613 3530 4348 20614 3569 4338 20615 3569 4338 20616 3530 4348 20617 3570 4340 20618 3530 4348 20619 3531 4349 20620 3570 4340 20621 3570 4340 20622 3531 4349 20623 3532 4344 20624 3570 4340 20625 3532 4344 20626 3571 4342 20627 3534 4350 20628 3573 4351 20629 3533 4345 20630 3533 4345 20631 3573 4351 20632 3540 4352 20633 3533 4345 20634 3540 4352 20635 3572 4343 20636 3572 4343 20637 3540 4352 20638 3091 4341 20639 3573 4351 20640 3534 4350 20641 3574 4353 20642 3574 4353 20643 3534 4350 20644 3535 4354 20645 3574 4353 20646 3535 4354 20647 3536 4355 20648 3574 4353 20649 3536 4355 20650 3575 4356 20651 3575 4356 20652 3536 4355 20653 3537 4357 20654 3575 4356 20655 3537 4357 20656 3576 4358 20657 3576 4358 20658 3537 4357 20659 3539 4359 20660 3576 4358 20661 3539 4359 20662 3095 4360 20663 3095 4360 20664 3539 4359 20665 3096 4361 20666 3096 4361 20667 3539 4359 20668 3577 4362 20669 3096 4361 20670 3577 4362 20671 2992 4273 20672 2992 4273 20673 3577 4362 20674 3488 4272 20675 3488 4272 20676 3577 4362 20677 3538 4363 20678 3538 4363 20679 3577 4362 20680 3539 4359 20681 3538 4363 20682 3539 4359 20683 3537 4357 20684 3576 4358 20685 3095 4360 20686 3575 4356 20687 3575 4356 20688 3095 4360 20689 3094 4364 20690 3575 4356 20691 3094 4364 20692 3574 4353 20693 3574 4353 20694 3094 4364 20695 3093 4365 20696 3574 4353 20697 3093 4365 20698 3573 4351 20699 3573 4351 20700 3093 4365 20701 3092 4366 20702 3573 4351 20703 3092 4366 20704 3540 4352 20705 3540 4352 20706 3092 4366 20707 3091 4341 20708 3568 4333 20709 3088 4335 20710 3542 4331 20711 3542 4331 20712 3088 4335 20713 3087 4367 20714 3542 4331 20715 3087 4367 20716 3566 4329 20717 3566 4329 20718 3087 4367 20719 3543 4324 20720 3087 4367 20721 3086 4322 20722 3543 4324 20723 3085 4320 20724 3084 4368 20725 3544 4318 20726 3544 4318 20727 3084 4368 20728 3562 4316 20729 3562 4316 20730 3084 4368 20731 3545 4314 20732 3545 4314 20733 3084 4368 20734 3083 4369 20735 3545 4314 20736 3083 4369 20737 3561 4312 20738 3561 4312 20739 3083 4369 20740 3560 4310 20741 3083 4369 20742 3082 4370 20743 3560 4310 20744 3560 4310 20745 3082 4370 20746 3081 4371 20747 3560 4310 20748 3081 4371 20749 3559 4308 20750 3559 4308 20751 3081 4371 20752 3558 4306 20753 3081 4371 20754 3080 4372 20755 3558 4306 20756 3558 4306 20757 3080 4372 20758 3556 4300 20759 3080 4372 20760 3079 4298 20761 3556 4300 20762 3074 4289 20763 3073 4373 20764 3546 4287 20765 3546 4287 20766 3073 4373 20767 3551 4285 20768 3551 4285 20769 3073 4373 20770 3550 4283 20771 3550 4283 20772 3073 4373 20773 3072 4374 20774 3550 4283 20775 3072 4374 20776 3549 4281 20777 3549 4281 20778 3072 4374 20779 3071 4375 20780 3549 4281 20781 3071 4375 20782 3070 4376 20783 3549 4281 20784 3070 4376 20785 3548 4279 20786 3548 4279 20787 3070 4376 20788 3069 4377 20789 3548 4279 20790 3069 4377 20791 3547 4276 20792 3547 4276 20793 3069 4377 20794 3068 4274 20795 3067 4275 20796 3349 4378 20797 3505 4277 20798 3505 4277 20799 3349 4378 20800 3598 4379 20801 3598 4379 20802 3349 4378 20803 3348 4380 20804 3598 4379 20805 3348 4380 20806 3597 4381 20807 3597 4381 20808 3348 4380 20809 3347 4382 20810 3597 4381 20811 3347 4382 20812 3596 4383 20813 3596 4383 20814 3347 4382 20815 3346 4384 20816 3596 4383 20817 3346 4384 20818 3595 4385 20819 3595 4385 20820 3346 4384 20821 3345 4386 20822 3595 4385 20823 3345 4386 20824 3594 4387 20825 3594 4387 20826 3345 4386 20827 3344 4388 20828 3594 4387 20829 3344 4388 20830 3593 4389 20831 3593 4389 20832 3344 4388 20833 3343 4390 20834 3593 4389 20835 3343 4390 20836 3592 4391 20837 3592 4391 20838 3343 4390 20839 3342 4392 20840 3592 4391 20841 3342 4392 20842 3591 4393 20843 3591 4393 20844 3342 4392 20845 3341 4394 20846 3591 4393 20847 3341 4394 20848 3590 4395 20849 3590 4395 20850 3341 4394 20851 3340 4396 20852 3590 4395 20853 3340 4396 20854 3589 4397 20855 3589 4397 20856 3340 4396 20857 3339 4398 20858 3589 4397 20859 3339 4398 20860 3588 4399 20861 3588 4399 20862 3339 4398 20863 3338 4400 20864 3588 4399 20865 3338 4400 20866 3587 4401 20867 3587 4401 20868 3338 4400 20869 3337 4402 20870 3587 4401 20871 3337 4402 20872 3586 4403 20873 3586 4403 20874 3337 4402 20875 3336 4404 20876 3586 4403 20877 3336 4404 20878 3585 4405 20879 3585 4405 20880 3336 4404 20881 3335 4406 20882 3585 4405 20883 3335 4406 20884 3584 4407 20885 3584 4407 20886 3335 4406 20887 3334 4408 20888 3584 4407 20889 3334 4408 20890 3583 4409 20891 3583 4409 20892 3334 4408 20893 3333 4410 20894 3583 4409 20895 3333 4410 20896 3582 4411 20897 3582 4411 20898 3333 4410 20899 3332 4412 20900 3582 4411 20901 3332 4412 20902 3581 4413 20903 3581 4413 20904 3332 4412 20905 3331 4414 20906 3581 4413 20907 3331 4414 20908 3580 4415 20909 3580 4415 20910 3331 4414 20911 3330 4416 20912 3580 4415 20913 3330 4416 20914 3579 4417 20915 3579 4417 20916 3330 4416 20917 3329 4418 20918 3579 4417 20919 3329 4418 20920 3413 4138 20921 3413 4138 20922 3329 4418 20923 2753 4140 20924 3505 4419 20925 3599 4420 20926 3506 4421 20927 3506 4421 20928 3599 4420 20929 3507 4422 20930 3507 4422 20931 3599 4420 20932 3600 4423 20933 3507 4422 20934 3600 4423 20935 3508 4424 20936 3508 4424 20937 3600 4423 20938 3601 4425 20939 3508 4424 20940 3601 4425 20941 3509 4426 20942 3509 4426 20943 3601 4425 20944 3602 4427 20945 3509 4426 20946 3602 4427 20947 3510 4428 20948 3510 4428 20949 3602 4427 20950 3603 4429 20951 3510 4428 20952 3603 4429 20953 3511 4430 20954 3511 4430 20955 3603 4429 20956 3512 4431 20957 3512 4431 20958 3603 4429 20959 3604 198 20960 3512 4431 20961 3604 198 20962 3513 198 20963 3513 198 20964 3604 198 20965 3514 4432 20966 3514 4432 20967 3604 198 20968 3605 4433 20969 3514 4432 20970 3605 4433 20971 3515 4434 20972 3515 4434 20973 3605 4433 20974 3516 4435 20975 3516 4435 20976 3605 4433 20977 3606 4436 20978 3516 4435 20979 3606 4436 20980 3517 4437 20981 3517 4437 20982 3606 4436 20983 3518 4438 20984 3518 4438 20985 3606 4436 20986 3607 4439 20987 3518 4438 20988 3607 4439 20989 3519 198 20990 3519 198 20991 3607 4439 20992 3520 4440 20993 3520 4440 20994 3607 4439 20995 3608 4441 20996 3520 4440 20997 3608 4441 20998 3521 4442 20999 3521 4442 21000 3608 4441 21001 3432 4443 21002 3521 4442 21003 3432 4443 21004 3431 4444 21005 3608 4441 21006 3609 4445 21007 3432 4443 21008 3432 4443 21009 3609 4445 21010 3433 4440 21011 3433 4440 21012 3609 4445 21013 3610 4439 21014 3433 4440 21015 3610 4439 21016 3434 198 21017 3434 198 21018 3610 4439 21019 3435 4446 21020 3435 4446 21021 3610 4439 21022 3611 4447 21023 3435 4446 21024 3611 4447 21025 3436 4448 21026 3436 4448 21027 3611 4447 21028 3437 4449 21029 3437 4449 21030 3611 4447 21031 3612 4433 21032 3437 4449 21033 3612 4433 21034 3438 4434 21035 3438 4434 21036 3612 4433 21037 3439 4432 21038 3439 4432 21039 3612 4433 21040 3613 198 21041 3439 4432 21042 3613 198 21043 3440 198 21044 3440 198 21045 3613 198 21046 3441 198 21047 3441 198 21048 3613 198 21049 3614 4450 21050 3441 198 21051 3614 4450 21052 3442 198 21053 3442 198 21054 3614 4450 21055 3443 4451 21056 3443 4451 21057 3614 4450 21058 3615 4452 21059 3443 4451 21060 3615 4452 21061 3444 4453 21062 3444 4453 21063 3615 4452 21064 3616 4425 21065 3444 4453 21066 3616 4425 21067 3445 4454 21068 3445 4454 21069 3616 4425 21070 3617 4455 21071 3445 4454 21072 3617 4455 21073 3446 4456 21074 3446 4456 21075 3617 4455 21076 3618 4457 21077 3446 4456 21078 3618 4457 21079 3447 4458 21080 3447 4458 21081 3618 4457 21082 3413 4459 21083 3430 198 21084 3523 4460 21085 3431 4444 21086 3431 4444 21087 3523 4460 21088 3522 4461 21089 3431 4444 21090 3522 4461 21091 3521 4442 21092 3523 4460 21093 3430 198 21094 3524 4462 21095 3524 4462 21096 3430 198 21097 3429 4463 21098 3524 4462 21099 3429 4463 21100 3428 4464 21101 3524 4462 21102 3428 4464 21103 3525 4465 21104 3525 4465 21105 3428 4464 21106 3427 4466 21107 3525 4465 21108 3427 4466 21109 3526 4467 21110 3526 4467 21111 3427 4466 21112 3497 4468 21113 3526 4467 21114 3497 4468 21115 3496 4469 21116 3427 4466 21117 3426 4470 21118 3497 4468 21119 3497 4468 21120 3426 4470 21121 3425 4471 21122 3497 4468 21123 3425 4471 21124 3498 4472 21125 3498 4472 21126 3425 4471 21127 3424 4473 21128 3498 4472 21129 3424 4473 21130 3499 4474 21131 3499 4474 21132 3424 4473 21133 3423 4475 21134 3499 4474 21135 3423 4475 21136 3422 4476 21137 3499 4474 21138 3422 4476 21139 3500 4477 21140 3500 4477 21141 3422 4476 21142 3421 4478 21143 3500 4477 21144 3421 4478 21145 3420 4479 21146 3500 4477 21147 3420 4479 21148 3501 4480 21149 3501 4480 21150 3420 4479 21151 3419 4481 21152 3501 4480 21153 3419 4481 21154 3418 4482 21155 3501 4480 21156 3418 4482 21157 3502 4483 21158 3502 4483 21159 3418 4482 21160 3417 4484 21161 3502 4483 21162 3417 4484 21163 3416 4485 21164 3502 4483 21165 3416 4485 21166 3503 4486 21167 3503 4486 21168 3416 4485 21169 3415 4487 21170 3503 4486 21171 3415 4487 21172 3504 4488 21173 3504 4488 21174 3415 4487 21175 3414 4489 21176 3495 4490 21177 3528 4491 21178 3496 4469 21179 3496 4469 21180 3528 4491 21181 3527 4492 21182 3496 4469 21183 3527 4492 21184 3526 4467 21185 3528 4491 21186 3495 4490 21187 3529 4493 21188 3529 4493 21189 3495 4490 21190 3494 4494 21191 3529 4493 21192 3494 4494 21193 3530 4495 21194 3530 4495 21195 3494 4494 21196 3531 4496 21197 3531 4496 21198 3494 4494 21199 3493 4497 21200 3531 4496 21201 3493 4497 21202 3532 198 21203 3532 198 21204 3493 4497 21205 3533 4498 21206 3533 4498 21207 3493 4497 21208 3492 4499 21209 3533 4498 21210 3492 4499 21211 3534 4500 21212 3534 4500 21213 3492 4499 21214 3535 4501 21215 3535 4501 21216 3492 4499 21217 3491 4502 21218 3535 4501 21219 3491 4502 21220 3536 198 21221 3536 198 21222 3491 4502 21223 3537 198 21224 3537 198 21225 3491 4502 21226 3490 4503 21227 3537 198 21228 3490 4503 21229 3538 4504 21230 3538 4504 21231 3490 4503 21232 3489 4505 21233 3538 4504 21234 3489 4505 21235 3488 198 21236 535 198 21237 534 198 21238 501 198 21239 501 198 21240 534 198 21241 572 198 21242 501 198 21243 572 198 21244 502 4506 21245 502 4506 21246 572 198 21247 571 4507 21248 502 4506 21249 571 4507 21250 503 4508 21251 503 4508 21252 571 4507 21253 570 198 21254 503 4508 21255 570 198 21256 504 198 21257 504 198 21258 570 198 21259 569 198 21260 504 198 21261 569 198 21262 505 198 21263 505 198 21264 569 198 21265 568 4509 21266 505 198 21267 568 4509 21268 506 4510 21269 506 4510 21270 568 4509 21271 567 4511 21272 506 4510 21273 567 4511 21274 566 4512 21275 506 4510 21276 566 4512 21277 507 4513 21278 507 4513 21279 566 4512 21280 565 4514 21281 507 4513 21282 565 4514 21283 508 4515 21284 508 4515 21285 565 4514 21286 564 4516 21287 508 4515 21288 564 4516 21289 509 4517 21290 509 4517 21291 564 4516 21292 563 4518 21293 509 4517 21294 563 4518 21295 510 4519 21296 510 4519 21297 563 4518 21298 562 4520 21299 510 4519 21300 562 4520 21301 511 4521 21302 511 4521 21303 562 4520 21304 561 4522 21305 511 4521 21306 561 4522 21307 512 198 21308 512 198 21309 561 4522 21310 560 198 21311 512 198 21312 560 198 21313 559 198 21314 512 198 21315 559 198 21316 513 198 21317 513 198 21318 559 198 21319 558 198 21320 513 198 21321 558 198 21322 514 4523 21323 514 4523 21324 558 198 21325 557 4524 21326 514 4523 21327 557 4524 21328 515 4525 21329 515 4525 21330 557 4524 21331 556 198 21332 515 4525 21333 556 198 21334 516 198 21335 516 198 21336 556 198 21337 555 4526 21338 516 198 21339 555 4526 21340 517 4527 21341 517 4527 21342 555 4526 21343 554 4528 21344 517 4527 21345 554 4528 21346 553 4529 21347 517 4527 21348 553 4529 21349 518 4530 21350 518 4530 21351 553 4529 21352 552 4531 21353 518 4530 21354 552 4531 21355 519 4532 21356 519 4532 21357 552 4531 21358 551 198 21359 519 4532 21360 551 198 21361 520 4533 21362 520 4533 21363 551 198 21364 550 4534 21365 520 4533 21366 550 4534 21367 521 4535 21368 521 4535 21369 550 4534 21370 549 198 21371 521 4535 21372 549 198 21373 522 198 21374 522 198 21375 549 198 21376 548 198 21377 522 198 21378 548 198 21379 523 198 21380 523 198 21381 548 198 21382 547 198 21383 523 198 21384 547 198 21385 546 4522 21386 523 198 21387 546 4522 21388 524 4536 21389 524 4536 21390 546 4522 21391 545 4537 21392 524 4536 21393 545 4537 21394 525 4538 21395 525 4538 21396 545 4537 21397 544 4518 21398 525 4538 21399 544 4518 21400 526 4517 21401 526 4517 21402 544 4518 21403 543 4516 21404 526 4517 21405 543 4516 21406 527 4515 21407 527 4515 21408 543 4516 21409 542 4539 21410 527 4515 21411 542 4539 21412 528 198 21413 528 198 21414 542 4539 21415 541 4540 21416 528 198 21417 541 4540 21418 529 4541 21419 529 4541 21420 541 4540 21421 540 4511 21422 529 4541 21423 540 4511 21424 539 4542 21425 529 4541 21426 539 4542 21427 530 4543 21428 530 4543 21429 539 4542 21430 538 198 21431 530 4543 21432 538 198 21433 531 198 21434 531 198 21435 538 198 21436 537 198 21437 531 198 21438 537 198 21439 532 198 21440 532 198 21441 537 198 21442 536 198 21443 532 198 21444 536 198 21445 533 198 21446 533 198 21447 536 198 21448 535 198 21449 533 198 21450 535 198 21451 501 198 21452 613 4544 21453 3609 4545 21454 573 4546 21455 573 4546 21456 3609 4545 21457 3608 4547 21458 573 4546 21459 3608 4547 21460 574 4548 21461 574 4548 21462 3608 4547 21463 3607 4549 21464 574 4548 21465 3607 4549 21466 575 4550 21467 575 4550 21468 3607 4549 21469 3606 4551 21470 575 4550 21471 3606 4551 21472 576 4552 21473 576 4552 21474 3606 4551 21475 3605 4553 21476 576 4552 21477 3605 4553 21478 577 4554 21479 577 4554 21480 3605 4553 21481 3604 4555 21482 577 4554 21483 3604 4555 21484 578 4556 21485 578 4556 21486 3604 4555 21487 3603 4557 21488 578 4556 21489 3603 4557 21490 579 4558 21491 579 4558 21492 3603 4557 21493 3602 4559 21494 579 4558 21495 3602 4559 21496 580 4560 21497 580 4560 21498 3602 4559 21499 3601 4561 21500 580 4560 21501 3601 4561 21502 581 4562 21503 581 4562 21504 3601 4561 21505 3600 4563 21506 581 4562 21507 3600 4563 21508 582 4564 21509 582 4564 21510 3600 4563 21511 3599 4565 21512 582 4564 21513 3599 4565 21514 583 4566 21515 583 4566 21516 3599 4565 21517 3505 4567 21518 583 4566 21519 3505 4567 21520 584 4568 21521 584 4568 21522 3505 4567 21523 3598 4569 21524 584 4568 21525 3598 4569 21526 585 4570 21527 585 4570 21528 3598 4569 21529 3597 4571 21530 585 4570 21531 3597 4571 21532 586 4572 21533 586 4572 21534 3597 4571 21535 3596 4573 21536 586 4572 21537 3596 4573 21538 587 4574 21539 587 4574 21540 3596 4573 21541 3595 4575 21542 587 4574 21543 3595 4575 21544 588 4576 21545 588 4576 21546 3595 4575 21547 3594 4577 21548 588 4576 21549 3594 4577 21550 589 4578 21551 589 4578 21552 3594 4577 21553 3593 4579 21554 589 4578 21555 3593 4579 21556 590 4580 21557 590 4580 21558 3593 4579 21559 3592 4581 21560 590 4580 21561 3592 4581 21562 591 4582 21563 591 4582 21564 3592 4581 21565 3591 4583 21566 591 4582 21567 3591 4583 21568 592 4584 21569 592 4584 21570 3591 4583 21571 3590 4585 21572 592 4584 21573 3590 4585 21574 593 4586 21575 593 4586 21576 3590 4585 21577 3589 4587 21578 593 4586 21579 3589 4587 21580 3588 4588 21581 3609 4545 21582 613 4544 21583 3610 4589 21584 3610 4589 21585 613 4544 21586 612 4590 21587 3610 4589 21588 612 4590 21589 3611 4591 21590 3611 4591 21591 612 4590 21592 611 4592 21593 3611 4591 21594 611 4592 21595 3612 4593 21596 3612 4593 21597 611 4592 21598 610 4594 21599 3612 4593 21600 610 4594 21601 3613 4595 21602 3613 4595 21603 610 4594 21604 609 4596 21605 3613 4595 21606 609 4596 21607 3614 4597 21608 3614 4597 21609 609 4596 21610 608 4598 21611 3614 4597 21612 608 4598 21613 3615 4599 21614 3615 4599 21615 608 4598 21616 607 4600 21617 3615 4599 21618 607 4600 21619 3616 4601 21620 3616 4601 21621 607 4600 21622 606 4602 21623 3616 4601 21624 606 4602 21625 3617 4603 21626 3617 4603 21627 606 4602 21628 605 4604 21629 3617 4603 21630 605 4604 21631 3618 4605 21632 3618 4605 21633 605 4604 21634 604 4606 21635 3618 4605 21636 604 4606 21637 3413 4607 21638 3413 4607 21639 604 4606 21640 603 4608 21641 3413 4607 21642 603 4608 21643 3579 4609 21644 3579 4609 21645 603 4608 21646 602 4610 21647 3579 4609 21648 602 4610 21649 3580 4611 21650 3580 4611 21651 602 4610 21652 601 4612 21653 3580 4611 21654 601 4612 21655 3581 4613 21656 3581 4613 21657 601 4612 21658 600 4614 21659 3581 4613 21660 600 4614 21661 3582 4615 21662 3582 4615 21663 600 4614 21664 599 4616 21665 3582 4615 21666 599 4616 21667 3583 4617 21668 3583 4617 21669 599 4616 21670 598 4618 21671 3583 4617 21672 598 4618 21673 3584 4619 21674 3584 4619 21675 598 4618 21676 597 4620 21677 3584 4619 21678 597 4620 21679 3585 4621 21680 3585 4621 21681 597 4620 21682 596 4622 21683 3585 4621 21684 596 4622 21685 3586 4623 21686 3586 4623 21687 596 4622 21688 595 4624 21689 3586 4623 21690 595 4624 21691 3587 4625 21692 3587 4625 21693 595 4624 21694 594 4626 21695 3587 4625 21696 594 4626 21697 3588 4588 21698 3588 4588 21699 594 4626 21700 593 4586 21701</p>
        </triangles>
      </mesh>
    </geometry>
  </library_geometries>
  <library_visual_scenes>
    <visual_scene id="Scene" name="Scene">
      <node id="calf_l" name="calf_l" type="NODE">
        <matrix sid="transform">1 0 0 0 0 1 0 0 0 0 1 0 0 0 0 1</matrix>
        <instance_geometry url="#calf_l-mesh" name="calf_l">
          <bind_material>
            <technique_common>
              <instance_material symbol="Opaque_38_83_143_-material" target="#Opaque_38_83_143_-material">
                <bind_vertex_input semantic="UVMap" input_semantic="TEXCOORD" input_set="0"/>
              </instance_material>
              <instance_material symbol="Opaque_63_63_63_-material" target="#Opaque_63_63_63_-material">
                <bind_vertex_input semantic="UVMap" input_semantic="TEXCOORD" input_set="0"/>
              </instance_material>
            </technique_common>
          </bind_material>
        </instance_geometry>
      </node>
    </visual_scene>
  </library_visual_scenes>
  <scene>
    <instance_visual_scene url="#Scene"/>
  </scene>
</COLLADA>