<?xml version="1.0" encoding="utf-8"?>
<COLLADA xmlns="http://www.collada.org/2005/11/COLLADASchema" version="1.4.1" xmlns:xsi="http://www.w3.org/2001/XMLSchema-instance">
  <asset>
    <contributor>
      <author>Blender User</author>
      <authoring_tool>Blender 4.3.2 commit date:2024-12-16, commit time:21:10, hash:32f5fdce0a0a</authoring_tool>
    </contributor>
    <created>2026-06-17T19:52:41</created>
    <modified>2026-06-17T19:52:41</modified>
    <unit name="meter" meter="1"/>
    <up_axis>Z_UP</up_axis>
  </asset>
  <library_effects>
    <effect id="Opaque_137_137_137_-effect">
      <profile_COMMON>
        <technique sid="common">
          <lambert>
            <emission>
              <color sid="emission">0 0 0 1</color>
            </emission>
            <diffuse>
              <color sid="diffuse">0.537255 0.537255 0.537255 1</color>
            </diffuse>
            <index_of_refraction>
              <float sid="ior">1.5</float>
            </index_of_refraction>
          </lambert>
        </technique>
      </profile_COMMON>
    </effect>
  </library_effects>
  <library_images/>
  <library_materials>
    <material id="Opaque_137_137_137_-material" name="Opaque(137,137,137)">
      <instance_effect url="#Opaque_137_137_137_-effect"/>
    </material>
  </library_materials>
  <library_geometries>
    <geometry id="hip_thigh_conn-mesh" name="hip_thigh_conn">
      <mesh>
        <source id="hip_thigh_conn-mesh-positions">
          <float_array id="hip_thigh_conn-mesh-positions-array" count="1929">-0.01444 -0.03319996 0.02849996 -0.01437199 -0.03319996 0.02910095 -0.01417297 -0.03319996 0.02967095 -0.01385098 -0.03319996 0.03018295 -0.01342296 -0.03319996 0.03061097 -0.01291096 -0.03319996 0.03093296 -0.01234096 -0.03319996 0.03113198 -0.01173996 -0.03319996 0.03119999 -0.01113897 -0.03319996 0.03113198 -0.01056897 -0.03319996 0.03093296 -0.01005697 -0.03319996 0.03061097 -0.009628951 -0.03319996 0.03018295 -0.009306967 -0.03319996 0.02967095 -0.009107947 -0.03319996 0.02910095 -0.009039998 -0.03319996 0.02849996 -0.009107947 -0.03319996 0.02789896 -0.009306967 -0.03319996 0.02732896 -0.009628951 -0.03319996 0.02681696 -0.01005697 -0.03319996 0.026389 -0.01056897 -0.03319996 0.02606695 -0.01113897 -0.03319996 0.02586799 -0.01173996 -0.03319996 0.02579998 -0.01234096 -0.03319996 0.02586799 -0.01291096 -0.03319996 0.02606695 -0.01342296 -0.03319996 0.026389 -0.01385098 -0.03319996 0.02681696 -0.01417297 -0.03319996 0.02732896 -0.01437199 -0.03319996 0.02789896 -0.01444 0.03399997 0.02849996 -0.01437199 0.03399997 0.02789896 -0.01417297 0.03399997 0.02732896 -0.01385098 0.03399997 0.02681696 -0.01342296 0.03399997 0.026389 -0.01291096 0.03399997 0.02606695 -0.01234096 0.03399997 0.02586799 -0.01173996 0.03399997 0.02579998 -0.01113897 0.03399997 0.02586799 -0.01056897 0.03399997 0.02606695 -0.01005697 0.03399997 0.026389 -0.009628951 0.03399997 0.02681696 -0.009306967 0.03399997 0.02732896 -0.009107947 0.03399997 0.02789896 -0.009039998 0.03399997 0.02849996 -0.009107947 0.03399997 0.02910095 -0.009306967 0.03399997 0.02967095 -0.009628951 0.03399997 0.03018295 -0.01005697 0.03399997 0.03061097 -0.01056897 0.03399997 0.03093296 -0.01113897 0.03399997 0.03113198 -0.01173996 0.03399997 0.03119999 -0.01234096 0.03399997 0.03113198 -0.01291096 0.03399997 0.03093296 -0.01342296 0.03399997 0.03061097 -0.01385098 0.03399997 0.03018295 -0.01417297 0.03399997 0.02967095 -0.01437199 0.03399997 0.02910095 -0.01444 0.02279996 0.02849996 -0.01444 0.01159995 0.02849996 -0.01444 4e-4 0.02849996 -0.01444 -0.0108 0.02849996 -0.01444 -0.02199995 0.02849996 -0.01437199 0.02279996 0.02910095 -0.01437199 0.01159995 0.02910095 -0.01437199 4e-4 0.02910095 -0.01437199 -0.0108 0.02910095 -0.01437199 -0.02199995 0.02910095 -0.01417297 0.02279996 0.02967095 -0.01417297 0.01159995 0.02967095 -0.01417297 4e-4 0.02967095 -0.01417297 -0.0108 0.02967095 -0.01417297 -0.02199995 0.02967095 -0.01385098 0.02279996 0.03018295 -0.01385098 0.01159995 0.03018295 -0.01385098 4e-4 0.03018295 -0.01385098 -0.0108 0.03018295 -0.01385098 -0.02199995 0.03018295 -0.01342296 0.02279996 0.03061097 -0.01342296 0.01159995 0.03061097 -0.01342296 4e-4 0.03061097 -0.01342296 -0.0108 0.03061097 -0.01342296 -0.02199995 0.03061097 -0.01291096 0.02279996 0.03093296 -0.01291096 0.01159995 0.03093296 -0.01291096 4e-4 0.03093296 -0.01291096 -0.0108 0.03093296 -0.01291096 -0.02199995 0.03093296 -0.01234096 0.02279996 0.03113198 -0.01234096 0.01159995 0.03113198 -0.01234096 4e-4 0.03113198 -0.01234096 -0.0108 0.03113198 -0.01234096 -0.02199995 0.03113198 -0.01173996 0.02279996 0.03119999 -0.01173996 0.01159995 0.03119999 -0.01173996 4e-4 0.03119999 -0.01173996 -0.0108 0.03119999 -0.01173996 -0.02199995 0.03119999 -0.01113897 0.02279996 0.03113198 -0.01113897 0.01159995 0.03113198 -0.01113897 4e-4 0.03113198 -0.01113897 -0.0108 0.03113198 -0.01113897 -0.02199995 0.03113198 -0.01056897 0.02279996 0.03093296 -0.01056897 0.01159995 0.03093296 -0.01056897 4e-4 0.03093296 -0.01056897 -0.0108 0.03093296 -0.01056897 -0.02199995 0.03093296 -0.01005697 0.02279996 0.03061097 -0.01005697 0.01159995 0.03061097 -0.01005697 4e-4 0.03061097 -0.01005697 -0.0108 0.03061097 -0.01005697 -0.02199995 0.03061097 -0.009628951 0.02279996 0.03018295 -0.009628951 0.01159995 0.03018295 -0.009628951 4e-4 0.03018295 -0.009628951 -0.0108 0.03018295 -0.009628951 -0.02199995 0.03018295 -0.009306967 0.02279996 0.02967095 -0.009306967 0.01159995 0.02967095 -0.009306967 4e-4 0.02967095 -0.009306967 -0.0108 0.02967095 -0.009306967 -0.02199995 0.02967095 -0.009107947 0.02279996 0.02910095 -0.009107947 0.01159995 0.02910095 -0.009107947 4e-4 0.02910095 -0.009107947 -0.0108 0.02910095 -0.009107947 -0.02199995 0.02910095 -0.009039998 0.02279996 0.02849996 -0.009039998 0.01159995 0.02849996 -0.009039998 4e-4 0.02849996 -0.009039998 -0.0108 0.02849996 -0.009039998 -0.02199995 0.02849996 -0.009107947 0.02279996 0.02789896 -0.009107947 0.01159995 0.02789896 -0.009107947 4e-4 0.02789896 -0.009107947 -0.0108 0.02789896 -0.009107947 -0.02199995 0.02789896 -0.009306967 0.02279996 0.02732896 -0.009306967 0.01159995 0.02732896 -0.009306967 4e-4 0.02732896 -0.009306967 -0.0108 0.02732896 -0.009306967 -0.02199995 0.02732896 -0.009628951 0.02279996 0.02681696 -0.009628951 0.01159995 0.02681696 -0.009628951 4e-4 0.02681696 -0.009628951 -0.0108 0.02681696 -0.009628951 -0.02199995 0.02681696 -0.01005697 0.02279996 0.026389 -0.01005697 0.01159995 0.026389 -0.01005697 4e-4 0.026389 -0.01005697 -0.0108 0.026389 -0.01005697 -0.02199995 0.026389 -0.01056897 0.02279996 0.02606695 -0.01056897 0.01159995 0.02606695 -0.01056897 4e-4 0.02606695 -0.01056897 -0.0108 0.02606695 -0.01056897 -0.02199995 0.02606695 -0.01113897 0.02279996 0.02586799 -0.01113897 0.01159995 0.02586799 -0.01113897 4e-4 0.02586799 -0.01113897 -0.0108 0.02586799 -0.01113897 -0.02199995 0.02586799 -0.01173996 0.02279996 0.02579998 -0.01173996 0.01159995 0.02579998 -0.01173996 4e-4 0.02579998 -0.01173996 -0.0108 0.02579998 -0.01173996 -0.02199995 0.02579998 -0.01234096 0.02279996 0.02586799 -0.01234096 0.01159995 0.02586799 -0.01234096 4e-4 0.02586799 -0.01234096 -0.0108 0.02586799 -0.01234096 -0.02199995 0.02586799 -0.01291096 0.02279996 0.02606695 -0.01291096 0.01159995 0.02606695 -0.01291096 4e-4 0.02606695 -0.01291096 -0.0108 0.02606695 -0.01291096 -0.02199995 0.02606695 -0.01342296 0.02279996 0.026389 -0.01342296 0.01159995 0.026389 -0.01342296 4e-4 0.026389 -0.01342296 -0.0108 0.026389 -0.01342296 -0.02199995 0.026389 -0.01385098 0.02279996 0.02681696 -0.01385098 0.01159995 0.02681696 -0.01385098 4e-4 0.02681696 -0.01385098 -0.0108 0.02681696 -0.01385098 -0.02199995 0.02681696 -0.01417297 0.02279996 0.02732896 -0.01417297 0.01159995 0.02732896 -0.01417297 4e-4 0.02732896 -0.01417297 -0.0108 0.02732896 -0.01417297 -0.02199995 0.02732896 -0.01437199 0.02279996 0.02789896 -0.01437199 0.01159995 0.02789896 -0.01437199 4e-4 0.02789896 -0.01437199 -0.0108 0.02789896 -0.01437199 -0.02199995 0.02789896 0 0.004999995 0 0 0.004931986 8.23e-4 0 0.004728972 0.001622974 0 0.004396975 0.002379953 0 0.003945946 0.00307095 0 0.003385961 0.003678977 0 0.002734959 0.004185974 0 0.002007961 0.004578948 0 0.001226961 0.00484699 0 4.13e-4 0.004982948 0 -4.13e-4 0.004982948 0 -0.001226961 0.00484699 0 -0.002007961 0.004578948 0 -0.002734959 0.004185974 0 -0.003385961 0.003678977 0 -0.003945946 0.00307095 0 -0.004396975 0.002379953 0 -0.004728972 0.001622974 0 -0.004931986 8.23e-4 0 -0.004999995 0 0 -0.004931986 -8.23e-4 0 -0.004728972 -0.001622974 0 -0.004396975 -0.002379953 0 -0.003945946 -0.00307095 0 -0.003385961 -0.003678977 0 -0.002734959 -0.004185974 0 -0.002007961 -0.004578948 0 -0.001226961 -0.00484699 0 -4.13e-4 -0.004982948 0 4.13e-4 -0.004982948 0 0.001226961 -0.00484699 0 0.002007961 -0.004578948 0 0.002734959 -0.004185974 0 0.003385961 -0.003678977 0 0.003945946 -0.00307095 0 0.004396975 -0.002379953 0 0.004728972 -0.001622974 0 0.004931986 -8.23e-4 -0.002539992 0.004999995 0 -0.002539992 0.004931986 -8.23e-4 -0.002539992 0.004728972 -0.001622974 -0.002539992 0.004396975 -0.002379953 -0.002539992 0.003945946 -0.00307095 -0.002539992 0.003385961 -0.003678977 -0.002539992 0.002734959 -0.004185974 -0.002539992 0.002007961 -0.004578948 -0.002539992 0.001226961 -0.00484699 -0.002539992 4.13e-4 -0.004982948 -0.002539992 -4.13e-4 -0.004982948 -0.002539992 -0.001226961 -0.00484699 -0.002539992 -0.002007961 -0.004578948 -0.002539992 -0.002734959 -0.004185974 -0.002539992 -0.003385961 -0.003678977 -0.002539992 -0.003945946 -0.00307095 -0.002539992 -0.004396975 -0.002379953 -0.002539992 -0.004728972 -0.001622974 -0.002539992 -0.004931986 -8.23e-4 -0.002539992 -0.004999995 0 -0.002539992 -0.004931986 8.23e-4 -0.002539992 -0.004728972 0.001622974 -0.002539992 -0.004396975 0.002379953 -0.002539992 -0.003945946 0.00307095 -0.002539992 -0.003385961 0.003678977 -0.002539992 -0.002734959 0.004185974 -0.002539992 -0.002007961 0.004578948 -0.002539992 -0.001226961 0.00484699 -0.002539992 -4.13e-4 0.004982948 -0.002539992 4.13e-4 0.004982948 -0.002539992 0.001226961 0.00484699 -0.002539992 0.002007961 0.004578948 -0.002539992 0.002734959 0.004185974 -0.002539992 0.003385961 0.003678977 -0.002539992 0.003945946 0.00307095 -0.002539992 0.004396975 0.002379953 -0.002539992 0.004728972 0.001622974 -0.002539992 0.004931986 8.23e-4 -0.02274 -0.03319996 0.03549998 -0.02274 -0.03319996 0.03159296 -0.02080696 -0.03319996 0.03045696 -0.01894795 -0.03319996 0.02920299 -0.01717096 -0.03319996 0.02783596 -0.01548194 -0.03319996 0.02635997 -0.01388895 -0.03319996 0.02478295 -0.01239597 -0.03319996 0.02310895 -0.011011 -0.03319996 0.02134597 -0.009738981 -0.03319996 0.01949995 -0.007289946 -0.03319996 0.01949995 -0.007289946 -0.03319996 -0.02249997 -0.03999996 -0.03319996 -0.02249997 -0.04174995 -0.03319996 -0.02243196 -0.04348897 -0.03319996 -0.022228 -0.04520595 -0.03319996 -0.02188897 -0.046893 -0.03319996 -0.02141797 -0.04853695 -0.03319996 -0.02081698 -0.05012995 -0.03319996 -0.02009099 -0.05166196 -0.03319996 -0.01924198 -0.05312299 -0.03319996 -0.01827698 -0.05450397 -0.03319996 -0.017201 -0.05579799 -0.03319996 -0.01602095 -0.05699598 -0.03319996 -0.01474499 -0.05809098 -0.03319996 -0.01337796 -0.05907595 -0.03319996 -0.011931 -0.059946 -0.03319996 -0.01041197 -0.06069499 -0.03319996 -0.008828997 -0.06131899 -0.03319996 -0.007192969 -0.06181395 -0.03319996 -0.005513966 -0.062177 -0.03319996 -0.003800988 -0.06240499 -0.03319996 -0.002064943 -0.06249797 -0.03319996 -3.17e-4 -0.06245398 -0.03319996 0.001433968 -0.06227499 -0.03319996 0.00317496 -0.06195998 -0.03319996 0.004897952 -0.06151294 -0.03319996 0.006590962 -0.06093496 -0.03319996 0.008243978 -0.06023097 -0.03319996 0.009845972 -0.05940395 -0.03319996 0.01138997 -0.05845999 -0.03319996 0.01286399 -0.05740398 -0.03319996 0.01426094 -0.04600095 -0.03319996 0.02817595 -0.04493296 -0.03319996 0.02937698 -0.04377198 -0.03319996 0.03048896 -0.04252594 -0.03319996 0.03150397 -0.04120194 -0.03319996 0.03241598 -0.03980898 -0.03319996 0.03321796 -0.03835594 -0.03319996 0.03390598 -0.03685295 -0.03319996 0.03447496 -0.035308 -0.03319996 0.03492099 -0.03373295 -0.03319996 0.03524196 -0.03213798 -0.03319996 0.03543496 -0.03053098 -0.03319996 0.03549998 -0.002539992 -0.02844995 0.01949995 -0.002597987 -0.02919298 0.01949995 -0.002771973 -0.02991795 0.01949995 -0.003057956 -0.03060698 0.01949995 -0.003446996 -0.03124195 0.01949995 -0.003930985 -0.03180897 0.01949995 -0.004497945 -0.03229296 0.01949995 -0.005132973 -0.032682 0.01949995 -0.005821943 -0.03296798 0.01949995 -0.006546974 -0.03314197 0.01949995 -0.009738981 0.03399997 0.01949995 -0.007289946 0.03399997 0.01949995 -0.006546974 0.03394198 0.01949995 -0.005821943 0.03376799 0.01949995 -0.005132973 0.03348195 0.01949995 -0.004497945 0.03309297 0.01949995 -0.003930985 0.03260898 0.01949995 -0.003446996 0.03204196 0.01949995 -0.003057956 0.03140699 0.01949995 -0.002771973 0.03071796 0.01949995 -0.002597987 0.02999299 0.01949995 -0.002539992 0.02924996 0.01949995 -0.02274 0.03399997 0.03549998 -0.02274 0.03399997 0.03159296 -0.02080696 0.03399997 0.03045696 -0.01894795 0.03399997 0.02920299 -0.01717096 0.03399997 0.02783596 -0.01548194 0.03399997 0.02635997 -0.01388895 0.03399997 0.02478295 -0.01239597 0.03399997 0.02310895 -0.011011 0.03399997 0.02134597 -0.011011 4e-4 0.02134597 -0.01239597 4e-4 0.02310895 -0.01388895 4e-4 0.02478295 -0.01548194 4e-4 0.02635997 -0.01717096 4e-4 0.02783596 -0.01894795 4e-4 0.02920299 -0.02080696 4e-4 0.03045696 -0.03053098 0.03653997 0.03549998 -0.03213798 0.03653997 0.03543496 -0.03373295 0.03653997 0.03524196 -0.035308 0.03653997 0.03492099 -0.03685295 0.03653997 0.03447496 -0.03835594 0.03653997 0.03390598 -0.03980898 0.03653997 0.03321796 -0.04120194 0.03653997 0.03241598 -0.04252594 0.03653997 0.03150397 -0.04377198 0.03653997 0.03048896 -0.04493296 0.03653997 0.02937698 -0.04600095 0.03653997 0.02817595 -0.04600095 0.03399997 0.02817595 -0.04493296 0.03399997 0.02937698 -0.04377198 0.03399997 0.03048896 -0.04252594 0.03399997 0.03150397 -0.04120194 0.03399997 0.03241598 -0.03980898 0.03399997 0.03321796 -0.03835594 0.03399997 0.03390598 -0.03685295 0.03399997 0.03447496 -0.035308 0.03399997 0.03492099 -0.03373295 0.03399997 0.03524196 -0.03213798 0.03399997 0.03543496 -0.03053098 0.03399997 0.03549998 -0.05740398 0.03399997 0.01426094 -0.05845999 0.03399997 0.01286399 -0.05940395 0.03399997 0.01138997 -0.06023097 0.03399997 0.009845972 -0.06093496 0.03399997 0.008243978 -0.06151294 0.03399997 0.006590962 -0.06195998 0.03399997 0.004897952 -0.06227499 0.03399997 0.00317496 -0.06245398 0.03399997 0.001433968 -0.06249797 0.03399997 -3.17e-4 -0.06240499 0.03399997 -0.002064943 -0.062177 0.03399997 -0.003800988 -0.06181395 0.03399997 -0.005513966 -0.06131899 0.03399997 -0.007192969 -0.06069499 0.03399997 -0.008828997 -0.059946 0.03399997 -0.01041197 -0.05907595 0.03399997 -0.011931 -0.05809098 0.03399997 -0.01337796 -0.05699598 0.03399997 -0.01474499 -0.05579799 0.03399997 -0.01602095 -0.05450397 0.03399997 -0.017201 -0.05312299 0.03399997 -0.01827698 -0.05166196 0.03399997 -0.01924198 -0.05012995 0.03399997 -0.02009099 -0.04853695 0.03399997 -0.02081698 -0.046893 0.03399997 -0.02141797 -0.04520595 0.03399997 -0.02188897 -0.04348897 0.03399997 -0.022228 -0.04174995 0.03399997 -0.02243196 -0.03999996 0.03399997 -0.02249997 -0.007289946 0.03399997 -0.02249997 -0.04600095 -0.03573995 0.02817595 -0.04493296 -0.03573995 0.02937698 -0.04377198 -0.03573995 0.03048896 -0.04252594 -0.03573995 0.03150397 -0.04120194 -0.03573995 0.03241598 -0.03980898 -0.03573995 0.03321796 -0.03835594 -0.03573995 0.03390598 -0.03685295 -0.03573995 0.03447496 -0.035308 -0.03573995 0.03492099 -0.03373295 -0.03573995 0.03524196 -0.03213798 -0.03573995 0.03543496 -0.03053098 -0.03573995 0.03549998 -0.05740398 -0.03573995 0.01426094 -0.05845999 -0.03573995 0.01286399 -0.05940395 -0.03573995 0.01138997 -0.06023097 -0.03573995 0.009845972 -0.06093496 -0.03573995 0.008243978 -0.06151294 -0.03573995 0.006590962 -0.06195998 -0.03573995 0.004897952 -0.06227499 -0.03573995 0.00317496 -0.06245398 -0.03573995 0.001433968 -0.06249797 -0.03573995 -3.17e-4 -0.06240499 -0.03573995 -0.002064943 -0.062177 -0.03573995 -0.003800988 -0.06181395 -0.03573995 -0.005513966 -0.06131899 -0.03573995 -0.007192969 -0.06069499 -0.03573995 -0.008828997 -0.059946 -0.03573995 -0.01041197 -0.05907595 -0.03573995 -0.011931 -0.05809098 -0.03573995 -0.01337796 -0.05699598 -0.03573995 -0.01474499 -0.05579799 -0.03573995 -0.01602095 -0.05450397 -0.03573995 -0.017201 -0.05312299 -0.03573995 -0.01827698 -0.05166196 -0.03573995 -0.01924198 -0.05012995 -0.03573995 -0.02009099 -0.04853695 -0.03573995 -0.02081698 -0.046893 -0.03573995 -0.02141797 -0.04520595 -0.03573995 -0.02188897 -0.04348897 -0.03573995 -0.022228 -0.04174995 -0.03573995 -0.02243196 -0.03999996 -0.03573995 -0.02249997 -0.007289946 -0.03573995 -0.02249997 -0.007289946 -0.03573995 0.03549998 -0.007289946 -0.03319996 0.03549998 -0.006338 -0.03567796 0.03549998 -0.005402982 -0.035492 0.03549998 -0.004499971 -0.03518497 0.03549998 -0.003644943 -0.03476297 0.03549998 -0.002851963 -0.03423398 0.03549998 -0.002134978 -0.03360497 0.03549998 -0.00150597 -0.03288799 0.03549998 -9.77e-4 -0.03209495 0.03549998 -5.55e-4 -0.03123998 0.03549998 -2.48e-4 -0.03033697 0.03549998 -6.2e-5 -0.02940195 0.03549998 0 -0.02844995 0.03549998 -0.002539992 -0.02844995 0.03549998 0 0.02924996 0.03549998 -0.002539992 0.02924996 0.03549998 -6.2e-5 0.03020197 0.03549998 -2.48e-4 0.03113698 0.03549998 -5.55e-4 0.03203999 0.03549998 -9.77e-4 0.03289496 0.03549998 -0.00150597 0.03368794 0.03549998 -0.002134978 0.03440499 0.03549998 -0.002851963 0.035034 0.03549998 -0.003644943 0.03556299 0.03549998 -0.004499971 0.03598499 0.03549998 -0.005402982 0.03629195 0.03549998 -0.006338 0.03647798 0.03549998 -0.007289946 0.03653997 0.03549998 -0.007289946 0.03399997 0.03549998 -0.05740398 0.03653997 0.01426094 -0.05845999 0.03653997 0.01286399 -0.05940395 0.03653997 0.01138997 -0.06023097 0.03653997 0.009845972 -0.06093496 0.03653997 0.008243978 -0.06151294 0.03653997 0.006590962 -0.06195998 0.03653997 0.004897952 -0.06227499 0.03653997 0.00317496 -0.06245398 0.03653997 0.001433968 -0.06249797 0.03653997 -3.17e-4 -0.06240499 0.03653997 -0.002064943 -0.062177 0.03653997 -0.003800988 -0.06181395 0.03653997 -0.005513966 -0.06131899 0.03653997 -0.007192969 -0.06069499 0.03653997 -0.008828997 -0.059946 0.03653997 -0.01041197 -0.05907595 0.03653997 -0.011931 -0.05809098 0.03653997 -0.01337796 -0.05699598 0.03653997 -0.01474499 -0.05579799 0.03653997 -0.01602095 -0.05450397 0.03653997 -0.017201 -0.05312299 0.03653997 -0.01827698 -0.05166196 0.03653997 -0.01924198 -0.05012995 0.03653997 -0.02009099 -0.04853695 0.03653997 -0.02081698 -0.046893 0.03653997 -0.02141797 -0.04520595 0.03653997 -0.02188897 -0.04348897 0.03653997 -0.022228 -0.04174995 0.03653997 -0.02243196 -0.03999996 0.03653997 -0.02249997 -0.007289946 0.03653997 -0.02249997 -0.006338 -0.03567796 -0.02249997 -0.005402982 -0.035492 -0.02249997 -0.004499971 -0.03518497 -0.02249997 -0.003644943 -0.03476297 -0.02249997 -0.002851963 -0.03423398 -0.02249997 -0.002134978 -0.03360497 -0.02249997 -0.00150597 -0.03288799 -0.02249997 -9.77e-4 -0.03209495 -0.02249997 -5.55e-4 -0.03123998 -0.02249997 -2.48e-4 -0.03033697 -0.02249997 -6.2e-5 -0.02940195 -0.02249997 0 -0.02844995 -0.02249997 -0.006338 -0.03567796 -0.003166973 -0.006338 -0.03567796 0.01616698 -0.005402982 -0.035492 -0.003166973 -0.005402982 -0.035492 0.01616698 -0.004499971 -0.03518497 -0.003166973 -0.004499971 -0.03518497 0.01616698 -0.003644943 -0.03476297 -0.003166973 -0.003644943 -0.03476297 0.01616698 -0.002851963 -0.03423398 -0.003166973 -0.002851963 -0.03423398 0.01616698 -0.002134978 -0.03360497 -0.003166973 -0.002134978 -0.03360497 0.01616698 -0.00150597 -0.03288799 -0.003166973 -0.00150597 -0.03288799 0.01616698 -9.77e-4 -0.03209495 -0.003166973 -9.77e-4 -0.03209495 0.01616698 -5.55e-4 -0.03123998 -0.003166973 -5.55e-4 -0.03123998 0.01616698 -2.48e-4 -0.03033697 -0.003166973 -2.48e-4 -0.03033697 0.01616698 -6.2e-5 -0.02940195 -0.003166973 -6.2e-5 -0.02940195 0.01616698 -0.006546974 -0.03314197 -0.02249997 -0.005821943 -0.03296798 -0.02249997 -0.005132973 -0.032682 -0.02249997 -0.004497945 -0.03229296 -0.02249997 -0.003930985 -0.03180897 -0.02249997 -0.003446996 -0.03124195 -0.02249997 -0.003057956 -0.03060698 -0.02249997 -0.002771973 -0.02991795 -0.02249997 -0.002597987 -0.02919298 -0.02249997 -0.002539992 -0.02844995 -0.02249997 -0.006464958 -0.03312796 0.005499958 -0.006464958 -0.03312796 -0.008499979 -0.005664944 -0.03291398 0.005499958 -0.005664944 -0.03291398 -0.008499979 -0.004914999 -0.03256398 0.005499958 -0.004914999 -0.03256398 -0.008499979 -0.004236996 -0.03208899 0.005499958 -0.004236996 -0.03208899 -0.008499979 -0.003650963 -0.03150296 0.005499958 -0.003650963 -0.03150296 -0.008499979 -0.003175973 -0.03082495 0.005499958 -0.003175973 -0.03082495 -0.008499979 -0.002825975 -0.03007495 0.005499958 -0.002825975 -0.03007495 -0.008499979 -0.002611994 -0.029275 0.005499958 -0.002611994 -0.029275 -0.008499979 0 0.02924996 -0.02249997 -6.2e-5 0.03020197 -0.02249997 -2.48e-4 0.03113698 -0.02249997 -5.55e-4 0.03203999 -0.02249997 -9.77e-4 0.03289496 -0.02249997 -0.00150597 0.03368794 -0.02249997 -0.002134978 0.03440499 -0.02249997 -0.002851963 0.035034 -0.02249997 -0.003644943 0.03556299 -0.02249997 -0.004499971 0.03598499 -0.02249997 -0.005402982 0.03629195 -0.02249997 -0.006338 0.03647798 -0.02249997 -0.006338 0.03647798 0.01616698 -0.006338 0.03647798 -0.003166973 -0.005402982 0.03629195 0.01616698 -0.005402982 0.03629195 -0.003166973 -0.004499971 0.03598499 0.01616698 -0.004499971 0.03598499 -0.003166973 -0.003644943 0.03556299 0.01616698 -0.003644943 0.03556299 -0.003166973 -0.002851963 0.035034 0.01616698 -0.002851963 0.035034 -0.003166973 -0.002134978 0.03440499 0.01616698 -0.002134978 0.03440499 -0.003166973 -0.00150597 0.03368794 0.01616698 -0.00150597 0.03368794 -0.003166973 -9.77e-4 0.03289496 0.01616698 -9.77e-4 0.03289496 -0.003166973 -5.55e-4 0.03203999 0.01616698 -5.55e-4 0.03203999 -0.003166973 -2.48e-4 0.03113698 0.01616698 -2.48e-4 0.03113698 -0.003166973 -6.2e-5 0.03020197 0.01616698 -6.2e-5 0.03020197 -0.003166973 -0.002539992 0.02924996 -0.02249997 -0.002597987 0.02999299 -0.02249997 -0.002771973 0.03071796 -0.02249997 -0.003057956 0.03140699 -0.02249997 -0.003446996 0.03204196 -0.02249997 -0.003930985 0.03260898 -0.02249997 -0.004497945 0.03309297 -0.02249997 -0.005132973 0.03348195 -0.02249997 -0.005821943 0.03376799 -0.02249997 -0.006546974 0.03394198 -0.02249997 -0.002611994 0.03007495 0.005499958 -0.002611994 0.03007495 -0.008499979 -0.002825975 0.03087496 0.005499958 -0.002825975 0.03087496 -0.008499979 -0.003175973 0.03162497 0.005499958 -0.003175973 0.03162497 -0.008499979 -0.003650963 0.03230297 0.005499958 -0.003650963 0.03230297 -0.008499979 -0.004236996 0.03288894 0.005499958 -0.004236996 0.03288894 -0.008499979 -0.004914999 0.03336399 0.005499958 -0.004914999 0.03336399 -0.008499979 -0.005664944 0.03371399 0.005499958 -0.005664944 0.03371399 -0.008499979 -0.006464958 0.03392797 0.005499958 -0.006464958 0.03392797 -0.008499979</float_array>
          <technique_common>
            <accessor source="#hip_thigh_conn-mesh-positions-array" count="643" stride="3">
              <param name="X" type="float"/>
              <param name="Y" type="float"/>
              <param name="Z" type="float"/>
            </accessor>
          </technique_common>
        </source>
        <source id="hip_thigh_conn-mesh-normals">
          <float_array id="hip_thigh_conn-mesh-normals-array" count="2631">0 1 -6.95297e-6 0 1 5.03315e-6 0 1 -4.15395e-6 0 1 4.30893e-6 0 1 -3.84461e-6 0 1 5.54336e-6 0 1 -5.76792e-6 0 1 3.68939e-6 0 1 0 0 1 -8.4149e-7 0 1 -2.43013e-7 0 1 -4.35591e-6 0 1 1.85821e-7 0 1 4.26855e-6 0 1 0 0 1 5.76792e-6 0 1 -3.68939e-6 0 1 0 0 1 2.58915e-7 0 1 1.45808e-7 0 1 3.05904e-6 0 -1 -3.91897e-6 0 -1 1.30598e-6 0 -1 -4.12699e-6 0 -1 4.32755e-6 0 -1 2.32139e-7 0 -1 2.09477e-6 0 -1 -1.38584e-7 0 -1 -1.58176e-6 0 -1 0 0 -1 3.88389e-6 0 -1 -2.24332e-6 0 -1 6.62088e-6 0 -1 -9.56444e-6 0 -1 1.767e-6 0 -1 1.49938e-5 0 -1 1.46221e-5 0 -1 0 0 -1 1.38584e-7 0 -1 1.58176e-6 0 -1 0 0 -1 -3.30131e-6 0 -1 -2.43013e-7 0 -1 -2.87094e-6 0 -1 -1.24064e-6 0 -1 1.10387e-5 0 -1 -1.49938e-5 0 -1 -1.46221e-5 0.9749547 0 -0.222404 0.9749547 0 -0.2224036 1 0 -9.88096e-7 1 0 0 0.9749547 0 0.2224034 0.9749547 0 0.2224035 0.9010344 0 0.4337477 0.9010348 0 0.4337468 0.7820234 -4.38298e-7 0.6232491 0.7817052 0 0.6236482 0.6236486 0 0.7817049 0.623646 0 0.781707 0.4337453 0 0.9010356 0.4337463 0 0.9010351 0.222402 0 0.974955 0.2224031 0 0.9749548 9.88096e-7 0 1 0 0 1 -0.2224041 0 0.9749547 -0.2224031 0 0.9749548 -0.4337474 0 0.9010345 -0.4337466 0 0.9010349 -0.6236448 0 0.7817079 -0.623648 0 0.7817053 -0.7817049 0 0.6236486 -0.7817065 0 0.6236464 -0.9010351 0 0.4337463 -0.9010348 0 0.4337469 -0.9749547 0 0.222404 -0.9749547 0 0.2224036 -1 0 9.88096e-7 -1 0 0 -0.9749547 0 -0.2224034 -0.9749547 0 -0.2224035 -0.9010344 0 -0.4337477 -0.9010348 0 -0.4337468 -0.7817046 0 -0.623649 -0.7817047 0 -0.6236488 -0.623649 0 -0.7817045 -0.6236472 0 -0.781706 -0.4337488 0 -0.9010338 -0.4337483 0 -0.9010342 -0.222402 0 -0.974955 -0.2224031 0 -0.9749548 -9.88096e-7 0 -1 0 0 -1 0.2224041 0 -0.9749547 0.2224031 0 -0.9749548 0.4337471 0 -0.9010347 0.4337478 0 -0.9010343 0.623645 0 -0.7817077 0.6236473 0 -0.7817059 0.781705 0 -0.6236484 0.9010351 0 -0.4337463 0.9010348 0 -0.4337469 0.9749547 0 0.2224039 0.9749547 0 0.2224036 1 0 9.92869e-7 1 0 0 0.9749549 0 -0.2224033 0.9749547 0 -0.2224036 0.9010345 0 -0.4337475 0.9010349 0 -0.4337468 0.781705 0 -0.6236484 0.6236495 0 -0.7817042 0.6236473 0 -0.781706 0.4337486 0 -0.9010339 0.4337478 0 -0.9010343 0.2224021 0 -0.974955 1.02628e-6 0 -1 0 0 -1 -0.2224041 0 -0.9749547 -0.2224031 0 -0.9749548 -0.4337475 0 -0.9010345 -0.4337483 0 -0.9010342 -0.6236451 0 -0.7817077 -0.7817048 0 -0.6236487 -0.7817047 0 -0.6236488 -0.9010351 0 -0.433746 -0.9010349 0 -0.4337468 -0.9749547 0 -0.2224039 -0.9749547 0 -0.2224036 -1 0 -9.92869e-7 -1 0 0 -0.9749549 0 0.2224033 -0.9010345 0 0.4337475 -0.9010344 0 0.4337478 -0.7817065 0 0.6236466 -0.781705 0 0.6236485 -0.6233989 0 0.7819041 -0.6236484 0 0.7817051 -0.433749 0 0.9010338 -0.4337483 0 0.9010342 -0.2224021 0 0.974955 -1.02628e-6 0 1 0 0 1 0.2224041 0 0.9749547 0.2224031 0 0.9749548 0.4337472 0 0.9010347 0.4337478 0 0.9010344 0.6236452 0 0.7817075 0.6236484 0 0.7817051 0.7819055 0 0.6233971 0.7817053 0 0.6236481 0.9010342 0 0.4337481 0.9010344 0 0.4337478 1 0 0 0.9010349 0 0.4337469 0.7817069 0 0.6236461 0.6236495 0 0.7817042 0.4337478 0 0.9010343 0.2224031 0 0.9749548 0 0 1 -0.2224031 0 0.9749549 -0.4337466 0 0.901035 -0.6236458 0 0.7817071 -0.781704 0 0.6236496 -0.9010343 0 0.4337478 -0.9749547 0 0.2224036 -1 0 0 -0.9010349 0 -0.4337469 -0.7817046 0 -0.6236488 -0.6236472 0 -0.7817061 -0.4337483 0 -0.9010342 -0.2224031 0 -0.9749548 0 0 -1 0.2224031 0 -0.9749549 0.6236472 0 -0.781706 0.9010348 0 -0.4337468 0.9749547 0 -0.2224036 1 0 0 0.9010343 0 0.4337478 0.7817044 0 0.6236492 0.4337462 0 0.9010351 0 0 1 -0.2224031 0 0.9749548 -0.4337483 0 0.9010342 -0.6236495 0 0.7817042 -0.9010349 0 0.4337469 -1 0 0 -0.9749547 0 -0.2224036 -0.6236471 0 -0.781706 0 0 -1 0.2224031 0 -0.9749548 0.9010349 0 -0.4337469 0.6236495 0 0.7817041 0 0 1 -0.6236458 0 0.7817071 -0.781704 0 0.6236497 -1 0 0 -0.4337482 0 -0.9010341 0 0 -1 0.4337479 0 -0.9010343 0 -0.9863413 -0.1647149 0 -0.9863407 -0.1647188 0 -1 1.78956e-6 0 -1 -1.78956e-6 0 -0.9863407 0.1647188 0 -0.9863413 0.1647149 0 -0.9457471 0.3249038 0 -0.9457485 0.3248998 0 -0.8795955 0.4757226 0 -0.8795977 0.4757186 0 -0.7891991 0.6141375 0 -0.7892021 0.6141337 0 -0.6772907 0.7357155 0 -0.6772941 0.7357125 0 -0.5468764 0.8372134 0 -0.5468798 0.8372113 0 -0.4014207 0.9158938 0 -0.4014247 0.9158922 0 -0.245515 0.9693928 0 -0.2455191 0.9693918 0 -0.08267694 0.9965764 0 -0.08268123 0.9965761 0 0.08268123 0.9965761 0 0.08267694 0.9965764 0 0.2455191 0.9693918 0 0.245515 0.9693928 0 0.4014247 0.9158922 0 0.4014207 0.9158938 0 0.5468798 0.8372113 0 0.5468764 0.8372134 0 0.6772941 0.7357125 0 0.6772907 0.7357155 0 0.7892021 0.6141337 0 0.7891991 0.6141375 0 0.8795977 0.4757186 0 0.8795955 0.4757226 0 0.9457485 0.3248998 0 0.9457471 0.3249038 0 0.9863413 0.1647149 0 0.9863407 0.1647188 0 1 -1.78956e-6 0 1 1.78956e-6 0 0.9863407 -0.1647188 0 0.9863413 -0.1647149 0 0.9457471 -0.3249038 0 0.9457485 -0.3248998 0 0.8795955 -0.4757226 0 0.8795977 -0.4757186 0 0.7891991 -0.6141375 0 0.7892021 -0.6141337 0 0.6772907 -0.7357155 0 0.6772941 -0.7357125 0 0.5468764 -0.8372134 0 0.5468798 -0.8372113 0 0.4014207 -0.9158938 0 0.4014247 -0.9158922 0 0.245515 -0.9693928 0 0.2455191 -0.9693918 0 0.08267694 -0.9965764 0 0.08268123 -0.9965761 0 -0.08268123 -0.9965761 0 -0.08267694 -0.9965764 0 -0.2455191 -0.9693918 0 -0.245515 -0.9693928 0 -0.4014247 -0.9158922 0 -0.4014207 -0.9158938 0 -0.5468798 -0.8372113 0 -0.5468764 -0.8372134 0 -0.6772941 -0.7357125 0 -0.6772907 -0.7357155 0 -0.7892021 -0.6141337 0 -0.7891991 -0.6141375 0 -0.8795977 -0.4757186 0 -0.8795955 -0.4757226 0 -0.9457485 -0.3248998 0 -0.9457471 -0.3249038 0 1 1.97577e-6 0 1 -7.29305e-6 0 1 -1.20065e-6 0 1 -4.60253e-6 0 1 7.07906e-6 0 1 1.56567e-6 0 1 4.68891e-6 0 1 -2.97871e-6 0 1 -1.14281e-6 0 1 0 0 1 3.87371e-7 0 1 0 0 1 2.60443e-6 0 1 -2.9621e-6 0 1 -1.02262e-6 0 1 1.83539e-6 0 1 2.90952e-7 0 1 -2.70542e-7 0 1 -3.03725e-7 -6.59376e-7 1 -1.56285e-6 -1.24797e-5 1 2.58315e-4 0 1 0 0 1 0 0 1 8.0399e-7 0 1 1.25486e-7 0 1 0 0 1 -3.93548e-7 0 1 0 0 1 0 0 1 2.73743e-7 0 1 0 0 1 -1.41502e-7 0 1 0 0 1 0 0 1 0 0 1 0 0 1 1.88978e-7 0 1 0 0 1 2.13862e-7 0 1 0 0 1 0 0 1 0 0 1 5.14866e-7 0 1 -2.03091e-7 0 1 0 0 1 -5.38431e-7 0 1 -6.11856e-7 0 1 9.46314e-7 -1.36227e-5 0 -1 3.53572e-6 0 -1 6.01527e-6 0 -1 -1.11449e-5 0 -1 1.0326e-6 0 -1 6.02355e-6 0 -1 4.54094e-6 0 -1 -1.92245e-6 0 -1 6.38492e-6 0 -1 -6.81141e-6 0 -1 -2.13926e-6 0 -1 3.00109e-6 0 -1 -1.89407e-6 0 -1 3.04278e-6 0 -1 0 0 -1 8.63066e-7 0 -1 0 0 -1 -2.98546e-7 0 -1 0 0 -1 1.28705e-7 0 -1 -1 0 0 -0.8405907 0 -0.5416709 -0.8405907 0 -0.5416709 -0.8052975 0 -0.5928711 -0.7667067 0 -0.6419976 -0.7667063 0 -0.6419982 -0.7252652 0 -0.6884697 -0.7252652 0 -0.6884697 -0.6811091 0 -0.732182 -0.681109 0 -0.7321822 -0.6341912 0 -0.7731764 -0.6341911 0 -0.7731764 -0.5847595 0 -0.8112067 -0.5847596 0 -0.8112067 -0.5332024 0 -0.8459877 -0.5332018 0 -0.8459881 -0.4794366 0 -0.8775765 -0.4794366 0 -0.8775765 -0.5332019 0 -0.845988 -0.5847595 0 -0.8112068 -0.634191 0 -0.7731765 -0.6811085 0 -0.7321825 -0.7252648 0 -0.6884701 -0.7667068 0 -0.6419975 -0.8052979 0 -0.5928705 -5.58048e-6 0 1 3.99351e-6 7.74248e-7 1 -0.08033692 0 0.9967678 -0.08033484 0 0.996768 -0.1600447 0 0.9871098 -0.1600449 0 0.9871097 -0.2387152 0 0.9710897 -0.2387165 0 0.9710893 -0.3159602 0 0.9487726 -0.3159596 0 0.9487727 -0.3913189 0 0.9202553 -0.3913174 0 0.9202559 -0.4638254 0 0.8859267 -0.4638237 0 0.8859275 -0.5335442 0 0.8457722 -0.5335427 0 0.8457732 -0.5999065 0 0.8000702 -0.5999066 0 0.8000701 -0.6621727 0 0.7493513 -0.6621732 0 0.7493509 -0.7200649 0 0.6939067 -0.7200659 0 0.6939057 -0.7734962 0 0.6338009 -0.7734904 0 0.6338081 0 -1 -3.64653e-6 0 -1 0 0 -1 9.75552e-7 0 -1 2.63924e-7 0 -1 5.75317e-7 0 -1 -2.86809e-6 0 -1 6.29435e-6 0 -1 6.96043e-7 0 -1 -8.30338e-7 0 -1 -1.58759e-7 0 -1 -2.61281e-7 0 -1 1.10143e-6 0 -1 3.31102e-7 0 -1 0 0 -1 0 0 -1 1.17298e-6 0 -1 3.0266e-6 0 -1 -1.6001e-7 0 -1 0 0 -1 3.00963e-7 0 -1 0 0 -1 -2.72345e-7 0 -1 -1.21296e-7 0 -1 0 0 -1 2.32268e-7 0 -1 -2.57498e-7 0 -1 1.34346e-7 0 -1 0 0 -1 -2.42228e-7 0 -1 0 0 -1 2.44606e-7 0 -1 2.3106e-7 0 -1 -3.29309e-7 0 -1 -1.34152e-7 0 -1 -2.12064e-7 0 -1 -4.79566e-7 0 -1 -1.69508e-7 0 -1 -1.60798e-7 0 -1 0 0 -1 0 -2.05562e-5 -1 -2.5856e-4 -1.07959e-5 -1 -1.34375e-5 0 -1 -3.59252e-6 0 -1 9.13625e-7 0 -1 1.50783e-6 0 -1 0 0 -1 -3.2412e-7 1.2232e-5 0 1 -1.18017e-5 7.73623e-7 1 -0.08033692 0 0.9967678 -0.0803349 0 0.996768 -0.160045 0 0.9871097 -0.2387156 0 0.9710896 -0.2387166 0 0.9710893 -0.3159607 0 0.9487723 -0.3159597 0 0.9487726 -0.3913192 0 0.9202551 -0.5335429 0 0.845773 -0.5999073 0 0.8000696 -0.6621734 0 0.7493507 -0.6621738 0 0.7493504 -0.7200652 0 0.6939064 -0.7200656 0 0.693906 -0.7734963 0 0.6338009 -0.7734903 0 0.6338081 0 -1 8.76382e-6 0 -1 1.88671e-7 0 -1 1.39002e-6 0 -1 0 3.20636e-5 -1 0 0 -1 -6.27672e-6 0 -1 -2.96428e-6 0 -1 7.1157e-6 0 -1 -1.85928e-7 0 -1 -2.47155e-6 0 -1 2.26027e-5 0 -1 -1.15897e-5 0 -1 0 0 -1 -3.31751e-7 0 -1 -3.51025e-7 0 -1 7.32517e-7 0 -1 0 0 -1 2.26648e-7 0 -1 -1.62639e-7 0 -1 0 0 -1 0 0 -1 0 0 -1 -1.34346e-7 0 -1 0 0 -1 2.58609e-7 0 -1 0 0 -1 0 0 -1 -1.26173e-6 9.8981e-6 -1 0 3.13168e-7 0 1 1.47658e-6 0 1 9.14443e-7 0 1 -1.1174e-6 0 1 6.07383e-7 0 1 -1.64084e-6 0 1 3.62963e-6 0 1 -5.462e-7 0 1 -2.52928e-7 0 1 3.27664e-6 0 1 -8.62158e-7 0 1 -2.80376e-7 0 1 -4.09578e-6 0 1 -3.05949e-6 0 1 4.86657e-6 0 1 7.40369e-7 0 1 9.06615e-7 0 1 -1.86936e-7 0 1 0 0 1 1.47658e-6 0 1 -0.7734856 0 0.6338139 -0.773492 0 0.6338062 -0.7735163 -7.48862e-6 0.6337764 -0.820537 0 0.5715935 -0.8205381 0 0.5715919 -0.8624634 0 0.5061194 -0.8624639 0 0.5061186 -0.8991851 0 0.4375686 -0.8991854 0 0.437568 -0.9304299 0 0.36647 -0.9304301 0 0.3664696 -0.9561433 0 0.2928995 -0.9561435 0 0.2928987 -0.9760106 0 0.2177231 -0.9760108 0 0.2177222 -0.989986 0 0.1411662 -0.989986 0 0.1411655 -0.9979662 0 0.06374585 -0.9979662 0 0.06374502 -0.9999019 0 -0.01401394 -0.9999019 0 -0.01401472 -0.9957829 0 -0.09174203 -0.9957829 0 -0.09174263 -0.9856347 0 -0.1688914 -0.9856346 0 -0.1688919 -0.969465 0 -0.2452298 -0.9695483 -1.63419e-7 -0.2449002 -0.9474782 0 -0.3198205 -0.9475868 -4.44461e-7 -0.3194986 -0.919825 0 -0.392329 -0.9198246 0 -0.3923299 -0.886515 0 -0.4626998 -0.8865146 0 -0.462701 -0.8478372 0 -0.5302566 -0.8478369 0 -0.5302572 -0.8041713 0 -0.5943976 -0.8041712 0 -0.5943979 -0.7553411 0 -0.655332 -0.7553405 0 -0.6553326 -0.7021946 0 -0.7119852 -0.702194 -1.96081e-7 -0.7119857 -0.6446945 0 -0.7644405 -0.644694 0 -0.7644407 -0.5833205 0 -0.8122421 -0.5833199 0 -0.8122426 -0.5183202 0 -0.8551867 -0.5183187 0 -0.8551875 -0.4500608 0 -0.8929979 -0.4500593 0 -0.8929987 -0.3796257 0 -0.9251403 -0.3793089 0 -0.9252702 -0.3063632 0 -0.9519148 -0.306362 0 -0.9519151 -0.2314775 0 -0.9728403 -0.2314774 0 -0.9728403 -0.1552229 0 -0.9878795 -0.1552225 0 -0.9878796 -0.07772833 0 -0.9969747 -0.07772743 0 -0.9969747 -2.67774e-5 -7.42648e-7 -1 1.06283e-5 0 -1 -0.8624637 0 0.5061191 -0.862464 0 0.5061185 -0.8991852 0 0.4375683 -0.9304298 0 0.3664704 -0.93043 0 0.3664697 -0.9561433 0 0.2928993 -0.9561435 0 0.2928988 -0.9760106 0 0.2177233 -0.9760107 0 0.2177227 -0.989986 0 0.1411663 -0.9979662 0 0.06374502 -0.9999019 0 -0.01401388 -0.9999019 0 -0.01401472 -0.9957829 0 -0.0917418 -0.9957829 0 -0.09174269 -0.9856348 0 -0.1688911 -0.9856346 0 -0.168892 -0.9694649 0 -0.24523 -0.9695484 -1.96093e-7 -0.2449004 -0.9475871 0 -0.3194977 -0.804171 0 -0.5943981 -0.7553411 0 -0.6553319 -0.7553407 0 -0.6553325 -0.7019525 0 -0.7122238 -0.7019512 0 -0.7122251 -0.6446946 0 -0.7644404 -0.6446936 0 -0.7644411 -0.5833201 0 -0.8122424 -0.58332 0 -0.8122426 -0.5183198 0 -0.855187 -0.5183191 0 -0.8551873 -0.450061 0 -0.8929978 -0.4500596 0 -0.8929986 -0.3793105 0 -0.9252695 -0.3796241 -2.9407e-7 -0.9251409 -0.3063634 0 -0.9519147 -0.3063623 0 -0.9519151 -0.2314773 0 -0.9728403 -0.2314773 0 -0.9728404 -0.1552227 0 -0.9878795 -0.1552225 0 -0.9878795 -0.07772833 0 -0.9969746 -0.07772755 0 -0.9969747 0.1303288 -0.9914709 0 0.1303291 -0.9914709 0 0.130329 -0.9914708 0 0.1303294 -0.9914708 0 0.259053 -0.9658631 0 0.2590535 -0.9658631 0 0.3827418 -0.9238555 0 0.3830567 -0.9237249 0 0.4998213 -0.8661286 0 0.5001184 -0.865957 0 0.6085278 -0.7935326 0 0.6085282 -0.7935323 0 0.7071067 -0.7071069 0 0.7071071 -0.7071065 0 0.7933256 -0.6087976 0 0.7932352 -0.6089155 0 0.8658862 -0.5002413 0 0.8661295 -0.4998197 0 0.9237248 -0.383057 0 0.9238563 -0.3827399 0 0.9658628 -0.2590543 0 0.9658629 -0.2590538 0 0.9914709 -0.130329 0 0.9914709 -0.1303288 0 1 -1.86786e-5 0 1 -2.95527e-5 -1.58497e-5 0.9914267 -0.1306648 0 0.9658628 -0.2590544 0 0.9238552 -0.3827425 0 0.8661293 -0.4998201 0 0.7933257 -0.6087976 0 0.7071067 -0.707107 0 0.6085278 -0.7935326 0 0.3827418 -0.9238555 0 0.2590529 -0.9658631 0 0.9914708 -0.1303293 0 0.9658626 -0.2590548 0 0.9237246 -0.3830574 0 0.866129 -0.4998205 0 0.7935326 -0.6085278 0 0.7071063 -0.7071074 0 0.6089158 -0.7932348 -2.3474e-7 0.4998208 -0.8661289 0 0.3830557 -0.9237253 0 0.2590525 -0.9658634 0 -3.34179e-7 0 -1 1.38163e-6 0 -1 -1.04172e-6 0 -1 2.50196e-6 0 -1 -7.44569e-7 0 -1 1.36581e-6 0 -1 -3.7281e-7 0 -1 6.39492e-7 0 -1 -1.07351e-6 0 -1 1.18274e-6 0 -1 -6.99683e-7 0 -1 6.82673e-7 0 -1 4.94235e-7 0 -1 -7.88653e-7 0 -1 3.66536e-7 0 -1 -7.6384e-7 0 -1 -0.156472 0.9876825 -4.37062e-6 -0.1735042 0.9848331 6.6024e-5 -0.1736686 0.9848042 -1.28993e-6 -0.1559596 0.9877635 1.94069e-4 -0.309062 0.9510419 1.12592e-4 -0.3419931 0.9397025 -1.35354e-4 -0.4540258 0.8909886 1.36591e-4 -0.5000489 0.8659972 -1.27128e-4 -0.5877511 0.8090418 1.73798e-4 -0.6428102 0.7660254 -1.58139e-4 -0.7071068 0.7071068 4.59395e-5 -0.7660084 0.6428305 -2.9682e-4 -0.8090225 0.5877779 3.77215e-5 -0.8660449 0.4999662 8.79014e-5 -0.8909886 0.4540258 1.36637e-4 -0.9397026 0.341993 -1.35438e-4 -0.9510418 0.3090623 1.12828e-4 -0.9848854 0.1732075 -2.02834e-4 -0.9876825 0.1564719 4.38124e-6 -1 1.1269e-5 -2.58461e-4 -0.984804 0.1736701 1.59157e-6 -0.9877162 0.1562588 -7.17432e-5 -0.951025 0.309114 -2.41907e-4 -0.9396925 0.3420206 -2.33628e-6 -0.8909885 0.4540259 -1.36697e-4 -0.866026 0.4999992 -2.24392e-6 -0.809042 0.5877509 -1.7388e-4 -0.7660254 0.6428104 1.58143e-4 -0.7071068 0.7071068 7.19214e-7 -0.6428104 0.7660253 1.58245e-4 -0.58776 0.8090354 -1.28354e-4 -0.4999663 0.8660449 -8.73087e-5 -0.4540258 0.8909887 -1.3656e-4 -0.3419934 0.9397024 1.3523e-4 -0.309062 0.951042 -1.12527e-4 -1 1.15111e-6 -1.34402e-5 0.1303287 0.9914709 0 2.94037e-5 1 0 0.1303291 0.9914709 0 2.64794e-5 1 -1.43256e-5 0.130329 0.9914708 0 0.1303294 0.9914708 0 0.2590548 0.9658628 0 0.2590554 0.9658625 0 0.383058 0.9237244 0 0.3826062 0.9239116 0 0.4998199 0.8661294 0 0.4998203 0.8661292 0 0.6089125 0.7932375 0 0.6089155 0.7932351 0 0.7071067 0.7071069 0 0.7071071 0.7071065 0 0.7935336 0.6085266 0 0.7933253 0.6087981 0 0.8661296 0.4998196 0 0.8659586 0.5001159 0 0.9237246 0.3830574 0 0.923856 0.3827402 0 0.9658628 0.2590541 0 0.9658629 0.2590536 0 0.9914709 0.1303289 0 0.9914709 0.1303287 0 1 3.76254e-6 0 1 2.79397e-7 -1.24513e-6 0.9914708 0.1303289 0 0.9658628 0.2590542 0 0.9237245 0.3830574 0 0.8659594 0.5001144 0 0.7935336 0.6085265 0 0.7071067 0.707107 0 0.6089125 0.7932375 0 0.4998198 0.8661295 0 0.3827435 0.9238548 0 0.9914708 0.1303291 0 0.9658628 0.2590547 0 0.9239118 0.3826056 1.92063e-7 0.8659581 0.5001168 0 0.7932351 0.6089155 0 0.7071063 0.7071074 0 0.6089146 0.7932359 0 0.5001162 0.8659583 0 0.3830574 0.9237245 0 0.2590542 0.9658628 0 -3.6524e-7 0 -1 0 0 -1 3.7703e-7 0 -1 1.70873e-7 0 -1 3.4157e-7 0 -1 0 0 -1 -6.82968e-7 0 -1 0 0 -1 -3.65086e-7 0 -1 7.06814e-7 0 -1 1.7094e-7 0 -1 6.82672e-7 0 -1 6.58975e-7 0 -1 -7.4624e-7 0 -1 5.49152e-7 0 -1 -7.63833e-7 0 -1 -0.9876825 -0.1564717 -4.32829e-6 -0.9848853 -0.1732077 2.02835e-4 -1 -3.16165e-5 2.58486e-4 -0.984804 -0.1736702 -1.59343e-6 -0.9877636 -0.155959 1.94065e-4 -0.9510418 -0.3090623 1.12896e-4 -0.9396824 -0.3420483 1.40358e-4 -0.8909887 -0.4540259 1.36662e-4 -0.866045 -0.4999662 8.87676e-5 -0.8090357 -0.5877597 1.29072e-4 -0.7660256 -0.6428102 -1.58242e-4 -0.7071069 -0.7071067 1.39453e-4 -0.6428104 -0.7660253 -1.58402e-4 -0.5877509 -0.809042 1.73904e-4 -0.4999662 -0.8660449 8.83625e-5 -0.4540483 -0.890977 2.25825e-4 -0.3420206 -0.9396925 2.57987e-6 -0.309062 -0.951042 1.12534e-4 -0.1732084 -0.9848852 -2.02645e-4 -0.1563834 -0.9876964 -6.00079e-6 -0.1736705 -0.9848039 1.44303e-6 -0.1559621 -0.9877631 -1.93891e-4 -0.309062 -0.951042 -1.12463e-4 -0.3420206 -0.9396925 -2.37885e-6 -0.4540483 -0.890977 -2.25744e-4 -0.499999 -0.866026 -2.79345e-6 -0.5877508 -0.809042 -1.73851e-4 -0.6428102 -0.7660255 1.58296e-4 -0.7071068 -0.7071068 -1.3941e-4 -0.7660255 -0.6428104 1.58299e-4 -0.8090357 -0.5877596 -1.29064e-4 -0.8659974 -0.5000485 1.26563e-4 -0.8909886 -0.4540259 -1.36699e-4 -0.9397025 -0.3419932 1.35361e-4 -0.9510418 -0.3090623 -1.12868e-4 -1 -1.38544e-5 1.34358e-5 0 1 -1.15897e-5 0 1 -3.55657e-7 0 1 -3.07618e-7 0 1 -1.35886e-5 0 1 1.04981e-5 0 1 -7.19656e-6 0 1 -6.72266e-7 0 1 -4.38874e-6 0 1 -5.79676e-7 0 1 0 0 1 4.60426e-7 0 1 0 0 1 2.63013e-7 0 1 -6.33036e-7 0 1 8.5297e-7 0 1 2.39128e-7 0 1 -2.95161e-7 0 1 0 0 1 0 0 1 -2.50091e-7 0 1 0 0 1 0 0 1 0 0 1 0 0 1 0 0 1 0 0 1 1.73328e-7 0 1 0 0 1 -3.15715e-7 0 1 1.99978e-7 0 1 0 0 1 0 0 1 3.15438e-7 -1 0 0 -1 0 0 -1 0 0 -1 1.58673e-7 0 -1 0 0 -1 0 0 -1 0 0 -1 1.58344e-7 0 -1 0 0 -1 0 0 -1 0 0 -1 -2.52092e-7 0 -1 1.28423e-7 0 -1 0 0 -1 -1.99366e-7 0 -1 1.43026e-7 0 -1 0 0 -1 -2.27266e-7 0 -1 1.60366e-7 0 -1 0 0 -1 0 0 -1 3.09812e-7 0 -1 0 0 -1 -1.693e-7 0 -1 0 0 -1 0 0 -1 0 0 -1 1.90201e-7 0 -1 0 0 -1 0 0 -1 0 0 -1 0 0 -1 0 0 -1 0 0 -1 -1.22848e-7 0 -1 0 0</float_array>
          <technique_common>
            <accessor source="#hip_thigh_conn-mesh-normals-array" count="877" stride="3">
              <param name="X" type="float"/>
              <param name="Y" type="float"/>
              <param name="Z" type="float"/>
            </accessor>
          </technique_common>
        </source>
        <source id="hip_thigh_conn-mesh-map-0">
          <float_array id="hip_thigh_conn-mesh-map-0-array" count="7692">-1.982394 2.910081 -2.508855 2.910081 -1.975625 2.85 -1.975625 2.85 -2.508855 2.910081 -2.515625 2.85 -1.975625 2.85 -2.515625 2.85 -1.982394 2.789919 -1.982394 2.789919 -2.515625 2.85 -2.508855 2.789919 -1.982394 2.789919 -2.508855 2.789919 -2.002363 2.732851 -2.002363 2.732851 -2.508855 2.789919 -2.488886 2.732851 -2.002363 2.732851 -2.488886 2.732851 -2.03453 2.681658 -2.03453 2.681658 -2.488886 2.732851 -2.456719 2.681658 -2.03453 2.681658 -2.456719 2.681658 -2.077283 2.638905 -2.077283 2.638905 -2.456719 2.681658 -2.413967 2.638905 -2.077283 2.638905 -2.413967 2.638905 -2.128476 2.606738 -2.128476 2.606738 -2.413967 2.638905 -2.362773 2.606738 -2.128476 2.606738 -2.362773 2.606738 -2.185544 2.586769 -2.185544 2.586769 -2.362773 2.606738 -2.305705 2.586769 -2.185544 2.586769 -2.305705 2.586769 -2.245625 2.58 -2.508855 2.910081 -1.982394 2.910081 -2.488886 2.967149 -2.488886 2.967149 -1.982394 2.910081 -2.002363 2.967149 -2.488886 2.967149 -2.002363 2.967149 -2.456719 3.018342 -2.456719 3.018342 -2.002363 2.967149 -2.03453 3.018342 -2.456719 3.018342 -2.03453 3.018342 -2.413967 3.061095 -2.413967 3.061095 -2.03453 3.018342 -2.077283 3.061095 -2.413967 3.061095 -2.077283 3.061095 -2.362773 3.093262 -2.362773 3.093262 -2.077283 3.061095 -2.128476 3.093262 -2.362773 3.093262 -2.128476 3.093262 -2.305705 3.113231 -2.305705 3.113231 -2.128476 3.093262 -2.185544 3.113231 -2.305705 3.113231 -2.185544 3.113231 -2.245625 3.12 1.982394 2.789919 2.508855 2.789919 1.975625 2.85 1.975625 2.85 2.508855 2.789919 2.515625 2.85 1.975625 2.85 2.515625 2.85 1.982394 2.910081 1.982394 2.910081 2.515625 2.85 2.508855 2.910081 1.982394 2.910081 2.508855 2.910081 2.002363 2.967149 2.002363 2.967149 2.508855 2.910081 2.488886 2.967149 2.002363 2.967149 2.488886 2.967149 2.03453 3.018342 2.03453 3.018342 2.488886 2.967149 2.456719 3.018342 2.03453 3.018342 2.456719 3.018342 2.077283 3.061095 2.077283 3.061095 2.456719 3.018342 2.413967 3.061095 2.077283 3.061095 2.413967 3.061095 2.128476 3.093262 2.128476 3.093262 2.413967 3.061095 2.362773 3.093262 2.128476 3.093262 2.362773 3.093262 2.185544 3.113231 2.185544 3.113231 2.362773 3.093262 2.305705 3.113231 2.185544 3.113231 2.305705 3.113231 2.245625 3.12 2.508855 2.789919 1.982394 2.789919 2.488886 2.732851 2.488886 2.732851 1.982394 2.789919 2.002363 2.732851 2.488886 2.732851 2.002363 2.732851 2.456719 2.681658 2.456719 2.681658 2.002363 2.732851 2.03453 2.681658 2.456719 2.681658 2.03453 2.681658 2.413967 2.638905 2.413967 2.638905 2.03453 2.681658 2.077283 2.638905 2.413967 2.638905 2.077283 2.638905 2.362773 2.606738 2.362773 2.606738 2.077283 2.638905 2.128476 2.606738 2.362773 2.606738 2.128476 2.606738 2.305705 2.586769 2.305705 2.586769 2.128476 2.606738 2.185544 2.586769 2.305705 2.586769 2.185544 2.586769 2.245625 2.58 0.01999998 -0.787642 -1.1 -0.787642 0.01999998 -0.84823 0.01999998 -0.84823 -1.1 -0.787642 -1.1 -0.84823 0.01999998 0.84823 -1.1 0.84823 0.01999998 0.787642 0.01999998 0.787642 -1.1 0.84823 -1.1 0.787642 0.01999998 0.787642 -1.1 0.787642 0.01999998 0.727054 0.01999998 0.727054 -1.1 0.787642 -1.1 0.727054 0.01999998 0.727054 -1.1 0.727054 0.01999998 0.666466 0.01999998 0.666466 -1.1 0.727054 -1.1 0.666466 0.01999998 0.666466 -1.1 0.666466 0.01999998 0.605879 0.01999998 0.605879 -1.1 0.666466 -1.1 0.605879 0.01999998 0.605879 -1.1 0.605879 0.01999998 0.545291 0.01999998 0.545291 -1.1 0.605879 -1.1 0.545291 0.01999998 0.545291 -1.1 0.545291 0.01999998 0.484703 0.01999998 0.484703 -1.1 0.545291 -1.1 0.484703 0.01999998 0.484703 -1.1 0.484703 0.01999998 0.424115 0.01999998 0.424115 -1.1 0.484703 -1.1 0.424115 0.01999998 0.424115 -1.1 0.424115 0.01999998 0.363527 0.01999998 0.363527 -1.1 0.424115 -1.1 0.363527 0.01999998 0.363527 -1.1 0.363527 0.01999998 0.302939 0.01999998 0.302939 -1.1 0.363527 -1.1 0.302939 0.01999998 0.302939 -1.1 0.302939 0.01999998 0.2423509 0.01999998 0.2423509 -1.1 0.302939 -1.1 0.2423509 0.01999998 0.2423509 -1.1 0.2423509 0.01999998 0.181764 0.01999998 0.181764 -1.1 0.2423509 -1.1 0.181764 0.01999998 0.181764 -1.1 0.181764 0.01999998 0.121176 0.01999998 0.121176 -1.1 0.181764 -1.1 0.121176 0.01999998 0.121176 -1.1 0.121176 0.01999998 0.060588 0.01999998 0.060588 -1.1 0.121176 -1.1 0.060588 0.01999998 0.060588 -1.1 0.060588 0.01999998 0 0.01999998 0 -1.1 0.060588 -1.1 0 0.01999998 0 -1.1 0 0.01999998 -0.060588 0.01999998 -0.060588 -1.1 0 -1.1 -0.060588 0.01999998 -0.060588 -1.1 -0.060588 0.01999998 -0.121176 0.01999998 -0.121176 -1.1 -0.060588 -1.1 -0.121176 0.01999998 -0.121176 -1.1 -0.121176 0.01999998 -0.181764 0.01999998 -0.181764 -1.1 -0.121176 -1.1 -0.181764 0.01999998 -0.181764 -1.1 -0.181764 0.01999998 -0.2423509 0.01999998 -0.2423509 -1.1 -0.181764 -1.1 -0.2423509 0.01999998 -0.2423509 -1.1 -0.2423509 0.01999998 -0.302939 0.01999998 -0.302939 -1.1 -0.2423509 -1.1 -0.302939 0.01999998 -0.302939 -1.1 -0.302939 0.01999998 -0.363527 0.01999998 -0.363527 -1.1 -0.302939 -1.1 -0.363527 0.01999998 -0.363527 -1.1 -0.363527 0.01999998 -0.424115 0.01999998 -0.424115 -1.1 -0.363527 -1.1 -0.424115 0.01999998 -0.424115 -1.1 -0.424115 0.01999998 -0.484703 0.01999998 -0.484703 -1.1 -0.424115 -1.1 -0.484703 0.01999998 -0.484703 -1.1 -0.484703 0.01999998 -0.545291 0.01999998 -0.545291 -1.1 -0.484703 -1.1 -0.545291 0.01999998 -0.545291 -1.1 -0.545291 0.01999998 -0.605879 0.01999998 -0.605879 -1.1 -0.545291 -1.1 -0.605879 0.01999998 -0.605879 -1.1 -0.605879 0.01999998 -0.666466 0.01999998 -0.666466 -1.1 -0.605879 -1.1 -0.666466 0.01999998 -0.666466 -1.1 -0.666466 0.01999998 -0.727054 0.01999998 -0.727054 -1.1 -0.666466 -1.1 -0.727054 0.01999998 -0.727054 -1.1 -0.727054 0.01999998 -0.787642 0.01999998 -0.787642 -1.1 -0.727054 -1.1 -0.787642 -6.7 0.787642 -5.58 0.787642 -6.7 0.84823 -6.7 0.84823 -5.58 0.787642 -5.58 0.84823 -6.7 -0.84823 -5.58 -0.84823 -6.7 -0.787642 -6.7 -0.787642 -5.58 -0.84823 -5.58 -0.787642 -6.7 -0.787642 -5.58 -0.787642 -6.7 -0.727054 -6.7 -0.727054 -5.58 -0.787642 -5.58 -0.727054 -6.7 -0.727054 -5.58 -0.727054 -6.7 -0.666466 -6.7 -0.666466 -5.58 -0.727054 -5.58 -0.666466 -6.7 -0.666466 -5.58 -0.666466 -6.7 -0.605879 -6.7 -0.605879 -5.58 -0.666466 -5.58 -0.605879 -6.7 -0.605879 -5.58 -0.605879 -6.7 -0.545291 -6.7 -0.545291 -5.58 -0.605879 -5.58 -0.545291 -6.7 -0.545291 -5.58 -0.545291 -6.7 -0.484703 -6.7 -0.484703 -5.58 -0.545291 -5.58 -0.484703 -6.7 -0.484703 -5.58 -0.484703 -6.7 -0.424115 -6.7 -0.424115 -5.58 -0.484703 -5.58 -0.424115 -6.7 -0.424115 -5.58 -0.424115 -6.7 -0.363527 -6.7 -0.363527 -5.58 -0.424115 -5.58 -0.363527 -6.7 -0.363527 -5.58 -0.363527 -6.7 -0.302939 -6.7 -0.302939 -5.58 -0.363527 -5.58 -0.302939 -6.7 -0.302939 -5.58 -0.302939 -6.7 -0.2423509 -6.7 -0.2423509 -5.58 -0.302939 -5.58 -0.2423509 -6.7 -0.2423509 -5.58 -0.2423509 -6.7 -0.181764 -6.7 -0.181764 -5.58 -0.2423509 -5.58 -0.181764 -6.7 -0.181764 -5.58 -0.181764 -6.7 -0.121176 -6.7 -0.121176 -5.58 -0.181764 -5.58 -0.121176 -6.7 -0.121176 -5.58 -0.121176 -6.7 -0.060588 -6.7 -0.060588 -5.58 -0.121176 -5.58 -0.060588 -6.7 -0.060588 -5.58 -0.060588 -6.7 0 -6.7 0 -5.58 -0.060588 -5.58 0 -6.7 0 -5.58 0 -6.7 0.060588 -6.7 0.060588 -5.58 0 -5.58 0.060588 -6.7 0.060588 -5.58 0.060588 -6.7 0.121176 -6.7 0.121176 -5.58 0.060588 -5.58 0.121176 -6.7 0.121176 -5.58 0.121176 -6.7 0.181764 -6.7 0.181764 -5.58 0.121176 -5.58 0.181764 -6.7 0.181764 -5.58 0.181764 -6.7 0.2423509 -6.7 0.2423509 -5.58 0.181764 -5.58 0.2423509 -6.7 0.2423509 -5.58 0.2423509 -6.7 0.302939 -6.7 0.302939 -5.58 0.2423509 -5.58 0.302939 -6.7 0.302939 -5.58 0.302939 -6.7 0.363527 -6.7 0.363527 -5.58 0.302939 -5.58 0.363527 -6.7 0.363527 -5.58 0.363527 -6.7 0.424115 -6.7 0.424115 -5.58 0.363527 -5.58 0.424115 -6.7 0.424115 -5.58 0.424115 -6.7 0.484703 -6.7 0.484703 -5.58 0.424115 -5.58 0.484703 -6.7 0.484703 -5.58 0.484703 -6.7 0.545291 -6.7 0.545291 -5.58 0.484703 -5.58 0.545291 -6.7 0.545291 -5.58 0.545291 -6.7 0.605879 -6.7 0.605879 -5.58 0.545291 -5.58 0.605879 -6.7 0.605879 -5.58 0.605879 -6.7 0.666466 -6.7 0.666466 -5.58 0.605879 -5.58 0.666466 -6.7 0.666466 -5.58 0.666466 -6.7 0.727054 -6.7 0.727054 -5.58 0.666466 -5.58 0.727054 -6.7 0.727054 -5.58 0.727054 -6.7 0.787642 -6.7 0.787642 -5.58 0.727054 -5.58 0.787642 -1.1 0.84823 -2.22 0.84823 -1.1 0.787642 -1.1 0.787642 -2.22 0.84823 -2.22 0.787642 -1.1 0.787642 -2.22 0.787642 -1.1 0.727054 -1.1 0.727054 -2.22 0.787642 -2.22 0.727054 -1.1 0.727054 -2.22 0.727054 -1.1 0.666466 -1.1 0.666466 -2.22 0.727054 -2.22 0.666466 -1.1 0.666466 -2.22 0.666466 -1.1 0.605879 -1.1 0.605879 -2.22 0.666466 -2.22 0.605879 -1.1 0.605879 -2.22 0.605879 -1.1 0.545291 -1.1 0.545291 -2.22 0.605879 -2.22 0.545291 -1.1 0.545291 -2.22 0.545291 -1.1 0.484703 -1.1 0.484703 -2.22 0.545291 -2.22 0.484703 -1.1 0.484703 -2.22 0.484703 -1.1 0.424115 -1.1 0.424115 -2.22 0.484703 -2.22 0.424115 -1.1 0.424115 -2.22 0.424115 -1.1 0.363527 -1.1 0.363527 -2.22 0.424115 -2.22 0.363527 -1.1 0.363527 -2.22 0.363527 -1.1 0.302939 -1.1 0.302939 -2.22 0.363527 -2.22 0.302939 -1.1 0.302939 -2.22 0.302939 -1.1 0.2423509 -1.1 0.2423509 -2.22 0.302939 -2.22 0.2423509 -1.1 0.2423509 -2.22 0.2423509 -1.1 0.181764 -1.1 0.181764 -2.22 0.2423509 -2.22 0.181764 -1.1 0.181764 -2.22 0.181764 -1.1 0.121176 -1.1 0.121176 -2.22 0.181764 -2.22 0.121176 -1.1 0.121176 -2.22 0.121176 -1.1 0.060588 -1.1 0.060588 -2.22 0.121176 -2.22 0.060588 -1.1 0.060588 -2.22 0.060588 -1.1 0 -1.1 0 -2.22 0.060588 -2.22 0 -1.1 0 -2.22 0 -1.1 -0.060588 -1.1 -0.060588 -2.22 0 -2.22 -0.060588 -1.1 -0.060588 -2.22 -0.060588 -1.1 -0.121176 -1.1 -0.121176 -2.22 -0.060588 -2.22 -0.121176 -1.1 -0.121176 -2.22 -0.121176 -1.1 -0.181764 -1.1 -0.181764 -2.22 -0.121176 -2.22 -0.181764 -1.1 -0.181764 -2.22 -0.181764 -1.1 -0.2423509 -1.1 -0.2423509 -2.22 -0.181764 -2.22 -0.2423509 -1.1 -0.2423509 -2.22 -0.2423509 -1.1 -0.302939 -1.1 -0.302939 -2.22 -0.2423509 -2.22 -0.302939 -1.1 -0.302939 -2.22 -0.302939 -1.1 -0.363527 -1.1 -0.363527 -2.22 -0.302939 -2.22 -0.363527 -1.1 -0.363527 -2.22 -0.363527 -1.1 -0.424115 -1.1 -0.424115 -2.22 -0.363527 -2.22 -0.424115 -1.1 -0.424115 -2.22 -0.424115 -1.1 -0.484703 -1.1 -0.484703 -2.22 -0.424115 -2.22 -0.484703 -1.1 -0.484703 -2.22 -0.484703 -1.1 -0.545291 -1.1 -0.545291 -2.22 -0.484703 -2.22 -0.545291 -1.1 -0.545291 -2.22 -0.545291 -1.1 -0.605879 -1.1 -0.605879 -2.22 -0.545291 -2.22 -0.605879 -1.1 -0.605879 -2.22 -0.605879 -1.1 -0.666466 -1.1 -0.666466 -2.22 -0.605879 -2.22 -0.666466 -1.1 -0.666466 -2.22 -0.666466 -1.1 -0.727054 -1.1 -0.727054 -2.22 -0.666466 -2.22 -0.727054 -1.1 -0.727054 -2.22 -0.727054 -1.1 -0.787642 -1.1 -0.787642 -2.22 -0.727054 -2.22 -0.787642 -1.1 -0.787642 -2.22 -0.787642 -1.1 -0.84823 -1.1 -0.84823 -2.22 -0.787642 -2.22 -0.84823 -2.22 0.84823 -3.34 0.84823 -2.22 0.787642 -2.22 0.787642 -3.34 0.84823 -3.34 0.787642 -2.22 0.787642 -3.34 0.787642 -2.22 0.727054 -2.22 0.727054 -3.34 0.787642 -3.34 0.727054 -2.22 0.727054 -3.34 0.727054 -2.22 0.666466 -2.22 0.666466 -3.34 0.727054 -3.34 0.666466 -2.22 0.666466 -3.34 0.666466 -2.22 0.605879 -2.22 0.605879 -3.34 0.666466 -3.34 0.605879 -2.22 0.605879 -3.34 0.605879 -2.22 0.545291 -2.22 0.545291 -3.34 0.605879 -3.34 0.545291 -2.22 0.545291 -3.34 0.545291 -2.22 0.484703 -2.22 0.484703 -3.34 0.545291 -3.34 0.484703 -2.22 0.484703 -3.34 0.484703 -2.22 0.424115 -2.22 0.424115 -3.34 0.484703 -3.34 0.424115 -2.22 0.424115 -3.34 0.424115 -2.22 0.363527 -2.22 0.363527 -3.34 0.424115 -3.34 0.363527 -2.22 0.363527 -3.34 0.363527 -2.22 0.302939 -2.22 0.302939 -3.34 0.363527 -3.34 0.302939 -2.22 0.302939 -3.34 0.302939 -2.22 0.2423509 -2.22 0.2423509 -3.34 0.302939 -3.34 0.2423509 -2.22 0.2423509 -3.34 0.2423509 -2.22 0.181764 -2.22 0.181764 -3.34 0.2423509 -3.34 0.181764 -2.22 0.181764 -3.34 0.181764 -2.22 0.121176 -2.22 0.121176 -3.34 0.181764 -3.34 0.121176 -2.22 0.121176 -3.34 0.121176 -2.22 0.060588 -2.22 0.060588 -3.34 0.121176 -3.34 0.060588 -2.22 0.060588 -3.34 0.060588 -2.22 0 -2.22 0 -3.34 0.060588 -3.34 0 -2.22 0 -3.34 0 -2.22 -0.060588 -2.22 -0.060588 -3.34 0 -3.34 -0.060588 -2.22 -0.060588 -3.34 -0.060588 -2.22 -0.121176 -2.22 -0.121176 -3.34 -0.060588 -3.34 -0.121176 -2.22 -0.121176 -3.34 -0.121176 -2.22 -0.181764 -2.22 -0.181764 -3.34 -0.121176 -3.34 -0.181764 -2.22 -0.181764 -3.34 -0.181764 -2.22 -0.2423509 -2.22 -0.2423509 -3.34 -0.181764 -3.34 -0.2423509 -2.22 -0.2423509 -3.34 -0.2423509 -2.22 -0.302939 -2.22 -0.302939 -3.34 -0.2423509 -3.34 -0.302939 -2.22 -0.302939 -3.34 -0.302939 -2.22 -0.363527 -2.22 -0.363527 -3.34 -0.302939 -3.34 -0.363527 -2.22 -0.363527 -3.34 -0.363527 -2.22 -0.424115 -2.22 -0.424115 -3.34 -0.363527 -3.34 -0.424115 -2.22 -0.424115 -3.34 -0.424115 -2.22 -0.484703 -2.22 -0.484703 -3.34 -0.424115 -3.34 -0.484703 -2.22 -0.484703 -3.34 -0.484703 -2.22 -0.545291 -2.22 -0.545291 -3.34 -0.484703 -3.34 -0.545291 -2.22 -0.545291 -3.34 -0.545291 -2.22 -0.605879 -2.22 -0.605879 -3.34 -0.545291 -3.34 -0.605879 -2.22 -0.605879 -3.34 -0.605879 -2.22 -0.666466 -2.22 -0.666466 -3.34 -0.605879 -3.34 -0.666466 -2.22 -0.666466 -3.34 -0.666466 -2.22 -0.727054 -2.22 -0.727054 -3.34 -0.666466 -3.34 -0.727054 -2.22 -0.727054 -3.34 -0.727054 -2.22 -0.787642 -2.22 -0.787642 -3.34 -0.727054 -3.34 -0.787642 -2.22 -0.787642 -3.34 -0.787642 -2.22 -0.84823 -2.22 -0.84823 -3.34 -0.787642 -3.34 -0.84823 -3.34 0.84823 -4.46 0.84823 -3.34 0.787642 -3.34 0.787642 -4.46 0.84823 -4.46 0.787642 -3.34 0.787642 -4.46 0.787642 -3.34 0.727054 -3.34 0.727054 -4.46 0.787642 -4.46 0.727054 -3.34 0.727054 -4.46 0.727054 -3.34 0.666466 -3.34 0.666466 -4.46 0.727054 -4.46 0.666466 -3.34 0.666466 -4.46 0.666466 -3.34 0.605879 -3.34 0.605879 -4.46 0.666466 -4.46 0.605879 -3.34 0.605879 -4.46 0.605879 -3.34 0.545291 -3.34 0.545291 -4.46 0.605879 -4.46 0.545291 -3.34 0.545291 -4.46 0.545291 -3.34 0.484703 -3.34 0.484703 -4.46 0.545291 -4.46 0.484703 -3.34 0.484703 -4.46 0.484703 -3.34 0.424115 -3.34 0.424115 -4.46 0.484703 -4.46 0.424115 -3.34 0.424115 -4.46 0.424115 -3.34 0.363527 -3.34 0.363527 -4.46 0.424115 -4.46 0.363527 -3.34 0.363527 -4.46 0.363527 -3.34 0.302939 -3.34 0.302939 -4.46 0.363527 -4.46 0.302939 -3.34 0.302939 -4.46 0.302939 -3.34 0.2423509 -3.34 0.2423509 -4.46 0.302939 -4.46 0.2423509 -3.34 0.2423509 -4.46 0.2423509 -3.34 0.181764 -3.34 0.181764 -4.46 0.2423509 -4.46 0.181764 -3.34 0.181764 -4.46 0.181764 -3.34 0.121176 -3.34 0.121176 -4.46 0.181764 -4.46 0.121176 -3.34 0.121176 -4.46 0.121176 -3.34 0.060588 -3.34 0.060588 -4.46 0.121176 -4.46 0.060588 -3.34 0.060588 -4.46 0.060588 -3.34 0 -3.34 0 -4.46 0.060588 -4.46 0 -3.34 0 -4.46 0 -3.34 -0.060588 -3.34 -0.060588 -4.46 0 -4.46 -0.060588 -3.34 -0.060588 -4.46 -0.060588 -3.34 -0.121176 -3.34 -0.121176 -4.46 -0.060588 -4.46 -0.121176 -3.34 -0.121176 -4.46 -0.121176 -3.34 -0.181764 -3.34 -0.181764 -4.46 -0.121176 -4.46 -0.181764 -3.34 -0.181764 -4.46 -0.181764 -3.34 -0.2423509 -3.34 -0.2423509 -4.46 -0.181764 -4.46 -0.2423509 -3.34 -0.2423509 -4.46 -0.2423509 -3.34 -0.302939 -3.34 -0.302939 -4.46 -0.2423509 -4.46 -0.302939 -3.34 -0.302939 -4.46 -0.302939 -3.34 -0.363527 -3.34 -0.363527 -4.46 -0.302939 -4.46 -0.363527 -3.34 -0.363527 -4.46 -0.363527 -3.34 -0.424115 -3.34 -0.424115 -4.46 -0.363527 -4.46 -0.424115 -3.34 -0.424115 -4.46 -0.424115 -3.34 -0.484703 -3.34 -0.484703 -4.46 -0.424115 -4.46 -0.484703 -3.34 -0.484703 -4.46 -0.484703 -3.34 -0.545291 -3.34 -0.545291 -4.46 -0.484703 -4.46 -0.545291 -3.34 -0.545291 -4.46 -0.545291 -3.34 -0.605879 -3.34 -0.605879 -4.46 -0.545291 -4.46 -0.605879 -3.34 -0.605879 -4.46 -0.605879 -3.34 -0.666466 -3.34 -0.666466 -4.46 -0.605879 -4.46 -0.666466 -3.34 -0.666466 -4.46 -0.666466 -3.34 -0.727054 -3.34 -0.727054 -4.46 -0.666466 -4.46 -0.727054 -3.34 -0.727054 -4.46 -0.727054 -3.34 -0.787642 -3.34 -0.787642 -4.46 -0.727054 -4.46 -0.787642 -3.34 -0.787642 -4.46 -0.787642 -3.34 -0.84823 -3.34 -0.84823 -4.46 -0.787642 -4.46 -0.84823 -4.46 0.84823 -5.58 0.84823 -4.46 0.787642 -4.46 0.787642 -5.58 0.84823 -5.58 0.787642 -4.46 0.787642 -5.58 0.787642 -4.46 0.727054 -4.46 0.727054 -5.58 0.787642 -5.58 0.727054 -4.46 0.727054 -5.58 0.727054 -4.46 0.666466 -4.46 0.666466 -5.58 0.727054 -5.58 0.666466 -4.46 0.666466 -5.58 0.666466 -4.46 0.605879 -4.46 0.605879 -5.58 0.666466 -5.58 0.605879 -4.46 0.605879 -5.58 0.605879 -4.46 0.545291 -4.46 0.545291 -5.58 0.605879 -5.58 0.545291 -4.46 0.545291 -5.58 0.545291 -4.46 0.484703 -4.46 0.484703 -5.58 0.545291 -5.58 0.484703 -4.46 0.484703 -5.58 0.484703 -4.46 0.424115 -4.46 0.424115 -5.58 0.484703 -5.58 0.424115 -4.46 0.424115 -5.58 0.424115 -4.46 0.363527 -4.46 0.363527 -5.58 0.424115 -5.58 0.363527 -4.46 0.363527 -5.58 0.363527 -4.46 0.302939 -4.46 0.302939 -5.58 0.363527 -5.58 0.302939 -4.46 0.302939 -5.58 0.302939 -4.46 0.2423509 -4.46 0.2423509 -5.58 0.302939 -5.58 0.2423509 -4.46 0.2423509 -5.58 0.2423509 -4.46 0.181764 -4.46 0.181764 -5.58 0.2423509 -5.58 0.181764 -4.46 0.181764 -5.58 0.181764 -4.46 0.121176 -4.46 0.121176 -5.58 0.181764 -5.58 0.121176 -4.46 0.121176 -5.58 0.121176 -4.46 0.060588 -4.46 0.060588 -5.58 0.121176 -5.58 0.060588 -4.46 0.060588 -5.58 0.060588 -4.46 0 -4.46 0 -5.58 0.060588 -5.58 0 -4.46 0 -5.58 0 -4.46 -0.060588 -4.46 -0.060588 -5.58 0 -5.58 -0.060588 -4.46 -0.060588 -5.58 -0.060588 -4.46 -0.121176 -4.46 -0.121176 -5.58 -0.060588 -5.58 -0.121176 -4.46 -0.121176 -5.58 -0.121176 -4.46 -0.181764 -4.46 -0.181764 -5.58 -0.121176 -5.58 -0.181764 -4.46 -0.181764 -5.58 -0.181764 -4.46 -0.2423509 -4.46 -0.2423509 -5.58 -0.181764 -5.58 -0.2423509 -4.46 -0.2423509 -5.58 -0.2423509 -4.46 -0.302939 -4.46 -0.302939 -5.58 -0.2423509 -5.58 -0.302939 -4.46 -0.302939 -5.58 -0.302939 -4.46 -0.363527 -4.46 -0.363527 -5.58 -0.302939 -5.58 -0.363527 -4.46 -0.363527 -5.58 -0.363527 -4.46 -0.424115 -4.46 -0.424115 -5.58 -0.363527 -5.58 -0.424115 -4.46 -0.424115 -5.58 -0.424115 -4.46 -0.484703 -4.46 -0.484703 -5.58 -0.424115 -5.58 -0.484703 -4.46 -0.484703 -5.58 -0.484703 -4.46 -0.545291 -4.46 -0.545291 -5.58 -0.484703 -5.58 -0.545291 -4.46 -0.545291 -5.58 -0.545291 -4.46 -0.605879 -4.46 -0.605879 -5.58 -0.545291 -5.58 -0.605879 -4.46 -0.605879 -5.58 -0.605879 -4.46 -0.666466 -4.46 -0.666466 -5.58 -0.605879 -5.58 -0.666466 -4.46 -0.666466 -5.58 -0.666466 -4.46 -0.727054 -4.46 -0.727054 -5.58 -0.666466 -5.58 -0.727054 -4.46 -0.727054 -5.58 -0.727054 -4.46 -0.787642 -4.46 -0.787642 -5.58 -0.727054 -5.58 -0.787642 -4.46 -0.787642 -5.58 -0.787642 -4.46 -0.84823 -4.46 -0.84823 -5.58 -0.787642 -5.58 -0.84823 0.254 -1.488123 0 -1.488123 0.254 -1.570796 0.254 -1.570796 0 -1.488123 0 -1.570796 0.254 1.570796 0 1.570796 0.254 1.488123 0.254 1.488123 0 1.570796 0 1.488123 0.254 1.488123 0 1.488123 0.254 1.405449 0.254 1.405449 0 1.488123 0 1.405449 0.254 1.405449 0 1.405449 0.254 1.322776 0.254 1.322776 0 1.405449 0 1.322776 0.254 1.322776 0 1.322776 0.254 1.240102 0.254 1.240102 0 1.322776 0 1.240102 0.254 1.240102 0 1.240102 0.254 1.157429 0.254 1.157429 0 1.240102 0 1.157429 0.254 1.157429 0 1.157429 0.254 1.074755 0.254 1.074755 0 1.157429 0 1.074755 0.254 1.074755 0 1.074755 0.254 0.992082 0.254 0.992082 0 1.074755 0 0.992082 0.254 0.992082 0 0.992082 0.254 0.909408 0.254 0.909408 0 0.992082 0 0.909408 0.254 0.909408 0 0.909408 0.254 0.826735 0.254 0.826735 0 0.909408 0 0.826735 0.254 0.826735 0 0.826735 0.254 0.744061 0.254 0.744061 0 0.826735 0 0.744061 0.254 0.744061 0 0.744061 0.254 0.661388 0.254 0.661388 0 0.744061 0 0.661388 0.254 0.661388 0 0.661388 0.254 0.578714 0.254 0.578714 0 0.661388 0 0.578714 0.254 0.578714 0 0.578714 0.254 0.496041 0.254 0.496041 0 0.578714 0 0.496041 0.254 0.496041 0 0.496041 0.254 0.413367 0.254 0.413367 0 0.496041 0 0.413367 0.254 0.413367 0 0.413367 0.254 0.330694 0.254 0.330694 0 0.413367 0 0.330694 0.254 0.330694 0 0.330694 0.254 0.2480199 0.254 0.2480199 0 0.330694 0 0.2480199 0.254 0.2480199 0 0.2480199 0.254 0.165347 0.254 0.165347 0 0.2480199 0 0.165347 0.254 0.165347 0 0.165347 0.254 0.08267295 0.254 0.08267295 0 0.165347 0 0.08267295 0.254 0.08267295 0 0.08267295 0.254 0 0.254 0 0 0.08267295 0 0 0.254 0 0 0 0.254 -0.08267295 0.254 -0.08267295 0 0 0 -0.08267295 0.254 -0.08267295 0 -0.08267295 0.254 -0.165347 0.254 -0.165347 0 -0.08267295 0 -0.165347 0.254 -0.165347 0 -0.165347 0.254 -0.2480199 0.254 -0.2480199 0 -0.165347 0 -0.2480199 0.254 -0.2480199 0 -0.2480199 0.254 -0.330694 0.254 -0.330694 0 -0.2480199 0 -0.330694 0.254 -0.330694 0 -0.330694 0.254 -0.413367 0.254 -0.413367 0 -0.330694 0 -0.413367 0.254 -0.413367 0 -0.413367 0.254 -0.496041 0.254 -0.496041 0 -0.413367 0 -0.496041 0.254 -0.496041 0 -0.496041 0.254 -0.578714 0.254 -0.578714 0 -0.496041 0 -0.578714 0.254 -0.578714 0 -0.578714 0.254 -0.661388 0.254 -0.661388 0 -0.578714 0 -0.661388 0.254 -0.661388 0 -0.661388 0.254 -0.744061 0.254 -0.744061 0 -0.661388 0 -0.744061 0.254 -0.744061 0 -0.744061 0.254 -0.826735 0.254 -0.826735 0 -0.744061 0 -0.826735 0.254 -0.826735 0 -0.826735 0.254 -0.909408 0.254 -0.909408 0 -0.826735 0 -0.909408 0.254 -0.909408 0 -0.909408 0.254 -0.992082 0.254 -0.992082 0 -0.909408 0 -0.992082 0.254 -0.992082 0 -0.992082 0.254 -1.074755 0.254 -1.074755 0 -0.992082 0 -1.074755 0.254 -1.074755 0 -1.074755 0.254 -1.157429 0.254 -1.157429 0 -1.074755 0 -1.157429 0.254 -1.157429 0 -1.157429 0.254 -1.240102 0.254 -1.240102 0 -1.157429 0 -1.240102 0.254 -1.240102 0 -1.240102 0.254 -1.322776 0.254 -1.322776 0 -1.240102 0 -1.322776 0.254 -1.322776 0 -1.322776 0.254 -1.405449 0.254 -1.405449 0 -1.322776 0 -1.405449 0.254 -1.405449 0 -1.405449 0.254 -1.488123 0.254 -1.488123 0 -1.405449 0 -1.488123 -1.145625 3.55 -1.145625 3.15926 -0.366489 3.55 -0.366489 3.55 -1.145625 3.15926 -0.205874 3.54354 -0.205874 3.54354 -1.145625 3.15926 -0.046296 3.524203 -0.046296 3.524203 -1.145625 3.15926 0.111214 3.492112 0.111214 3.492112 -1.145625 3.15926 0.265637 3.447476 0.265637 3.447476 -1.145625 3.15926 0.415977 3.390583 0.415977 3.390583 -1.145625 3.15926 0.561263 3.3218 0.561263 3.3218 -1.145625 3.15926 0.700556 3.241572 0.700556 3.241572 -1.145625 3.15926 0.832955 3.150417 0.832955 3.150417 -1.145625 3.15926 0.957607 3.048923 0.957607 3.048923 -1.145625 3.15926 1.073705 2.937747 1.073705 2.937747 -1.145625 3.15926 1.1805 2.817606 1.1805 2.817606 -1.145625 3.15926 -1.338954 3.045681 1.1805 2.817606 -1.338954 3.045681 -1.524838 2.920287 -1.524838 2.920287 -1.702555 2.783564 1.1805 2.817606 1.1805 2.817606 -1.702555 2.783564 -1.871415 2.636043 1.1805 2.817606 -1.871415 2.636043 -2.030765 2.478296 -2.030765 2.478296 -2.179984 2.310934 1.1805 2.817606 1.1805 2.817606 -2.179984 2.310934 -2.318495 2.134607 1.1805 2.817606 -2.318495 2.134607 0.580375 -2.25 0.580375 -2.25 -2.318495 2.134607 -2.445761 1.95 0.580375 -2.25 -2.445761 1.95 -2.690645 -2.25 -2.690645 -2.25 -2.445761 1.95 -2.690645 1.95 1.1805 2.817606 0.580375 -2.25 2.320738 1.426056 2.320738 1.426056 0.580375 -2.25 0.75533 -2.243188 2.320738 1.426056 0.75533 -2.243188 0.929226 -2.222792 0.929226 -2.222792 1.101009 -2.188936 2.320738 1.426056 2.320738 1.426056 1.101009 -2.188936 1.26964 -2.141825 2.320738 1.426056 1.26964 -2.141825 1.434097 -2.081744 1.434097 -2.081744 1.593384 -2.009058 2.320738 1.426056 2.320738 1.426056 1.593384 -2.009058 1.746537 -1.924206 2.320738 1.426056 1.746537 -1.924206 1.892628 -1.827701 1.892628 -1.827701 2.030773 -1.72013 2.320738 1.426056 2.320738 1.426056 2.030773 -1.72013 2.160135 -1.602142 2.320738 1.426056 2.160135 -1.602142 2.279931 -1.474452 2.279931 -1.474452 2.389436 -1.337834 2.320738 1.426056 2.320738 1.426056 2.389436 -1.337834 2.426356 1.286412 2.426356 1.286412 2.389436 -1.337834 2.487985 -1.193115 2.426356 1.286412 2.487985 -1.193115 2.520795 1.138977 2.520795 1.138977 2.487985 -1.193115 2.574984 -1.041171 2.520795 1.138977 2.574984 -1.041171 2.603485 0.984646 2.603485 0.984646 2.574984 -1.041171 2.649904 -0.882922 2.603485 0.984646 2.649904 -0.882922 2.673923 0.824352 2.673923 0.824352 2.649904 -0.882922 2.712292 -0.719327 2.673923 0.824352 2.712292 -0.719327 2.731684 0.659066 2.731684 0.659066 2.712292 -0.719327 2.76177 -0.551376 2.731684 0.659066 2.76177 -0.551376 2.776418 0.48979 2.776418 0.48979 2.76177 -0.551376 2.79804 -0.380086 2.776418 0.48979 2.79804 -0.380086 2.807854 0.317547 2.807854 0.317547 2.79804 -0.380086 2.82088 -0.206494 2.807854 0.317547 2.82088 -0.206494 2.825802 0.143382 2.825802 0.143382 2.82088 -0.206494 2.830153 -0.03165197 2.959323 -1.014152 3.031797 -0.996753 2.88502 -1.02 2.88502 -1.02 3.031797 -0.996753 3.100656 -0.96823 2.88502 -1.02 3.100656 -0.96823 3.164206 -0.929287 3.220882 -0.880882 -3.220882 -0.880882 3.164206 -0.929287 3.164206 -0.929287 -3.220882 -0.880882 -3.164206 -0.929287 3.164206 -0.929287 -3.164206 -0.929287 2.88502 -1.02 2.88502 -1.02 -3.164206 -0.929287 -2.88502 -1.02 -2.88502 -1.02 -3.164206 -0.929287 -3.100656 -0.96823 -2.88502 -1.02 -3.100656 -0.96823 -3.031797 -0.996753 -3.220882 -0.880882 3.220882 -0.880882 -3.269287 -0.824206 -3.269287 -0.824206 3.220882 -0.880882 3.269287 -0.824206 -3.269287 -0.824206 3.269287 -0.824206 -3.30823 -0.760656 -3.30823 -0.760656 3.269287 -0.824206 3.30823 -0.760656 -3.30823 -0.760656 3.30823 -0.760656 -3.336753 -0.691797 -3.336753 -0.691797 3.30823 -0.760656 3.336753 -0.691797 -3.336753 -0.691797 3.336753 -0.691797 -3.354152 -0.619323 -3.354152 -0.619323 3.336753 -0.691797 3.354152 -0.619323 -3.354152 -0.619323 3.354152 -0.619323 -3.36 -0.54502 -3.36 -0.54502 3.354152 -0.619323 3.36 -0.54502 -3.36 -0.54502 3.36 -0.54502 -3.36 -0.300136 -3.36 -0.300136 3.36 -0.54502 3.36 -0.300136 -3.031797 -0.996753 -2.959323 -1.014152 -2.88502 -1.02 -6.7 0 0.01999998 0 -6.7 0.39074 -6.7 0.39074 0.01999998 0 0.01999998 0.39074 3.4 -2.060707 -3.32 -2.060707 0.03999996 -2.284967 0.03999996 -2.284967 -3.32 -2.060707 -3.32 -2.284967 0.03999996 -2.284967 -3.32 -2.284967 0.03999996 -2.509227 0.03999996 -2.509227 -3.32 -2.284967 -3.32 -2.509227 0.03999996 -2.509227 -3.32 -2.509227 0.03999996 -2.733488 0.03999996 -2.733488 -3.32 -2.509227 -3.32 -2.733488 0.03999996 -2.733488 -3.32 -2.733488 0.03999996 -2.957748 0.03999996 -2.957748 -3.32 -2.733488 -3.32 -2.957748 0.03999996 -2.957748 -3.32 -2.957748 0.03999996 -3.182008 0.03999996 -3.182008 -3.32 -2.957748 -3.32 -3.182008 0.03999996 -3.182008 -3.32 -3.182008 0.03999996 -3.406269 0.03999996 -3.406269 -3.32 -3.182008 -3.32 -3.406269 0.03999996 -3.406269 -3.32 -3.406269 0.03999996 -3.630529 0.03999996 -3.630529 -3.32 -3.406269 -3.32 -3.630529 0.03999996 -3.630529 -3.32 -3.630529 -3.32 -3.854789 -3.32 -3.854789 3.4 -3.854789 0.03999996 -3.630529 0.03999996 -3.630529 3.4 -3.854789 3.4 -3.630529 0.03999996 -3.630529 3.4 -3.630529 0.03999996 -3.406269 0.03999996 -3.406269 3.4 -3.630529 3.4 -3.406269 0.03999996 -3.406269 3.4 -3.406269 0.03999996 -3.182008 0.03999996 -3.182008 3.4 -3.406269 3.4 -3.182008 0.03999996 -3.182008 3.4 -3.182008 0.03999996 -2.957748 0.03999996 -2.957748 3.4 -3.182008 3.4 -2.957748 0.03999996 -2.957748 3.4 -2.957748 0.03999996 -2.733488 0.03999996 -2.733488 3.4 -2.957748 3.4 -2.733488 0.03999996 -2.733488 3.4 -2.733488 0.03999996 -2.509227 0.03999996 -2.509227 3.4 -2.733488 3.4 -2.509227 0.03999996 -2.509227 3.4 -2.509227 0.03999996 -2.284967 0.03999996 -2.284967 3.4 -2.509227 3.4 -2.284967 0.03999996 -2.284967 3.4 -2.284967 3.4 -2.060707 0 -0.884337 0.254 -0.884337 0 -0.723548 0 -0.723548 0.254 -0.884337 0.254 -0.723548 0 -0.723548 0.254 -0.723548 0 -0.56276 0 -0.56276 0.254 -0.723548 0.254 -0.56276 0 -0.56276 0.254 -0.56276 0 -0.401971 0 -0.401971 0.254 -0.56276 0.254 -0.401971 0 -0.401971 0.254 -0.401971 0 -0.241183 0 -0.241183 0.254 -0.401971 0.254 -0.241183 0 -0.241183 0.254 -0.241183 0 -0.08039397 0 -0.08039397 0.254 -0.241183 0.254 -0.08039397 0 -0.08039397 0.254 -0.08039397 0 0.08039397 0 0.08039397 0.254 -0.08039397 0.254 0.08039397 0 0.08039397 0.254 0.08039397 0 0.241183 0 0.241183 0.254 0.08039397 0.254 0.241183 0 0.241183 0.254 0.241183 0 0.401971 0 0.401971 0.254 0.241183 0.254 0.401971 0 0.401971 0.254 0.401971 0 0.56276 0 0.56276 0.254 0.401971 0.254 0.56276 0 0.56276 0.254 0.56276 0 0.723548 0 0.723548 0.254 0.56276 0.254 0.723548 0 0.723548 0.254 0.723548 0 0.884337 0 0.884337 0.254 0.723548 0.254 0.884337 1.145625 3.55 0.366489 3.55 1.145625 3.15926 1.145625 3.15926 0.366489 3.55 0.205874 3.54354 1.145625 3.15926 0.205874 3.54354 0.046296 3.524203 0.046296 3.524203 -0.111214 3.492112 1.145625 3.15926 1.145625 3.15926 -0.111214 3.492112 -0.265637 3.447476 1.145625 3.15926 -0.265637 3.447476 -0.415977 3.390583 -0.415977 3.390583 -0.561263 3.3218 1.145625 3.15926 1.145625 3.15926 -0.561263 3.3218 -0.700556 3.241572 1.145625 3.15926 -0.700556 3.241572 -0.832955 3.150417 -0.832955 3.150417 -0.957607 3.048923 1.145625 3.15926 1.145625 3.15926 -0.957607 3.048923 -1.073705 2.937747 1.145625 3.15926 -1.073705 2.937747 -1.1805 2.817606 -2.320738 1.426056 -0.580375 -2.25 -1.1805 2.817606 -1.1805 2.817606 -0.580375 -2.25 2.318495 2.134607 -1.1805 2.817606 2.318495 2.134607 2.179984 2.310934 -2.426356 1.286412 -2.389436 -1.337834 -2.320738 1.426056 -2.320738 1.426056 -2.389436 -1.337834 -2.279931 -1.474452 -2.320738 1.426056 -2.279931 -1.474452 -2.160135 -1.602142 -2.389436 -1.337834 -2.426356 1.286412 -2.487985 -1.193115 -2.487985 -1.193115 -2.426356 1.286412 -2.520795 1.138977 -2.487985 -1.193115 -2.520795 1.138977 -2.574984 -1.041171 -2.574984 -1.041171 -2.520795 1.138977 -2.603485 0.984646 -2.574984 -1.041171 -2.603485 0.984646 -2.649904 -0.882922 -2.649904 -0.882922 -2.603485 0.984646 -2.673923 0.824352 -2.649904 -0.882922 -2.673923 0.824352 -2.712292 -0.719327 -2.712292 -0.719327 -2.673923 0.824352 -2.731684 0.659066 -2.712292 -0.719327 -2.731684 0.659066 -2.76177 -0.551376 -2.76177 -0.551376 -2.731684 0.659066 -2.776418 0.48979 -2.76177 -0.551376 -2.776418 0.48979 -2.79804 -0.380086 -2.79804 -0.380086 -2.776418 0.48979 -2.807854 0.317547 -2.79804 -0.380086 -2.807854 0.317547 -2.82088 -0.206494 -2.82088 -0.206494 -2.807854 0.317547 -2.825802 0.143382 -2.82088 -0.206494 -2.825802 0.143382 -2.830153 -0.03165197 -2.160135 -1.602142 -2.030773 -1.72013 -2.320738 1.426056 -2.320738 1.426056 -2.030773 -1.72013 -1.892628 -1.827701 -2.320738 1.426056 -1.892628 -1.827701 -1.746537 -1.924206 -1.746537 -1.924206 -1.593384 -2.009058 -2.320738 1.426056 -2.320738 1.426056 -1.593384 -2.009058 -1.434097 -2.081744 -2.320738 1.426056 -1.434097 -2.081744 -1.26964 -2.141825 -1.26964 -2.141825 -1.101009 -2.188936 -2.320738 1.426056 -2.320738 1.426056 -1.101009 -2.188936 -0.929226 -2.222792 -2.320738 1.426056 -0.929226 -2.222792 -0.75533 -2.243188 -0.75533 -2.243188 -0.580375 -2.25 -2.320738 1.426056 2.318495 2.134607 -0.580375 -2.25 2.445761 1.95 2.445761 1.95 -0.580375 -2.25 2.690645 -2.25 2.445761 1.95 2.690645 -2.25 2.690645 1.95 2.179984 2.310934 2.030765 2.478296 -1.1805 2.817606 -1.1805 2.817606 2.030765 2.478296 1.871415 2.636043 -1.1805 2.817606 1.871415 2.636043 1.702555 2.783564 1.702555 2.783564 1.524838 2.920287 -1.1805 2.817606 -1.1805 2.817606 1.524838 2.920287 1.338954 3.045681 -1.1805 2.817606 1.338954 3.045681 1.145625 3.15926 -0.127 -0.884337 0.127 -0.884337 -0.127 -0.723548 -0.127 -0.723548 0.127 -0.884337 0.127 -0.723548 -0.127 -0.723548 0.127 -0.723548 -0.127 -0.56276 -0.127 -0.56276 0.127 -0.723548 0.127 -0.56276 -0.127 -0.56276 0.127 -0.56276 -0.127 -0.401971 -0.127 -0.401971 0.127 -0.56276 0.127 -0.401971 -0.127 -0.401971 0.127 -0.401971 -0.127 -0.241183 -0.127 -0.241183 0.127 -0.401971 0.127 -0.241183 -0.127 -0.241183 0.127 -0.241183 -0.127 -0.08039397 -0.127 -0.08039397 0.127 -0.241183 0.127 -0.08039397 -0.127 -0.08039397 0.127 -0.08039397 -0.127 0.08039397 -0.127 0.08039397 0.127 -0.08039397 0.127 0.08039397 -0.127 0.08039397 0.127 0.08039397 -0.127 0.241183 -0.127 0.241183 0.127 0.08039397 0.127 0.241183 -0.127 0.241183 0.127 0.241183 -0.127 0.401971 -0.127 0.401971 0.127 0.241183 0.127 0.401971 -0.127 0.401971 0.127 0.401971 -0.127 0.56276 -0.127 0.56276 0.127 0.401971 0.127 0.56276 -0.127 0.56276 0.127 0.56276 -0.127 0.723548 -0.127 0.723548 0.127 0.56276 0.127 0.723548 -0.127 0.723548 0.127 0.723548 -0.127 0.884337 -0.127 0.884337 0.127 0.723548 0.127 0.884337 0.205874 3.54354 -1.1805 2.817606 0.366489 3.55 0.366489 3.55 -1.1805 2.817606 -0.580375 -2.25 0.366489 3.55 -0.580375 -2.25 2.690645 -2.25 0.205874 3.54354 0.046296 3.524203 -1.1805 2.817606 -1.1805 2.817606 0.046296 3.524203 -0.111214 3.492112 -1.1805 2.817606 -0.111214 3.492112 -0.265637 3.447476 -0.265637 3.447476 -0.415977 3.390583 -1.1805 2.817606 -1.1805 2.817606 -0.415977 3.390583 -0.561263 3.3218 -1.1805 2.817606 -0.561263 3.3218 -0.700556 3.241572 -0.700556 3.241572 -0.832955 3.150417 -1.1805 2.817606 -1.1805 2.817606 -0.832955 3.150417 -0.957607 3.048923 -1.1805 2.817606 -0.957607 3.048923 -1.073705 2.937747 -1.1805 2.817606 -2.320738 1.426056 -0.580375 -2.25 -0.580375 -2.25 -2.320738 1.426056 -0.75533 -2.243188 -0.75533 -2.243188 -2.320738 1.426056 -0.929226 -2.222792 -0.929226 -2.222792 -2.320738 1.426056 -1.101009 -2.188936 -1.101009 -2.188936 -2.320738 1.426056 -1.26964 -2.141825 -1.26964 -2.141825 -2.320738 1.426056 -1.434097 -2.081744 -1.434097 -2.081744 -2.320738 1.426056 -1.593384 -2.009058 -1.593384 -2.009058 -2.320738 1.426056 -1.746537 -1.924206 -1.746537 -1.924206 -2.320738 1.426056 -1.892628 -1.827701 -1.892628 -1.827701 -2.320738 1.426056 -2.030773 -1.72013 -2.030773 -1.72013 -2.320738 1.426056 -2.160135 -1.602142 -2.160135 -1.602142 -2.320738 1.426056 -2.279931 -1.474452 -2.279931 -1.474452 -2.320738 1.426056 -2.389436 -1.337834 -2.389436 -1.337834 -2.320738 1.426056 -2.426356 1.286412 -2.389436 -1.337834 -2.426356 1.286412 -2.487985 -1.193115 -2.487985 -1.193115 -2.426356 1.286412 -2.520795 1.138977 -2.487985 -1.193115 -2.520795 1.138977 -2.574984 -1.041171 -2.574984 -1.041171 -2.520795 1.138977 -2.603485 0.984646 -2.574984 -1.041171 -2.603485 0.984646 -2.649904 -0.882922 -2.649904 -0.882922 -2.603485 0.984646 -2.673923 0.824352 -2.649904 -0.882922 -2.673923 0.824352 -2.712292 -0.719327 -2.712292 -0.719327 -2.673923 0.824352 -2.731684 0.659066 -2.712292 -0.719327 -2.731684 0.659066 -2.76177 -0.551376 -2.76177 -0.551376 -2.731684 0.659066 -2.776418 0.48979 -2.76177 -0.551376 -2.776418 0.48979 -2.79804 -0.380086 -2.79804 -0.380086 -2.776418 0.48979 -2.807854 0.317547 -2.79804 -0.380086 -2.807854 0.317547 -2.82088 -0.206494 -2.82088 -0.206494 -2.807854 0.317547 -2.825802 0.143382 -2.82088 -0.206494 -2.825802 0.143382 -2.830153 -0.03165197 2.690645 -2.25 2.690645 3.55 0.366489 3.55 3.946864 0 3.946864 -0.254 4.726 0 4.726 0 3.946864 -0.254 6.27102 -0.254 4.726 0 6.27102 -0.254 6.27102 0 6.27102 -0.254 6.366171 -0.247763 6.27102 0 6.27102 0 6.366171 -0.247763 6.459694 -0.229161 6.27102 0 6.459694 -0.229161 6.549989 -0.19851 6.27102 0 6.549989 -0.19851 6.746 0.47498 6.746 0.47498 6.549989 -0.19851 6.63551 -0.1563349 6.746 0.47498 6.63551 -0.1563349 6.714795 -0.103359 6.714795 -0.103359 6.786487 -0.04048699 6.746 0.47498 6.746 0.47498 6.786487 -0.04048699 6.849359 0.03120499 6.746 0.47498 6.849359 0.03120499 6.902335 0.11049 6.902335 0.11049 6.94451 0.196011 6.746 0.47498 6.746 0.47498 6.94451 0.196011 6.975161 0.286306 6.746 0.47498 6.975161 0.286306 6.993763 0.379829 6.993763 0.379829 7 0.47498 6.746 0.47498 7 0.47498 6.746 6.24502 6.746 0.47498 6.746 0.47498 6.746 6.24502 6.27102 6.72 6.746 0.47498 6.27102 6.72 6.27102 0 6.27102 0 6.27102 6.72 4.726 0 7 0.47498 7 6.24502 6.746 6.24502 7 6.24502 6.993763 6.340171 6.746 6.24502 6.746 6.24502 6.993763 6.340171 6.975161 6.433694 6.746 6.24502 6.975161 6.433694 6.94451 6.523989 6.94451 6.523989 6.902335 6.60951 6.746 6.24502 6.746 6.24502 6.902335 6.60951 6.849359 6.688795 6.746 6.24502 6.849359 6.688795 6.786487 6.760487 6.786487 6.760487 6.714795 6.823359 6.746 6.24502 6.746 6.24502 6.714795 6.823359 6.63551 6.876335 6.746 6.24502 6.63551 6.876335 6.549989 6.91851 6.746 6.24502 6.549989 6.91851 6.27102 6.72 6.27102 6.72 6.549989 6.91851 6.459694 6.949161 6.27102 6.72 6.459694 6.949161 6.366171 6.967763 6.366171 6.967763 6.27102 6.974 6.27102 6.72 4.726 0 6.27102 6.72 4.726 6.72 4.726 6.72 6.27102 6.72 6.27102 6.974 4.726 6.72 6.27102 6.974 3.946864 6.974 3.946864 6.974 3.946864 6.72 4.726 6.72 -0.946864 0.254 -2.745906 0.254 -0.946864 0 -0.946864 0 -2.745906 0.254 -2.745906 0 -0.946864 0.254 -2.745906 0.254 -0.946864 0 -0.946864 0 -2.745906 0.254 -2.745906 0 0.254 2.539413 0 2.539413 0.254 2.364281 0.254 2.364281 0 2.539413 0 2.364281 0.254 2.364281 0 2.364281 0.254 2.189149 0.254 2.189149 0 2.364281 0 2.189149 0.254 2.189149 0 2.189149 0.254 2.014017 0.254 2.014017 0 2.189149 0 2.014017 0.254 2.014017 0 2.014017 0.254 1.838885 0.254 1.838885 0 2.014017 0 1.838885 0.254 1.838885 0 1.838885 0.254 1.663753 0.254 1.663753 0 1.838885 0 1.663753 0.254 1.663753 0 1.663753 0.254 1.488621 0.254 1.488621 0 1.663753 0 1.488621 0.254 1.488621 0 1.488621 0.254 1.31349 0.254 1.31349 0 1.488621 0 1.31349 0.254 1.31349 0 1.31349 0.254 1.138358 0.254 1.138358 0 1.31349 0 1.138358 0.254 1.138358 0 1.138358 0.254 0.963226 0.254 0.963226 0 1.138358 0 0.963226 0.254 0.963226 0 0.963226 0.254 0.788094 0.254 0.788094 0 0.963226 0 0.788094 0.254 0.788094 0 0.788094 0.254 0.612962 0.254 0.612962 0 0.788094 0 0.612962 0.254 0.612962 0 0.612962 0.254 0.43783 0.254 0.43783 0 0.612962 0 0.43783 0.254 0.43783 0 0.43783 0.254 0.262698 0.254 0.262698 0 0.43783 0 0.262698 0.254 0.262698 0 0.262698 0.254 0.08756595 0.254 0.08756595 0 0.262698 0 0.08756595 0.254 0.08756595 0 0.08756595 0.254 -0.08756595 0.254 -0.08756595 0 0.08756595 0 -0.08756595 0.254 -0.08756595 0 -0.08756595 0.254 -0.262698 0.254 -0.262698 0 -0.08756595 0 -0.262698 0.254 -0.262698 0 -0.262698 0.254 -0.43783 0.254 -0.43783 0 -0.262698 0 -0.43783 0.254 -0.43783 0 -0.43783 0.254 -0.612962 0.254 -0.612962 0 -0.43783 0 -0.612962 0.254 -0.612962 0 -0.612962 0.254 -0.788094 0.254 -0.788094 0 -0.612962 0 -0.788094 0.254 -0.788094 0 -0.788094 0.254 -0.963226 0.254 -0.963226 0 -0.788094 0 -0.963226 0.254 -0.963226 0 -0.963226 0.254 -1.138358 0.254 -1.138358 0 -0.963226 0 -1.138358 0.254 -1.138358 0 -1.138358 0.254 -1.31349 0.254 -1.31349 0 -1.138358 0 -1.31349 0.254 -1.31349 0 -1.31349 0.254 -1.488621 0.254 -1.488621 0 -1.31349 0 -1.488621 0.254 -1.488621 0 -1.488621 0.254 -1.663753 0.254 -1.663753 0 -1.488621 0 -1.663753 0.254 -1.663753 0 -1.663753 0.254 -1.838885 0.254 -1.838885 0 -1.663753 0 -1.838885 0.254 -1.838885 0 -1.838885 0.254 -2.014017 0.254 -2.014017 0 -1.838885 0 -2.014017 0.254 -2.014017 0 -2.014017 0.254 -2.189149 0.254 -2.189149 0 -2.014017 0 -2.189149 0.254 -2.189149 0 -2.189149 0.254 -2.364281 0.254 -2.364281 0 -2.189149 0 -2.364281 0.254 -2.364281 0 -2.364281 0.254 -2.539413 0.254 -2.539413 0 -2.364281 0 -2.539413 7.228 2.539413 6.974 2.539413 7.228 2.364281 7.228 2.364281 6.974 2.539413 6.974 2.364281 7.228 2.364281 6.974 2.364281 7.228 2.189149 7.228 2.189149 6.974 2.364281 6.974 2.189149 7.228 2.189149 6.974 2.189149 7.228 2.014017 7.228 2.014017 6.974 2.189149 6.974 2.014017 7.228 2.014017 6.974 2.014017 7.228 1.838885 7.228 1.838885 6.974 2.014017 6.974 1.838885 7.228 1.838885 6.974 1.838885 7.228 1.663753 7.228 1.663753 6.974 1.838885 6.974 1.663753 7.228 1.663753 6.974 1.663753 7.228 1.488621 7.228 1.488621 6.974 1.663753 6.974 1.488621 7.228 1.488621 6.974 1.488621 7.228 1.31349 7.228 1.31349 6.974 1.488621 6.974 1.31349 7.228 1.31349 6.974 1.31349 7.228 1.138358 7.228 1.138358 6.974 1.31349 6.974 1.138358 7.228 1.138358 6.974 1.138358 7.228 0.963226 7.228 0.963226 6.974 1.138358 6.974 0.963226 7.228 0.963226 6.974 0.963226 7.228 0.788094 7.228 0.788094 6.974 0.963226 6.974 0.788094 7.228 0.788094 6.974 0.788094 7.228 0.612962 7.228 0.612962 6.974 0.788094 6.974 0.612962 7.228 0.612962 6.974 0.612962 7.228 0.43783 7.228 0.43783 6.974 0.612962 6.974 0.43783 7.228 0.43783 6.974 0.43783 7.228 0.262698 7.228 0.262698 6.974 0.43783 6.974 0.262698 7.228 0.262698 6.974 0.262698 7.228 0.08756595 7.228 0.08756595 6.974 0.262698 6.974 0.08756595 7.228 0.08756595 6.974 0.08756595 7.228 -0.08756595 7.228 -0.08756595 6.974 0.08756595 6.974 -0.08756595 7.228 -0.08756595 6.974 -0.08756595 7.228 -0.262698 7.228 -0.262698 6.974 -0.08756595 6.974 -0.262698 7.228 -0.262698 6.974 -0.262698 7.228 -0.43783 7.228 -0.43783 6.974 -0.262698 6.974 -0.43783 7.228 -0.43783 6.974 -0.43783 7.228 -0.612962 7.228 -0.612962 6.974 -0.43783 6.974 -0.612962 7.228 -0.612962 6.974 -0.612962 7.228 -0.788094 7.228 -0.788094 6.974 -0.612962 6.974 -0.788094 7.228 -0.788094 6.974 -0.788094 7.228 -0.963226 7.228 -0.963226 6.974 -0.788094 6.974 -0.963226 7.228 -0.963226 6.974 -0.963226 7.228 -1.138358 7.228 -1.138358 6.974 -0.963226 6.974 -1.138358 7.228 -1.138358 6.974 -1.138358 7.228 -1.31349 7.228 -1.31349 6.974 -1.138358 6.974 -1.31349 7.228 -1.31349 6.974 -1.31349 7.228 -1.488621 7.228 -1.488621 6.974 -1.31349 6.974 -1.488621 7.228 -1.488621 6.974 -1.488621 7.228 -1.663753 7.228 -1.663753 6.974 -1.488621 6.974 -1.663753 7.228 -1.663753 6.974 -1.663753 7.228 -1.838885 7.228 -1.838885 6.974 -1.663753 6.974 -1.838885 7.228 -1.838885 6.974 -1.838885 7.228 -2.014017 7.228 -2.014017 6.974 -1.838885 6.974 -2.014017 7.228 -2.014017 6.974 -2.014017 7.228 -2.189149 7.228 -2.189149 6.974 -2.014017 6.974 -2.189149 7.228 -2.189149 6.974 -2.189149 7.228 -2.364281 7.228 -2.364281 6.974 -2.189149 6.974 -2.364281 7.228 -2.364281 6.974 -2.364281 7.228 -2.539413 7.228 -2.539413 6.974 -2.364281 6.974 -2.539413 -3 0.254 -6.27102 0.254 -3 0 -3 0 -6.27102 0.254 -6.27102 0 3.55 1.049656 3.55 1.145079 1.616667 1.049656 1.616667 1.049656 3.55 1.145079 -2.25 1.145079 1.616667 1.049656 -2.25 1.145079 -0.316667 1.049656 -0.316667 1.049656 -2.25 1.145079 -2.25 1.049656 -0.316667 1.049656 -2.25 1.049656 -0.316667 0.954233 -0.316667 0.954233 -2.25 1.049656 -2.25 0.954233 -0.316667 0.954233 -2.25 0.954233 -0.316667 0.858809 -0.316667 0.858809 -2.25 0.954233 -2.25 0.858809 -0.316667 0.858809 -2.25 0.858809 -0.316667 0.763386 -0.316667 0.763386 -2.25 0.858809 -2.25 0.763386 -0.316667 0.763386 -2.25 0.763386 -0.316667 0.667963 -0.316667 0.667963 -2.25 0.763386 -2.25 0.667963 -0.316667 0.667963 -2.25 0.667963 -0.316667 0.57254 -0.316667 0.57254 -2.25 0.667963 -2.25 0.57254 -0.316667 0.57254 -2.25 0.57254 -0.316667 0.477116 -0.316667 0.477116 -2.25 0.57254 -2.25 0.477116 -0.316667 0.477116 -2.25 0.477116 -0.316667 0.381693 -0.316667 0.381693 -2.25 0.477116 -2.25 0.381693 -0.316667 0.381693 -2.25 0.381693 -0.316667 0.28627 -0.316667 0.28627 -2.25 0.381693 -2.25 0.28627 -0.316667 0.28627 -2.25 0.28627 -0.316667 0.190847 -0.316667 0.190847 -2.25 0.28627 -2.25 0.190847 -0.316667 0.190847 -2.25 0.190847 -0.316667 0.09542298 -0.316667 0.09542298 -2.25 0.190847 -2.25 0.09542298 -0.316667 0.09542298 -2.25 0.09542298 -2.25 0 -2.25 0 3.55 0 -0.316667 0.09542298 -0.316667 0.09542298 3.55 0 1.616667 0.09542298 -0.316667 0.09542298 1.616667 0.09542298 -0.316667 0.190847 -0.316667 0.190847 1.616667 0.09542298 1.616667 0.190847 -0.316667 0.190847 1.616667 0.190847 -0.316667 0.28627 -0.316667 0.28627 1.616667 0.190847 1.616667 0.28627 -0.316667 0.28627 1.616667 0.28627 -0.316667 0.381693 -0.316667 0.381693 1.616667 0.28627 1.616667 0.381693 -0.316667 0.381693 1.616667 0.381693 -0.316667 0.477116 -0.316667 0.477116 1.616667 0.381693 1.616667 0.477116 -0.316667 0.477116 1.616667 0.477116 -0.316667 0.57254 -0.316667 0.57254 1.616667 0.477116 1.616667 0.57254 -0.316667 0.57254 1.616667 0.57254 -0.316667 0.667963 -0.316667 0.667963 1.616667 0.57254 1.616667 0.667963 -0.316667 0.667963 1.616667 0.667963 -0.316667 0.763386 -0.316667 0.763386 1.616667 0.667963 1.616667 0.763386 -0.316667 0.763386 1.616667 0.763386 -0.316667 0.858809 -0.316667 0.858809 1.616667 0.763386 1.616667 0.858809 -0.316667 0.858809 1.616667 0.858809 -0.316667 0.954233 -0.316667 0.954233 1.616667 0.858809 1.616667 0.954233 -0.316667 0.954233 1.616667 0.954233 -0.316667 1.049656 -0.316667 1.049656 1.616667 0.954233 1.616667 1.049656 3.55 0 3.55 0.09542298 1.616667 0.09542298 1.616667 0.09542298 3.55 0.09542298 1.616667 0.190847 3.55 0.09542298 3.55 0.190847 1.616667 0.190847 1.616667 0.190847 3.55 0.190847 1.616667 0.28627 3.55 0.190847 3.55 0.28627 1.616667 0.28627 1.616667 0.28627 3.55 0.28627 1.616667 0.381693 3.55 0.28627 3.55 0.381693 1.616667 0.381693 1.616667 0.381693 3.55 0.381693 1.616667 0.477116 3.55 0.381693 3.55 0.477116 1.616667 0.477116 1.616667 0.477116 3.55 0.477116 1.616667 0.57254 3.55 0.477116 3.55 0.57254 1.616667 0.57254 1.616667 0.57254 3.55 0.57254 1.616667 0.667963 3.55 0.57254 3.55 0.667963 1.616667 0.667963 1.616667 0.667963 3.55 0.667963 1.616667 0.763386 3.55 0.667963 3.55 0.763386 1.616667 0.763386 1.616667 0.763386 3.55 0.763386 1.616667 0.858809 3.55 0.763386 3.55 0.858809 1.616667 0.858809 1.616667 0.858809 3.55 0.858809 1.616667 0.954233 3.55 0.858809 3.55 0.954233 1.616667 0.954233 1.616667 0.954233 3.55 0.954233 1.616667 1.049656 3.55 0.954233 3.55 1.049656 1.616667 1.049656 -4.16075 0 -0.88973 0 -4.16075 0.254 -4.16075 0.254 -0.88973 0 -0.88973 0.254 0 0 0 0.254 -0.095151 0.00623697 -0.095151 0.00623697 0 0.254 -0.07430297 0.259848 -0.095151 0.00623697 -0.07430297 0.259848 -0.188674 0.02483898 -0.188674 0.02483898 -0.07430297 0.259848 -0.146777 0.277247 -0.188674 0.02483898 -0.146777 0.277247 -0.278969 0.05548995 -0.278969 0.05548995 -0.146777 0.277247 -0.215636 0.30577 -0.278969 0.05548995 -0.215636 0.30577 -0.36449 0.09766495 -0.36449 0.09766495 -0.215636 0.30577 -0.279186 0.344713 -0.36449 0.09766495 -0.279186 0.344713 -0.443775 0.150641 -0.443775 0.150641 -0.279186 0.344713 -0.335862 0.393118 -0.443775 0.150641 -0.335862 0.393118 -0.515467 0.213513 -0.515467 0.213513 -0.335862 0.393118 -0.578339 0.285205 -0.578339 0.285205 -0.335862 0.393118 -0.384267 0.449794 -0.578339 0.285205 -0.384267 0.449794 -0.631315 0.36449 -0.631315 0.36449 -0.384267 0.449794 -0.42321 0.513344 -0.631315 0.36449 -0.42321 0.513344 -0.67349 0.450011 -0.67349 0.450011 -0.42321 0.513344 -0.451733 0.582203 -0.67349 0.450011 -0.451733 0.582203 -0.704141 0.540306 -0.704141 0.540306 -0.451733 0.582203 -0.469132 0.654677 -0.704141 0.540306 -0.469132 0.654677 -0.722743 0.633829 -0.722743 0.633829 -0.469132 0.654677 -0.47498 0.72898 -0.722743 0.633829 -0.47498 0.72898 -0.72898 0.72898 -1.95 0.671487 -0.55 0.663197 -1.95 0.746097 -1.95 0.746097 -0.55 0.663197 0.85 0.663197 -1.95 0.746097 0.85 0.663197 2.25 0.671487 2.25 0.671487 0.85 0.663197 2.25 0.596877 2.25 0.596877 0.85 0.663197 0.85 0.580298 2.25 0.596877 0.85 0.580298 2.25 0.522268 2.25 0.522268 0.85 0.580298 0.85 0.497398 2.25 0.522268 0.85 0.497398 2.25 0.447658 2.25 0.447658 0.85 0.497398 0.85 0.414498 2.25 0.447658 0.85 0.414498 2.25 0.373048 2.25 0.373048 0.85 0.414498 0.85 0.331599 2.25 0.373048 0.85 0.331599 2.25 0.298439 2.25 0.298439 0.85 0.331599 0.85 0.248699 2.25 0.298439 0.85 0.248699 2.25 0.223829 2.25 0.223829 0.85 0.248699 0.85 0.165799 2.25 0.223829 0.85 0.165799 2.25 0.149219 2.25 0.149219 0.85 0.165799 0.85 0.08289998 2.25 0.149219 0.85 0.08289998 2.25 0.07460999 2.25 0.07460999 0.85 0.08289998 2.25 0 2.25 0 0.85 0.08289998 -0.55 0.08289998 2.25 0 -0.55 0.08289998 -1.95 0.07460999 -1.95 0.07460999 -0.55 0.08289998 -1.95 0.149219 -1.95 0.149219 -0.55 0.08289998 -0.55 0.165799 -1.95 0.149219 -0.55 0.165799 -1.95 0.223829 -1.95 0.223829 -0.55 0.165799 -0.55 0.248699 -1.95 0.223829 -0.55 0.248699 -1.95 0.298439 -1.95 0.298439 -0.55 0.248699 -0.55 0.331599 -1.95 0.298439 -0.55 0.331599 -1.95 0.373048 -1.95 0.373048 -0.55 0.331599 -0.55 0.414498 -1.95 0.373048 -0.55 0.414498 -1.95 0.447658 -1.95 0.447658 -0.55 0.414498 -0.55 0.497398 -1.95 0.447658 -0.55 0.497398 -1.95 0.522268 -1.95 0.522268 -0.55 0.497398 -0.55 0.580298 -1.95 0.522268 -0.55 0.580298 -1.95 0.596877 -1.95 0.596877 -0.55 0.580298 -0.55 0.663197 -1.95 0.596877 -0.55 0.663197 -1.95 0.671487 -1.95 0.07460999 -1.95 0 2.25 0 2.25 0.671487 2.25 0.746097 -1.95 0.746097 0.85 0.580298 0.85 0.663197 -0.55 0.663197 0.85 0.497398 0.85 0.580298 -0.55 0.580298 -0.55 0.580298 0.85 0.580298 -0.55 0.663197 0.85 0.414498 0.85 0.497398 -0.55 0.497398 -0.55 0.497398 0.85 0.497398 -0.55 0.580298 0.85 0.331599 0.85 0.414498 -0.55 0.414498 -0.55 0.414498 0.85 0.414498 -0.55 0.497398 0.85 0.248699 0.85 0.331599 -0.55 0.331599 -0.55 0.331599 0.85 0.331599 -0.55 0.414498 0.85 0.165799 0.85 0.248699 -0.55 0.248699 -0.55 0.248699 0.85 0.248699 -0.55 0.331599 0.85 0.08289998 0.85 0.165799 -0.55 0.165799 -0.55 0.165799 0.85 0.165799 -0.55 0.248699 -0.55 0.08289998 0.85 0.08289998 -0.55 0.165799 2.25 1.049656 2.25 1.145079 0.316667 1.049656 0.316667 1.049656 2.25 1.145079 -3.55 1.145079 0.316667 1.049656 -3.55 1.145079 -1.616667 1.049656 -1.616667 1.049656 -3.55 1.145079 -3.55 1.049656 -1.616667 1.049656 -3.55 1.049656 -1.616667 0.954233 -1.616667 0.954233 -3.55 1.049656 -3.55 0.954233 -1.616667 0.954233 -3.55 0.954233 -1.616667 0.858809 -1.616667 0.858809 -3.55 0.954233 -3.55 0.858809 -1.616667 0.858809 -3.55 0.858809 -1.616667 0.763386 -1.616667 0.763386 -3.55 0.858809 -3.55 0.763386 -1.616667 0.763386 -3.55 0.763386 -1.616667 0.667963 -1.616667 0.667963 -3.55 0.763386 -3.55 0.667963 -1.616667 0.667963 -3.55 0.667963 -1.616667 0.57254 -1.616667 0.57254 -3.55 0.667963 -3.55 0.57254 -1.616667 0.57254 -3.55 0.57254 -1.616667 0.477116 -1.616667 0.477116 -3.55 0.57254 -3.55 0.477116 -1.616667 0.477116 -3.55 0.477116 -1.616667 0.381693 -1.616667 0.381693 -3.55 0.477116 -3.55 0.381693 -1.616667 0.381693 -3.55 0.381693 -1.616667 0.28627 -1.616667 0.28627 -3.55 0.381693 -3.55 0.28627 -1.616667 0.28627 -3.55 0.28627 -1.616667 0.190847 -1.616667 0.190847 -3.55 0.28627 -3.55 0.190847 -1.616667 0.190847 -3.55 0.190847 -1.616667 0.09542298 -1.616667 0.09542298 -3.55 0.190847 -3.55 0.09542298 -1.616667 0.09542298 -3.55 0.09542298 -3.55 0 -3.55 0 2.25 0 -1.616667 0.09542298 -1.616667 0.09542298 2.25 0 0.316667 0.09542298 -1.616667 0.09542298 0.316667 0.09542298 -1.616667 0.190847 -1.616667 0.190847 0.316667 0.09542298 0.316667 0.190847 -1.616667 0.190847 0.316667 0.190847 -1.616667 0.28627 -1.616667 0.28627 0.316667 0.190847 0.316667 0.28627 -1.616667 0.28627 0.316667 0.28627 -1.616667 0.381693 -1.616667 0.381693 0.316667 0.28627 0.316667 0.381693 -1.616667 0.381693 0.316667 0.381693 -1.616667 0.477116 -1.616667 0.477116 0.316667 0.381693 0.316667 0.477116 -1.616667 0.477116 0.316667 0.477116 -1.616667 0.57254 -1.616667 0.57254 0.316667 0.477116 0.316667 0.57254 -1.616667 0.57254 0.316667 0.57254 -1.616667 0.667963 -1.616667 0.667963 0.316667 0.57254 0.316667 0.667963 -1.616667 0.667963 0.316667 0.667963 -1.616667 0.763386 -1.616667 0.763386 0.316667 0.667963 0.316667 0.763386 -1.616667 0.763386 0.316667 0.763386 -1.616667 0.858809 -1.616667 0.858809 0.316667 0.763386 0.316667 0.858809 -1.616667 0.858809 0.316667 0.858809 -1.616667 0.954233 -1.616667 0.954233 0.316667 0.858809 0.316667 0.954233 -1.616667 0.954233 0.316667 0.954233 -1.616667 1.049656 -1.616667 1.049656 0.316667 0.954233 0.316667 1.049656 2.25 0 2.25 0.09542298 0.316667 0.09542298 0.316667 0.09542298 2.25 0.09542298 0.316667 0.190847 2.25 0.09542298 2.25 0.190847 0.316667 0.190847 0.316667 0.190847 2.25 0.190847 0.316667 0.28627 2.25 0.190847 2.25 0.28627 0.316667 0.28627 0.316667 0.28627 2.25 0.28627 0.316667 0.381693 2.25 0.28627 2.25 0.381693 0.316667 0.381693 0.316667 0.381693 2.25 0.381693 0.316667 0.477116 2.25 0.381693 2.25 0.477116 0.316667 0.477116 0.316667 0.477116 2.25 0.477116 0.316667 0.57254 2.25 0.477116 2.25 0.57254 0.316667 0.57254 0.316667 0.57254 2.25 0.57254 0.316667 0.667963 2.25 0.57254 2.25 0.667963 0.316667 0.667963 0.316667 0.667963 2.25 0.667963 0.316667 0.763386 2.25 0.667963 2.25 0.763386 0.316667 0.763386 0.316667 0.763386 2.25 0.763386 0.316667 0.858809 2.25 0.763386 2.25 0.858809 0.316667 0.858809 0.316667 0.858809 2.25 0.858809 0.316667 0.954233 2.25 0.858809 2.25 0.954233 0.316667 0.954233 0.316667 0.954233 2.25 0.954233 0.316667 1.049656 2.25 0.954233 2.25 1.049656 0.316667 1.049656 0 0.254 -0.095151 0.247763 0 0 0 0 -0.095151 0.247763 -0.07430297 -0.00584799 -0.07430297 -0.00584799 -0.095151 0.247763 -0.188674 0.229161 -0.07430297 -0.00584799 -0.188674 0.229161 -0.146777 -0.023247 -0.146777 -0.023247 -0.188674 0.229161 -0.278969 0.19851 -0.146777 -0.023247 -0.278969 0.19851 -0.215636 -0.05176997 -0.215636 -0.05176997 -0.278969 0.19851 -0.36449 0.1563349 -0.215636 -0.05176997 -0.36449 0.1563349 -0.279186 -0.09071296 -0.279186 -0.09071296 -0.36449 0.1563349 -0.443775 0.103359 -0.279186 -0.09071296 -0.443775 0.103359 -0.335862 -0.139118 -0.335862 -0.139118 -0.443775 0.103359 -0.515467 0.04048699 -0.335862 -0.139118 -0.515467 0.04048699 -0.578339 -0.03120499 -0.335862 -0.139118 -0.578339 -0.03120499 -0.384267 -0.195794 -0.384267 -0.195794 -0.578339 -0.03120499 -0.631315 -0.11049 -0.384267 -0.195794 -0.631315 -0.11049 -0.42321 -0.259344 -0.42321 -0.259344 -0.631315 -0.11049 -0.67349 -0.196011 -0.42321 -0.259344 -0.67349 -0.196011 -0.451733 -0.328203 -0.451733 -0.328203 -0.67349 -0.196011 -0.704141 -0.286306 -0.451733 -0.328203 -0.704141 -0.286306 -0.469132 -0.400677 -0.469132 -0.400677 -0.704141 -0.286306 -0.722743 -0.379829 -0.469132 -0.400677 -0.722743 -0.379829 -0.47498 -0.47498 -0.47498 -0.47498 -0.722743 -0.379829 -0.72898 -0.47498 1.95 0.07460999 0.55 0.08289998 1.95 0 1.95 0 0.55 0.08289998 -0.85 0.08289998 1.95 0 -0.85 0.08289998 -2.25 0.07460999 -2.25 0.07460999 -0.85 0.08289998 -2.25 0.149219 -2.25 0.149219 -0.85 0.08289998 -0.85 0.165799 -2.25 0.149219 -0.85 0.165799 -2.25 0.223829 -2.25 0.223829 -0.85 0.165799 -0.85 0.248699 -2.25 0.223829 -0.85 0.248699 -2.25 0.298439 -2.25 0.298439 -0.85 0.248699 -0.85 0.331599 -2.25 0.298439 -0.85 0.331599 -2.25 0.373048 -2.25 0.373048 -0.85 0.331599 -0.85 0.414498 -2.25 0.373048 -0.85 0.414498 -2.25 0.447658 -2.25 0.447658 -0.85 0.414498 -0.85 0.497398 -2.25 0.447658 -0.85 0.497398 -2.25 0.522268 -2.25 0.522268 -0.85 0.497398 -0.85 0.580298 -2.25 0.522268 -0.85 0.580298 -2.25 0.596877 -2.25 0.596877 -0.85 0.580298 -0.85 0.663197 -2.25 0.596877 -0.85 0.663197 -2.25 0.671487 -2.25 0.671487 -0.85 0.663197 -2.25 0.746097 -2.25 0.746097 -0.85 0.663197 0.55 0.663197 -2.25 0.746097 0.55 0.663197 1.95 0.671487 1.95 0.671487 0.55 0.663197 1.95 0.596877 1.95 0.596877 0.55 0.663197 0.55 0.580298 1.95 0.596877 0.55 0.580298 1.95 0.522268 1.95 0.522268 0.55 0.580298 0.55 0.497398 1.95 0.522268 0.55 0.497398 1.95 0.447658 1.95 0.447658 0.55 0.497398 0.55 0.414498 1.95 0.447658 0.55 0.414498 1.95 0.373048 1.95 0.373048 0.55 0.414498 0.55 0.331599 1.95 0.373048 0.55 0.331599 1.95 0.298439 1.95 0.298439 0.55 0.331599 0.55 0.248699 1.95 0.298439 0.55 0.248699 1.95 0.223829 1.95 0.223829 0.55 0.248699 0.55 0.165799 1.95 0.223829 0.55 0.165799 1.95 0.149219 1.95 0.149219 0.55 0.165799 0.55 0.08289998 1.95 0.149219 0.55 0.08289998 1.95 0.07460999 1.95 0.671487 1.95 0.746097 -2.25 0.746097 -2.25 0.07460999 -2.25 0 1.95 0 -0.85 0.165799 -0.85 0.08289998 0.55 0.08289998 -0.85 0.248699 -0.85 0.165799 0.55 0.165799 0.55 0.165799 -0.85 0.165799 0.55 0.08289998 -0.85 0.331599 -0.85 0.248699 0.55 0.248699 0.55 0.248699 -0.85 0.248699 0.55 0.165799 -0.85 0.414498 -0.85 0.331599 0.55 0.331599 0.55 0.331599 -0.85 0.331599 0.55 0.248699 -0.85 0.497398 -0.85 0.414498 0.55 0.414498 0.55 0.414498 -0.85 0.414498 0.55 0.331599 -0.85 0.580298 -0.85 0.497398 0.55 0.497398 0.55 0.497398 -0.85 0.497398 0.55 0.414498 -0.85 0.663197 -0.85 0.580298 0.55 0.580298 0.55 0.580298 -0.85 0.580298 0.55 0.497398 0.55 0.663197 -0.85 0.663197 0.55 0.580298 1.073705 2.937747 0.957607 3.048923 1.1805 2.817606 1.1805 2.817606 0.957607 3.048923 0.832955 3.150417 1.1805 2.817606 0.832955 3.150417 0.700556 3.241572 0.700556 3.241572 0.561263 3.3218 1.1805 2.817606 1.1805 2.817606 0.561263 3.3218 0.415977 3.390583 1.1805 2.817606 0.415977 3.390583 0.265637 3.447476 0.265637 3.447476 0.111214 3.492112 1.1805 2.817606 1.1805 2.817606 0.111214 3.492112 -0.046296 3.524203 1.1805 2.817606 -0.046296 3.524203 -0.205874 3.54354 -0.205874 3.54354 -0.366489 3.55 1.1805 2.817606 1.1805 2.817606 -0.366489 3.55 0.580375 -2.25 1.1805 2.817606 0.580375 -2.25 2.320738 1.426056 2.320738 1.426056 0.580375 -2.25 0.75533 -2.243188 2.320738 1.426056 0.75533 -2.243188 0.929226 -2.222792 -2.690645 3.55 -2.690645 -2.25 -0.366489 3.55 -0.366489 3.55 -2.690645 -2.25 0.580375 -2.25 0.929226 -2.222792 1.101009 -2.188936 2.320738 1.426056 2.320738 1.426056 1.101009 -2.188936 1.26964 -2.141825 2.320738 1.426056 1.26964 -2.141825 1.434097 -2.081744 1.434097 -2.081744 1.593384 -2.009058 2.320738 1.426056 2.320738 1.426056 1.593384 -2.009058 1.746537 -1.924206 2.320738 1.426056 1.746537 -1.924206 1.892628 -1.827701 1.892628 -1.827701 2.030773 -1.72013 2.320738 1.426056 2.320738 1.426056 2.030773 -1.72013 2.160135 -1.602142 2.320738 1.426056 2.160135 -1.602142 2.279931 -1.474452 2.279931 -1.474452 2.389436 -1.337834 2.320738 1.426056 2.320738 1.426056 2.389436 -1.337834 2.426356 1.286412 2.426356 1.286412 2.389436 -1.337834 2.487985 -1.193115 2.426356 1.286412 2.487985 -1.193115 2.520795 1.138977 2.520795 1.138977 2.487985 -1.193115 2.574984 -1.041171 2.520795 1.138977 2.574984 -1.041171 2.603485 0.984646 2.603485 0.984646 2.574984 -1.041171 2.649904 -0.882922 2.603485 0.984646 2.649904 -0.882922 2.673923 0.824352 2.673923 0.824352 2.649904 -0.882922 2.712292 -0.719327 2.673923 0.824352 2.712292 -0.719327 2.731684 0.659066 2.731684 0.659066 2.712292 -0.719327 2.76177 -0.551376 2.731684 0.659066 2.76177 -0.551376 2.776418 0.48979 2.776418 0.48979 2.76177 -0.551376 2.79804 -0.380086 2.776418 0.48979 2.79804 -0.380086 2.807854 0.317547 2.807854 0.317547 2.79804 -0.380086 2.82088 -0.206494 2.807854 0.317547 2.82088 -0.206494 2.825802 0.143382 2.825802 0.143382 2.82088 -0.206494 2.830153 -0.03165197 -0.47498 0.254 -6.24502 0.254 -0.47498 0 -0.47498 0 -6.24502 0.254 -6.24502 0 -2.88502 -2.25 -0.533181 0.08229696 -2.88502 3.55 -2.88502 3.55 -0.533181 0.08229696 -0.512909 0.1623499 -2.88502 3.55 -0.512909 0.1623499 -0.479737 0.237974 2.88502 -2.25 0.001289963 -0.498292 -2.88502 -2.25 -2.88502 -2.25 0.001289963 -0.498292 -0.08129 -0.498292 -2.88502 -2.25 -0.08129 -0.498292 -0.162743 -0.4847 2.88502 3.55 0.453181 0.08229696 2.88502 -2.25 2.88502 -2.25 0.453181 0.08229696 0.46 0 2.88502 -2.25 0.46 0 0.453181 -0.08229696 -2.88502 3.55 0.001289963 0.498292 2.88502 3.55 2.88502 3.55 0.001289963 0.498292 0.08274298 0.4847 2.88502 3.55 0.08274298 0.4847 0.160848 0.457887 0.453181 -0.08229696 0.432909 -0.1623499 2.88502 -2.25 2.88502 -2.25 0.432909 -0.1623499 0.399737 -0.237974 2.88502 -2.25 0.399737 -0.237974 0.35457 -0.307106 0.35457 -0.307106 0.298641 -0.367862 2.88502 -2.25 2.88502 -2.25 0.298641 -0.367862 0.233474 -0.418583 2.88502 -2.25 0.233474 -0.418583 0.160848 -0.457887 0.160848 -0.457887 0.08274298 -0.4847 2.88502 -2.25 2.88502 -2.25 0.08274298 -0.4847 0.001289963 -0.498292 -0.162743 -0.4847 -0.240848 -0.457887 -2.88502 -2.25 -2.88502 -2.25 -0.240848 -0.457887 -0.313474 -0.418583 -2.88502 -2.25 -0.313474 -0.418583 -0.378641 -0.367862 -0.378641 -0.367862 -0.43457 -0.307106 -2.88502 -2.25 -2.88502 -2.25 -0.43457 -0.307106 -0.479737 -0.237974 -2.88502 -2.25 -0.479737 -0.237974 -0.512909 -0.1623499 -0.512909 -0.1623499 -0.533181 -0.08229696 -2.88502 -2.25 -2.88502 -2.25 -0.533181 -0.08229696 -0.54 0 -2.88502 -2.25 -0.54 0 -0.533181 0.08229696 -0.479737 0.237974 -0.43457 0.307106 -2.88502 3.55 -2.88502 3.55 -0.43457 0.307106 -0.378641 0.367862 -2.88502 3.55 -0.378641 0.367862 -0.313474 0.418583 -0.313474 0.418583 -0.240848 0.457887 -2.88502 3.55 -2.88502 3.55 -0.240848 0.457887 -0.162743 0.4847 -2.88502 3.55 -0.162743 0.4847 -0.08129 0.498292 -0.08129 0.498292 0.001289963 0.498292 -2.88502 3.55 0.160848 0.457887 0.233474 0.418583 2.88502 3.55 2.88502 3.55 0.233474 0.418583 0.298641 0.367862 2.88502 3.55 0.298641 0.367862 0.35457 0.307106 0.35457 0.307106 0.399737 0.237974 2.88502 3.55 2.88502 3.55 0.399737 0.237974 0.432909 0.1623499 2.88502 3.55 0.432909 0.1623499 0.453181 0.08229696 -2.88502 1.95 -0.001289963 0.498292 2.88502 1.95 2.88502 1.95 -0.001289963 0.498292 0.08129 0.498292 2.88502 1.95 0.08129 0.498292 0.162743 0.4847 -2.88502 -2.25 -0.46 0 -2.88502 1.95 -2.88502 1.95 -0.46 0 -0.453181 0.08229696 -2.88502 1.95 -0.453181 0.08229696 -0.432909 0.1623499 2.88502 -2.25 -0.001289963 -0.498292 -2.88502 -2.25 -2.88502 -2.25 -0.001289963 -0.498292 -0.08274298 -0.4847 -2.88502 -2.25 -0.08274298 -0.4847 -0.160848 -0.457887 2.88502 1.95 0.54 0 2.88502 -2.25 2.88502 -2.25 0.54 0 0.533181 -0.08229696 2.88502 -2.25 0.533181 -0.08229696 0.512909 -0.1623499 -0.432909 0.1623499 -0.399737 0.237974 -2.88502 1.95 -2.88502 1.95 -0.399737 0.237974 -0.35457 0.307106 -2.88502 1.95 -0.35457 0.307106 -0.298641 0.367862 -0.298641 0.367862 -0.233474 0.418583 -2.88502 1.95 -2.88502 1.95 -0.233474 0.418583 -0.160848 0.457887 -2.88502 1.95 -0.160848 0.457887 -0.08274298 0.4847 -0.08274298 0.4847 -0.001289963 0.498292 -2.88502 1.95 0.162743 0.4847 0.240848 0.457887 2.88502 1.95 2.88502 1.95 0.240848 0.457887 0.313474 0.418583 2.88502 1.95 0.313474 0.418583 0.378641 0.367862 0.378641 0.367862 0.43457 0.307106 2.88502 1.95 2.88502 1.95 0.43457 0.307106 0.479737 0.237974 2.88502 1.95 0.479737 0.237974 0.512909 0.1623499 0.512909 0.1623499 0.533181 0.08229696 2.88502 1.95 2.88502 1.95 0.533181 0.08229696 0.54 0 0.512909 -0.1623499 0.479737 -0.237974 2.88502 -2.25 2.88502 -2.25 0.479737 -0.237974 0.43457 -0.307106 2.88502 -2.25 0.43457 -0.307106 0.378641 -0.367862 0.378641 -0.367862 0.313474 -0.418583 2.88502 -2.25 2.88502 -2.25 0.313474 -0.418583 0.240848 -0.457887 2.88502 -2.25 0.240848 -0.457887 0.162743 -0.4847 0.162743 -0.4847 0.08129 -0.498292 2.88502 -2.25 2.88502 -2.25 0.08129 -0.498292 -0.001289963 -0.498292 -0.160848 -0.457887 -0.233474 -0.418583 -2.88502 -2.25 -2.88502 -2.25 -0.233474 -0.418583 -0.298641 -0.367862 -2.88502 -2.25 -0.298641 -0.367862 -0.35457 -0.307106 -0.35457 -0.307106 -0.399737 -0.237974 -2.88502 -2.25 -2.88502 -2.25 -0.399737 -0.237974 -0.432909 -0.1623499 -2.88502 -2.25 -0.432909 -0.1623499 -0.453181 -0.08229696 -0.453181 -0.08229696 -0.46 0 -2.88502 -2.25</float_array>
          <technique_common>
            <accessor source="#hip_thigh_conn-mesh-map-0-array" count="3846" stride="2">
              <param name="S" type="float"/>
              <param name="T" type="float"/>
            </accessor>
          </technique_common>
        </source>
        <vertices id="hip_thigh_conn-mesh-vertices">
          <input semantic="POSITION" source="#hip_thigh_conn-mesh-positions"/>
        </vertices>
        <triangles material="Opaque_137_137_137_-material" count="1282">
          <input semantic="VERTEX" source="#hip_thigh_conn-mesh-vertices" offset="0"/>
          <input semantic="NORMAL" source="#hip_thigh_conn-mesh-normals" offset="1"/>
          <input semantic="TEXCOORD" source="#hip_thigh_conn-mesh-map-0" offset="2" set="0"/>
          <p>1 0 0 13 1 1 0 2 2 0 2 3 13 1 4 14 3 5 0 2 6 14 3 7 27 4 8 27 4 9 14 3 10 15 5 11 27 4 12 15 5 13 26 6 14 26 6 15 15 5 16 16 7 17 26 6 18 16 7 19 25 8 20 25 8 21 16 7 22 17 9 23 25 8 24 17 9 25 24 10 26 24 10 27 17 9 28 18 11 29 24 10 30 18 11 31 23 12 32 23 12 33 18 11 34 19 13 35 23 12 36 19 13 37 22 14 38 22 14 39 19 13 40 20 14 41 22 14 42 20 14 43 21 14 44 13 1 45 1 0 46 12 15 47 12 15 48 1 0 49 2 16 50 12 15 51 2 16 52 11 17 53 11 17 54 2 16 55 3 18 56 11 17 57 3 18 58 10 19 59 10 19 60 3 18 61 4 20 62 10 19 63 4 20 64 9 14 65 9 14 66 4 20 67 5 14 68 9 14 69 5 14 70 8 14 71 8 14 72 5 14 73 6 14 74 8 14 75 6 14 76 7 14 77 29 21 78 41 22 79 28 23 80 28 23 81 41 22 82 42 24 83 28 23 84 42 24 85 55 25 86 55 25 87 42 24 88 43 26 89 55 25 90 43 26 91 54 27 92 54 27 93 43 26 94 44 28 95 54 27 96 44 28 97 53 29 98 53 29 99 44 28 100 45 30 101 53 29 102 45 30 103 52 31 104 52 31 105 45 30 106 46 32 107 52 31 108 46 32 109 51 33 110 51 33 111 46 32 112 47 34 113 51 33 114 47 34 115 50 35 116 50 35 117 47 34 118 48 36 119 50 35 120 48 36 121 49 37 122 41 22 123 29 21 124 40 38 125 40 38 126 29 21 127 30 39 128 40 38 129 30 39 130 39 40 131 39 40 132 30 39 133 31 41 134 39 40 135 31 41 136 38 42 137 38 42 138 31 41 139 32 43 140 38 42 141 32 43 142 37 44 143 37 44 144 32 43 145 33 45 146 37 44 147 33 45 148 36 46 149 36 46 150 33 45 151 34 47 152 36 46 153 34 47 154 35 37 155 55 48 156 61 49 157 28 50 158 28 50 159 61 49 160 56 51 161 28 50 162 56 51 163 29 52 164 29 52 165 56 51 166 191 53 167 29 52 168 191 53 169 30 54 170 30 54 171 191 53 172 186 55 173 30 54 174 186 55 175 31 56 176 31 56 177 186 55 178 181 57 179 31 56 180 181 57 181 32 58 182 32 58 183 181 57 184 176 59 185 32 58 186 176 59 187 33 60 188 33 60 189 176 59 190 171 61 191 33 60 192 171 61 193 34 62 194 34 62 195 171 61 196 166 63 197 34 62 198 166 63 199 35 64 200 35 64 201 166 63 202 161 65 203 35 64 204 161 65 205 36 66 206 36 66 207 161 65 208 156 67 209 36 66 210 156 67 211 37 68 212 37 68 213 156 67 214 151 69 215 37 68 216 151 69 217 38 70 218 38 70 219 151 69 220 146 71 221 38 70 222 146 71 223 39 72 224 39 72 225 146 71 226 141 73 227 39 72 228 141 73 229 40 74 230 40 74 231 141 73 232 136 75 233 40 74 234 136 75 235 41 76 236 41 76 237 136 75 238 131 77 239 41 76 240 131 77 241 42 78 242 42 78 243 131 77 244 126 79 245 42 78 246 126 79 247 43 80 248 43 80 249 126 79 250 121 81 251 43 80 252 121 81 253 44 82 254 44 82 255 121 81 256 116 83 257 44 82 258 116 83 259 45 84 260 45 84 261 116 83 262 111 85 263 45 84 264 111 85 265 46 86 266 46 86 267 111 85 268 106 87 269 46 86 270 106 87 271 47 88 272 47 88 273 106 87 274 101 89 275 47 88 276 101 89 277 48 90 278 48 90 279 101 89 280 96 91 281 48 90 282 96 91 283 49 92 284 49 92 285 96 91 286 91 93 287 49 92 288 91 93 289 50 94 290 50 94 291 91 93 292 86 95 293 50 94 294 86 95 295 51 96 296 51 96 297 86 95 298 81 97 299 51 96 300 81 97 301 52 98 302 52 98 303 81 97 304 76 99 305 52 98 306 76 99 307 53 100 308 53 100 309 76 99 310 71 100 311 53 100 312 71 100 313 54 101 314 54 101 315 71 100 316 66 102 317 54 101 318 66 102 319 55 48 320 55 48 321 66 102 322 61 49 323 27 103 324 195 104 325 0 105 326 0 105 327 195 104 328 60 106 329 0 105 330 60 106 331 1 107 332 1 107 333 60 106 334 65 108 335 1 107 336 65 108 337 2 109 338 2 109 339 65 108 340 70 110 341 2 109 342 70 110 343 3 111 344 3 111 345 70 110 346 75 100 347 3 111 348 75 100 349 4 112 350 4 112 351 75 100 352 80 113 353 4 112 354 80 113 355 5 114 356 5 114 357 80 113 358 85 115 359 5 114 360 85 115 361 6 116 362 6 116 363 85 115 364 90 95 365 6 116 366 90 95 367 7 117 368 7 117 369 90 95 370 95 118 371 7 117 372 95 118 373 8 119 374 8 119 375 95 118 376 100 120 377 8 119 378 100 120 379 9 121 380 9 121 381 100 120 382 105 122 383 9 121 384 105 122 385 10 123 386 10 123 387 105 122 388 110 87 389 10 123 390 110 87 391 11 124 392 11 124 393 110 87 394 115 125 395 11 124 396 115 125 397 12 126 398 12 126 399 115 125 400 120 127 401 12 126 402 120 127 403 13 128 404 13 128 405 120 127 406 125 129 407 13 128 408 125 129 409 14 130 410 14 130 411 125 129 412 130 131 413 14 130 414 130 131 415 15 132 416 15 132 417 130 131 418 135 77 419 15 132 420 135 77 421 16 133 422 16 133 423 135 77 424 140 134 425 16 133 426 140 134 427 17 135 428 17 135 429 140 134 430 145 136 431 17 135 432 145 136 433 18 137 434 18 137 435 145 136 436 150 138 437 18 137 438 150 138 439 19 139 440 19 139 441 150 138 442 155 140 443 19 139 444 155 140 445 20 141 446 20 141 447 155 140 448 160 67 449 20 141 450 160 67 451 21 142 452 21 142 453 160 67 454 165 143 455 21 142 456 165 143 457 22 144 458 22 144 459 165 143 460 170 145 461 22 144 462 170 145 463 23 146 464 23 146 465 170 145 466 175 147 467 23 146 468 175 147 469 24 148 470 24 148 471 175 147 472 180 149 473 24 148 474 180 149 475 25 150 476 25 150 477 180 149 478 185 151 479 25 150 480 185 151 481 26 152 482 26 152 483 185 151 484 190 153 485 26 152 486 190 153 487 27 103 488 27 103 489 190 153 490 195 104 491 56 51 492 57 154 493 191 53 494 191 53 495 57 154 496 192 53 497 191 53 498 192 53 499 186 55 500 186 55 501 192 53 502 187 155 503 186 55 504 187 155 505 181 57 506 181 57 507 187 155 508 182 156 509 181 57 510 182 156 511 176 59 512 176 59 513 182 156 514 177 157 515 176 59 516 177 157 517 171 61 518 171 61 519 177 157 520 172 158 521 171 61 522 172 158 523 166 63 524 166 63 525 172 158 526 167 159 527 166 63 528 167 159 529 161 65 530 161 65 531 167 159 532 162 160 533 161 65 534 162 160 535 156 67 536 156 67 537 162 160 538 157 161 539 156 67 540 157 161 541 151 69 542 151 69 543 157 161 544 152 162 545 151 69 546 152 162 547 146 71 548 146 71 549 152 162 550 147 163 551 146 71 552 147 163 553 141 73 554 141 73 555 147 163 556 142 164 557 141 73 558 142 164 559 136 75 560 136 75 561 142 164 562 137 165 563 136 75 564 137 165 565 131 77 566 131 77 567 137 165 568 132 166 569 131 77 570 132 166 571 126 79 572 126 79 573 132 166 574 127 167 575 126 79 576 127 167 577 121 81 578 121 81 579 127 167 580 122 81 581 121 81 582 122 81 583 116 83 584 116 83 585 122 81 586 117 168 587 116 83 588 117 168 589 111 85 590 111 85 591 117 168 592 112 169 593 111 85 594 112 169 595 106 87 596 106 87 597 112 169 598 107 170 599 106 87 600 107 170 601 101 89 602 101 89 603 107 170 604 102 171 605 101 89 606 102 171 607 96 91 608 96 91 609 102 171 610 97 172 611 96 91 612 97 172 613 91 93 614 91 93 615 97 172 616 92 173 617 91 93 618 92 173 619 86 95 620 86 95 621 92 173 622 87 174 623 86 95 624 87 174 625 81 97 626 81 97 627 87 174 628 82 115 629 81 97 630 82 115 631 76 99 632 76 99 633 82 115 634 77 175 635 76 99 636 77 175 637 71 100 638 71 100 639 77 175 640 72 100 641 71 100 642 72 100 643 66 102 644 66 102 645 72 100 646 67 176 647 66 102 648 67 176 649 61 49 650 61 49 651 67 176 652 62 177 653 61 49 654 62 177 655 56 51 656 56 51 657 62 177 658 57 154 659 57 154 660 58 178 661 192 53 662 192 53 663 58 178 664 193 104 665 192 53 666 193 104 667 187 155 668 187 155 669 193 104 670 188 179 671 187 155 672 188 179 673 182 156 674 182 156 675 188 179 676 183 180 677 182 156 678 183 180 679 177 157 680 177 157 681 183 180 682 178 59 683 177 157 684 178 59 685 172 158 686 172 158 687 178 59 688 173 181 689 172 158 690 173 181 691 167 159 692 167 159 693 173 181 694 168 63 695 167 159 696 168 63 697 162 160 698 162 160 699 168 63 700 163 182 701 162 160 702 163 182 703 157 161 704 157 161 705 163 182 706 158 183 707 157 161 708 158 183 709 152 162 710 152 162 711 158 183 712 153 184 713 152 162 714 153 184 715 147 163 716 147 163 717 153 184 718 148 185 719 147 163 720 148 185 721 142 164 722 142 164 723 148 185 724 143 73 725 142 164 726 143 73 727 137 165 728 137 165 729 143 73 730 138 186 731 137 165 732 138 186 733 132 166 734 132 166 735 138 186 736 133 77 737 132 166 738 133 77 739 127 167 740 127 167 741 133 77 742 128 187 743 127 167 744 128 187 745 122 81 746 122 81 747 128 187 748 123 188 749 122 81 750 123 188 751 117 168 752 117 168 753 123 188 754 118 83 755 117 168 756 118 83 757 112 169 758 112 169 759 118 83 760 113 169 761 112 169 762 113 169 763 107 170 764 107 170 765 113 169 766 108 189 767 107 170 768 108 189 769 102 171 770 102 171 771 108 189 772 103 89 773 102 171 774 103 89 775 97 172 776 97 172 777 103 89 778 98 91 779 97 172 780 98 91 781 92 173 782 92 173 783 98 91 784 93 190 785 92 173 786 93 190 787 87 174 788 87 174 789 93 190 790 88 191 791 87 174 792 88 191 793 82 115 794 82 115 795 88 191 796 83 97 797 82 115 798 83 97 799 77 175 800 77 175 801 83 97 802 78 99 803 77 175 804 78 99 805 72 100 806 72 100 807 78 99 808 73 100 809 72 100 810 73 100 811 67 176 812 67 176 813 73 100 814 68 192 815 67 176 816 68 192 817 62 177 818 62 177 819 68 192 820 63 108 821 62 177 822 63 108 823 57 154 824 57 154 825 63 108 826 58 178 827 58 178 828 59 154 829 193 104 830 193 104 831 59 154 832 194 104 833 193 104 834 194 104 835 188 179 836 188 179 837 194 104 838 189 55 839 188 179 840 189 55 841 183 180 842 183 180 843 189 55 844 184 156 845 183 180 846 184 156 847 178 59 848 178 59 849 184 156 850 179 193 851 178 59 852 179 193 853 173 181 854 173 181 855 179 193 856 174 158 857 173 181 858 174 158 859 168 63 860 168 63 861 174 158 862 169 145 863 168 63 864 169 145 865 163 182 866 163 182 867 169 145 868 164 194 869 163 182 870 164 194 871 158 183 872 158 183 873 164 194 874 159 183 875 158 183 876 159 183 877 153 184 878 153 184 879 159 183 880 154 162 881 153 184 882 154 162 883 148 185 884 148 185 885 154 162 886 149 195 887 148 185 888 149 195 889 143 73 890 143 73 891 149 195 892 144 196 893 143 73 894 144 196 895 138 186 896 138 186 897 144 196 898 139 165 899 138 186 900 139 165 901 133 77 902 133 77 903 139 165 904 134 77 905 133 77 906 134 77 907 128 187 908 128 187 909 134 77 910 129 197 911 128 187 912 129 197 913 123 188 914 123 188 915 129 197 916 124 188 917 123 188 918 124 188 919 118 83 920 118 83 921 124 188 922 119 83 923 118 83 924 119 83 925 113 169 926 113 169 927 119 83 928 114 169 929 113 169 930 114 169 931 108 189 932 108 189 933 114 169 934 109 189 935 108 189 936 109 189 937 103 89 938 103 89 939 109 189 940 104 198 941 103 89 942 104 198 943 98 91 944 98 91 945 104 198 946 99 120 947 98 91 948 99 120 949 93 190 950 93 190 951 99 120 952 94 199 953 93 190 954 94 199 955 88 191 956 88 191 957 94 199 958 89 191 959 88 191 960 89 191 961 83 97 962 83 97 963 89 191 964 84 200 965 83 97 966 84 200 967 78 99 968 78 99 969 84 200 970 79 113 971 78 99 972 79 113 973 73 100 974 73 100 975 79 113 976 74 100 977 73 100 978 74 100 979 68 192 980 68 192 981 74 100 982 69 176 983 68 192 984 69 176 985 63 108 986 63 108 987 69 176 988 64 108 989 63 108 990 64 108 991 58 178 992 58 178 993 64 108 994 59 154 995 59 154 996 60 106 997 194 104 998 194 104 999 60 106 1000 195 104 1001 194 104 1002 195 104 1003 189 55 1004 189 55 1005 195 104 1006 190 153 1007 189 55 1008 190 153 1009 184 156 1010 184 156 1011 190 153 1012 185 151 1013 184 156 1014 185 151 1015 179 193 1016 179 193 1017 185 151 1018 180 149 1019 179 193 1020 180 149 1021 174 158 1022 174 158 1023 180 149 1024 175 147 1025 174 158 1026 175 147 1027 169 145 1028 169 145 1029 175 147 1030 170 145 1031 169 145 1032 170 145 1033 164 194 1034 164 194 1035 170 145 1036 165 143 1037 164 194 1038 165 143 1039 159 183 1040 159 183 1041 165 143 1042 160 67 1043 159 183 1044 160 67 1045 154 162 1046 154 162 1047 160 67 1048 155 140 1049 154 162 1050 155 140 1051 149 195 1052 149 195 1053 155 140 1054 150 138 1055 149 195 1056 150 138 1057 144 196 1058 144 196 1059 150 138 1060 145 136 1061 144 196 1062 145 136 1063 139 165 1064 139 165 1065 145 136 1066 140 134 1067 139 165 1068 140 134 1069 134 77 1070 134 77 1071 140 134 1072 135 77 1073 134 77 1074 135 77 1075 129 197 1076 129 197 1077 135 77 1078 130 131 1079 129 197 1080 130 131 1081 124 188 1082 124 188 1083 130 131 1084 125 129 1085 124 188 1086 125 129 1087 119 83 1088 119 83 1089 125 129 1090 120 127 1091 119 83 1092 120 127 1093 114 169 1094 114 169 1095 120 127 1096 115 125 1097 114 169 1098 115 125 1099 109 189 1100 109 189 1101 115 125 1102 110 87 1103 109 189 1104 110 87 1105 104 198 1106 104 198 1107 110 87 1108 105 122 1109 104 198 1110 105 122 1111 99 120 1112 99 120 1113 105 122 1114 100 120 1115 99 120 1116 100 120 1117 94 199 1118 94 199 1119 100 120 1120 95 118 1121 94 199 1122 95 118 1123 89 191 1124 89 191 1125 95 118 1126 90 95 1127 89 191 1128 90 95 1129 84 200 1130 84 200 1131 90 95 1132 85 115 1133 84 200 1134 85 115 1135 79 113 1136 79 113 1137 85 115 1138 80 113 1139 79 113 1140 80 113 1141 74 100 1142 74 100 1143 80 113 1144 75 100 1145 74 100 1146 75 100 1147 69 176 1148 69 176 1149 75 100 1150 70 110 1151 69 176 1152 70 110 1153 64 108 1154 64 108 1155 70 110 1156 65 108 1157 64 108 1158 65 108 1159 59 154 1160 59 154 1161 65 108 1162 60 106 1163 197 201 1164 271 202 1165 196 203 1166 196 203 1167 271 202 1168 234 204 1169 196 203 1170 234 204 1171 233 205 1172 233 205 1173 234 204 1174 235 206 1175 233 205 1176 235 206 1177 232 207 1178 232 207 1179 235 206 1180 236 208 1181 232 207 1182 236 208 1183 231 209 1184 231 209 1185 236 208 1186 237 210 1187 231 209 1188 237 210 1189 230 211 1190 230 211 1191 237 210 1192 238 212 1193 230 211 1194 238 212 1195 229 213 1196 229 213 1197 238 212 1198 239 214 1199 229 213 1200 239 214 1201 228 215 1202 228 215 1203 239 214 1204 240 216 1205 228 215 1206 240 216 1207 227 217 1208 227 217 1209 240 216 1210 241 218 1211 227 217 1212 241 218 1213 226 219 1214 226 219 1215 241 218 1216 242 220 1217 226 219 1218 242 220 1219 225 221 1220 225 221 1221 242 220 1222 243 222 1223 225 221 1224 243 222 1225 224 223 1226 224 223 1227 243 222 1228 244 224 1229 224 223 1230 244 224 1231 223 225 1232 223 225 1233 244 224 1234 245 226 1235 223 225 1236 245 226 1237 222 227 1238 222 227 1239 245 226 1240 246 228 1241 222 227 1242 246 228 1243 221 229 1244 221 229 1245 246 228 1246 247 230 1247 221 229 1248 247 230 1249 220 231 1250 220 231 1251 247 230 1252 248 232 1253 220 231 1254 248 232 1255 219 233 1256 219 233 1257 248 232 1258 249 234 1259 219 233 1260 249 234 1261 218 235 1262 218 235 1263 249 234 1264 250 236 1265 218 235 1266 250 236 1267 217 237 1268 217 237 1269 250 236 1270 251 238 1271 217 237 1272 251 238 1273 216 239 1274 216 239 1275 251 238 1276 252 240 1277 216 239 1278 252 240 1279 215 241 1280 215 241 1281 252 240 1282 253 242 1283 215 241 1284 253 242 1285 214 243 1286 214 243 1287 253 242 1288 254 244 1289 214 243 1290 254 244 1291 213 245 1292 213 245 1293 254 244 1294 255 246 1295 213 245 1296 255 246 1297 212 247 1298 212 247 1299 255 246 1300 256 248 1301 212 247 1302 256 248 1303 211 249 1304 211 249 1305 256 248 1306 257 250 1307 211 249 1308 257 250 1309 210 251 1310 210 251 1311 257 250 1312 258 252 1313 210 251 1314 258 252 1315 209 253 1316 209 253 1317 258 252 1318 259 254 1319 209 253 1320 259 254 1321 208 255 1322 208 255 1323 259 254 1324 260 256 1325 208 255 1326 260 256 1327 207 257 1328 207 257 1329 260 256 1330 261 258 1331 207 257 1332 261 258 1333 206 259 1334 206 259 1335 261 258 1336 262 260 1337 206 259 1338 262 260 1339 205 261 1340 205 261 1341 262 260 1342 263 262 1343 205 261 1344 263 262 1345 204 263 1346 204 263 1347 263 262 1348 264 264 1349 204 263 1350 264 264 1351 203 265 1352 203 265 1353 264 264 1354 265 266 1355 203 265 1356 265 266 1357 202 267 1358 202 267 1359 265 266 1360 266 268 1361 202 267 1362 266 268 1363 201 269 1364 201 269 1365 266 268 1366 267 270 1367 201 269 1368 267 270 1369 200 271 1370 200 271 1371 267 270 1372 268 272 1373 200 271 1374 268 272 1375 199 273 1376 199 273 1377 268 272 1378 269 274 1379 199 273 1380 269 274 1381 198 275 1382 198 275 1383 269 274 1384 270 276 1385 198 275 1386 270 276 1387 197 201 1388 197 201 1389 270 276 1390 271 202 1391 272 14 1392 273 277 1393 325 278 1394 325 278 1395 273 277 1396 324 279 1397 324 279 1398 273 277 1399 323 14 1400 323 14 1401 273 277 1402 322 280 1403 322 280 1404 273 277 1405 321 281 1406 321 281 1407 273 277 1408 320 282 1409 320 282 1410 273 277 1411 319 14 1412 319 14 1413 273 277 1414 318 14 1415 318 14 1416 273 277 1417 317 283 1418 317 283 1419 273 277 1420 316 284 1421 316 284 1422 273 277 1423 315 285 1424 315 285 1425 273 277 1426 314 286 1427 314 286 1428 273 277 1429 274 287 1430 314 286 1431 274 287 1432 275 288 1433 275 288 1434 276 289 1435 314 286 1436 314 286 1437 276 289 1438 277 290 1439 314 286 1440 277 290 1441 278 291 1442 278 291 1443 279 292 1444 314 286 1445 314 286 1446 279 292 1447 280 293 1448 314 286 1449 280 293 1450 284 294 1451 284 294 1452 280 293 1453 281 295 1454 284 294 1455 281 295 1456 283 296 1457 283 296 1458 281 295 1459 282 297 1460 314 286 1461 284 294 1462 313 298 1463 313 298 1464 284 294 1465 285 299 1466 313 298 1467 285 299 1468 286 300 1469 286 300 1470 287 301 1471 313 298 1472 313 298 1473 287 301 1474 288 302 1475 313 298 1476 288 302 1477 289 303 1478 289 303 1479 290 14 1480 313 298 1481 313 298 1482 290 14 1483 291 304 1484 313 298 1485 291 304 1486 292 305 1487 292 305 1488 293 306 1489 313 298 1490 313 298 1491 293 306 1492 294 307 1493 313 298 1494 294 307 1495 295 308 1496 295 308 1497 296 309 1498 313 298 1499 313 298 1500 296 309 1501 312 310 1502 312 310 1503 296 309 1504 297 311 1505 312 310 1506 297 311 1507 311 312 1508 311 312 1509 297 311 1510 298 313 1511 311 312 1512 298 313 1513 310 314 1514 310 314 1515 298 313 1516 299 315 1517 310 314 1518 299 315 1519 309 316 1520 309 316 1521 299 315 1522 300 317 1523 309 316 1524 300 317 1525 308 318 1526 308 318 1527 300 317 1528 301 319 1529 308 318 1530 301 319 1531 307 320 1532 307 320 1533 301 319 1534 302 321 1535 307 320 1536 302 321 1537 306 322 1538 306 322 1539 302 321 1540 303 323 1541 306 322 1542 303 323 1543 305 324 1544 305 324 1545 303 323 1546 304 14 1547 327 118 1548 328 325 1549 326 326 1550 326 326 1551 328 325 1552 329 327 1553 326 326 1554 329 327 1555 330 328 1556 331 329 1557 342 330 1558 330 328 1559 330 328 1560 342 330 1561 343 331 1562 330 328 1563 343 331 1564 326 326 1565 326 326 1566 343 331 1567 347 332 1568 347 332 1569 343 331 1570 344 333 1571 347 332 1572 344 333 1573 345 334 1574 342 330 1575 331 329 1576 341 335 1577 341 335 1578 331 329 1579 332 336 1580 341 335 1581 332 336 1582 340 337 1583 340 337 1584 332 336 1585 333 338 1586 340 337 1587 333 338 1588 339 339 1589 339 339 1590 333 338 1591 334 340 1592 339 339 1593 334 340 1594 338 341 1595 338 341 1596 334 340 1597 335 342 1598 338 341 1599 335 342 1600 337 343 1601 337 343 1602 335 342 1603 282 344 1604 337 343 1605 282 344 1606 336 118 1607 336 118 1608 282 344 1609 281 118 1610 345 334 1611 346 118 1612 347 332 1613 272 345 1614 348 345 1615 273 345 1616 273 345 1617 348 345 1618 349 345 1619 336 346 1620 281 347 1621 357 348 1622 357 348 1623 281 347 1624 280 348 1625 357 348 1626 280 348 1627 358 349 1628 358 349 1629 280 348 1630 279 350 1631 358 349 1632 279 350 1633 359 351 1634 359 351 1635 279 350 1636 278 352 1637 359 351 1638 278 352 1639 360 353 1640 360 353 1641 278 352 1642 277 354 1643 360 353 1644 277 354 1645 361 355 1646 361 355 1647 277 354 1648 276 356 1649 361 355 1650 276 356 1651 362 357 1652 362 357 1653 276 356 1654 275 358 1655 362 357 1656 275 358 1657 363 359 1658 363 359 1659 275 358 1660 274 360 1661 363 359 1662 274 360 1663 273 361 1664 273 361 1665 349 362 1666 363 359 1667 363 359 1668 349 362 1669 350 363 1670 363 359 1671 350 363 1672 362 357 1673 362 357 1674 350 363 1675 351 364 1676 362 357 1677 351 364 1678 361 355 1679 361 355 1680 351 364 1681 352 365 1682 361 355 1683 352 365 1684 360 353 1685 360 353 1686 352 365 1687 353 366 1688 360 353 1689 353 366 1690 359 351 1691 359 351 1692 353 366 1693 354 367 1694 359 351 1695 354 367 1696 358 349 1697 358 349 1698 354 367 1699 355 368 1700 358 349 1701 355 368 1702 357 348 1703 357 348 1704 355 368 1705 356 369 1706 357 348 1707 356 369 1708 336 346 1709 387 370 1710 364 371 1711 386 372 1712 386 372 1713 364 371 1714 365 373 1715 386 372 1716 365 373 1717 385 374 1718 385 374 1719 365 373 1720 366 375 1721 385 374 1722 366 375 1723 384 376 1724 384 376 1725 366 375 1726 367 377 1727 384 376 1728 367 377 1729 383 378 1730 383 378 1731 367 377 1732 368 379 1733 383 378 1734 368 379 1735 382 380 1736 382 380 1737 368 379 1738 369 381 1739 382 380 1740 369 381 1741 381 382 1742 381 382 1743 369 381 1744 370 383 1745 381 382 1746 370 383 1747 380 384 1748 380 384 1749 370 383 1750 371 385 1751 380 384 1752 371 385 1753 379 386 1754 379 386 1755 371 385 1756 372 387 1757 379 386 1758 372 387 1759 378 388 1760 378 388 1761 372 387 1762 373 389 1763 378 388 1764 373 389 1765 377 390 1766 377 390 1767 373 389 1768 374 391 1769 377 390 1770 374 391 1771 376 392 1772 376 392 1773 374 391 1774 375 393 1775 348 37 1776 387 394 1777 349 395 1778 349 395 1779 387 394 1780 386 396 1781 349 395 1782 386 396 1783 385 397 1784 385 397 1785 384 398 1786 349 395 1787 349 395 1788 384 398 1789 383 399 1790 349 395 1791 383 399 1792 382 400 1793 382 400 1794 381 401 1795 349 395 1796 349 395 1797 381 401 1798 380 402 1799 349 395 1800 380 402 1801 379 403 1802 379 403 1803 378 404 1804 349 395 1805 349 395 1806 378 404 1807 377 405 1808 349 395 1809 377 405 1810 376 406 1811 388 407 1812 417 408 1813 376 406 1814 376 406 1815 417 408 1816 356 409 1817 376 406 1818 356 409 1819 355 410 1820 389 411 1821 405 412 1822 388 407 1823 388 407 1824 405 412 1825 406 37 1826 388 407 1827 406 37 1828 407 413 1829 405 412 1830 389 411 1831 404 414 1832 404 414 1833 389 411 1834 390 415 1835 404 414 1836 390 415 1837 403 416 1838 403 416 1839 390 415 1840 391 417 1841 403 416 1842 391 417 1843 402 418 1844 402 418 1845 391 417 1846 392 419 1847 402 418 1848 392 419 1849 401 420 1850 401 420 1851 392 419 1852 393 421 1853 401 420 1854 393 421 1855 400 422 1856 400 422 1857 393 421 1858 394 423 1859 400 422 1860 394 423 1861 399 424 1862 399 424 1863 394 423 1864 395 37 1865 399 424 1866 395 37 1867 398 37 1868 398 37 1869 395 37 1870 396 37 1871 398 37 1872 396 37 1873 397 37 1874 407 413 1875 408 425 1876 388 407 1877 388 407 1878 408 425 1879 409 426 1880 388 407 1881 409 426 1882 410 427 1883 410 427 1884 411 428 1885 388 407 1886 388 407 1887 411 428 1888 412 429 1889 388 407 1890 412 429 1891 413 430 1892 413 430 1893 414 37 1894 388 407 1895 388 407 1896 414 37 1897 415 431 1898 388 407 1899 415 431 1900 416 432 1901 416 432 1902 417 408 1903 388 407 1904 356 409 1905 417 408 1906 336 433 1907 336 433 1908 417 408 1909 418 434 1910 336 433 1911 418 434 1912 337 435 1913 355 410 1914 354 436 1915 376 406 1916 376 406 1917 354 436 1918 353 437 1919 376 406 1920 353 437 1921 352 438 1922 352 438 1923 351 439 1924 376 406 1925 376 406 1926 351 439 1927 350 440 1928 376 406 1929 350 440 1930 349 395 1931 430 441 1932 325 442 1933 429 443 1934 429 443 1935 325 442 1936 324 444 1937 429 443 1938 324 444 1939 428 375 1940 428 375 1941 324 444 1942 323 445 1943 428 375 1944 323 445 1945 427 446 1946 427 446 1947 323 445 1948 322 447 1949 427 446 1950 322 447 1951 426 448 1952 426 448 1953 322 447 1954 321 449 1955 426 448 1956 321 449 1957 425 450 1958 425 450 1959 321 449 1960 320 381 1961 425 450 1962 320 381 1963 424 382 1964 424 382 1965 320 381 1966 319 383 1967 424 382 1968 319 383 1969 423 384 1970 423 384 1971 319 383 1972 318 451 1973 423 384 1974 318 451 1975 422 387 1976 422 387 1977 318 451 1978 317 452 1979 422 387 1980 317 452 1981 421 453 1982 421 453 1983 317 452 1984 316 454 1985 421 453 1986 316 454 1987 420 455 1988 420 455 1989 316 454 1990 315 456 1991 420 455 1992 315 456 1993 419 457 1994 419 457 1995 315 456 1996 314 458 1997 429 459 1998 419 460 1999 430 461 2000 430 461 2001 419 460 2002 460 462 2003 430 461 2004 460 462 2005 461 463 2006 429 459 2007 428 464 2008 419 460 2009 419 460 2010 428 464 2011 427 465 2012 419 460 2013 427 465 2014 426 466 2015 426 466 2016 425 37 2017 419 460 2018 419 460 2019 425 37 2020 424 467 2021 419 460 2022 424 467 2023 423 468 2024 423 468 2025 422 469 2026 419 460 2027 419 460 2028 422 469 2029 421 470 2030 419 460 2031 421 470 2032 420 37 2033 419 460 2034 431 471 2035 460 462 2036 460 462 2037 431 471 2038 459 37 2039 459 37 2040 431 471 2041 458 472 2042 458 472 2043 431 471 2044 457 473 2045 457 473 2046 431 471 2047 456 474 2048 456 474 2049 431 471 2050 455 37 2051 455 37 2052 431 471 2053 454 37 2054 454 37 2055 431 471 2056 453 37 2057 453 37 2058 431 471 2059 452 475 2060 452 475 2061 431 471 2062 451 476 2063 451 476 2064 431 471 2065 450 477 2066 450 477 2067 431 471 2068 449 478 2069 449 478 2070 431 471 2071 448 37 2072 448 37 2073 431 471 2074 432 37 2075 448 37 2076 432 37 2077 447 37 2078 447 37 2079 432 37 2080 433 37 2081 447 37 2082 433 37 2083 446 37 2084 446 37 2085 433 37 2086 434 37 2087 446 37 2088 434 37 2089 445 479 2090 445 479 2091 434 37 2092 435 480 2093 445 479 2094 435 480 2095 444 481 2096 444 481 2097 435 480 2098 436 482 2099 444 481 2100 436 482 2101 443 483 2102 443 483 2103 436 482 2104 437 37 2105 443 483 2106 437 37 2107 442 37 2108 442 37 2109 437 37 2110 438 484 2111 442 37 2112 438 484 2113 441 485 2114 441 485 2115 438 484 2116 439 486 2117 441 485 2118 439 486 2119 440 37 2120 461 463 2121 462 487 2122 430 461 2123 325 442 2124 430 441 2125 272 143 2126 272 143 2127 430 441 2128 462 143 2129 272 143 2130 462 143 2131 463 488 2132 462 143 2133 464 489 2134 463 488 2135 463 488 2136 464 489 2137 465 490 2138 463 488 2139 465 490 2140 466 491 2141 463 488 2142 466 491 2143 476 492 2144 476 492 2145 466 491 2146 467 493 2147 476 492 2148 467 493 2149 468 494 2150 468 494 2151 469 495 2152 476 492 2153 476 492 2154 469 495 2155 470 496 2156 476 492 2157 470 496 2158 471 497 2159 471 497 2160 472 143 2161 476 492 2162 476 492 2163 472 143 2164 473 143 2165 476 492 2166 473 143 2167 474 143 2168 474 143 2169 475 143 2170 476 492 2171 475 143 2172 478 498 2173 476 492 2174 476 492 2175 478 498 2176 491 499 2177 476 492 2178 491 499 2179 463 488 2180 463 488 2181 491 499 2182 272 143 2183 475 143 2184 477 143 2185 478 498 2186 477 143 2187 479 143 2188 478 498 2189 478 498 2190 479 143 2191 480 143 2192 478 498 2193 480 143 2194 481 143 2195 481 143 2196 482 500 2197 478 498 2198 478 498 2199 482 500 2200 483 501 2201 478 498 2202 483 501 2203 484 502 2204 484 502 2205 485 503 2206 478 498 2207 478 498 2208 485 503 2209 486 504 2210 478 498 2211 486 504 2212 487 505 2213 478 498 2214 487 505 2215 491 499 2216 491 499 2217 487 505 2218 488 506 2219 491 499 2220 488 506 2221 489 507 2222 489 507 2223 490 143 2224 491 499 2225 272 143 2226 491 499 2227 348 143 2228 348 143 2229 491 499 2230 490 143 2231 348 143 2232 490 143 2233 364 371 2234 364 371 2235 387 370 2236 348 143 2237 375 393 2238 492 508 2239 376 392 2240 376 392 2241 492 508 2242 388 509 2243 314 458 2244 313 510 2245 419 457 2246 419 457 2247 313 510 2248 431 509 2249 388 509 2250 492 508 2251 389 511 2252 389 511 2253 492 508 2254 493 512 2255 389 511 2256 493 512 2257 390 513 2258 390 513 2259 493 512 2260 494 514 2261 390 513 2262 494 514 2263 391 515 2264 391 515 2265 494 514 2266 495 516 2267 391 515 2268 495 516 2269 392 517 2270 392 517 2271 495 516 2272 496 518 2273 392 517 2274 496 518 2275 393 519 2276 393 519 2277 496 518 2278 497 520 2279 393 519 2280 497 520 2281 394 521 2282 394 521 2283 497 520 2284 498 522 2285 394 521 2286 498 522 2287 395 523 2288 395 523 2289 498 522 2290 499 524 2291 395 523 2292 499 524 2293 396 525 2294 396 525 2295 499 524 2296 500 526 2297 396 525 2298 500 526 2299 397 527 2300 397 527 2301 500 526 2302 501 528 2303 397 527 2304 501 528 2305 398 529 2306 398 529 2307 501 528 2308 502 530 2309 398 529 2310 502 530 2311 399 531 2312 399 531 2313 502 530 2314 503 532 2315 399 531 2316 503 532 2317 400 533 2318 400 533 2319 503 532 2320 504 534 2321 400 533 2322 504 534 2323 401 535 2324 401 535 2325 504 534 2326 505 536 2327 401 535 2328 505 536 2329 402 537 2330 402 537 2331 505 536 2332 506 538 2333 402 537 2334 506 538 2335 403 539 2336 403 539 2337 506 538 2338 507 540 2339 403 539 2340 507 540 2341 404 541 2342 404 541 2343 507 540 2344 508 542 2345 404 541 2346 508 542 2347 405 543 2348 405 543 2349 508 542 2350 509 544 2351 405 543 2352 509 544 2353 406 545 2354 406 545 2355 509 544 2356 510 546 2357 406 545 2358 510 546 2359 407 547 2360 407 547 2361 510 546 2362 511 548 2363 407 547 2364 511 548 2365 408 549 2366 408 549 2367 511 548 2368 512 550 2369 408 549 2370 512 550 2371 409 551 2372 409 551 2373 512 550 2374 513 552 2375 409 551 2376 513 552 2377 410 553 2378 410 553 2379 513 552 2380 514 554 2381 410 553 2382 514 554 2383 411 555 2384 411 555 2385 514 554 2386 515 556 2387 411 555 2388 515 556 2389 412 557 2390 412 557 2391 515 556 2392 516 558 2393 412 557 2394 516 558 2395 413 559 2396 413 559 2397 516 558 2398 517 560 2399 413 559 2400 517 560 2401 414 561 2402 414 561 2403 517 560 2404 518 562 2405 414 561 2406 518 562 2407 415 563 2408 415 563 2409 518 562 2410 519 564 2411 415 563 2412 519 564 2413 416 565 2414 416 565 2415 519 564 2416 520 566 2417 416 565 2418 520 566 2419 417 567 2420 417 567 2421 520 566 2422 521 568 2423 431 509 2424 313 510 2425 432 511 2426 432 511 2427 313 510 2428 312 512 2429 432 511 2430 312 512 2431 433 569 2432 433 569 2433 312 512 2434 311 570 2435 433 569 2436 311 570 2437 434 571 2438 434 571 2439 311 570 2440 310 516 2441 434 571 2442 310 516 2443 435 572 2444 435 572 2445 310 516 2446 309 573 2447 435 572 2448 309 573 2449 436 574 2450 436 574 2451 309 573 2452 308 575 2453 436 574 2454 308 575 2455 437 576 2456 437 576 2457 308 575 2458 307 577 2459 437 576 2460 307 577 2461 438 578 2462 438 578 2463 307 577 2464 306 524 2465 438 578 2466 306 524 2467 439 525 2468 439 525 2469 306 524 2470 305 579 2471 439 525 2472 305 579 2473 440 580 2474 440 580 2475 305 579 2476 304 581 2477 440 580 2478 304 581 2479 441 582 2480 441 582 2481 304 581 2482 303 583 2483 441 582 2484 303 583 2485 442 584 2486 442 584 2487 303 583 2488 302 585 2489 442 584 2490 302 585 2491 443 586 2492 443 586 2493 302 585 2494 301 587 2495 443 586 2496 301 587 2497 444 588 2498 444 588 2499 301 587 2500 300 536 2501 444 588 2502 300 536 2503 445 537 2504 445 537 2505 300 536 2506 299 538 2507 445 537 2508 299 538 2509 446 539 2510 446 539 2511 299 538 2512 298 540 2513 446 539 2514 298 540 2515 447 541 2516 447 541 2517 298 540 2518 297 542 2519 447 541 2520 297 542 2521 448 589 2522 448 589 2523 297 542 2524 296 589 2525 448 589 2526 296 589 2527 449 590 2528 449 590 2529 296 589 2530 295 591 2531 449 590 2532 295 591 2533 450 592 2534 450 592 2535 295 591 2536 294 593 2537 450 592 2538 294 593 2539 451 594 2540 451 594 2541 294 593 2542 293 595 2543 451 594 2544 293 595 2545 452 596 2546 452 596 2547 293 595 2548 292 597 2549 452 596 2550 292 597 2551 453 598 2552 453 598 2553 292 597 2554 291 599 2555 453 598 2556 291 599 2557 454 600 2558 454 600 2559 291 599 2560 290 601 2561 454 600 2562 290 601 2563 455 602 2564 455 602 2565 290 601 2566 289 603 2567 455 602 2568 289 603 2569 456 604 2570 456 604 2571 289 603 2572 288 605 2573 456 604 2574 288 605 2575 457 606 2576 457 606 2577 288 605 2578 287 607 2579 457 606 2580 287 607 2581 458 608 2582 458 608 2583 287 607 2584 286 609 2585 458 608 2586 286 609 2587 459 610 2588 459 610 2589 286 609 2590 285 611 2591 459 610 2592 285 611 2593 460 567 2594 460 567 2595 285 611 2596 284 568 2597 521 568 2598 522 118 2599 417 567 2600 417 567 2601 522 118 2602 418 118 2603 464 612 2604 462 487 2605 536 613 2606 536 613 2607 462 487 2608 461 463 2609 536 613 2610 461 463 2611 535 614 2612 535 614 2613 461 463 2614 523 615 2615 535 614 2616 523 615 2617 537 616 2618 537 616 2619 523 615 2620 524 617 2621 537 616 2622 524 617 2623 539 618 2624 539 618 2625 524 617 2626 525 619 2627 539 618 2628 525 619 2629 541 620 2630 541 620 2631 525 619 2632 526 621 2633 541 620 2634 526 621 2635 543 622 2636 543 622 2637 526 621 2638 527 623 2639 543 622 2640 527 623 2641 545 624 2642 545 624 2643 527 623 2644 528 625 2645 545 624 2646 528 625 2647 547 626 2648 547 626 2649 528 625 2650 529 627 2651 547 626 2652 529 627 2653 549 628 2654 549 628 2655 529 627 2656 530 629 2657 549 628 2658 530 629 2659 551 630 2660 551 630 2661 530 629 2662 531 631 2663 551 630 2664 531 631 2665 553 632 2666 553 632 2667 531 631 2668 532 633 2669 553 632 2670 532 633 2671 555 634 2672 555 634 2673 532 633 2674 533 635 2675 555 634 2676 533 635 2677 534 636 2678 534 636 2679 475 637 2680 555 634 2681 555 634 2682 475 637 2683 556 638 2684 555 634 2685 556 638 2686 553 632 2687 553 632 2688 556 638 2689 554 639 2690 553 632 2691 554 639 2692 551 630 2693 551 630 2694 554 639 2695 552 640 2696 551 630 2697 552 640 2698 549 628 2699 549 628 2700 552 640 2701 550 641 2702 549 628 2703 550 641 2704 547 626 2705 547 626 2706 550 641 2707 548 642 2708 547 626 2709 548 642 2710 545 624 2711 545 624 2712 548 642 2713 546 643 2714 545 624 2715 546 643 2716 543 622 2717 543 622 2718 546 643 2719 544 644 2720 543 622 2721 544 644 2722 541 620 2723 541 620 2724 544 644 2725 542 620 2726 541 620 2727 542 620 2728 539 618 2729 539 618 2730 542 620 2731 540 645 2732 539 618 2733 540 645 2734 537 616 2735 537 616 2736 540 645 2737 538 646 2738 537 616 2739 538 646 2740 535 614 2741 535 614 2742 538 646 2743 536 613 2744 475 637 2745 474 647 2746 556 638 2747 556 638 2748 474 647 2749 554 639 2750 474 647 2751 473 648 2752 554 639 2753 554 639 2754 473 648 2755 552 640 2756 473 648 2757 472 649 2758 552 640 2759 552 640 2760 472 649 2761 550 641 2762 472 649 2763 471 650 2764 550 641 2765 550 641 2766 471 650 2767 548 642 2768 471 650 2769 470 651 2770 548 642 2771 548 642 2772 470 651 2773 546 643 2774 470 651 2775 469 652 2776 546 643 2777 546 643 2778 469 652 2779 544 644 2780 469 652 2781 468 653 2782 544 644 2783 544 644 2784 468 653 2785 542 620 2786 468 653 2787 467 654 2788 542 620 2789 542 620 2790 467 654 2791 540 645 2792 467 654 2793 466 655 2794 540 645 2795 540 645 2796 466 655 2797 538 646 2798 466 655 2799 465 656 2800 538 646 2801 538 646 2802 465 656 2803 536 613 2804 465 656 2805 464 612 2806 536 613 2807 284 568 2808 283 657 2809 460 567 2810 460 567 2811 283 657 2812 461 118 2813 461 118 2814 283 657 2815 523 658 2816 523 658 2817 283 657 2818 557 659 2819 523 658 2820 557 659 2821 524 660 2822 524 660 2823 557 659 2824 558 661 2825 524 660 2826 558 661 2827 525 662 2828 525 662 2829 558 661 2830 559 118 2831 525 662 2832 559 118 2833 526 118 2834 526 118 2835 559 118 2836 560 118 2837 526 118 2838 560 118 2839 527 118 2840 527 118 2841 560 118 2842 561 663 2843 527 118 2844 561 663 2845 528 118 2846 528 118 2847 561 663 2848 529 664 2849 529 664 2850 561 663 2851 562 665 2852 529 664 2853 562 665 2854 530 666 2855 530 666 2856 562 665 2857 563 667 2858 530 666 2859 563 667 2860 531 668 2861 531 668 2862 563 667 2863 564 118 2864 531 668 2865 564 118 2866 532 669 2867 532 669 2868 564 118 2869 565 670 2870 532 669 2871 565 670 2872 533 671 2873 533 671 2874 565 670 2875 566 672 2876 533 671 2877 566 672 2878 534 118 2879 335 673 2880 567 674 2881 282 297 2882 282 297 2883 567 674 2884 568 675 2885 282 297 2886 568 675 2887 557 676 2888 557 676 2889 568 675 2890 558 677 2891 558 677 2892 568 675 2893 570 678 2894 558 677 2895 570 678 2896 559 679 2897 559 679 2898 570 678 2899 572 680 2900 559 679 2901 572 680 2902 560 681 2903 560 681 2904 572 680 2905 574 682 2906 560 681 2907 574 682 2908 561 683 2909 561 683 2910 574 682 2911 576 684 2912 561 683 2913 576 684 2914 562 685 2915 562 685 2916 576 684 2917 578 686 2918 562 685 2919 578 686 2920 563 687 2921 563 687 2922 578 686 2923 580 688 2924 563 687 2925 580 688 2926 564 689 2927 564 689 2928 580 688 2929 582 690 2930 564 689 2931 582 690 2932 565 691 2933 565 691 2934 582 690 2935 566 692 2936 566 692 2937 582 690 2938 581 693 2939 566 692 2940 581 693 2941 327 694 2942 327 694 2943 581 693 2944 328 695 2945 328 695 2946 581 693 2947 579 696 2948 328 695 2949 579 696 2950 329 697 2951 329 697 2952 579 696 2953 577 698 2954 329 697 2955 577 698 2956 330 699 2957 330 699 2958 577 698 2959 575 700 2960 330 699 2961 575 700 2962 331 701 2963 331 701 2964 575 700 2965 573 702 2966 331 701 2967 573 702 2968 332 703 2969 332 703 2970 573 702 2971 571 704 2972 332 703 2973 571 704 2974 333 705 2975 333 705 2976 571 704 2977 569 706 2978 333 705 2979 569 706 2980 334 707 2981 334 707 2982 569 706 2983 567 674 2984 334 707 2985 567 674 2986 335 673 2987 327 694 2988 326 708 2989 566 692 2990 557 676 2991 283 296 2992 282 297 2993 570 678 2994 568 675 2995 567 674 2996 572 680 2997 570 678 2998 569 706 2999 569 706 3000 570 678 3001 567 674 3002 574 682 3003 572 680 3004 571 704 3005 571 704 3006 572 680 3007 569 706 3008 576 684 3009 574 682 3010 573 702 3011 573 702 3012 574 682 3013 571 704 3014 578 686 3015 576 684 3016 575 700 3017 575 700 3018 576 684 3019 573 702 3020 580 688 3021 578 686 3022 577 698 3023 577 698 3024 578 686 3025 575 700 3026 582 690 3027 580 688 3028 579 696 3029 579 696 3030 580 688 3031 577 698 3032 581 693 3033 582 690 3034 579 696 3035 594 709 3036 522 710 3037 596 711 3038 596 711 3039 522 710 3040 490 712 3041 596 711 3042 490 712 3043 595 713 3044 595 713 3045 490 712 3046 489 714 3047 595 713 3048 489 714 3049 597 715 3050 597 715 3051 489 714 3052 488 716 3053 597 715 3054 488 716 3055 599 717 3056 599 717 3057 488 716 3058 487 718 3059 599 717 3060 487 718 3061 601 719 3062 601 719 3063 487 718 3064 486 720 3065 601 719 3066 486 720 3067 603 721 3068 603 721 3069 486 720 3070 485 722 3071 603 721 3072 485 722 3073 605 723 3074 605 723 3075 485 722 3076 484 724 3077 605 723 3078 484 724 3079 607 725 3080 607 725 3081 484 724 3082 483 726 3083 607 725 3084 483 726 3085 609 727 3086 609 727 3087 483 726 3088 482 728 3089 609 727 3090 482 728 3091 611 729 3092 611 729 3093 482 728 3094 481 730 3095 611 729 3096 481 730 3097 613 731 3098 613 731 3099 481 730 3100 480 732 3101 613 731 3102 480 732 3103 615 733 3104 615 733 3105 480 732 3106 479 734 3107 615 733 3108 479 734 3109 477 735 3110 477 735 3111 583 736 3112 615 733 3113 615 733 3114 583 736 3115 616 737 3116 615 733 3117 616 737 3118 613 731 3119 613 731 3120 616 737 3121 614 738 3122 613 731 3123 614 738 3124 611 729 3125 611 729 3126 614 738 3127 612 739 3128 611 729 3129 612 739 3130 609 727 3131 609 727 3132 612 739 3133 610 740 3134 609 727 3135 610 740 3136 607 725 3137 607 725 3138 610 740 3139 608 741 3140 607 725 3141 608 741 3142 605 723 3143 605 723 3144 608 741 3145 606 742 3146 605 723 3147 606 742 3148 603 721 3149 603 721 3150 606 742 3151 604 743 3152 603 721 3153 604 743 3154 601 719 3155 601 719 3156 604 743 3157 602 744 3158 601 719 3159 602 744 3160 599 717 3161 599 717 3162 602 744 3163 600 745 3164 599 717 3165 600 745 3166 597 715 3167 597 715 3168 600 745 3169 598 715 3170 597 715 3171 598 715 3172 595 713 3173 595 713 3174 598 715 3175 596 711 3176 583 736 3177 584 746 3178 616 737 3179 616 737 3180 584 746 3181 614 738 3182 584 746 3183 585 747 3184 614 738 3185 614 738 3186 585 747 3187 612 739 3188 585 747 3189 586 748 3190 612 739 3191 612 739 3192 586 748 3193 610 740 3194 586 748 3195 587 749 3196 610 740 3197 610 740 3198 587 749 3199 608 741 3200 587 749 3201 588 750 3202 608 741 3203 608 741 3204 588 750 3205 606 742 3206 588 750 3207 589 751 3208 606 742 3209 606 742 3210 589 751 3211 604 743 3212 589 751 3213 590 752 3214 604 743 3215 604 743 3216 590 752 3217 602 744 3218 590 752 3219 591 753 3220 602 744 3221 602 744 3222 591 753 3223 600 745 3224 591 753 3225 592 754 3226 600 745 3227 600 745 3228 592 754 3229 598 715 3230 592 754 3231 593 755 3232 598 715 3233 598 715 3234 593 755 3235 596 711 3236 593 755 3237 594 709 3238 596 711 3239 522 118 3240 594 756 3241 418 118 3242 418 118 3243 594 756 3244 626 757 3245 626 757 3246 594 756 3247 593 758 3248 626 757 3249 593 758 3250 625 759 3251 625 759 3252 593 758 3253 592 760 3254 625 759 3255 592 760 3256 624 761 3257 624 761 3258 592 760 3259 591 762 3260 624 761 3261 591 762 3262 623 763 3263 623 763 3264 591 762 3265 590 764 3266 623 763 3267 590 764 3268 622 118 3269 622 118 3270 590 764 3271 589 118 3272 622 118 3273 589 118 3274 588 118 3275 622 118 3276 588 118 3277 621 118 3278 621 118 3279 588 118 3280 587 765 3281 621 118 3282 587 765 3283 620 766 3284 620 766 3285 587 765 3286 586 767 3287 620 766 3288 586 767 3289 619 118 3290 619 118 3291 586 767 3292 585 768 3293 619 118 3294 585 768 3295 618 769 3296 618 769 3297 585 768 3298 584 770 3299 618 769 3300 584 770 3301 617 771 3302 617 771 3303 584 770 3304 583 118 3305 346 772 3306 627 773 3307 347 774 3308 347 774 3309 627 773 3310 628 775 3311 347 774 3312 628 775 3313 618 776 3314 618 776 3315 628 775 3316 619 777 3317 619 777 3318 628 775 3319 630 778 3320 619 777 3321 630 778 3322 620 779 3323 620 779 3324 630 778 3325 632 780 3326 620 779 3327 632 780 3328 621 781 3329 621 781 3330 632 780 3331 634 782 3332 621 781 3333 634 782 3334 622 783 3335 622 783 3336 634 782 3337 636 784 3338 622 783 3339 636 784 3340 623 785 3341 623 785 3342 636 784 3343 638 786 3344 623 785 3345 638 786 3346 624 787 3347 624 787 3348 638 786 3349 640 788 3350 624 787 3351 640 788 3352 625 789 3353 625 789 3354 640 788 3355 642 790 3356 625 789 3357 642 790 3358 626 791 3359 626 791 3360 642 790 3361 418 434 3362 418 434 3363 642 790 3364 641 792 3365 418 434 3366 641 792 3367 338 793 3368 338 793 3369 641 792 3370 339 794 3371 339 794 3372 641 792 3373 639 795 3374 339 794 3375 639 795 3376 340 796 3377 340 796 3378 639 795 3379 637 797 3380 340 796 3381 637 797 3382 341 798 3383 341 798 3384 637 797 3385 635 799 3386 341 798 3387 635 799 3388 342 800 3389 342 800 3390 635 799 3391 633 801 3392 342 800 3393 633 801 3394 343 802 3395 343 802 3396 633 801 3397 631 803 3398 343 802 3399 631 803 3400 344 804 3401 344 804 3402 631 803 3403 629 805 3404 344 804 3405 629 805 3406 345 806 3407 345 806 3408 629 805 3409 627 773 3410 345 806 3411 627 773 3412 346 772 3413 338 793 3414 337 435 3415 418 434 3416 618 776 3417 617 807 3418 347 774 3419 630 778 3420 628 775 3421 627 773 3422 632 780 3423 630 778 3424 629 805 3425 629 805 3426 630 778 3427 627 773 3428 634 782 3429 632 780 3430 631 803 3431 631 803 3432 632 780 3433 629 805 3434 636 784 3435 634 782 3436 633 801 3437 633 801 3438 634 782 3439 631 803 3440 638 786 3441 636 784 3442 635 799 3443 635 799 3444 636 784 3445 633 801 3446 640 788 3447 638 786 3448 637 797 3449 637 797 3450 638 786 3451 635 799 3452 642 790 3453 640 788 3454 639 795 3455 639 795 3456 640 788 3457 637 797 3458 641 792 3459 642 790 3460 639 795 3461 374 14 3462 373 808 3463 375 809 3464 375 809 3465 373 808 3466 372 810 3467 375 809 3468 372 810 3469 371 811 3470 371 811 3471 370 812 3472 375 809 3473 375 809 3474 370 812 3475 369 813 3476 375 809 3477 369 813 3478 368 814 3479 368 814 3480 367 14 3481 375 809 3482 375 809 3483 367 14 3484 366 815 3485 375 809 3486 366 815 3487 365 816 3488 365 816 3489 364 817 3490 375 809 3491 375 809 3492 364 817 3493 521 818 3494 375 809 3495 521 818 3496 492 819 3497 492 819 3498 521 818 3499 520 820 3500 492 819 3501 520 820 3502 519 821 3503 490 712 3504 522 710 3505 364 817 3506 364 817 3507 522 710 3508 521 818 3509 519 821 3510 518 822 3511 492 819 3512 492 819 3513 518 822 3514 517 823 3515 492 819 3516 517 823 3517 516 824 3518 516 824 3519 515 825 3520 492 819 3521 492 819 3522 515 825 3523 514 826 3524 492 819 3525 514 826 3526 513 827 3527 513 827 3528 512 14 3529 492 819 3530 492 819 3531 512 14 3532 511 14 3533 492 819 3534 511 14 3535 510 828 3536 510 828 3537 509 829 3538 492 819 3539 492 819 3540 509 829 3541 493 830 3542 493 830 3543 509 829 3544 508 831 3545 493 830 3546 508 831 3547 494 832 3548 494 832 3549 508 831 3550 507 833 3551 494 832 3552 507 833 3553 495 314 3554 495 314 3555 507 833 3556 506 834 3557 495 314 3558 506 834 3559 496 835 3560 496 835 3561 506 834 3562 505 836 3563 496 835 3564 505 836 3565 497 837 3566 497 837 3567 505 836 3568 504 14 3569 497 837 3570 504 14 3571 498 14 3572 498 14 3573 504 14 3574 503 14 3575 498 14 3576 503 14 3577 499 838 3578 499 838 3579 503 14 3580 502 839 3581 499 838 3582 502 839 3583 500 840 3584 500 840 3585 502 839 3586 501 14 3587 566 672 3588 617 771 3589 534 118 3590 534 118 3591 617 771 3592 583 118 3593 534 636 3594 214 178 3595 475 637 3596 475 637 3597 214 178 3598 213 178 3599 475 637 3600 213 178 3601 212 178 3602 583 736 3603 225 178 3604 534 636 3605 534 636 3606 225 178 3607 224 178 3608 534 636 3609 224 178 3610 223 178 3611 477 735 3612 197 178 3613 583 736 3614 583 736 3615 197 178 3616 196 178 3617 583 736 3618 196 178 3619 233 178 3620 475 637 3621 205 178 3622 477 735 3623 477 735 3624 205 178 3625 204 178 3626 477 735 3627 204 178 3628 203 178 3629 233 178 3630 232 178 3631 583 736 3632 583 736 3633 232 178 3634 231 178 3635 583 736 3636 231 178 3637 230 178 3638 230 178 3639 229 178 3640 583 736 3641 583 736 3642 229 178 3643 228 178 3644 583 736 3645 228 178 3646 227 178 3647 227 178 3648 226 178 3649 583 736 3650 583 736 3651 226 178 3652 225 178 3653 223 178 3654 222 178 3655 534 636 3656 534 636 3657 222 178 3658 221 178 3659 534 636 3660 221 178 3661 220 178 3662 220 178 3663 219 178 3664 534 636 3665 534 636 3666 219 178 3667 218 178 3668 534 636 3669 218 178 3670 217 178 3671 217 178 3672 216 178 3673 534 636 3674 534 636 3675 216 178 3676 215 178 3677 534 636 3678 215 178 3679 214 178 3680 212 178 3681 211 178 3682 475 637 3683 475 637 3684 211 178 3685 210 178 3686 475 637 3687 210 178 3688 209 178 3689 209 178 3690 208 178 3691 475 637 3692 475 637 3693 208 178 3694 207 178 3695 475 637 3696 207 178 3697 206 178 3698 206 178 3699 205 178 3700 475 637 3701 203 178 3702 202 178 3703 477 735 3704 477 735 3705 202 178 3706 201 178 3707 477 735 3708 201 178 3709 200 178 3710 200 178 3711 199 178 3712 477 735 3713 477 735 3714 199 178 3715 198 178 3716 477 735 3717 198 178 3718 197 178 3719 347 774 3720 263 345 3721 326 708 3722 326 708 3723 263 345 3724 262 841 3725 326 708 3726 262 841 3727 261 842 3728 617 807 3729 234 843 3730 347 774 3731 347 774 3732 234 843 3733 271 844 3734 347 774 3735 271 844 3736 270 845 3737 566 692 3738 243 846 3739 617 807 3740 617 807 3741 243 846 3742 242 847 3743 617 807 3744 242 847 3745 241 848 3746 326 708 3747 253 849 3748 566 692 3749 566 692 3750 253 849 3751 252 850 3752 566 692 3753 252 850 3754 251 851 3755 270 845 3756 269 852 3757 347 774 3758 347 774 3759 269 852 3760 268 853 3761 347 774 3762 268 853 3763 267 854 3764 267 854 3765 266 855 3766 347 774 3767 347 774 3768 266 855 3769 265 856 3770 347 774 3771 265 856 3772 264 857 3773 264 857 3774 263 345 3775 347 774 3776 261 842 3777 260 858 3778 326 708 3779 326 708 3780 260 858 3781 259 859 3782 326 708 3783 259 859 3784 258 860 3785 258 860 3786 257 861 3787 326 708 3788 326 708 3789 257 861 3790 256 862 3791 326 708 3792 256 862 3793 255 863 3794 255 863 3795 254 864 3796 326 708 3797 326 708 3798 254 864 3799 253 849 3800 251 851 3801 250 865 3802 566 692 3803 566 692 3804 250 865 3805 249 866 3806 566 692 3807 249 866 3808 248 867 3809 248 867 3810 247 868 3811 566 692 3812 566 692 3813 247 868 3814 246 869 3815 566 692 3816 246 869 3817 245 870 3818 245 870 3819 244 345 3820 566 692 3821 566 692 3822 244 345 3823 243 846 3824 241 848 3825 240 871 3826 617 807 3827 617 807 3828 240 871 3829 239 872 3830 617 807 3831 239 872 3832 238 873 3833 238 873 3834 237 874 3835 617 807 3836 617 807 3837 237 874 3838 236 875 3839 617 807 3840 236 875 3841 235 876 3842 235 876 3843 234 843 3844 617 807 3845</p>
        </triangles>
      </mesh>
    </geometry>
  </library_geometries>
  <library_visual_scenes>
    <visual_scene id="Scene" name="Scene">
      <node id="hip_thigh_conn" name="hip_thigh_conn" type="NODE">
        <matrix sid="transform">1 0 0 0 0 1 0 0 0 0 1 0 0 0 0 1</matrix>
        <instance_geometry url="#hip_thigh_conn-mesh" name="hip_thigh_conn">
          <bind_material>
            <technique_common>
              <instance_material symbol="Opaque_137_137_137_-material" target="#Opaque_137_137_137_-material">
                <bind_vertex_input semantic="UVMap" input_semantic="TEXCOORD" input_set="0"/>
              </instance_material>
            </technique_common>
          </bind_material>
        </instance_geometry>
      </node>
    </visual_scene>
  </library_visual_scenes>
  <scene>
    <instance_visual_scene url="#Scene"/>
  </scene>
</COLLADA>