<?xml version="1.0" encoding="utf-8"?>
<COLLADA xmlns="http://www.collada.org/2005/11/COLLADASchema" version="1.4.1" xmlns:xsi="http://www.w3.org/2001/XMLSchema-instance">
  <asset>
    <contributor>
      <author>Blender User</author>
      <authoring_tool>Blender 4.3.2 commit date:2024-12-16, commit time:21:10, hash:32f5fdce0a0a</authoring_tool>
    </contributor>
    <created>2026-06-17T23:57:19</created>
    <modified>2026-06-17T23:57:19</modified>
    <unit name="meter" meter="1"/>
    <up_axis>Z_UP</up_axis>
  </asset>
  <library_effects>
    <effect id="Opaque_38_83_143__002-effect">
      <profile_COMMON>
        <technique sid="common">
          <lambert>
            <emission>
              <color sid="emission">0 0 0 1</color>
            </emission>
            <diffuse>
              <color sid="diffuse">0.14902 0.32549 0.560784 1</color>
            </diffuse>
            <index_of_refraction>
              <float sid="ior">1.5</float>
            </index_of_refraction>
          </lambert>
        </technique>
      </profile_COMMON>
    </effect>
    <effect id="Opaque_63_63_63__002-effect">
      <profile_COMMON>
        <technique sid="common">
          <lambert>
            <emission>
              <color sid="emission">0 0 0 1</color>
            </emission>
            <diffuse>
              <color sid="diffuse">0.247059 0.247059 0.247059 1</color>
            </diffuse>
            <index_of_refraction>
              <float sid="ior">1.5</float>
            </index_of_refraction>
          </lambert>
        </technique>
      </profile_COMMON>
    </effect>
  </library_effects>
  <library_images/>
  <library_materials>
    <material id="Opaque_38_83_143__002-material" name="Opaque(38,83,143).002">
      <instance_effect url="#Opaque_38_83_143__002-effect"/>
    </material>
    <material id="Opaque_63_63_63__002-material" name="Opaque(63,63,63).002">
      <instance_effect url="#Opaque_63_63_63__002-effect"/>
    </material>
  </library_materials>
  <library_geometries>
    <geometry id="thigh_r-mesh" name="thigh_r">
      <mesh>
        <source id="thigh_r-mesh-positions">
          <float_array id="thigh_r-mesh-positions-array" count="8880">-0.022125 -0.06277495 -0.188828 -0.02319997 -0.06277495 -0.18854 -0.02398699 -0.06277495 -0.187753 -0.024275 -0.06277495 -0.186678 -0.02398699 -0.06277495 -0.185603 -0.02319997 -0.06277495 -0.184816 -0.022125 -0.06277495 -0.1845279 -0.02104997 -0.06277495 -0.184816 -0.02026295 -0.06277495 -0.185603 -0.01997494 -0.06277495 -0.186678 -0.02026295 -0.06277495 -0.187753 -0.02104997 -0.06277495 -0.18854 -0.022125 -0.05274999 -0.188828 -0.02104997 -0.05274999 -0.18854 -0.02026295 -0.05274999 -0.187753 -0.01997494 -0.05274999 -0.186678 -0.02026295 -0.05274999 -0.185603 -0.02104997 -0.05274999 -0.184816 -0.022125 -0.05274999 -0.1845279 -0.02319997 -0.05274999 -0.184816 -0.02398699 -0.05274999 -0.185603 -0.024275 -0.05274999 -0.186678 -0.02398699 -0.05274999 -0.187753 -0.02319997 -0.05274999 -0.18854 0.022125 -0.06277495 -0.188828 0.02319997 -0.06277495 -0.18854 0.02398699 -0.06277495 -0.187753 0.024275 -0.06277495 -0.186678 0.02398699 -0.06277495 -0.185603 0.02319997 -0.06277495 -0.184816 0.022125 -0.06277495 -0.1845279 0.02104997 -0.06277495 -0.184816 0.02026295 -0.06277495 -0.185603 0.01997494 -0.06277495 -0.186678 0.02026295 -0.06277495 -0.187753 0.02104997 -0.06277495 -0.18854 0.022125 -0.05274999 -0.188828 0.02104997 -0.05274999 -0.18854 0.02026295 -0.05274999 -0.187753 0.01997494 -0.05274999 -0.186678 0.02026295 -0.05274999 -0.185603 0.02104997 -0.05274999 -0.184816 0.022125 -0.05274999 -0.1845279 0.02319997 -0.05274999 -0.184816 0.02398699 -0.05274999 -0.185603 0.024275 -0.05274999 -0.186678 0.02398699 -0.05274999 -0.187753 0.02319997 -0.05274999 -0.18854 0.01349997 -0.06277495 -0.189212 0.01853495 -0.06277495 -0.191541 0.02317994 -0.06277495 -0.1945739 0.02733796 -0.06277495 -0.198247 0.03091996 -0.06277495 -0.2024829 0.03114098 -0.06277495 -0.203362 0.03265994 -0.06277495 -0.209522 0.03385198 -0.06277495 -0.214904 0.03468894 -0.06277495 -0.220054 0.03499996 -0.06277495 -0.225 0.03452295 -0.06277495 -0.230761 0.033104 -0.06277495 -0.236364 0.03078198 -0.06277495 -0.241658 0.02761995 -0.06277495 -0.246497 0.023705 -0.06277495 -0.25075 0.01914298 -0.06277495 -0.254301 0.01405894 -0.06277495 -0.257052 0.008591949 -0.06277495 -0.258929 0.00288999 -0.06277495 -0.25988 -0.00288999 -0.06277495 -0.25988 -0.008591949 -0.06277495 -0.258929 -0.01405894 -0.06277495 -0.257052 -0.01914298 -0.06277495 -0.254301 -0.023705 -0.06277495 -0.25075 -0.02761995 -0.06277495 -0.246497 -0.03078198 -0.06277495 -0.241658 -0.033104 -0.06277495 -0.236364 -0.03452295 -0.06277495 -0.230761 -0.03499996 -0.06277495 -0.225 -0.03448396 -0.06277495 -0.218511 -0.03312999 -0.06277495 -0.211534 -0.03217697 -0.06277495 -0.207527 -0.03092199 -0.06277495 -0.202485 -0.02733898 -0.06277495 -0.198249 -0.02318096 -0.06277495 -0.194575 -0.01853597 -0.06277495 -0.191541 -0.01349997 -0.06277495 -0.189212 -0.01349997 -0.06277495 -0.1765969 -0.013951 -0.06277495 -0.176725 -0.01440095 -0.06277495 -0.176858 -0.01484996 -0.06277495 -0.176994 -0.01659798 -0.06277495 -0.177301 -0.01836597 -0.06277495 -0.177155 -0.020042 -0.06277495 -0.176572 -0.02151596 -0.06277495 -0.175585 -0.022695 -0.06277495 -0.1742579 -0.023503 -0.06277495 -0.172679 -0.02388697 -0.06277495 -0.170946 -0.023826 -0.06277495 -0.169172 -0.02323496 -0.06277495 -0.165454 -0.02266699 -0.06277495 -0.161584 -0.02238094 -0.06277495 -0.159519 -0.02210599 -0.06277495 -0.157447 -0.02070999 -0.06277495 -0.14517 -0.01965695 -0.06277495 -0.132368 -0.01897197 -0.06277495 -0.119237 -0.01865994 -0.06277495 -0.105991 -0.01871198 -0.06277495 -0.09284895 -0.019104 -0.06277495 -0.08003097 -0.01979994 -0.06277495 -0.06774997 -0.02075296 -0.06277495 -0.05619895 -0.02190595 -0.06277495 -0.04554694 -0.022538 -0.06277495 -0.04060095 -0.02319395 -0.06277495 -0.03592598 -0.02386498 -0.06277495 -0.03153097 -0.02453994 -0.06277495 -0.02742195 -0.02520996 -0.06277495 -0.02359998 -0.02586299 -0.06277495 -0.02006399 -0.026488 -0.06277495 -0.01680499 -0.02707195 -0.06277495 -0.01381295 -0.028068 -0.06277495 -0.008547961 -0.02874797 -0.06277495 -0.004052996 -0.02899998 -0.06277495 0 -0.02850598 -0.06277495 0.005328953 -0.02704197 -0.06277495 0.01047599 -0.02465599 -0.06277495 0.01526695 -0.02143096 -0.06277495 0.01953697 -0.01747596 -0.06277495 0.02314198 -0.01292598 -0.06277495 0.02595996 -0.007936 -0.06277495 0.02789294 -0.00267595 -0.06277495 0.02887594 0.00267595 -0.06277495 0.02887594 0.007936 -0.06277495 0.02789294 0.01292598 -0.06277495 0.02595996 0.01747596 -0.06277495 0.02314198 0.02143096 -0.06277495 0.01953697 0.02465599 -0.06277495 0.01526695 0.02704197 -0.06277495 0.01047599 0.02850598 -0.06277495 0.005328953 0.02899998 -0.06277495 0 0.028741 -0.06277495 -0.004109978 0.02804499 -0.06277495 -0.008678972 0.02702599 -0.06277495 -0.01404595 0.02642995 -0.06277495 -0.017102 0.02579396 -0.06277495 -0.02043294 0.02512997 -0.06277495 -0.02404999 0.02444899 -0.06277495 -0.02796095 0.02376395 -0.06277495 -0.03216695 0.02308595 -0.06277495 -0.03666496 0.02242499 -0.06277495 -0.04145097 0.02178996 -0.06277495 -0.04651194 0.020639 -0.06277495 -0.05740696 0.01969999 -0.06277495 -0.06920897 0.019032 -0.06277495 -0.08173698 0.018682 -0.06277495 -0.09478795 0.01868599 -0.06277495 -0.108138 0.01906597 -0.06277495 -0.121559 0.01982897 -0.06277495 -0.134822 0.02096599 -0.06277495 -0.1477079 0.02244997 -0.06277495 -0.160016 0.02312499 -0.06277495 -0.164714 0.023826 -0.06277495 -0.169172 0.02388697 -0.06277495 -0.170946 0.023503 -0.06277495 -0.172679 0.022695 -0.06277495 -0.1742579 0.02151596 -0.06277495 -0.175585 0.020042 -0.06277495 -0.176572 0.01836597 -0.06277495 -0.177155 0.01659798 -0.06277495 -0.177301 0.01484996 -0.06277495 -0.176994 0.01440095 -0.06277495 -0.176858 0.013951 -0.06277495 -0.176725 0.01349997 -0.06277495 -0.1765969 0.01488 -0.06277495 -0.01012897 0.01539498 -0.06277495 -0.009608983 0.01606297 -0.06277495 -0.009309947 0.01679396 -0.06277495 -0.009270966 0.01797795 -0.06277495 -0.009426951 0.01884394 -0.06277495 -0.009350955 0.01959598 -0.06277495 -0.008913993 0.02009099 -0.06277495 -0.008199989 0.02138698 -0.06277495 -0.003669977 0.02167499 -0.06277495 0.001033961 0.02094095 -0.06277495 0.005688965 0.01921898 -0.06277495 0.01007497 0.01659095 -0.06277495 0.013987 0.01317995 -0.06277495 0.01723897 0.009147942 -0.06277495 0.01967698 0.004684984 -0.06277495 0.02118796 0 -0.06277495 0.02169996 -0.004684984 -0.06277495 0.02118796 -0.009147942 -0.06277495 0.01967698 -0.01317995 -0.06277495 0.01723897 -0.01659095 -0.06277495 0.013987 -0.01921898 -0.06277495 0.01007497 -0.02094095 -0.06277495 0.005688965 -0.02167499 -0.06277495 0.001033961 -0.02138698 -0.06277495 -0.003669977 -0.02009099 -0.06277495 -0.008199989 -0.01959598 -0.06277495 -0.008913993 -0.01884394 -0.06277495 -0.009350955 -0.01797795 -0.06277495 -0.009426951 -0.01679396 -0.06277495 -0.009270966 -0.01606297 -0.06277495 -0.009309947 -0.01539498 -0.06277495 -0.009608983 -0.01488 -0.06277495 -0.01012897 -0.01235997 -0.06277495 -0.01308596 -0.009263992 -0.06277495 -0.01543295 -0.005736947 -0.06277495 -0.01706099 -0.001941978 -0.06277495 -0.01789498 0.001941978 -0.06277495 -0.01789498 0.005736947 -0.06277495 -0.01706099 0.009263992 -0.06277495 -0.01543295 0.01235997 -0.06277495 -0.01308596 0 -0.06277495 -0.20535 -0.004372954 -0.06277495 -0.205843 -0.008525967 -0.06277495 -0.207296 -0.01225197 -0.06277495 -0.209637 -0.01536297 -0.06277495 -0.212748 -0.01770395 -0.06277495 -0.2164739 -0.01915699 -0.06277495 -0.220627 -0.01964998 -0.06277495 -0.225 -0.01915699 -0.06277495 -0.229373 -0.01770395 -0.06277495 -0.233526 -0.01536297 -0.06277495 -0.2372519 -0.01225197 -0.06277495 -0.240363 -0.008525967 -0.06277495 -0.242704 -0.004372954 -0.06277495 -0.244157 0 -0.06277495 -0.24465 0.004372954 -0.06277495 -0.244157 0.008525967 -0.06277495 -0.242704 0.01225197 -0.06277495 -0.240363 0.01536297 -0.06277495 -0.2372519 0.01770395 -0.06277495 -0.233526 0.01915699 -0.06277495 -0.229373 0.01964998 -0.06277495 -0.225 0.01915699 -0.06277495 -0.220627 0.01770395 -0.06277495 -0.2164739 0.01536297 -0.06277495 -0.212748 0.01225197 -0.06277495 -0.209637 0.008525967 -0.06277495 -0.207296 0.004372954 -0.06277495 -0.205843 0.037 -0.06594997 -0.225 0.03677695 -0.06594997 -0.220734 0.03616994 -0.06594997 -0.216413 0.03526997 -0.06594997 -0.211929 0.03415697 -0.06594997 -0.20719 0.033499 -0.06594997 -0.204541 0.03280895 -0.06594997 -0.201793 0.03415399 -0.06594997 -0.207191 0.01624995 -0.06594997 -0.1968539 0.01111596 -0.06594997 -0.19446 0.005643963 -0.06594997 -0.1929939 0 -0.06594997 -0.1924999 -0.005643963 -0.06594997 -0.1929939 -0.01111596 -0.06594997 -0.19446 -0.01624995 -0.06594997 -0.1968539 -0.03415399 -0.06594997 -0.207191 -0.03415697 -0.06594997 -0.20719 -0.03526997 -0.06594997 -0.211929 -0.03616994 -0.06594997 -0.216413 -0.03677695 -0.06594997 -0.220734 -0.02516198 -0.06594997 -0.16482 -0.02521795 -0.06594997 -0.165188 -0.02638798 -0.06594997 -0.172321 -0.02764296 -0.06594997 -0.179095 -0.02895694 -0.06594997 -0.185496 -0.02893996 -0.06594997 -0.185418 -0.02761095 -0.06594997 -0.178929 -0.02634197 -0.06594997 -0.172058 -0.037 -0.06594997 -0.225 -0.03658497 -0.06594997 -0.230508 -0.03535699 -0.06594997 -0.235896 -0.03335797 -0.06594997 -0.241013 -0.03082299 -0.06594997 -0.245467 -0.02801895 -0.06594997 -0.249164 -0.025132 -0.06594997 -0.252158 -0.02223396 -0.06594997 -0.254575 -0.01941198 -0.06594997 -0.256498 -0.01675796 -0.06594997 -0.257985 -0.01436698 -0.06594997 -0.259097 -0.009838998 -0.06594997 -0.260671 -0.005176961 -0.06594997 -0.261638 -4.25e-4 -0.06594997 -0.261995 0.004333972 -0.06594997 -0.261744 0.009018957 -0.06594997 -0.260885 0.01355898 -0.06594997 -0.259425 0.01589399 -0.06594997 -0.258411 0.01855397 -0.06594997 -0.257014 0.02146196 -0.06594997 -0.255144 0.02450996 -0.06594997 -0.252722 0.02757096 -0.06594997 -0.249675 0.03052496 -0.06594997 -0.245909 0.03317499 -0.06594997 -0.241385 0.035272 -0.06594997 -0.236166 0.03656297 -0.06594997 -0.230648 0 -0.06594997 -0.20535 0.004372954 -0.06594997 -0.205843 0.008525967 -0.06594997 -0.207296 0.01225197 -0.06594997 -0.209637 0.01536297 -0.06594997 -0.212748 0.01770395 -0.06594997 -0.2164739 0.01915699 -0.06594997 -0.220627 0.01964998 -0.06594997 -0.225 0.01915699 -0.06594997 -0.229373 0.01770395 -0.06594997 -0.233526 0.01536297 -0.06594997 -0.2372519 0.01225197 -0.06594997 -0.240363 0.008525967 -0.06594997 -0.242704 0.004372954 -0.06594997 -0.244157 0 -0.06594997 -0.24465 -0.004372954 -0.06594997 -0.244157 -0.008525967 -0.06594997 -0.242704 -0.01225197 -0.06594997 -0.240363 -0.01536297 -0.06594997 -0.2372519 -0.01770395 -0.06594997 -0.233526 -0.01915699 -0.06594997 -0.229373 -0.01964998 -0.06594997 -0.225 -0.01915699 -0.06594997 -0.220627 -0.01770395 -0.06594997 -0.2164739 -0.01536297 -0.06594997 -0.212748 -0.01225197 -0.06594997 -0.209637 -0.008525967 -0.06594997 -0.207296 -0.004372954 -0.06594997 -0.205843 -0.03208094 -0.06594997 -0.198875 -0.03030198 -0.06594997 -0.191512 -0.03208094 -0.06594997 -0.198876 -0.03231799 -0.06594997 -0.199829 0.03091996 -0.04769998 -0.2024829 0.03114098 -0.04769998 -0.203362 0.03265994 -0.04769998 -0.209522 0.03385198 -0.04769998 -0.214904 0.03468894 -0.04769998 -0.220054 0.03499996 -0.04769998 -0.225 -0.03499996 -0.04769998 -0.225 -0.034774 -0.04769998 -0.220811 -0.03414899 -0.04769998 -0.216472 -0.03312999 -0.04769998 -0.211534 -0.03092199 -0.04769998 -0.202485 -0.02210599 -0.06594997 -0.157447 -0.02116298 -0.06594997 -0.14955 -0.02035897 -0.06594997 -0.141405 -0.01959997 -0.06594997 -0.1315039 -0.019059 -0.06594997 -0.121417 -0.01863795 -0.06594997 -0.101073 -0.01874697 -0.06594997 -0.091017 -0.01905494 -0.06594997 -0.08117097 -0.01954495 -0.06594997 -0.07163 -0.02019697 -0.06594997 -0.06248599 -0.02098697 -0.06594997 -0.05382096 -0.021887 -0.06594997 -0.04570698 -0.02286696 -0.06594997 -0.03820198 -0.02389395 -0.06594997 -0.03134799 -0.02493095 -0.06594997 -0.02516895 -0.02593898 -0.06594997 -0.01966595 -0.02687597 -0.06594997 -0.01481598 -0.02769798 -0.06594997 -0.01056694 -0.02822995 -0.06594997 -0.00760895 -0.02864098 -0.06594997 -0.004911959 -0.02899998 -0.06594997 0 0.01679396 -0.06594997 -0.009270966 0.01797795 -0.06594997 -0.009426951 0.01884394 -0.06594997 -0.009350955 0.01959598 -0.06594997 -0.008913993 0.02009099 -0.06594997 -0.008199989 0.02138698 -0.06594997 -0.003669977 0.02167499 -0.06594997 0.001033961 0.02094095 -0.06594997 0.005688965 0.01921898 -0.06594997 0.01007497 0.01659095 -0.06594997 0.013987 0.01317995 -0.06594997 0.01723897 0.009147942 -0.06594997 0.01967698 0.004684984 -0.06594997 0.02118796 0 -0.06594997 0.02169996 -0.004684984 -0.06594997 0.02118796 -0.009147942 -0.06594997 0.01967698 -0.01317995 -0.06594997 0.01723897 -0.01659095 -0.06594997 0.013987 -0.01921898 -0.06594997 0.01007497 -0.02094095 -0.06594997 0.005688965 -0.02167499 -0.06594997 0.001033961 -0.02138698 -0.06594997 -0.003669977 -0.02009099 -0.06594997 -0.008199989 -0.01959598 -0.06594997 -0.008913993 -0.01884394 -0.06594997 -0.009350955 -0.01797795 -0.06594997 -0.009426951 -0.01679396 -0.06594997 -0.009270966 -0.01606297 -0.06594997 -0.009309947 -0.01539498 -0.06594997 -0.009608983 -0.01488 -0.06594997 -0.01012897 -0.01235997 -0.06594997 -0.01308596 -0.009263992 -0.06594997 -0.01543295 -0.005736947 -0.06594997 -0.01706099 -0.001941978 -0.06594997 -0.01789498 0.001941978 -0.06594997 -0.01789498 0.005736947 -0.06594997 -0.01706099 0.009263992 -0.06594997 -0.01543295 0.01235997 -0.06594997 -0.01308596 0.01488 -0.06594997 -0.01012897 0.01539498 -0.06594997 -0.009608983 0.01606297 -0.06594997 -0.009309947 -0.02850598 -0.06594997 0.005328953 -0.02704197 -0.06594997 0.01047599 -0.02465599 -0.06594997 0.01526695 -0.02143096 -0.06594997 0.01953697 -0.01747596 -0.06594997 0.02314198 -0.01292598 -0.06594997 0.02595996 -0.007936 -0.06594997 0.02789294 -0.00267595 -0.06594997 0.02887594 0.00267595 -0.06594997 0.02887594 0.007936 -0.06594997 0.02789294 0.01292598 -0.06594997 0.02595996 0.01747596 -0.06594997 0.02314198 0.02143096 -0.06594997 0.01953697 0.02465599 -0.06594997 0.01526695 0.02704197 -0.06594997 0.01047599 0.02850598 -0.06594997 0.005328953 0.02899998 -0.06594997 0 0.02244997 -0.06594997 -0.160016 0.02869498 -0.06594997 -0.004494965 0.02788197 -0.06594997 -0.009574949 0.02733296 -0.06594997 -0.01247197 0.02671098 -0.06594997 -0.01565796 0.02603399 -0.06594997 -0.01916098 0.02531898 -0.06594997 -0.023 0.024459 -0.06594997 -0.02790498 0.02359098 -0.06594997 -0.03328496 0.02273696 -0.06594997 -0.03913295 0.02191996 -0.06594997 -0.04543495 0.02115797 -0.06594997 -0.052163 0.02046895 -0.06594997 -0.05928695 0.01986998 -0.06594997 -0.06676399 0.01937496 -0.06594997 -0.07454997 0.01875096 -0.06594997 -0.09084296 0.01867997 -0.06594997 -0.107727 0.01921194 -0.06594997 -0.1247349 0.02035897 -0.06594997 -0.141404 0.02067995 -0.06594997 -0.14486 0.02102994 -0.06594997 -0.148315 0.02130997 -0.06594997 -0.150885 0.02169197 -0.06594997 -0.154153 0 -0.06594997 -0.023 -0.0115 -0.06594997 -0.01991897 -0.007865965 -0.06594997 -0.021613 -0.003993988 -0.06594997 -0.02265095 0.03452295 -0.04769998 -0.230761 0.033104 -0.04769998 -0.236364 0.03078198 -0.04769998 -0.241658 0.02761995 -0.04769998 -0.246497 0.023705 -0.04769998 -0.25075 0.01914298 -0.04769998 -0.254301 0.01405894 -0.04769998 -0.257052 0.008591949 -0.04769998 -0.258929 0.00288999 -0.04769998 -0.25988 -0.00288999 -0.04769998 -0.25988 -0.008591949 -0.04769998 -0.258929 -0.01405894 -0.04769998 -0.257052 -0.01914298 -0.04769998 -0.254301 -0.023705 -0.04769998 -0.25075 -0.02761995 -0.04769998 -0.246497 -0.03078198 -0.04769998 -0.241658 -0.033104 -0.04769998 -0.236364 -0.03452295 -0.04769998 -0.230761 0.021694 -0.06594997 -0.154153 0.02103298 -0.06594997 -0.1483139 0.02068299 -0.06594997 -0.14486 0.020361 -0.06594997 -0.141404 0.02201098 -0.03944998 -0.156704 0.02219098 -0.03758895 -0.158089 0.02249896 -0.03578495 -0.160373 0.02286899 -0.03473699 -0.162984 0.02322399 -0.03444999 -0.165364 0.02336996 -0.03444999 -0.166317 0.02351999 -0.03444999 -0.167269 0.02367198 -0.03444999 -0.1682209 0.023826 -0.03444999 -0.169172 -0.02036195 -0.06594997 -0.141404 -0.02236998 -0.06594997 -0.141404 -0.02123194 -0.06594997 -0.125117 -0.02083396 -0.06594997 -0.115051 -0.02065598 -0.06594997 -0.09734398 -0.02112495 -0.06594997 -0.07953 -0.02219998 -0.06594997 -0.062541 -0.02293795 -0.06594997 -0.05440598 -0.02378594 -0.06594997 -0.04664695 -0.02456998 -0.06594997 -0.04048597 -0.02539598 -0.06594997 -0.03471499 -0.02624195 -0.06594997 -0.029365 -0.027085 -0.06594997 -0.02446597 -0.02741998 -0.06594997 -0.022623 -0.02814495 -0.06594997 -0.01877796 -0.02882397 -0.06594997 -0.015293 -0.02944099 -0.06594997 -0.01212894 -0.02998 -0.06594997 -0.009248971 0.02277696 -0.07045 -0.023 0.02265596 -0.07045 -0.02367299 0.02180194 -0.07045 -0.02863097 0.02094697 -0.07045 -0.03404396 0.02011096 -0.07045 -0.039882 0.01931697 -0.07045 -0.04611498 0.01845997 -0.07045 -0.05395799 0.01771497 -0.07045 -0.06217598 0.01662999 -0.07045 -0.079328 0.01615697 -0.07045 -0.09730798 0.01633596 -0.07045 -0.115179 0.01673698 -0.07045 -0.125346 0.01739799 -0.07045 -0.1358399 0.01829099 -0.07045 -0.146087 0.01940196 -0.07045 -0.156 0.02071195 -0.07045 -0.165491 0.02190798 -0.07045 -0.172827 0.02319395 -0.07045 -0.1797879 0.02453994 -0.07045 -0.186361 0.02591896 -0.07045 -0.192531 0.027713 -0.07045 -0.1999599 0.02873998 -0.07045 -0.204065 0.02887398 -0.07033801 -0.204143 0.03158199 -0.06809097 -0.205706 0.03286796 -0.06702095 -0.206448 0.03220897 -0.06594997 -0.199394 0.03030198 -0.06594997 -0.191512 0.02895694 -0.06594997 -0.185496 0.02764296 -0.06594997 -0.179095 0.02638798 -0.06594997 -0.172321 0.02521795 -0.06594997 -0.165188 0.02516096 -0.06594997 -0.164815 0.02361899 -0.06594997 -0.15341 0.02236998 -0.06594997 -0.141404 0.02123194 -0.06594997 -0.125117 0.02083396 -0.06594997 -0.115051 0.020657 -0.06594997 -0.09722995 0.02112495 -0.06594997 -0.07953 0.021613 -0.06594997 -0.07060098 0.02225095 -0.06594997 -0.06192797 0.02298796 -0.06594997 -0.05390495 0.02378594 -0.06594997 -0.04664695 0.024257 -0.06594997 -0.04285395 0.02472996 -0.06594997 -0.03932297 0.02519398 -0.06594997 -0.03607594 0.02563798 -0.06594997 -0.03312999 0.02605599 -0.06594997 -0.03049397 0.02644097 -0.06594997 -0.02816897 0.02678596 -0.06594997 -0.02615898 0.027085 -0.06594997 -0.02446597 0.02735096 -0.06594997 -0.023 0.02620697 -0.06707495 -0.023 0.02506399 -0.06819999 -0.023 0.02391999 -0.06932497 -0.023 0.02413195 -0.06894999 -0.02393698 0.02328199 -0.06894999 -0.02887594 0.02243 -0.06894999 -0.03426796 0.02159696 -0.06894999 -0.04008299 0.02080696 -0.06894999 -0.04629194 0.01995199 -0.06894999 -0.05410796 0.01920998 -0.06894999 -0.06229799 0.01812797 -0.06894999 -0.07939499 0.01786994 -0.06894999 -0.08621698 0.01764094 -0.06894999 -0.100728 0.01823496 -0.06894999 -0.12527 0.01783496 -0.06894999 -0.115137 0.01916497 -0.06894999 -0.139163 0.02049899 -0.06894999 -0.152565 0.02219498 -0.06894999 -0.165266 0.023386 -0.06894999 -0.172569 0.02466595 -0.06894999 -0.1795009 0.02600699 -0.06894999 -0.186047 0.02737998 -0.06894999 -0.192192 0.02916896 -0.06894999 -0.199598 0.03023898 -0.06894999 -0.203878 -0.02399998 -0.04444998 -0.185674 -0.02292495 -0.04444998 -0.185962 -0.02213799 -0.04444998 -0.186749 -0.02184998 -0.04444998 -0.187824 -0.02213799 -0.04444998 -0.188899 -0.02292495 -0.04444998 -0.189686 -0.02399998 -0.04444998 -0.189974 -0.02507495 -0.04444998 -0.189686 -0.02586197 -0.04444998 -0.188899 -0.02614998 -0.04444998 -0.187824 -0.02586197 -0.04444998 -0.186749 -0.02507495 -0.04444998 -0.185962 -0.02399998 -0.03444999 -0.185674 -0.02292495 -0.03444999 -0.185962 -0.02213799 -0.03444999 -0.186749 -0.02184998 -0.03444999 -0.187824 -0.02213799 -0.03444999 -0.188899 -0.02292495 -0.03444999 -0.189686 -0.02399998 -0.03444999 -0.189974 -0.02507495 -0.03444999 -0.189686 -0.02586197 -0.03444999 -0.188899 -0.02614998 -0.03444999 -0.187824 -0.02586197 -0.03444999 -0.186749 -0.02507495 -0.03444999 -0.185962 -0.01349997 -0.05327498 -0.189212 -0.01349997 -0.05327498 -0.1765969 -0.01330095 -0.05229794 -0.189137 -0.01274996 -0.05148899 -0.188937 -0.01194095 -0.05095899 -0.1886619 -0.01099997 -0.05077499 -0.1883659 -0.01099997 -0.05077499 -0.175969 -0.01194798 -0.05096197 -0.176191 -0.01275795 -0.05149698 -0.176396 -0.01330494 -0.05230695 -0.1765429 0.01099997 -0.05077499 -0.1883659 0.01099997 -0.05077499 -0.175969 0.005533993 -0.05077499 -0.175056 0 -0.05077499 -0.17475 -0.005533993 -0.05077499 -0.175056 -0.005558967 -0.05077499 -0.187156 0 -0.05077499 -0.1867499 0.005558967 -0.05077499 -0.187156 0.01349997 -0.05327498 -0.1765969 0.01330494 -0.05230695 -0.1765429 0.01275795 -0.05149698 -0.176396 0.01194798 -0.05096197 -0.176191 0.01194095 -0.05095899 -0.1886619 0.01274996 -0.05148899 -0.188937 0.01330095 -0.05229794 -0.189137 0.01349997 -0.05327498 -0.189212 0.01484996 -0.03444999 -0.176994 0.00899595 -0.03444999 -0.175562 0.003012955 -0.03444999 -0.17484 -0.003012955 -0.03444999 -0.17484 -0.00899595 -0.03444999 -0.175562 -0.01484996 -0.03444999 -0.176994 0.041471 -0.05923295 -0.225 0.041269 -0.05923295 -0.229065 0.04066997 -0.05923295 -0.23309 0.03968197 -0.05923295 -0.237038 0.03831398 -0.05923295 -0.240871 0.03657495 -0.05923295 -0.24455 0.03448098 -0.05923295 -0.248039 0.03205597 -0.05923295 -0.251309 0.02932494 -0.05923295 -0.254326 0.02631199 -0.05923295 -0.257061 0.02304196 -0.05923295 -0.259483 0.01954996 -0.05923295 -0.261573 0.01586997 -0.05923295 -0.263313 0.01203799 -0.05923295 -0.264686 0.008090972 -0.05923295 -0.265675 0.004064977 -0.05923295 -0.26627 -10e-7 -0.05923295 -0.266469 -0.00406599 -0.05923295 -0.266272 -0.008090972 -0.05923295 -0.265678 -0.01203799 -0.05923295 -0.264688 -0.01586896 -0.05923295 -0.263314 -0.01954799 -0.05923295 -0.261573 -0.02303999 -0.05923295 -0.259482 -0.02630895 -0.05923295 -0.257058 -0.02932298 -0.05923295 -0.254324 -0.03205496 -0.05923295 -0.251307 -0.03448098 -0.05923295 -0.248039 -0.03657597 -0.05923295 -0.24455 -0.03831499 -0.05923295 -0.240872 -0.03968298 -0.05923295 -0.23704 -0.04067099 -0.05923295 -0.2330909 -0.04126995 -0.05923295 -0.229065 -0.041471 -0.05923295 -0.225 -0.04319995 -0.05106896 -0.225 -0.04424297 -0.04278796 -0.225 -0.04459095 -0.03444999 -0.225 -0.04409295 -0.03444999 -0.231646 -0.04260998 -0.03444999 -0.238143 -0.04017496 -0.03444999 -0.244347 -0.036843 -0.03444999 -0.250119 -0.03268694 -0.03444999 -0.255329 -0.02780199 -0.03444999 -0.259863 -0.02229499 -0.03444999 -0.263617 -0.01629096 -0.03444999 -0.266508 -0.009921967 -0.03444999 -0.268473 -0.003331959 -0.03444999 -0.269466 0.003331959 -0.03444999 -0.269466 0.009921967 -0.03444999 -0.268473 0.01629096 -0.03444999 -0.266508 0.02229499 -0.03444999 -0.263617 0.02780199 -0.03444999 -0.259863 0.03268694 -0.03444999 -0.255329 0.036843 -0.03444999 -0.250119 0.04017496 -0.03444999 -0.244347 0.04260998 -0.03444999 -0.238143 0.04409295 -0.03444999 -0.231646 0.04459095 -0.03444999 -0.225 0.04424297 -0.04278796 -0.225 0.04319995 -0.05106896 -0.225 0.04128098 -0.05106896 -0.237733 0.03892195 -0.05106896 -0.243744 0.03166794 -0.05106896 -0.254384 0.02693498 -0.05106896 -0.258775 0.009612977 -0.05106896 -0.267117 0.003227949 -0.05106896 -0.268079 -0.01578295 -0.05106896 -0.265214 0.04271799 -0.05106896 -0.2314389 0.04374796 -0.04278898 -0.231594 0.04227697 -0.04278898 -0.238041 0.03986096 -0.04278898 -0.2441959 0.035694 -0.05106896 -0.249336 0.03655499 -0.04278898 -0.249923 0.03243196 -0.04278898 -0.255093 0.02758496 -0.04278898 -0.25959 0.02159994 -0.05106896 -0.262412 0.02212095 -0.04278898 -0.263315 0.01578295 -0.05106896 -0.265214 0.016164 -0.04278898 -0.266184 0.009844958 -0.04278898 -0.268133 0.003305971 -0.04278898 -0.269119 -0.003227949 -0.05106896 -0.268079 -0.003305971 -0.04278898 -0.269119 -0.009612977 -0.05106896 -0.267117 -0.009844958 -0.04278898 -0.268133 -0.016164 -0.04278898 -0.266184 -0.02159994 -0.05106896 -0.262412 -0.02212095 -0.04278898 -0.263315 -0.02693498 -0.05106896 -0.258775 -0.02758496 -0.04278898 -0.25959 -0.03166794 -0.05106896 -0.254384 -0.03243196 -0.04278898 -0.255093 -0.035694 -0.05106896 -0.249336 -0.03655499 -0.04278898 -0.249923 -0.03892195 -0.05106896 -0.243744 -0.03986096 -0.04278898 -0.2441959 -0.04128098 -0.05106896 -0.237733 -0.04227697 -0.04278898 -0.238041 -0.04271799 -0.05106896 -0.2314389 -0.04374796 -0.04278898 -0.231594 -0.04101496 -0.05922198 -0.218426 -0.03988999 -0.05923497 -0.21186 -0.03840398 -0.05927896 -0.205045 -0.03672897 -0.05933499 -0.197721 -0.03523498 -0.05938994 -0.190903 -0.03512698 -0.059394 -0.19039 -0.03392398 -0.05944299 -0.184429 -0.03274899 -0.059493 -0.1780959 -0.03162199 -0.05953997 -0.171405 -0.03056299 -0.05958199 -0.16437 -0.03051096 -0.05958396 -0.164002 -0.02931898 -0.05962395 -0.154738 -0.02828395 -0.05964797 -0.145043 -0.030393 -0.054744 -0.1478739 -0.03210395 -0.04972797 -0.15077 -0.03341698 -0.04462295 -0.1537179 -0.03433096 -0.03944998 -0.156704 -0.03459697 -0.03757798 -0.1581 -0.03484898 -0.03608095 -0.159891 -0.03510397 -0.03503996 -0.161981 -0.03537398 -0.03451198 -0.164256 -0.03550696 -0.03444999 -0.165365 -0.03638499 -0.03444999 -0.1722519 -0.03730297 -0.03444999 -0.178801 -0.03824996 -0.03444999 -0.185001 -0.03921997 -0.03444999 -0.190836 -0.04011195 -0.03444999 -0.195833 -0.04099994 -0.03444999 -0.2005389 -0.04267698 -0.03444999 -0.209214 -0.04401797 -0.03444999 -0.217207 -0.04443597 -0.03444999 -0.2210929 -0.03029197 -0.058703 -0.159702 -0.04205495 -0.04156595 -0.2073799 -0.04124498 -0.05845499 -0.218671 -0.04181897 -0.05603295 -0.2186689 -0.04214894 -0.05449998 -0.218667 -0.043199 -0.04849696 -0.218663 -0.043877 -0.042445 -0.218661 -0.04394596 -0.04153597 -0.218661 -0.04017698 -0.05846995 -0.212279 -0.04076999 -0.05605196 -0.212275 -0.04111194 -0.05451995 -0.212272 -0.042198 -0.04851597 -0.212264 -0.04289895 -0.04245799 -0.2122589 -0.04297095 -0.041547 -0.2122589 -0.03914898 -0.05849999 -0.207409 -0.03976595 -0.05608499 -0.207403 -0.04012095 -0.05455398 -0.2074 -0.041251 -0.04854798 -0.207388 -0.04197996 -0.04247897 -0.207381 -0.03798997 -0.05853599 -0.20227 -0.03863698 -0.05612498 -0.202262 -0.03900998 -0.05459594 -0.202257 -0.040196 -0.04858696 -0.202242 -0.04096198 -0.04250496 -0.202232 -0.04104 -0.04158997 -0.202231 -0.03675496 -0.05856996 -0.196786 -0.03743797 -0.05616396 -0.196776 -0.03783094 -0.054636 -0.19677 -0.03908395 -0.04862499 -0.1967509 -0.03989195 -0.04253095 -0.196739 -0.03997498 -0.04161298 -0.196737 -0.03428298 -0.05862897 -0.18484 -0.035043 -0.05623197 -0.184826 -0.03548097 -0.05470699 -0.184817 -0.03687798 -0.048693 -0.18479 -0.037781 -0.04257595 -0.184773 -0.03787398 -0.04165399 -0.184771 -0.038899 -0.04163396 -0.190841 -0.03881096 -0.04255396 -0.190843 -0.03795498 -0.04865998 -0.1908569 -0.03662997 -0.054672 -0.190879 -0.03621399 -0.05619895 -0.190886 -0.035492 -0.05859994 -0.190899 -0.03310298 -0.05865395 -0.178387 -0.03390097 -0.056261 -0.1783699 -0.03435999 -0.05473697 -0.1783609 -0.03582698 -0.04872196 -0.17833 -0.03677594 -0.04259598 -0.17831 -0.03687298 -0.04167097 -0.1783069 -0.03197199 -0.058676 -0.1715559 -0.03280395 -0.05628496 -0.171537 -0.03328394 -0.05476295 -0.171526 -0.034814 -0.048747 -0.171492 -0.035806 -0.04261195 -0.171469 -0.03590798 -0.04168599 -0.171467 -0.03090995 -0.058694 -0.164361 -0.03177195 -0.056306 -0.164341 -0.03226798 -0.05478399 -0.164329 -0.03385394 -0.04876697 -0.164291 -0.03488194 -0.04262596 -0.164267 -0.03498798 -0.04169797 -0.164264 -0.03116798 -0.05631595 -0.15968 -0.03167396 -0.05479395 -0.159667 -0.033288 -0.04877597 -0.159628 -0.03433495 -0.04263198 -0.159602 -0.03444194 -0.04170399 -0.159599 -0.03274899 -0.04878395 -0.154841 -0.03111195 -0.054802 -0.154883 -0.03059899 -0.05632299 -0.154896 -0.02971094 -0.05870896 -0.154918 -0.03824996 -0.04444998 -0.225 -0.03776097 -0.04450798 -0.218903 -0.03715395 -0.04464197 -0.21591 -0.03631395 -0.04490298 -0.212985 -0.03525298 -0.04532396 -0.210156 -0.033984 -0.04592597 -0.207446 -0.03253298 -0.04671895 -0.2048839 -0.03496599 -0.04607498 -0.212296 -0.03383898 -0.04607498 -0.207479 -0.03619498 -0.04607498 -0.219013 -0.03655695 -0.04607498 -0.222706 -0.035555 -0.04607498 -0.215146 -0.02201098 -0.03944998 -0.156704 -0.02213197 -0.03809297 -0.157645 -0.02228295 -0.03691095 -0.158794 -0.02246296 -0.03593599 -0.1601189 -0.02266699 -0.03519195 -0.161584 -0.02293395 -0.03463697 -0.163439 -0.02322196 -0.03444999 -0.165364 -0.01659798 -0.03444999 -0.177301 -0.01836597 -0.03444999 -0.177155 -0.020042 -0.03444999 -0.176572 -0.02151596 -0.03444999 -0.175585 -0.022695 -0.03444999 -0.1742579 -0.023503 -0.03444999 -0.172679 -0.02388697 -0.03444999 -0.170946 -0.023826 -0.03444999 -0.169172 0.03824996 -0.04444998 -0.225 0.03777897 -0.04444998 -0.230984 0.03637796 -0.04444998 -0.23682 0.03408098 -0.04444998 -0.242365 0.030945 -0.04444998 -0.247483 0.02704697 -0.04444998 -0.252047 0.02248299 -0.04444998 -0.255945 0.01736497 -0.04444998 -0.259081 0.01181995 -0.04444998 -0.261378 0.005983948 -0.04444998 -0.262779 0 -0.04444998 -0.26325 -0.005983948 -0.04444998 -0.262779 -0.01181995 -0.04444998 -0.261378 -0.01736497 -0.04444998 -0.259081 -0.02248299 -0.04444998 -0.255945 -0.02704697 -0.04444998 -0.252047 -0.030945 -0.04444998 -0.247483 -0.03408098 -0.04444998 -0.242365 -0.03637796 -0.04444998 -0.23682 -0.03777897 -0.04444998 -0.230984 0.03550696 -0.03444999 -0.165365 0.03638499 -0.03444999 -0.1722519 0.03730297 -0.03444999 -0.178801 0.03824996 -0.03444999 -0.185001 0.03921997 -0.03444999 -0.190836 0.04011195 -0.03444999 -0.195833 0.04099994 -0.03444999 -0.2005389 0.04267698 -0.03444999 -0.209214 0.04401797 -0.03444999 -0.217207 0.04443597 -0.03444999 -0.2210929 0.01659798 -0.03444999 -0.177301 0.01836597 -0.03444999 -0.177155 0.020042 -0.03444999 -0.176572 0.02151596 -0.03444999 -0.175585 0.022695 -0.03444999 -0.1742579 0.023503 -0.03444999 -0.172679 0.02388697 -0.03444999 -0.170946 0 -0.03444999 -0.26325 0.006136 -0.03444999 -0.262755 0.01211297 -0.03444999 -0.261282 0.01777595 -0.03444999 -0.258869 0.02297794 -0.03444999 -0.255579 0.02758598 -0.03444999 -0.251497 0.031479 -0.03444999 -0.246728 0.03455698 -0.03444999 -0.241397 0.03674 -0.03444999 -0.235642 0.03797096 -0.03444999 -0.229611 0.03821897 -0.03444999 -0.22346 0.03747695 -0.03444999 -0.2173489 0.03576397 -0.03444999 -0.211436 0.03312498 -0.03444999 -0.205875 0.02962899 -0.03444999 -0.200809 0.02536398 -0.03444999 -0.196369 0.02044296 -0.03444999 -0.192671 0.01499295 -0.03444999 -0.189811 0.009153962 -0.03444999 -0.187861 0.003077983 -0.03444999 -0.186874 -0.003077983 -0.03444999 -0.186874 -0.009153962 -0.03444999 -0.187861 -0.01499295 -0.03444999 -0.189811 -0.02044296 -0.03444999 -0.192671 -0.02536398 -0.03444999 -0.196369 -0.02962899 -0.03444999 -0.200809 -0.03312498 -0.03444999 -0.205875 -0.03576397 -0.03444999 -0.211436 -0.03747695 -0.03444999 -0.2173489 -0.03821897 -0.03444999 -0.22346 -0.03797096 -0.03444999 -0.229611 -0.03674 -0.03444999 -0.235642 -0.03455698 -0.03444999 -0.241397 -0.031479 -0.03444999 -0.246728 -0.02758598 -0.03444999 -0.251497 -0.02297794 -0.03444999 -0.255579 -0.01777595 -0.03444999 -0.258869 -0.01211297 -0.03444999 -0.261282 -0.006136 -0.03444999 -0.262755 0.03433096 -0.03944998 -0.156704 0.03459697 -0.03757798 -0.1581 0.03484898 -0.03608095 -0.159891 0.03510397 -0.03503996 -0.161981 0.03537398 -0.03451198 -0.164256 0.03253597 -0.04671698 -0.2048889 0.03399199 -0.04592198 -0.2074609 0.03624194 -0.04492795 -0.212769 0.03728795 -0.04460799 -0.216476 0.03777796 -0.044505 -0.219013 0.036394 -0.04607498 -0.220688 0.035748 -0.04607498 -0.216187 0.03475397 -0.04607498 -0.2113479 -0.02679896 -0.06123 -0.14413 -0.02532899 -0.06279599 -0.143225 -0.02385097 -0.06437098 -0.142316 -0.02112096 -0.05255895 -0.149136 0.02828395 -0.05964797 -0.145043 0.02931898 -0.05962395 -0.154738 0.03051096 -0.05958396 -0.164002 0.03056299 -0.05958199 -0.16437 0.03162199 -0.05953997 -0.171405 0.03274899 -0.059493 -0.1780959 0.03392499 -0.05944299 -0.184429 0.03512698 -0.059394 -0.19039 0.03523498 -0.05938994 -0.190903 0.03672897 -0.05933499 -0.197721 0.03840398 -0.05927896 -0.205045 0.03988999 -0.05923497 -0.21186 0.04101496 -0.05922198 -0.218426 0.03341698 -0.04462295 -0.1537179 0.03210395 -0.04972797 -0.15077 0.030393 -0.054744 -0.1478739 0.03029197 -0.058703 -0.159702 0.04205495 -0.04156595 -0.2073799 0.02971094 -0.05870896 -0.154918 0.03059899 -0.05632299 -0.154896 0.03111195 -0.054802 -0.154883 0.03274899 -0.04878395 -0.154841 0.03444194 -0.04170399 -0.159599 0.03433495 -0.04263198 -0.159602 0.033288 -0.04877597 -0.159628 0.03167396 -0.05479395 -0.159667 0.03116798 -0.05631595 -0.15968 0.03090995 -0.058694 -0.164361 0.03177195 -0.056306 -0.164341 0.03226798 -0.05478399 -0.164329 0.03385394 -0.04876697 -0.164291 0.03488194 -0.04262596 -0.164267 0.03498798 -0.04169797 -0.164264 0.03197199 -0.058676 -0.1715559 0.03280395 -0.05628496 -0.171537 0.03328394 -0.05476295 -0.171526 0.034814 -0.048747 -0.171492 0.035806 -0.04261195 -0.171469 0.03590798 -0.04168599 -0.171467 0.03310298 -0.05865395 -0.178387 0.03390097 -0.056261 -0.1783699 0.03435999 -0.05473697 -0.1783609 0.03582698 -0.04872196 -0.17833 0.03677594 -0.04259598 -0.17831 0.03687298 -0.04167097 -0.1783069 0.03428298 -0.05862897 -0.18484 0.035043 -0.05623197 -0.184826 0.03548097 -0.05470699 -0.184817 0.03687798 -0.048693 -0.18479 0.037781 -0.04257595 -0.184773 0.03787398 -0.04165399 -0.184771 0.035492 -0.05859994 -0.190899 0.03621399 -0.05619895 -0.190886 0.03662997 -0.054672 -0.190879 0.03795498 -0.04865998 -0.1908569 0.03881096 -0.04255396 -0.190843 0.038899 -0.04163396 -0.190841 0.03675496 -0.05856996 -0.196786 0.03743797 -0.05616396 -0.196776 0.03783094 -0.054636 -0.19677 0.03908395 -0.04862499 -0.1967509 0.03989195 -0.04253095 -0.196739 0.03997498 -0.04161298 -0.196737 0.03798997 -0.05853599 -0.20227 0.03863698 -0.05612498 -0.202262 0.03900998 -0.05459594 -0.202257 0.040196 -0.04858696 -0.202242 0.04096198 -0.04250496 -0.202232 0.04104 -0.04158997 -0.202231 0.03914898 -0.05849999 -0.207409 0.03976595 -0.05608499 -0.207403 0.04012095 -0.05455398 -0.2074 0.041251 -0.04854798 -0.207388 0.04197996 -0.04247897 -0.207381 0.04017698 -0.05846995 -0.212279 0.04076999 -0.05605196 -0.212275 0.04111194 -0.05451995 -0.212272 0.042198 -0.04851597 -0.212264 0.04289895 -0.04245799 -0.2122589 0.04297095 -0.041547 -0.2122589 0.04124498 -0.05845499 -0.218671 0.04181897 -0.05603295 -0.2186689 0.04214894 -0.05449998 -0.218667 0.043199 -0.04849696 -0.218663 0.043877 -0.042445 -0.218661 0.04394596 -0.04153597 -0.218661 0.02385097 -0.06437098 -0.142316 0.02532899 -0.06279599 -0.143225 0.02679896 -0.06123 -0.14413 -0.03322196 -0.06259196 -0.245874 0 -0.06259196 -0.264234 0.03703194 -0.06259196 -0.237959 0.03898698 -0.06259196 -0.229393 0.038248 -0.06259196 -0.23373 0.03535097 -0.06259196 -0.242024 0.03322094 -0.06259196 -0.245874 0.03067398 -0.06259196 -0.249462 0.02774399 -0.06259196 -0.252745 0.02446597 -0.06259196 -0.255679 0.02087599 -0.06259196 -0.258222 0.01702398 -0.06259196 -0.260348 0.01295799 -0.06259196 -0.262033 0.008730947 -0.06259196 -0.263253 0.004392981 -0.06259196 -0.263988 -0.004393994 -0.06259196 -0.26399 -0.008730947 -0.06259196 -0.263256 -0.01295799 -0.06259196 -0.262035 -0.01702195 -0.06259196 -0.260349 -0.02087396 -0.06259196 -0.258221 -0.02446299 -0.06259196 -0.255676 -0.02774196 -0.06259196 -0.252743 -0.03067296 -0.06259196 -0.2494609 -0.03535199 -0.06259196 -0.242025 -0.03703296 -0.06259196 -0.23796 -0.038248 -0.06259196 -0.233731 -0.03898698 -0.06259196 -0.229393 -0.03677695 -0.06594997 -0.220734 -0.03616994 -0.06594997 -0.216413 -0.03526997 -0.06594997 -0.211929 -0.03415697 -0.06594997 -0.20719 -0.03231799 -0.06594997 -0.199829 -0.03208094 -0.06594997 -0.198876 -0.03030198 -0.06594997 -0.191512 -0.02895694 -0.06594997 -0.185496 -0.02764296 -0.06594997 -0.179095 -0.02638798 -0.06594997 -0.172321 -0.02521795 -0.06594997 -0.165188 -0.02361196 -0.06594997 -0.153353 -0.02635097 -0.06279098 -0.153055 -0.02783596 -0.06276798 -0.164411 -0.02788996 -0.06276696 -0.164779 -0.02847295 -0.062756 -0.1686 -0.03003299 -0.062725 -0.177718 -0.03169298 -0.06269198 -0.186191 -0.03282898 -0.062671 -0.191466 -0.03271496 -0.06267297 -0.190951 -0.03440397 -0.06264299 -0.198299 -0.03615397 -0.06261497 -0.205606 -0.03767597 -0.06259298 -0.212339 -0.03879398 -0.06258696 -0.218716 0.01624995 -0.07045 -0.1968539 0.01111596 -0.07045 -0.19446 0.005643963 -0.07045 -0.1929939 0 -0.07045 -0.1924999 -0.005643963 -0.07045 -0.1929939 -0.01111596 -0.07045 -0.19446 -0.01624995 -0.07045 -0.1968539 -0.02873998 -0.07045 -0.204065 -0.02887594 -0.07033699 -0.204144 -0.03158396 -0.068089 -0.205707 -0.03286898 -0.06701999 -0.206449 -0.027713 -0.07045 -0.1999599 -0.02591896 -0.07045 -0.192531 -0.02453994 -0.07045 -0.186361 -0.02319395 -0.07045 -0.1797879 -0.02190798 -0.07045 -0.172827 -0.02071297 -0.07045 -0.165491 -0.01940196 -0.07045 -0.156 -0.01829099 -0.07045 -0.146087 -0.01739799 -0.07045 -0.1358399 -0.01673698 -0.07045 -0.125346 -0.01633596 -0.07045 -0.115179 -0.01615697 -0.07045 -0.09730798 -0.01662999 -0.07045 -0.079328 -0.01771497 -0.07045 -0.06217598 -0.01845997 -0.07045 -0.05395799 -0.01931697 -0.07045 -0.04611396 -0.02011096 -0.07045 -0.039882 -0.02094697 -0.07045 -0.03404396 -0.02180194 -0.07045 -0.02863097 -0.02265596 -0.07045 -0.02367299 -0.02299398 -0.07045 -0.02180898 -0.02396798 -0.07045 -0.01667797 -0.02483999 -0.07045 -0.01221698 -0.026124 -0.06933099 -0.01147496 -0.02741295 -0.06820499 -0.01073098 -0.02869695 -0.067079 -0.009989976 -0.02521795 -0.06594997 -0.165188 -0.02634197 -0.06594997 -0.172058 -0.02638798 -0.06594997 -0.172321 -0.02761095 -0.06594997 -0.178929 -0.02764296 -0.06594997 -0.179095 -0.02893996 -0.06594997 -0.185418 -0.02895694 -0.06594997 -0.185496 -0.03030198 -0.06594997 -0.191512 -0.03208094 -0.06594997 -0.198875 -0.02916097 -0.06895798 -0.1996 -0.03023099 -0.06895798 -0.20388 -0.027372 -0.06895798 -0.192193 -0.02599895 -0.06895798 -0.186049 -0.02465796 -0.06895798 -0.179503 -0.02337795 -0.06895798 -0.172572 -0.02218794 -0.06895798 -0.165269 -0.02048999 -0.06895798 -0.152566 -0.01915699 -0.06895798 -0.139164 -0.01822698 -0.06895798 -0.12527 -0.01782697 -0.06895798 -0.115137 -0.01764798 -0.06895798 -0.09731996 -0.01811999 -0.06895798 -0.07939499 -0.01877796 -0.06895798 -0.06791496 -0.01968395 -0.06895798 -0.05679994 -0.02079898 -0.06895798 -0.04629099 -0.02186298 -0.06895798 -0.03809899 -0.02298897 -0.06895798 -0.03062295 -0.02412396 -0.06895798 -0.02393597 -0.02446097 -0.06895798 -0.02207899 -0.02519094 -0.06895798 -0.01820898 -0.02587199 -0.06895798 -0.01471298 -0.02648997 -0.06895798 -0.01154798 -0.0115 -0.07045 -0.01991897 -0.007865965 -0.07045 -0.021613 -0.003993988 -0.07045 -0.02265095 0 -0.07045 -0.023 0.03440499 -0.06264197 -0.198299 0.02635496 -0.06278997 -0.153083 0.02783697 -0.06276696 -0.164409 0.02789098 -0.06276595 -0.164779 0.02877599 -0.06274896 -0.1704739 0.03035998 -0.06271797 -0.179466 0.03203296 -0.06268495 -0.1878049 0.03282999 -0.06266897 -0.191466 0.03271496 -0.06267195 -0.190951 0.03615498 -0.06261396 -0.205605 0.03767699 -0.06259196 -0.212339 0.03879499 -0.06258499 -0.218716 0.02001696 -0.002949953 -0.204016 0.01659399 5e-5 -0.2012169 0.01399695 5e-5 -0.182736 0.01696795 -0.002949953 -0.182319 -0.01659399 5e-5 -0.2012169 -0.02001696 -0.002949953 -0.204016 -0.01696795 -0.002949953 -0.182319 -0.01399695 5e-5 -0.182736 0.01343995 5e-5 -0.181046 0.012326 5e-5 -0.1796579 0.01079696 5e-5 -0.178749 0.009045958 5e-5 -0.178432 0.009045958 -0.002949953 -0.175432 0.01184695 -0.002949953 -0.175939 0.01429396 -0.002949953 -0.177394 0.01607596 -0.002949953 -0.179615 -0.009045958 5e-5 -0.178432 -0.009045958 -0.002949953 -0.175432 -0.01079696 5e-5 -0.178749 -0.012326 5e-5 -0.1796579 -0.01343995 5e-5 -0.181046 -0.01607596 -0.002949953 -0.179615 -0.01429396 -0.002949953 -0.177394 -0.01184695 -0.002949953 -0.175939 0.01497095 5e-5 -0.200163 0.01328098 5e-5 -0.19922 0.01153194 5e-5 -0.198392 0.01050496 5e-5 -0.198027 0.009437978 5e-5 -0.197806 0.008350968 5e-5 -0.197732 -0.008350968 5e-5 -0.197732 -0.009437978 5e-5 -0.197806 -0.01050496 5e-5 -0.198027 -0.01153194 5e-5 -0.198392 -0.01328098 5e-5 -0.19922 -0.01497095 5e-5 -0.200163 -0.008350968 -0.002949953 -0.197732 -0.009437978 -0.002949953 -0.197806 -0.01050496 -0.002949953 -0.198027 -0.01153194 -0.002949953 -0.198392 0.01153194 -0.002949953 -0.198392 0.01050496 -0.002949953 -0.198027 0.009437978 -0.002949953 -0.197806 0.008350968 -0.002949953 -0.197732 -0.008999943 -0.002949953 -0.197432 -0.009853959 -0.002949953 -0.1977249 -0.01069796 -0.002949953 -0.198046 0.01069796 -0.002949953 -0.198046 0.009853959 -0.002949953 -0.1977249 0.008999943 -0.002949953 -0.197432 0.008999943 -0.002949953 -0.181432 0.00869596 -0.002949953 -0.179901 0.007827997 -0.002949953 -0.1786029 0.006531 -0.002949953 -0.177736 0.004999995 -0.002949953 -0.177432 -0.004999995 -0.002949953 -0.177432 -0.006531 -0.002949953 -0.177736 -0.007827997 -0.002949953 -0.1786029 -0.00869596 -0.002949953 -0.179901 -0.008999943 -0.002949953 -0.181432 0 -0.01194995 -0.1965 0.005236983 -0.01194995 -0.196985 0.01029497 -0.01194995 -0.1984249 0.01500296 -0.01194995 -0.200769 0.01919996 -0.01194995 -0.203938 0.02274298 -0.01194995 -0.207825 0.02551198 -0.01194995 -0.212296 0.02741199 -0.01194995 -0.2172009 0.02837795 -0.01194995 -0.22237 0.02837795 -0.01194995 -0.22763 0.02741199 -0.01194995 -0.2327989 0.02551198 -0.01194995 -0.237704 0.02274298 -0.01194995 -0.242175 0.01919996 -0.01194995 -0.246062 0.01500296 -0.01194995 -0.249231 0.01029497 -0.01194995 -0.251575 0.005236983 -0.01194995 -0.253015 0 -0.01194995 -0.2535 -0.005236983 -0.01194995 -0.253015 -0.01029497 -0.01194995 -0.251575 -0.01500296 -0.01194995 -0.249231 -0.01919996 -0.01194995 -0.246062 -0.02274298 -0.01194995 -0.242175 -0.02551198 -0.01194995 -0.237704 -0.02741199 -0.01194995 -0.2327989 -0.02837795 -0.01194995 -0.22763 -0.02837795 -0.01194995 -0.22237 -0.02741199 -0.01194995 -0.2172009 -0.02551198 -0.01194995 -0.212296 -0.02274298 -0.01194995 -0.207825 -0.01919996 -0.01194995 -0.203938 -0.01500296 -0.01194995 -0.200769 -0.01029497 -0.01194995 -0.1984249 -0.005236983 -0.01194995 -0.196985 0 -0.003949999 -0.1965 -0.005236983 -0.003949999 -0.196985 -0.01029497 -0.003949999 -0.1984249 -0.01500296 -0.003949999 -0.200769 -0.01919996 -0.003949999 -0.203938 -0.02274298 -0.003949999 -0.207825 -0.02551198 -0.003949999 -0.212296 -0.02741199 -0.003949999 -0.2172009 -0.02837795 -0.003949999 -0.22237 -0.02837795 -0.003949999 -0.22763 -0.02741199 -0.003949999 -0.2327989 -0.02551198 -0.003949999 -0.237704 -0.02274298 -0.003949999 -0.242175 -0.01919996 -0.003949999 -0.246062 -0.01500296 -0.003949999 -0.249231 -0.01029497 -0.003949999 -0.251575 -0.005236983 -0.003949999 -0.253015 0 -0.003949999 -0.2535 0.005236983 -0.003949999 -0.253015 0.01029497 -0.003949999 -0.251575 0.01500296 -0.003949999 -0.249231 0.01919996 -0.003949999 -0.246062 0.02274298 -0.003949999 -0.242175 0.02551198 -0.003949999 -0.237704 0.02741199 -0.003949999 -0.2327989 0.02837795 -0.003949999 -0.22763 0.02837795 -0.003949999 -0.22237 0.02741199 -0.003949999 -0.2172009 0.02551198 -0.003949999 -0.212296 0.02274298 -0.003949999 -0.207825 0.01919996 -0.003949999 -0.203938 0.01500296 -0.003949999 -0.200769 0.01029497 -0.003949999 -0.1984249 0.005236983 -0.003949999 -0.196985 0 -0.07405 -0.2445 0.004338979 -0.07405 -0.244011 0.008460998 -0.07405 -0.242569 0.01215797 -0.07405 -0.2402459 0.01524597 -0.07405 -0.237158 0.017569 -0.07405 -0.233461 0.01901096 -0.07405 -0.229339 0.01949995 -0.07405 -0.225 0.01901096 -0.07405 -0.220661 0.017569 -0.07405 -0.216539 0.01524597 -0.07405 -0.212842 0.01215797 -0.07405 -0.209754 0.008460998 -0.07405 -0.207431 0.004338979 -0.07405 -0.205989 0 -0.07405 -0.2055 -0.004338979 -0.07405 -0.205989 -0.008460998 -0.07405 -0.207431 -0.01215797 -0.07405 -0.209754 -0.01524597 -0.07405 -0.212842 -0.017569 -0.07405 -0.216539 -0.01901096 -0.07405 -0.220661 -0.01949995 -0.07405 -0.225 -0.01901096 -0.07405 -0.229339 -0.017569 -0.07405 -0.233461 -0.01524597 -0.07405 -0.237158 -0.01215797 -0.07405 -0.2402459 -0.008460998 -0.07405 -0.242569 -0.004338979 -0.07405 -0.244011 0 -0.064525 -0.26 0.005914986 -0.064525 -0.259497 0.01165997 -0.064525 -0.258001 0.01706898 -0.064525 -0.255555 0.02198797 -0.064525 -0.252231 0.02627396 -0.064525 -0.248124 0.02980399 -0.064525 -0.243351 0.03247594 -0.064525 -0.23805 0.03421396 -0.064525 -0.232374 0.03496795 -0.064525 -0.226485 0.03471696 -0.064525 -0.2205539 0.03346598 -0.064525 -0.214751 0.03125196 -0.064525 -0.2092429 0.02813994 -0.064525 -0.204188 0.02421796 -0.064525 -0.199732 0.01959896 -0.064525 -0.196002 0.01441699 -0.064525 -0.193107 0.008818984 -0.064525 -0.191129 0.002967953 -0.064525 -0.190126 -0.002967953 -0.064525 -0.190126 -0.008818984 -0.064525 -0.191129 -0.01441699 -0.064525 -0.193107 -0.01959896 -0.064525 -0.196002 -0.02421796 -0.064525 -0.199732 -0.02813994 -0.064525 -0.204188 -0.03125196 -0.064525 -0.2092429 -0.03346598 -0.064525 -0.214751 -0.03471696 -0.064525 -0.2205539 -0.03496795 -0.064525 -0.226485 -0.03421396 -0.064525 -0.232374 -0.03247594 -0.064525 -0.23805 -0.02980399 -0.064525 -0.243351 -0.02627396 -0.064525 -0.248124 -0.02198797 -0.064525 -0.252231 -0.01706898 -0.064525 -0.255555 -0.01165997 -0.064525 -0.258001 -0.005914986 -0.064525 -0.259497 0 -0.064525 -0.2445 -0.004338979 -0.064525 -0.244011 -0.008460998 -0.064525 -0.242569 -0.01215797 -0.064525 -0.2402459 -0.01524597 -0.064525 -0.237158 -0.017569 -0.064525 -0.233461 -0.01901096 -0.064525 -0.229339 -0.01949995 -0.064525 -0.225 -0.01901096 -0.064525 -0.220661 -0.017569 -0.064525 -0.216539 -0.01524597 -0.064525 -0.212842 -0.01215797 -0.064525 -0.209754 -0.008460998 -0.064525 -0.207431 -0.004338979 -0.064525 -0.205989 0 -0.064525 -0.2055 0.004338979 -0.064525 -0.205989 0.008460998 -0.064525 -0.207431 0.01215797 -0.064525 -0.209754 0.01524597 -0.064525 -0.212842 0.017569 -0.064525 -0.216539 0.01901096 -0.064525 -0.220661 0.01949995 -0.064525 -0.225 0.01901096 -0.064525 -0.229339 0.017569 -0.064525 -0.233461 0.01524597 -0.064525 -0.237158 0.01215797 -0.064525 -0.2402459 0.008460998 -0.064525 -0.242569 0.004338979 -0.064525 -0.244011 -0.008999943 -0.01194995 -0.191177 -0.01463097 -0.01194995 -0.1932049 -0.01983398 -0.01194995 -0.196162 -0.02445697 -0.01194995 -0.199963 -0.02836495 -0.01194995 -0.204495 -0.03144299 -0.01194995 -0.209628 -0.03360295 -0.01194995 -0.215209 -0.03477895 -0.01194995 -0.221077 -0.03493899 -0.01194995 -0.22706 -0.034078 -0.01194995 -0.232982 -0.03221994 -0.01194995 -0.238671 -0.029419 -0.01194995 -0.24396 -0.02575898 -0.01194995 -0.248695 -0.02134597 -0.01194995 -0.252737 -0.01630795 -0.01194995 -0.255968 -0.01079398 -0.01194995 -0.258294 -0.004963994 -0.01194995 -0.259646 0.001010954 -0.01194995 -0.259985 0.006956994 -0.01194995 -0.259302 0.01269894 -0.01194995 -0.257615 0.01806998 -0.01194995 -0.254975 0.02291196 -0.01194995 -0.251458 0.027085 -0.01194995 -0.247168 0.03046596 -0.01194995 -0.242229 0.032956 -0.01194995 -0.236787 0.034482 -0.01194995 -0.231 0.03494197 -0.01194995 -0.2270089 0.03494197 -0.01194995 -0.222991 0.034482 -0.01194995 -0.219 0.03305494 -0.01194995 -0.213496 0.03075599 -0.01194995 -0.208295 0.027646 -0.01194995 -0.203536 0.02380496 -0.01194995 -0.199343 0.01933699 -0.01194995 -0.195827 0.01435798 -0.01194995 -0.193081 0.008999943 -0.01194995 -0.191177 0.004537999 -0.01194995 -0.190295 0 -0.01194995 -0.1899999 -0.004537999 -0.01194995 -0.190295 0.028373 -0.01194995 -0.219 0.028373 -0.01194995 -0.231 0.02681696 -0.01194995 -0.236039 0.02437394 -0.01194995 -0.240713 0.02112495 -0.01194995 -0.244867 0.01717799 -0.01194995 -0.248365 0.01266294 -0.01194995 -0.251089 0.007728993 -0.01194995 -0.252951 0.002538979 -0.01194995 -0.253889 -0.002734959 -0.01194995 -0.253871 -0.007918 -0.01194995 -0.252898 -0.01283997 -0.01194995 -0.251003 -0.01733696 -0.01194995 -0.248247 -0.02125996 -0.01194995 -0.244723 -0.02447998 -0.01194995 -0.240547 -0.02689099 -0.01194995 -0.235857 -0.02841299 -0.01194995 -0.230807 -0.02899396 -0.01194995 -0.225565 -0.02861696 -0.01194995 -0.220305 -0.02729398 -0.01194995 -0.2152 -0.02506798 -0.01194995 -0.2104189 -0.02201294 -0.01194995 -0.206121 -0.01822996 -0.01194995 -0.202446 -0.01384395 -0.01194995 -0.199518 -0.008999943 -0.01194995 -0.197432 0.008999943 -0.01194995 -0.197432 0.01364898 -0.01194995 -0.199413 0.017883 -0.01194995 -0.202171 0.02157497 -0.01194995 -0.205621 0.02461099 -0.01194995 -0.209661 0.02689999 -0.01194995 -0.214166 -0.008999943 -0.01194995 -0.187824 -0.01480394 -0.01194995 -0.189731 -0.02023094 -0.01194995 -0.192538 -0.02514195 -0.01194995 -0.196174 -0.02941095 -0.01194995 -0.2005439 -0.032929 -0.01194995 -0.205539 -0.03560799 -0.01194995 -0.211031 -0.03737795 -0.01194995 -0.2168779 -0.038194 -0.01194995 -0.2229329 -0.03803598 -0.01194995 -0.229041 -0.03690695 -0.01194995 -0.235046 -0.03483694 -0.01194995 -0.240794 -0.03187799 -0.01194995 -0.246139 -0.02810496 -0.01194995 -0.250945 -0.02361595 -0.01194995 -0.255089 -0.01852399 -0.01194995 -0.258465 -0.012959 -0.01194995 -0.260988 -0.007063984 -0.01194995 -0.262592 -9.88e-4 -0.01194995 -0.263237 0.005112946 -0.01194995 -0.262907 0.01108294 -0.01194995 -0.261609 0.01677095 -0.01194995 -0.259377 0.02202999 -0.01194995 -0.256269 0.02672797 -0.01194995 -0.252362 0.03074395 -0.01194995 -0.247757 0.033975 -0.01194995 -0.242572 0.03633898 -0.01194995 -0.2369379 0.03777599 -0.01194995 -0.231 -0.02899998 -0.06382495 0 -0.02850598 -0.06382495 -0.005328953 -0.02704197 -0.06382495 -0.01047599 -0.02465599 -0.06382495 -0.01526695 -0.02143096 -0.06382495 -0.01953697 -0.01747596 -0.06382495 -0.02314198 -0.01292598 -0.06382495 -0.02595996 -0.007936 -0.06382495 -0.02789294 -0.00267595 -0.06382495 -0.02887594 0.00267595 -0.06382495 -0.02887594 0.007936 -0.06382495 -0.02789294 0.01292598 -0.06382495 -0.02595996 0.01747596 -0.06382495 -0.02314198 0.02143096 -0.06382495 -0.01953697 0.02465599 -0.06382495 -0.01526695 0.02704197 -0.06382495 -0.01047599 0.02850598 -0.06382495 -0.005328953 0.02899998 -0.06382495 0 0.02850598 -0.06382495 0.005328953 0.02704197 -0.06382495 0.01047599 0.02465599 -0.06382495 0.01526695 0.02143096 -0.06382495 0.01953697 0.01747596 -0.06382495 0.02314198 0.01292598 -0.06382495 0.02595996 0.007936 -0.06382495 0.02789294 0.00267595 -0.06382495 0.02887594 -0.00267595 -0.06382495 0.02887594 -0.007936 -0.06382495 0.02789294 -0.01292598 -0.06382495 0.02595996 -0.01747596 -0.06382495 0.02314198 -0.02143096 -0.06382495 0.01953697 -0.02465599 -0.06382495 0.01526695 -0.02704197 -0.06382495 0.01047599 -0.02850598 -0.06382495 0.005328953 -0.01913499 -0.06382495 -0.006170988 -0.01997298 -0.06382495 -0.00594598 -0.02063697 -0.06382495 -0.005387961 -0.02100199 -0.06382495 -0.004600942 -0.02149999 -0.06382495 4.3e-5 -0.02098298 -0.06382495 0.004684984 -0.01947695 -0.06382495 0.00910598 -0.01705098 -0.06382495 0.01309698 -0.01381999 -0.06382495 0.01646995 -0.009936988 -0.06382495 0.01906597 -0.005584955 -0.06382495 0.02076196 -9.7e-4 -0.06382495 0.02147799 0.003690958 -0.06382495 0.02118098 0.008177995 -0.06382495 0.01988399 0.008889973 -0.06382495 0.01938796 0.009323954 -0.06382495 0.018637 0.00939995 -0.06382495 0.01777297 0.00919795 -0.06382495 0.01623696 0.009234964 -0.06382495 0.01551496 0.009525954 -0.06382495 0.014853 0.01003396 -0.06382495 0.01433795 0.01302796 -0.06382495 0.011684 0.01534098 -0.06382495 0.00841999 0.01685297 -0.06382495 0.004715979 0.01748299 -0.06382495 7.65e-4 0.01719999 -0.06382495 -0.003224968 0.01601797 -0.06382495 -0.007046997 0.01399898 -0.06382495 -0.01050096 0.01124894 -0.06382495 -0.01340597 0.007909953 -0.06382495 -0.01560997 0.00415796 -0.06382495 -0.016999 1.89e-4 -0.06382495 -0.01749897 -0.003789961 -0.06382495 -0.01708495 -0.007570981 -0.06382495 -0.015778 -0.01095598 -0.06382495 -0.01364594 -0.01376897 -0.06382495 -0.01080095 -0.01586198 -0.06382495 -0.007391989 -0.01628094 -0.06382495 -0.006801962 -0.01688295 -0.06382495 -0.006399989 -0.01758795 -0.06382495 -0.006238996 0.02899998 -0.06274998 0 -0.02899998 -0.06274998 0 -0.028494 -0.06274998 -0.005391955 -0.026995 -0.06274998 -0.01059597 -0.02455395 -0.06274998 -0.01543098 -0.02125597 -0.06274998 -0.019728 -0.01721698 -0.06274998 -0.02333599 -0.01257795 -0.06274998 -0.02612996 -0.007499992 -0.06274998 -0.02801299 -0.007499992 -0.01394999 -0.02801299 -0.007344961 -0.01317697 -0.02805399 -0.006907999 -0.01252996 -0.02816498 -0.006259977 -0.01209998 -0.02831596 -0.005499958 -0.01194995 -0.02847397 -0.001842975 -0.01194995 -0.02894097 0.001842975 -0.01194995 -0.02894097 0.005499958 -0.01194995 -0.02847397 0.006259977 -0.01209998 -0.02831596 0.006907999 -0.01252996 -0.02816498 0.007344961 -0.01317697 -0.02805399 0.007499992 -0.01394999 -0.02801299 0.007499992 -0.06274998 -0.02801299 0.01257795 -0.06274998 -0.02612996 0.01721698 -0.06274998 -0.02333599 0.02125597 -0.06274998 -0.019728 0.02455395 -0.06274998 -0.01543098 0.026995 -0.06274998 -0.01059597 0.028494 -0.06274998 -0.005391955 0.008177995 -0.06699997 0.01988399 0.008889973 -0.06699997 0.01938796 0.009323954 -0.06699997 0.018637 0.00939995 -0.06699997 0.01777297 0.00919795 -0.06699997 0.01623696 0.009234964 -0.06699997 0.01551496 0.009525954 -0.06699997 0.014853 0.01003396 -0.06699997 0.01433795 -0.01586198 -0.06699997 -0.007391989 -0.01628094 -0.06699997 -0.006801962 -0.01688295 -0.06699997 -0.006399989 -0.01758795 -0.06699997 -0.006238996 0.01302796 -0.06699997 0.011684 0.01534098 -0.06699997 0.00841999 0.01685297 -0.06699997 0.004715979 0.01748299 -0.06699997 7.65e-4 0.01719999 -0.06699997 -0.003224968 0.01601797 -0.06699997 -0.007046997 0.01399898 -0.06699997 -0.01050096 0.01124894 -0.06699997 -0.01340597 0.007909953 -0.06699997 -0.01560997 0.00415796 -0.06699997 -0.016999 1.89e-4 -0.06699997 -0.01749897 -0.003789961 -0.06699997 -0.01708495 -0.007570981 -0.06699997 -0.015778 -0.01095598 -0.06699997 -0.01364594 -0.01376897 -0.06699997 -0.01080095 -0.01913499 -0.06699997 -0.006170988 -0.01997298 -0.06699997 -0.00594598 -0.02063697 -0.06699997 -0.005387961 -0.02100199 -0.06699997 -0.004600942 -0.02149999 -0.06699997 4.3e-5 -0.02098298 -0.06699997 0.004684984 -0.01947695 -0.06699997 0.00910598 -0.01705098 -0.06699997 0.01309698 -0.01381999 -0.06699997 0.01646995 -0.009936988 -0.06699997 0.01906597 -0.005584955 -0.06699997 0.02076196 -9.7e-4 -0.06699997 0.02147799 0.003690958 -0.06699997 0.02118098 0 -0.002949953 0.01999998 0.004449963 -0.002949953 0.019499 0.008677959 -0.002949953 0.01801896 0.01246994 -0.002949953 0.01563698 0.01563698 -0.002949953 0.01246994 0.01801896 -0.002949953 0.008677959 0.019499 -0.002949953 0.004449963 0.01999998 -0.002949953 0 0.019499 -0.002949953 -0.004449963 0.01801896 -0.002949953 -0.008677959 0.01563698 -0.002949953 -0.01246994 0.01246994 -0.002949953 -0.01563698 0.008677959 -0.002949953 -0.01801896 0.004449963 -0.002949953 -0.019499 0 -0.002949953 -0.01999998 -0.004449963 -0.002949953 -0.019499 -0.008677959 -0.002949953 -0.01801896 -0.01246994 -0.002949953 -0.01563698 -0.01563698 -0.002949953 -0.01246994 -0.01801896 -0.002949953 -0.008677959 -0.019499 -0.002949953 -0.004449963 -0.01999998 -0.002949953 0 -0.019499 -0.002949953 0.004449963 -0.01801896 -0.002949953 0.008677959 -0.01563698 -0.002949953 0.01246994 -0.01246994 -0.002949953 0.01563698 -0.008677959 -0.002949953 0.01801896 -0.004449963 -0.002949953 0.019499 0 0 0.01999998 -0.004449963 0 0.019499 -0.008677959 0 0.01801896 -0.01246994 0 0.01563698 -0.01563698 0 0.01246994 -0.01801896 0 0.008677959 -0.019499 0 0.004449963 -0.01999998 0 0 -0.019499 0 -0.004449963 -0.01801896 0 -0.008677959 -0.01563698 0 -0.01246994 -0.01246994 0 -0.01563698 -0.008677959 0 -0.01801896 -0.004449963 0 -0.019499 0 0 -0.01999998 0.004449963 0 -0.019499 0.008677959 0 -0.01801896 0.01246994 0 -0.01563698 0.01563698 0 -0.01246994 0.01801896 0 -0.008677959 0.019499 0 -0.004449963 0.01999998 0 0 0.019499 0 0.004449963 0.01801896 0 0.008677959 0.01563698 0 0.01246994 0.01246994 0 0.01563698 0.008677959 0 0.01801896 0.004449963 0 0.019499 0.04202699 -0.01194995 -0.225 0.04201799 -0.01194995 -0.224142 0.04196095 -0.01194995 -0.2225919 0.04164499 -0.01194995 -0.219 0.04146498 -0.01119095 -0.219 0.041278 -0.01043397 -0.219 0.04108595 -0.009677946 -0.219 0.03919398 -0.009643971 -0.2085829 0.03801 -0.009605944 -0.203337 0.03672897 -0.009564995 -0.197721 0.035236 -0.00950998 -0.190903 0.03512799 -0.009505987 -0.19039 0.03263199 -0.00939995 -0.177439 0.03056496 -0.009319961 -0.16437 0.03051298 -0.009317994 -0.164002 0.02822595 -0.009247958 -0.144461 0.02677398 -0.009255945 -0.124907 0.026344 -0.009271979 -0.114895 0.02607595 -0.009311974 -0.09737896 0.02634298 -0.009395956 -0.07976496 0.02634894 -0.009397983 -0.079562 0.02706396 -0.009521961 -0.06329798 0.02822697 -0.009664952 -0.04717695 0.03073698 -0.009845972 -0.02511996 0.03100299 -0.009856998 -0.02328199 0.03296697 -0.009911 -0.011029 0.03377795 -0.009905993 -0.005525946 0.03415399 -0.009918987 0 0.03504699 -0.02626496 0 0.03504699 -0.04263496 0 0.03415399 -0.058981 0 0.03365498 -0.05898195 -0.006488978 0.03312498 -0.05898696 -0.01004797 0.032148 -0.05900698 -0.01597595 0.03160399 -0.05902296 -0.01934897 0.03103899 -0.05904299 -0.02304095 0.03073698 -0.05905497 -0.02511996 0.02995598 -0.05909597 -0.03095597 0.02919495 -0.05914795 -0.03740799 0.02822798 -0.05923396 -0.04717695 0.02728796 -0.05934596 -0.05960595 0.02700996 -0.05938595 -0.06424295 0.02634996 -0.05950099 -0.079562 0.02607995 -0.059596 -0.0999 0.02634298 -0.05962997 -0.114897 0.02676999 -0.05964696 -0.124836 0.02758598 -0.05965495 -0.137107 0.02828299 -0.05964797 -0.145042 0.03038996 -0.05474495 -0.1478739 0.032103 -0.04972797 -0.15077 0.03341698 -0.04462295 -0.153717 0.03433299 -0.03944998 -0.156704 0.03459894 -0.03757798 -0.1580989 0.03485095 -0.03608095 -0.1598899 0.035106 -0.03503996 -0.16198 0.03537499 -0.03451198 -0.164255 0.03550797 -0.03444999 -0.165365 0.03638398 -0.03444999 -0.17225 0.03730195 -0.03444999 -0.178799 0.03825098 -0.03444999 -0.184998 0.03921997 -0.03444999 -0.190834 0.04011195 -0.03444999 -0.195829 0.04099899 -0.03444999 -0.200538 0.04267299 -0.03444999 -0.209217 0.04401296 -0.03444999 -0.217205 0.04443299 -0.03444999 -0.221092 0.04459095 -0.03444999 -0.225 0.04430496 -0.026892 -0.225 0.04344898 -0.019378 -0.225 0.03340798 -0.01299995 -0.00997895 0.03233599 -0.01295495 -0.01690095 0.02967494 -0.01280498 -0.038791 0.02988195 -0.05498397 -0.03878498 0.04203897 -0.01286798 -0.22077 0.04329699 -0.019629 -0.220767 0.04408496 -0.02645498 -0.2207649 0.04438596 -0.03244996 -0.220764 0.04152095 -0.01286697 -0.216557 0.04279696 -0.01962798 -0.216551 0.04359596 -0.02645498 -0.216547 0.04390197 -0.03244894 -0.216545 0.03985399 -0.01281595 -0.207837 0.04121094 -0.01957798 -0.207823 0.042059 -0.02642297 -0.207815 0.04238396 -0.03244096 -0.207812 0.03809398 -0.012757 -0.199799 0.03955894 -0.01951795 -0.199779 0.04047596 -0.02638399 -0.1997669 0.04082697 -0.03243094 -0.199762 0.03621399 -0.01270198 -0.190886 0.03780996 -0.01946097 -0.190859 0.03881096 -0.02634698 -0.190841 0.03919398 -0.03242099 -0.190834 0.03465795 -0.01265895 -0.182714 0.03636896 -0.01941698 -0.18268 0.03744298 -0.02631795 -0.182658 0.03785496 -0.03241294 -0.18265 0.03316199 -0.01262199 -0.173855 0.03498095 -0.01937997 -0.1738139 0.03612399 -0.02629297 -0.173789 0.03656196 -0.03240597 -0.173779 0.03025698 -0.01257097 -0.151821 0.03224295 -0.01932895 -0.1517699 0.03349298 -0.02626097 -0.151738 0.03397196 -0.03239798 -0.151726 0.033876 -0.03855299 -0.151728 0.03320598 -0.04467195 -0.151745 0.035344 -0.03240096 -0.164256 0.03488397 -0.02627497 -0.164267 0.03368198 -0.019351 -0.164296 0.03177195 -0.01259297 -0.164342 0.02900195 -0.01256197 -0.138591 0.031017 -0.01932096 -0.138537 0.03228598 -0.02625596 -0.138503 0.03277295 -0.03239595 -0.138489 0.03267496 -0.03855496 -0.138492 0.03199398 -0.04467695 -0.13851 0.03073495 -0.05070894 -0.138544 0.02938497 -0.05523598 -0.138581 0.02843195 -0.055233 -0.124796 0.02977395 -0.05070596 -0.124765 0.031026 -0.04467499 -0.124739 0.03170299 -0.03855395 -0.124728 0.03180098 -0.03239697 -0.124734 0.03131699 -0.02625799 -0.124756 0.03005599 -0.019324 -0.124801 0.02805495 -0.01256495 -0.124867 0.02760297 -0.01256996 -0.114859 0.02957898 -0.01932996 -0.114803 0.030824 -0.02626198 -0.114768 0.03130197 -0.03239798 -0.114755 0.03120595 -0.03855198 -0.114758 0.03053796 -0.04467099 -0.114777 0.02930295 -0.05069994 -0.114812 0.02797895 -0.05522698 -0.11485 0.02739197 -0.01257497 -0.107052 0.02934396 -0.01933497 -0.1069959 0.03057396 -0.02626496 -0.1069599 0.03104597 -0.03239899 -0.106947 0.03095197 -0.03854995 -0.106949 0.03029197 -0.044667 -0.106968 0.02907097 -0.050695 -0.107003 0.02776396 -0.05522197 -0.107041 0.02727895 -0.012591 -0.09330797 0.02916598 -0.01934999 -0.09325295 0.03035396 -0.02627497 -0.09321898 0.03080999 -0.03240096 -0.09320497 0.03071898 -0.03854495 -0.09320795 0.03008097 -0.04465496 -0.09322696 0.02890199 -0.05067896 -0.093261 0.02763795 -0.055206 -0.09329795 0.02744495 -0.01261997 -0.07952898 0.02921497 -0.01937997 -0.07947695 0.03033 -0.02629399 -0.07944399 0.03075695 -0.03240698 -0.07943099 0.03067195 -0.03853499 -0.07943397 0.03007298 -0.04463195 -0.07945197 0.02896696 -0.05064898 -0.07948398 0.02778196 -0.05517596 -0.07951897 0.02779197 -0.01265698 -0.06819397 0.02942097 -0.01941698 -0.06814497 0.030447 -0.02631795 -0.06811499 0.03084099 -0.03241294 -0.06810295 0.03076195 -0.038522 -0.06810498 0.03021097 -0.04460197 -0.06812196 0.02919298 -0.05060994 -0.06815201 0.02810198 -0.05513799 -0.06818497 0.02831298 -0.012703 -0.05722296 0.02976799 -0.01946496 -0.05717897 0.03068399 -0.02634996 -0.05715095 0.03103595 -0.03242099 -0.05713999 0.03096497 -0.03850597 -0.05714297 0.03047394 -0.04456496 -0.05715698 0.02956497 -0.05056196 -0.05718499 0.02858996 -0.05508995 -0.05721396 0.02899295 -0.012757 -0.04685997 0.03025299 -0.01951998 -0.04682099 0.03104597 -0.02638596 -0.04679697 0.031349 -0.03243094 -0.04678797 0.03128898 -0.03848695 -0.04679 0.03086298 -0.04452198 -0.04680299 0.03007698 -0.05050498 -0.04682695 0.02923297 -0.05503398 -0.04685294 0.03121596 -0.01289898 -0.02485597 0.03198397 -0.01966398 -0.02483296 0.03246694 -0.02647995 -0.02481895 0.03265196 -0.03245598 -0.02481299 0.03261494 -0.03843694 -0.02481395 0.03235596 -0.04440897 -0.02482199 0.03187698 -0.05035698 -0.024836 0.03136199 -0.05488795 -0.02485197 0.03060197 -0.05493497 -0.03142899 0.031219 -0.05040496 -0.03140997 0.03179395 -0.04444497 -0.03139197 0.03210395 -0.03845298 -0.03138297 0.03214895 -0.03244799 -0.03138095 0.03192698 -0.02644997 -0.03138798 0.03134799 -0.01961797 -0.03140598 0.03042596 -0.01285296 -0.03143399 0.03184199 -0.01293098 -0.02026098 0.03250598 -0.01969695 -0.02024197 0.03292196 -0.02650099 -0.02022999 0.03308099 -0.032462 -0.02022498 0.03304898 -0.03842598 -0.020226 0.03282594 -0.044384 -0.02023196 0.03241294 -0.05032396 -0.020244 0.03196895 -0.05485397 -0.02025699 0.033876 -0.019764 -0.009969949 0.03416895 -0.02654397 -0.009963989 0.03428095 -0.03247296 -0.009960949 0.03425794 -0.03840398 -0.009961962 0.03410196 -0.04433196 -0.009964942 0.03381097 -0.05025398 -0.009970963 0.03349697 -0.05478298 -0.009977996 0.032911 -0.05480796 -0.01382297 0.03326594 -0.05027794 -0.01381397 0.03359597 -0.04434996 -0.01380598 0.03377395 -0.03841096 -0.01380097 0.03379899 -0.03246897 -0.01379996 0.03367197 -0.02652895 -0.01380395 0.03333997 -0.01974099 -0.01381194 0.03280997 -0.01297599 -0.01382499 0.03398799 -0.05476498 -0.006484985 0.03427594 -0.05023699 -0.006479978 0.03454196 -0.04431998 -0.006476998 0.03468596 -0.03839796 -0.006474971 0.03470599 -0.03247594 -0.006473958 0.03460395 -0.02655398 -0.006475985 0.03433495 -0.01978099 -0.006479978 0.03390598 -0.01301795 -0.006485998 0.03244894 -0.05482995 -0.01689797 0.03284496 -0.05029898 -0.01688796 0.03321295 -0.04436498 -0.01687699 0.03341096 -0.03841799 -0.01687198 0.03343898 -0.03246599 -0.01687097 0.03329795 -0.02651596 -0.01687496 0.03292697 -0.01971995 -0.01688498 0.03061097 -0.05045497 -0.03876197 0.03128999 -0.04448294 -0.03874194 0.03165698 -0.03846997 -0.03872996 0.03170996 -0.03243994 -0.03872895 0.03144699 -0.02641797 -0.03873699 0.03076297 -0.01956897 -0.03875797 0.04159599 -0.01194995 -0.231 0.04183495 -0.01194995 -0.229008 0.04197895 -0.01194995 -0.227006 0.04409295 -0.03444999 -0.231646 0.04260998 -0.03444999 -0.238143 0.04017496 -0.03444999 -0.244347 0.036843 -0.03444999 -0.250119 0.03268694 -0.03444999 -0.255329 0.02780199 -0.03444999 -0.259863 0.02229499 -0.03444999 -0.263617 0.01629096 -0.03444999 -0.266508 0.009921967 -0.03444999 -0.268473 0.003331959 -0.03444999 -0.269466 -0.003331959 -0.03444999 -0.269466 -0.009921967 -0.03444999 -0.268473 -0.01629096 -0.03444999 -0.266508 -0.02229499 -0.03444999 -0.263617 -0.02780199 -0.03444999 -0.259863 -0.03268694 -0.03444999 -0.255329 -0.036843 -0.03444999 -0.250119 -0.04017496 -0.03444999 -0.244347 -0.04260998 -0.03444999 -0.238143 -0.04409295 -0.03444999 -0.231646 -0.04459095 -0.03444999 -0.225 -0.04424297 -0.02611196 -0.225 -0.04319995 -0.01783096 -0.225 -0.041471 -0.009666979 -0.225 -0.04125595 -0.009671986 -0.2292309 -0.04059898 -0.009675979 -0.233471 -0.03950595 -0.009671986 -0.2376199 -0.037992 -0.009665966 -0.241626 -0.03607797 -0.009667992 -0.245451 -0.03382599 -0.009668946 -0.248995 -0.03134095 -0.009663999 -0.252158 -0.02868098 -0.009658992 -0.254952 -0.02590095 -0.009658992 -0.257385 -0.02301698 -0.009664952 -0.259497 -0.01996695 -0.009669959 -0.261349 -0.01676398 -0.009668946 -0.262932 -0.01343995 -0.009664952 -0.264232 -0.01002097 -0.009664952 -0.265242 -0.006532967 -0.009668946 -0.265954 -0.002994954 -0.009669959 -0.266364 5.65e-4 -0.009664952 -0.266467 0.004119992 -0.009657979 -0.266264 0.007648944 -0.009657979 -0.265757 0.01112598 -0.009662985 -0.26495 0.01452398 -0.009665966 -0.263845 0.01780998 -0.009663999 -0.262452 0.02096897 -0.009660959 -0.260777 0.02406996 -0.009662985 -0.25877 0.02710098 -0.009667992 -0.256392 0.03001099 -0.009671986 -0.253624 0.032745 -0.009670972 -0.25045 0.03518599 -0.009667992 -0.24695 0.03725898 -0.009672999 -0.2432129 0.03893899 -0.009675979 -0.239277 0.04019999 -0.009670972 -0.235193 0.04103499 -0.009666979 -0.231 0.04122799 -0.01042598 -0.231 0.04141497 -0.01118695 -0.231 0.04374796 -0.02610796 -0.231594 0.04271697 -0.01782494 -0.2314389 0.04227697 -0.02610796 -0.238041 0.04127997 -0.01782494 -0.237733 0.03986096 -0.02610796 -0.2441959 0.03892099 -0.01782494 -0.243743 0.03655499 -0.02610796 -0.249923 0.03569298 -0.01782494 -0.249335 0.03243196 -0.02610796 -0.255092 0.03166699 -0.01782494 -0.254383 0.02758496 -0.02610796 -0.25959 0.02693396 -0.01782494 -0.258775 0.02212095 -0.02610898 -0.263315 0.02159994 -0.01782494 -0.262412 0.016164 -0.02610898 -0.266184 0.01578199 -0.01782494 -0.265213 0.009844958 -0.02610898 -0.268133 0.009612977 -0.01782494 -0.267116 0.003305971 -0.02610898 -0.269119 0.003227949 -0.01782494 -0.268078 -0.003305971 -0.02610898 -0.269119 -0.003227949 -0.01782494 -0.268078 -0.009844958 -0.02610898 -0.268133 -0.009612977 -0.01782494 -0.267116 -0.016164 -0.02610796 -0.266184 -0.01578199 -0.01782494 -0.265213 -0.02212095 -0.02610796 -0.263315 -0.02159994 -0.01782494 -0.262412 -0.027601 -0.02610796 -0.259577 -0.02696597 -0.01782494 -0.258749 -0.03243196 -0.02610796 -0.255092 -0.03166699 -0.01782494 -0.254383 -0.03655499 -0.02610796 -0.249923 -0.03569298 -0.01782494 -0.249335 -0.03986096 -0.02610796 -0.2441959 -0.03892099 -0.01782494 -0.243743 -0.04227697 -0.02610796 -0.238041 -0.04127997 -0.01782494 -0.237733 -0.04374796 -0.02610796 -0.231594 -0.04271697 -0.01782494 -0.2314389 0.03819698 -0.01194995 -0.227007 0.03819698 -0.01194995 -0.222993 0.03777599 -0.01194995 -0.219 0.03988695 -0.007960975 -0.231 0.03873896 -0.006255984 -0.231 0.03762495 -0.004602968 -0.231 0.03650999 -0.002949953 -0.231 0.028373 -0.002949953 -0.231 -0.02357095 -0.002949953 -0.208106 -0.02630198 -0.002949953 -0.212786 -0.02811497 -0.002949953 -0.217892 -0.02894699 -0.002949953 -0.223246 -0.028768 -0.002949953 -0.228661 -0.02758496 -0.002949953 -0.233948 -0.02543896 -0.002949953 -0.238924 -0.02240496 -0.002949953 -0.243413 -0.01858896 -0.002949953 -0.247259 -0.01412397 -0.002949953 -0.250328 -0.009165942 -0.002949953 -0.252513 -0.003887951 -0.002949953 -0.253738 0.001525998 -0.002949953 -0.25396 0.006885945 -0.002949953 -0.253171 0.01200598 -0.002949953 -0.251398 0.016707 -0.002949953 -0.248704 0.02082496 -0.002949953 -0.245182 0.02421599 -0.002949953 -0.240956 0.02676099 -0.002949953 -0.236173 0.035115 -0.002949953 -0.236653 0.03284996 -0.002949953 -0.242022 0.02975898 -0.002949953 -0.246984 0.02590799 -0.002949953 -0.251411 0.02139997 -0.002949953 -0.255185 0.01634597 -0.002949953 -0.258195 0.01087695 -0.002949953 -0.260366 0.005144 -0.002949953 -0.261644 -4.57e-4 -0.002949953 -0.261999 -0.005689978 -0.002949953 -0.26156 -0.01045197 -0.002949953 -0.260494 -0.01466399 -0.002949953 -0.258971 -0.01831597 -0.002949953 -0.257148 -0.02141499 -0.002949953 -0.255175 -0.02406096 -0.002949953 -0.253113 -0.026317 -0.002949953 -0.251013 -0.028207 -0.002949953 -0.248947 -0.02976399 -0.002949953 -0.2469789 -0.03209495 -0.002949953 -0.243409 -0.03394198 -0.002949953 -0.23973 -0.03536796 -0.002949953 -0.23586 -0.03631198 -0.002949953 -0.232084 -0.03679597 -0.002949953 -0.228889 -0.03697395 -0.002949953 -0.226471 -0.03699696 -0.002949953 -0.225606 -0.037 -0.002949953 -0.225 -0.03671997 -0.002949953 -0.220185 -0.03631699 -0.002949953 -0.217285 -0.03571397 -0.002949953 -0.214018 -0.034096 -0.002949953 -0.206945 -0.03312897 -0.002949953 -0.203066 -0.03207999 -0.002949953 -0.198876 -0.03030198 -0.002949953 -0.191512 -0.02902197 -0.002949953 -0.185801 -0.02772998 -0.002949953 -0.179536 -0.02645099 -0.002949953 -0.172679 -0.02521795 -0.002949953 -0.165188 -0.02516096 -0.002949953 -0.164815 -0.02389895 -0.002949953 -0.155699 -0.02277398 -0.002949953 -0.145686 -0.02186995 -0.002949953 -0.135308 -0.02123498 -0.002949953 -0.1251879 -0.02083396 -0.002949953 -0.115051 -0.020657 -0.002949953 -0.105384 -0.02066695 -0.002949953 -0.09619897 -0.020832 -0.002949953 -0.08755898 -0.02112495 -0.002949953 -0.07953095 -0.02113395 -0.002949953 -0.07932496 -0.02163499 -0.002949953 -0.070234 -0.02226299 -0.002949953 -0.06175798 -0.02298796 -0.002949953 -0.05389595 -0.02378594 -0.002949953 -0.04664695 -0.02382099 -0.002949953 -0.04635095 -0.02462798 -0.002949953 -0.04005396 -0.02545696 -0.002949953 -0.03430896 -0.02628296 -0.002949953 -0.02911299 -0.027085 -0.002949953 -0.02446597 -0.02741998 -0.002949953 -0.022623 -0.028243 -0.002949953 -0.01826995 -0.02895599 -0.002949953 -0.01462197 -0.02954995 -0.002949953 -0.01156395 -0.03004997 -0.002949953 -0.008854985 -0.030752 -0.002949953 -0.004156947 -0.03099995 -0.002949953 0 -0.03052896 -0.002949953 0.005382955 -0.02912998 -0.002949953 0.01060295 -0.026847 -0.002949953 0.01549994 -0.02374696 -0.002949953 0.01992595 -0.01992595 -0.002949953 0.02374696 -0.01549994 -0.002949953 0.026847 -0.01060295 -0.002949953 0.02912998 -0.005382955 -0.002949953 0.03052896 0 -0.002949953 0.03099995 0.005382955 -0.002949953 0.03052896 0.01060295 -0.002949953 0.02912998 0.01549994 -0.002949953 0.026847 0.01992595 -0.002949953 0.02374696 0.02374696 -0.002949953 0.01992595 0.026847 -0.002949953 0.01549994 0.02912998 -0.002949953 0.01060295 0.03052896 -0.002949953 0.005382955 0.03099995 -0.002949953 0 0.030725 -0.002949953 -0.004397988 0.02996796 -0.002949953 -0.009317994 0.02944195 -0.002949953 -0.01212596 0.02883398 -0.002949953 -0.015248 0.02814996 -0.002949953 -0.01875698 0.02741998 -0.002949953 -0.022623 0.027085 -0.002949953 -0.02446597 0.02623599 -0.002949953 -0.02939498 0.02540194 -0.002949953 -0.03467094 0.02459299 -0.002949953 -0.04031598 0.02382099 -0.002949953 -0.04635095 0.02378594 -0.002949953 -0.04664695 0.02295798 -0.002949953 -0.054196 0.02222299 -0.002949953 -0.06224399 0.02160894 -0.002949953 -0.07063996 0.02113395 -0.002949953 -0.07932496 0.02112495 -0.002949953 -0.07953095 0.02065998 -0.002949953 -0.09694796 0.02083396 -0.002949953 -0.115051 0.02123498 -0.002949953 -0.1251879 0.021878 -0.002949953 -0.135411 0.02277398 -0.002949953 -0.14569 0.02389597 -0.002949953 -0.155676 0.02516096 -0.002949953 -0.164815 0.02521795 -0.002949953 -0.165188 0.02644795 -0.002949953 -0.1726599 0.02772396 -0.002949953 -0.1795099 0.02901697 -0.002949953 -0.18578 0.03030198 -0.002949953 -0.191512 0.03208094 -0.002949953 -0.198876 0.03364598 -0.002949953 -0.205137 0.03498697 -0.002949953 -0.21068 0.03554296 -0.002949953 -0.213199 0.03597295 -0.002949953 -0.21533 0.03657096 -0.002949953 -0.219 0.028373 -0.002949953 -0.219 0.02715599 -0.002949953 -0.214824 0.02532798 -0.002949953 -0.210876 0.02293097 -0.002949953 -0.207247 -0.008999943 -0.01194995 -0.181432 -0.008999943 -0.01194995 -0.175563 -0.008999943 -0.02294999 -0.175563 -0.008999943 -0.02294999 -0.187824 0.008999943 -0.02294999 -0.175563 0.008999943 -0.02294999 -0.187824 0.003024995 -0.02294999 -0.18687 -0.003024995 -0.02294999 -0.18687 -0.003013968 -0.02294999 -0.17484 0.003013968 -0.02294999 -0.17484 0.008999943 -0.01194995 -0.187824 0.008999943 -0.01194995 -0.175563 0.008999943 -0.01194995 -0.181432 -0.04102796 -0.009677946 -0.218537 -0.03993499 -0.009665966 -0.212086 -0.03903096 -0.009639978 -0.207845 -0.03797197 -0.009605944 -0.203171 -0.03684598 -0.009568989 -0.19824 -0.03512698 -0.009505987 -0.19039 -0.03368598 -0.009446978 -0.183192 -0.03229099 -0.009387969 -0.175462 -0.03051197 -0.009315967 -0.164002 -0.02910399 -0.009269952 -0.1528789 -0.02792596 -0.009246945 -0.141166 -0.02677297 -0.009252965 -0.124907 -0.02634298 -0.009269952 -0.114897 -0.02608299 -0.009320974 -0.09487098 -0.02634996 -0.009398996 -0.079562 -0.02690696 -0.009498 -0.06613498 -0.027502 -0.009581983 -0.05640798 -0.02822798 -0.009665966 -0.04717695 -0.02919495 -0.009751975 -0.03740799 -0.02995598 -0.00980395 -0.03095597 -0.03073698 -0.009844958 -0.02511996 -0.03077298 -0.009845972 -0.02486896 -0.03103899 -0.009856998 -0.02304095 -0.03160399 -0.009876966 -0.01934897 -0.032148 -0.009893 -0.01597595 -0.03250199 -0.009900987 -0.01383298 -0.03312498 -0.009912967 -0.01004797 -0.03365498 -0.009917974 -0.006488978 -0.03415399 -0.009918987 0 -0.02569699 -0.005792975 -0.04657596 -0.024046 -0.005720973 -0.06592196 -0.02295297 -0.00563395 -0.103256 -0.02641296 -0.005628943 -0.157068 -0.02852499 -0.005660951 -0.1714709 -0.03404694 -0.005748987 -0.198388 -0.03158098 -0.005897998 -0.007959961 -0.03212898 -0.005898952 -0.003876984 -0.03103899 -0.005894958 -0.01113599 -0.03040295 -0.005888998 -0.01464295 -0.02969396 -0.005881965 -0.01854795 -0.02893596 -0.005871951 -0.02290195 -0.02867197 -0.005867958 -0.02449196 -0.02862995 -0.005866944 -0.02474296 -0.02802497 -0.005855977 -0.02857095 -0.02741998 -0.005842983 -0.032682 -0.02682399 -0.005827963 -0.037063 -0.02566498 -0.005791962 -0.04687094 -0.02505999 -0.005767941 -0.05298894 -0.023341 -0.005678951 -0.07942497 -0.02316296 -0.005665957 -0.08468896 -0.02316498 -0.005623996 -0.114986 -0.02357798 -0.005616962 -0.125069 -0.02389997 -0.005613982 -0.130592 -0.02497994 -0.005615949 -0.144119 -0.02748 -0.005643963 -0.164842 -0.02742499 -0.00564295 -0.164471 -0.02963995 -0.005678951 -0.177794 -0.03131395 -0.005706965 -0.186274 -0.03234398 -0.005723953 -0.191038 -0.03245896 -0.005725979 -0.1915529 -0.03539097 -0.005766987 -0.203959 -0.03662395 -0.005782961 -0.2091709 -0.03767895 -0.005793988 -0.214108 -0.03846698 -0.005796968 -0.218868 0.03824394 -0.006312966 -0.233771 0.03634899 -0.006312966 -0.2397699 0.03352397 -0.006312966 -0.2453899 0.03504896 -0.006312966 -0.242637 0.02983295 -0.006312966 -0.250484 0.02537697 -0.006312966 -0.254926 0.020271 -0.006312966 -0.2586 0.01463997 -0.006312966 -0.261406 0.008632957 -0.006312966 -0.26328 -0.003883957 -0.006312966 -0.264045 -0.01007497 -0.006312966 -0.262924 -0.01882594 -0.006312966 -0.259426 -0.01600599 -0.006312966 -0.260825 -0.035694 -0.006312966 -0.241299 0.03741598 -0.006312966 -0.236808 0.03178197 -0.006312966 -0.248012 0.02769398 -0.006312966 -0.252794 0.02289795 -0.006312966 -0.256866 0.01751196 -0.006312966 -0.260116 0.01167398 -0.006312966 -0.262463 0.005537986 -0.006312966 -0.26385 0.002405941 -0.006312966 -0.264167 -7.41e-4 -0.006312966 -0.264231 -0.007001996 -0.006312966 -0.263608 -0.01308298 -0.006312966 -0.261994 -0.02152699 -0.006312966 -0.257807 -0.02408897 -0.006312966 -0.255978 -0.02649396 -0.006312966 -0.253948 -0.02872794 -0.006312966 -0.25173 -0.03077697 -0.006312966 -0.249339 -0.03262895 -0.006312966 -0.246793 -0.03427195 -0.006312966 -0.244108 -0.037229 -0.006312966 -0.2373909 -0.03833895 -0.006312966 -0.23334 -0.03901195 -0.006312966 -0.229194 -0.04443299 -0.03444999 -0.221092 -0.04401296 -0.03444999 -0.217205 -0.04267299 -0.03444999 -0.209217 -0.04099899 -0.03444999 -0.200538 -0.04011195 -0.03444999 -0.195829 -0.03921997 -0.03444999 -0.190834 -0.03825098 -0.03444999 -0.184998 -0.03730195 -0.03444999 -0.178799 -0.03638398 -0.03444999 -0.17225 -0.03550797 -0.03444999 -0.165365 -0.03537499 -0.03451198 -0.164255 -0.035106 -0.03503996 -0.16198 -0.03485095 -0.03608095 -0.159891 -0.03459894 -0.03757798 -0.1581 -0.03433299 -0.03944998 -0.156704 -0.03341698 -0.04462295 -0.153717 -0.032103 -0.04972797 -0.15077 -0.03038996 -0.05474495 -0.1478739 -0.02828299 -0.05964797 -0.145042 -0.02758598 -0.05965495 -0.137107 -0.02656096 -0.05963999 -0.120586 -0.02634298 -0.05962997 -0.114895 -0.02608299 -0.05957895 -0.09487098 -0.026344 -0.059502 -0.07976496 -0.02690696 -0.05940198 -0.06613498 -0.027502 -0.05931794 -0.05640798 -0.02822798 -0.05923396 -0.04717695 -0.02825397 -0.05923098 -0.04688197 -0.02894997 -0.05916696 -0.03968697 -0.02969896 -0.05911195 -0.03303998 -0.03021496 -0.05908095 -0.02893894 -0.03073698 -0.05905497 -0.02511996 -0.03100299 -0.059044 -0.02328199 -0.03103899 -0.05904299 -0.02304095 -0.03160399 -0.05902296 -0.01934897 -0.032148 -0.05900698 -0.01597595 -0.03312498 -0.05898696 -0.01004797 -0.03365498 -0.05898195 -0.006488978 -0.03415399 -0.058981 0 -0.03504699 -0.04263496 0 -0.03504699 -0.02626496 0 -0.03269898 -0.05592799 -0.01453399 -0.02988195 -0.01391595 -0.03878498 -0.02779197 -0.056243 -0.06819397 -0.03213596 -0.01369595 -0.164333 -0.03398799 -0.014135 -0.006484985 -0.03427594 -0.01866298 -0.006479978 -0.03454196 -0.02458 -0.006476998 -0.03468596 -0.03050196 -0.006473958 -0.03470599 -0.03642398 -0.006473958 -0.03460395 -0.042346 -0.006475985 -0.03433495 -0.04911899 -0.006479978 -0.03390598 -0.05588197 -0.006485998 -0.03344994 -0.01411598 -0.01029294 -0.03376597 -0.01864397 -0.01028698 -0.03406 -0.02456694 -0.01028096 -0.03421795 -0.030496 -0.01027697 -0.03424096 -0.03642696 -0.01027697 -0.03412795 -0.04235696 -0.01027899 -0.03383195 -0.04913699 -0.01028496 -0.03336 -0.05590099 -0.01029497 -0.03280299 -0.01408797 -0.01453095 -0.033167 -0.01861697 -0.01452195 -0.03350496 -0.02454698 -0.01451295 -0.03368794 -0.030487 -0.01450794 -0.03371399 -0.03643095 -0.01450794 -0.03358399 -0.04237395 -0.01451098 -0.033243 -0.04916298 -0.01451998 -0.03209799 -0.01405298 -0.01933497 -0.03252798 -0.01858299 -0.01932299 -0.032929 -0.02452099 -0.01931095 -0.03314495 -0.03047597 -0.01930499 -0.033176 -0.03643697 -0.01930397 -0.03302097 -0.04239499 -0.01930797 -0.03261798 -0.04919695 -0.01931995 -0.03197497 -0.05596196 -0.01933795 -0.03136199 -0.01401299 -0.02485197 -0.03187698 -0.018543 -0.024836 -0.03235596 -0.02449095 -0.02482199 -0.03261494 -0.03046298 -0.02481395 -0.03265196 -0.03644394 -0.02481299 -0.03246694 -0.04241997 -0.02481895 -0.03198397 -0.04923599 -0.02483296 -0.03121596 -0.05600094 -0.02485597 -0.03060197 -0.01396596 -0.03142899 -0.031219 -0.01849496 -0.03140997 -0.03179395 -0.02445495 -0.03139197 -0.03210395 -0.030447 -0.03138297 -0.03214895 -0.03645199 -0.03138095 -0.03192698 -0.04244995 -0.03138798 -0.03134799 -0.04928195 -0.03140598 -0.03042596 -0.05604696 -0.03143399 -0.03061097 -0.01844495 -0.03876197 -0.03128999 -0.02441698 -0.03874194 -0.03165698 -0.03042995 -0.03872996 -0.03170996 -0.03645998 -0.03872895 -0.03144699 -0.04248195 -0.03873699 -0.03076297 -0.04933094 -0.03875797 -0.02967494 -0.056095 -0.038791 -0.02858996 -0.01381099 -0.05721396 -0.02956497 -0.01833796 -0.05718499 -0.03047394 -0.02433496 -0.05715698 -0.03096497 -0.03039395 -0.05714297 -0.03103595 -0.03647899 -0.05713999 -0.03068399 -0.04254996 -0.05715095 -0.02976799 -0.04943495 -0.05717897 -0.02831298 -0.05619597 -0.05722296 -0.02899295 -0.05614298 -0.04685997 -0.03025299 -0.04938 -0.04682099 -0.03104597 -0.04251396 -0.04679697 -0.031349 -0.03646898 -0.04678797 -0.03128898 -0.03041297 -0.04679 -0.03086298 -0.024378 -0.04680299 -0.03007698 -0.01839494 -0.04682695 -0.02923399 -0.01386696 -0.04685294 -0.02810198 -0.01376295 -0.06818497 -0.02919298 -0.01828998 -0.06815201 -0.03021097 -0.02429795 -0.06812196 -0.03076195 -0.03037798 -0.06810498 -0.03084099 -0.03648698 -0.06810295 -0.030447 -0.04258197 -0.06811499 -0.02942097 -0.049483 -0.06814497 -0.02764499 -0.01368898 -0.09723299 -0.02892398 -0.018215 -0.09719598 -0.03011697 -0.02424097 -0.09716099 -0.03076297 -0.03035295 -0.09714198 -0.03085595 -0.03649997 -0.09713995 -0.03039395 -0.042629 -0.097153 -0.02919095 -0.049555 -0.09718799 -0.02728098 -0.056315 -0.09724396 -0.02744495 -0.05627995 -0.07952898 -0.02921497 -0.04951995 -0.07947695 -0.03033 -0.04260599 -0.07944399 -0.03075695 -0.036493 -0.07943099 -0.03067195 -0.03036499 -0.07943397 -0.03007298 -0.02426797 -0.07945197 -0.02896696 -0.018251 -0.07948398 -0.02778196 -0.01372498 -0.07951897 -0.028436 -0.013668 -0.124861 -0.02977699 -0.01819396 -0.124823 -0.03102898 -0.02422499 -0.124788 -0.03170597 -0.03034597 -0.124769 -0.03180295 -0.03650295 -0.124767 -0.03131896 -0.04264199 -0.1247799 -0.03005695 -0.04957598 -0.124816 -0.02805495 -0.05633497 -0.124872 -0.02760297 -0.05632895 -0.114859 -0.02957898 -0.04956996 -0.114803 -0.030824 -0.042638 -0.114768 -0.03130197 -0.036502 -0.114755 -0.03120595 -0.030348 -0.114758 -0.03053796 -0.02422899 -0.114777 -0.02930295 -0.01819998 -0.114812 -0.02797895 -0.01367294 -0.11485 -0.02938598 -0.01366496 -0.138581 -0.03073495 -0.01819097 -0.138544 -0.03199398 -0.02422297 -0.13851 -0.03267496 -0.03034496 -0.138492 -0.03277295 -0.03650397 -0.138489 -0.03228598 -0.04264396 -0.138503 -0.031017 -0.04957896 -0.138537 -0.02900195 -0.05633699 -0.138591 -0.03063595 -0.01367396 -0.151812 -0.03196495 -0.01819896 -0.151777 -0.03320598 -0.02422797 -0.151745 -0.033876 -0.03034698 -0.151728 -0.03397196 -0.036502 -0.151726 -0.03349298 -0.04263895 -0.151738 -0.03341495 -0.01822197 -0.164302 -0.03460794 -0.02424496 -0.164274 -0.03525197 -0.03035497 -0.164258 -0.03647398 -0.03036397 -0.173781 -0.03586095 -0.02426797 -0.173795 -0.03472697 -0.018251 -0.17382 -0.03350895 -0.01372599 -0.173847 -0.03498494 -0.01376396 -0.182708 -0.03612995 -0.01828998 -0.182685 -0.03719699 -0.02429699 -0.182663 -0.03777199 -0.03037697 -0.1826519 -0.03651899 -0.01380896 -0.190881 -0.03758698 -0.01833498 -0.1908619 -0.03858095 -0.02433097 -0.190845 -0.03911799 -0.030393 -0.190836 -0.03837394 -0.01386594 -0.199796 -0.03935497 -0.01839298 -0.199782 -0.04026597 -0.02437597 -0.19977 -0.040757 -0.03041195 -0.199763 -0.04011297 -0.01392698 -0.207834 -0.04102098 -0.01845395 -0.207825 -0.04186499 -0.024423 -0.207817 -0.04231899 -0.03043299 -0.207813 -0.04176497 -0.01397895 -0.216556 -0.04261898 -0.01850599 -0.216552 -0.04341298 -0.02446097 -0.216548 -0.04383999 -0.03044998 -0.2165459 -0.042279 -0.01397997 -0.220769 -0.04312199 -0.018507 -0.220767 -0.04390394 -0.02446198 -0.2207649 -0.04432594 -0.03044998 -0.220764 -0.023826 -0.03444999 -0.169172 -0.023826 -0.01194995 -0.169172 -0.02266699 -0.01194995 -0.161584 -0.02120596 -0.01194995 -0.149917 -0.02008998 -0.01194995 -0.138202 -0.01929599 -0.01194995 -0.126338 -0.01881998 -0.01194995 -0.1144829 -0.01864296 -0.01194995 -0.102728 -0.018745 -0.01194995 -0.09114795 -0.019122 -0.01194995 -0.07952296 -0.01978999 -0.01194995 -0.06780296 -0.02076297 -0.01194995 -0.05604696 -0.02205598 -0.01194995 -0.04431396 -0.02205598 -0.06274998 -0.04431396 -0.02285999 -0.06274998 -0.03824597 -0.023687 -0.06274998 -0.03266197 -0.02468597 -0.06274998 -0.02657896 -0.02564096 -0.06274998 -0.02127295 -0.02654099 -0.06274998 -0.01655298 -0.02732098 -0.06274998 -0.01255798 -0.02800899 -0.06274998 -0.00891 -0.02843296 -0.06274998 -0.006390988 -0.02874398 -0.06274998 -0.004117965 -0.02899998 -0.06594997 0 -0.02873599 -0.06594997 -0.004170954 -0.02800899 -0.06594997 -0.00891 -0.02732098 -0.06594997 -0.01255798 -0.02655398 -0.06594997 -0.01648598 -0.02565497 -0.06594997 -0.02119594 -0.02468097 -0.06594997 -0.02661395 -0.023687 -0.06594997 -0.03266197 -0.02187699 -0.06594997 -0.04577797 -0.02048999 -0.06594997 -0.05898696 -0.01950395 -0.06594997 -0.07220596 -0.01889795 -0.06594997 -0.085352 -0.01864898 -0.06594997 -0.098365 -0.01874798 -0.06594997 -0.111532 -0.01921898 -0.06594997 -0.124854 -0.02008998 -0.06594997 -0.138202 -0.02036195 -0.06594997 -0.141404 -0.02112096 -0.05255895 -0.149136 -0.02201098 -0.03944998 -0.156704 -0.02213197 -0.03809297 -0.157645 -0.02228295 -0.03691095 -0.158794 -0.02246296 -0.03593599 -0.1601189 -0.02266699 -0.03519195 -0.161584 -0.02293395 -0.03463697 -0.163439 -0.02322196 -0.03444999 -0.165364 0.03368794 -0.009918987 0.005621969 0.03230297 -0.009918987 0.01108998 0.03003698 -0.009918987 0.01625496 0.02695196 -0.009918987 0.02097797 0.02313196 -0.009918987 0.02512794 0.01867997 -0.009918987 0.02859199 0.01371896 -0.009918987 0.031277 0.008383989 -0.009918987 0.03310894 0.002819955 -0.009918987 0.03403699 -0.002819955 -0.009918987 0.03403699 -0.008383989 -0.009918987 0.03310894 -0.01371896 -0.009918987 0.031277 -0.01867997 -0.009918987 0.02859199 -0.02313196 -0.009918987 0.02512794 -0.02695196 -0.009918987 0.02097797 -0.03003698 -0.009918987 0.01625496 -0.03230297 -0.009918987 0.01108998 -0.03368794 -0.009918987 0.005621969 -0.03368794 -0.058981 0.005621969 -0.03230297 -0.058981 0.01108998 -0.03003698 -0.058981 0.01625496 -0.02695196 -0.058981 0.02097797 -0.02313196 -0.058981 0.02512794 -0.01867997 -0.058981 0.02859199 -0.01371896 -0.058981 0.031277 -0.008383989 -0.058981 0.03310894 -0.002819955 -0.058981 0.03403699 0.002819955 -0.058981 0.03403699 0.008383989 -0.058981 0.03310894 0.01371896 -0.058981 0.031277 0.01867997 -0.058981 0.02859199 0.02313196 -0.058981 0.02512794 0.02695196 -0.058981 0.02097797 0.03003698 -0.058981 0.01625496 0.03230297 -0.058981 0.01108998 0.03368794 -0.058981 0.005621969 0.03456896 -0.02626496 0.005767941 0.03456896 -0.04263496 0.005767941 0.03314799 -0.02626496 0.01137995 0.03314799 -0.04263496 0.01137995 0.03082299 -0.02626496 0.01668 0.03082299 -0.04263496 0.01668 0.02765697 -0.02626496 0.02152597 0.02765697 -0.04263496 0.02152597 0.023736 -0.02626496 0.02578496 0.023736 -0.04263496 0.02578496 0.01916897 -0.02626496 0.02933996 0.01916897 -0.04263496 0.02933996 0.01407796 -0.02626496 0.03209495 0.01407796 -0.04263496 0.03209495 0.008602976 -0.02626496 0.03397399 0.008602976 -0.04263496 0.03397399 0.002893984 -0.02626496 0.03492695 0.002893984 -0.04263496 0.03492695 -0.002893984 -0.02626496 0.03492695 -0.002893984 -0.04263496 0.03492695 -0.008602976 -0.02626496 0.03397399 -0.008602976 -0.04263496 0.03397399 -0.01407796 -0.02626496 0.03209495 -0.01407796 -0.04263496 0.03209495 -0.01916897 -0.02626496 0.02933996 -0.01916897 -0.04263496 0.02933996 -0.023736 -0.02626496 0.02578496 -0.023736 -0.04263496 0.02578496 -0.02765697 -0.02626496 0.02152597 -0.02765697 -0.04263496 0.02152597 -0.03082299 -0.02626496 0.01668 -0.03082299 -0.04263496 0.01668 -0.03314799 -0.02626496 0.01137995 -0.03314799 -0.04263496 0.01137995 -0.03456896 -0.02626496 0.005767941 -0.03456896 -0.04263496 0.005767941 0.00869596 -0.01194995 -0.179901 0.007827997 -0.01194995 -0.1786029 0.006531 -0.01194995 -0.177736 0.004999995 -0.01194995 -0.177432 -0.004999995 -0.01194995 -0.177432 -0.006531 -0.01194995 -0.177736 -0.007827997 -0.01194995 -0.1786029 -0.00869596 -0.01194995 -0.179901 -0.01096796 -0.01194995 -0.175962 -0.01291894 -0.01194995 -0.176439 -0.01484996 -0.01194995 -0.176994 -0.01484996 -0.03444999 -0.176994 -0.00899595 -0.03444999 -0.175562 -0.003012955 -0.03444999 -0.17484 0.003012955 -0.03444999 -0.17484 0.00899595 -0.03444999 -0.175562 0.01484996 -0.03444999 -0.176994 0.01484996 -0.01194995 -0.176994 0.01291894 -0.01194995 -0.176439 0.01096796 -0.01194995 -0.175962 0.01434695 -0.01194995 -0.189543 0.01938498 -0.01194995 -0.192026 0.02400499 -0.01194995 -0.1952199 0.02810698 -0.01194995 -0.199056 0.03160297 -0.01194995 -0.203452 0.03441798 -0.01194995 -0.208313 0.03649097 -0.01194995 -0.213533 0 -0.03444999 -0.26325 0.006136 -0.03444999 -0.262755 0.01211297 -0.03444999 -0.261282 0.01777595 -0.03444999 -0.258869 0.02297794 -0.03444999 -0.255579 0.02758598 -0.03444999 -0.251497 0.031479 -0.03444999 -0.246728 0.03455698 -0.03444999 -0.241397 0.03674 -0.03444999 -0.235642 0.03797096 -0.03444999 -0.229611 0.03821897 -0.03444999 -0.22346 0.03747695 -0.03444999 -0.2173489 0.03576397 -0.03444999 -0.211436 0.03312498 -0.03444999 -0.205875 0.02962899 -0.03444999 -0.200809 0.02536398 -0.03444999 -0.196369 0.02044296 -0.03444999 -0.192671 0.01499295 -0.03444999 -0.189811 0.009153962 -0.03444999 -0.187861 0.003077983 -0.03444999 -0.186874 -0.003077983 -0.03444999 -0.186874 -0.009153962 -0.03444999 -0.187861 -0.01499295 -0.03444999 -0.189811 -0.02044296 -0.03444999 -0.192671 -0.02536398 -0.03444999 -0.196369 -0.02962899 -0.03444999 -0.200809 -0.03312498 -0.03444999 -0.205875 -0.03576397 -0.03444999 -0.211436 -0.03747695 -0.03444999 -0.2173489 -0.03821897 -0.03444999 -0.22346 -0.03797096 -0.03444999 -0.229611 -0.03674 -0.03444999 -0.235642 -0.03455698 -0.03444999 -0.241397 -0.031479 -0.03444999 -0.246728 -0.02758598 -0.03444999 -0.251497 -0.02297794 -0.03444999 -0.255579 -0.01777595 -0.03444999 -0.258869 -0.01211297 -0.03444999 -0.261282 -0.006136 -0.03444999 -0.262755 0.03065794 -0.00642395 -0.01469194 0.028952 -0.006398975 -0.02454298 0.02713996 -0.006351947 -0.03710895 0.02393496 -0.006190955 -0.07490599 0.02566498 -0.006102979 -0.146718 0.02892899 -0.006153941 -0.171401 0.03808498 -0.006311953 -0.214379 0.03701895 -0.006299972 -0.209327 0.03576898 -0.006279945 -0.203997 0.03282999 -0.00623095 -0.191466 0.03440499 -0.006257951 -0.198298 0.03271597 -0.006228983 -0.190951 0.03135699 -0.006202995 -0.18455 0.030034 -0.006175994 -0.177718 0.02783697 -0.006133973 -0.164409 0.02789098 -0.006134986 -0.164779 0.02715498 -0.006121993 -0.1595129 0.024513 -0.006098985 -0.133303 0.02358895 -0.006110966 -0.114973 0.02400499 -0.006102979 -0.125048 0.02337396 -0.006122946 -0.103255 0.02357 -0.006159961 -0.08470296 0.02374297 -0.006175994 -0.07944399 0.02457296 -0.00623399 -0.06374597 0.02541697 -0.006280958 -0.05302596 0.02603799 -0.006309986 -0.04661697 0.02600795 -0.006308972 -0.04691195 0.02772396 -0.006369948 -0.03272998 0.02831798 -0.006384968 -0.02862 0.02891194 -0.006397962 -0.02479296 0.02921199 -0.006403982 -0.02295297 0.02995795 -0.006415963 -0.01859694 0.031286 -0.006430983 -0.01118296 0.03182399 -0.006433963 -0.007999956 0.03237199 -0.00643599 -0.003900945 0.005499958 -0.01194995 -0.03860998 0.006262958 -0.01210099 -0.03849399 0.006910979 -0.01253199 -0.03838294 0.007345974 -0.01318097 -0.038302 0.007499992 -0.01394999 -0.03827196 0.007499992 -0.06274998 -0.03827196 -0.007499992 -0.01394999 -0.03827196 -0.007345974 -0.01318097 -0.038302 -0.006910979 -0.01253199 -0.03838294 -0.006262958 -0.01210099 -0.03849399 -0.005499958 -0.01194995 -0.03860998 0.01659798 -0.01194995 -0.177301 0.01836597 -0.01194995 -0.177155 0.020042 -0.01194995 -0.176572 0.02151596 -0.01194995 -0.175585 0.022695 -0.01194995 -0.1742579 0.023503 -0.01194995 -0.172679 0.02388697 -0.01194995 -0.170946 0.023826 -0.01194995 -0.169172 0.02227199 -0.01194995 -0.1587 0.02103298 -0.01194995 -0.1483139 0.02004295 -0.01194995 -0.13763 0.019324 -0.01194995 -0.126911 0.01886498 -0.01194995 -0.116113 0.01865595 -0.01194995 -0.10519 0.01869398 -0.01194995 -0.09413599 0.01898396 -0.01194995 -0.083009 0.01953095 -0.01194995 -0.07187199 0.02033799 -0.01194995 -0.06078898 0.02115696 -0.01194995 -0.05215597 0.02205598 -0.01194995 -0.04431396 0.02204799 -0.01194995 -0.04254198 0.02159994 -0.01194995 -0.040829 0.02073496 -0.01194995 -0.03928399 0.01950997 -0.01194995 -0.03800398 0.018004 -0.01194995 -0.03707396 0.016312 -0.01194995 -0.03655296 0.01454299 -0.01194995 -0.03646898 0.01280999 -0.01194995 -0.03683596 0.01041299 -0.01194995 -0.03758394 0.007972955 -0.01194995 -0.038176 -0.007972955 -0.01194995 -0.038176 -0.01041299 -0.01194995 -0.03758394 -0.01280999 -0.01194995 -0.03683596 -0.01454299 -0.01194995 -0.03646898 -0.016312 -0.01194995 -0.03655296 -0.018004 -0.01194995 -0.03707396 -0.01950997 -0.01194995 -0.03800398 -0.02073496 -0.01194995 -0.03928399 -0.02159994 -0.01194995 -0.040829 -0.02204799 -0.01194995 -0.04254198 -0.02388697 -0.01194995 -0.170946 -0.023503 -0.01194995 -0.172679 -0.022695 -0.01194995 -0.1742579 -0.02151596 -0.01194995 -0.175585 -0.020042 -0.01194995 -0.176572 -0.01836597 -0.01194995 -0.177155 -0.01659798 -0.01194995 -0.177301 -0.007499992 -0.06274998 -0.03827196 -0.02204799 -0.06274998 -0.04254198 -0.02159994 -0.06274998 -0.040829 -0.02073496 -0.06274998 -0.03928399 -0.01950997 -0.06274998 -0.03800398 -0.018004 -0.06274998 -0.03707396 -0.016312 -0.06274998 -0.03655296 -0.01454299 -0.06274998 -0.03646898 -0.01280999 -0.06274998 -0.03683596 -0.01106297 -0.06274998 -0.03739798 -0.009291946 -0.06274998 -0.03787696 0.009291946 -0.06274998 -0.03787696 0.01106297 -0.06274998 -0.03739798 0.01280999 -0.06274998 -0.03683596 0.01454299 -0.06274998 -0.03646898 0.016312 -0.06274998 -0.03655296 0.018004 -0.06274998 -0.03707396 0.01950997 -0.06274998 -0.03800398 0.02073496 -0.06274998 -0.03928399 0.02159994 -0.06274998 -0.040829 0.02204799 -0.06274998 -0.04254198 0.02205598 -0.06274998 -0.04431396 0.02278095 -0.06274998 -0.03880798 0.023521 -0.06274998 -0.03373897 0.02426195 -0.06274998 -0.02908998 0.02498894 -0.06274998 -0.02484995 0.02568995 -0.06274998 -0.02100294 0.02634894 -0.06274998 -0.01753699 0.02695399 -0.06274998 -0.01443696 0.02748894 -0.06274998 -0.01168894 0.02834695 -0.06274998 -0.006935954 0.02886998 -0.06274998 -0.002860963 0.01659798 -0.03444999 -0.177301 0.01836597 -0.03444999 -0.177155 0.020042 -0.03444999 -0.176572 0.02151596 -0.03444999 -0.175585 0.022695 -0.03444999 -0.1742579 0.023503 -0.03444999 -0.172679 0.02388697 -0.03444999 -0.170946 0.023826 -0.03444999 -0.169172 -0.02388697 -0.03444999 -0.170946 -0.023503 -0.03444999 -0.172679 -0.022695 -0.03444999 -0.1742579 -0.02151596 -0.03444999 -0.175585 -0.020042 -0.03444999 -0.176572 -0.01836597 -0.03444999 -0.177155 -0.01659798 -0.03444999 -0.177301 0.02236998 -0.06594997 -0.141404 0.02384597 -0.06437599 -0.142313 0.02532398 -0.062801 -0.143222 0.02680897 -0.06121897 -0.144136 0.03099995 -0.06594997 0 0.03070795 -0.06594997 -0.00454998 0.02992498 -0.06594997 -0.009553968 0.02939397 -0.06594997 -0.01237797 0.02878898 -0.06594997 -0.01547497 0.028126 -0.06594997 -0.01887899 0.02741998 -0.06594997 -0.022623 0.027085 -0.06594997 -0.02446597 0.02625197 -0.06594997 -0.02930396 0.02541595 -0.06594997 -0.03458195 0.024598 -0.06594997 -0.04027497 0.02382099 -0.06594997 -0.04635095 0.02378594 -0.06594997 -0.04664695 0.02294099 -0.06594997 -0.05436295 0.02220594 -0.06594997 -0.06244999 0.02113395 -0.06594997 -0.07932496 0.02112495 -0.06594997 -0.07953095 0.02065598 -0.06594997 -0.09734398 0.02083396 -0.06594997 -0.115051 0.02123498 -0.06594997 -0.1251879 0.031286 -0.06246995 -0.01118195 0.028952 -0.06250095 -0.02454298 0.02603799 -0.06259 -0.04661697 0.024899 -0.06264698 -0.05923199 0.02337396 -0.06277698 -0.103255 0.02465599 -0.06280195 -0.135269 0.02358895 -0.06278997 -0.114974 0.02400195 -0.06279796 -0.125012 0.02342599 -0.06275695 -0.09135597 0.02374297 -0.062725 -0.07944399 0.02404397 -0.062702 -0.072649 0.02543699 -0.06261795 -0.05279499 0.02671396 -0.062563 -0.04056197 0.02742999 -0.06253898 -0.03488695 0.02816897 -0.06251895 -0.02962195 0.02891194 -0.06250196 -0.02479296 0.02921199 -0.06249696 -0.02295297 0.02995795 -0.06248497 -0.01859694 0.03065699 -0.06247597 -0.01469194 0.03182399 -0.06246596 -0.007998943 0.03237098 -0.06246495 -0.003899991 -0.03099995 -0.06594997 0 -0.03052896 -0.06594997 0.005382955 -0.02912998 -0.06594997 0.01060295 -0.026847 -0.06594997 0.01549994 -0.02374696 -0.06594997 0.01992595 -0.01992595 -0.06594997 0.02374696 -0.01549994 -0.06594997 0.026847 -0.01060295 -0.06594997 0.02912998 -0.005382955 -0.06594997 0.03052896 0 -0.06594997 0.03099995 0.005382955 -0.06594997 0.03052896 0.01060295 -0.06594997 0.02912998 0.01549994 -0.06594997 0.026847 0.01992595 -0.06594997 0.02374696 0.02374696 -0.06594997 0.01992595 0.026847 -0.06594997 0.01549994 0.02912998 -0.06594997 0.01060295 0.03052896 -0.06594997 0.005382955 -0.02680999 -0.06121897 -0.144136 -0.025325 -0.06279999 -0.143223 -0.02384597 -0.06437599 -0.142313 -0.02236998 -0.06594997 -0.141404 -0.02123498 -0.06594997 -0.1251879 -0.02083396 -0.06594997 -0.115051 -0.02065598 -0.06594997 -0.09734398 -0.02112495 -0.06594997 -0.07953095 -0.02113395 -0.06594997 -0.07932496 -0.02220594 -0.06594997 -0.06244999 -0.02294099 -0.06594997 -0.05436199 -0.02378594 -0.06594997 -0.04664695 -0.02382099 -0.06594997 -0.04635095 -0.02459895 -0.06594997 -0.04027497 -0.02541595 -0.06594997 -0.03458195 -0.02625197 -0.06594997 -0.02930396 -0.027085 -0.06594997 -0.02446597 -0.02741998 -0.06594997 -0.022623 -0.028126 -0.06594997 -0.01887899 -0.02878898 -0.06594997 -0.01547497 -0.02939397 -0.06594997 -0.01237797 -0.02992498 -0.06594997 -0.009553968 -0.03070795 -0.06594997 -0.00454998 -0.031286 -0.06246995 -0.01118195 -0.028952 -0.06250095 -0.02454298 -0.02337396 -0.06277698 -0.103255 -0.02400195 -0.06279796 -0.125012 -0.02465599 -0.06280195 -0.135269 -0.02358895 -0.06278997 -0.114973 -0.02342599 -0.06275695 -0.09135597 -0.02374297 -0.062725 -0.07944399 -0.02442795 -0.06267499 -0.06594997 -0.02541697 -0.06261897 -0.05302596 -0.02603799 -0.06259 -0.04661697 -0.02671396 -0.062563 -0.04056298 -0.02742999 -0.06253898 -0.03488695 -0.02816897 -0.06251895 -0.029621 -0.02891194 -0.06250196 -0.02479296 -0.02921199 -0.06249594 -0.02295297 -0.02995795 -0.06248497 -0.01859694 -0.03065699 -0.06247597 -0.01469194 -0.03182399 -0.06246596 -0.007998943 -0.03237199 -0.06246399 -0.003899991 -0.02850598 -0.06594997 0.005328953 -0.02704197 -0.06594997 0.01047599 -0.02465599 -0.06594997 0.01526695 -0.02143096 -0.06594997 0.01953697 -0.01747596 -0.06594997 0.02314198 -0.01292598 -0.06594997 0.02595996 -0.007936 -0.06594997 0.02789294 -0.00267595 -0.06594997 0.02887594 0.00267595 -0.06594997 0.02887594 0.007936 -0.06594997 0.02789294 0.01292598 -0.06594997 0.02595996 0.01747596 -0.06594997 0.02314198 0.02143096 -0.06594997 0.01953697 0.02465599 -0.06594997 0.01526695 0.02704197 -0.06594997 0.01047599 0.02850598 -0.06594997 0.005328953 0.02899998 -0.06594997 0 0.02886998 -0.06594997 -0.002860963 0.02834695 -0.06594997 -0.006935954 0.02748894 -0.06594997 -0.01168894 0.02676397 -0.06594997 -0.01540595 0.02592498 -0.06594997 -0.01975095 0.02500599 -0.06594997 -0.02475398 0.02403897 -0.06594997 -0.03044998 0.02305597 -0.06594997 -0.03686898 0.022089 -0.06594997 -0.04404395 0.02117198 -0.06594997 -0.05200695 0.02033799 -0.06594997 -0.06078898 0.01905494 -0.06594997 -0.08120697 0.01864099 -0.06594997 -0.101627 0.01906895 -0.06594997 -0.121684 0.020361 -0.06594997 -0.141404 0.02322399 -0.03444999 -0.165364 0.02336996 -0.03444999 -0.166317 0.02351999 -0.03444999 -0.167269 0.02367198 -0.03444999 -0.1682209 0.02201098 -0.03944998 -0.156704 0.02219098 -0.03758895 -0.158089 0.02249896 -0.03578495 -0.160373 0.02286899 -0.03473699 -0.162984</float_array>
          <technique_common>
            <accessor source="#thigh_r-mesh-positions-array" count="2960" stride="3">
              <param name="X" type="float"/>
              <param name="Y" type="float"/>
              <param name="Z" type="float"/>
            </accessor>
          </technique_common>
        </source>
        <source id="thigh_r-mesh-normals">
          <float_array id="thigh_r-mesh-normals-array" count="13707">0 1 0 0 -1 0 -0.4999885 0 0.866032 -0.4999811 0 0.8660364 -1.11958e-6 0 1 1.09994e-6 0 1 0.4999807 0 0.8660365 0.4999889 0 0.8660318 0.8660312 0 0.4999899 0.8660359 0 0.4999818 1 0 1.11958e-6 1 0 3.86942e-6 0.8660361 0 -0.4999817 0.8660341 0 -0.499985 0.4999885 0 -0.866032 0.4999811 0 -0.8660364 1.11958e-6 0 -1 -1.09994e-6 0 -1 -0.4999807 0 -0.8660365 -0.4999889 0 -0.8660318 -0.8660336 0 -0.4999859 -0.8660358 0 -0.4999821 -1 0 3.88906e-6 -1 0 1.1294e-6 -0.8660355 0 0.4999827 -0.8660311 0 0.4999904 0.8660309 0 0.4999906 0.8660355 0 0.4999824 1 0 1.11958e-6 1 0 3.8596e-6 0.8660356 0 -0.4999824 0.8660337 0 -0.4999856 -0.8660339 0 -0.4999853 -0.8660361 0 -0.4999815 -1 0 3.86942e-6 -1 0 1.13922e-6 -0.8660358 0 0.4999821 -0.8660315 0 0.4999897 0 1 0 0 1 0 0 1 0 0 1 2.94326e-7 0 1 -3.15623e-7 0 1 7.59534e-7 0 1 -2.91943e-7 0 1 -6.61853e-7 0 1 0 0 1 0 0 1 -3.27081e-7 0 1 0 0 1 -7.70156e-7 0 1 -7.39955e-6 0 1 0 0 1 1.79165e-7 0 1 -2.95591e-7 0 1 7.47936e-7 0 1 -1.49134e-7 0 1 -3.72445e-7 0 1 0 0 1 -2.18032e-7 0 1 0 0 1 0 0 1 5.44991e-7 0 1 4.17519e-7 0 1 0 0 1 0 0 1 1.74228e-7 0 1 0 0 1 5.01874e-7 0 1 0 0 1 -3.73623e-7 0 1 0 0 1 0 0 1 0 0 1 -2.97833e-7 0 1 0 0 1 1.53854e-7 0 1 -1.28865e-7 0 1 0 0 1 0 0 1 -5.99538e-7 0 1 0 0 1 0 0 1 0 0 1 1.47163e-7 0 1 -1.21856e-6 0 1 -9.23094e-7 0 1 -2.95218e-7 0 1 1.73137e-7 0 1 0 0 1 2.35601e-7 0 1 -2.88394e-7 0 1 6.62173e-7 0 1 -9.16862e-7 0 1 0 0 1 -3.09391e-7 0 1 0 0 1 0 0 1 2.12973e-6 0 1 0 0 1 3.82001e-7 0 1 1.57172e-7 0 1 6.79779e-7 0 1 0 0 1 0 0 1 -2.19313e-7 0 1 0 0 1 0 0 1 3.05871e-7 0 1 0 0 1 -3.49745e-7 0 1 4.67958e-7 0 1 -9.30597e-7 0 1 4.75908e-7 0 1 0 0 1 -1.33424e-6 0 1 2.68866e-7 0 1 0 0 1 -7.50773e-7 0 1 5.34435e-7 0 1 0 0 1 4.9137e-7 0 1 -1.20259e-6 0 1 0 0 1 1.56974e-7 0 1 -1.89482e-7 0 1 -3.89569e-7 0 1 0 0 1 -4.27071e-7 0 1 -1.36408e-7 0 1 9.0211e-7 0 1 0 0 1 2.8267e-7 0 1 -1.931e-7 0 1 -2.73055e-7 0 1 -1.68951e-7 0 1 0 0 1 1.72322e-7 0 1 6.55014e-7 0 1 1.72322e-7 0 1 0 0 1 0 0 1 0 0 1 0 0 1 1.39445e-7 0 1 3.41573e-7 0 1 0 0 1 1.38272e-7 0 1 -1.36409e-7 0 1 0 0 1 -4.16333e-7 0 1 1.0313e-6 0 1 8.52379e-7 0 1 -1.48865e-6 0 1 -7.83511e-7 0 1 7.60334e-7 0 1 -1.08507e-6 0 1 0 0 1 6.23698e-7 0 1 -4.7372e-7 0 1 8.39916e-7 0 1 -3.74073e-7 0 1 4.82751e-7 0 1 -1.64129e-7 0 1 0 0 1 6.67733e-7 0 1 0 0 1 0 0 1 -1.75596e-7 0 1 0 0 1 0 0 1 -4.20319e-7 0 1 1.7289e-7 0 1 0 0 1 -2.04357e-7 0 1 2.39049e-7 0 1 -1.3398e-6 0 1 1.65838e-7 0 1 -2.17313e-6 0 1 -2.04293e-6 0 1 -2.61884e-7 0 1 0 0 1 0 0 1 6.88926e-7 0 1 -3.07709e-7 0 1 4.30535e-7 0 1 -2.90116e-7 0 1 0 0 1 0 0 1 1.15577e-6 0 -1 2.1142e-7 0 -1 5.57546e-7 0 -1 0 0 -1 -4.82593e-7 0 -1 0 0 -1 -4.30342e-7 0 -1 4.46734e-7 0 -1 0 0 -1 8.07931e-5 0 -1 8.06738e-5 0 -1 -2.23204e-7 0 -1 -7.96792e-7 0 -1 -9.07232e-7 0 -1 -3.52763e-7 0 -1 0 0 -1 -3.82624e-7 0 -1 0 0 -1 -4.11097e-7 0 -1 0 0 -1 -2.95071e-7 0 -1 -2.3646e-7 0 -1 -1.34174e-7 0 -1 -5.68413e-7 0 -1 0 0 -1 0 0 -1 0 0 -1 5.31156e-7 0 -1 -5.34043e-5 0 -1 -5.3747e-5 0 -1 -5.40905e-5 -4.64348e-5 -1 1.12201e-5 -4.63596e-5 -1 1.15268e-5 4.6435e-5 -1 -1.12192e-5 4.63614e-5 -1 -1.15197e-5 0 -1 1.60375e-7 0 -1 1.10592e-6 0 -1 -1.49346e-7 0 -1 -7.99439e-7 0 -1 -2.11623e-7 0 -1 -1.00172e-6 0 -1 6.24833e-7 0 -1 6.28035e-7 0 -1 -9.71454e-7 0 -1 0 0 -1 -1.70002e-7 0 -1 2.79063e-7 0 -1 3.82652e-7 0 -1 -7.44581e-7 0 -1 4.46826e-7 0 -1 -3.1411e-7 0 -1 -3.24132e-7 0 -1 -3.09556e-7 0 -1 0 0 -1 -3.58797e-7 0 -1 -3.15934e-7 0 -1 0 0 -1 -3.55575e-7 0 -1 0 0 -1 1.28646e-7 0 -1 0 0 -1 0 0 -1 3.14888e-7 0 -1 3.01378e-7 0 -1 2.50812e-7 0 -1 -2.15472e-7 0 -1 1.45755e-7 0 -1 1.03449e-6 0 -1 -2.0155e-7 0 -1 -5.52669e-7 0 -1 5.12106e-7 0 -1 0 0 -1 0 0 -1 0 0 -1 3.66702e-7 -1 0 1.91703e-5 -1 0 1.74465e-5 -0.992986 0 -0.1182324 -0.9929839 0 -0.11825 -0.9809017 2.3817e-6 -0.1945045 -0.9809018 0 -0.1945034 -0.9727097 0 -0.2320257 -0.97271 0 -0.2320249 -0.9699977 0 -0.2431142 -0.9699977 0 -0.2431141 -0.9700039 0 -0.2430897 -0.9700387 0 -0.2429504 0.9700894 0 -0.2427477 0.9711902 -7.0777e-6 -0.2383061 0.9700819 -7.528e-6 -0.2427778 0.9750509 -1.596e-6 -0.221982 0.9750472 -9.67528e-7 -0.2219978 0.9843446 3.31126e-6 -0.1762551 0.9892861 -1.77417e-6 -0.1459897 0.9947052 -5.69911e-7 -0.1027696 1 1.32918e-5 1.78708e-5 1 -4.94834e-6 1.84095e-5 -0.99164 0 0.1290361 -0.9941103 9.60752e-6 0.1083734 -0.9916385 -9.3365e-7 0.1290469 -0.9952483 -4.51634e-5 0.09737086 -0.996109 -3.84399e-5 0.08813101 -0.9977629 1.96121e-5 0.06685286 -0.9978943 -7.27165e-6 0.06486302 -0.9991005 -2.82626e-5 0.04240465 -0.9999999 3.88231e-5 -5.49708e-4 -0.9999538 -1.77175e-5 0.009615182 -0.9992916 1.18343e-5 0.03763455 -0.9998484 6.45057e-7 -0.01742029 -0.9997756 -1.57752e-5 -0.02118557 -0.9990429 -4.22641e-5 -0.04374146 -0.9991441 -7.13393e-6 -0.04136723 -0.99812 -2.11806e-5 -0.06129091 -0.9975805 5.07286e-5 -0.0695225 -0.9967116 1.10064e-5 -0.08103179 -0.9954641 -1.59002e-5 -0.0951389 -0.9949201 -3.94045e-5 -0.1006686 -0.9927186 -1.55543e-6 -0.1204568 -0.9927713 2.57352e-5 -0.1200217 -0.9911317 4.62392e-5 -0.1328839 -0.9902772 2.33491e-5 -0.1391083 -0.9894182 2.11945e-5 -0.1450926 -0.9875555 6.47851e-6 -0.1572713 -0.9876111 -3.88607e-6 -0.1569217 -0.9858358 2.13059e-5 -0.1677138 -0.984826 7.07762e-5 -0.1735451 -0.9841272 -1.42799e-5 -0.1774649 -0.9825206 5.65918e-6 -0.1861536 -0.9826855 5.68734e-5 -0.1852819 -0.9816914 5.33649e-5 -0.1904786 -0.9814307 2.26311e-6 -0.1918175 -0.9814499 -1.01144e-5 -0.1917188 -0.982684 -2.97959e-6 -0.1852896 -0.9846892 6.14906e-7 -0.1743194 -0.9860349 -3.28897e-6 -0.1665388 -0.9913968 -2.54635e-6 -0.1308908 -0.9934257 3.8289e-6 -0.1144789 -1 -4.84567e-6 1.89198e-5 -1 0 2.02944e-5 0.1304843 -4.2723e-5 0.9914504 0.1304833 0 0.9914506 0.1305191 0 0.9914458 0.1304813 0 0.9914509 -0.9258422 0 0.3779106 -0.9258491 0 0.3778934 -0.6783413 0 0.7347471 -0.6783493 0 0.7347396 -0.3021734 0 0.9532531 -0.3021837 0 0.9532498 0.9258491 0 0.3778934 0.9258422 0 0.3779106 0.9856017 0 0.1690837 0.9856021 0 0.1690819 0.9988664 0 -0.0476033 0.9988663 0 -0.04760497 0.9650253 0 -0.262157 0.9650249 0 -0.2621583 0.8856856 0 -0.4642856 0.8856852 0 -0.4642864 0.764588 0 -0.6445194 0.7645875 0 -0.6445199 0.6073257 0 -0.7944529 0.6073253 0 -0.7944534 0.4215416 0 -0.9068091 0.4215411 0 -0.9068093 0.2159374 0 -0.9764073 0.2159361 0 -0.9764076 1.16422e-6 0 -1 -9.11335e-7 0 -1 -0.2159349 0 -0.9764078 -0.2159373 0 -0.9764073 -0.4215397 0 -0.9068101 -0.4215422 0 -0.9068087 -0.6073247 0 -0.7944537 -0.6073271 0 -0.7944519 -0.7645867 0 -0.6445209 -0.7645886 0 -0.6445187 -0.8856852 0 -0.4642865 -0.8856863 0 -0.4642843 -0.9650249 0 -0.2621585 -0.9650254 0 -0.2621566 -0.9988663 0 -0.04760479 -0.9988663 0 -0.04760301 -0.9856021 0 0.1690819 -0.9856018 0 0.1690835 -0.1304845 4.2723e-5 0.9914504 -0.1305189 0 0.9914458 0.3021823 0 0.9532503 0.3021745 0 0.9532527 0.6783486 0 0.7347402 0.6783422 0 0.7347461 -0.1304811 0 0.9914509 -0.1304835 0 0.9914505 0.8266236 0 0.5627554 0.8266343 0 0.5627397 0.5692076 0 0.822194 0.5692135 0 0.8221898 0.234863 0 0.9720285 0.2348697 0 0.9720269 -0.8266329 0 0.5627418 -0.826624 0 0.5627546 -0.6866241 0 0.7270127 -0.6866217 0 0.7270148 -0.5146063 0 0.8574267 -0.5146032 0 0.8574284 -0.3187273 0 0.9478465 -0.3187232 0 0.947848 -0.1079537 0 0.994156 -0.1079489 0 0.9941565 0.1079489 0 0.9941565 0.1079537 0 0.994156 0.3187222 0 0.9478483 0.3187271 0 0.9478466 0.5146021 0 0.8574292 0.5146071 0 0.8574262 0.6866206 0 0.727016 0.686625 0 0.7270118 -0.2348682 0 0.9720273 -0.2348641 0 0.9720283 -0.5687918 0 0.8224816 -0.5689153 -1.37025e-7 0.8223962 0.2225308 0 -0.9749257 0.2225267 0 -0.9749267 -1.33649e-7 0 -1 1.33649e-7 0 -1 -0.222526 0 -0.9749268 -0.2225307 0 -0.9749257 -0.433847 0 -0.9009866 -0.4338531 0 -0.9009836 -0.6234721 0 -0.7818456 -0.623476 0 -0.7818425 -0.7818425 0 -0.6234761 -0.7818455 0 -0.6234723 -0.9009856 0 -0.433849 -0.9009872 0 -0.4338458 -0.9749252 0 -0.2225329 -0.974926 0 -0.2225294 -1 0 -1.86631e-6 -1 0 1.72789e-6 -0.9749263 0 0.2225282 -0.9749255 0 0.2225317 -0.9009861 0 0.433848 -0.9009855 0 0.4338491 -0.7818436 0 0.6234747 -0.7818439 0 0.6234742 -0.6234757 0 0.7818428 -0.6234748 0 0.7818435 -0.4338456 0 0.9009873 -0.4338464 0 0.900987 -0.2225364 0 0.9749244 -0.2225351 0 0.9749247 -3.16938e-6 0 1 3.16938e-6 0 1 0.2225345 0 0.9749248 0.2225363 0 0.9749245 0.4338455 0 0.9009873 0.4338461 0 0.900987 0.6234744 0 0.7818438 0.6234765 0 0.7818422 0.7818435 0 0.6234748 0.7818439 0 0.6234742 0.9009854 0 0.4338494 0.9009864 0 0.4338473 0.9749255 0 0.2225322 0.9749264 0 0.2225279 1 0 1.11692e-6 1 0 -2.47727e-6 0.9749259 0 -0.2225298 0.9749253 0 -0.2225325 0.9009868 0 -0.4338465 0.9009857 0 -0.4338487 0.7818452 0 -0.6234727 0.7818429 0 -0.6234755 0.6234753 0 -0.7818432 0.6234725 0 -0.7818453 0.4338527 0 -0.9009838 0.4338478 0 -0.9009861 1 -7.07456e-7 5.78704e-6 1 -5.78241e-6 1.02334e-5 0.9829771 0 0.1837283 0.9829773 0 0.1837276 0.9324756 0 0.3612329 0.9324759 0 0.3612323 0.850183 0 0.5264873 0.8501836 0 0.5264865 0.7389649 0 0.673744 0.7389658 0 0.6737431 0.6026572 0 0.7980003 0.6026582 0 0.7979995 0.4457809 0 0.8951421 0.445782 0 0.8951416 0.2736277 0 0.9618357 0.2736289 0 0.9618354 0.09224402 0 0.9957364 0.0922448 0 0.9957364 -0.09224414 0 0.9957364 -0.09224379 0 0.9957365 -0.2736279 0 0.9618358 -0.2736279 0 0.9618356 -0.4457816 0 0.8951418 -0.4457818 0 0.8951417 -0.6026574 0 0.798 -0.6026576 0 0.798 -0.738965 0 0.6737438 -0.7389653 0 0.6737435 -0.8501838 0 0.5264861 -0.8501838 0 0.5264862 -0.9324758 0 0.3612326 -0.9324756 0 0.3612331 -0.9829773 0 0.1837274 -0.9829772 0 0.1837279 0.9907073 0 0.1360113 0.9907089 -7.31647e-6 0.1359996 0.9927381 -1.02054e-5 0.1202958 0.9946079 -1.79918e-5 0.1037065 0.9937306 -2.22158e-5 0.1118022 0.9944719 -2.9012e-5 0.1050038 0.9953227 1.71023e-5 0.09660691 0.9961081 -2.63406e-5 0.08814108 0.9973661 -1.0482e-5 0.07253342 0.9987671 1.51211e-5 0.04964369 0.9990888 1.21132e-5 0.04268074 0.9999124 -2.86358e-5 0.01324105 0.9999004 1.90634e-6 0.01412004 0.9999096 -4.82425e-6 -0.01345407 0.9997681 -1.66369e-5 -0.02153718 0.9991914 1.35489e-5 -0.04020768 0.9984786 -1.28821e-5 -0.05514156 0.99779 -2.7402e-5 -0.06644767 0.9974265 3.65684e-6 -0.07169765 0.9957225 -2.67168e-5 -0.09239441 0.9961081 -9.9109e-6 -0.08814114 0.9945234 -4.05987e-5 -0.1045143 0.9930025 6.12706e-6 -0.1180937 0.9926843 -1.43053e-5 -0.1207392 0.9914187 1.52874e-5 -0.1307249 0.9906151 9.29515e-5 -0.1366808 0.9897014 4.0134e-5 -0.143148 0.9883658 -8.23627e-6 -0.1520961 0.987896 3.09821e-5 -0.1551175 0.9860539 7.74724e-5 -0.1664266 0.9861115 1.76387e-4 -0.1660847 0.9843513 2.68162e-5 -0.1762175 0.983866 6.68515e-6 -0.1789075 0.9828072 -4.79276e-6 -0.1846355 0.9823632 5.65173e-5 -0.1869829 0.9817618 -2.7916e-5 -0.1901158 0.9815049 1.89659e-5 -0.1914372 0.9814372 -1.72935e-7 -0.1917842 0.9817245 8.723e-7 -0.1903082 0.9845241 -7.0536e-7 -0.1752495 0.9835251 0 -0.1807716 0.9923725 4.10341e-6 -0.123276 0.9932937 -2.57191e-7 -0.1156196 0 -1 -1.61204e-7 0 -1 -1.19276e-7 0 -1 -1.08288e-6 0 -1 0 0 -1 -5.75337e-7 0 -1 -6.81189e-7 0 -1 -8.5767e-7 0 -1 3.45306e-6 0 -1 3.20896e-6 0 -1 1.72288e-5 0 -1 -1.30069e-6 0 -1 8.61239e-6 0 -1 -3.12239e-6 0 -1 2.22704e-7 0 -1 6.81641e-7 0 -1 -1.08587e-6 0 -1 -5.37667e-7 0 -1 1.82089e-6 0 -1 0 0 -1 1.03367e-6 0 -1 -1.20025e-6 0 -1 -3.20627e-7 0 -1 -6.50703e-7 0 -1 1.79787e-7 0 -1 0 0 -1 1.36525e-7 0 -1 5.16342e-7 0 -1 3.30468e-7 0 -1 7.62865e-7 0 -1 2.97153e-7 0 -1 -8.54837e-7 0 -1 9.89473e-7 0 -1 -4.36465e-7 0 -1 1.98664e-6 0 -1 0 0 -1 9.11558e-7 0 -1 0 0 -1 1.59185e-7 0 -1 0 0 -1 2.6986e-7 0 -1 1.25166e-6 0 -1 2.71239e-7 0 -1 0 0 -1 4.61527e-7 0 -1 -8.92466e-7 0 -1 4.15306e-7 0 -1 1.62796e-6 0 -1 -8.19477e-7 0 -1 -1.2276e-5 0.9863644 0 0.1645764 0.9863651 0 0.1645715 0.9458171 0 0.3247001 0.9458189 0 0.3246946 0.8794606 0 0.4759718 0.8794636 0 0.4759663 0.7891224 0 0.6142361 0.7891249 0 0.6142329 0.6773008 0 0.7357063 0.6773031 0 0.7357041 0.5469408 0 0.8371713 0.5469446 0 0.8371689 0.4016848 0 0.915778 0.4016887 0 0.9157763 0.2454545 0 0.9694082 0.2454626 0 0.9694061 0.08253353 0 0.9965883 0.08254188 0 0.9965877 -0.08254188 0 0.9965877 -0.08253359 0 0.9965883 -0.2454625 0 0.9694061 -0.2454546 0 0.9694081 -0.4016887 0 0.9157763 -0.4016848 0 0.915778 -0.5469443 0 0.837169 -0.5469409 0 0.8371713 -0.6773029 0 0.7357043 -0.6773009 0 0.7357061 -0.7891248 0 0.614233 -0.7891225 0 0.614236 -0.8794636 0 0.4759664 -0.8794606 0 0.4759718 -0.9458189 0 0.3246948 -0.9458172 0 0.3246999 -0.9863651 0 0.1645716 -0.9863644 0 0.1645762 -0.988869 -2.38322e-4 -0.1487889 -0.9876629 -1.72421e-4 -0.1565951 -0.9868014 2.15624e-6 -0.1619353 -0.9873214 -3.83818e-5 -0.1587339 -0.9867968 0 -0.1619634 -0.9907423 5.93398e-7 -0.135756 -0.9895049 3.10243e-6 -0.1444997 -0.9885691 6.62167e-7 -0.1507692 -0.9881539 1.53556e-4 -0.153467 -0.9907464 3.77858e-7 -0.1357262 -0.9927821 1.08075e-4 -0.1199326 -0.9919274 -1.63137e-5 -0.1268081 -0.99145 -1.67638e-7 -0.1304878 -0.9944596 3.09688e-6 -0.1051191 -0.9953052 -1.55014e-5 -0.09678721 -0.9960759 1.81922e-5 -0.088503 -0.9906047 -4.20841e-7 -0.1367569 0 1 0 0 1 0 0 1 8.74065e-7 0 1 0 0 1 6.93141e-7 0 1 3.50147e-7 0 1 0 0 1 2.37293e-7 0 1 0 0 1 1.85824e-7 0 1 0 0 1 -4.11475e-7 0 1 8.05304e-7 0 1 2.08447e-7 0 1 0 0 1 0 0 1 0 0 1 0 0 1 1.53845e-7 0 1 0 0 1 1.74791e-7 0 1 3.26397e-7 0 1 0 0 1 -1.40064e-7 0 1 -1.89707e-7 0 1 -4.44955e-7 0.6957352 -0.7071082 -0.1262957 0.6958811 -0.7070728 -0.1256887 0.6960406 -0.7071044 -0.1246232 0.6960415 -0.7071053 -0.1246131 0.69777 -0.7069785 -0.1153191 0.6976374 -0.7071302 -0.1151907 0.6991754 -0.7071279 -0.1054698 0.699136 -0.7071485 -0.1055945 0.7006853 -0.7071275 -0.09492522 0.700816 -0.7070192 -0.09476774 0.7022002 -0.7070651 -0.0835092 0.7021329 -0.7071235 -0.0835812 0.7037016 -0.7070133 -0.07026004 0.7037062 -0.7070024 -0.07032299 0.7047623 -0.7071117 -0.05747318 0.7047683 -0.7071068 -0.05746173 0.7063893 -0.7071101 -0.03177589 0.7064006 -0.7070978 -0.03179395 0.7067686 -0.7071137 -0.02164202 0.7070824 -0.7071085 -0.005685627 0.7071111 -0.707102 -8.47573e-4 0.7068373 -0.7070915 0.02006924 0.7068211 -0.7071068 0.02010071 0.7062001 -0.7071035 0.03586119 0.7061851 -0.7071155 0.03591942 0.7046325 -0.7071429 0.05866909 0.7043662 -0.707035 0.06300675 0.7023507 -0.7071295 0.08167773 0.7021263 -0.7070899 0.08391964 0.699087 -0.7071129 0.1061549 0.6991335 -0.7070604 0.1061984 0.6989748 -0.707098 0.1069898 0.696688 -0.7070839 0.1210712 0.6964705 -0.7071766 0.1217792 0.6941549 -0.7070203 0.1351714 0.6939271 -0.7070463 0.1362007 0.6914421 -0.707098 0.1480557 0.6913715 -0.7071196 0.1482818 0.6887525 -0.7070907 0.1601341 0.6886599 -0.7071686 0.1601881 0.6862881 -0.707109 0.1703104 0.6861781 -0.7071076 0.170759 0.6859086 -0.7070929 0.1718986 0.6859056 -0.7071076 0.1718497 0.6861481 -0.7071504 0.1707016 0.6858947 -0.7071091 0.1718876 0.685881 -0.7071062 0.1719539 0.6862881 -0.7071089 0.1703102 0.6887843 -0.7070621 0.160123 0.6913943 -0.7071511 0.1480246 0.6941187 -0.7070511 0.1351962 0.6965933 -0.7071739 0.1210905 0.6991086 -0.7070986 0.1061078 0.7016748 -0.7070894 0.08761906 0.7036223 -0.7071136 0.07004278 0.7051141 -0.7071155 0.05293285 0.7062003 -0.7070881 0.03616136 0.6864445 -0.7070844 0.1697811 0.6867886 -0.7071008 0.1683154 0.7067962 -0.7071336 0.02002811 0.7070844 -0.7071048 -0.005881547 0.7064139 -0.7070847 -0.03179222 0.7056624 -0.7070969 -0.04532837 0.7044916 -0.7072955 -0.05851966 0.703411 -0.7071973 -0.07130956 0.7021397 -0.7071052 -0.0836786 0.7012556 -0.7071261 -0.09062737 0.700468 -0.7070311 -0.0972197 0.6995851 -0.7070945 -0.1029475 0.6987591 -0.7070997 -0.1083778 0.6980556 -0.707042 -0.1131811 0.6971443 -0.7072447 -0.1174507 0.6965858 -0.7071259 -0.1214131 0.6959989 -0.707162 -0.1245296 0.6955518 -0.7071018 -0.127337 0.6956106 -0.7071068 -0.1269875 0.6955705 -0.7072288 -0.1265272 0.4999853 0 -0.866034 0.4999835 0 -0.8660349 1.14904e-6 0 -1 -1.1294e-6 0 -1 -0.4999833 0 -0.8660351 -0.4999855 0 -0.8660338 -0.8660331 0 -0.4999868 -0.8660343 0 -0.4999846 -1 0 -1.14904e-6 -1 0 1.15886e-6 -0.8660342 0 0.4999848 -0.8660366 0 0.4999806 -0.4999858 0 0.8660337 -0.4999818 0 0.8660359 -1.05378e-5 0 1 1.05083e-5 0 1 0.4999817 0 0.8660361 0.4999859 0 0.8660336 0.8660369 0 0.4999802 0.8660347 0 0.4999839 1 0 1.15886e-6 1 0 -1.15886e-6 0.8660346 0 -0.4999842 0.8660336 0 -0.4999859 1 -1.89478e-5 -2.03447e-6 1 -2.84687e-5 -4.17678e-6 1 0 0 0.9220018 -0.3871855 0 0.9205401 -0.3906482 -1.66241e-7 0.6999188 -0.7142225 -2.83774e-6 0.7030172 -0.7111729 3.84403e-7 0.3764515 -0.9264364 -3.18512e-7 0.3790829 -0.9253627 1.54646e-6 3.99603e-5 -1 -3.08268e-6 2.21208e-5 -1 -6.08526e-6 -2.19857e-5 -1 -8.28505e-6 -3.99228e-5 -1 -1.76765e-6 0 -1 -1.21776e-7 0 -1 -4.07551e-7 0 -1 0 0 -1 -4.47667e-7 0 -1 -2.4638e-7 -1 -1.52886e-5 -4.32972e-6 -1 -3.4821e-5 0 -0.9205361 -0.3906577 -1.25566e-6 -0.9219968 -0.3871975 1.58325e-7 -0.7030071 -0.7111829 1.0496e-6 -0.6999159 -0.7142253 -1.30106e-6 -0.3790709 -0.9253676 2.19932e-6 -0.3764603 -0.9264328 -9.5088e-7 -1 0 0 -0.2686622 2.18586e-7 0.9632345 -0.2686699 2.8871e-7 0.9632323 -0.2776283 -1.7283e-6 0.9606886 -0.2865305 2.5646e-4 0.9580712 -0.2954959 2.70363e-6 0.9553442 -0.2954923 -2.52441e-6 0.9553452 -0.2647838 1.90549e-6 0.9643078 -0.2538726 -5.69923e-6 0.9672378 -0.237769 6.35116e-6 0.9713218 -0.1790252 8.05687e-6 0.9838445 -0.2188785 1.13915e-6 0.9757522 -0.1101233 -1.30069e-5 0.993918 -0.0599628 2.85869e-6 0.9982007 0 1.71636e-5 1 0.05996263 2.86149e-6 0.9982007 0.1101233 -1.30094e-5 0.993918 0.1790251 8.0578e-6 0.9838446 0.2188785 4.02099e-7 0.9757522 0.2377692 6.22985e-6 0.9713218 0.2954738 1.04913e-6 0.9553509 0.2538727 -5.88642e-6 0.9672377 0.2647841 2.03942e-6 0.9643078 0.2686762 7.51839e-7 0.9632306 0.2865307 2.56436e-4 0.9580711 0.2955062 0 0.9553408 0.2686622 2.17555e-7 0.9632345 0.2776283 -1.757e-6 0.9606886 0.9688049 -0.2478246 6.76562e-6 0.9641416 -0.2478197 -0.0949546 0.9860953 -0.1661807 3.50652e-5 0.9750778 -0.1662024 -0.1469694 0.9853956 -0.08325564 -0.1485404 0.9422803 -0.1662139 -0.2906558 0.9522587 -0.0832358 -0.2937269 0.8884378 -0.1662059 -0.427848 0.8978495 -0.08321386 -0.4323679 0.8147501 -0.1661846 -0.5554863 0.8233858 -0.08321624 -0.5613474 0.7228562 -0.1662101 -0.670711 0.7304823 -0.08318835 -0.6778461 0.6148213 -0.1661821 -0.7709594 0.6213136 -0.0832358 -0.7791286 0.4930468 -0.1661887 -0.8539825 0.4982673 -0.08324676 -0.8630178 0.360262 -0.1661859 -0.917929 0.3640732 -0.08320635 -0.9276462 0.2194294 -0.1662175 -0.9613649 0.2217678 -0.08323544 -0.9715405 0.07369703 -0.1661564 -0.9833417 0.07444095 -0.08359503 -0.9937155 -0.07369089 -0.1661925 -0.9833361 -0.07448625 -0.0832262 -0.9937431 -0.2194265 -0.1661916 -0.9613701 -0.2217576 -0.08321988 -0.9715442 -0.3602618 -0.166184 -0.9179294 -0.3640947 -0.08321076 -0.9276375 -0.4930468 -0.1662136 -0.8539777 -0.4982557 -0.08323872 -0.8630254 -0.6148175 -0.1662032 -0.7709579 -0.6212908 -0.0832501 -0.7791452 -0.7228594 -0.1661602 -0.6707199 -0.7305058 -0.08318847 -0.6778208 -0.8147436 -0.1662227 -0.5554846 -0.8233811 -0.08319681 -0.5613572 -0.8978493 -0.08321285 -0.4323683 -0.8262376 -3.07448e-5 -0.5633217 -0.9009682 -1.57915e-5 -0.4338853 -0.9555726 -2.67848e-5 -0.2947561 -0.9522585 -0.0832358 -0.2937269 -0.9888311 -1.00322e-5 -0.1490408 -0.9853956 -0.08325576 -0.1485404 -0.9965173 -0.08338689 4.9924e-5 -0.9860948 -0.1661837 4.44613e-5 -0.9750801 -0.166189 -0.1469696 -0.9641367 -0.2478354 -0.09496378 -0.950181 -0.2478411 -0.1890268 -0.9422851 -0.1661867 -0.2906557 -0.9270766 -0.2478234 -0.2812697 -0.8950436 -0.247839 -0.3707733 -0.8884396 -0.1661926 -0.4278494 -0.8544068 -0.2478214 -0.4566988 -0.8055368 -0.2478263 -0.5382309 -0.7488997 -0.2478064 -0.6146066 -0.6850354 -0.2478353 -0.6850578 -0.6146004 -0.2478173 -0.7489012 -0.5382385 -0.24783 -0.8055307 -0.456676 -0.2478199 -0.8544194 -0.370714 -0.2478422 -0.8950673 -0.2812019 -0.2478165 -0.927099 -0.1890032 -0.24783 -0.9501885 -0.09498184 -0.2478428 -0.964133 -9.76893e-6 -0.2478228 -0.9688054 0.09496557 -0.2478263 -0.9641388 0.1890062 -0.2478165 -0.9501914 0.2812277 -0.2478335 -0.9270866 0.3707551 -0.2478169 -0.8950573 0.4567095 -0.2478368 -0.8543965 0.5382651 -0.2477912 -0.8055248 0.6146013 -0.2478292 -0.7488965 0.6850311 -0.2478079 -0.6850721 0.7488913 -0.2478119 -0.6146147 0.8055292 -0.2478458 -0.5382333 0.854413 -0.247804 -0.4566966 0.8950483 -0.2478436 -0.370759 0.927087 -0.2478063 -0.2812507 0.9501844 -0.2478365 -0.1890155 -0.9688082 -0.2478119 5.00234e-6 -1 -2.07685e-5 -7.8251e-6 -0.7330511 -3.09572e-6 -0.6801735 -0.6234905 -2.98545e-5 -0.781831 -0.5000002 -1.27815e-5 -0.8660253 -0.3653427 -9.574e-6 -0.9308731 -0.2225201 9.49577e-6 -0.9749282 -0.07472932 -8.89227e-6 -0.9972039 0.07473164 -3.62545e-5 -0.9972037 0.2225201 -3.57777e-5 -0.9749282 0.365343 -7.76723e-6 -0.930873 0.5 -3.43397e-5 -0.8660254 0.6234894 -1.54004e-5 -0.7818318 0.7330507 -1.67452e-5 -0.6801741 0.8262394 -3.83705e-7 -0.5633192 0.9009698 1.18502e-5 -0.433882 0.9555727 -2.6837e-5 -0.2947555 0.9888311 -9.96143e-6 -0.1490409 1 -2.08765e-5 -7.56829e-6 0.9965173 -0.08338689 4.98816e-5 -0.9604373 -0.2487939 0.1251471 -0.962967 -0.2409498 0.1209866 -0.9688933 -0.2166168 0.119679 -0.9722979 -0.2012184 0.1189457 -0.9612529 -0.2061502 0.1830164 -0.9733583 -0.1443461 0.1781514 -0.9694271 -0.1494666 0.1946044 -0.9779794 -0.08504515 0.1905877 -0.977119 -0.08902072 0.1931675 -0.9780848 -0.07889759 0.19268 -0.9792766 -0.08325642 0.1846232 -0.981923 7.30529e-6 0.1892809 -0.9835084 2.57418e-6 0.1808632 -0.9810624 -0.08813542 0.1724784 -0.98535 7.47666e-6 0.1705444 -0.9875193 -3.35164e-5 0.1574981 -0.9829301 -0.09294956 0.158773 -0.9894459 9.90182e-6 0.1449033 -0.9845341 -0.09763848 0.1454625 -0.991168 6.02007e-6 0.1326119 -0.9859393 -0.1019513 0.1323995 -0.9927121 -2.63378e-6 0.1205106 -0.9871969 -0.1056917 0.1194638 -0.9929397 -9.09854e-4 0.1186175 -0.9933557 -0.008678078 0.1147579 -0.9934841 -0.0241847 0.1113755 -0.9929891 -0.04664129 0.1086158 -0.9914846 -0.07483392 0.1065748 -0.9879264 -0.1076567 0.1114073 -0.9828023 -0.1536038 0.102497 -0.9862997 -0.1214846 0.111599 -0.9705142 -0.2128783 0.113072 -0.9702599 -0.2091233 0.1219148 -0.9464989 -0.2975226 0.1249802 -0.947402 -0.2875021 0.1406138 -0.9403086 -0.3092573 0.1420554 -0.941843 -0.2966702 0.1578561 -0.9302971 -0.3295595 0.1610531 -0.9326415 -0.3143282 0.1771382 -0.928534 -0.3260957 0.1774443 -0.9310253 -0.3098317 0.1928628 -0.934766 -0.298468 0.1926904 -0.9312247 -0.3084062 0.1941815 -0.9370466 -0.2823522 0.2054774 -0.9343708 -0.2888053 0.2086693 -0.9398831 -0.2676906 0.2120416 -0.9393807 -0.2692603 0.2122799 -0.9443777 -0.2556492 0.2068682 -0.9478498 -0.2553735 0.190697 -0.9507662 -0.2468571 0.1873641 -0.9258157 -0.3417367 0.1614978 -0.9280126 -0.3433821 0.1445047 -0.9390279 -0.3199467 0.1259399 -0.9461002 -0.3026826 0.1152298 -0.9707704 -0.215911 0.104821 -0.9676819 -0.2322291 0.09829354 -0.9458392 -0.3068439 0.1059961 -0.9460791 -0.3101367 0.09353965 -0.9380093 -0.3298947 0.1063392 -0.9181234 -0.3864503 0.08778262 -0.9244772 -0.365945 0.1068946 -0.9188251 -0.3799616 0.1067225 -0.9251827 -0.3610566 0.1169419 -0.9207716 -0.3687578 0.1272689 -0.9260842 -0.3551174 0.1275138 -0.9208732 -0.3682018 0.1281405 -0.9231477 -0.3560273 0.1450616 -0.9788526 -0.07535952 0.1901805 -0.9827886 -1.2815e-5 0.1847345 -0.9819008 -0.07278555 0.1748518 -0.9910506 -1.97068e-6 0.1334872 -0.9907937 -0.07110059 0.1152065 -0.9970666 -3.39225e-5 0.07653886 -0.9831091 -0.1409636 0.1167296 -0.9900776 -0.080262 0.1153449 -0.9574359 -0.2219316 0.1845615 -0.9517722 -0.2299037 0.2031602 -0.9480835 -0.2406465 0.2079113 -0.9461012 -0.2539092 0.201054 -0.9446688 -0.2684845 0.1884595 -0.9433714 -0.2828558 0.1733298 -0.9811096 -0.08213353 0.1751517 -0.9560087 -0.2135138 0.2011445 -0.9676443 -0.1565142 0.1979091 -0.9782068 -0.09395349 0.1851599 -0.9527792 -0.2235689 0.2054964 -0.9512971 -0.2358466 0.1985206 -0.9503621 -0.2494278 0.1860048 -0.9495464 -0.2628349 0.1711128 -0.9484966 -0.2757221 0.155986 -0.9678273 -0.1648302 0.1901087 -0.9798867 -0.09945493 0.1730053 -0.9683596 -0.1747823 0.178132 -0.9690982 -0.1840307 0.1642606 -0.9695831 -0.19334 0.1500944 -0.9699349 -0.2017933 0.1360362 -0.9816485 -0.1048945 0.1592592 -0.9831439 -0.1102129 0.1458809 -0.9844508 -0.1150634 0.1327295 -0.9856149 -0.1193155 0.1196957 -0.9384383 -0.3254335 0.115873 0.7071042 0.7071094 1.03643e-5 0.7071135 0.7071002 1.20122e-5 0.7059285 0.7071058 -0.04082167 0.7009812 0.707045 -0.09334158 0.7007814 0.7070949 -0.09445875 0.6960608 0.7070823 -0.1246356 0.6944299 0.7071167 -0.1332409 0.6917231 0.7071801 -0.1463404 0.6905326 0.707237 -0.1515935 0.688569 0.7072519 -0.160211 0.6867669 0.7072073 -0.1679555 0.6868054 0.7071747 -0.1679357 0.6859888 0.7071533 -0.1713294 0.6858879 0.7071188 -0.1718742 0.6893468 0.707231 -0.1569249 0.6960729 0.707075 -0.1246088 0.7033862 0.7070709 -0.07279163 7.38073e-7 0.499993 0.8660295 1.99478e-6 0.6356752 0.7719566 -5.29923e-7 0.500004 0.8660231 -4.44869e-6 0.6871972 0.7264709 1.04788e-5 0.7538836 0.6570081 -6.67688e-6 0.8368968 0.5473607 3.75439e-7 0.8513957 0.524524 -1.52731e-6 0.9257854 0.3780494 -9.18796e-6 0.9410199 0.3383515 1.66206e-6 0.981287 0.1925511 -2.42796e-6 0.9938315 0.1109008 -6.35628e-7 1 3.07554e-5 -1.87056e-6 1 -3.04534e-6 0.9868174 2.04023e-5 -0.1618376 0.9867936 0 -0.1619834 0.9957517 0 0.09207844 0.9957515 1.40906e-7 0.09208118 0.9412887 0 0.3376028 0.9412879 0 0.3376049 0.8248084 0 0.5654124 0.824833 4.57868e-7 0.5653764 0.6584263 0 0.7526453 0.6584591 0 0.7526165 0.4448582 0 0.895601 0.4448227 0 0.8956187 0.2078811 0 0.9781541 0.2078336 0 0.9781643 -0.04607665 0 0.9989379 -0.04608774 1.268e-7 0.9989375 0.6984146 0.7070976 0.1105895 0.6974351 0.7071354 0.1163783 0.6725418 0.7070757 0.2184759 0.6688139 0.7070869 0.2296001 0.6300321 0.7071103 0.3210214 0.6218883 0.7071005 0.3365468 0.5720799 0.707093 0.415625 0.5579909 0.7071231 0.4343078 0.5000033 0.7071041 0.5000007 0.4788937 0.7071256 0.5202253 0.4156361 0.7070984 0.5720652 0.3867355 0.7071271 0.5919518 0.3210179 0.7071089 0.6300354 0.2840474 0.7070969 0.6475577 0.2185097 0.707104 0.6725009 0.1735808 0.7071159 0.685461 0.1106186 0.7070983 0.6984093 0.05839025 0.7071225 0.7046762 -2.53072e-7 0.7070891 0.7071245 -0.05839043 0.7071225 0.7046762 -0.1106187 0.7070983 0.6984093 -0.173581 0.707116 0.6854609 -0.2185296 0.7070718 0.6725284 -0.2840471 0.7070969 0.6475579 -0.3210176 0.7071088 0.6300356 -0.3867352 0.7071269 0.5919522 -0.4156362 0.7070983 0.5720653 -0.4788935 0.7071254 0.5202256 -0.5000035 0.7071042 0.5000004 -0.5579908 0.7071229 0.434308 -0.57208 0.7070931 0.4156249 -0.6218884 0.7071003 0.3365472 -0.6300321 0.7071103 0.3210213 -0.6687809 0.7071196 0.2295953 -0.6725419 0.7070755 0.2184758 -0.6974351 0.7071354 0.1163783 -0.6984148 0.7070975 0.1105893 -0.7071032 0.7071104 1.47313e-5 -0.7071064 0.7071072 -1.52436e-6 0 1 -9.77455e-7 1.63144e-6 1 1.3491e-5 0 1 0 0 1 1.2827e-6 0 1 4.47992e-7 -2.18395e-7 1 -2.12103e-6 0 1 0 0 1 0 0 1 -1.31957e-7 0 1 0 0 1 0 0 1 2.36685e-7 0 1 1.20904e-7 0 1 3.107e-7 0 1 0 0 1 -1.6331e-7 0 1 1.44417e-7 0 1 2.47663e-7 0 1 -1.31197e-7 0 1 1.90059e-7 0 1 0 0 1 2.54476e-7 0 1 0 0 1 2.97484e-7 0 1 -5.75081e-7 0 1 -1.40181e-7 0 1 -2.47394e-7 0 1 2.4276e-7 0 1 -1.76182e-7 0 1 0 0 1 0 0 1 1.8507e-7 0 1 -1.28582e-7 0 1 1.53981e-7 0 1 -1.97241e-7 0 1 2.66531e-7 0 1 2.08525e-7 0 1 2.40696e-7 0 1 2.08525e-7 0 1 2.66531e-7 0 1 0 0 1 0 0 1 0 0 1 0 0 1 0 0 1 -2.28805e-7 0 1 0 0 1 -1.77343e-7 0 1 0 0 1 -1.83318e-7 0 1 0 0 1 0 0 1 0 0 1 0 0 1 -2.50719e-7 0 1 2.97484e-7 0 1 0 0 1 0 0 1 0 0 1 -1.44362e-7 0 1 0 0 1 1.83353e-7 0 1 -4.27457e-7 0 1 -4.60277e-7 0 1 1.33395e-7 0 1 -3.69376e-7 0 1 0 0 1 -1.77306e-6 0 1 0 0 1 -1.38399e-6 0 1 0 0 1 -2.63417e-7 0 1 0 0 1 0 0 1 0 0 1 1.88633e-7 0 1 0 0 1 4.03796e-7 0 1 1.00377e-6 0 1 0 0 1 0 0 1 -1.86214e-7 0 1 0 0 1 0 0 1 2.0936e-7 0 1 0 0 1 0 0 1 0 0 1 1.74257e-7 0 1 1.20293e-7 0 1 1.28219e-7 0 1 1.01325e-6 0 1 2.62408e-6 9.36445e-7 0.9938344 0.1108754 -7.51298e-6 0.9712586 0.2380266 -1.58371e-6 0.9410128 0.3383711 4.31575e-6 0.8665063 0.4991661 0 0.8368899 0.5473714 -8.63918e-6 0.6860737 0.7275321 -5.63043e-7 0.6872022 0.7264663 -2.0829e-6 0.5000081 0.8660208 -2.346e-6 0.5000104 0.8660196 -0.6859009 0.7071028 -0.1718885 -0.686016 0.707129 -0.1713205 -0.6859645 0.7070368 -0.1719062 -0.6868933 0.7071151 -0.1678273 -0.6877887 0.7071416 -0.164005 -0.689691 0.7070653 -0.156157 -0.6936001 0.7071211 -0.1374724 -0.6961072 0.7070522 -0.124547 -0.70216 0.7070921 -0.08361905 -0.7034808 0.7070398 -0.07217687 -0.7011109 0.7070996 -0.09194439 -0.6969168 0.7071297 -0.1194766 -0.6915315 0.7070697 -0.147772 0.1604186 2.77932e-5 0.9870492 0.1563838 4.77156e-5 0.9876964 0 2.04676e-5 1 0 0 1 -0.1563838 4.77053e-5 0.9876964 0.3090083 2.2988e-5 0.9510594 0.3166619 -6.48884e-5 0.9485386 0.4539804 4.10202e-5 0.8910118 0.4647225 -2.36528e-5 0.8854565 0.5877655 1.10934e-4 0.8090314 0.6007425 3.77956e-5 0.7994427 0.7071079 -8.5244e-6 0.7071057 0.7212025 -1.47659e-5 0.6927244 0.8090134 4.20825e-5 0.5877904 0.8229839 1.33412e-5 0.5680648 0.8910034 4.99571e-5 0.4539966 0.9034505 -3.64985e-6 0.4286923 0.9510551 3.64953e-5 0.3090214 0.9605181 4.80656e-6 0.2782173 0.9876884 -2.6729e-6 0.1564343 0.9927089 -1.14618e-5 0.1205365 1 1.44062e-5 -1.32518e-6 0.999189 -6.07548e-6 -0.04026639 0.9872155 1.01398e-6 -0.1593918 0.9797906 1.83564e-5 -0.2000259 0.9713519 -2.87057e-6 -0.2376464 0.9493865 -4.37279e-6 -0.3141102 0.9350162 2.88896e-6 -0.354605 0.9216386 8.57655e-6 -0.3880496 0.888477 1.22217e-5 -0.4589211 0.8660256 1.64234e-5 -0.4999998 0.8505331 -9.32254e-7 -0.5259217 0.8083944 -5.74673e-6 -0.5886412 0.7746057 4.53414e-6 -0.6324445 0.8083902 5.87176e-6 -0.588647 0.71475 -6.75372e-6 -0.6993801 0.6631225 2.66219e-5 -0.7485108 0.6060473 -2.88384e-5 -0.7954286 0.5344647 -4.49081e-5 -0.8451908 0.4845933 -1.56804e-5 -0.8747397 0.39197 -1.77766e-5 -0.919978 0.352959 -3.5055e-6 -0.9356389 0.3529235 9.22854e-7 -0.9356523 0.3477583 -2.05205e-6 -0.9375842 0.333327 7.85803e-7 -0.9428113 0.3122017 -2.17012e-5 -0.9500159 0.2393155 -1.92593e-5 -0.9709419 0.2875582 2.61236e-7 -0.9577631 0.1453328 -2.6227e-5 -0.9893829 0.08046662 -5.72065e-6 -0.9967574 1.5434e-7 1.25743e-5 -1 -0.08046662 -5.72065e-6 -0.9967574 -0.145333 -2.62358e-5 -0.9893828 -0.2393154 -1.92579e-5 -0.970942 -0.2875583 -7.37921e-5 -0.9577632 -0.3122014 -2.19191e-5 -0.950016 -0.391969 -1.13556e-5 -0.9199784 -0.333348 -1.52951e-5 -0.9428039 -0.3477515 -9.33185e-7 -0.9375869 -0.3529235 -2.32831e-7 -0.9356523 -0.3529374 6.93137e-6 -0.935647 -0.4845783 -7.64267e-6 -0.874748 -0.5344657 6.44312e-6 -0.8451902 -0.6060214 -3.21388e-5 -0.7954484 -0.6631226 -3.53255e-5 -0.7485108 -0.7147234 2.09691e-5 -0.6994073 -0.774603 -1.35326e-5 -0.6324478 -0.8083718 2.72144e-6 -0.5886725 -0.8660253 4.71435e-6 -0.5000001 -0.8506142 -3.73134e-6 -0.5257905 -0.8886762 1.13342e-6 -0.4585356 -0.9350162 -1.80467e-5 -0.354605 -0.947487 4.68572e-7 -0.3197942 -0.9797904 -2.06754e-5 -0.2000272 -0.9748479 -3.76836e-6 -0.2228716 -0.9876762 2.80933e-6 -0.1565113 -0.999189 -4.0405e-5 -0.04026681 -1 5.03426e-6 6.79291e-7 -0.9927088 3.49865e-5 0.1205375 -0.9876884 -2.47592e-6 0.1564343 -0.9605182 4.84847e-6 0.2782174 -0.9510552 3.66224e-5 0.3090213 -0.9034504 -3.65218e-6 0.4286925 -0.8910033 4.98425e-5 0.4539968 -0.8229839 1.3296e-5 0.5680649 -0.8090134 4.1988e-5 0.5877904 -0.7212024 -1.47605e-5 0.6927245 -0.7071079 -8.53883e-6 0.7071057 -0.6007423 -8.62032e-6 0.7994429 -0.5877737 6.55602e-5 0.8090255 -0.4647225 -2.36635e-5 0.8854564 -0.4539804 4.10051e-5 0.8910118 -0.3166619 -6.48807e-5 0.9485386 -0.3090083 2.30264e-5 0.9510594 -0.1604187 2.77734e-5 0.9870491 -0.8083752 0 -0.5886678 0.04603439 0 0.9989399 0.0460819 0 0.9989377 -0.2078336 0 0.9781643 -0.2078811 0 0.9781541 -0.4448227 0 0.8956187 -0.4448582 -5.28142e-7 0.895601 -0.6584591 0 0.7526165 -0.6584263 0 0.7526453 -0.824833 0 0.5653764 -0.8248344 0 0.5653745 -0.9412879 0 0.3376049 -0.9412732 0 0.337646 -0.9957515 0 0.09208118 -0.9957517 0 0.09207844 4.18137e-5 0.4999815 0.8660361 8.70975e-5 0.4999458 0.8660567 3.204e-5 0.4999885 0.8660321 -1.50444e-4 0.5000594 0.8659911 5.52398e-6 0.5000382 0.8660035 -5.57292e-5 0.5000293 0.8660085 -4.69613e-5 0.5000383 0.8660034 0 0.5000348 0.8660054 -2.70335e-5 0.5000191 0.8660144 -5.36512e-5 0.5000059 0.866022 0.9188249 -0.379962 0.106723 0.9244817 -0.3659343 0.1068912 0.9181233 -0.3864501 0.08778339 0.9380145 -0.3298817 0.1063338 0.9460793 -0.3101361 0.09353965 0.9458358 -0.3068549 0.1059949 0.9676819 -0.232229 0.09829336 0.9707753 -0.2158902 0.1048175 0.9828022 -0.1536039 0.1024976 0.9705088 -0.2129064 0.1130646 0.9862998 -0.1214845 0.1115988 0.9702635 -0.2091345 0.1218676 0.9856187 -0.119288 0.119692 0.9699335 -0.201905 0.1358803 0.9844495 -0.115078 0.1327271 0.9831476 -0.1101824 0.1458795 0.9845334 -0.09764695 0.1454619 0.9829282 -0.09297096 0.158772 0.9894462 9.77144e-6 0.1449008 0.9875191 -3.36021e-5 0.1574997 0.9810624 -0.08813393 0.1724786 0.9853501 7.51391e-6 0.1705439 0.9835084 2.68221e-6 0.180863 0.9792788 -0.08323109 0.1846235 0.9819229 7.35745e-6 0.1892816 0.9780872 -0.07887792 0.1926755 0.978854 -0.07534253 0.19018 0.9771162 -0.08905732 0.1931651 0.9779811 -0.08501619 0.1905921 0.9676356 -0.1565481 0.1979245 0.9694234 -0.149495 0.194601 0.9527797 -0.2235676 0.2054956 0.9560094 -0.213513 0.2011423 0.9480813 -0.2406735 0.2078896 0.9517714 -0.2298734 0.2031982 0.9398764 -0.2677085 0.2120488 0.9443789 -0.255634 0.2068813 0.9393806 -0.2692605 0.2122802 0.9478498 -0.2553733 0.190697 0.9251763 -0.3610724 0.1169432 0.9207723 -0.3687562 0.1272681 0.9260795 -0.3551297 0.1275133 0.9208732 -0.3682023 0.1281402 0.9231477 -0.3560275 0.1450612 0.9280235 -0.3433523 0.1445053 0.9258139 -0.3417407 0.1614999 0.9302923 -0.3295735 0.161052 0.9285334 -0.3260956 0.1774469 0.9326422 -0.3143226 0.1771436 0.9310302 -0.3098286 0.1928449 0.9347664 -0.2984668 0.1926901 0.9312357 -0.3083609 0.1941999 0.9370609 -0.2823159 0.2054625 0.9343706 -0.2888058 0.2086694 0.9507937 -0.2467257 0.1873978 0.9604373 -0.2487941 0.125147 0.9629614 -0.240948 0.1210354 0.9688919 -0.2166177 0.119688 0.9722996 -0.2012131 0.1189406 0.9574351 -0.2219335 0.1845633 0.9612505 -0.2061565 0.1830223 0.9831169 -0.1409597 0.1166692 0.9733625 -0.1443475 0.1781276 0.9900776 -0.08025425 0.1153511 0.9811096 -0.0821408 0.1751479 0.9970667 -3.40268e-5 0.07653856 0.9907887 -0.07113134 0.1152312 0.9910507 -2.48849e-6 0.1334866 0.9818984 -0.07280158 0.1748585 0.9827883 -1.32136e-5 0.1847358 0.9911683 6.09085e-6 0.1326103 0.9859346 -0.1019995 0.1323977 0.992712 -2.58908e-6 0.1205114 0.9871971 -0.1056929 0.1194612 0.987922 -0.1076482 0.1114544 0.9929387 -9.10874e-4 0.1186249 0.9933554 -0.008679091 0.1147597 0.993484 -0.02418571 0.1113765 0.9929893 -0.04664015 0.1086141 0.9914789 -0.0748766 0.1065979 0.9384552 -0.3253867 0.1158685 0.9461098 -0.3026502 0.115235 0.939022 -0.3199681 0.1259298 0.9403218 -0.3092183 0.1420524 0.941856 -0.2966307 0.1578533 0.9433811 -0.2828253 0.1733264 0.9464948 -0.2975363 0.1249793 0.9474028 -0.2874991 0.1406133 0.948489 -0.2757492 0.1559849 0.9495465 -0.2628332 0.1711149 0.9446606 -0.2685306 0.1884348 0.9695393 -0.19362 0.1500164 0.981648 -0.1048959 0.1592608 0.9798888 -0.09943562 0.1730045 0.9690902 -0.1842622 0.1640474 0.9503589 -0.2494395 0.1860054 0.9512966 -0.2358477 0.1985212 0.9461076 -0.2538769 0.2010647 0.9683759 -0.1746453 0.1781774 0.9677188 -0.1651669 0.190369 0.9782081 -0.09393632 0.1851619 0 0.500149 0.8659394 1.55001e-5 0.5000164 0.866016 6.12545e-5 0.5000478 0.8659979 -1.40629e-5 0.500003 0.8660237 2.80235e-4 0.5000254 0.8660107 -1.38182e-4 0.4999584 0.8660495 -4.22544e-5 0.4999815 0.8660361 2.59998e-5 0.5000193 0.8660144 5.36512e-5 0.5000058 0.8660221 0.8283777 -0.5541065 -0.0821982 0.8324339 -0.5541242 2.64424e-6 0.8271393 -0.5541191 -0.09376859 0.8324269 -0.554135 -1.68392e-5 0.8226275 -0.5540935 -0.127532 0.8115763 -0.5541085 -0.1852235 0.7937844 -0.5541278 -0.2506966 0.7859238 -0.5541313 -0.2743401 0.7463564 -0.55413 -0.3686357 0.7500373 -0.5541424 -0.3610685 0.704627 -0.554099 -0.4432553 0.7339938 -0.5541412 -0.3926585 0.6919701 -0.5541309 -0.462727 0.65094 -0.5541417 -0.518849 0.6436721 -0.554108 -0.5278737 0.5891481 -0.5540899 -0.5881233 0.5890315 -0.554104 -0.5882267 0.5282377 -0.5541607 -0.643328 0.5190318 -0.5541148 -0.6508171 0.4619005 -0.5541118 -0.6925375 0.4425061 -0.5537557 -0.7053673 0.3920094 -0.5540798 -0.734387 0.3611255 -0.5539969 -0.7501173 0.318744 -0.5540944 -0.7690135 0.2753579 -0.554129 -0.7855694 0.2421092 -0.5541543 -0.7964271 0.1852208 -0.5541442 -0.8115526 0.1621194 -0.5541394 -0.8164845 0.09273821 -0.5541217 -0.8272537 0.08115357 -0.5541043 -0.8284821 2.18462e-4 -0.5541369 -0.8324255 1.90734e-4 -0.5539557 -0.8325461 -0.08086472 -0.554129 -0.828494 -0.09243333 -0.5541535 -0.8272666 -0.1619874 -0.5541099 -0.8165307 -0.1852115 -0.5541819 -0.8115289 -0.2422831 -0.5541378 -0.7963858 -0.2756094 -0.5541976 -0.7854328 -0.3190773 -0.5540921 -0.768877 -0.3615799 -0.554039 -0.7498672 -0.3923525 -0.5540579 -0.7342203 -0.4424558 -0.5545575 -0.7047687 -0.4620577 -0.5541337 -0.6924151 -0.5190511 -0.5541198 -0.6507974 -0.5283225 -0.5541043 -0.643307 -0.5889845 -0.5541342 -0.5882454 -0.5888783 -0.554104 -0.5883801 -0.643482 -0.5540969 -0.5281171 -0.6507592 -0.5540793 -0.5191423 -0.6917998 -0.5541182 -0.462997 -0.7044684 -0.554138 -0.4434584 -0.7339039 -0.554139 -0.3928297 -0.7499833 -0.5541501 -0.3611687 -0.769308 -0.5540997 -0.3180235 -0.7859411 -0.5541393 -0.2742742 -0.7967749 -0.5540995 -0.2410884 -0.8116099 -0.5540999 -0.1851019 -0.8164851 -0.554049 -0.1624253 -0.8271434 -0.5541328 -0.09365272 -0.8283845 -0.5541093 -0.08211094 -0.832434 -0.5541244 -1.95329e-6 -0.832504 -0.554019 -1.84319e-4 -0.8231176 -0.5541051 -0.1242779 -0.795717 -0.5541024 -0.244551 -0.7504408 -0.5541655 -0.3601933 0.6866166 -0.5541208 -0.4706462 0.6206786 -0.5541535 -0.554682 0.5518095 -0.5541541 -0.6232332 0.4822934 -0.554148 -0.6784639 0.4169022 -0.5541707 -0.7204774 0.3573927 -0.5541096 -0.7518199 0.3053405 -0.5541091 -0.7744227 0.2031285 -0.5541188 -0.8072739 0.09702432 -0.5541232 -0.826761 -0.009278893 -0.5541341 -0.8323758 -0.1157193 -0.554161 -0.8243268 -0.2218679 -0.5541468 -0.8023067 -0.3237533 -0.554111 -0.766906 -0.377139 -0.5540979 -0.7421198 -0.4364106 -0.5540899 -0.7088937 -0.500001 -0.5541523 -0.6655181 -0.5657829 -0.5541489 -0.6105807 -0.6305021 -0.5540837 -0.5435609 -0.6931162 -0.5541124 -0.4610309 0.7693327 -0.5540654 -0.3180236 0.7967963 -0.5540324 -0.2411714 0.8164209 -0.5540936 -0.1625955 -0.746822 -0.6616801 0.06660658 -0.7468615 -0.6614974 0.06796431 -0.7483394 -0.6572856 0.08924096 -0.7487388 -0.6572553 0.08605593 -0.7541671 -0.6476575 0.1084975 -0.7550328 -0.6476308 0.1024692 -0.7552899 -0.6472112 0.103223 -0.7469521 -0.6612758 0.06911545 -0.7470914 -0.6610153 0.07009547 -0.7472617 -0.6607417 0.07085567 -0.7498929 -0.6559537 0.08593922 -0.7609573 -0.6380966 0.1173749 -0.7570695 -0.6426249 0.1178095 -0.7543881 -0.6472506 0.1093863 -0.7533398 -0.6475975 0.1144411 -0.7653573 -0.6285369 0.1384546 -0.7676263 -0.6272982 0.1313275 -0.7747584 -0.6153418 0.1452717 -0.7741062 -0.6129211 0.1583903 -0.7819345 -0.6027336 0.1590301 -0.7795783 -0.6028067 0.1699466 -0.7801667 -0.6016945 0.1711832 -0.7771098 -0.602876 0.1806687 -0.7860986 -0.58645 0.1952572 -0.7886984 -0.5864073 0.1846114 -0.7874184 -0.5843262 0.1963036 -0.799274 -0.5707316 0.1882196 -0.7989119 -0.5686953 0.1957688 -0.8086504 -0.5604066 0.1789666 -0.811931 -0.559136 0.1677348 -0.8190658 -0.5554552 0.1435302 -0.8252115 -0.5541725 0.1091734 -0.8284 -0.5538972 0.08337539 -0.8253912 -0.5541633 0.1078543 -0.8131456 -0.5590987 0.1618734 -0.8015499 -0.5706108 0.1786649 -0.7825775 -0.6015845 0.1602139 -0.7911889 -0.5863133 0.1739453 -0.7705879 -0.6154811 0.1654613 -0.7641857 -0.6274444 0.1494456 -0.7583704 -0.6381767 0.1326841 -0.7534928 -0.6472624 0.1153267 -0.7532987 -0.6476421 0.1144587 0.9909383 4.5519e-5 -0.134318 0.9919636 -3.7373e-5 -0.1265233 0.9916959 9.48689e-6 -0.1286056 0.9942427 -1.42748e-6 -0.1071522 0.9917026 -3.6268e-6 -0.1285539 0.9960841 -2.72412e-6 -0.08841121 0.990162 2.12067e-6 -0.1399265 0.9907124 5.33211e-7 -0.1359747 0.991213 -5.5728e-7 -0.1322759 0.9916207 -1.56858e-5 -0.1291834 0.9885093 -8.59372e-5 -0.1511608 0.9893485 0 -0.1455663 0.9901498 0 -0.1400123 0.9885753 5.06043e-7 -0.1507279 0.5000049 -7.52852e-7 -0.8660226 0.5000064 -3.0427e-6 -0.8660218 0.3420023 0 -0.9396991 0.3419992 0 -0.9397003 0.1736518 0 -0.9848072 0.1736474 0 -0.984808 2.81864e-6 0 -1 -2.70437e-6 0 -1 -0.1736474 0 -0.984808 -0.1736519 0 -0.9848071 -0.3419987 0 -0.9397004 -0.3420023 0 -0.9396991 -0.4999693 -3.15191e-6 -0.8660432 -0.5000066 -6.83032e-7 -0.8660216 0.5000004 -7.89391e-5 -0.8660253 0.5000015 -7.92393e-5 -0.8660247 0.5000067 -2.7782e-5 -0.8660216 0.5000027 -8.27863e-5 -0.866024 0.5000002 -1.1238e-5 -0.8660253 -0.685948 -0.707066 0.1718519 -0.6858704 -0.7071201 0.1719391 -0.6862767 -0.707107 0.1703649 -0.6862729 -0.7071145 0.1703487 -0.6887601 -0.7070847 0.1601277 -0.688785 -0.7070629 0.1601173 -0.6914635 -0.7070684 0.1480966 -0.6914445 -0.7070916 0.1480742 -0.6939982 -0.7071298 0.1354033 -0.6941815 -0.706995 0.1351675 -0.6967735 -0.7069928 0.1211109 -0.6965995 -0.7071112 0.1214205 -0.699092 -0.7071127 0.1061236 -0.6991032 -0.7070948 0.1061681 -0.7016513 -0.7071115 0.08762943 -0.7023547 -0.7071259 0.08167594 -0.7036171 -0.7071189 0.07004272 -0.7046205 -0.7071528 0.05869245 -0.705107 -0.7071229 0.05292868 -0.7061969 -0.7071063 0.03586947 -0.7061994 -0.7071127 0.03569585 -0.7068222 -0.7071065 0.02007174 -0.7068238 -0.7071049 0.02007341 -0.7071893 -0.7070009 -0.00576049 -0.7070695 -0.7071208 -0.005740046 -0.706392 -0.7071072 -0.03177654 -0.7064013 -0.7070982 -0.03177344 -0.7053986 -0.7071121 -0.04904371 -0.704756 -0.7071174 -0.05748027 -0.7040657 -0.7070656 -0.06595277 -0.7035906 -0.7071208 -0.07028788 -0.7021276 -0.7071523 -0.08338093 -0.7021405 -0.7070986 -0.08372861 -0.7006992 -0.7071154 -0.0949136 -0.7001853 -0.7071327 -0.09850931 -0.6991717 -0.7071338 -0.1054552 -0.6982055 -0.7070685 -0.1120857 -0.6975735 -0.7071599 -0.1153959 -0.6960446 -0.7071068 -0.1245877 -0.6960548 -0.7070988 -0.1245758 -0.6954453 -0.7071058 -0.1278955 -0.6954516 -0.7070871 -0.1279646 -0.6943212 -0.7071279 -0.1337473 -0.6941543 -0.7070741 -0.134893 -0.6938539 -0.7071443 -0.1360652 -0.6940979 -0.7070705 -0.1352021 -0.6942535 -0.7071435 -0.1340161 -0.694339 -0.7071236 -0.133677 -0.6947274 -0.7071306 -0.1316064 -0.6943838 -0.7070845 -0.1336516 -0.695303 -0.7070952 -0.1287256 -0.6959924 -0.7071062 -0.1248816 -0.6939043 -0.7071206 -0.1359314 -0.6943506 -0.7071086 -0.1336966 -0.6954039 -0.7071176 -0.1280552 -0.6960328 -0.7071082 -0.1246453 -0.6976559 -0.7070692 -0.1154534 -0.699213 -0.7070923 -0.1054596 -0.7006844 -0.707124 -0.09495824 -0.7021368 -0.7071048 -0.08370727 -0.7035988 -0.7071156 -0.07025933 -0.7047799 -0.707097 -0.05743867 -0.7063913 -0.7071079 -0.03177851 -0.7070714 -0.7071188 -0.005754768 -0.7068215 -0.7071061 0.02011144 -0.7062091 -0.7070952 0.0358504 -0.7043043 -0.7071166 0.06278336 -0.7021338 -0.7071002 0.08377122 -0.6990942 -0.7070975 0.1062092 -0.6989743 -0.7070972 0.106997 -0.6966304 -0.7071029 0.1212918 -0.6965298 -0.7071025 0.1218703 -0.6940324 -0.7071056 0.1353538 -0.6939603 -0.7071051 0.135726 -0.6913711 -0.7071064 0.1483466 -0.6913362 -0.707106 0.1485111 -0.6887072 -0.7071298 0.1601556 -0.6862794 -0.7071064 0.1703562 -0.6858359 -0.7071236 0.1720619 -0.6862155 -0.7070146 0.1709929 -0.6867872 -0.7071042 0.1683062 -0.6864241 -0.7071216 0.1697086 0.4998476 -1.08202e-5 0.8661134 0.5000768 9.91732e-5 0.8659811 0.5000381 1.31174e-4 0.8660034 0.4999749 1.22391e-5 0.8660399 0.5000023 2.25198e-4 0.866024 0.500009 2.82103e-5 0.8660202 0.5000006 -3.73597e-5 0.8660251 0.4999982 -1.08581e-5 0.8660265 3.11695e-5 0 1 4.7721e-6 0 1 0.1736528 0 0.984807 0.1736574 0 0.9848061 0.3420152 0 0.9396944 0.3420193 0 0.939693 0 1 7.02737e-5 0 1 3.23876e-5 0 1 3.78773e-5 0 1 4.43102e-5 0 1 1.93002e-4 0 1 1.46179e-4 0 1 -1.85904e-4 0 1 -1.64488e-4 0 1 0 0 1 4.5794e-7 0 1 0 0 1 0 0 1 3.20117e-7 0 1 -3.3641e-7 0 1 0 0 1 -4.2993e-7 0 1 0 0 1 -4.76767e-7 0 1 0 0 1 0 0 1 0 0 1 -4.88431e-7 0 1 1.00287e-6 0 1 -5.81441e-7 0 1 9.73619e-7 0 1 0 0 1 5.42144e-7 0 1 0 0 1 3.95143e-6 0 1 7.14864e-7 0 1 1.31429e-6 0 1 3.28357e-6 0 1 9.76997e-6 0.7498946 -0.6559556 0.08590918 0.7472646 -0.6607366 0.07087177 0.7487528 -0.6572337 0.08609998 0.7470854 -0.6610248 0.07006889 0.7469454 -0.6612862 0.06908881 0.7468594 -0.6615006 0.06795555 0.7468197 -0.661684 0.06659221 0.7484136 -0.6571958 0.08927989 0.7541671 -0.6476623 0.10847 0.7532787 -0.6476709 0.1144282 0.7543936 -0.6472488 0.1093593 0.7535074 -0.6472417 0.115347 0.7584953 -0.6402162 0.1216883 0.7583958 -0.6381621 0.1326086 0.7668003 -0.6258729 0.14248 0.7642334 -0.6273944 0.1494109 0.7705892 -0.6154681 0.1655036 0.7759155 -0.6095989 0.1623098 0.777107 -0.602867 0.1807104 0.7795627 -0.6028278 0.1699432 0.7801647 -0.6016991 0.1711761 0.7825781 -0.601581 0.1602243 0.7911699 -0.5863338 0.1739622 0.7887699 -0.586315 0.1845992 0.801518 -0.570654 0.1786703 0.7993353 -0.5707117 0.1880197 0.8131372 -0.559126 0.1618209 0.8119423 -0.5591258 0.1677147 0.8253901 -0.5541616 0.1078711 0.825203 -0.55418 0.1092003 0.8284077 -0.5538889 0.08335489 0.7868579 -0.5852809 0.1957069 0.7900775 -0.579996 0.1984498 0.7942826 -0.5740802 0.1988646 0.7989119 -0.5686922 0.1957781 0.8086502 -0.5604026 0.1789798 0.8190628 -0.5554574 0.1435391 0.7819349 -0.6027355 0.1590212 0.7747729 -0.6153345 0.145226 0.7676073 -0.6273171 0.1313487 0.760973 -0.6380849 0.1173372 0.7552875 -0.6472145 0.1032193 0.7550321 -0.6476333 0.1024579 -0.4999989 5.86499e-5 -0.8660261 -0.5000003 7.73998e-5 -0.8660253 -0.49998 2.87061e-4 -0.8660369 -0.4999981 6.7793e-5 -0.8660266 -0.5 1.33989e-5 -0.8660254 0 -1 -2.48271e-7 0 -1 1.37506e-7 0 -1 0 0 -1 1.24735e-7 0 -1 -5.05503e-7 0 -1 -4.41395e-7 0 -1 -5.75214e-7 0 -1 3.36694e-7 0 -1 5.47471e-7 0 -1 0 0 -1 2.61441e-7 0 -1 0 0 -1 0 0 -1 -6.62034e-7 0 -1 -5.16672e-7 0 -1 2.77453e-7 0 -1 0 0 -1 1.70851e-7 0 -1 0 0 -1 1.90981e-7 0 -1 -2.52013e-7 0 -1 -1.97578e-7 0 -1 -2.11851e-7 0 -1 -8.68552e-7 0 -1 5.86981e-7 0 -1 4.36109e-7 0 -1 -4.25635e-7 0 -1 9.50624e-7 0 -1 2.49194e-6 0 -1 0 0 -1 -3.51838e-7 0 -1 0 0 -1 0 0 -1 0 0 -1 2.20872e-7 0 -1 1.38322e-6 0 -1 -2.00172e-7 0 -1 0 0 -1 -1.83059e-7 0 -1 5.8477e-7 0 -1 -3.06646e-7 0 -1 -1.24629e-7 0 -1 -2.61404e-7 0.7002052 0.7071286 0.09839713 0.7002059 0.7071279 0.09839701 0.7002173 0.7071156 0.09840434 0.7002217 0.7071056 0.09844332 -0.7002052 0.7071286 0.09839713 -0.7002268 0.7071064 0.09840303 -0.7002059 0.7071279 0.09839701 -0.700213 0.7071158 0.09843337 0.6214806 0.7070524 0.3374002 0.6215017 0.7070499 0.3373664 0.4638911 0.7070695 0.5337208 0.4638271 0.7070902 0.5337489 0.2476034 0.7070737 0.6623741 0.2476096 0.707076 0.6623692 9.90892e-6 0.707104 0.7071096 3.25739e-5 0.7071078 0.7071058 -1.85093e-5 0.7071046 0.707109 -2.88188e-5 0.7071075 0.7071061 -0.247619 0.7070773 0.6623644 -0.2476215 0.7070723 0.6623688 -0.4638919 0.7070869 0.5336971 -0.4638569 0.7070645 0.5337571 -0.6214759 0.7070438 0.3374267 -0.6214613 0.7070624 0.3374147 0 1 0 0 1 0 0 1 0 0 1 0 0 1 0 0 1 0 0 1 0 0 1 0 0 1 0 0 1 0 0 1 0 0 1 0 0 1 0 0 1 0 0 1 0 0 1 0 0 1 0 0 1 0 0 1 0 0 1 0 0 1 0 0 1 0 0 1 0 1.58288e-5 0 -1 1.40369e-5 0 -1 0.1356822 0 -0.9907525 0.1356822 0 -0.9907524 0.2694829 0 -0.9630052 0.3976763 -6.54929e-6 -0.9175258 0.397678 0 -0.9175251 0.2694829 0 -0.9630052 -0.3976779 6.57579e-7 -0.9175251 -0.3976562 1.14006e-5 -0.9175345 -0.2691674 0 -0.9630935 -0.2694829 0 -0.9630052 -0.1356822 0 -0.9907524 -1.58325e-5 0 -1 -1.40332e-5 0 -1 0 -1 0 0 -1 -8.14155e-7 0 -1 0 0 -1 0 0 -1 0 0 -1 0 0 -1 0 0 -1 0 0 -1 1.83313e-7 0 -1 0 0 -1 8.47358e-6 0 -1 8.44237e-7 0 -1 0 0 -1 0 0 -1 -1.12257e-6 0 -1 -2.09332e-6 0 -1 6.1763e-6 0 -1 6.3318e-7 0 -1 -9.74721e-7 0 -1 1.59069e-7 0.1838008 0 0.9829636 0.1838008 0 0.9829636 -1.20992e-6 0 1 1.20039e-6 0 1 -0.1838008 0 0.9829636 -0.1838008 0 0.9829636 -0.3612923 0 0.9324526 0.3612923 0 0.9324526 0.3612917 0 0.9324529 0.5263836 0 0.8502472 0.5263845 0 0.8502468 0.6736953 0 0.7390093 0.673696 0 0.7390087 0.7980042 0 0.602652 0.7980037 0 0.6026527 0.8951471 0 0.4457709 0.8951465 0 0.4457721 0.9618371 0 0.2736227 0.9618373 0 0.2736223 0.9957364 0 0.09224516 0.9957364 0 0.09224408 0.9957365 0 -0.09224462 0.9957363 0 -0.09224563 0.9618372 0 -0.2736228 0.961837 0 -0.2736232 0.8951472 0 -0.4457708 0.8951473 0 -0.4457704 0.7980042 0 -0.6026519 0.7980042 0 -0.602652 0.673696 0 -0.7390086 0.6736953 0 -0.7390093 0.5263845 0 -0.8502467 0.5263809 0 -0.8502489 0.3612974 0 -0.9324507 0.3612904 0 -0.9324533 0.1838046 0 -0.9829628 0.1838037 0 -0.982963 -2.94858e-6 0 -1 2.93667e-6 0 -1 -0.1838037 0 -0.982963 -0.1838046 0 -0.9829628 -0.3612905 0 -0.9324534 -0.3612974 0 -0.9324507 -0.526381 0 -0.8502489 -0.5263845 0 -0.8502468 -0.6736953 0 -0.7390093 -0.673696 0 -0.7390087 -0.7980042 0 -0.602652 -0.7980042 0 -0.602652 -0.8951475 0 -0.4457705 -0.8951472 0 -0.4457709 -0.961837 0 -0.2736232 -0.9618371 0 -0.2736228 -0.9957363 0 -0.09224563 -0.9957365 0 -0.09224462 -0.9957364 0 0.09224408 -0.9957364 0 0.09224516 -0.9618373 0 0.2736223 -0.9618371 0 0.2736227 -0.8951465 0 0.4457721 -0.8951471 0 0.4457709 -0.7980037 0 0.6026527 -0.7980042 0 0.602652 -0.673696 0 0.7390086 -0.6736953 0 0.7390093 -0.5263845 0 0.8502467 -0.5263836 0 0.8502473 -0.3612918 0 0.9324529 0 -1 0 0 -1 0 0 -1 0 0 -1 0 0 -1 -1.82331e-7 0 -1 2.75078e-7 0 -1 0 0 -1 0 0 -1 -2.71822e-7 0 -1 -1.45688e-7 0 -1 0 0 -1 2.64617e-7 0 -1 0 0 -1 -1.28512e-7 0 -1 -5.44913e-7 0 -1 0 0 -1 -2.55363e-7 0 -1 1.48886e-6 0 -1 -1.85289e-7 0 -1 6.13313e-7 0 -1 -4.73945e-7 0 -1 0 0 -1 -7.45171e-7 0 -1 0 0 -1 0 0 -1 -2.97745e-7 0 -1 0 0 -1 3.22957e-7 0 -1 5.77021e-7 0 -1 0 0 -1 2.41854e-7 0 -1 -2.83964e-7 0 -1 2.61745e-7 0 -1 0 0 -1 5.81917e-7 0 -1 0 0 -1 0 0 -1 -3.44087e-7 0 -1 7.17344e-7 0 -1 0 -0.4179871 3.78901e-4 0.9084529 -0.4118971 -2.9916e-4 0.9112304 -0.2571327 -6.68253e-7 0.9663762 -0.2520435 -1.40873e-4 0.9677159 -0.1296905 5.01042e-5 0.9915545 -0.08480834 -3.26447e-5 0.9963973 0 6.35316e-5 1 0.08480829 -3.26531e-5 0.9963973 0.1296905 5.01006e-5 0.9915545 0.2520435 -1.40864e-4 0.9677159 0.2571241 6.18196e-5 0.9663785 0.4118998 -1.39276e-5 0.9112291 0.4101902 9.50256e-6 0.912 0.5524064 2.66813e-4 0.8335749 0.5599637 -1.17168e-4 0.8285172 0.6801375 1.03719e-4 0.7330846 0.6919332 -8.42376e-5 0.7219616 0.7898736 4.16054e-5 0.6132699 0.8039966 -1.80379e-5 0.5946341 0.8787508 1.38455e-4 0.477281 0.8929256 -1.13917e-5 0.4502045 0.9444361 7.63694e-5 0.3286951 0.9561662 -2.34731e-5 0.2928248 0.9851943 1.39186e-6 0.1714416 0.9919002 -4.78951e-5 0.1270202 0.9983519 2.01636e-5 0.057388 0.999099 5.41308e-6 -0.04244053 0.9983608 4.17919e-5 -0.05723398 0.9851958 7.98231e-7 -0.1714333 0.9775553 -2.02991e-5 -0.210679 0.941588 6.79963e-5 -0.3367671 0.9278888 2.5012e-5 -0.3728573 0.8704485 3.66097e-5 -0.4922595 0.8515309 -1.21265e-4 -0.5243044 0.7738576 5.36923e-5 -0.6333597 0.7506729 2.08279e-5 -0.6606742 0.6546424 7.45524e-6 -0.7559387 0.6282172 -4.76612e-5 -0.778038 0.5162851 4.88796e-5 -0.8564168 0.4876949 -3.38804e-6 -0.8730142 0.3628319 1.04833e-4 -0.9318546 0.3331376 4.94977e-5 -0.9428783 0.1987688 6.88698e-5 -0.9800464 0.1690008 1.40653e-6 -0.985616 0.02889478 7.28199e-5 -0.9995825 0 6.37444e-6 -1 -0.141819 7.53987e-5 -0.9898927 -0.1690005 -4.38574e-5 -0.985616 -0.3083936 7.54752e-5 -0.9512588 -0.3331445 -5.26048e-5 -0.9428759 -0.4659473 6.63358e-5 -0.8848125 -0.487697 -5.00655e-5 -0.873013 -0.6098763 -3.76729e-5 -0.7924967 -0.6282152 -8.93925e-5 -0.7780396 -0.7359763 1.98918e-5 -0.6770073 -0.7506726 2.66981e-5 -0.6606743 -0.8405529 1.69649e-4 -0.5417295 -0.8515323 -7.87358e-5 -0.5243021 -0.9205576 9.98249e-5 -0.3906068 -0.9278907 -4.21238e-5 -0.3728523 -0.9736478 2.99867e-5 -0.228057 -0.9775556 -2.97693e-5 -0.2106773 -0.9982671 2.50475e-5 -0.05884617 -0.9990989 -5.498e-5 -0.04244422 -0.9936993 7.74284e-5 0.1120787 -0.9919016 -1.89862e-4 0.1270086 -0.960075 1.14009e-4 0.2797433 -0.9561694 5.14164e-5 0.2928143 -0.8983814 1.43218e-4 0.4392162 -0.8929234 -7.6939e-5 0.4502086 -0.8104262 2.24327e-4 0.5858407 -0.8039941 -5.08959e-4 0.5946372 -0.6987683 -8.8362e-5 0.7153481 -0.6919373 -9.72872e-5 0.7219576 -0.5666601 4.3978e-4 0.8239516 -0.559984 -3.71786e-4 0.8285033 0 1 0 0 1 0 0 1 0 0 1 -1.68488e-7 0 1 -2.00675e-6 0 1 -1.43951e-7 0 1 0 0 1 -1.74025e-6 0 1 -1.49655e-6 0 1 0 0 1 0 0 1 0 0 1 0 0 1 -1.39436e-6 0 1 -2.61e-7 0 1 2.75846e-7 0 1 2.92294e-6 0 1 -1.35674e-7 0 1 -2.95274e-6 0 1 -1.31148e-7 0 1 0 0 1 -7.5685e-7 0 1 0 0 1 -3.80922e-7 0 1 0 0 1 0 0 1 0 0 1 1.15332e-6 0 1 0 0 1 7.73239e-7 0 1 0 0 1 1.4211e-7 0 1 1.9196e-6 0 1 -1.384e-6 0 1 0 0 1 1.55503e-6 0 1 0 0 1 1.54237e-7 0 1 2.01355e-6 0 1 -1.61071e-7 0 1 -3.94188e-6 0 1 1.25275e-6 0 1 0 0 1 -3.11305e-6 0 1 0 0 1 1.55082e-6 0 1 0 0 1 -1.54681e-6 0 1 0 0 1 1.85872e-7 0 1 1.94429e-6 0 1 -1.4021e-6 0 1 0 0.2224931 0 -0.9749343 0.2224977 0 -0.9749332 -2.29119e-6 0 -1 2.33415e-6 0 -1 -0.2224977 0 -0.9749333 -0.2224932 0 -0.9749343 -0.4338569 0 -0.9009819 -0.4338495 0 -0.9009854 -0.623493 0 -0.7818289 -0.6234889 0 -0.7818322 -0.7818309 0 -0.6234906 -0.7818312 0 -0.6234903 -0.9009849 0 -0.4338505 -0.9009839 0 -0.4338527 -0.9749339 0 -0.2224949 -0.9749328 0 -0.2224998 -1 0 2.73033e-6 -1 0 -2.79239e-6 -0.9749328 0 0.2225 -0.9749342 0 0.2224936 -0.9009828 0 0.4338549 -0.9009863 0 0.4338476 -0.7818279 0 0.6234945 -0.781832 0 0.6234892 -0.6234905 0 0.781831 -0.6234913 0 0.7818303 -0.4338515 0 0.9009844 -0.4338524 0 0.900984 -0.2224931 0 0.9749343 -0.2225016 0 0.9749323 6.32464e-6 0 1 -6.37237e-6 0 1 0.2225015 0 0.9749323 0.2224932 0 0.9749343 0.4338526 0 0.9009839 0.4338515 0 0.9009845 0.6234914 0 0.7818304 0.6234904 0 0.7818312 0.781832 0 0.6234892 0.7818279 0 0.6234945 0.9009863 0 0.4338477 0.9009828 0 0.4338549 0.9749342 0 0.2224936 0.9749328 0 0.2224999 1 0 -2.73988e-6 1 0 2.78761e-6 0.9749328 0 -0.2225 0.9749339 0 -0.2224949 0.9009838 0 -0.4338527 0.900985 0 -0.4338504 0.7818312 0 -0.6234903 0.7818309 0 -0.6234906 0.623489 0 -0.7818321 0.6234929 0 -0.781829 0.4338496 0 -0.9009854 0.4338567 0 -0.9009819 0 -1 1.85993e-7 0 -1 0 0 -1 0 0 -1 0 0 -1 0 0 -1 -1.3157e-7 0 -1 0 0 -1 0 0 -1 0 0 -1 1.26366e-7 0 -1 2.49963e-7 0 -1 1.91262e-7 0 -1 0 0 -1 0 0 -1 0 0 -1 0 0 -1 4.24865e-7 0 -1 4.96513e-7 0 -1 2.16831e-7 0 -1 0 0 -1 0 0 -1 0 0 -1 0 0 -1 -1.42267e-7 0 -1 -1.60705e-7 0 -1 0 0 -1 0 0 -1 0 0 -1 -1.37909e-7 0 -1 0 0 -1 0 0 -1 0 0 -1 1.37838e-7 0 -1 1.79181e-7 0 -1 0 0 -1 0 0 -1 1.29653e-7 0 -1 1.31212e-7 0 -1 0 0 -1 0 0 -1 0 0 -1 0 0 -1 1.71111e-7 0 -1 0 0 -1 0 0 -1 0 0 -1 0 0 -1 2.26572e-7 0 -1 0 0 -1 0 0 -1 8.13776e-7 0 -1 1.81447e-7 0 -1 6.82201e-6 0 -1 -1.27031e-5 0 -1 9.16849e-7 0 -1 -4.41923e-7 0 -1 -1.20799e-6 0 -1 4.83264e-7 0 -1 -7.77766e-7 0 -1 4.93163e-7 0 -1 -3.96345e-7 0 -1 2.55174e-7 0 -1 0 0 -1 -1.48008e-7 0 -1 2.99157e-7 0 -1 -3.43961e-7 0 -1 4.33839e-7 0 -1 -4.19641e-7 0 -1 4.71877e-7 0 -1 -2.02173e-7 0 -1 -2.07792e-7 0 -1 -2.6943e-7 0 -1 5.37836e-7 0 -1 2.053e-7 0 -1 0 0 -1 5.19887e-7 0 -1 0 0 -1 4.15444e-7 0 -1 0 0 -1 0 0 -1 -3.77767e-7 0 -1 0 0 -1 -5.30521e-7 0 -1 1.09519e-6 0 -1 -3.34005e-7 0 -1 9.34681e-7 0 -1 0 0 -1 3.41055e-7 0 -1 0 0 -1 -2.74638e-7 0 -1 2.22794e-6 0 -1 0 0 -1 3.35582e-6 0 -1 3.28364e-7 0 -1 0 0 -1 -4.6029e-7 0 -1 6.26596e-7 0 -1 3.67037e-7 0 -1 1.58902e-7 0 -1 2.62778e-7 0 -1 -7.05233e-7 0 -1 -2.90058e-7 0 -1 -5.19518e-7 0 -1 -2.89233e-7 0 -1 -1.51867e-7 0 -1 -1.86191e-7 0 -1 0 0 -1 3.90278e-5 1 4.40897e-6 -1.1079e-5 0.9829736 1.76849e-5 -0.1837474 1 -9.00938e-7 -2.73809e-5 0.9825626 -3.74287e-6 -0.1859329 0.9324682 1.85801e-5 -0.361252 0.9308579 -3.80608e-6 -0.3653816 0.850213 -4.22682e-5 -0.5264388 0.8466693 1.54271e-6 -0.5321197 0.7390033 -5.81349e-7 -0.6737018 0.7329689 -2.85072e-7 -0.6802622 0.6026304 1.82074e-7 -0.7980204 0.5937119 1.31305e-6 -0.8046777 0.4457634 7.133e-6 -0.8951508 0.4337078 -3.09839e-6 -0.9010537 0.2736796 7.04406e-6 -0.961821 0.2586172 -2.05915e-6 -0.96598 0.09228134 1.47189e-5 -0.995733 0.1896502 0 -0.9818517 0.06355804 -8.96965e-7 -0.9979782 -0.09226495 -3.33716e-6 -0.9957346 -0.06360965 1.57852e-5 -0.9979749 -0.1896502 1.15848e-6 -0.9818517 -0.2586178 -1.98837e-6 -0.9659797 -0.2158628 -9.66131e-7 -0.9764237 -0.238214 6.95698e-7 -0.9712128 -0.2532499 3.07569e-7 -0.9674009 -0.2586293 0 -0.9659767 -0.2736808 6.3628e-6 -0.9618206 -0.4337082 -2.50828e-6 -0.9010534 -0.445764 7.7961e-6 -0.8951507 -0.5937122 1.21782e-6 -0.8046775 -0.6026307 0 -0.7980203 -0.7329695 -3.51138e-7 -0.6802615 -0.7390039 -3.10247e-7 -0.6737012 -0.8466692 1.10178e-6 -0.5321198 -0.850213 0 -0.526439 -0.9308401 8.80472e-6 -0.365427 -0.9324683 1.2009e-7 -0.361252 -0.9825542 1.85183e-5 -0.1859764 -0.9829736 0 -0.1837471 -1 -1.11421e-6 -2.73237e-5 -1 4.42988e-6 -1.1079e-5 0.2158625 -6.46338e-7 -0.9764238 0.2382136 4.54718e-7 -0.9712129 0.2532515 0 -0.9674006 0.2586293 0 -0.9659767 0.3803877 0 0.9248272 0.3803739 0 0.9248329 0.7363287 0 0.676624 0.7363229 0 0.6766304 0.9534771 0 0.3014655 0.953583 0 0.3011305 0.9914466 0 -0.1305136 0.99145 0 -0.1304878 0.991446 0 -0.1305177 0.9914456 3.48475e-6 -0.1305217 0.5734016 0 0.8192745 0.8273909 0 0.5616265 0.5734221 0 0.8192601 0.8273872 0 0.5616319 0.9730527 0 0.2305833 0.9730525 0 0.230584 -0.04363352 0 -0.9990476 -0.395984 0 -0.9182575 -0.0436654 -3.46288e-6 -0.9990463 -0.3959798 0 -0.9182593 -0.6968691 0 -0.7171984 -0.6968694 0 -0.717198 -0.9063943 0 -0.4224328 -0.9063851 0 -0.4224526 0.7444989 0 0.6676237 0.7444984 0 0.6676243 0.8766058 0 0.4812095 0.8766082 0 0.4812048 0.9630084 0 0.2694717 0.9630097 0 0.2694669 0.9990472 0 0.04364538 0.9990473 0 0.04364067 0.9828685 0 -0.1843087 0.9828677 0 -0.1843132 0.9153374 0 -0.4026879 0.9153357 0 -0.4026916 0.8000113 0 -0.599985 0.8000086 0 -0.5999886 0.6427758 0 -0.7660544 0.6427721 0 -0.7660576 0.4519901 0 -0.892023 0.4519858 0 -0.8920252 0.2376437 0 -0.9713524 0.2376392 0 -0.9713535 0.01082372 0 -0.9999414 0.01081901 0 -0.9999415 -0.2165148 0 -0.9762793 -0.2165194 0 -0.9762783 -0.4326601 0 -0.9015572 -0.4326644 0 -0.9015551 -0.6261143 0 -0.7797314 -0.6261182 0 -0.7797282 -0.786804 0 -0.6172029 -0.7868042 0 -0.6172029 -0.04365801 0 -0.9990466 -0.04363232 0 -0.9990477 -0.4623079 0 -0.8867196 -0.4622989 0 -0.8867242 -0.7942118 0 -0.6076411 -0.7942057 0 -0.607649 -0.9768345 0 -0.2139959 -0.9768316 0 -0.2140094 0.1716573 0 0.9851568 0.1716559 0 0.985157 -0.04512637 0 0.9989813 -0.04512792 0 0.9989812 -0.2597456 0 0.9656771 -0.2597474 0 0.9656767 -0.4621818 0 0.8867853 -0.4621834 0 0.8867844 -0.642765 0 0.7660634 -0.6427661 0 0.7660625 -0.7930217 0 0.6091933 -0.7930226 0 0.6091921 -0.9059189 0 0.4234513 -0.9059196 0 0.4234498 -0.9759806 0 0.2178573 -0.975981 0 0.2178557 -0.9999979 0 0.002046227 -0.9999979 0 0.002044439 0 -1 1.83498e-7 0 -1 2.93095e-6 0 -1 8.52735e-7 0 -1 1.93669e-6 0 -1 1.79373e-7 0 -1 -8.93235e-7 0 -1 0 0 -1 6.54192e-7 0 -1 -2.55808e-6 0 -1 -5.84085e-7 0 -1 -2.88768e-6 0 -1 0 0 -1 -2.46871e-6 0 -1 1.70707e-6 0 -1 1.57277e-7 0 -1 -1.93014e-6 0 -1 0 0 -1 7.40708e-7 0 -1 -3.6457e-7 0 -1 0 0 -1 0 0 -1 2.70075e-7 0 -1 0 0 -1 0 0 -1 -1.37027e-6 0 -1 -1.03147e-6 0 -1 -1.10579e-5 0 -1 -3.7313e-6 0 -1 4.3036e-7 0 -1 0 0 -1 7.51571e-7 0 -1 -3.05656e-6 0 -1 -3.29067e-7 0 -1 -2.78363e-6 0 -1 -2.29282e-6 0 -1 8.01029e-6 0.2225362 0 0.9749245 0.2225346 0 0.9749248 6.63464e-7 0 1 -6.63464e-7 0 1 -0.2225346 0 0.9749248 -0.2225362 0 0.9749245 -0.433879 0 0.9009713 -0.4338805 0 0.9009705 -0.6234397 0 0.7818714 -0.6234409 0 0.7818705 -0.7818707 0 0.6234408 -0.7818714 0 0.6234397 -0.9009706 0 0.4338803 -0.9009712 0 0.4338791 -0.9749245 0 0.2225362 -0.9749248 0 0.2225349 -1 0 6.63464e-7 -1 0 -6.63464e-7 -0.9749248 0 -0.2225349 -0.9749245 0 -0.2225362 -0.9009712 0 -0.4338791 -0.9009706 0 -0.4338803 -0.7818714 0 -0.6234397 -0.7818707 0 -0.6234408 -0.6234409 0 -0.7818705 -0.6234397 0 -0.7818714 -0.4338805 0 -0.9009705 -0.433879 0 -0.9009713 -0.2225362 0 -0.9749245 -0.2225346 0 -0.9749248 -6.63464e-7 0 -1 6.63464e-7 0 -1 0.2225346 0 -0.9749248 0.2225362 0 -0.9749245 0.433879 0 -0.9009713 0.4338805 0 -0.9009705 0.6234397 0 -0.7818714 0.6234409 0 -0.7818705 0.7818707 0 -0.6234408 0.7818714 0 -0.6234397 0.9009706 0 -0.4338803 0.9009712 0 -0.4338791 0.9749245 0 -0.2225362 0.9749248 0 -0.2225349 1 0 -6.63464e-7 1 0 6.63464e-7 0.9749248 0 0.2225349 0.9749245 0 0.2225362 0.9009712 0 0.4338791 0.9009706 0 0.4338803 0.7818714 0 0.6234397 0.7818707 0 0.6234408 0.6234409 0 0.7818705 0.6234397 0 0.7818714 0.4338805 0 0.9009705 0.433879 0 0.9009713 0.9885771 0.1507162 4.45498e-5 0.9743607 0.2249919 2.24482e-5 0.9725622 0.2160452 0.08629846 0.9741793 0.2249564 0.01922082 0.9729634 0.2250408 0.05195093 0.9672837 0.2257422 0.1157704 0.9648265 0.2177362 0.1473123 0.978299 0.1494798 0.1434822 0.9681223 0.1571465 0.1950496 0.9780473 0.08468645 0.1903992 0.9775595 0.09122508 0.1898829 0.9819703 0.02279978 0.1876555 0.9850903 0.02487176 0.1702308 0.9834634 -3.38797e-5 0.1811068 0.9854313 8.73301e-6 0.1700744 0.9875062 3.12664e-5 0.15758 0.9878797 0.02672886 0.1529029 0.989416 6.58957e-6 0.1451079 0.9903601 0.02841591 0.135571 0.9911703 5.43427e-6 0.1325955 0.9925575 0.02991384 0.1180463 0.9927778 -3.77744e-6 0.1199684 0.9930163 -9.13665e-4 0.1179744 0.993377 -0.008677303 0.1145733 0.9945237 0.03112637 0.09976929 0.9934687 -0.02421069 0.1115077 0.9929509 -0.04666209 0.1089545 0.993035 -0.06261366 0.09980434 0.9914333 -0.07486337 0.1070302 0.9827511 -0.1535956 0.102999 0.9828406 -0.1549994 0.09999763 0.9676512 -0.2321926 0.09868031 0.9842888 -0.1574351 0.07993632 0.9649502 -0.2503489 0.07871806 0.966854 -0.2491198 0.05596989 0.9464255 -0.3184713 0.05343037 0.9685477 -0.2462223 0.03591662 0.9485569 -0.314835 0.03345125 0.95011 -0.3113023 0.01953977 0.9238567 -0.3815266 0.03043264 0.928243 -0.3719469 0.004543423 0.9534276 -0.3016216 -5.80447e-4 0.9386603 -0.3438445 -0.02623099 0.9585995 -0.2841482 -0.01862269 0.9642564 -0.2627868 -0.03395479 0.978435 -0.204989 -0.02538859 0.9704788 -0.2358798 -0.05031603 0.9821475 -0.183876 -0.03969925 0.9763261 -0.2050182 -0.06895661 0.9855447 -0.1597238 -0.05647987 0.9803121 -0.1775862 -0.08632183 0.9877222 -0.1382997 -0.07265055 0.9831238 -0.1505672 -0.1039091 0.9890527 -0.1173208 -0.08950209 0.9845138 -0.1256234 -0.1222764 0.9893523 -0.09784168 -0.1077457 0.9847943 -0.1084538 -0.1357133 0.988969 -0.08439314 -0.1217298 0.984819 -0.09653031 -0.144269 0.9884894 -0.07518994 -0.1312834 0.9849151 -0.08678841 -0.1497005 0.9881017 -0.06744629 -0.1382254 0.9861679 -0.07662725 -0.1469736 0.9885744 -0.05962657 -0.1384392 0.9894834 -0.07060527 -0.1262441 0.9911192 -0.05489569 -0.1211166 0.9966525 -0.0817548 -1.16787e-6 0.9996278 -0.02728372 -1.36073e-4 0.9926056 -0.03433853 -0.1164267 0.9934019 -0.01373845 -0.1138599 0.9919027 -0.01493626 -0.1261196 0.9920699 0.00747615 -0.1254655 0.9926241 0.0086084 -0.120927 0.9915691 0.03386563 -0.1250764 0.9924938 0.03766942 -0.1163494 0.9892138 0.07010877 -0.128611 0.9898006 0.07853978 -0.1188544 0.9835796 0.1142792 -0.1396835 0.9830985 0.1324364 -0.1264041 0.9791536 0.1438705 -0.1433861 0.9786575 0.152213 -0.1380606 0.9813941 0.1587473 -0.1080048 0.9781774 0.1871709 -0.09019899 0.9902666 0.1090463 -0.08649373 0.989228 0.1286383 -0.06985837 0.9955968 0.0588566 -0.07295882 0.9959655 0.0693649 -0.05693233 0.9975949 0.01471453 -0.06773501 0.998493 0.01740026 -0.05204695 0.9971984 -0.02947229 -0.06875199 0.9979899 -0.03466486 -0.0530532 0.99439 -0.07350718 -0.07606172 0.9944357 -0.08662813 -0.05994373 0.9654273 0.2333523 0.116177 0.9635017 0.2409642 0.1166228 0.9615209 0.2485561 0.1170365 0.9431072 0.2612865 0.205617 0.9520866 0.2289931 0.2027148 0.9659337 0.1692085 0.1958078 0.9799618 0.09946918 0.1725715 0.9821432 0.1067531 0.1549149 0.9380313 0.273566 0.2127416 0.9471128 0.2465488 0.2054048 0.966466 0.1844686 0.1786473 0.9670901 0.1977685 0.1600762 0.9840233 0.1135204 0.1371541 0.9343879 0.2888472 0.2085341 0.9447019 0.2685176 0.1882463 0.9428606 0.2875731 0.1682733 0.9674242 0.2100859 0.1412597 0.9856925 0.1192964 0.1190751 0.9312465 0.3084139 0.1940641 0.9310322 0.30989 0.1927366 0.9255214 0.343281 0.1599017 0.9408144 0.3052112 0.1473579 0.9208984 0.3682159 0.1279186 0.939052 0.3200177 0.1255792 0.9207915 0.3687801 0.1270605 0.9378303 0.3321228 0.1008417 0.9181311 0.3866819 0.08667516 0.9383279 0.3370628 0.07700282 0.921121 0.3860308 0.05016344 0.9406037 0.3353961 0.05267071 0.9238627 0.3815129 0.03042739 0.9428825 0.3315125 0.03274458 0.9445409 0.3278536 0.01882982 0.9737454 0.2264975 0.02278208 0.9756535 0.2192763 0.004275143 0.9928988 0.1186793 0.008203327 0.9784368 0.2062537 -0.01099413 0.993743 0.1115832 -0.004931628 0.9813779 0.1906365 -0.02356606 0.9945635 0.1029804 -0.01545101 0.9953531 0.0922904 -0.02747243 0.9994527 0.023126 -0.02365285 0.9990873 0.02013534 -0.03767079 0.9984536 -0.04010945 -0.03849303 0.929166 0.3696622 6.10367e-4 0.9481805 0.3177278 -0.001703619 0.953917 0.2993729 -0.02044975 0.9601992 0.2769369 -0.03638136 0.9845539 0.1710045 -0.03756779 0.995892 0.08015727 -0.04211831 0.9385209 0.34425 -0.02589535 0.938655 0.3438583 -0.02623933 0.9512979 0.3038249 -0.0521807 0.9671314 0.2486276 -0.05330276 0.9874426 0.1485058 -0.05388021 0.9651328 0.2483333 -0.08275997 0.973667 0.2161349 -0.07251441 0.9837443 0.101758 -0.1479611 0.9824702 0.09521925 -0.1602675 0.9840043 0.09134906 -0.1529412 0.9854668 0.08078569 -0.1494288 0.9890686 0.05543172 -0.1366403 0.9890164 0.07446926 -0.1276754 0.9914523 0.05101728 -0.1200817 0.996652 0.08176106 -3.66364e-6 0.9996277 0.02728438 -1.07772e-4 0.9891453 0.08401125 -0.1205564 0.9935152 0.006871163 -0.1134917 0.9929478 0.02747565 -0.1153249 0.9912487 0.02990359 -0.1285756 0.9887421 0.06274205 -0.135841 0.9875662 -0.08520531 -0.1321096 0.9832455 -0.09248608 -0.1570817 0.9805988 -0.1123618 -0.1606263 0.9799695 -0.1263565 -0.1539284 0.979211 -0.1427813 -0.1440817 0.9786549 -0.1522151 -0.1380769 0.9763071 -0.178937 -0.1216799 0.9724842 -0.2077668 -0.1053925 0.9651325 -0.2483343 -0.0827614 0.9544942 -0.2924349 -0.0585035 0.9505044 -0.306564 -0.05059432 0.9211173 -0.3860588 0.05001801 0.9186615 -0.3882709 0.07284814 0.9442269 -0.3200672 0.07741171 0.9181596 -0.3863643 0.0877828 0.9460953 -0.3100434 0.09368509 0.9820912 3.20403e-5 0.1884064 0.9818179 0.02119266 0.1886385 0.9866791 0.08064007 0.1412851 0.9853139 0.1483671 0.08452129 0.9825667 2.50284e-5 0.1859107 0.9898847 0.02017343 0.1404323 0.9932897 0.0800386 0.08348315 0.9910776 1.59908e-5 0.1332867 0.9963382 0.02001881 0.0831229 0.9971402 0.07557523 3.41128e-5 0.9969932 1.49859e-5 0.07748913 1 1.10343e-5 7.98837e-5 0.9677643 0.2204613 0.121775 0.9872202 0.1241788 0.09988027 0.9962654 0.03148913 0.08039671 0.9947757 -0.06318986 0.0801773 0.9962109 -0.06291145 0.06005001 0.9858996 -0.1567038 0.05870175 0.9972825 -0.06215882 0.03954946 0.9871894 -0.1548833 0.03832054 0.987906 -0.1530931 0.02457988 0.9696651 -0.2434305 0.02216559 0.9718045 -0.2357622 0.003485321 0.9681596 0.2293472 0.1003344 0.9887617 0.126171 0.0801953 0.9903224 0.1255775 0.05909246 0.997699 0.03137779 0.06010198 0.9915136 0.1240822 0.0387876 0.9987264 0.03109514 0.03973191 0.9991868 0.03076034 0.02606976 0.9977744 -0.06142723 0.02594131 0.9981947 -0.05930465 0.00951308 0.9890121 -0.1476493 0.007402896 0.990226 -0.13933 -0.006285071 0.9749951 -0.2218853 -0.0123158 0.9915397 -0.1286401 -0.01734566 0.9693565 0.2326146 0.07898437 0.9711037 0.2318677 0.0565254 0.9727191 0.2291006 0.03647541 0.9921298 0.1226484 0.02521628 0.9995108 0.02968192 0.009855329 0.9984336 -0.05587172 -0.002971708 0.9985855 -0.0515545 -0.01300686 0.9928846 -0.1152976 -0.02977484 0.9996074 0.02790307 -0.00255686 0.9995846 0.02583062 -0.01279062 0.9986346 -0.04616564 -0.02444589 0.9939708 -0.100049 -0.04486167 0.9903149 0.09111845 -0.1047561 0.9946311 0.04914492 -0.09107124 0.9934922 0.04238617 -0.1057197 0.9962334 0.01225614 -0.08584165 0.9948594 0.01054477 -0.100716 0.9936946 0.009652793 -0.1117048 0.9959182 -0.02453869 -0.08686244 0.9945983 -0.02113199 -0.1016255 0.9934614 -0.0186823 -0.1126303 0.9924162 -0.01687139 -0.1217608 0.9936644 -0.0613144 -0.09419023 0.9926504 -0.0529716 -0.108809 0.9917804 -0.04669058 -0.1191291 0.9909324 -0.04224979 -0.1275466 0.9907536 -0.03732097 -0.13044 0.9699255 0.2249716 -0.0929104 0.9750723 0.1662262 -0.1469802 0.9643778 0.2249915 -0.1391201 0.9391019 0.2477643 -0.2381187 0.9586078 0.24783 -0.1401833 0.9732525 0.2249804 -0.04651224 0.9853883 0.08342152 -0.1484954 0.9888303 3.27714e-5 -0.1490463 0.9522544 0.0832687 -0.293731 0.9555726 1.18874e-5 -0.294756 0.8978457 0.08326268 -0.4323661 0.900968 2.26349e-5 -0.4338856 0.8233612 0.08325779 -0.5613776 0.8262389 7.31647e-6 -0.5633199 0.7304946 0.08323222 -0.6778275 0.7330517 9.31695e-6 -0.680173 0.6213521 0.08324581 -0.7790967 0.6234902 1.9297e-6 -0.7818313 0.4982439 0.0832321 -0.8630328 0.5000014 2.45199e-5 -0.8660247 0.364058 0.08359026 -0.9276177 0.3653416 -2.24262e-6 -0.9308736 0.2217622 0.08325785 -0.9715399 0.2225194 2.58014e-5 -0.9749283 0.07448858 0.08327436 -0.9937389 0.07473039 2.63229e-5 -0.9972038 -0.0744872 0.08327424 -0.9937389 -0.07472842 3.61726e-6 -0.997204 -0.2225197 2.58051e-5 -0.9749282 -0.2217566 0.08325517 -0.9715414 -0.3653429 -5.85243e-6 -0.9308731 -0.3640733 0.08324688 -0.9276425 -0.5000018 1.9379e-5 -0.8660244 -0.4983351 0.08326905 -0.8629766 -0.6234908 1.2055e-5 -0.7818308 -0.6215398 0.08326053 -0.7789455 -0.7330512 1.25058e-5 -0.6801735 -0.730401 0.08365333 -0.6778764 -0.8262389 7.29784e-6 -0.5633199 -0.823357 0.08360427 -0.5613322 -0.9009698 2.26758e-5 -0.433882 -0.8978457 0.08326274 -0.4323662 -0.9555726 1.19284e-5 -0.2947561 -0.9522544 0.08326864 -0.293731 -0.9888311 -7.26432e-7 -0.1490408 -0.9853949 0.08327972 -0.1485307 -0.9965175 0.08338427 6.20515e-5 -0.9860943 0.1661868 4.12287e-5 -1 2.24412e-5 7.42327e-5 -0.9688016 0.247838 5.07716e-7 -0.9637668 0.2477624 -0.09882992 -0.9750785 0.1662007 -0.1469674 -0.9422715 0.1662749 -0.2906494 -0.888433 0.1662382 -0.4278455 -0.814741 0.166249 -0.5554804 -0.7228524 0.1662423 -0.670707 -0.615541 0.1662307 -0.7703744 -0.4930415 0.1662606 -0.8539716 -0.3602564 0.166256 -0.9179185 -0.2194277 0.1662148 -0.9613658 -0.07369059 0.1662158 -0.9833322 0.07368892 0.1662639 -0.9833241 -0.9484006 0.2477391 -0.1978931 -0.9228818 0.247748 -0.2948056 -0.8875396 0.2478461 -0.3883886 -0.8428158 0.2478162 -0.4777538 -0.7901927 0.2478041 -0.5605254 -0.7321642 0.2478443 -0.6344359 -0.670035 0.2478916 -0.6997164 -0.6050953 0.2479235 -0.7565671 -0.537689 0.2478543 -0.80589 -0.4664308 0.247808 -0.849137 -0.391631 0.2477769 -0.8861331 -0.313985 0.2478398 -0.9165091 -0.2341098 0.2478168 -0.9400955 -0.1526151 0.2478066 -0.9567135 -0.06996136 0.2478125 -0.9662787 0.01320469 0.2478462 -0.9687094 0.0962429 0.2478919 -0.9639953 0.1786882 0.2479009 -0.9521637 0.219424 0.1662632 -0.9613583 0.2599239 0.2478426 -0.9332812 0.3602567 0.1662364 -0.917922 0.3392932 0.2478205 -0.9074499 0.416058 0.2478303 -0.8749148 0.4930408 0.1662614 -0.8539719 0.4898787 0.2478976 -0.8358024 0.5622953 0.247858 -0.7889173 0.6148208 0.1662012 -0.7709556 0.6331023 0.2478231 -0.7333247 0.7228525 0.1662184 -0.6707129 0.7010643 0.2477875 -0.668663 0.7649437 0.2477873 -0.5945271 0.8147421 0.1662415 -0.5554811 0.8219823 0.2478324 -0.5127614 0.8884297 0.1662586 -0.4278445 0.870397 0.2477456 -0.4254776 0.9096137 0.2477387 -0.3335095 0.9422758 0.1662439 -0.2906534 0.9606094 0.2402012 -0.1397606 0.9625121 0.2326593 -0.1394284 0 1 0 0 1 0 0 1 0 0 1 1.39278e-7 0 1 0 0 1 0 0 1 1.47795e-7 0 1 1.76992e-7 4.45267e-6 0 1 6.6502e-7 0 1 -2.16797e-6 0 1 1.63344e-6 0 1 -1.65833e-6 0 1 2.72164e-6 0 1 3.23185e-6 0 1 4.90089e-6 0 1 0 1 0 0 1 0 0 1 -3.3723e-7 0 1 0 0 1 0 0 1 0 0 1 0 0 1 0 0 1 0 0 1 0 0 1 0 0 1 -1.00415e-6 0 1 0 0 1 0 0 1 0 0 1 0 0 1 0 0 1 0 0 1 0 0 1 0 0 1 0 0 1 0 0 1 0 0 1 0 0 1 0 0 1 0 0 1 0 0 1 0 0 1 0 0 1 0 0 1 0 0 1 0 0 1 0 0 1 0 0 1 0 0 1 0 0 1 0 0 1 0 0 1 0 0 1 0 0 1 0 0 1 0 0 1 0 0 1 0 0 1 0 0 1 0 0 1 0 0 1 0 0 1 0 0 1 0 0 1 0 0 1 0 0 1 0 0 1 0 0 1 0 0 1 -5.43712e-7 0 1 0 0 1 0 0 1 0 0 1 0 0 1 0 0 1 0 0 1 1.40951e-7 0 1 0 0 1 0 0 1 0 0 1 0 0 1 0 0 1 0 0 1 0 0 1 0 0 1 0 0 1 0 0 1 0 0 1 0 0 1 0 0 1 0 0 1 0 0 1 0 0 1 0 0 1 0 0 1 0 0 1 0 0 1 0 0 1 0 0 1 0 0 1 0 0 1 0 0 1 0 0 1 0 0 1 0 0 1 0 0 1 0 0 1 0 0 1 0 0 1 0 0 1 0 0 1 0 0 1 0 0 1 0 0 1 0 0 1 0 0 1 0 0 1 0 0 1 0 0 1 0 0 1 1.41425e-7 0 1 0 0 1 0 0 1 0 0 1 0 0 1 0 0 1 0 0 1 -5.43174e-7 0 1 0 0 1 0 0 1 0 0 1 0 0 1 0 0 1 0 0 1 0 0 1 0 0 1 0 0 1 0 0 1 0 0 1 0 0 1 0 0 1 0 0 1 -3.44678e-7 0 1 0 0 1 0 0 1 0 0 1 0 0 1 0 0 1 0 0 1 0 0 1 0 0 1 0 0 1 0 0 1 0 0 1 0 0 0 -1 -1.37054e-6 0 -1 -1.61315e-6 0 -1 -1.99405e-6 0 -1 1 0 -4.42937e-5 1 0 0 1 0 0 1 0 0 1 0 -5.98282e-6 1 0 0 1 0 0 0 1 0 0 1 0 0 1 -2.79226e-7 0 1 -1.46849e-7 -1 0 0 -1 0 0 -1 0 0 -1 0 -3.51667e-6 -1 0 -5.21168e-6 -0.9110651 0.4122627 6.97743e-6 -0.9110614 0.412271 2.43335e-5 -0.9060097 0.4134405 -0.09062778 -0.9050018 0.4132651 -0.1009154 -0.8970184 0.4180532 -0.1434909 -0.8936205 0.4200567 -0.1580981 -0.8912221 0.4251559 -0.158006 -0.888225 0.4270131 -0.1694586 -0.885415 0.4359625 -0.1611745 -0.8828055 0.4367017 -0.1730498 -0.8792663 0.4498987 -0.1564677 -0.8768614 0.449793 -0.1697066 -0.872422 0.4664887 -0.1458359 -0.8698635 0.4666056 -0.1600529 -0.8697354 0.4727916 -0.1415221 -0.8668242 0.4738438 -0.1552035 -0.8693255 0.4737824 -0.1407253 -0.8626293 0.4887697 -0.130288 -0.8724173 0.4735671 -0.1209234 -0.8617103 0.4964245 -0.1049673 -0.854974 0.504733 -0.1194318 -0.8490652 0.5207172 -0.08911806 -0.8466398 0.5209747 -0.1085667 -0.8284238 0.5533993 -0.08639103 -0.8386307 0.5325405 -0.114451 -0.826941 0.5534657 -0.09921836 -0.8588028 0.4920272 -0.1427136 -0.849338 0.5118193 -0.1290966 -0.8263967 0.5544107 -0.09847557 -0.8278589 0.5543542 -0.08568131 -0.8296324 0.5541485 -0.0680415 -0.8165547 0.5726487 -0.07288259 -0.8121368 0.581193 -0.05146467 -0.7947677 0.604868 -0.04979097 -0.7955608 0.6047514 -0.03686076 -0.7770204 0.6291725 -0.01952821 -0.7766851 0.6292369 -0.02865731 -0.7711386 0.63633 -0.02072703 -0.7761722 0.6295546 -0.03489881 -0.7682927 0.639737 -0.0215196 -0.8134177 0.5758236 -0.08233493 -0.8002727 0.5959138 -0.06671154 -0.7876925 0.6139481 -0.05107367 -0.7763988 0.629251 -0.03532892 -0.7618991 0.647648 -0.007866442 -0.7628791 0.6465404 -0.001156687 -0.7580824 0.6521359 0.005487978 -0.7571196 0.6532461 0.006289124 -0.7534307 0.6571722 0.02161431 -0.7533959 0.6571602 0.02313411 -0.7498938 0.6604535 0.03821641 -0.7498221 0.6604614 0.03946655 -0.7482792 0.661606 0.04853767 -0.7497265 0.6604659 0.04117119 -0.7469859 0.6616368 0.06518208 -0.7472441 0.660759 0.07087987 -0.7491697 0.6571688 0.08290934 -0.7502731 0.6544308 0.09386557 -0.7550271 0.6476299 0.1025169 -0.7540305 0.6476617 0.1094192 -0.7542639 0.647249 0.110248 -0.753277 0.6476708 0.1144393 -0.7535015 0.6472489 0.1153446 -0.7473738 0.6620568 0.05579745 -0.7469363 0.6607148 0.07444584 -0.7490655 0.6557883 0.0940355 -0.7590863 0.6388431 0.1251707 -0.7586569 0.6376565 0.1335446 -0.7648209 0.6288893 0.1398113 -0.764615 0.6266562 0.1505528 -0.7738595 0.6128619 0.1598185 -0.7709037 0.6148623 0.1662888 -0.7771117 0.6028663 0.1806926 -0.786099 0.5864492 0.1952582 -0.7797882 0.601704 0.1728662 -0.7791957 0.6028376 0.171584 -0.7819415 0.6027178 0.159056 -0.7733137 0.6178039 0.1424934 -0.7883089 0.5864149 0.1862441 -0.7919533 0.5772291 0.1990393 -0.796213 0.5742393 0.1905107 -0.7984619 0.5691803 0.1961948 -0.8052942 0.5641363 0.18235 -0.8133527 0.557697 0.1656246 -0.8152486 0.5571669 0.1579075 -0.8211549 0.554862 0.1335394 -0.8253984 0.5541321 0.1079592 -0.827411 0.5539284 0.09249037 -0.8324334 0.5541252 -6.98171e-6 -0.832446 0.5541064 2.7211e-5 -0.8255802 0.5541316 0.1065624 -0.8135376 0.5588185 0.1608682 -0.8061319 0.5653215 0.1748231 -0.7986811 0.5744475 0.1792165 -0.7919317 0.58516 0.174448 -0.7648231 0.6318387 0.1257988 -0.7532992 0.6571845 0.02547395 -0.8728654 0.472554 -0.12165 -0.8759599 0.4653895 -0.1269131 -0.8818489 0.4511039 -0.1372873 -0.8869025 0.4389486 -0.1439729 -0.8900761 0.431822 -0.1459254 -0.8956019 0.4213145 -0.1427975 -0.9016463 0.415185 -0.1210593 0.8220118 0.5541474 -0.1312147 0.8231613 0.5541254 -0.1238979 0.8213844 0.5541178 -0.1352086 0.8112704 0.5540893 -0.1866157 0.7900128 0.554079 -0.2624429 0.7937552 0.5540809 -0.2508925 0.7712683 0.5541048 -0.3132302 0.7815758 0.5540567 -0.2866365 0.7480912 0.5541083 -0.3651349 0.8226199 0.554112 -0.1275016 0.8236705 0.5541194 -0.1204934 0.8067867 0.5540891 -0.2051357 0.7438798 0.5541347 -0.373601 0.7063891 0.5541121 -0.4404251 0.7113786 0.5540967 -0.4323393 0.6740274 0.5541185 -0.4885077 0.6692981 0.5541353 -0.4949487 0.6327389 0.554109 -0.5409296 0.5831005 0.5540959 -0.594114 0.5876985 0.5540772 -0.5895838 0.538881 0.5541115 -0.6344822 0.5444423 0.5541162 -0.6297125 0.4836363 0.5541406 -0.6775133 0.6569932 0.5541128 -0.5111937 0.602391 0.554082 -0.5745593 0.4207187 0.5541256 -0.7182901 0.4298667 0.5541735 -0.7128157 0.4863612 0.5541471 -0.6755544 0.4819141 0.5541311 -0.6787471 0.3711798 0.5542067 -0.7450372 0.3571649 0.5541191 -0.7519211 0.3104989 0.5541523 -0.7723377 0.2916125 0.5541083 -0.7796964 0.2480332 0.5541632 -0.794596 0.2238271 0.5541413 -0.8017662 0.1836601 0.5541686 -0.8118905 0.1539067 0.5541622 -0.8180568 0.1173766 0.5541826 -0.8240779 0.0821675 0.5541454 -0.8283547 0.05034983 0.5541608 -0.8308857 0.01069426 0.5541107 -0.8323744 -0.01626539 0.5541564 -0.8322538 -0.06029444 0.5540979 -0.8302651 -0.08239352 0.5541406 -0.8283354 -0.1307986 0.554124 -0.8220938 -0.1481584 0.5541234 -0.8191438 -0.2008305 0.5540879 -0.8078699 -0.2134953 0.5541368 -0.804582 -0.2701272 0.5541167 -0.7873919 -0.2779257 0.5541805 -0.7846282 -0.3368445 0.5540106 -0.76132 -0.3398418 0.5541142 -0.7599113 -0.4006078 0.5541605 -0.7296708 -0.3992295 0.5541179 -0.7304581 -0.4561558 0.5541229 -0.696326 -0.4118212 0.5541304 -0.7234244 -0.4812123 0.5541604 -0.6792209 -0.5105653 0.5541096 -0.6574844 -0.5411806 0.5541771 -0.6324646 -0.5622186 0.5540586 -0.6139458 -0.5924713 0.5541424 -0.5847257 -0.6098805 0.5540882 -0.5665969 -0.6349172 0.5541475 -0.5383315 -0.6531081 0.5541915 -0.5160637 -0.6697402 0.5541102 -0.4943785 -0.6921665 0.5541216 -0.4624445 -0.7218998 0.5541287 -0.4144904 -0.7268932 0.554124 -0.4056759 -0.7572731 0.5541332 -0.3456497 -0.7240113 0.5540955 -0.4108355 -0.7627405 0.5541045 -0.3334594 -0.4614859 0.5540978 -0.692825 -0.5196072 0.5540952 -0.6503745 -0.5761006 0.5541296 -0.6008732 -0.6295098 0.5540871 -0.5447064 -0.678979 0.5541157 -0.4816051 -0.7899639 0.5540912 -0.2625644 -0.7931634 0.5540732 -0.2527743 -0.8134854 0.5540027 -0.1769821 -0.8148949 0.5540936 -0.1700782 -0.8276419 0.5540741 -0.08950394 -0.8281021 0.5540357 -0.08539044 -0.8323363 0.5540986 -0.01382493 -0.8317749 0.554103 -0.03347259 -0.8277797 0.5541053 -0.08802378 -0.8169862 0.554137 -0.1595799 -0.7959278 0.5541062 -0.2438552 -0.7637416 0.5541387 -0.331103 -0.3302478 0.5541065 -0.7641351 -0.2351481 0.5541521 -0.7985117 -0.1276967 0.5541297 -0.8225776 -0.0108186 0.5541326 -0.8323582 0.115592 0.5541804 -0.8243317 0.2450955 0.5541206 -0.7955368 0.367367 0.5541574 -0.7469613 0.7393654 0.5540969 -0.3825119 -0.9875656 0.08520549 -0.1321152 -0.9894853 0.07060086 -0.1262315 -0.9966525 0.08175486 -1.16062e-6 -0.9911161 0.05490106 -0.1211404 -0.9996278 0.02728301 -1.37687e-4 -0.9926062 0.03433865 -0.1164212 -0.9933997 0.01374018 -0.1138787 -0.9918674 0.01508045 -0.1263788 -0.9920389 -0.007542848 -0.1257061 -0.992874 -0.008673191 -0.1188533 -0.9917742 -0.0346781 -0.1232134 -0.9945488 -0.01040178 -0.1037524 -0.9932286 -0.04100531 -0.1086992 -0.9962315 -0.0122925 -0.08585876 -0.9946305 -0.04910647 -0.0910989 -0.9955968 -0.05885678 -0.07295864 -0.9902666 -0.1090459 -0.08649408 -0.9892347 -0.1286063 -0.06982266 -0.9781774 -0.1871701 -0.09020143 -0.9736796 -0.2160813 -0.07250541 -0.965383 -0.2471393 -0.08341342 -0.9651368 -0.2483193 -0.0827561 -0.9572703 -0.2819731 -0.06422531 -0.9671367 -0.2486075 -0.05330276 -0.9489049 -0.3119699 -0.04748165 -0.9602094 -0.2769014 -0.03638035 -0.9385259 -0.3442361 -0.0258975 -0.9539191 -0.2993669 -0.02044731 -0.9301992 -0.3670414 -0.00318247 -0.9469717 -0.321296 0.003682732 -0.9238447 -0.3815565 0.03042411 -0.9428894 -0.3314937 0.03273487 -0.9222946 -0.3842388 0.04163545 -0.940608 -0.3353819 0.05268335 -0.9186679 -0.3882558 0.07284796 -0.9383416 -0.3370255 0.07700031 -0.9181594 -0.3863651 0.08777916 -0.9460908 -0.310052 0.09370154 -0.9692595 -0.2330275 0.07895743 -0.9676508 -0.2321922 0.09868448 -0.9887604 -0.1261801 0.08019703 -0.982749 -0.1536005 0.1030116 -0.9872239 -0.1241506 0.09987819 -0.9914273 -0.07489061 0.1070678 -0.9945319 -0.03109186 0.09969747 -0.9929516 -0.04665428 0.1089524 -0.9934682 -0.02419435 0.1115153 -0.9930949 0.06212019 0.0995174 -0.993377 -0.00870192 0.1145712 -0.9930162 -8.76293e-4 0.1179754 -0.9911839 0.05975854 0.1182522 -0.9927775 -8.45827e-6 0.1199712 -0.9911704 1.91703e-5 0.1325944 -0.9890941 0.0568037 0.1358904 -0.989416 2.13161e-5 0.1451076 -0.9867336 0.05340957 0.1533113 -0.9875069 2.14595e-5 0.1575756 -0.9854316 2.68444e-5 0.170073 -0.9840639 0.04979205 0.170702 -0.9834648 -3.30061e-6 0.1810997 -0.9810891 0.04562205 0.1881036 -0.9820911 -9.58145e-6 0.1884068 -0.9810661 0.04236942 0.1889816 -0.9825652 1.75852e-5 0.1859183 -0.9892454 0.04033273 0.1405944 -0.9910772 1.07363e-5 0.1332892 -0.9957284 0.04003667 0.08319962 -0.9969924 -6.11506e-6 0.07750004 -0.9914599 0.09998482 0.0837273 -0.9835371 0.1595954 0.08475947 -0.9749965 0.2049263 0.0859493 -0.9674036 0.2064853 0.1466091 -0.9606044 0.2487379 0.1239702 -0.9481631 0.2550635 0.1895509 -0.9551617 0.2171866 0.2012364 -0.9422621 0.2628286 0.2075175 -0.9379 0.2739946 0.2127688 -0.9507256 0.2338343 0.2035741 -0.934666 0.2873855 0.2093065 -0.9488669 0.2547572 0.1864144 -0.9310283 0.3099011 0.1927371 -0.9474953 0.2728241 0.1667926 -0.9279626 0.3293815 0.1743371 -0.9247288 0.3476396 0.1549952 -0.9459089 0.2896277 0.146193 -0.9445276 0.3037729 0.1248587 -0.9637171 0.2259833 0.1420596 -0.9637196 0.2372793 0.1222421 -0.9802085 0.1418319 0.1381131 -0.9815679 0.1492236 0.1194023 -0.9832429 0.09248626 -0.1570977 -0.9859775 0.07733869 -0.1478762 -0.9884536 0.06018078 -0.139061 -0.9881565 0.069426 -0.1368465 -0.9911134 0.04330527 -0.1257737 -0.9924241 0.05127042 -0.1116503 -0.9926429 0.01729285 -0.1198383 -0.9942923 0.02054458 -0.1046941 -0.9811322 0.1042985 -0.1627928 -0.9849112 0.08896344 -0.1484442 -0.9848041 0.1050469 -0.1382976 -0.988838 0.08185619 -0.124495 -0.9893491 0.09785991 -0.1077584 -0.9936608 0.06136322 -0.09419554 -0.9943899 0.0735073 -0.07606166 -0.9971984 0.02947229 -0.06875187 -0.9979898 0.03466486 -0.0530532 -0.9984931 -0.01740026 -0.05204695 -0.9990894 -0.02010089 -0.03763699 -0.9958921 -0.08015722 -0.04211813 -0.9953532 -0.09229016 -0.02747243 -0.9845709 -0.1709324 -0.03744673 -0.9813629 -0.1907013 -0.02366393 -0.980592 0.112397 -0.1606435 -0.9799705 0.1263431 -0.1539325 -0.9792148 0.1427617 -0.1440747 -0.9845062 0.125675 -0.1222838 -0.9787206 0.1511001 -0.1388339 -0.9786513 0.1522343 -0.1380811 -0.976305 0.1789473 -0.1216827 -0.9831173 0.1506091 -0.103911 -0.989056 0.1172881 -0.08950847 -0.9877218 0.1383032 -0.07264977 -0.9944357 0.08662831 -0.05994373 -0.9939707 0.1000488 -0.04486173 -0.9984536 0.04010939 -0.03849303 -0.9986348 0.04616546 -0.02444583 -0.9994528 -0.02312707 -0.02365213 -0.9995893 -0.02584308 -0.01239025 -0.9945625 -0.1029901 -0.01544427 -0.9937419 -0.1115931 -0.004924476 -0.9784172 -0.2063474 -0.01098537 -0.9750438 -0.2218361 0.008854568 -0.9724873 0.2077536 -0.1053889 -0.9803227 0.1775342 -0.08630794 -0.9855409 0.1597476 -0.05647957 -0.9928846 0.1152976 -0.0297749 -0.998586 0.05156224 -0.01293712 -0.9996055 -0.02797555 -0.002532482 -0.9926861 -0.1201051 0.01221996 -0.9727202 -0.2290967 0.03647243 -0.9651411 0.2483035 -0.08275258 -0.9763237 0.2050278 -0.06896156 -0.9821467 0.1838799 -0.03969848 -0.9915428 0.1286138 -0.01736259 -0.9984336 0.05586653 -0.003065645 -0.9994557 -0.03009986 0.0135076 -0.991512 -0.1241008 0.0387696 -0.971093 -0.2318324 0.05685126 -0.9572752 0.2819572 -0.06422305 -0.9704788 0.2358829 -0.05030035 -0.9784423 0.2049549 -0.02538293 -0.9902393 0.1392416 -0.00617516 -0.9981022 0.06012958 0.01329076 -0.9987279 -0.03111028 0.03968405 -0.9903215 -0.1255615 0.05914074 -0.9489063 0.3119654 -0.04748183 -0.9642673 0.2627494 -0.03393125 -0.9749995 0.2218666 -0.01230537 -0.9886443 0.1498277 0.01159453 -0.9972841 0.06215846 0.03950554 -0.9976903 -0.03150904 0.06017768 -0.9386627 0.3438378 -0.02622979 -0.9585958 0.2841599 -0.01864033 -0.9711145 0.2384753 0.008140742 -0.9871951 0.1548801 0.03818243 -0.9962081 0.06314045 0.05985587 -0.9962615 -0.03151947 0.08043366 -0.9301849 0.3670777 -0.003184735 -0.9523195 0.3050671 0.004665613 -0.9685444 0.2462359 0.03590983 -0.9858879 0.156872 0.05844938 -0.9947751 0.06319576 0.0801807 -0.9238536 0.3815347 0.03042978 -0.94856 0.3148308 0.03340005 -0.9668415 0.249143 0.05608397 -0.9842849 0.1574831 0.07989078 -0.9464181 0.3184415 0.05373823 -0.9211034 0.3860733 0.05016094 -0.9442462 0.320031 0.07732719 -0.9182851 0.3876619 0.08044046 -0.9436624 0.3151431 0.1009269 -0.9185593 0.3815871 0.1031514 -0.9207757 0.3688194 0.1270606 -0.9709166 -0.2175664 -0.09993022 -0.9751918 -0.1883779 -0.1162537 -0.9813992 -0.1587181 -0.1080011 -0.9772526 -0.1697543 -0.1271256 -0.9831019 -0.1323986 -0.1264176 -0.9786576 -0.1521987 -0.1380758 -0.979156 -0.1438706 -0.1433704 -0.9792124 -0.1427735 -0.1440798 -0.9836364 -0.1106909 -0.1421515 -0.9903249 -0.09098374 -0.1047789 -0.9896574 -0.07607609 -0.1216171 -0.9799684 -0.1263597 -0.1539327 -0.9805938 -0.1123883 -0.1606384 -0.9839169 -0.09364128 -0.1521146 -0.983241 -0.0925033 -0.1571003 -0.9852563 -0.08153718 -0.150406 -0.9890192 -0.07446801 -0.1276544 -0.9889651 -0.05595266 -0.1371767 -0.9914537 -0.05101966 -0.1200694 -0.9912017 -0.03017276 -0.1288757 -0.9929469 -0.02747702 -0.1153315 -0.993515 -0.006870567 -0.113494 -0.9875675 -0.08520203 -0.1321034 -0.9966529 -0.08175027 1.3203e-6 -0.9996277 -0.02728438 -1.0778e-4 -0.9906923 0.03766882 -0.1308045 -0.9888373 -0.06429249 -0.1344144 -0.9959158 0.02456319 -0.08688145 -0.9975949 -0.01471447 -0.06773489 -0.9959655 -0.06936508 -0.05693209 -0.9874495 -0.1484699 -0.05385404 -0.9649489 0.2503541 0.0787177 -0.9828684 0.1549792 0.09975546 -0.9639274 0.246505 0.1003956 -0.9786739 0.1334168 0.1561967 -0.976873 0.1242967 0.1739815 -0.9748948 0.1139557 0.1912963 -0.9757829 0.1058316 0.191435 -0.9847636 0.1007125 0.1417664 -0.963719 0.2126706 0.1612974 -0.963448 0.1984145 0.1799994 -0.9633257 0.18202 0.1971608 -0.9658955 0.1690809 0.196106 -0.9764251 0.1607874 0.1440191 0.9868018 0 -0.1619331 0.9868071 -2.65261e-6 -0.1619013 0.9885823 -4.33024e-6 -0.1506822 0.9901702 4.60785e-5 -0.139868 0.9894294 2.12768e-4 -0.1450153 0.99015 0 -0.1400102 0.9907298 4.07988e-6 -0.1358482 0.9912183 -7.76583e-6 -0.132236 0.991631 0 -0.1291046 0.994031 1.72805e-5 -0.1090978 0.9919534 -7.06641e-7 -0.126604 0.9942439 4.787e-7 -0.1071415 0.9967363 1.54159e-4 -0.08072668 0.9960979 6.4894e-5 -0.08825534 0.9967266 -4.87198e-7 -0.08084547 0.9985648 1.29825e-4 -0.05355632 0.99876 1.35639e-5 -0.04978436 0.9996242 1.00396e-4 -0.02741712 0.9997751 -1.65192e-4 -0.02121174 0.9999955 1.52885e-4 -0.003013074 0.9999827 -1.85865e-4 0.005889654 0.9997887 1.82017e-4 0.02055948 0.9994752 -5.52687e-5 0.03239452 0.9990077 2.20489e-4 0.04453867 0.9982033 -1.58866e-6 0.05991894 0.9975833 8.28807e-5 0.06948071 0.9960245 -6.94507e-5 0.08908081 0.9953722 3.56299e-4 0.09609395 0.9927542 1.18534e-5 0.1201636 0.99232 1.5897e-4 0.1236971 0.9923212 -7.54488e-7 0.1236885 0.9902838 -1.66986e-5 0.1390617 0.988112 -1.18581e-6 0.1537361 0.9881153 0 0.1537147 0.9853729 -2.57957e-5 0.1704128 0.9853922 -3.00516e-5 0.1703007 0.9831268 0 0.1829255 0.9831144 3.51749e-6 0.1829924 0.9816541 1.03011e-6 0.1906708 0.9816355 -3.52442e-7 0.1907662 0.9816132 5.03706e-6 0.190881 0.9816124 8.42634e-7 0.1908855 0.9842648 0 0.1766999 0.9842616 -1.13265e-5 0.176718 0.9883033 7.33556e-6 0.1525017 0.9932568 -2.85963e-6 0.1159347 0.9933816 -4.72995e-7 0.1148613 1 -7.42031e-7 8.83672e-6 1 5.07824e-7 -4.48059e-6 1 0 5.7146e-6 0.9830593 -0.08175659 0.1640439 0.985996 -0.02725178 0.1645277 0.9426495 -0.08177012 0.3236135 0.9454641 -0.02725988 0.3245837 0.8765314 -0.08173626 0.4743542 0.8791438 -0.02725607 0.4757766 0.7864986 -0.08176749 0.6121554 0.7888411 -0.02723824 0.6139935 0.6750158 -0.08173722 0.7332618 0.6770249 -0.02724337 0.7354558 0.5451165 -0.08176857 0.8343632 0.5467614 -0.02726233 0.8368445 0.4003519 -0.08173519 0.912709 0.401505 -0.02724349 0.9154517 0.2446632 -0.0817402 0.9661566 0.2453703 -0.02723389 0.9690468 0.08230179 -0.08174276 0.9932495 0.08257788 -0.02724808 0.9962121 -0.082304 -0.08176195 0.9932478 -0.08257031 -0.02723866 0.996213 -0.244664 -0.08178436 0.9661526 -0.2453857 -0.0272364 0.969043 -0.4003509 -0.08175259 0.9127079 -0.4014981 -0.02725917 0.9154541 -0.5451177 -0.08174037 0.8343652 -0.5467496 -0.02725195 0.8368526 -0.6750144 -0.0817542 0.7332611 -0.6770365 -0.02723509 0.7354454 -0.7864999 -0.0817427 0.6121569 -0.788841 -0.0272504 0.6139929 -0.8765286 -0.08177721 0.4743524 -0.8791403 -0.02726006 0.4757827 -0.9426527 -0.08173674 0.3236125 -0.9454637 -0.02725207 0.3245859 -0.9830583 -0.08177006 0.1640434 -0.9859966 -0.02724522 0.1645246 -0.985996 0.02725178 0.1645277 -0.9830593 0.08175659 0.1640439 0.9859966 0.02724522 0.1645247 0.9454636 0.02725207 0.324586 0.8791403 0.02726006 0.4757828 0.788841 0.0272504 0.6139931 0.6770364 0.02723503 0.7354454 0.5467497 0.02725195 0.8368526 0.4014981 0.02725917 0.9154541 0.2453856 0.0272364 0.9690429 0.08257025 0.02723866 0.996213 -0.08257794 0.02724808 0.9962121 -0.2453703 0.02723389 0.9690468 -0.4015048 0.02724343 0.9154517 -0.5467613 0.02726227 0.8368446 -0.6770249 0.02724337 0.7354557 -0.7888411 0.02723824 0.6139935 -0.8791438 0.02725607 0.4757766 -0.9454642 0.02725988 0.3245837 0.9830583 0.08177006 0.1640435 0.9426527 0.08173674 0.3236126 0.8765287 0.08177727 0.4743522 0.7865 0.0817427 0.6121568 0.6750143 0.08175426 0.7332612 0.5451174 0.08174037 0.8343654 0.4003509 0.08175253 0.912708 0.244664 0.08178436 0.9661526 0.08230406 0.08176195 0.9932478 -0.08230179 0.08174276 0.9932495 -0.2446633 0.0817402 0.9661566 -0.400352 0.08173519 0.912709 -0.5451164 0.08176857 0.8343632 -0.6750158 0.08173722 0.7332618 -0.7864986 0.08176743 0.6121554 -0.8765314 0.08173614 0.4743542 -0.9426495 0.08177012 0.3236135 -0.7907152 5.63962e-6 -0.6121844 -0.7439587 -3.22517e-6 -0.6682256 -0.690243 -6.61053e-6 -0.7235777 -0.6166639 2.54628e-5 -0.7872266 -0.5722362 1.08561e-5 -0.820089 -0.4706513 -4.5551e-6 -0.8823193 -0.5162606 1.78027e-5 -0.8564316 -0.4579286 -2.0495e-5 -0.8889891 -0.848661 -9.6485e-7 -0.5289372 -0.8733881 -1.95391e-6 -0.487025 -0.927593 -2.48249e-5 -0.3735924 -0.9364132 -8.25361e-6 -0.3508992 -0.9783552 8.89087e-6 -0.2069333 -0.978362 0 -0.2069008 -0.3103458 8.55235e-6 -0.9506238 -0.3689075 -6.24033e-6 -0.9294661 -0.339798 8.31392e-6 -0.9404984 -0.3103636 0 -0.9506179 0.47737 -2.10675e-5 -0.8787025 0.3103762 6.86292e-6 -0.9506138 0.3689075 -6.22496e-6 -0.9294661 0.339825 4.62726e-5 -0.9404888 0.6286129 -1.52104e-5 -0.7777184 0.5722246 2.14181e-6 -0.820097 0.5162718 3.058e-5 -0.8564248 0.4578409 -3.3288e-5 -0.8890342 0.6902396 -3.44987e-5 -0.723581 0.7590632 4.45172e-7 -0.6510171 0.8128014 -3.07374e-5 -0.582541 0.8644114 -2.40933e-6 -0.5027852 0.9069777 6.02286e-6 -0.4211786 0.9411731 2.58349e-5 -0.3379251 0.9694943 -1.52728e-5 -0.245114 0.9868088 -1.61566e-5 -0.1618906 0.9981687 -7.9209e-6 -0.06049251 0.99981 -1.04951e-5 0.01949828 0.9919998 -2.346e-6 0.1262401 0.9797462 2.21934e-5 0.2002433 0.9512029 -2.46102e-5 0.308566 0.9272817 -5.22984e-6 0.3743643 0.8772022 -4.13414e-6 0.4801212 0.8441502 2.85176e-5 0.5361069 0.7725809 -1.36998e-5 0.6349163 0.7331034 -1.29454e-6 0.6801173 0.6409902 2.07135e-5 0.767549 0.5978105 1.90167e-5 0.8016375 0.4870258 -2.52938e-5 0.8733876 0.4427497 -4.83822e-6 0.8966454 0.3160597 -1.48374e-5 0.9487394 0.2730475 -2.88943e-5 0.9620006 0.1340613 -2.34512e-5 0.9909731 0.09431254 -1.86348e-5 0.9955427 -0.05261743 -1.34073e-5 0.9986148 -0.0875411 -1.08266e-5 0.996161 -0.2374592 -6.36745e-6 0.9713976 -0.2665048 2.74354e-5 0.9638336 -0.4140123 -3.27807e-5 0.9102714 -0.4366496 3.01674e-5 0.8996318 -0.576113 -3.07951e-5 0.8173702 -0.592361 6.69698e-5 0.8056727 -0.7181029 -6.48038e-6 0.695937 -0.7284626 -7.9954e-6 0.6850856 -0.8350258 -2.38884e-7 0.550211 -0.8404976 4.90999e-5 0.5418152 -0.9228011 -9.36352e-6 0.3852767 -0.9247165 1.25461e-6 0.3806566 -0.9783548 -9.96436e-4 0.2069323 -0.9783588 0 0.2069155 0.3103636 0 -0.9506179 -0.9238718 0 -0.3827021 -0.9238729 0 -0.3826994 -0.7070458 0 -0.7071678 -0.7070435 0 -0.7071701 -0.3826154 0 -0.9239077 -0.3826231 0 -0.9239046 -2.68072e-5 0 -1 -4.30793e-5 0 -1 2.68072e-5 0 -1 4.30793e-5 0 -1 0.3826154 0 -0.9239077 0.3826231 0 -0.9239046 0.7070435 0 -0.7071701 0.7070458 0 -0.7071678 0.9238718 0 -0.3827021 0.9238729 0 -0.3826994 0.1791325 -9.57119e-7 0.983825 0.1791051 0 0.98383 0.2182862 -1.83493e-5 0.9758848 0.1790184 -1.06257e-5 0.9838458 0.2954831 -2.94927e-6 0.955348 0.06004989 1.38345e-5 0.9981954 0.06001007 -5.21914e-6 0.9981978 -0.06005066 1.38347e-5 0.9981954 -0.0600093 -5.21908e-6 0.9981979 -0.1790354 4.07776e-6 0.9838426 -0.1790999 6.46337e-7 0.983831 -0.2954913 -3.43646e-6 0.9553455 -0.2570903 -1.46281e-5 0.9663874 -0.2954884 0 0.9553464 -0.1791325 -9.52603e-7 0.983825 -0.2182927 -3.11146e-5 0.9758834 0.2955167 0 0.9553376 0.2570789 -3.1437e-5 0.9663904 -0.9500454 -6.12298e-6 0.312112 -0.9605182 3.62517e-6 0.2782175 -0.9876182 -2.57022e-6 0.1568767 -0.9927086 1.57417e-5 0.1205387 -0.998622 0 0.05248034 -0.999189 8.74232e-6 -0.04026687 -0.9986162 2.01332e-5 -0.05259239 -0.9876182 -1.76998e-6 -0.1568775 -0.9797912 4.81196e-5 -0.2000233 -0.9540024 -2.30889e-5 -0.2997988 -0.9350165 1.32211e-5 -0.3546046 -0.8998141 -2.67206e-5 -0.4362736 -0.8660255 -7.40029e-6 -0.5000001 -0.8262245 -1.3107e-5 -0.5633412 -0.7746047 1.49291e-5 -0.6324458 -0.7348204 0 -0.6782618 -0.6631214 3.20063e-5 -0.7485119 -0.6275724 -4.43566e-6 -0.7785583 -0.5344637 2.69376e-5 -0.8451914 -0.5068035 5.10451e-5 -0.8620617 -0.3919644 1.48301e-5 -0.9199804 -0.3751006 2.84752e-5 -0.9269842 -0.2393054 4.30669e-5 -0.9709444 -0.2353008 -5.25526e-4 -0.9719225 -0.2352884 -4.4915e-7 -0.9719256 -0.08046197 9.85601e-6 -0.9967577 -0.0788474 -1.59263e-5 -0.9968867 0.08050143 -7.5711e-5 -0.9967545 0.07884669 -1.59245e-5 -0.9968868 0.2353059 1.94354e-5 -0.9719214 0.2393261 6.73844e-5 -0.9709393 0.2353015 1.61352e-6 -0.9719225 0.3870351 -6.78478e-5 -0.922065 0.3919625 1.89431e-4 -0.9199812 0.5289218 4.86655e-5 -0.8486706 0.5344612 7.8007e-5 -0.8451932 0.6572911 -7.77239e-5 -0.753637 0.6631197 6.94774e-5 -0.7485134 0.7689031 -9.68243e-5 -0.6393654 0.7746052 6.05889e-5 -0.6324452 0.8608968 -7.29784e-5 -0.5087797 0.8660254 -8.68412e-6 -0.5000001 0.9309247 3.94095e-5 -0.3652113 0.935015 6.63978e-5 -0.3546082 0.9771972 -2.84895e-5 -0.2123336 0.9797905 3.63853e-5 -0.2000268 0.9985393 3.28185e-5 -0.05403131 0.9991891 5.16576e-5 -0.04026651 0.9944041 -8.03212e-5 0.1056427 0.9927089 1.95309e-5 0.1205365 0.9648964 8.09492e-5 0.2626311 0.9605182 3.33523e-5 0.2782173 0.9107722 -1.87134e-5 0.4129095 0.9034504 2.01832e-5 0.4286929 0.8334086 3.04104e-5 0.5526575 0.8229842 2.12664e-5 0.5680643 0.7347821 -3.26091e-6 0.6783033 0.7212028 1.97655e-5 0.692724 0.6174096 -6.30927e-5 0.7866419 0.6007422 -1.76041e-5 0.7994428 0.4842805 1.67361e-5 0.8749129 0.4647228 -2.39701e-5 0.8854562 0.3387997 -4.15591e-5 0.9408585 0.316668 2.96352e-5 0.9485365 0.1846709 6.45127e-6 0.9828004 0.1604108 3.5373e-5 0.9870504 0.0258336 -3.41041e-5 0.9996663 1.39155e-7 4.49472e-5 1 -0.133665 -2.53597e-5 0.9910266 -0.1604106 3.63535e-5 0.9870504 -0.2897532 9.3875e-6 0.9571014 -0.316668 6.17662e-5 0.9485365 -0.4384468 -3.97055e-5 0.8987572 -0.4647234 2.39594e-5 0.8854559 -0.5759546 -5.79455e-5 0.8174818 -0.6007424 3.03953e-5 0.7994427 -0.6987689 5.79306e-6 0.7153475 -0.7212025 2.67304e-5 0.6927243 -0.803753 -1.61959e-5 0.5949631 -0.8229841 2.91439e-5 0.5680645 -0.8882306 4.414e-6 0.459398 -0.9034505 -3.58815e-6 0.4286925 0 -1 0 0 -1 0 0 -1 -1.60286e-7 0 -1 -2.05803e-7 0 -1 -4.04033e-7 0.8263691 0.5540413 0.1007593 0.8250226 0.554163 0.1106393 0.8161842 0.5567933 0.1543523 0.8165251 0.5563265 0.1542323 0.81146 0.5586612 0.1715531 0.8059766 0.5638176 0.1803091 0.8057698 0.5624515 0.1854274 0.7953466 0.572848 0.1981644 0.7968306 0.5739892 0.1886733 0.7861092 0.5864498 0.1952151 0.7886942 0.5864208 0.1845872 0.7801666 0.6016917 0.1711938 0.7911861 0.586326 0.1739152 0.7825733 0.6015812 0.1602476 0.7819454 0.6027221 0.1590207 0.7795725 0.6028102 0.1699607 0.7722325 0.6162805 0.1544517 0.7709047 0.6148841 0.1662036 0.7645924 0.6267012 0.15048 0.7771494 0.6028214 0.18068 0.7650677 0.6289032 0.138392 0.7586492 0.6376771 0.1334891 0.7592718 0.6388471 0.1240199 0.753497 0.6472563 0.1153328 0.7543976 0.6472515 0.1093159 0.7541736 0.6476551 0.1084668 0.7552821 0.6472212 0.1032169 0.7550296 0.6476317 0.1024873 0.751376 0.6525205 0.09824067 0.7472637 0.6602805 0.07501095 0.7490508 0.6558147 0.09396809 0.7469415 0.6607114 0.07442414 0.7532807 0.6476709 0.1144152 0.7473722 0.6620438 0.05597263 0.7476996 0.6619144 0.05305534 0.7471596 0.6609335 0.0701394 0.7497233 0.6604661 0.04122537 0.749896 0.6603716 0.03956574 0.7533183 0.6571602 0.02553838 0.7533807 0.6571676 0.02341842 0.758106 0.652104 0.005985736 0.7534789 0.6571229 0.021429 0.7614359 0.6482053 -0.006728351 0.7499353 0.6604023 0.03828722 0.7711953 0.6362932 -0.01971608 0.7761764 0.6295489 -0.03490644 0.7766211 0.6293792 -0.027233 0.7764231 0.6292235 -0.03528368 0.7821642 0.6221284 -0.03428274 0.7871373 0.6147212 -0.05032652 0.7983308 0.5999918 -0.05174869 0.7995116 0.5970413 -0.06575059 0.816747 0.5726392 -0.07077348 0.8128777 0.5766732 -0.08171826 0.8263967 0.5544092 -0.09848415 0.8269363 0.5534735 -0.09921491 0.8286612 0.5534065 -0.08403563 0.8281105 0.5543355 -0.08333736 0.8296341 0.5541456 -0.06804537 0.8001459 0.5984044 -0.04097539 0.8469821 0.5209564 -0.105952 0.8381452 0.5334393 -0.1138213 0.8486808 0.5131584 -0.1280997 0.8553713 0.5046503 -0.1169105 0.8583 0.4931235 -0.1419519 0.8630077 0.4887962 -0.1276548 0.8668259 0.4738322 -0.1552284 0.8697518 0.4737608 -0.1381389 0.87019 0.4727393 -0.1388778 0.8724392 0.4735312 -0.1209052 0.8755679 0.466313 -0.1262266 0.8728429 0.4664995 -0.1432606 0.8797112 0.4498617 -0.1540544 0.8760871 0.451622 -0.168846 0.881756 0.4388623 -0.172935 0.8698629 0.4666069 -0.1600517 0.8857964 0.4359795 -0.159018 0.8871843 0.4286625 -0.1707411 0.8915765 0.4250494 -0.1562824 0.8926475 0.4211009 -0.1607939 0.8971887 0.4180524 -0.1424242 0.9044107 0.4134545 -0.1053411 0.9060401 0.4134562 -0.09025162 0.911064 0.4122648 -9.96701e-6 0.9110656 0.4122614 1.72272e-5 0.9035778 0.414119 -0.1097851 0.8941704 0.4237158 -0.144652 0.7770212 0.6291709 -0.01954472 0.7767674 0.6294937 -0.01924234 0.7612553 0.6484498 0.001770198 0.7668938 0.6284784 0.1299567 0.7989878 0.5741267 0.178877 0.8073509 0.5640095 0.1734294 -3.3889e-5 -1 5.9735e-6 -3.00484e-5 -1 -8.67992e-7 -0.3801014 -0.9249449 6.80797e-7 -0.3812619 -0.9244671 -1.3276e-6 -0.7053727 -0.7088366 0 -0.7039577 -0.710242 1.17719e-6 -0.9230484 -0.384684 0 -0.9223706 -0.3863063 1.02329e-6 -1 -3.02329e-5 2.77208e-6 -1 -1.03414e-5 2.58583e-6 1 -2.11895e-5 3.41797e-6 1 -3.87842e-5 2.11573e-6 0.9223595 -0.386333 0 0.9230605 -0.384655 0 0.7053698 -0.7088395 -7.12695e-7 0.7039686 -0.7102312 0 0.3812385 -0.9244769 -7.23405e-7 0.3800954 -0.9249473 1.82772e-6 1.32016e-5 -1 -5.59725e-7 3.38764e-5 -1 7.96467e-6 0 -1 0 0 -1 0 0 -1 1.25278e-7 0 -1 1.75849e-7 0 -1 0 0 -1 0 0 -1 0 0 -1 0 0 -1 0 0 -1 0 0 -1 0 0 -1 0 0 -1 0 0 -1 0 0 -1 0 0 -1 0 0 -1 0 0 -1 0 0 -1 0 0 -1 0 0 -1 -3.88476e-7 0 -1 -2.73231e-7 0 -1 0 0 -1 0 0 -1 -1.22447e-7 0 -1 1.46427e-7 0 -1 -1.46251e-7 0 -1 -1.70623e-7 0 -1 0 0 -1 0 0 -1 0 0 -1 0 0 -1 0 0 -1 0 0 -1 1.38447e-7 0 -1 0 0 -1 0 0 -1 0 0 -1 0 0 -1 0 0 -1 -7.53169e-7 0 -1 3.37788e-7 0 -1 0 0 -1 0 0 -1 0 0 -1 0 0 -1 0 0 -1 0 0 -1 0 0 -1 0 0 -1 -1.49147e-7 0 -1 0 0 -1 0 0 -1 -3.67983e-7 0 -1 1.44471e-7 0 -1 -2.80164e-7 0 -1 8.50571e-7 0 -1 2.89248e-7 0 -1 1.75695e-7 0 -1 0 0 -1 2.76926e-7 0 -1 -1.2358e-6 0 -1 0 0 -1 -5.81312e-7 0 -1 8.102e-7 0 -1 -1.57141e-6 0 -1 4.00835e-6 0 -1 4.93886e-6 0 -1 -4.1074e-7 0 -1 -3.22342e-6 0 -1 -1.37206e-6 0 -1 -7.0115e-6 0 -1 -4.13793e-7 0 -1 2.81113e-7 0 -1 1.67602e-7 0 -1 4.43082e-7 0 -1 0 0 -1 0 0 -1 -1.54653e-6 0 -1 -7.86131e-7 0 -1 4.77958e-7 0 -1 3.2925e-7 0 -1 0 0 -1 2.50622e-7 0 -1 -1.36322e-7 0 -1 8.60023e-7 0 -1 0 0 -1 3.03859e-7 0 -1 -9.74163e-7 0 -1 -3.11502e-7 0 -1 -1.09497e-6 0 -1 -1.44314e-7 0 -1 -4.84049e-6 0 -1 -4.87206e-6 -0.188369 2.89932e-6 -0.9820984 -0.1922899 0 -0.9813383 -0.2044306 -7.40588e-6 -0.9788811 -0.1923021 1.12935e-6 -0.9813359 -0.2382275 -1.6723e-4 -0.9712094 -0.267004 -1.31421e-4 -0.9636955 -0.2837999 -9.10928e-5 -0.9588836 -0.3284477 3.56622e-6 -0.9445222 -0.328455 0 -0.9445196 -0.1410509 3.54126e-5 -0.9900023 -0.160583 2.73511e-5 -0.9870223 -0.1771967 -4.05824e-6 -0.9841756 0.2382275 -1.67229e-4 -0.9712094 0.1923021 1.1299e-6 -0.9813359 0.2044313 -7.2564e-6 -0.978881 0.1922912 -2.69269e-7 -0.9813379 0.1883753 5.30947e-6 -0.9820972 0.177196 -3.7225e-6 -0.9841756 0.1605787 2.82526e-5 -0.9870231 0.1410351 4.03449e-5 -0.9900046 0.267004 -1.31421e-4 -0.9636955 0.2837999 -9.10928e-5 -0.9588836 0.3284572 1.5368e-4 -0.9445189 0.3284244 0 -0.9445303 -0.98681 7.56923e-4 -0.1618806 -0.9957518 0 0.0920782 -0.9867863 0 -0.162028 -0.9957516 0 0.09208035 -0.941273 0 0.3376468 -0.9412723 0 0.3376486 -0.8247856 0 0.5654457 -0.8248323 0 0.5653775 -0.6583621 0 0.7527014 -0.6583898 0 0.7526773 -0.4448635 -5.27963e-7 0.8955984 -0.4448618 0 0.8955993 -0.2077413 0 0.9781838 -0.2078401 0 0.9781628 0.04622316 0 0.9989312 0.04572063 0 0.9989543 -0.04572063 0 0.9989543 -0.04622316 1.93554e-7 0.9989312 0.2078401 0 0.9781628 0.2078313 0 0.9781647 0.4448617 0 0.8955993 0.4448636 0 0.8955984 0.6584242 0 0.7526471 0.6583967 0 0.7526711 0.8248323 0 0.5653777 0.8247857 0 0.5654456 0.9412723 0 0.3376488 0.941273 0 0.3376468 0.9957516 0 0.09208035 0.9957518 0 0.09207814 0.08135753 0 -0.996685 0.08135443 3.17024e-7 -0.9966853 -0.1727103 0 -0.9849727 -0.1727145 0 -0.984972 -0.4121015 0 -0.9111379 -0.4121085 0 -0.9111349 -0.6302589 0 -0.7763852 -0.6302616 0 -0.776383 -0.8031662 0 -0.5957552 -0.8031381 0 -0.595793 -0.9278211 -3.17107e-7 -0.3730257 -0.9278213 0 -0.3730251 -0.9915414 0 -0.129791 -0.9915417 0 -0.1297891 -0.9923306 0 0.1236121 -0.9923359 7.88325e-5 0.1235697 0.9915417 0 -0.1297891 0.9915414 0 -0.129791 0.9278213 0 -0.3730251 0.927821 0 -0.3730257 0.8031381 0 -0.595793 0.8031662 0 -0.5957552 0.6302615 0 -0.7763829 0.6302232 0 -0.776414 0.4121503 0 -0.911116 0.4121015 0 -0.9111379 0.1727145 0 -0.984972 0.1727103 0 -0.9849727 -0.08135443 -3.17024e-7 -0.9966853 -0.08135753 0 -0.996685 -0.8986682 0.4122214 0.1498965 -0.8972141 0.4122861 0.158199 -0.8617131 0.412243 0.2958146 -0.8561052 0.4123025 0.3115938 -0.8012672 0.412247 0.4336168 -0.789 0.4122775 0.4555286 -0.7189682 0.4122443 0.5595886 -0.6979178 0.4122593 0.585622 -0.6170479 0.4122633 0.6702917 -0.5856168 0.4122784 0.6979108 -0.4983052 0.4122648 0.7627122 -0.4555265 0.4122908 0.7889944 -0.3659756 0.4122462 0.834335 -0.3116023 0.4122663 0.8561195 -0.2236565 0.4122441 0.8831946 -0.1582027 0.4122903 0.8972116 -0.07523614 0.4122545 0.907957 -5.14585e-7 0.4122523 0.9110698 0.07523536 0.4122545 0.907957 0.1582025 0.4122905 0.8972116 0.2236564 0.4122442 0.8831946 0.3116014 0.4122664 0.8561199 0.3659756 0.4122462 0.834335 0.4555362 0.4122458 0.7890123 0.4983051 0.4122647 0.7627122 0.5856167 0.4122785 0.6979109 0.617067 0.4122189 0.6703013 0.6979173 0.4122593 0.5856226 0.7189682 0.4122443 0.5595886 0.7889997 0.4122774 0.4555292 0.801267 0.412247 0.4336168 0.8561051 0.4123024 0.311594 0.8617131 0.412243 0.2958146 0.8972325 0.4122416 0.1582113 0.898687 0.4121938 0.14986 0.7498956 -0.6604507 0.03823155 0.7468286 -0.661675 0.06658339 0.7473595 -0.6620359 0.05623489 0.7468563 -0.6615052 0.0679447 0.7469411 -0.6612871 0.06912642 0.7471619 -0.6619713 0.05952274 0.7470802 -0.6610229 0.07014268 0.7472594 -0.66074 0.07089596 0.7497494 -0.6604475 0.04104954 0.749899 -0.6603785 0.03939294 0.7534381 -0.6571696 0.02143239 0.7534418 -0.6570957 0.02346915 0.7580946 -0.6521173 0.005964219 0.7533145 -0.6571674 0.02546292 0.7597584 -0.650188 0.004759967 0.7653792 -0.6434956 -0.01040703 0.7770194 -0.6291738 -0.01952576 0.7767331 -0.6292333 -0.02741223 0.7852329 -0.6180539 -0.03766757 0.7764081 -0.6292434 -0.03526031 0.7991821 -0.5975278 -0.06533384 0.8057813 -0.5892298 -0.05937027 0.8126082 -0.5770993 -0.08139073 0.817143 -0.572016 -0.07123893 0.8263993 -0.5544005 -0.09851062 0.8286862 -0.5533719 -0.0840165 0.8269427 -0.5534656 -0.09920614 0.8382191 -0.533302 -0.1139205 0.8403122 -0.5332261 -0.09770077 0.8488345 -0.5128437 -0.128342 0.8512754 -0.5127459 -0.1114534 0.858462 -0.4927722 -0.1421918 0.8611882 -0.4926807 -0.1249834 0.8668277 -0.473824 -0.1552441 0.8697515 -0.4737613 -0.1381397 0.8701996 -0.47272 -0.1388834 0.872442 -0.4735282 -0.1208971 0.8759735 -0.4653711 -0.1268864 0.7985873 -0.600575 -0.03959995 0.8064318 -0.5895009 -0.04643875 0.8296419 -0.5541362 -0.06802469 0.8490698 -0.5207138 -0.08909374 0.8617228 -0.4964118 -0.1049252 0.8728399 -0.4665166 -0.1432229 0.8818398 -0.4511205 -0.1372917 0.8797064 -0.4498728 -0.1540495 0.8869147 -0.4389349 -0.14394 0.8858324 -0.4359161 -0.1589909 0.891536 -0.4251284 -0.1562994 0.8867269 -0.4294264 -0.1711966 0.8921616 -0.4216517 -0.1620423 0.8971946 -0.4180303 -0.1424523 0.904026 -0.4135988 -0.1080424 0.9060503 -0.4134365 -0.09024006 0.9110605 -0.4122728 2.27002e-5 0.9110634 -0.4122664 1.11382e-6 0.9016501 -0.4151753 -0.1210646 0.8956392 -0.4212429 -0.1427763 0.8813822 -0.4396559 -0.1728246 0.8758941 -0.452077 -0.1686299 0.8698628 -0.4666073 -0.1600511 0.7761733 -0.6295532 -0.03490036 0.7612109 -0.648476 -0.006082952 -0.9110626 -0.4122679 -2.18257e-6 -0.9110615 -0.4122705 1.36185e-5 -0.8986495 -0.4122491 0.149933 -0.8972142 -0.4122862 0.1581988 -0.8617371 -0.412202 0.2958016 -0.8561052 -0.4123024 0.311594 -0.801267 -0.4122471 0.4336168 -0.7889998 -0.4122775 0.455529 -0.7189683 -0.4122446 0.5595884 -0.6979174 -0.4122595 0.5856223 -0.6170477 -0.4122636 0.6702917 -0.5856164 -0.4122787 0.697911 -0.498305 -0.4122647 0.7627122 -0.4555259 -0.4122909 0.7889946 -0.3659755 -0.4122462 0.8343351 -0.3116021 -0.4122665 0.8561195 -0.2236564 -0.4122441 0.8831946 -0.1582024 -0.4122907 0.8972116 -0.07523524 -0.4122547 0.907957 5.14934e-7 -0.4122527 0.9110696 0.07523602 -0.4122546 0.9079568 0.1582025 -0.4122906 0.8972114 0.2236565 -0.4122441 0.8831946 0.3116022 -0.4122665 0.8561194 0.3659756 -0.4122463 0.8343351 0.455526 -0.412291 0.7889945 0.4983052 -0.4122648 0.7627122 0.5856165 -0.4122787 0.697911 0.6170478 -0.4122636 0.6702917 0.6979175 -0.4122595 0.5856221 0.718968 -0.4122445 0.5595886 0.7889998 -0.4122775 0.4555289 0.8012671 -0.412247 0.4336167 0.8561232 -0.4122574 0.3116039 0.8617131 -0.4122431 0.2958146 0.8972141 -0.4122861 0.1581988 0.8986494 -0.4122491 0.149933 -0.7472583 -0.6607424 0.07088387 -0.7470736 -0.6610339 0.07010936 -0.7471298 -0.6620186 0.05940079 -0.7469406 -0.6612882 0.06912207 -0.7473578 -0.6620379 0.05623412 -0.7468559 -0.6615059 0.06794375 -0.7468287 -0.6616748 0.06658351 -0.7498956 -0.6604507 0.03823155 -0.7497834 -0.6604935 0.03966546 -0.7512083 -0.6591641 0.03447896 -0.7533715 -0.6571729 0.02356511 -0.7533115 -0.6571699 0.02548807 -0.7580735 -0.6521419 0.005960822 -0.7628605 -0.6465621 -0.001188397 -0.7653719 -0.6435044 -0.01040124 -0.7767659 -0.6294941 -0.01928704 -0.7767347 -0.6292299 -0.02744376 -0.7955222 -0.604793 -0.03701549 -0.7948711 -0.6048657 -0.0481401 -0.8121399 -0.5811871 -0.0514822 -0.8168135 -0.5725072 -0.07107168 -0.8296101 -0.5541812 -0.06804621 -0.8286654 -0.5534095 -0.08397459 -0.8302188 -0.5531981 -0.06862038 -0.8403046 -0.5332398 -0.09769207 -0.8445186 -0.5289148 -0.08389037 -0.8512508 -0.5128027 -0.1113808 -0.8576997 -0.5044142 -0.09958791 -0.861142 -0.4927562 -0.1250029 -0.8655279 -0.4885728 -0.1102645 -0.8697392 -0.4737807 -0.1381508 -0.8724801 -0.4734813 -0.1208051 -0.8702061 -0.4727075 -0.1388854 -0.8755559 -0.466336 -0.1262251 -0.872859 -0.4664844 -0.1432123 -0.8759759 -0.4653667 -0.1268868 -0.8818413 -0.4511185 -0.1372892 -0.8797251 -0.4498201 -0.1540966 -0.8869145 -0.4389351 -0.1439399 -0.8858105 -0.4359535 -0.1590107 -0.891536 -0.4251284 -0.1562995 -0.8867271 -0.4294263 -0.1711965 -0.8921614 -0.4216519 -0.1620424 -0.7534642 -0.6571391 0.02145028 -0.761211 -0.648476 -0.006083011 -0.7761737 -0.6295502 -0.03494495 -0.7764067 -0.6292435 -0.03528863 -0.7991763 -0.5975294 -0.06539154 -0.812617 -0.5770917 -0.08135777 -0.8263972 -0.5544071 -0.09849071 -0.8269373 -0.553471 -0.09922093 -0.8382196 -0.5332999 -0.1139266 -0.8488451 -0.5128335 -0.1283122 -0.8584685 -0.4927593 -0.1421979 -0.8668296 -0.4738302 -0.1552141 -0.869874 -0.4665862 -0.1600518 -0.8759055 -0.4520558 -0.1686275 -0.8813821 -0.4396561 -0.1728243 -0.8971948 -0.4180338 -0.14244 -0.9040302 -0.4135826 -0.1080685 -0.9060467 -0.4134421 -0.09025079 -0.9016482 -0.4151778 -0.1210703 -0.8955965 -0.4213243 -0.1428041 0 -1 2.2334e-7 0 -1 0 0 -1 2.07065e-7 0 -1 -3.99104e-7 0 -1 0 0 -1 -4.08974e-7 0 -1 0 0 -1 0 0 -1 -9.78391e-6 0 -1 -3.26041e-6 0 -1 -1.90349e-7 0 -1 -1.3144e-7 0 -1 5.14441e-7 0 -1 1.96789e-7 0 -1 1.69181e-6 0 -1 1.62554e-7 0 -1 5.78768e-6 0 -1 -2.26321e-7 0 -1 -5.37153e-7 0 -1 2.53158e-7 0 -1 -2.04437e-7 0 -1 2.09201e-7 0 -1 4.09096e-7 0 -1 0 0 -1 0 0 -1 -2.31447e-6 0 -1 5.65783e-7 0 -1 1.1652e-6 0 -1 1.22217e-6 0 -1 -3.25972e-7 0 -1 -6.33873e-7 0 -1 -4.16814e-7 0 -1 -1.64062e-7 0 -1 -2.69945e-7 0 -1 -2.13302e-7 0 -1 0 0 -1 3.56587e-7 0 -1 1.4057e-6 0 -1 1.23668e-6 0 -1 -1.68176e-7 0 -1 -1.92534e-6 0 -1 2.07957e-6 0 -1 3.89088e-6 0 -1 9.63823e-7 0 -1 2.07957e-6 0 -1 -2.30777e-6 0 -1 -8.98678e-7 0 -1 8.32354e-7 0 -1 1.05428e-6 0 -1 2.07345e-7 0 -1 0 0 -1 -5.62874e-7 0 -1 -6.24565e-7 0 -1 -1.58001e-7 0 -1 4.40739e-7 0 -1 6.04316e-7 0 -1 -2.10351e-7 0 -1 -6.06518e-7 0 -1 2.95662e-7 0 -1 -1.68026e-6 0 -1 2.86849e-7 0 -1 -3.04323e-7 0 -1 4.07286e-7 0 -1 -4.72814e-7 0 -1 -2.57771e-7 0 -1 -1.92426e-6 0 -1 -4.47196e-7 0 -1 -7.07125e-7 0 -1 -4.18868e-7 0 -1 -3.76673e-7 0 -1 -7.64342e-7 0 -1 -3.82499e-7 0 -1 -7.593e-7 0 -1 -9.27513e-6 0 -1 -6.72659e-6 0 -1 0 0 -1 3.1241e-7 0 -1 0 0 -1 0 0 -1 -1.2661e-5 0 -1 -1.13181e-6 0 -1 1.66364e-7 0 -1 0 0 -1 -3.08464e-7 0 -1 3.57557e-7 0 -1 1.26044e-7 0 -1 0 0 -0.5000348 -0.8660054 3.02328e-5 -0.5000369 -0.8660041 -5.81952e-6 -0.5000097 -0.8660199 6.75458e-5 -0.5000373 -0.8660039 2.88586e-5 -0.5000318 -0.8660071 -9.71823e-5 -0.499962 -0.8660475 1.22676e-4 -0.5000277 -0.8660094 6.96326e-6 -0.5000516 -0.8659957 -1.00047e-6 -0.5000054 -0.8660224 -6.81823e-5 -0.4999503 -0.8660541 -2.86717e-5 -0.4999964 -0.8660275 -2.56486e-6 -0.5000147 -0.8660169 1.06171e-6 -1 6.78585e-6 8.44011e-7 -1 1.48488e-5 0 -1 0 0 -1 0 0 -1 0 0 -1 0 0 -1 0 0 -1 0 0 -1 -2.19166e-7 0 -1 0 0 -1 -2.76263e-7 0 -1 0 0 -1 2.84417e-7 0 -1 0 0 -1 -2.47826e-7 0 -1 1.31215e-7 0 -1 -2.56334e-7 0 -1 1.92753e-7 0 -1 -1.59498e-7 0 -1 -2.74293e-7 0 -1 0 0 -1 5.75081e-7 0 -1 1.40181e-7 0 -1 2.47394e-7 0 -1 -2.4276e-7 0 -1 1.76182e-7 0 -1 0 0 -1 0 0 -1 -1.8507e-7 0 -1 1.28582e-7 0 -1 -1.53981e-7 0 -1 1.97241e-7 0 -1 -2.66531e-7 0 -1 -2.08525e-7 0 -1 -2.40696e-7 0 -1 -2.08525e-7 0 -1 -2.66531e-7 0 -1 0 0 -1 0 0 -1 0 0 -1 0 0 -1 0 0 -1 2.28805e-7 0 -1 0 0 -1 1.77343e-7 0 -1 0 0 -1 1.83318e-7 0 -1 0 0 -1 0 0 -1 0 0 -1 0 0 -1 2.50719e-7 0 -1 0 0 -1 0 0 -1 0 0 -1 2.19085e-7 0 -1 -2.76263e-7 0 -1 0 0 -1 0 0 -1 0 -6.66361e-7 -1 -1.35639e-5 0 -1 -2.36464e-6 0 -1 0 0 -1 2.36761e-6 -3.32482e-7 -1 -6.45616e-6 0 -1 -1.20293e-7 0 -1 0 0 -1 -1.74257e-7 0 -1 0 0 -1 -2.0936e-7 0 -1 0 0 -1 1.98656e-7 0 -1 0 0 -1 0 3.54461e-6 -0.500019 -0.8660144 -4.70155e-6 -0.686048 -0.7275563 3.0743e-6 -0.500016 -0.8660163 3.97442e-7 -0.6871664 -0.7265 5.2476e-6 -0.8368514 -0.5474303 -1.13947e-6 -0.8665037 -0.4991707 -1.62984e-5 -0.9410068 -0.3383877 1.15018e-6 -0.9712634 -0.2380074 -3.33879e-6 -0.9938271 -0.1109408 3.40352e-6 -0.9938262 -0.1109488 -1.0428e-5 -0.9812814 -0.1925796 1.32101e-5 -0.9410135 -0.3383691 -4.02157e-7 -0.925801 -0.3780115 9.01148e-6 -0.8369008 -0.5473545 0 -0.8513895 -0.524534 -1.23313e-5 -0.7538803 -0.6570119 1.49438e-5 -0.687215 -0.7264542 -4.2094e-6 -0.635666 -0.7719643 -1.74611e-4 -0.5000494 -0.8659969 -1.66549e-4 -0.5000277 -0.8660094 -1.00736e-4 -0.5000053 -0.8660224 6.2416e-5 -0.500002 -0.8660243 2.27201e-6 -0.500012 -0.8660185 -4.69957e-5 -0.500034 -0.8660058 0 -0.5001025 -0.8659662 2.86717e-5 -0.4999964 -0.8660275 6.81823e-5 -0.4999503 -0.8660541 0.9829767 0 -0.1837303 0.9829776 0 -0.1837254 0.9324749 0 -0.361235 0.9324768 0 -0.3612302 0.8501821 0 -0.5264889 0.8501849 0 -0.5264843 0.738963 0 -0.6737461 0.7389667 0 -0.6737419 0.6026547 0 -0.7980021 0.6026592 0 -0.7979987 0.4457795 0 -0.8951429 0.4457844 0 -0.8951405 0.2736257 0 -0.9618362 0.2736307 0 -0.9618349 0.09224218 0 -0.9957366 0.092247 0 -0.9957363 -0.09224611 0 -0.9957363 -0.0922417 0 -0.9957367 -0.2736302 0 -0.961835 -0.2736262 0 -0.9618362 -0.4457824 0 -0.8951414 -0.445779 0 -0.895143 -0.602659 0 -0.7979989 -0.6026561 0 -0.798001 -0.7389659 0 -0.6737428 -0.7389634 0 -0.6737457 -0.8501848 0 -0.5264844 -0.8501828 0 -0.5264877 -0.9324768 0 -0.3612303 -0.9324751 0 -0.3612342 -0.9829777 0 -0.1837254 -0.9829768 0 -0.1837298 -1 0 1.17812e-5 -1 0 -3.93874e-5 -0.9872467 -1.71025e-5 -0.1591984 -0.9877066 1.12304e-5 -0.1563196 -0.9881471 1.08543e-4 -0.1535096 -0.9885636 -2.6722e-6 -0.1508045 -0.9895878 1.96374e-4 -0.1439306 -0.9912303 1.63702e-5 -0.1321456 -0.9906352 3.43958e-5 -0.1365357 -0.9914436 -4.51261e-6 -0.1305363 -0.9919359 0 -0.1267403 -0.9944558 7.08625e-5 -0.1051561 -0.9960766 0 -0.08849608 -0.9968501 -1.46388e-4 -0.07930934 -0.9985082 -2.6446e-5 -0.05460304 -0.9990831 -5.94545e-5 -0.04281461 -0.9995338 -7.4269e-5 -0.03053545 -1 2.02549e-5 -5.13966e-4 -0.9999702 4.30926e-5 -0.007723212 -0.9998867 -1.7631e-4 0.01505208 -0.9991534 1.60224e-5 0.04114085 -0.9993037 -6.87169e-5 0.0373134 -0.9981604 1.11959e-5 0.06063002 -0.9964007 -1.43622e-6 0.08476912 -0.9963951 0 0.08483392 -0.9945592 1.06937e-6 0.1041737 -0.9945012 -3.83003e-6 0.1047258 -0.9922556 -1.99042e-5 0.1242135 -0.9904716 -6.77968e-6 0.1377176 -0.9897468 -3.59572e-6 0.1428329 -0.9885085 -3.18678e-5 0.1511656 -0.9871243 -2.91375e-5 0.1599549 -0.9865198 -5.39422e-5 0.1636424 -0.9846157 -8.42045e-5 0.1747342 -0.984681 -4.09401e-6 0.1743659 -0.9830024 1.23613e-5 0.1835929 -0.9825386 -1.99692e-5 0.1860595 -0.9819107 -4.5211e-5 0.1893447 -0.9814094 1.2979e-6 0.1919259 -0.9813715 1.84952e-5 0.19212 -0.9819544 3.53801e-7 0.1891183 -0.9819542 -1.66595e-6 0.1891188 -0.987274 0 0.1590291 -0.9872739 0 0.1590293 -0.996259 0 0.0864185 -0.9962589 0 0.08641928 -1 0 9.59635e-6</float_array>
          <technique_common>
            <accessor source="#thigh_r-mesh-normals-array" count="4569" stride="3">
              <param name="X" type="float"/>
              <param name="Y" type="float"/>
              <param name="Z" type="float"/>
            </accessor>
          </technique_common>
        </source>
        <source id="thigh_r-mesh-map-0">
          <float_array id="thigh_r-mesh-map-0-array" count="35316">7.304033 2.32 6.931642 2.32 7.332838 2.2125 7.332838 2.2125 6.931642 2.32 6.902838 2.2125 7.332838 2.2125 6.902838 2.2125 7.304033 2.105 7.304033 2.105 6.902838 2.2125 6.931642 2.105 7.304033 2.105 6.931642 2.105 7.225338 2.026304 7.225338 2.026304 6.931642 2.105 7.010338 2.026304 7.225338 2.026304 7.010338 2.026304 7.117838 1.9975 6.931642 2.32 7.304033 2.32 7.010338 2.398695 7.010338 2.398695 7.304033 2.32 7.225338 2.398695 7.010338 2.398695 7.225338 2.398695 7.117838 2.4275 -0.186195 -0.1075 0.186195 -0.1075 -0.215 0 -0.215 0 0.186195 -0.1075 0.215 0 -0.215 0 0.215 0 -0.186195 0.1075 -0.186195 0.1075 0.215 0 0.186195 0.1075 -0.186195 0.1075 0.186195 0.1075 -0.1075 0.186195 -0.1075 0.186195 0.186195 0.1075 0.1075 0.186195 -0.1075 0.186195 0.1075 0.186195 0 0.215 0.186195 -0.1075 -0.186195 -0.1075 0.1075 -0.186195 0.1075 -0.186195 -0.186195 -0.1075 -0.1075 -0.186195 0.1075 -0.186195 -0.1075 -0.186195 0 -0.215 -0.002499997 0.562869 1 0.562869 -0.002499997 0.675442 -0.002499997 0.675442 1 0.562869 1 0.675442 -0.002499997 -0.675442 1 -0.675442 -0.002499997 -0.562869 -0.002499997 -0.562869 1 -0.675442 1 -0.562869 -0.002499997 -0.562869 1 -0.562869 -0.002499997 -0.450295 -0.002499997 -0.450295 1 -0.562869 1 -0.450295 -0.002499997 -0.450295 1 -0.450295 -0.002499997 -0.337721 -0.002499997 -0.337721 1 -0.450295 1 -0.337721 -0.002499997 -0.337721 1 -0.337721 -0.002499997 -0.225147 -0.002499997 -0.225147 1 -0.337721 1 -0.225147 -0.002499997 -0.225147 1 -0.225147 -0.002499997 -0.112574 -0.002499997 -0.112574 1 -0.225147 1 -0.112574 -0.002499997 -0.112574 1 -0.112574 -0.002499997 0 -0.002499997 0 1 -0.112574 1 0 -0.002499997 0 1 0 -0.002499997 0.112574 -0.002499997 0.112574 1 0 1 0.112574 -0.002499997 0.112574 1 0.112574 -0.002499997 0.225147 -0.002499997 0.225147 1 0.112574 1 0.225147 -0.002499997 0.225147 1 0.225147 -0.002499997 0.337721 -0.002499997 0.337721 1 0.225147 1 0.337721 -0.002499997 0.337721 1 0.337721 -0.002499997 0.450295 -0.002499997 0.450295 1 0.337721 1 0.450295 -0.002499997 0.450295 1 0.450295 -0.002499997 0.562869 -0.002499997 0.562869 1 0.450295 1 0.562869 -0.002499997 0.562869 1 0.562869 -0.002499997 0.675442 -0.002499997 0.675442 1 0.562869 1 0.675442 -0.002499997 -0.675442 1 -0.675442 -0.002499997 -0.562869 -0.002499997 -0.562869 1 -0.675442 1 -0.562869 -0.002499997 -0.562869 1 -0.562869 -0.002499997 -0.450295 -0.002499997 -0.450295 1 -0.562869 1 -0.450295 -0.002499997 -0.450295 1 -0.450295 -0.002499997 -0.337721 -0.002499997 -0.337721 1 -0.450295 1 -0.337721 -0.002499997 -0.337721 1 -0.337721 -0.002499997 -0.225147 -0.002499997 -0.225147 1 -0.337721 1 -0.225147 -0.002499997 -0.225147 1 -0.225147 -0.002499997 -0.112574 -0.002499997 -0.112574 1 -0.225147 1 -0.112574 -0.002499997 -0.112574 1 -0.112574 -0.002499997 0 -0.002499997 0 1 -0.112574 1 0 -0.002499997 0 1 0 -0.002499997 0.112574 -0.002499997 0.112574 1 0 1 0.112574 -0.002499997 0.112574 1 0.112574 -0.002499997 0.225147 -0.002499997 0.225147 1 0.112574 1 0.225147 -0.002499997 0.225147 1 0.225147 -0.002499997 0.337721 -0.002499997 0.337721 1 0.225147 1 0.337721 -0.002499997 0.337721 1 0.337721 -0.002499997 0.450295 -0.002499997 0.450295 1 0.337721 1 0.450295 -0.002499997 0.450295 1 0.450295 -0.002499997 0.562869 -0.002499997 0.562869 1 0.450295 1 0.562869 -0.186195 -0.1075 0.186195 -0.1075 -0.215 0 -0.215 0 0.186195 -0.1075 0.215 0 -0.215 0 0.215 0 -0.186195 0.1075 -0.186195 0.1075 0.215 0 0.186195 0.1075 -0.186195 0.1075 0.186195 0.1075 -0.1075 0.186195 -0.1075 0.186195 0.186195 0.1075 0.1075 0.186195 -0.1075 0.186195 0.1075 0.186195 0 0.215 0.186195 -0.1075 -0.186195 -0.1075 0.1075 -0.186195 0.1075 -0.186195 -0.186195 -0.1075 -0.1075 -0.186195 0.1075 -0.186195 -0.1075 -0.186195 0 -0.215 7.304033 -2.105 6.931642 -2.105 7.332838 -2.2125 7.332838 -2.2125 6.931642 -2.105 6.902838 -2.2125 7.332838 -2.2125 6.902838 -2.2125 7.304033 -2.32 7.304033 -2.32 6.902838 -2.2125 6.931642 -2.32 7.304033 -2.32 6.931642 -2.32 7.225338 -2.398696 7.225338 -2.398696 6.931642 -2.32 7.010338 -2.398696 7.225338 -2.398696 7.010338 -2.398696 7.117838 -2.4275 6.931642 -2.105 7.304033 -2.105 7.010338 -2.026305 7.010338 -2.026305 7.304033 -2.105 7.225338 -2.026305 7.010338 -2.026305 7.225338 -2.026305 7.117838 -1.9975 7.604088 -1.85351 9.724843 -1.536299 7.371156 -1.35 7.371156 -1.35 9.724843 -1.536299 9.413702 -1.225158 7.371156 -1.35 9.413702 -1.225158 9.179596 -0.852582 9.724843 -1.536299 7.604088 -1.85351 10.09742 -1.770404 10.09742 -1.770404 7.604088 -1.85351 7.907407 -2.318029 10.09742 -1.770404 7.907407 -2.318029 10.51275 -1.915733 10.51275 -1.915733 7.907407 -2.318029 10.95 -1.965 10.95 -1.965 7.907407 -2.318029 8.274733 -2.733783 10.95 -1.965 8.274733 -2.733783 13.09974 -2.761992 13.09974 -2.761992 8.274733 -2.733783 12.61582 -3.078158 12.61582 -3.078158 8.274733 -2.733783 8.786246 -3.114062 12.61582 -3.078158 8.786246 -3.114062 9.402189 -3.266042 8.274733 -2.733783 8.698337 -3.092028 8.786246 -3.114062 9.402189 -3.266042 9.940364 -3.385223 12.61582 -3.078158 12.61582 -3.078158 9.940364 -3.385223 12.08645 -3.31036 12.08645 -3.31036 9.940364 -3.385223 10.45537 -3.468891 12.08645 -3.31036 10.45537 -3.468891 11.52608 -3.452265 11.52608 -3.452265 10.45537 -3.468891 10.95 -3.5 13.09974 -2.761992 13.52503 -2.370486 10.95 -1.965 10.95 -1.965 13.52503 -2.370486 11.38725 -1.915733 11.38725 -1.915733 13.52503 -2.370486 13.88008 -1.914319 11.38725 -1.915733 13.88008 -1.914319 11.80258 -1.770404 11.80258 -1.770404 13.88008 -1.914319 12.17516 -1.536299 12.17516 -1.536299 13.88008 -1.914319 14.15521 -1.405934 12.17516 -1.536299 14.15521 -1.405934 12.4863 -1.225158 12.4863 -1.225158 14.15521 -1.405934 14.3429 -0.859199 12.4863 -1.225158 14.3429 -0.859199 12.7204 -0.852582 12.7204 -0.852582 14.3429 -0.859199 12.86573 -0.437254 12.86573 -0.437254 14.3429 -0.859199 14.43805 -0.289028 12.86573 -0.437254 14.43805 -0.289028 12.915 0 12.915 0 14.43805 -0.289028 14.43805 0.289028 12.915 0 14.43805 0.289028 12.86573 0.437254 12.86573 0.437254 14.43805 0.289028 14.3429 0.859199 12.86573 0.437254 14.3429 0.859199 12.7204 0.852581 12.7204 0.852581 14.3429 0.859199 12.4863 1.225157 12.4863 1.225157 14.3429 0.859199 14.15521 1.405934 12.4863 1.225157 14.15521 1.405934 12.17516 1.536299 12.17516 1.536299 14.15521 1.405934 13.88008 1.914318 12.17516 1.536299 13.88008 1.914318 11.80258 1.770404 11.80258 1.770404 13.88008 1.914318 11.38725 1.915733 11.38725 1.915733 13.88008 1.914318 13.52503 2.370485 11.38725 1.915733 13.52503 2.370485 10.95 1.965 10.95 1.965 13.52503 2.370485 13.09974 2.761992 10.95 1.965 13.09974 2.761992 8.274871 2.733918 8.274871 2.733918 13.09974 2.761992 12.61582 3.078158 8.274871 2.733918 12.61582 3.078158 8.698546 3.09218 8.698546 3.09218 12.61582 3.078158 9.202689 3.217712 9.202689 3.217712 12.61582 3.078158 9.603439 3.31303 9.603439 3.31303 12.61582 3.078158 12.08645 3.31036 9.603439 3.31303 12.08645 3.31036 10.30108 3.448355 10.30108 3.448355 12.08645 3.31036 11.52608 3.452264 10.30108 3.448355 11.52608 3.452264 10.95 3.5 8.274871 2.733918 7.907486 2.318131 10.95 1.965 10.95 1.965 7.907486 2.318131 10.51275 1.915733 10.51275 1.915733 7.907486 2.318131 10.09742 1.770404 10.09742 1.770404 7.907486 2.318131 7.604119 1.853566 10.09742 1.770404 7.604119 1.853566 9.724843 1.536299 9.724843 1.536299 7.604119 1.853566 7.371156 1.35 9.724843 1.536299 7.371156 1.35 9.413702 1.225157 9.413702 1.225157 7.371156 1.35 9.179596 0.852581 9.179596 0.852581 7.371156 1.35 9.034268 0.437254 9.034268 0.437254 7.371156 1.35 6.109739 1.35 9.034268 0.437254 6.109739 1.35 8.985 0 8.985 0 6.109739 1.35 6.109739 -1.35 8.985 0 6.109739 -1.35 9.034268 -0.437254 9.034268 -0.437254 6.109739 -1.35 7.371156 -1.35 9.034268 -0.437254 7.371156 -1.35 9.179596 -0.852582 6.122547 1.395107 2.966965 2.070978 6.109739 1.35 6.109739 1.35 2.966965 2.070978 1.686752 1.965739 6.109739 1.35 1.686752 1.965739 0.373697 1.89722 6.122547 1.395107 6.135776 1.440093 2.966965 2.070978 2.966965 2.070978 6.135776 1.440093 6.149423 1.484954 2.966965 2.070978 6.149423 1.484954 6.180086 1.65976 6.180086 1.65976 6.165468 1.836592 2.966965 2.070978 2.966965 2.070978 6.165468 1.836592 4.194686 2.210616 4.194686 2.210616 6.165468 1.836592 6.107157 2.004213 4.194686 2.210616 6.107157 2.004213 4.401887 2.238075 4.401887 2.238075 6.107157 2.004213 4.608412 2.266652 4.608412 2.266652 6.107157 2.004213 6.008476 2.151564 4.608412 2.266652 6.008476 2.151564 4.995425 2.323542 4.995425 2.323542 6.008476 2.151564 5.875762 2.269469 4.995425 2.323542 5.875762 2.269469 5.717862 2.350337 5.544567 2.388666 5.367192 2.382551 5.717862 2.350337 5.717862 2.350337 5.367192 2.382551 4.995425 2.323542 6.109739 1.35 0.373697 1.89722 -0.736189 -1.868569 -0.736189 -1.868569 0.373697 1.89722 -0.950942 1.866023 -0.736189 -1.868569 -0.950942 1.866023 -2.071239 -1.868198 -2.071239 -1.868198 -0.950942 1.866023 -2.265132 1.871192 -2.071239 -1.868198 -2.265132 1.871192 -9.760513 0.194247 -9.760513 0.194247 -2.265132 1.871192 -3.546876 1.910375 -9.760513 0.194247 -3.546876 1.910375 -9.843872 0.573693 -9.843872 0.573693 -3.546876 1.910375 -4.775032 1.979972 -9.843872 0.573693 -4.775032 1.979972 -10.00671 0.926415 -10.00671 0.926415 -4.775032 1.979972 -5.930138 2.075287 -10.00671 0.926415 -5.930138 2.075287 -10.24143 1.235982 -10.24143 1.235982 -5.930138 2.075287 -6.995343 2.190629 -10.24143 1.235982 -6.995343 2.190629 -10.53711 1.487973 -10.53711 1.487973 -6.995343 2.190629 -10.58906 1.539531 -10.58906 1.539531 -6.995343 2.190629 -10.61898 1.606324 -10.61898 1.606324 -6.995343 2.190629 -10.62286 1.679409 -10.62286 1.679409 -6.995343 2.190629 -10.60727 1.797822 -10.60727 1.797822 -6.995343 2.190629 -7.489929 2.253777 -10.60727 1.797822 -7.489929 2.253777 -10.61492 1.884398 -10.61492 1.884398 -7.489929 2.253777 -7.957419 2.31938 -10.61492 1.884398 -7.957419 2.31938 -10.65857 1.959554 -10.65857 1.959554 -7.957419 2.31938 -8.396898 2.386475 -10.65857 1.959554 -8.396898 2.386475 -10.72998 2.009097 -10.72998 2.009097 -8.396898 2.386475 -8.807801 2.454049 -10.72998 2.009097 -8.807801 2.454049 -9.189954 2.521038 -10.72998 2.009097 -9.189954 2.521038 -11.18304 2.138747 -11.18304 2.138747 -9.189954 2.521038 -9.543606 2.586333 -11.18304 2.138747 -9.543606 2.586333 -9.869463 2.648779 -9.869463 2.648779 -10.16874 2.707176 -11.18304 2.138747 -11.18304 2.138747 -10.16874 2.707176 -11.6534 2.167535 -11.6534 2.167535 -10.16874 2.707176 -10.69523 2.806807 -11.6534 2.167535 -10.69523 2.806807 -12.5976 2.704169 -12.5976 2.704169 -10.69523 2.806807 -11.14473 2.874777 -12.5976 2.704169 -11.14473 2.874777 -12.08287 2.850622 -12.08287 2.850622 -11.14473 2.874777 -11.55 2.9 -12.5976 2.704169 -13.07665 2.46563 -11.6534 2.167535 -11.6534 2.167535 -13.07665 2.46563 -12.11888 2.094105 -12.11888 2.094105 -13.07665 2.46563 -13.50372 2.143126 -12.11888 2.094105 -13.50372 2.143126 -12.55753 1.921919 -12.55753 1.921919 -13.50372 2.143126 -13.86425 1.74764 -12.55753 1.921919 -13.86425 1.74764 -12.94868 1.659097 -12.94868 1.659097 -13.86425 1.74764 -13.27386 1.318035 -13.27386 1.318035 -13.86425 1.74764 -14.14597 1.292641 -13.27386 1.318035 -14.14597 1.292641 -13.51774 0.914815 -13.51774 0.914815 -14.14597 1.292641 -14.33929 0.793623 -13.51774 0.914815 -14.33929 0.793623 -13.66883 0.468453 -13.66883 0.468453 -14.33929 0.793623 -14.43763 0.267578 -13.66883 0.468453 -14.43763 0.267578 -13.72 0 -13.72 0 -14.43763 0.267578 -14.43763 -0.267578 -13.72 0 -14.43763 -0.267578 -13.66883 -0.468453 -13.66883 -0.468453 -14.43763 -0.267578 -14.33929 -0.793623 -13.66883 -0.468453 -14.33929 -0.793623 -13.51774 -0.914815 -13.51774 -0.914815 -14.33929 -0.793623 -14.14597 -1.292641 -13.51774 -0.914815 -14.14597 -1.292641 -13.27386 -1.318035 -13.27386 -1.318035 -14.14597 -1.292641 -13.86425 -1.747641 -13.27386 -1.318035 -13.86425 -1.747641 -12.94868 -1.659098 -12.94868 -1.659098 -13.86425 -1.747641 -12.55753 -1.921919 -12.55753 -1.921919 -13.86425 -1.747641 -13.50372 -2.143126 -12.55753 -1.921919 -13.50372 -2.143126 -12.11888 -2.094105 -12.11888 -2.094105 -13.50372 -2.143126 -13.07665 -2.46563 -12.11888 -2.094105 -13.07665 -2.46563 -11.6534 -2.167535 -11.6534 -2.167535 -13.07665 -2.46563 -12.5976 -2.70417 -11.6534 -2.167535 -12.5976 -2.70417 -10.68213 -2.804481 -10.68213 -2.804481 -12.5976 -2.70417 -11.13903 -2.874118 -11.13903 -2.874118 -12.5976 -2.70417 -12.08287 -2.850622 -11.13903 -2.874118 -12.08287 -2.850622 -11.55 -2.9 -10.68213 -2.804481 -10.14542 -2.70262 -11.6534 -2.167535 -11.6534 -2.167535 -10.14542 -2.70262 -11.18304 -2.138747 -11.18304 -2.138747 -10.14542 -2.70262 -9.839791 -2.643025 -11.18304 -2.138747 -9.839791 -2.643025 -9.506717 -2.579389 -9.506717 -2.579389 -9.144992 -2.512956 -11.18304 -2.138747 -11.18304 -2.138747 -9.144992 -2.512956 -10.72998 -2.009098 -10.72998 -2.009098 -9.144992 -2.512956 -8.753935 -2.444924 -10.72998 -2.009098 -8.753935 -2.444924 -8.333347 -2.376443 -10.72998 -2.009098 -8.333347 -2.376443 -10.65857 -1.959554 -10.65857 -1.959554 -8.333347 -2.376443 -7.883468 -2.308611 -10.65857 -1.959554 -7.883468 -2.308611 -10.61492 -1.884398 -10.61492 -1.884398 -7.883468 -2.308611 -7.404944 -2.242475 -10.61492 -1.884398 -7.404944 -2.242475 -10.60727 -1.797822 -10.60727 -1.797822 -7.404944 -2.242475 -10.62286 -1.679409 -10.62286 -1.679409 -7.404944 -2.242475 -6.898788 -2.17903 -10.62286 -1.679409 -6.898788 -2.17903 -10.61898 -1.606325 -10.61898 -1.606325 -6.898788 -2.17903 -10.58906 -1.539531 -10.58906 -1.539531 -6.898788 -2.17903 -10.53711 -1.487973 -10.53711 -1.487973 -6.898788 -2.17903 -10.24143 -1.235982 -10.24143 -1.235982 -6.898788 -2.17903 -5.809282 -2.063904 -10.24143 -1.235982 -5.809282 -2.063904 -10.00671 -0.926415 -10.00671 -0.926415 -5.809282 -2.063904 -4.629146 -1.970027 -10.00671 -0.926415 -4.629146 -1.970027 -9.843872 -0.573693 -9.843872 -0.573693 -4.629146 -1.970027 -3.376287 -1.903208 -9.843872 -0.573693 -3.376287 -1.903208 -9.760513 -0.194247 -9.760513 -0.194247 -3.376287 -1.903208 -2.071239 -1.868198 -9.760513 -0.194247 -2.071239 -1.868198 -9.760513 0.194247 6.109739 1.35 -0.736189 -1.868569 6.109739 -1.35 6.109739 -1.35 -0.736189 -1.868569 0.605905 -1.906554 6.109739 -1.35 0.605905 -1.906554 1.932181 -1.982884 6.109739 -1.35 1.932181 -1.982884 6.122547 -1.395108 6.122547 -1.395108 1.932181 -1.982884 3.220752 -2.09662 6.122547 -1.395108 3.220752 -2.09662 6.135776 -1.440094 6.135776 -1.440094 3.220752 -2.09662 6.149423 -1.484954 6.149423 -1.484954 3.220752 -2.09662 6.180086 -1.65976 6.180086 -1.65976 3.220752 -2.09662 6.165468 -1.836592 6.165468 -1.836592 3.220752 -2.09662 4.451601 -2.244966 6.165468 -1.836592 4.451601 -2.244966 6.107157 -2.004213 6.107157 -2.004213 4.451601 -2.244966 6.008476 -2.151564 6.008476 -2.151564 4.451601 -2.244966 4.921444 -2.312517 6.008476 -2.151564 4.921444 -2.312517 5.875762 -2.269469 5.875762 -2.269469 4.921444 -2.312517 5.717862 -2.350337 5.717862 -2.350337 4.921444 -2.312517 5.367192 -2.382552 5.717862 -2.350337 5.367192 -2.382552 5.544567 -2.388666 -11.51483 -3.656309 -10.95 -3.7 -10.95 -1.965 -10.95 -1.965 -10.95 -3.7 -10.52344 -3.677716 -10.95 -1.965 -10.52344 -3.677716 -10.51275 -1.915733 -10.51275 -1.915733 -10.52344 -3.677716 -10.09131 -3.617018 -10.51275 -1.915733 -10.09131 -3.617018 -9.642855 -3.526968 -9.169039 -3.415682 -9.169108 -3.415403 -9.642855 -3.526968 -9.642855 -3.526968 -9.169108 -3.415403 -10.09742 -1.770404 -9.642855 -3.526968 -10.09742 -1.770404 -10.51275 -1.915733 -9.169039 -3.415682 -8.904053 -3.349934 -9.169108 -3.415403 -9.169108 -3.415403 -8.904053 -3.349934 -8.629343 -3.280945 -10.09742 -1.770404 -9.169108 -3.415403 -9.724843 -1.536299 -9.724843 -1.536299 -9.169108 -3.415403 -8.135417 -1.625 -9.724843 -1.536299 -8.135417 -1.625 -9.413702 -1.225158 -9.413702 -1.225158 -8.135417 -1.625 -9.179596 -0.852582 -9.179596 -0.852582 -8.135417 -1.625 -7.895999 -1.111566 -9.179596 -0.852582 -7.895999 -1.111566 -9.034268 -0.437254 -9.034268 -0.437254 -7.895999 -1.111566 -7.749375 -0.564357 -9.034268 -0.437254 -7.749375 -0.564357 -8.985 0 -8.985 0 -7.749375 -0.564357 -7.7 0 -8.985 0 -7.7 0 -7.749375 0.564357 -8.985 0 -7.749375 0.564357 -9.034268 0.437254 -9.034268 0.437254 -7.749375 0.564357 -7.895999 1.111565 -9.034268 0.437254 -7.895999 1.111565 -9.179596 0.852581 -9.179596 0.852581 -7.895999 1.111565 -8.135417 1.625 -9.179596 0.852581 -8.135417 1.625 -9.413702 1.225157 -9.413702 1.225157 -8.135417 1.625 -9.724843 1.536299 -9.724843 1.536299 -8.135417 1.625 -9.169108 3.415403 -9.724843 1.536299 -9.169108 3.415403 -10.09742 1.770404 -10.09742 1.770404 -9.169108 3.415403 -9.642855 3.526968 -10.09742 1.770404 -9.642855 3.526968 -10.51275 1.915733 -10.51275 1.915733 -9.642855 3.526968 -10.09131 3.617018 -10.51275 1.915733 -10.09131 3.617018 -10.52344 3.677716 -6.99963 2.895674 -6.991799 2.893993 -6.359453 2.764313 -6.359453 2.764313 -6.342871 2.761075 -5.682052 2.638815 -5.682052 2.638815 -5.655808 2.634234 -4.968778 2.521828 -7.601222 3.030247 -8.337586 3.208051 -8.337537 3.208077 -8.337537 3.208077 -8.337586 3.208051 -8.43288 3.23175 -9.169039 3.415682 -9.642855 3.526968 -9.169108 3.415403 -10.51275 1.915733 -10.52344 3.677716 -10.95 1.965 -10.95 1.965 -10.52344 3.677716 -10.95 3.7 -10.95 1.965 -10.95 3.7 -11.50083 3.658498 -10.95 1.965 -11.50083 3.658498 -11.38725 1.915733 -11.38725 1.915733 -11.50083 3.658498 -12.03962 3.535724 -11.38725 1.915733 -12.03962 3.535724 -12.5513 3.335788 -11.38725 1.915733 -12.5513 3.335788 -11.80258 1.770404 -11.80258 1.770404 -12.5513 3.335788 -12.99671 3.082256 -11.80258 1.770404 -12.99671 3.082256 -13.36641 2.801875 -11.80258 1.770404 -13.36641 2.801875 -12.17516 1.536299 -12.17516 1.536299 -13.36641 2.801875 -13.66583 2.513158 -12.17516 1.536299 -13.66583 2.513158 -13.90752 2.223433 -12.17516 1.536299 -13.90752 2.223433 -12.4863 1.225157 -12.4863 1.225157 -13.90752 2.223433 -14.09983 1.941215 -12.4863 1.225157 -14.09983 1.941215 -14.24851 1.675849 -12.4863 1.225157 -14.24851 1.675849 -12.7204 0.852581 -12.7204 0.852581 -14.24851 1.675849 -14.35968 1.436697 -12.7204 0.852581 -14.35968 1.436697 -14.5171 0.983933 -12.7204 0.852581 -14.5171 0.983933 -12.86573 0.437254 -12.86573 0.437254 -14.5171 0.983933 -14.61379 0.517677 -12.86573 0.437254 -14.61379 0.517677 -12.915 0 -12.915 0 -14.61379 0.517677 -14.64955 0.04254299 -12.915 0 -14.64955 0.04254299 -14.62443 -0.433383 -12.915 0 -14.62443 -0.433383 -12.86573 -0.437254 -12.86573 -0.437254 -14.62443 -0.433383 -14.53849 -0.901902 -12.86573 -0.437254 -14.53849 -0.901902 -12.7204 -0.852582 -12.7204 -0.852582 -14.53849 -0.901902 -14.39251 -1.355899 -12.7204 -0.852582 -14.39251 -1.355899 -14.2911 -1.589402 -12.7204 -0.852582 -14.2911 -1.589402 -12.4863 -1.225158 -12.4863 -1.225158 -14.2911 -1.589402 -14.15141 -1.855407 -12.4863 -1.225158 -14.15141 -1.855407 -13.96439 -2.146234 -12.4863 -1.225158 -13.96439 -2.146234 -12.17516 -1.536299 -12.17516 -1.536299 -13.96439 -2.146234 -13.72217 -2.451019 -12.17516 -1.536299 -13.72217 -2.451019 -13.41745 -2.757076 -12.17516 -1.536299 -13.41745 -2.757076 -11.80258 -1.770404 -11.80258 -1.770404 -13.41745 -2.757076 -13.04094 -3.052534 -11.80258 -1.770404 -13.04094 -3.052534 -12.58852 -3.317508 -11.80258 -1.770404 -12.58852 -3.317508 -11.38725 -1.915733 -11.38725 -1.915733 -12.58852 -3.317508 -12.06658 -3.527192 -11.38725 -1.915733 -12.06658 -3.527192 -11.51483 -3.656309 -11.38725 -1.915733 -11.51483 -3.656309 -10.95 -1.965 14.52103 0 14.52103 1.5075 14.02163 0 14.02163 0 14.52103 1.5075 14.02163 1.5075 14.02163 0 14.02163 1.5075 13.49785 1.5075 14.02163 0 13.49785 1.5075 13.49785 0 13.49785 0 13.49785 1.5075 12.97448 1.5075 13.49785 0 12.97448 1.5075 12.97448 0 12.97448 0 12.97448 1.5075 12.45111 1.5075 12.97448 0 12.45111 1.5075 12.45111 0 12.45111 0 12.45111 1.5075 12.38251 1.5075 12.45111 0 12.38251 1.5075 12.38251 0 2.298387 1.507535 1.824776 1.507535 2.298407 0 2.298407 0 1.824776 1.507535 1.435246 3e-5 1.435246 3e-5 1.824776 1.507535 1.435246 1.507535 1.435246 3e-5 1.435246 1.507535 0.934474 2.9e-5 0.934474 2.9e-5 1.435246 1.507535 0.717623 1.507535 0.934474 2.9e-5 0.717623 1.507535 0.467117 3.3e-5 0.467117 3.3e-5 0.717623 1.507535 0 1.507535 0.467117 3.3e-5 0 1.507535 0 3.5e-5 -8.73819 0.3175 -9.463536 0.3175 -8.73819 0 -8.73819 0 -9.463536 0.3175 -9.856062 0 -9.856062 0 -9.463536 0.3175 -10.18888 0.3175 -9.856062 0 -10.18888 0.3175 -10.97393 0 -10.97393 0 -10.18888 0.3175 -11.04813 0.3175 -10.97393 0 -11.04813 0.3175 -11.90739 0.3175 -13.62589 0.3175 -13.20968 0 -11.90739 0.3175 -11.90739 0.3175 -13.20968 0 -12.09181 0 -11.90739 0.3175 -12.09181 0 -10.97393 0 -13.20968 0 -13.62589 0.3175 -14.32755 0 -14.32755 0 -13.62589 0.3175 -14.48514 0.3175 -14.32755 0 -14.48514 0.3175 -15.44542 0 -15.44542 0 -14.48514 0.3175 -15.3444 0.3175 -15.44542 0 -15.3444 0.3175 -16.20365 0.3175 -15.44542 0 -16.20365 0.3175 -16.5633 0 -16.5633 0 -16.20365 0.3175 -17.06291 0.3175 -16.5633 0 -17.06291 0.3175 -17.68117 0 -17.68117 0 -17.06291 0.3175 -17.92216 0.3175 -17.68117 0 -17.92216 0.3175 -18.79904 0 -18.79904 0 -17.92216 0.3175 -18.78141 0.3175 -18.79904 0 -18.78141 0.3175 -19.35798 0 -19.35798 0 -18.78141 0.3175 -19.64066 0.3175 -19.35798 0 -19.64066 0.3175 -19.91691 0 -19.91691 0 -19.64066 0.3175 -20.49992 0.3175 -19.91691 0 -20.49992 0.3175 -20.47585 0 -20.47585 0 -20.49992 0.3175 -21.03479 0 -21.03479 0 -20.49992 0.3175 -21.35917 0.3175 -21.03479 0 -21.35917 0.3175 -21.59372 0 -21.59372 0 -21.35917 0.3175 -22.21842 0.3175 -21.59372 0 -22.21842 0.3175 -22.15266 0 -22.15266 0 -22.21842 0.3175 -22.7116 0 -22.7116 0 -22.21842 0.3175 -23.07768 0.3175 -22.7116 0 -23.07768 0.3175 -23.27053 0 -23.27053 0 -23.07768 0.3175 -23.93693 0.3175 -23.27053 0 -23.93693 0.3175 -24.38841 0 -24.38841 0 -23.93693 0.3175 -24.60873 0.3175 -24.38841 0 -24.60873 0.3175 -25.28054 0.3175 -24.38841 0 -25.28054 0.3175 -25.50628 0 -25.50628 0 -25.28054 0.3175 -26.62415 0.3175 -25.50628 0 -26.62415 0.3175 -26.62415 0 0 0 0.119435 0 0 0.3175 0 0.3175 0.119435 0 0.119435 0.3175 0.3175 0 0 0 0.3175 -0.08761197 0.3175 -0.08761197 0 0 0 -0.08761197 0.3175 -0.08761197 0 -0.08761197 0.3175 -0.175224 0.3175 -0.175224 0 -0.08761197 0 -0.175224 0.3175 -0.175224 0 -0.175224 0.3175 -0.262836 0.3175 -0.262836 0 -0.175224 0 -0.262836 0.3175 4.249533 0 4.249533 0.3175 3.777363 0.3175 3.777363 0 4.249533 0 3.777363 0.3175 3.777363 0 3.777363 0.3175 3.305193 0.3175 3.305193 0 3.777363 0 3.305193 0.3175 3.305193 0 3.305193 0.3175 2.833022 0.3175 2.833022 0 3.305193 0 2.833022 0.3175 2.833022 0 2.833022 0.3175 2.360852 0.3175 2.360852 0 2.833022 0 2.360852 0.3175 2.360852 0 2.360852 0.3175 1.888681 0.3175 1.888681 0 2.360852 0 1.888681 0.3175 1.888681 0 1.888681 0.3175 1.416511 0.3175 1.416511 0 1.888681 0 1.416511 0.3175 1.416511 0 1.416511 0.3175 0.944341 0.3175 0.944341 0 1.416511 0 0.944341 0.3175 0.944341 0 0.944341 0.3175 0.47217 0.3175 0.47217 0 0.944341 0 0.47217 0.3175 0.47217 0 0.47217 0.3175 0 0.3175 0 0 0.47217 0 0 0.3175 0 0 0 0.3175 -0.47217 0.3175 -0.47217 0 0 0 -0.47217 0.3175 -0.47217 0 -0.47217 0.3175 -0.944341 0.3175 -0.944341 0 -0.47217 0 -0.944341 0.3175 -0.944341 0 -0.944341 0.3175 -1.416511 0.3175 -1.416511 0 -0.944341 0 -1.416511 0.3175 -1.416511 0 -1.416511 0.3175 -1.888681 0.3175 -1.888681 0 -1.416511 0 -1.888681 0.3175 -1.888681 0 -1.888681 0.3175 -2.360852 0.3175 -2.360852 0 -1.888681 0 -2.360852 0.3175 -2.360852 0 -2.360852 0.3175 -2.833022 0.3175 -2.833022 0 -2.360852 0 -2.833022 0.3175 -2.833022 0 -2.833022 0.3175 -3.305193 0.3175 -3.305193 0 -2.833022 0 -3.305193 0.3175 -3.305193 0 -3.305193 0.3175 -3.777363 0.3175 -3.777363 0 -3.305193 0 -3.777363 0.3175 -3.777363 0 -3.777363 0.3175 -4.249533 0.3175 -4.249533 0 -3.777363 0 -4.249533 0.3175 0 0 0 0.3175 -0.08761197 0.3175 -0.08761197 0 0 0 -0.08761197 0.3175 -0.08761197 0 -0.08761197 0.3175 -0.175224 0.3175 -0.175224 0 -0.08761197 0 -0.175224 0.3175 -0.175224 0 -0.175224 0.3175 -0.262836 0.3175 -0.262836 0 -0.175224 0 -0.262836 0 0 0.119435 0 0 0.3175 0 0.3175 0.119435 0 0.119435 0.3175 -0.3175 -0.220806 0 -0.220806 -0.3175 -0.147204 -0.3175 -0.147204 0 -0.220806 0 -0.147204 -0.3175 -0.147204 0 -0.147204 -0.3175 -0.07360196 -0.3175 -0.07360196 0 -0.147204 0 -0.07360196 -0.3175 -0.07360196 0 -0.07360196 -0.3175 0 -0.3175 0 0 -0.07360196 0 0 0.3175 0 0 0 0.3175 -0.389253 0.3175 -0.389253 0 0 0 -0.389253 0.3175 -0.389253 0 -0.389253 0.3175 -0.778505 0.3175 -0.778505 0 -0.389253 0 -0.778505 0.3175 -0.778505 0 -0.778505 0.3175 -1.167758 0.3175 -1.167758 0 -0.778505 0 -1.167758 0.3175 -1.167758 0 -1.167758 0.3175 -1.55701 0.3175 -1.55701 0 -1.167758 0 -1.55701 0.3175 -1.55701 0 -1.55701 0.3175 -1.946263 0.3175 -1.946263 0 -1.55701 0 -1.946263 0.3175 -1.946263 0 -1.946263 0.3175 -2.335515 0.3175 -2.335515 0 -1.946263 0 -2.335515 0.3175 -2.335515 0 -2.335515 0.3175 -2.724768 0.3175 -2.724768 0 -2.335515 0 -2.724768 0.3175 -2.724768 0 -2.724768 0.3175 -3.11402 0.3175 -3.11402 0 -2.724768 0 -3.11402 0.3175 -3.11402 0 -3.11402 0.3175 -3.503273 0.3175 -3.503273 0 -3.11402 0 -3.503273 -0.3175 -0.220806 0 -0.220806 -0.3175 -0.147204 -0.3175 -0.147204 0 -0.220806 0 -0.147204 -0.3175 -0.147204 0 -0.147204 -0.3175 -0.07360196 -0.3175 -0.07360196 0 -0.147204 0 -0.07360196 -0.3175 -0.07360196 0 -0.07360196 -0.3175 0 -0.3175 0 0 -0.07360196 0 0 0.3175 -5.732285 0 -5.732285 0.3175 -6.17323 0.3175 -6.17323 0 -5.732285 0 -6.17323 0.3175 6.17323 0 6.17323 0.3175 5.732285 0.3175 5.732285 0 6.17323 0 5.732285 0.3175 5.732285 0 5.732285 0.3175 5.29134 0.3175 5.29134 0 5.732285 0 5.29134 0.3175 5.29134 0 5.29134 0.3175 4.850395 0.3175 4.850395 0 5.29134 0 4.850395 0.3175 4.850395 0 4.850395 0.3175 4.40945 0.3175 4.40945 0 4.850395 0 4.40945 0.3175 4.40945 0 4.40945 0.3175 3.968505 0.3175 3.968505 0 4.40945 0 3.968505 0.3175 3.968505 0 3.968505 0.3175 3.52756 0.3175 3.52756 0 3.968505 0 3.52756 0.3175 3.52756 0 3.52756 0.3175 3.086615 0.3175 3.086615 0 3.52756 0 3.086615 0.3175 3.086615 0 3.086615 0.3175 2.64567 0.3175 2.64567 0 3.086615 0 2.64567 0.3175 2.64567 0 2.64567 0.3175 2.204725 0.3175 2.204725 0 2.64567 0 2.204725 0.3175 2.204725 0 2.204725 0.3175 1.76378 0.3175 1.76378 0 2.204725 0 1.76378 0.3175 1.76378 0 1.76378 0.3175 1.322835 0.3175 1.322835 0 1.76378 0 1.322835 0.3175 1.322835 0 1.322835 0.3175 0.88189 0.3175 0.88189 0 1.322835 0 0.88189 0.3175 0.88189 0 0.88189 0.3175 0.440945 0.3175 0.440945 0 0.88189 0 0.440945 0.3175 0.440945 0 0.440945 0.3175 0 0.3175 0 0 0.440945 0 0 0.3175 0 0 0 0.3175 -0.440945 0.3175 -0.440945 0 0 0 -0.440945 0.3175 -0.440945 0 -0.440945 0.3175 -0.88189 0.3175 -0.88189 0 -0.440945 0 -0.88189 0.3175 -0.88189 0 -0.88189 0.3175 -1.322835 0.3175 -1.322835 0 -0.88189 0 -1.322835 0.3175 -1.322835 0 -1.322835 0.3175 -1.76378 0.3175 -1.76378 0 -1.322835 0 -1.76378 0.3175 -1.76378 0 -1.76378 0.3175 -2.204725 0.3175 -2.204725 0 -1.76378 0 -2.204725 0.3175 -2.204725 0 -2.204725 0.3175 -2.64567 0.3175 -2.64567 0 -2.204725 0 -2.64567 0.3175 -2.64567 0 -2.64567 0.3175 -3.086615 0.3175 -3.086615 0 -2.64567 0 -3.086615 0.3175 -3.086615 0 -3.086615 0.3175 -3.52756 0.3175 -3.52756 0 -3.086615 0 -3.52756 0.3175 -3.52756 0 -3.52756 0.3175 -3.968505 0.3175 -3.968505 0 -3.52756 0 -3.968505 0.3175 -3.968505 0 -3.968505 0.3175 -4.40945 0.3175 -4.40945 0 -3.968505 0 -4.40945 0.3175 -4.40945 0 -4.40945 0.3175 -4.850395 0.3175 -4.850395 0 -4.40945 0 -4.850395 0.3175 -4.850395 0 -4.850395 0.3175 -5.29134 0.3175 -5.29134 0 -4.850395 0 -5.29134 0.3175 -5.29134 0 -5.29134 0.3175 -5.732285 0.3175 -5.732285 0 -5.29134 0 -5.732285 -0.3175 -9.110619 0 -9.110619 -0.3175 -8.574701 -0.3175 -8.574701 0 -9.110619 0 -8.574701 -0.3175 -8.574701 0 -8.574701 -0.3175 -8.038782 -0.3175 -8.038782 0 -8.574701 0 -8.038782 -0.3175 -8.038782 0 -8.038782 -0.3175 -7.502862 -0.3175 -7.502862 0 -8.038782 0 -7.502862 -0.3175 -7.502862 0 -7.502862 -0.3175 -6.966944 -0.3175 -6.966944 0 -7.502862 0 -6.966944 -0.3175 -6.966944 0 -6.966944 -0.3175 -6.431025 -0.3175 -6.431025 0 -6.966944 0 -6.431025 -0.3175 -6.431025 0 -6.431025 -0.3175 -5.895106 -0.3175 -5.895106 0 -6.431025 0 -5.895106 -0.3175 -5.895106 0 -5.895106 -0.3175 -5.359187 -0.3175 -5.359187 0 -5.895106 0 -5.359187 -0.3175 -5.359187 0 -5.359187 -0.3175 -4.823269 -0.3175 -4.823269 0 -5.359187 0 -4.823269 -0.3175 -4.823269 0 -4.823269 -0.3175 -4.28735 -0.3175 -4.28735 0 -4.823269 0 -4.28735 -0.3175 -4.28735 0 -4.28735 -0.3175 -3.751431 -0.3175 -3.751431 0 -4.28735 0 -3.751431 -0.3175 -3.751431 0 -3.751431 -0.3175 -3.215512 -0.3175 -3.215512 0 -3.751431 0 -3.215512 -0.3175 -3.215512 0 -3.215512 -0.3175 -2.679594 -0.3175 -2.679594 0 -3.215512 0 -2.679594 -0.3175 -2.679594 0 -2.679594 -0.3175 -2.143675 -0.3175 -2.143675 0 -2.679594 0 -2.143675 -0.3175 -2.143675 0 -2.143675 -0.3175 -1.607756 -0.3175 -1.607756 0 -2.143675 0 -1.607756 -0.3175 -1.607756 0 -1.607756 -0.3175 -1.071837 -0.3175 -1.071837 0 -1.607756 0 -1.071837 -0.3175 -1.071837 0 -1.071837 -0.3175 -0.535919 -0.3175 -0.535919 0 -1.071837 0 -0.535919 -0.3175 -0.535919 0 -0.535919 -0.3175 0 -0.3175 0 0 -0.535919 0 0 8.56639 0.3175 8.56639 0 9.118302 0.3175 9.118302 0.3175 8.56639 0 9.708706 0 9.118302 0.3175 9.708706 0 9.419599 0.3175 9.419599 0.3175 9.708706 0 9.653723 0.3175 9.653723 0.3175 9.708706 0 9.965003 0.3175 9.965003 0.3175 9.708706 0 10.27281 0.3175 10.27281 0.3175 9.708706 0 10.85102 0 10.27281 0.3175 10.85102 0 11.72173 0.3175 11.72173 0.3175 10.85102 0 11.99334 0 11.72173 0.3175 11.99334 0 13.17065 0.3175 13.17065 0.3175 11.99334 0 13.13565 0 13.17065 0.3175 13.13565 0 14.27797 0 13.17065 0.3175 14.27797 0 14.61957 0.3175 14.61957 0.3175 14.27797 0 15.42029 0 14.61957 0.3175 15.42029 0 16.06849 0.3175 16.06849 0.3175 15.42029 0 16.5626 0 16.06849 0.3175 16.5626 0 16.79295 0.3175 16.79295 0.3175 16.5626 0 17.70492 0 16.79295 0.3175 17.70492 0 17.51741 0.3175 17.51741 0.3175 17.70492 0 18.24187 0.3175 18.24187 0.3175 17.70492 0 18.84724 0 18.24187 0.3175 18.84724 0 18.96633 0.3175 18.96633 0.3175 18.84724 0 19.41839 0 18.96633 0.3175 19.41839 0 19.69079 0.3175 19.69079 0.3175 19.41839 0 19.98955 0 19.69079 0.3175 19.98955 0 20.41525 0.3175 20.41525 0.3175 19.98955 0 20.56071 0 20.41525 0.3175 20.56071 0 21.13971 0.3175 21.13971 0.3175 20.56071 0 21.13187 0 21.13971 0.3175 21.13187 0 21.70303 0 21.13971 0.3175 21.70303 0 21.86417 0.3175 21.86417 0.3175 21.70303 0 22.27418 0 21.86417 0.3175 22.27418 0 22.48658 0.3175 22.48658 0.3175 22.27418 0 22.84534 0 22.48658 0.3175 22.84534 0 23.10899 0.3175 23.10899 0.3175 22.84534 0 23.4165 0 23.10899 0.3175 23.4165 0 23.7314 0.3175 23.7314 0.3175 23.4165 0 24.55882 0 23.7314 0.3175 24.55882 0 24.35381 0.3175 24.35381 0.3175 24.55882 0 25.59863 0.3175 25.59863 0.3175 24.55882 0 25.70113 0 25.59863 0.3175 25.70113 0 26.84345 0.3175 26.84345 0.3175 25.70113 0 26.84345 0 9.25 -2.531912 9.843872 -0.573693 9.25 0 9.25 0 9.843872 -0.573693 9.760513 -0.194247 9.25 0 9.760513 -0.194247 9.760513 0.194247 9.633872 -2.603445 10.24143 -1.235982 9.25 -2.531912 9.25 -2.531912 10.24143 -1.235982 10.00671 -0.926415 9.25 -2.531912 10.00671 -0.926415 9.843872 -0.573693 9.633872 -2.603445 9.984187 -2.671114 10.24143 -1.235982 10.24143 -1.235982 9.984187 -2.671114 10.60727 -1.797822 10.24143 -1.235982 10.60727 -1.797822 10.53711 -1.487973 10.53711 -1.487973 10.60727 -1.797822 10.62286 -1.679409 10.53711 -1.487973 10.62286 -1.679409 10.58906 -1.539531 10.58906 -1.539531 10.62286 -1.679409 10.61898 -1.606325 10.60727 -1.797822 9.984187 -2.671114 10.61492 -1.884398 10.61492 -1.884398 9.984187 -2.671114 10.30281 -2.733282 10.61492 -1.884398 10.30281 -2.733282 10.65857 -1.959554 10.65857 -1.959554 10.30281 -2.733282 10.72998 -2.009098 10.72998 -2.009098 10.30281 -2.733282 10.59247 -2.78825 10.72998 -2.009098 10.59247 -2.78825 11.18304 -2.138747 11.18304 -2.138747 10.59247 -2.78825 11.1005 -2.86948 11.18304 -2.138747 11.1005 -2.86948 11.55 -2.9 11.18304 -2.138747 11.55 -2.9 11.6534 -2.167535 11.6534 -2.167535 11.55 -2.9 12.08287 -2.850622 11.6534 -2.167535 12.08287 -2.850622 12.11888 -2.094105 12.11888 -2.094105 12.08287 -2.850622 12.5976 -2.70417 12.11888 -2.094105 12.5976 -2.70417 12.55753 -1.921919 12.55753 -1.921919 12.5976 -2.70417 13.07665 -2.46563 12.55753 -1.921919 13.07665 -2.46563 12.94868 -1.659098 12.94868 -1.659098 13.07665 -2.46563 13.50372 -2.143126 12.94868 -1.659098 13.50372 -2.143126 13.27386 -1.318035 13.27386 -1.318035 13.50372 -2.143126 13.86425 -1.747641 13.27386 -1.318035 13.86425 -1.747641 13.51774 -0.914815 13.51774 -0.914815 13.86425 -1.747641 14.14597 -1.292641 13.51774 -0.914815 14.14597 -1.292641 14.33929 -0.793623 13.51774 -0.914815 14.33929 -0.793623 13.66883 -0.468453 13.66883 -0.468453 14.33929 -0.793623 14.43763 -0.267578 13.66883 -0.468453 14.43763 -0.267578 13.72 0 13.72 0 14.43763 -0.267578 14.43763 0.267578 13.72 0 14.43763 0.267578 13.66883 0.468453 13.66883 0.468453 14.43763 0.267578 14.33929 0.793623 13.66883 0.468453 14.33929 0.793623 13.51774 0.914815 13.51774 0.914815 14.33929 0.793623 14.14597 1.292641 13.51774 0.914815 14.14597 1.292641 13.86425 1.74764 13.51774 0.914815 13.86425 1.74764 13.27386 1.318035 13.27386 1.318035 13.86425 1.74764 13.50372 2.143126 13.27386 1.318035 13.50372 2.143126 12.94868 1.659097 12.94868 1.659097 13.50372 2.143126 13.07665 2.46563 12.94868 1.659097 13.07665 2.46563 12.55753 1.921919 12.55753 1.921919 13.07665 2.46563 12.5976 2.704169 12.55753 1.921919 12.5976 2.704169 12.11888 2.094105 12.11888 2.094105 12.5976 2.704169 12.08287 2.850622 12.11888 2.094105 12.08287 2.850622 11.6534 2.167535 11.6534 2.167535 12.08287 2.850622 11.55 2.9 11.6534 2.167535 11.55 2.9 11.18304 2.138747 11.18304 2.138747 11.55 2.9 11.05875 2.864129 11.18304 2.138747 11.05875 2.864129 10.78905 2.82305 11.18304 2.138747 10.78905 2.82305 10.72998 2.009097 10.72998 2.009097 10.78905 2.82305 10.49332 2.769777 10.72998 2.009097 10.49332 2.769777 10.65857 1.959554 10.65857 1.959554 10.49332 2.769777 10.61492 1.884398 10.61492 1.884398 10.49332 2.769777 9.558142 1.15 10.61492 1.884398 9.558142 1.15 10.24143 1.235982 10.24143 1.235982 9.558142 1.15 10.00671 0.926415 10.00671 0.926415 9.558142 1.15 9.843872 0.573693 9.843872 0.573693 9.558142 1.15 9.388708 0.786646 9.843872 0.573693 9.388708 0.786646 9.284942 0.399391 9.843872 0.573693 9.284942 0.399391 9.760513 0.194247 9.760513 0.194247 9.284942 0.399391 9.25 0 10.61492 1.884398 10.24143 1.235982 10.60727 1.797822 10.60727 1.797822 10.24143 1.235982 10.53711 1.487973 10.60727 1.797822 10.53711 1.487973 10.62286 1.679409 10.62286 1.679409 10.53711 1.487973 10.58906 1.539531 10.62286 1.679409 10.58906 1.539531 10.61898 1.606324 1.325 -5.497787 2.8325 -5.497787 1.325 -4.919073 1.325 -4.919073 2.8325 -5.497787 2.8325 -4.919073 1.325 -4.919073 2.8325 -4.919073 1.325 -4.340358 1.325 -4.340358 2.8325 -4.919073 2.8325 -4.340358 1.325 -4.340358 2.8325 -4.340358 1.325 -3.761644 1.325 -3.761644 2.8325 -4.340358 2.8325 -3.761644 1.325 -3.761644 2.8325 -3.761644 1.325 -3.182929 1.325 -3.182929 2.8325 -3.761644 2.8325 -3.182929 1.325 -3.182929 2.8325 -3.182929 1.325 -2.604215 1.325 -2.604215 2.8325 -3.182929 2.8325 -2.604215 1.325 -2.604215 2.8325 -2.604215 1.325 -2.025501 1.325 -2.025501 2.8325 -2.604215 2.8325 -2.025501 1.325 -2.025501 2.8325 -2.025501 1.325 -1.446786 1.325 -1.446786 2.8325 -2.025501 2.8325 -1.446786 1.325 -1.446786 2.8325 -1.446786 1.325 -0.868072 1.325 -0.868072 2.8325 -1.446786 2.8325 -0.868072 1.325 -0.868072 2.8325 -0.868072 1.325 -0.289357 1.325 -0.289357 2.8325 -0.868072 2.8325 -0.289357 1.325 -0.289357 2.8325 -0.289357 1.325 0.289357 1.325 0.289357 2.8325 -0.289357 2.8325 0.289357 1.325 0.289357 2.8325 0.289357 1.325 0.868072 1.325 0.868072 2.8325 0.289357 2.8325 0.868072 1.325 0.868072 2.8325 0.868072 1.325 1.446786 1.325 1.446786 2.8325 0.868072 2.8325 1.446786 1.325 1.446786 2.8325 1.446786 1.325 2.025501 1.325 2.025501 2.8325 1.446786 2.8325 2.025501 1.325 2.025501 2.8325 2.025501 1.325 2.604215 1.325 2.604215 2.8325 2.025501 2.8325 2.604215 1.325 2.604215 2.8325 2.604215 1.325 3.182929 1.325 3.182929 2.8325 2.604215 2.8325 3.182929 1.325 3.182929 2.8325 3.182929 1.325 3.761644 1.325 3.761644 2.8325 3.182929 2.8325 3.761644 1.325 3.761644 2.8325 3.761644 1.325 4.340358 1.325 4.340358 2.8325 3.761644 2.8325 4.340358 1.325 4.340358 2.8325 4.340358 1.325 4.919073 1.325 4.919073 2.8325 4.340358 2.8325 4.919073 1.325 4.919073 2.8325 4.919073 1.325 5.497787 1.325 5.497787 2.8325 4.919073 2.8325 5.497787 21.28884 5.983861 21.544 3.151361 21.7337 5.983861 21.7337 5.983861 21.544 3.151361 21.63891 3.151361 21.7337 5.983861 21.63891 3.151361 21.7337 3.151361 20.81808 5.983861 21.1157 3.180097 21.28884 5.983861 21.28884 5.983861 21.1157 3.180097 21.35381 3.151361 21.28884 5.983861 21.35381 3.151361 21.44897 3.151361 20.81808 6.301361 20.22811 6.301361 20.81808 5.983861 20.81808 5.983861 20.22811 6.301361 20.48516 3.651361 20.81808 5.983861 20.48516 3.651361 20.62447 3.465303 20.22811 6.301361 19.63814 6.301361 20.48516 3.651361 20.48516 3.651361 19.63814 6.301361 19.28831 6.301361 20.48516 3.651361 19.28831 6.301361 18.93848 6.301361 20.62447 3.465303 20.85387 3.28486 20.81808 5.983861 20.81808 5.983861 20.85387 3.28486 21.1157 3.180097 21.44897 3.151361 21.544 3.151361 21.28884 5.983861 -10.24338 2.687562 -9.4627 2.742006 -10.66832 2.769778 -10.66832 2.769778 -9.4627 2.742006 -9.847183 2.814499 -10.66832 2.769778 -9.847183 2.814499 -10.19573 2.882431 -9.4627 2.742006 -10.24338 2.687562 -9.278413 2.708546 -9.278413 2.708546 -10.24338 2.687562 -9.758371 2.593852 -9.278413 2.708546 -9.758371 2.593852 -8.788461 2.62419 -8.788461 2.62419 -9.758371 2.593852 -8.25347 2.539628 -8.25347 2.539628 -9.758371 2.593852 -9.208082 2.493069 -8.25347 2.539628 -9.208082 2.493069 -7.676426 2.457035 -7.676426 2.457035 -9.208082 2.493069 -8.590182 2.389383 -7.676426 2.457035 -8.590182 2.389383 -7.060325 2.378587 -7.060325 2.378587 -8.590182 2.389383 -7.904817 2.286709 -7.060325 2.378587 -7.904817 2.286709 -6.284396 2.293756 -6.284396 2.293756 -7.904817 2.286709 -7.154313 2.188689 -6.284396 2.293756 -7.154313 2.188689 -5.47089 2.220043 -5.47089 2.220043 -7.154313 2.188689 -6.342889 2.098673 -5.47089 2.220043 -6.342889 2.098673 -3.77203 2.112508 -3.77203 2.112508 -6.342889 2.098673 -5.476384 2.01971 -3.77203 2.112508 -5.476384 2.01971 -4.561983 1.954529 -4.561983 1.954529 -3.607936 1.905522 -3.77203 2.112508 -3.77203 2.112508 -3.607936 1.905522 -1.990604 2.065645 -1.990604 2.065645 -3.607936 1.905522 -2.623291 1.874728 -1.990604 2.065645 -2.623291 1.874728 -1.617654 1.863796 -1.990604 2.065645 -1.617654 1.863796 -0.2198629 2.083422 -0.2198629 2.083422 -1.617654 1.863796 0.416699 1.905951 -0.2198629 2.083422 0.416699 1.905951 1.425389 1.960039 2.415454 2.03591 2.41543 2.036179 1.425389 1.960039 1.425389 1.960039 2.41543 2.036179 0.786719 2.123154 1.425389 1.960039 0.786719 2.123154 -0.2198629 2.083422 2.415454 2.03591 3.229986 2.116268 2.41543 2.036179 2.41543 2.036179 3.229986 2.116268 4.019686 2.210617 2.41543 2.036179 2.41543 2.236969 0.786719 2.123154 -10.19573 2.882431 -10.51211 2.944144 -10.66832 2.769778 -10.66832 2.769778 -10.51211 2.944144 -10.80007 2.99798 0.159111 -5.246052 0 -5.277399 0.212132 -5.381356 0.212132 -5.381356 0 -5.277399 0 -5.381356 0.212132 -5.381356 0 -5.381356 0.212132 -6.105129 0.212132 -6.105129 0 -5.381356 0 -6.105129 0.212132 -6.105129 0 -6.105129 0.212132 -6.828902 0.212132 -6.828902 0 -6.105129 0 -6.828902 0.212132 -6.828902 0 -6.828902 0.212132 -7.552674 0.212132 -7.552674 0 -6.828902 0 -7.552674 0.212132 -7.552674 0 -7.552674 0.212132 -8.276448 0.212132 -8.276448 0 -7.552674 0 -8.276448 0.212132 -8.276448 0 -8.276448 0.212132 -9.136022 0.212132 -9.136022 0 -8.276448 0 -9.136022 0.212132 -9.136022 0 -9.136022 0.212132 -9.995596 0.212132 -9.995596 0 -9.136022 0 -9.995596 0.212132 -9.995596 0 -9.995596 0.212132 -11.71474 0.212132 -11.71474 0 -9.995596 0 -11.71474 0.212132 -11.71474 0 -11.71474 0.212132 -12.38825 0.212132 -12.38825 0 -11.71474 0 -13.48269 0.212132 -12.38825 0 -13.48269 0.212132 -13.81944 0.212132 -13.81944 0 -13.48269 0 -15.25064 0.212132 -13.81944 0 -15.25064 0.212132 -15.25064 0.212132 -15.25064 0 -15.25064 0.212132 -16.26308 0.212132 -15.25064 0.212132 -16.26308 0.636396 -16.26308 0.636396 -16.26308 0.212132 -16.26308 0.212132 -17.67499 0.636396 -16.26308 0.212132 -17.67499 0.636403 -17.93457 0.636403 -17.93457 0.212132 -17.67499 0.212132 -19.08689 0.636403 -17.93457 0.212132 -19.08689 0.6364 -19.21667 0.6364 -19.21667 0.212132 -19.08689 0.212132 -20.49878 0.6364 -19.21667 0.212132 -20.49878 0.636396 -20.49875 0.636396 -20.49875 0.212132 -20.49878 0.636397 -20.54203 0.636397 -20.54203 0.212132 -20.49878 0.212132 -21.35937 0.636397 -20.54203 0.212132 -21.35937 0.636397 -21.39181 0.636397 -21.39181 0.212132 -21.35937 0.212132 -22.21995 0.636397 -21.39181 0.212132 -22.21995 0.636396 -22.24159 0.636396 -22.24159 0.212132 -22.21995 0.212132 -23.08054 0.636396 -22.24159 0.212132 -23.08054 0.636397 -23.09137 0.636397 -23.09137 0.212132 -23.08054 0.212132 -23.94113 0.636397 -23.09137 0.212132 -23.94113 0.636396 -23.94116 0.636396 -23.94116 0.212132 -23.94113 0.212132 -25.06775 0.636396 -23.94116 0.212132 -25.06775 0.636365 -25.15115 0.636365 -25.15115 0.212132 -25.06775 0.636396 -25.54448 0.636396 -25.54448 0.212132 -25.06775 0.212132 -25.77217 0.636396 -25.54448 0.212132 -25.77217 0.333635 -26.12283 0.333635 -26.12283 0.212132 -25.77217 0.01581096 -25.7599 0.01581096 -25.7599 0.212132 -25.77217 0 -25.74209 0 -25.74209 0.212132 -25.77217 0.212132 -25.06775 0 -25.74209 0.212132 -25.06775 0 -25.06775 0 -25.06775 0.212132 -25.06775 0.212132 -23.94113 0 -25.06775 0.212132 -23.94113 0 -23.94112 0 -23.94112 0.212132 -23.94113 0 -23.08054 0 -23.08054 0.212132 -23.94113 0.212132 -23.08054 0 -23.08054 0.212132 -23.08054 0 -22.21995 0 -22.21995 0.212132 -23.08054 0.212132 -22.21995 0 -22.21995 0.212132 -22.21995 0 -21.35937 0 -21.35937 0.212132 -22.21995 0.212132 -21.35937 0 -21.35937 0.212132 -21.35937 0 -20.49879 0 -20.49879 0.212132 -21.35937 0.212132 -20.49878 0 -20.49879 0.212132 -20.49878 0 -19.43986 0 -19.43986 0.212132 -20.49878 0.212132 -19.08689 0 -19.43986 0.212132 -19.08689 0 -18.38094 0 -18.38094 0.212132 -19.08689 0.212132 -17.67499 0 -18.38094 0.212132 -17.67499 0 -17.32201 0 -17.32201 0.212132 -17.67499 0.212132 -16.26308 0 -17.32201 0.212132 -16.26308 0 -16.26308 0 -16.26308 0.212132 -16.26308 0 -15.25064 0.333635 -26.12283 0.484865 -26.29873 0.636396 -25.54448 0.636396 -25.54448 0.484865 -26.29873 0.636396 -26.47658 0.636396 -16.26308 0.636396 -15.25064 0.212132 -15.25064 0.212132 -15.25064 0.636396 -15.25064 0.212132 -13.81944 0.636396 -15.25064 0.636395 -13.47141 0.212132 -13.81944 0.212132 -13.81944 0.636395 -13.47141 0.212132 -12.38825 0.636395 -13.47141 0.636396 -11.71474 0.212132 -12.38825 0.212132 -12.38825 0.636396 -11.71474 0.212132 -11.71474 0.636396 -11.71474 0.636415 -10.81993 0.212132 -11.71474 0.212132 -11.71474 0.636415 -10.81993 0.212132 -9.995596 0.636415 -10.81993 0.636396 -9.931916 0.212132 -9.995596 0.212132 -9.995596 0.636396 -9.931916 0.212132 -9.136022 0.636396 -9.931916 0.636385 -9.081856 0.212132 -9.136022 0.212132 -9.136022 0.636385 -9.081856 0.212132 -8.276448 0.636385 -9.081856 0.636396 -8.276448 0.212132 -8.276448 0.212132 -8.276448 0.636396 -8.276448 0.636398 -7.836156 0.212132 -8.276448 0.636398 -7.836156 0.212132 -7.552674 0.212132 -7.552674 0.636398 -7.836156 0.636398 -7.410825 0.212132 -7.552674 0.636398 -7.410825 0.636394 -7.00421 0.212132 -7.552674 0.636394 -7.00421 0.212132 -6.828902 0.212132 -6.828902 0.636394 -7.00421 0.636354 -6.620509 0.212132 -6.828902 0.636354 -6.620509 0.212132 -6.105129 0.212132 -6.105129 0.636354 -6.620509 0.636318 -6.262865 0.212132 -6.105129 0.636318 -6.262865 0.636322 -5.934543 0.636322 -5.934543 0.636364 -5.639306 0.212132 -6.105129 0.212132 -6.105129 0.636364 -5.639306 0.212132 -5.381356 0.636364 -5.639306 0.636396 -5.381356 0.212132 -5.381356 0.212132 -5.381356 0.636396 -5.381356 0.159111 -5.246052 0.636396 -5.150057 0.477309 -5.182384 0.636396 -5.381356 0.636396 -5.381356 0.477309 -5.182384 0.318214 -5.214381 0.636396 -5.381356 0.318214 -5.214381 0.159111 -5.246052 -0.186195 2.2925 0.186195 2.2925 -0.215 2.4 -0.215 2.4 0.186195 2.2925 0.215 2.4 -0.215 2.4 0.215 2.4 -0.186195 2.5075 -0.186195 2.5075 0.215 2.4 0.186195 2.5075 -0.186195 2.5075 0.186195 2.5075 -0.1075 2.586195 -0.1075 2.586195 0.186195 2.5075 0.1075 2.586195 -0.1075 2.586195 0.1075 2.586195 0 2.615 0.186195 2.2925 -0.186195 2.2925 0.1075 2.213805 0.1075 2.213805 -0.186195 2.2925 -0.1075 2.213805 0.1075 2.213805 -0.1075 2.213805 0 2.185 1 -0.562869 0 -0.562869 1 -0.675442 1 -0.675442 0 -0.562869 0 -0.675442 1 0.675442 0 0.675442 1 0.562869 1 0.562869 0 0.675442 0 0.562869 1 0.562869 0 0.562869 1 0.450295 1 0.450295 0 0.562869 0 0.450295 1 0.450295 0 0.450295 1 0.337721 1 0.337721 0 0.450295 0 0.337721 1 0.337721 0 0.337721 1 0.225147 1 0.225147 0 0.337721 0 0.225147 1 0.225147 0 0.225147 1 0.112574 1 0.112574 0 0.225147 0 0.112574 1 0.112574 0 0.112574 1 0 1 0 0 0.112574 0 0 1 0 0 0 1 -0.112574 1 -0.112574 0 0 0 -0.112574 1 -0.112574 0 -0.112574 1 -0.225147 1 -0.225147 0 -0.112574 0 -0.225147 1 -0.225147 0 -0.225147 1 -0.337721 1 -0.337721 0 -0.225147 0 -0.337721 1 -0.337721 0 -0.337721 1 -0.450295 1 -0.450295 0 -0.337721 0 -0.450295 1 -0.450295 0 -0.450295 1 -0.562869 1 -0.562869 0 -0.450295 0 -0.562869 0 0.95 -1.261417 0.95 0 0 0 0 -1.261417 0.95 -1.261417 0 0.899878 0.19635 -0.361539 0.19635 0.905274 0.09695798 0.905274 0.09695798 -0.361539 0.19635 -0.354108 0.09601396 0.905274 0.09695798 -0.354108 0.09601396 -0.334131 -0.002529978 0.905274 0.09695798 -0.334131 -0.002529978 0.919975 -0.001441955 0.919975 -0.001441955 -0.334131 -0.002529978 -0.306554 -0.09985697 0.919975 -0.001441955 -0.306554 -0.09985697 0.940513 -0.09914797 0.940513 -0.09914797 -0.306554 -0.09985697 0.962741 -0.19635 0.962741 -0.19635 -0.306554 -0.09985697 -0.276966 -0.19635 -0.638505 -1.1 0.601202 -1.1 -0.517533 -0.555902 -0.517533 -0.555902 0.601202 -1.1 0.692516 -0.553366 -0.517533 -0.555902 0.692516 -0.553366 -0.476922 0 -0.476922 0 0.692516 -0.553366 0.723078 0 -0.476922 0 0.723078 0 0.692516 0.553366 -0.476922 0 0.692516 0.553366 -0.517533 0.555902 -0.517533 0.555902 0.692516 0.553366 0.601202 1.1 -0.517533 0.555902 0.601202 1.1 -0.638505 1.1 0.992247 0.19635 -0.269169 0.19635 0.984816 0.09601396 0.984816 0.09601396 -0.269169 0.19635 -0.274566 0.09695798 0.984816 0.09601396 -0.274566 0.09695798 -0.289266 -0.001441955 0.984816 0.09601396 -0.289266 -0.001441955 0.964839 -0.002529978 0.964839 -0.002529978 -0.289266 -0.001441955 -0.309805 -0.09914797 0.964839 -0.002529978 -0.309805 -0.09914797 0.937262 -0.09985697 0.937262 -0.09985697 -0.309805 -0.09914797 -0.332033 -0.19635 0.937262 -0.09985697 -0.332033 -0.19635 0.907674 -0.19635 0 0.95 -1.261417 0.95 0 0 0 0 -1.261417 0.95 -1.261417 0 2 -1.366791 1.05 -1.366791 2 -1.413682 2 -1.413682 1.05 -1.366791 2 -1.460573 2 -1.460573 1.05 -1.366791 -0.8325 -1.507463 2 -1.460573 -0.8325 -1.507463 2 -1.507463 1.05 -1.366791 0.953206 -1.346559 -0.8325 -1.507463 -0.8325 -1.507463 0.953206 -1.346559 0.872208 -1.289872 -0.8325 -1.507463 0.872208 -1.289872 0.81866 -1.206325 -0.8325 -1.507463 0.81866 -1.206325 -0.8325 -0.904478 -0.8325 -0.904478 0.81866 -1.206325 0.8 -1.10898 -0.8325 -0.904478 0.8 -1.10898 0.8 -0.55449 -0.8325 -0.904478 0.8 -0.55449 -0.8325 -0.301493 -0.8325 -0.301493 0.8 -0.55449 0.8 0 -0.8325 -0.301493 0.8 0 -0.8325 0.301493 -0.8325 0.301493 0.8 0 0.8 0.55449 -0.8325 0.301493 0.8 0.55449 -0.8325 0.904478 -0.8325 0.904478 0.8 0.55449 0.8 1.10898 -0.8325 0.904478 0.8 1.10898 0.81866 1.206325 -0.8325 0.904478 0.81866 1.206325 -0.8325 1.507463 -0.8325 1.507463 0.81866 1.206325 0.872208 1.289872 -0.8325 1.507463 0.872208 1.289872 0.953206 1.346559 0.953206 1.346559 1.05 1.366791 -0.8325 1.507463 -0.8325 1.507463 1.05 1.366791 2 1.460573 -0.8325 1.507463 2 1.460573 2 1.507463 2 1.366791 2 1.413682 1.05 1.366791 1.05 1.366791 2 1.413682 2 1.460573 2.504424 -13.76262 2.504475 -13.33254 1.669616 -13.76262 1.669616 -13.76262 2.504475 -13.33254 1.669686 -13.10725 1.669616 -13.76262 1.669686 -13.10725 0.834843 -13.10725 0.834843 -13.10725 1.669686 -13.10725 1.669686 -12.45189 0.834843 -13.10725 1.669686 -12.45189 0.834843 -12.45189 0.834843 -12.45189 1.669686 -12.45189 1.669686 -11.79653 0.834843 -12.45189 1.669686 -11.79653 0.834843 -11.79653 0.834843 -11.79653 1.669686 -11.79653 1.669686 -11.14117 0.834843 -11.79653 1.669686 -11.14117 0.834843 -11.14117 0.834843 -11.14117 1.669686 -11.14117 1.669686 -10.4858 0.834843 -11.14117 1.669686 -10.4858 0.834843 -10.4858 0.834843 -10.4858 1.669686 -10.4858 1.669686 -9.830442 0.834843 -10.4858 1.669686 -9.830442 0.834843 -9.830442 0.834843 -9.830442 1.669686 -9.830442 1.669686 -9.17508 0.834843 -9.830442 1.669686 -9.17508 0.834843 -9.17508 0.834843 -9.17508 1.669686 -9.17508 1.669686 -8.519717 0.834843 -9.17508 1.669686 -8.519717 0.834843 -8.519717 0.834843 -8.519717 1.669686 -8.519717 1.669686 -7.864353 0.834843 -8.519717 1.669686 -7.864353 0.834843 -7.864353 0.834843 -7.864353 1.669686 -7.864353 1.669686 -7.20899 0.834843 -7.864353 1.669686 -7.20899 0.834843 -7.20899 0.834843 -7.20899 1.669686 -7.20899 1.669686 -6.553628 0.834843 -7.20899 1.669686 -6.553628 0.834843 -6.553628 0.834843 -6.553628 1.669686 -6.553628 1.669686 -5.898265 0.834843 -6.553628 1.669686 -5.898265 0.834843 -5.898265 0.834843 -5.898265 1.669686 -5.898265 1.669686 -5.242902 0.834843 -5.898265 1.669686 -5.242902 0.834843 -5.242902 0.834843 -5.242902 1.669686 -5.242902 1.669686 -4.587539 0.834843 -5.242902 1.669686 -4.587539 0.834843 -4.587539 0.834843 -4.587539 1.669686 -4.587539 1.669686 -3.932177 0.834843 -4.587539 1.669686 -3.932177 0.834843 -3.932177 0.834843 -3.932177 1.669686 -3.932177 1.669686 -3.276814 0.834843 -3.932177 1.669686 -3.276814 0.834843 -3.276814 0.834843 -3.276814 1.669686 -3.276814 1.669686 -2.621451 0.834843 -3.276814 1.669686 -2.621451 0.834843 -2.621451 0.834843 -2.621451 1.669686 -2.621451 0.834843 -1.966088 0.834843 -2.621451 0.834843 -1.966088 0 -2.621451 0 -2.621451 0.834843 -1.966088 0 -1.966088 0 -1.966088 0.834843 -1.966088 0 -1.310726 0 -1.310726 0.834843 -1.966088 0.834843 -1.310726 0 -1.310726 0.834843 -1.310726 0 -0.655363 0 -0.655363 0.834843 -1.310726 0.834843 -0.655363 0 -0.655363 0.834843 -0.655363 0.834808 0 0.834808 0 0.834843 -0.655363 1.669616 0 1.669616 0 0.834843 -0.655363 1.669686 -0.655363 1.669616 0 1.669686 -0.655363 2.504469 -0.4301 2.504469 -0.4301 1.669686 -0.655363 2.50451 -0.86027 2.50451 -0.86027 1.669686 -0.655363 1.669686 -1.310726 2.50451 -0.86027 1.669686 -1.310726 2.504472 -1.290435 2.504472 -1.290435 1.669686 -1.310726 2.504387 -1.720483 2.504387 -1.720483 1.669686 -1.310726 1.669686 -1.966088 2.504387 -1.720483 1.669686 -1.966088 2.504375 -2.150427 2.504375 -2.150427 1.669686 -1.966088 1.669686 -2.621451 2.504375 -2.150427 1.669686 -2.621451 2.504454 -2.580443 2.504454 -2.580443 1.669686 -2.621451 2.504498 -3.010575 2.504498 -3.010575 1.669686 -2.621451 1.669686 -3.276814 2.504498 -3.010575 1.669686 -3.276814 2.504462 -3.440717 2.504462 -3.440717 1.669686 -3.276814 1.669686 -3.932177 2.504462 -3.440717 1.669686 -3.932177 2.504403 -3.870779 2.504403 -3.870779 1.669686 -3.932177 2.504433 -4.300826 2.504433 -4.300826 1.669686 -3.932177 1.669686 -4.587539 2.504433 -4.300826 1.669686 -4.587539 2.504475 -4.730965 2.504475 -4.730965 1.669686 -4.587539 1.669686 -5.242902 2.504475 -4.730965 1.669686 -5.242902 2.504444 -5.161128 2.504444 -5.161128 1.669686 -5.242902 2.504357 -5.59119 2.504357 -5.59119 1.669686 -5.242902 1.669686 -5.898265 2.504357 -5.59119 1.669686 -5.898265 2.504327 -6.021135 2.504327 -6.021135 1.669686 -5.898265 1.669686 -6.553628 2.504327 -6.021135 1.669686 -6.553628 2.504409 -6.451132 2.504409 -6.451132 1.669686 -6.553628 2.504472 -6.881256 2.504472 -6.881256 1.669686 -6.553628 1.669686 -7.20899 2.504472 -6.881256 1.669686 -7.20899 2.504455 -7.311414 2.504455 -7.311414 1.669686 -7.20899 2.504399 -7.741498 2.504399 -7.741498 1.669686 -7.20899 1.669686 -7.864353 2.504399 -7.741498 1.669686 -7.864353 2.50442 -8.171542 2.50442 -8.171542 1.669686 -7.864353 1.669686 -8.519717 2.50442 -8.171542 1.669686 -8.519717 2.504468 -8.601664 2.504468 -8.601664 1.669686 -8.519717 2.504449 -9.031825 2.504449 -9.031825 1.669686 -8.519717 1.669686 -9.17508 2.504449 -9.031825 1.669686 -9.17508 2.504364 -9.461901 2.504364 -9.461901 1.669686 -9.17508 1.669686 -9.830442 2.504364 -9.461901 1.669686 -9.830442 2.504316 -9.89186 2.504316 -9.89186 1.669686 -9.830442 2.504389 -10.32185 2.504389 -10.32185 1.669686 -9.830442 1.669686 -10.4858 2.504389 -10.32185 1.669686 -10.4858 2.504461 -10.75198 2.504461 -10.75198 1.669686 -10.4858 1.669686 -11.14117 2.504461 -10.75198 1.669686 -11.14117 2.504457 -11.18214 2.504457 -11.18214 1.669686 -11.14117 2.504408 -11.61222 2.504408 -11.61222 1.669686 -11.14117 1.669686 -11.79653 2.504408 -11.61222 1.669686 -11.79653 2.504431 -12.04221 2.504431 -12.04221 1.669686 -11.79653 1.669686 -12.45189 2.504431 -12.04221 1.669686 -12.45189 2.504508 -12.47227 2.504508 -12.47227 1.669686 -12.45189 2.50453 -12.90241 2.50453 -12.90241 1.669686 -12.45189 1.669686 -13.10725 2.50453 -12.90241 1.669686 -13.10725 2.504475 -13.33254 2.504469 -0.4301 2.504424 0 1.669616 0 0.834808 0 0 0 0 -0.655363 0 -2.621451 0 -3.276814 0.834843 -2.621451 0.834843 -2.621451 0 -3.276814 0.834843 -3.276814 0 -3.276814 0 -3.932177 0.834843 -3.276814 0.834843 -3.276814 0 -3.932177 0.834843 -3.932177 0 -3.932177 0 -4.587539 0.834843 -3.932177 0.834843 -3.932177 0 -4.587539 0.834843 -4.587539 0 -4.587539 0 -5.242902 0.834843 -4.587539 0.834843 -4.587539 0 -5.242902 0.834843 -5.242902 0 -5.242902 0 -5.898265 0.834843 -5.242902 0.834843 -5.242902 0 -5.898265 0.834843 -5.898265 0 -5.898265 0 -6.553628 0.834843 -5.898265 0.834843 -5.898265 0 -6.553628 0.834843 -6.553628 0 -6.553628 0 -7.20899 0.834843 -6.553628 0.834843 -6.553628 0 -7.20899 0.834843 -7.20899 0 -7.20899 0 -7.864353 0.834843 -7.20899 0.834843 -7.20899 0 -7.864353 0.834843 -7.864353 0 -7.864353 0 -8.519717 0.834843 -7.864353 0.834843 -7.864353 0 -8.519717 0.834843 -8.519717 0 -8.519717 0 -9.17508 0.834843 -8.519717 0.834843 -8.519717 0 -9.17508 0.834843 -9.17508 0 -9.17508 0 -9.830442 0.834843 -9.17508 0.834843 -9.17508 0 -9.830442 0.834843 -9.830442 0 -9.830442 0 -10.4858 0.834843 -9.830442 0.834843 -9.830442 0 -10.4858 0.834843 -10.4858 0 -10.4858 0 -11.14117 0.834843 -10.4858 0.834843 -10.4858 0 -11.14117 0.834843 -11.14117 0 -11.14117 0 -11.79653 0.834843 -11.14117 0.834843 -11.14117 0 -11.79653 0.834843 -11.79653 0 -11.79653 0 -12.45189 0.834843 -11.79653 0.834843 -11.79653 0 -12.45189 0.834843 -12.45189 0 -12.45189 0 -13.10725 0.834843 -12.45189 0.834843 -12.45189 0 -13.10725 0.834843 -13.10725 0 -13.76262 0.834808 -13.76262 0 -13.10725 0 -13.10725 0.834808 -13.76262 0.834843 -13.10725 0.834808 -13.76262 1.669616 -13.76262 0.834843 -13.10725 0.834843 -1.310726 0.834843 -1.966088 1.669686 -1.966088 1.669686 -1.966088 0.834843 -1.966088 1.669686 -2.621451 0.834843 -0.655363 0.834843 -1.310726 1.669686 -1.310726 1.669686 -1.310726 0.834843 -1.310726 1.669686 -1.966088 1.669686 -0.655363 0.834843 -0.655363 1.669686 -1.310726 0.708679 19.55559 0.788754 19.58818 0.708076 20.4243 0.708076 20.4243 0.788754 19.58818 1.040118 19.58818 0.708076 20.4243 1.040118 19.58818 1.19857 19.58818 1.19857 19.58818 1.040118 19.58818 1.19857 18.75205 1.19857 19.58818 1.19857 18.75205 1.814614 18.75205 1.814614 18.75205 1.19857 18.75205 1.814614 18.14208 1.814614 18.75205 1.814614 18.14208 2.430658 18.14208 2.430658 18.14208 1.814614 18.14208 2.430658 17.53211 2.430658 18.14208 2.430658 17.53211 2.522983 17.53211 2.522983 17.53211 2.430658 17.53211 2.522983 16.92214 2.522983 17.53211 2.522983 16.92214 3.240875 17.3402 3.240875 17.3402 2.522983 16.92214 3.240875 16.82619 3.240875 16.82619 2.522983 16.92214 2.522983 16.31209 3.240875 16.82619 2.522983 16.31209 3.240875 16.31217 3.240875 16.31217 2.522983 16.31209 3.240875 15.7478 3.240875 15.7478 2.522983 16.31209 2.522983 15.72567 3.240875 15.7478 2.522983 15.72567 3.240875 15.18344 3.240875 15.18344 2.522983 15.72567 2.522983 15.13917 3.240875 15.18344 2.522983 15.13917 3.240875 14.61908 3.240875 14.61908 2.522983 15.13917 2.522983 14.55267 3.240875 14.61908 2.522983 14.55267 3.240875 14.05466 3.240875 14.05466 2.522983 14.55267 2.522983 13.96614 3.240875 14.05466 2.522983 13.96614 3.234779 13.96617 3.234779 13.96617 2.522983 13.96614 3.182588 13.78661 3.182588 13.78661 2.522983 13.96614 3.079742 13.62372 3.079742 13.62372 2.522983 13.96614 2.931861 13.48555 2.931861 13.48555 2.522983 13.96614 2.746746 13.37865 2.746746 13.37865 2.522983 13.96614 2.522983 13.60044 2.746746 13.37865 2.522983 13.60044 2.232813 13.15161 2.232813 13.15161 2.522983 13.60044 2.430658 13.60044 2.232813 13.15161 2.430658 13.60044 1.814614 13.60044 1.814614 13.60044 2.430658 13.60044 1.814614 13.96611 1.814614 13.60044 1.814614 13.96611 1.19857 13.96609 1.19857 13.96609 1.814614 13.96611 1.19857 14.55267 1.19857 13.96609 1.19857 14.55267 1.040118 14.55267 1.040118 14.55267 1.19857 14.55267 1.040118 15.13917 1.040118 14.55267 1.040118 15.13917 0.788754 15.13917 0.788754 15.13917 1.040118 15.13917 0.788754 15.72567 0.788754 15.13917 0.788754 15.72567 0.702889 15.68672 0.702889 15.68672 0.788754 15.72567 0.705309 16.26073 0.705309 16.26073 0.788754 15.72567 0.788754 16.31191 0.705309 16.26073 0.788754 16.31191 0.705495 16.3119 0.705495 16.3119 0.788754 16.31191 0.788754 16.92214 0.705495 16.3119 0.788754 16.92214 0.707841 17.02284 0.707841 17.02284 0.788754 16.92214 0.788754 17.53211 0.707841 17.02284 0.788754 17.53211 0.708894 17.8566 0.708894 17.8566 0.788754 17.53211 0.788754 18.14208 0.708894 17.8566 0.788754 18.14208 0.709069 18.69825 0.709069 18.69825 0.788754 18.14208 0.788754 18.75205 0.709069 18.69825 0.788754 18.75205 0.708679 19.55559 0.708679 19.55559 0.788754 18.75205 0.788754 19.58818 0.702889 15.68672 0.700061 15.11295 0.788754 15.13917 0.788754 15.13917 0.700061 15.11295 0.788754 14.55267 0.788754 15.13917 0.788754 14.55267 1.040118 14.55267 1.040118 14.55267 0.788754 14.55267 1.040118 13.96609 1.040118 14.55267 1.040118 13.96609 1.19857 13.96609 1.19857 13.96609 1.040118 13.96609 1.19857 13.60044 1.19857 13.96609 1.19857 13.60044 1.814614 13.60044 1.814614 13.60044 1.19857 13.60044 1.814614 13.23472 1.814614 13.60044 1.814614 13.23472 2.232813 13.15161 2.232813 13.15161 1.814614 13.23472 1.719491 12.92971 1.719491 12.92971 1.814614 13.23472 1.19857 13.23472 1.719491 12.92971 1.19857 13.23472 1.205457 12.7134 1.205457 12.7134 1.19857 13.23472 1.040118 13.23472 1.205457 12.7134 1.040118 13.23472 0.689701 12.50327 0.689701 12.50327 1.040118 13.23472 0.788754 13.23472 0.689701 12.50327 0.788754 13.23472 0.691418 13.22041 0.691418 13.22041 0.788754 13.23472 0.788754 13.60044 0.691418 13.22041 0.788754 13.60044 0.694196 13.93688 0.694196 13.93688 0.788754 13.60044 0.788754 13.96608 0.694196 13.93688 0.788754 13.96608 0.694327 13.96607 0.694327 13.96607 0.788754 13.96608 0.697104 14.53942 0.697104 14.53942 0.788754 13.96608 0.788754 14.55267 0.697104 14.53942 0.788754 14.55267 0.700061 15.11295 2.522983 17.53211 3.240875 17.3402 2.522983 18.14208 2.522983 18.14208 3.240875 17.3402 3.240875 18.36824 2.522983 18.14208 3.240875 18.36824 2.522983 18.75205 2.522983 18.75205 3.240875 18.36824 3.240875 19.39627 2.522983 18.75205 3.240875 19.39627 2.522983 19.58818 2.522983 19.58818 3.240875 19.39627 3.240875 19.91028 2.522983 19.58818 3.240875 19.91028 2.396609 20.4243 2.396609 20.4243 3.240875 19.91028 3.240875 20.4243 1.552342 20.4243 1.814614 19.58818 2.396609 20.4243 2.396609 20.4243 1.814614 19.58818 2.430658 19.58818 2.396609 20.4243 2.430658 19.58818 2.522983 19.58818 2.522983 19.58818 2.430658 19.58818 2.522983 18.75205 1.814614 19.58818 1.552342 20.4243 1.19857 19.58818 1.19857 19.58818 1.552342 20.4243 0.708076 20.4243 1.040118 19.58818 0.788754 19.58818 1.040118 18.75205 1.040118 18.75205 0.788754 19.58818 0.788754 18.75205 1.040118 18.75205 0.788754 18.75205 1.040118 18.14208 1.040118 18.14208 0.788754 18.75205 0.788754 18.14208 1.040118 18.14208 0.788754 18.14208 1.040118 17.53211 1.040118 17.53211 0.788754 18.14208 0.788754 17.53211 1.040118 17.53211 0.788754 17.53211 1.040118 16.92214 1.040118 16.92214 0.788754 17.53211 0.788754 16.92214 1.040118 16.92214 0.788754 16.92214 1.040118 16.31193 1.040118 16.31193 0.788754 16.92214 0.788754 16.31191 1.040118 16.31193 0.788754 16.31191 1.040118 15.72567 1.040118 15.72567 0.788754 16.31191 0.788754 15.72567 1.040118 15.72567 0.788754 15.72567 1.040118 15.13917 1.19857 19.58818 1.814614 18.75205 1.814614 19.58818 1.814614 19.58818 1.814614 18.75205 2.430658 18.75205 1.814614 19.58818 2.430658 18.75205 2.430658 19.58818 2.430658 19.58818 2.430658 18.75205 2.522983 18.75205 1.040118 19.58818 1.040118 18.75205 1.19857 18.75205 1.19857 18.75205 1.040118 18.75205 1.19857 18.14208 1.19857 18.75205 1.19857 18.14208 1.814614 18.14208 1.814614 18.14208 1.19857 18.14208 1.814614 17.53211 1.814614 18.14208 1.814614 17.53211 2.430658 17.53211 2.430658 17.53211 1.814614 17.53211 2.430658 16.92214 2.430658 17.53211 2.430658 16.92214 2.522983 16.92214 2.522983 16.92214 2.430658 16.92214 2.522983 16.31209 1.19857 18.14208 1.040118 18.75205 1.040118 18.14208 2.522983 18.14208 2.522983 18.75205 2.430658 18.75205 2.522983 18.14208 2.430658 18.75205 2.430658 18.14208 2.430658 18.14208 2.430658 18.75205 1.814614 18.75205 1.19857 18.14208 1.040118 18.14208 1.19857 17.53211 1.19857 17.53211 1.040118 18.14208 1.040118 17.53211 1.19857 17.53211 1.040118 17.53211 1.19857 16.92214 1.19857 16.92214 1.040118 17.53211 1.040118 16.92214 1.19857 16.92214 1.040118 16.92214 1.19857 16.31195 1.19857 16.31195 1.040118 16.92214 1.040118 16.31193 1.19857 16.31195 1.040118 16.31193 1.19857 15.72567 1.19857 15.72567 1.040118 16.31193 1.040118 15.72567 1.19857 15.72567 1.040118 15.72567 1.19857 15.13917 1.19857 15.13917 1.040118 15.72567 1.040118 15.13917 1.19857 15.13917 1.040118 15.13917 1.19857 14.55267 2.522983 17.53211 2.522983 18.14208 2.430658 18.14208 1.19857 18.14208 1.19857 17.53211 1.814614 17.53211 1.814614 17.53211 1.19857 17.53211 1.814614 16.92214 1.814614 17.53211 1.814614 16.92214 2.430658 16.92214 2.430658 16.92214 1.814614 16.92214 2.430658 16.31208 2.430658 16.92214 2.430658 16.31208 2.522983 16.31209 2.522983 16.31209 2.430658 16.31208 2.522983 15.72567 1.814614 16.92214 1.19857 17.53211 1.19857 16.92214 1.814614 16.92214 1.19857 16.92214 1.814614 16.31202 1.814614 16.31202 1.19857 16.92214 1.19857 16.31195 1.814614 16.31202 1.19857 16.31195 1.814614 15.72567 1.814614 15.72567 1.19857 16.31195 1.19857 15.72567 1.814614 15.72567 1.19857 15.72567 1.814614 15.13917 1.814614 15.13917 1.19857 15.72567 1.19857 15.13917 1.814614 15.13917 1.19857 15.13917 1.814614 14.55267 1.814614 14.55267 1.19857 15.13917 1.19857 14.55267 1.814614 14.55267 1.19857 14.55267 1.814614 13.96611 1.814614 15.72567 2.430658 15.72567 1.814614 16.31202 1.814614 16.31202 2.430658 15.72567 2.430658 16.31208 1.814614 16.31202 2.430658 16.31208 1.814614 16.92214 2.522983 15.13917 2.522983 15.72567 2.430658 15.72567 2.430658 15.72567 2.522983 15.72567 2.430658 16.31208 2.430658 15.72567 1.814614 15.72567 2.430658 15.13917 2.430658 15.13917 1.814614 15.72567 1.814614 15.13917 2.430658 15.13917 1.814614 15.13917 2.430658 14.55267 2.430658 14.55267 1.814614 15.13917 1.814614 14.55267 2.430658 14.55267 1.814614 14.55267 2.430658 13.96614 2.430658 13.96614 1.814614 14.55267 1.814614 13.96611 2.430658 13.96614 1.814614 13.96611 2.430658 13.60044 2.522983 14.55267 2.522983 15.13917 2.430658 15.13917 2.430658 15.13917 2.522983 15.13917 2.430658 15.72567 2.522983 14.55267 2.430658 15.13917 2.430658 14.55267 2.522983 13.96614 2.522983 14.55267 2.430658 14.55267 2.522983 13.96614 2.430658 14.55267 2.430658 13.96614 0.788754 14.55267 0.788754 13.96608 1.040118 13.96609 1.040118 13.96609 0.788754 13.96608 1.040118 13.60044 1.040118 13.96609 1.040118 13.60044 1.19857 13.60044 1.19857 13.60044 1.040118 13.60044 1.19857 13.23472 1.19857 13.60044 1.19857 13.23472 1.814614 13.23472 2.522983 13.60044 2.522983 13.96614 2.430658 13.96614 2.522983 13.60044 2.430658 13.96614 2.430658 13.60044 0.788754 13.96608 0.788754 13.60044 1.040118 13.60044 1.040118 13.60044 0.788754 13.60044 1.040118 13.23472 1.040118 13.60044 1.040118 13.23472 1.19857 13.23472 0.788754 13.23472 1.040118 13.23472 0.788754 13.60044 0 -2.306703 0.459635 -2.306703 0.229816 -2.046805 0.229816 -2.046805 0.459635 -2.306703 0.451462 -1.647649 0.229816 -2.046805 0.451462 -1.647649 0.229816 -1.637095 0.229816 -1.637095 0.451462 -1.647649 0.432447 -1.332883 0.229816 -1.637095 0.432447 -1.332883 0.229816 -1.227384 0.229816 -1.227384 0.432447 -1.332883 0.395541 -1.033379 0.229816 -1.227384 0.395541 -1.033379 0.229816 -0.941492 0.229816 -0.941492 0.395541 -1.033379 0.336077 -0.752656 0.229816 -0.941492 0.336077 -0.752656 0.229816 -0.492517 0.229816 -0.492517 0.336077 -0.752656 0.250854 -0.492665 0.229816 -0.492517 0.250854 -0.492665 0.138761 -0.255243 9.6e-5 -0.04029697 10e-6 -0.833028 0.138761 -0.255243 0.138761 -0.255243 10e-6 -0.833028 0.229816 -0.492517 0.229816 -0.492517 10e-6 -0.833028 0.229816 -0.941492 0.229816 -0.941492 10e-6 -0.833028 5.2e-5 -1.335315 0.229816 -0.941492 5.2e-5 -1.335315 0.229816 -1.227384 0.229816 -1.227384 5.2e-5 -1.335315 0.229816 -1.637095 5.2e-5 -1.335315 3.2e-5 -1.816337 0.229816 -1.637095 0.229816 -1.637095 3.2e-5 -1.816337 0.229816 -2.046805 3.2e-5 -1.816337 0 -2.306703 0.229816 -2.046805 2.201061 0.523599 2.213188 0.358303 3.433112 0.523599 3.433112 0.523599 2.213188 0.358303 3.459699 0.28958 3.459699 0.28958 2.213188 0.358303 2.228339 0.1932139 3.459699 0.28958 2.228339 0.1932139 3.484867 0.05562096 3.484867 0.05562096 2.228339 0.1932139 2.246253 0.02857196 3.484867 0.05562096 2.246253 0.02857196 2.266653 -0.13594 3.484867 0.05562096 2.266653 -0.13594 3.510376 -0.178417 3.510376 -0.178417 2.266653 -0.13594 2.293368 -0.329843 3.510376 -0.178417 2.293368 -0.329843 3.53735 -0.412491 3.53735 -0.412491 2.293368 -0.329843 2.322171 -0.523599 3.53735 -0.412491 2.322171 -0.523599 3.550718 -0.523659 0 2.8325 0 0 0.17792 2.8325 0.17792 2.8325 0 0 0.17792 0 0.17792 2.8325 0.17792 0 0.35584 2.8325 0.35584 2.8325 0.17792 0 0.35584 0 0.35584 2.8325 0.35584 0 0.53376 2.8325 0.53376 2.8325 0.35584 0 0.53376 0 0.53376 2.8325 0.53376 0 0.711679 2.8325 0.711679 2.8325 0.53376 0 0.711679 0 0.711679 2.8325 0.711679 0 0.889599 2.8325 0.889599 2.8325 0.711679 0 0.889599 0 0.889599 2.8325 0.889599 0 1.067519 2.8325 1.067519 2.8325 0.889599 0 1.067519 0 1.067519 2.8325 1.067519 0 1.245439 2.8325 1.245439 2.8325 1.067519 0 1.245439 0 1.245439 2.8325 1.245439 0 1.423359 2.8325 1.423359 2.8325 1.245439 0 1.423359 0 0.2298099 0 -0.2298099 0 0.2298099 -0.575304 0.2298099 -0.575304 -0.2298099 0 -0.2298099 -0.605583 0.2298099 -0.575304 -0.2298099 -0.605583 0.2298099 -1.150608 0.2298099 -1.150608 -0.2298099 -0.605583 -0.2298099 -1.211167 0.2298099 -1.150608 -0.2298099 -1.211167 0.2298099 -1.725912 0.2298099 -1.725912 -0.2298099 -1.211167 -0.2298099 -1.81675 0.2298099 -1.725912 -0.2298099 -1.81675 0.2298099 -2.301217 0.2298099 -2.301217 -0.2298099 -1.81675 -0.2298099 -2.422333 0.2298099 -2.301217 -0.2298099 -2.422333 0.2298099 -2.876521 0.2298099 -2.876521 -0.2298099 -2.422333 -0.2298099 -3.027917 0.2298099 -2.876521 -0.2298099 -3.027917 0.2298099 -3.451825 0.2298099 -3.451825 -0.2298099 -3.027917 -0.2298099 -3.6335 0.2298099 -3.451825 -0.2298099 -3.6335 0.2298099 -4.027129 0.2298099 -4.027129 -0.2298099 -3.6335 -0.2298099 -4.239083 0.2298099 -4.027129 -0.2298099 -4.239083 0.2298099 -4.602433 0.2298099 -4.602433 -0.2298099 -4.239083 -0.2298099 -4.844667 0.2298099 -4.602433 -0.2298099 -4.844667 0.2298099 -5.177737 0.2298099 -5.177737 -0.2298099 -4.844667 -0.2298099 -5.45025 0.2298099 -5.177737 -0.2298099 -5.45025 0.2298099 -5.753042 0.2298099 -5.753042 -0.2298099 -5.45025 -0.2298099 -6.055833 0.2298099 -5.753042 -0.2298099 -6.055833 0.2298099 -6.328346 0.2298099 -6.328346 -0.2298099 -6.055833 -0.2298099 -6.661417 0.2298099 -6.328346 -0.2298099 -6.661417 0.2298099 -6.90365 0.2298099 -6.90365 -0.2298099 -6.661417 -0.2298099 -7.267 0.2298099 -6.90365 -0.2298099 -7.267 0.2298099 -7.478954 0.2298099 -7.478954 -0.2298099 -7.267 -0.2298099 -7.872583 0.2298099 -7.478954 -0.2298099 -7.872583 0.2298099 -8.054259 0.2298099 -8.054259 -0.2298099 -7.872583 -0.2298099 -8.478166 0.2298099 -8.054259 -0.2298099 -8.478166 0.2298099 -8.629563 0.2298099 -8.629563 -0.2298099 -8.478166 -0.2298099 -9.08375 0.2298099 -8.629563 -0.2298099 -9.08375 0.2298099 -9.204867 0.2298099 -9.204867 -0.2298099 -9.08375 -0.2298099 -9.689333 0.2298099 -9.204867 -0.2298099 -9.689333 0.2298099 -9.780172 0.2298099 -9.780172 -0.2298099 -9.689333 -0.2298099 -10.29492 0.2298099 -9.780172 -0.2298099 -10.29492 0.2298099 -10.35548 0.2298099 -10.35548 -0.2298099 -10.29492 -0.2298099 -10.9005 0.2298099 -10.35548 -0.2298099 -10.9005 0.2298099 -10.93078 0.2298099 -10.93078 -0.2298099 -10.9005 -0.2298099 -11.50608 0.2298099 -10.93078 -0.2298099 -11.50608 0.2298099 -11.50608 1.135483 -2.388666 0.958109 -2.382551 0.57741 -3.550718 0.57741 -3.550718 0.958109 -2.382551 0.862974 -2.367159 0.57741 -3.550718 0.862974 -2.367159 0.767808 -2.351962 0.767808 -2.351962 0.6726 -2.337032 0.57741 -3.550718 0.57741 -3.550718 0.6726 -2.337032 0.57735 -2.322367 0.57741 -3.550718 1.266078 -3.638537 1.135483 -2.388666 1.135483 -2.388666 1.266078 -3.638537 1.308779 -2.350337 1.308779 -2.350337 1.266078 -3.638537 1.92104 -3.730256 1.308779 -2.350337 1.92104 -3.730256 1.466679 -2.269469 1.466679 -2.269469 1.92104 -3.730256 1.599393 -2.151564 1.599393 -2.151564 1.92104 -3.730256 2.540987 -3.825025 1.599393 -2.151564 2.540987 -3.825025 3.308065 -2.044332 3.308065 -2.044332 2.540987 -3.825025 3.677863 -2.536444 3.677863 -2.536444 2.540987 -3.825025 3.124548 -3.921988 3.677863 -2.536444 3.124548 -3.921988 4.121813 -2.962864 4.121813 -2.962864 3.124548 -3.921988 3.624171 -4.011183 4.121813 -2.962864 3.624171 -4.011183 4.094865 -4.099974 4.962334 -4.267701 5.184553 -3.576437 4.094865 -4.099974 4.094865 -4.099974 5.184553 -3.576437 4.628417 -3.312547 4.094865 -4.099974 4.628417 -3.312547 4.121813 -2.962864 5.184553 -3.576437 4.962334 -4.267701 5.775818 -3.747699 5.775818 -3.747699 4.962334 -4.267701 5.761594 -4.401811 5.775818 -3.747699 5.761594 -4.401811 6.150212 -4.443578 5.775818 -3.747699 6.150212 -4.443578 6.386899 -3.821898 6.386899 -3.821898 6.150212 -4.443578 6.540917 -4.459083 6.386899 -3.821898 6.540917 -4.459083 7.00197 -3.797111 7.00197 -3.797111 6.540917 -4.459083 7.205509 -4.409279 7.00197 -3.797111 7.205509 -4.409279 7.605099 -3.673982 7.605099 -3.673982 7.205509 -4.409279 7.855255 -4.260979 7.605099 -3.673982 7.855255 -4.260979 8.475641 -4.017495 7.605099 -3.673982 8.475641 -4.017495 8.180666 -3.455698 8.180666 -3.455698 8.475641 -4.017495 9.052808 -3.684268 8.180666 -3.455698 9.052808 -3.684268 8.713765 -3.147913 8.713765 -3.147913 9.052808 -3.684268 9.573864 -3.268739 8.713765 -3.147913 9.573864 -3.268739 9.190587 -2.758599 9.190587 -2.758599 9.573864 -3.268739 10.02717 -2.780193 9.190587 -2.758599 10.02717 -2.780193 9.598786 -2.297839 9.598786 -2.297839 10.02717 -2.780193 10.4026 -2.229542 9.598786 -2.297839 10.4026 -2.229542 9.927786 -1.777566 9.927786 -1.777566 10.4026 -2.229542 10.69176 -1.629086 9.927786 -1.777566 10.69176 -1.629086 10.16907 -1.211255 10.16907 -1.211255 10.69176 -1.629086 10.8882 -0.992239 10.16907 -1.211255 10.8882 -0.992239 10.31638 -0.613573 10.31638 -0.613573 10.8882 -0.992239 10.98753 -0.333228 10.31638 -0.613573 10.98753 -0.333228 10.36592 0 10.36592 0 10.98753 -0.333228 10.98753 0.333228 10.36592 0 10.98753 0.333228 10.31638 0.613573 10.31638 0.613573 10.98753 0.333228 10.8882 0.992239 10.31638 0.613573 10.8882 0.992239 10.16907 1.211255 10.16907 1.211255 10.8882 0.992239 10.69176 1.629086 10.16907 1.211255 10.69176 1.629086 9.927786 1.777566 9.927786 1.777566 10.69176 1.629086 10.4026 2.229542 9.927786 1.777566 10.4026 2.229542 9.598786 2.297839 9.598786 2.297839 10.4026 2.229542 10.02717 2.780193 9.598786 2.297839 10.02717 2.780193 9.190587 2.758599 9.190587 2.758599 10.02717 2.780193 9.573864 3.268739 9.190587 2.758599 9.573864 3.268739 8.713765 3.147913 8.713765 3.147913 9.573864 3.268739 9.052808 3.684268 8.713765 3.147913 9.052808 3.684268 8.180666 3.455698 8.180666 3.455698 9.052808 3.684268 8.475641 4.017495 8.180666 3.455698 8.475641 4.017495 7.605099 3.673982 7.605099 3.673982 8.475641 4.017495 7.855255 4.260979 7.605099 3.673982 7.855255 4.260979 7.205509 4.409279 7.605099 3.673982 7.205509 4.409279 7.00197 3.797111 7.00197 3.797111 7.205509 4.409279 6.540917 4.459083 7.00197 3.797111 6.540917 4.459083 6.386899 3.821898 6.386899 3.821898 6.540917 4.459083 6.150212 4.443578 6.386899 3.821898 6.150212 4.443578 5.775818 3.747699 5.775818 3.747699 6.150212 4.443578 5.761594 4.401811 5.775818 3.747699 5.761594 4.401811 4.962334 4.267701 5.775818 3.747699 4.962334 4.267701 5.184553 3.576437 5.184553 3.576437 4.962334 4.267701 4.094865 4.099974 5.184553 3.576437 4.094865 4.099974 4.628417 3.312547 4.628417 3.312547 4.094865 4.099974 4.121813 2.962864 4.121813 2.962864 4.094865 4.099974 3.624171 4.011183 4.121813 2.962864 3.624171 4.011183 3.124548 3.921988 2.540987 3.825025 2.823307 2.615 3.124548 3.921988 3.124548 3.921988 2.823307 2.615 2.930807 2.586195 3.124548 3.921988 2.930807 2.586195 3.677863 2.536444 3.677863 2.536444 2.930807 2.586195 3.009502 2.5075 3.677863 2.536444 3.009502 2.5075 3.038307 2.4 2.823307 2.615 2.540987 3.825025 2.715807 2.586195 2.715807 2.586195 2.540987 3.825025 1.92104 3.730256 2.715807 2.586195 1.92104 3.730256 2.637111 2.5075 2.637111 2.5075 1.92104 3.730256 1.466679 2.269469 2.637111 2.5075 1.466679 2.269469 1.599393 2.151564 1.466679 2.269469 1.92104 3.730256 1.308779 2.350337 1.308779 2.350337 1.92104 3.730256 1.266078 3.638537 1.308779 2.350337 1.266078 3.638537 1.135483 2.388666 1.135483 2.388666 1.266078 3.638537 0.57741 3.550718 1.135483 2.388666 0.57741 3.550718 0.958109 2.382551 0.958109 2.382551 0.57741 3.550718 0.57735 2.322171 2.637111 2.5075 1.599393 2.151564 2.608307 2.4 2.608307 2.4 1.599393 2.151564 1.698074 2.004213 2.608307 2.4 1.698074 2.004213 2.637111 2.2925 2.637111 2.2925 1.698074 2.004213 1.756385 1.836592 2.637111 2.2925 1.756385 1.836592 2.715807 2.213805 2.715807 2.213805 1.756385 1.836592 1.771003 1.65976 2.715807 2.213805 1.771003 1.65976 3.021995 1.499272 3.021995 1.499272 1.771003 1.65976 1.74034 1.484954 3.021995 1.499272 1.74034 1.484954 2.827064 0.915382 2.827064 0.915382 1.74034 1.484954 1.597098 0.899602 2.827064 0.915382 1.597098 0.899602 2.72832 0.307785 2.72832 0.307785 1.597098 0.899602 1.524959 0.301312 2.72832 0.307785 1.524959 0.301312 2.72832 -0.307785 2.72832 -0.307785 1.524959 0.301312 1.524959 -0.301312 2.72832 -0.307785 1.524959 -0.301312 1.597098 -0.899602 2.72832 -0.307785 1.597098 -0.899602 2.827064 -0.915382 2.827064 -0.915382 1.597098 -0.899602 1.74034 -1.484954 2.827064 -0.915382 1.74034 -1.484954 3.021995 -1.499272 3.021995 -1.499272 1.74034 -1.484954 1.771003 -1.65976 3.021995 -1.499272 1.771003 -1.65976 1.756385 -1.836592 3.021995 -1.499272 1.756385 -1.836592 3.308065 -2.044332 3.308065 -2.044332 1.756385 -1.836592 1.698074 -2.004213 3.308065 -2.044332 1.698074 -2.004213 1.599393 -2.151564 3.677863 2.536444 3.038307 2.4 3.308065 2.044332 3.308065 2.044332 3.038307 2.4 3.009502 2.2925 3.308065 2.044332 3.009502 2.2925 2.930807 2.213805 2.930807 2.213805 2.823307 2.185 3.308065 2.044332 3.308065 2.044332 2.823307 2.185 3.021995 1.499272 3.021995 1.499272 2.823307 2.185 2.715807 2.213805 3.677863 2.536444 4.121813 2.962864 3.124548 3.921988 -3.550718 -0.523659 -2.322367 -0.523599 -3.53735 -0.412491 -3.53735 -0.412491 -2.322367 -0.523599 -2.286896 -0.283287 -3.53735 -0.412491 -2.286896 -0.283287 -3.510376 -0.178417 -3.510376 -0.178417 -2.286896 -0.283287 -2.249869 -9.52e-4 -3.510376 -0.178417 -2.249869 -9.52e-4 -3.484867 0.05562096 -3.484867 0.05562096 -2.249869 -9.52e-4 -2.219083 0.291141 -3.484867 0.05562096 -2.219083 0.291141 -3.459699 0.28958 -3.459699 0.28958 -2.219083 0.291141 -3.433112 0.523599 -3.433112 0.523599 -2.219083 0.291141 -2.201125 0.523599 10e-7 -2.267023 0.139026 -2.051373 -10e-7 -2.196675 -10e-7 -2.196675 0.139026 -2.051373 0.251433 -1.81298 -10e-7 -2.196675 0.251433 -1.81298 -8e-6 -1.664156 -8e-6 -1.664156 0.251433 -1.81298 0.229799 -1.457376 -8e-6 -1.664156 0.229799 -1.457376 10e-7 -1.136655 10e-7 -1.136655 0.229799 -1.457376 0.229799 -0.971584 10e-7 -1.136655 0.229799 -0.971584 -3e-6 -0.576839 -3e-6 -0.576839 0.229799 -0.971584 0.229799 -0.485792 -3e-6 -0.576839 0.229799 -0.485792 0 0 0 0 0.229799 -0.485792 0.459579 0 0.459579 0 0.229799 -0.485792 0.451844 -0.647722 0.451844 -0.647722 0.229799 -0.485792 0.229799 -0.971584 0.451844 -0.647722 0.229799 -0.971584 0.43724 -0.915333 0.43724 -0.915333 0.229799 -0.971584 0.391973 -1.295445 0.391973 -1.295445 0.229799 -0.971584 0.229799 -1.457376 0.391973 -1.295445 0.229799 -1.457376 0.251433 -1.81298 0.8325 -11.40036 -0.1675 -11.41576 0.8325 -12.01659 0.8325 -12.01659 -0.1675 -11.41576 -0.1675 -12.01659 0.8325 12.01659 -0.1675 12.01659 -0.1675 11.41576 -0.1675 -11.41576 0.8325 -11.40036 -0.1675 -10.81493 -0.1675 -10.81493 0.8325 -11.40036 0.8325 -10.78412 -0.1675 -10.81493 0.8325 -10.78412 -0.1675 -10.2141 -0.1675 -10.2141 0.8325 -10.78412 0.8325 -10.16788 -0.1675 -10.2141 0.8325 -10.16788 -0.1675 -9.613274 -0.1675 -9.613274 0.8325 -10.16788 0.8325 -9.551651 -0.1675 -9.613274 0.8325 -9.551651 -0.1675 -9.012444 -0.1675 -9.012444 0.8325 -9.551651 0.8325 -8.935415 -0.1675 -9.012444 0.8325 -8.935415 -0.1675 -8.411615 -0.1675 -8.411615 0.8325 -8.935415 0.8325 -8.319179 -0.1675 -8.411615 0.8325 -8.319179 -0.1675 -7.810785 -0.1675 -7.810785 0.8325 -8.319179 0.8325 -7.702944 -0.1675 -7.810785 0.8325 -7.702944 -0.1675 -7.209955 -0.1675 -7.209955 0.8325 -7.702944 0.8325 -7.086708 -0.1675 -7.209955 0.8325 -7.086708 -0.1675 -6.609126 -0.1675 -6.609126 0.8325 -7.086708 0.8325 -6.470473 -0.1675 -6.609126 0.8325 -6.470473 -0.1675 -6.008296 -0.1675 -6.008296 0.8325 -6.470473 0.8325 -5.854237 -0.1675 -6.008296 0.8325 -5.854237 -0.173269 -5.396018 -0.173269 -5.396018 0.8325 -5.854237 0.8325 -5.238002 -0.173269 -5.396018 0.8325 -5.238002 -0.18673 -5.090535 -0.18673 -5.090535 0.8325 -5.238002 -0.2128199 -4.786131 -0.2128199 -4.786131 0.8325 -5.238002 0.8325 -4.621766 -0.2128199 -4.786131 0.8325 -4.621766 -0.254881 -4.483905 -0.254881 -4.483905 0.8325 -4.621766 -0.315127 -4.184564 -0.315127 -4.184564 0.8325 -4.621766 0.8325 -4.005531 -0.315127 -4.184564 0.8325 -4.005531 -0.394404 -3.890033 -0.394404 -3.890033 0.8325 -4.005531 -0.492461 -3.601028 -0.492461 -3.601028 0.8325 -4.005531 0.8325 -3.389295 -0.492461 -3.601028 0.8325 -3.389295 -2 -3.60105 -2 -3.60105 0.8325 -3.389295 -2 -3.045719 -2 -3.045719 0.8325 -3.389295 0.8325 -2.77306 -2 -3.045719 0.8325 -2.77306 -2 -2.490388 -2 -2.490388 0.8325 -2.77306 0.8325 -2.156824 -2 -2.490388 0.8325 -2.156824 -2 -1.935057 -2 -1.935057 0.8325 -2.156824 0.8325 -1.540589 -2 -1.935057 0.8325 -1.540589 -2 -1.379726 -2 -1.379726 0.8325 -1.540589 -1.05 -1.379726 -1.05 -1.379726 0.8325 -1.540589 -0.952337 -1.358516 -0.952337 -1.358516 0.8325 -1.540589 -0.871446 -1.299852 -0.871446 -1.299852 0.8325 -1.540589 -0.818392 -1.214415 -0.818392 -1.214415 0.8325 -1.540589 0.8325 -0.924353 -0.818392 -1.214415 0.8325 -0.924353 -0.8 -1.115756 -0.8 -1.115756 0.8325 -0.924353 -0.8 -0.557878 -0.8 -0.557878 0.8325 -0.924353 0.8325 -0.308118 -0.8 -0.557878 0.8325 -0.308118 -0.8 0 -0.8 0 0.8325 -0.308118 0.8325 0.308118 -0.8 0 0.8325 0.308118 -0.8 0.557878 -0.8 0.557878 0.8325 0.308118 0.8325 0.924353 -0.8 0.557878 0.8325 0.924353 -0.8 1.115756 -0.8 1.115756 0.8325 0.924353 -0.818392 1.214415 -0.818392 1.214415 0.8325 0.924353 0.8325 1.540589 -0.818392 1.214415 0.8325 1.540589 -0.871446 1.299852 -0.871446 1.299852 0.8325 1.540589 -0.952337 1.358516 -0.952337 1.358516 0.8325 1.540589 -1.05 1.379726 -1.05 1.379726 0.8325 1.540589 -2 1.379726 -2 1.379726 0.8325 1.540589 -2 1.934993 -2 1.934993 0.8325 1.540589 0.8325 2.156824 -2 1.934993 0.8325 2.156824 -2 2.490259 -2 2.490259 0.8325 2.156824 0.8325 2.77306 -2 2.490259 0.8325 2.77306 -2 3.045526 -2 3.045526 0.8325 2.77306 0.8325 3.389295 -2 3.045526 0.8325 3.389295 -0.4925 3.600792 -0.4925 3.600792 0.8325 3.389295 0.8325 4.005531 -0.4925 3.600792 0.8325 4.005531 -0.3942 3.890668 -0.3942 3.890668 0.8325 4.005531 -0.314694 4.18626 -0.314694 4.18626 0.8325 4.005531 0.8325 4.621766 -0.314694 4.18626 0.8325 4.621766 -0.215309 4.763348 -0.215309 4.763348 0.8325 4.621766 0.8325 5.238002 -0.215309 4.763348 0.8325 5.238002 -0.183297 5.148654 -0.183297 5.148654 0.8325 5.238002 -0.1729699 5.407128 -0.1729699 5.407128 0.8325 5.238002 0.8325 5.854237 -0.1729699 5.407128 0.8325 5.854237 -0.1675 6.008296 -0.1675 6.008296 0.8325 5.854237 0.8325 6.470473 -0.1675 6.008296 0.8325 6.470473 -0.1675 6.609126 -0.1675 6.609126 0.8325 6.470473 0.8325 7.086708 -0.1675 6.609126 0.8325 7.086708 -0.1675 7.209955 -0.1675 7.209955 0.8325 7.086708 0.8325 7.702944 -0.1675 7.209955 0.8325 7.702944 -0.1675 7.810785 -0.1675 7.810785 0.8325 7.702944 0.8325 8.319179 -0.1675 7.810785 0.8325 8.319179 -0.1675 8.411615 -0.1675 8.411615 0.8325 8.319179 0.8325 8.935415 -0.1675 8.411615 0.8325 8.935415 -0.1675 9.012444 -0.1675 9.012444 0.8325 8.935415 0.8325 9.551651 -0.1675 9.012444 0.8325 9.551651 -0.1675 9.613274 -0.1675 9.613274 0.8325 9.551651 0.8325 10.16788 -0.1675 9.613274 0.8325 10.16788 -0.1675 10.2141 -0.1675 10.2141 0.8325 10.16788 0.8325 10.78412 -0.1675 10.2141 0.8325 10.78412 -0.1675 10.81493 -0.1675 10.81493 0.8325 10.78412 0.8325 11.40036 -0.1675 10.81493 0.8325 11.40036 -0.1675 11.41576 -0.1675 11.41576 0.8325 11.40036 0.8325 12.01659 -0.4925 3.600792 -2 3.600792 -2 3.045526 1.423359 0 1.423359 2.8325 1.245439 0 1.245439 0 1.423359 2.8325 1.245439 2.8325 1.245439 0 1.245439 2.8325 1.067519 2.8325 1.245439 0 1.067519 2.8325 1.067519 0 1.067519 0 1.067519 2.8325 0.889599 2.8325 1.067519 0 0.889599 2.8325 0.889599 0 0.889599 0 0.889599 2.8325 0.711679 2.8325 0.889599 0 0.711679 2.8325 0.711679 0 0.711679 0 0.711679 2.8325 0.53376 2.8325 0.711679 0 0.53376 2.8325 0.53376 0 0.53376 0 0.53376 2.8325 0.35584 2.8325 0.53376 0 0.35584 2.8325 0.35584 0 0.35584 0 0.35584 2.8325 0.17792 2.8325 0.35584 0 0.17792 2.8325 0.17792 0 0.17792 0 0.17792 2.8325 0 2.8325 0.17792 0 0 2.8325 0 0 2.685474 3.039269 2.119192 2.828444 2.937802 2.112085 2.937802 2.112085 2.119192 2.828444 1.936569 2.679939 2.937802 2.112085 1.936569 2.679939 1.755674 2.532858 1.755674 2.532858 1.57383 2.385061 2.937802 2.112085 2.937802 2.112085 1.57383 2.385061 1.391503 2.236968 2.937802 2.112085 1.391503 2.236968 1.391503 2.036178 2.937802 2.112085 4.451459 2.201061 2.685474 3.039269 2.685474 3.039269 4.451459 2.201061 3.264707 3.210445 3.264707 3.210445 4.451459 2.201061 3.854159 3.341714 3.854159 3.341714 4.451459 2.201061 4.451459 3.433112 -0.691418 13.22041 -0.788754 13.23472 -0.689701 12.50327 -0.689701 12.50327 -0.788754 13.23472 -1.040118 13.23472 -0.689701 12.50327 -1.040118 13.23472 -1.205457 12.7134 -1.205457 12.7134 -1.040118 13.23472 -1.19857 13.23472 -1.205457 12.7134 -1.19857 13.23472 -1.719491 12.92971 -1.719491 12.92971 -1.19857 13.23472 -1.814614 13.23472 -1.719491 12.92971 -1.814614 13.23472 -2.232813 13.15161 -2.232813 13.15161 -1.814614 13.23472 -1.814614 13.60044 -2.232813 13.15161 -1.814614 13.60044 -2.430658 13.60044 -2.430658 13.60044 -1.814614 13.60044 -1.814614 13.96611 -2.430658 13.60044 -1.814614 13.96611 -2.430658 13.96614 -2.430658 13.96614 -1.814614 13.96611 -1.814614 14.55267 -2.430658 13.96614 -1.814614 14.55267 -2.430658 14.55267 -2.430658 14.55267 -1.814614 14.55267 -2.430658 15.13917 -2.430658 14.55267 -2.430658 15.13917 -2.522983 15.13917 -2.522983 15.13917 -2.430658 15.13917 -2.522983 15.72567 -2.522983 15.13917 -2.522983 15.72567 -3.240875 15.18344 -3.240875 15.18344 -2.522983 15.72567 -3.240875 15.7478 -3.240875 15.7478 -2.522983 15.72567 -2.522983 16.31209 -3.240875 15.7478 -2.522983 16.31209 -3.240875 16.31217 -3.240875 16.31217 -2.522983 16.31209 -3.240875 16.82619 -3.240875 16.82619 -2.522983 16.31209 -2.522983 16.92214 -3.240875 16.82619 -2.522983 16.92214 -3.240875 17.3402 -3.240875 17.3402 -2.522983 16.92214 -2.522983 17.53211 -3.240875 17.3402 -2.522983 17.53211 -2.522983 18.14208 -2.522983 18.14208 -2.522983 17.53211 -2.430658 17.53211 -2.522983 18.14208 -2.430658 17.53211 -2.430658 18.14208 -2.430658 18.14208 -2.430658 17.53211 -1.814614 17.53211 -2.430658 18.14208 -1.814614 17.53211 -1.814614 18.14208 -1.814614 18.14208 -1.814614 17.53211 -1.19857 17.53211 -1.814614 18.14208 -1.19857 17.53211 -1.19857 18.14208 -1.19857 18.14208 -1.19857 17.53211 -1.040118 17.53211 -1.19857 18.14208 -1.040118 17.53211 -1.040118 18.14208 -1.040118 18.14208 -1.040118 17.53211 -0.788754 17.53211 -1.040118 18.14208 -0.788754 17.53211 -0.788754 18.14208 -0.788754 18.14208 -0.788754 17.53211 -0.708894 17.8566 -0.788754 18.14208 -0.708894 17.8566 -0.709069 18.69825 -0.788754 13.23472 -0.691418 13.22041 -0.788754 13.60044 -0.788754 13.60044 -0.691418 13.22041 -0.694196 13.93688 -0.788754 13.60044 -0.694196 13.93688 -0.788754 13.96608 -0.788754 13.96608 -0.694196 13.93688 -0.694327 13.96607 -0.788754 13.96608 -0.694327 13.96607 -0.697102 14.53942 -0.788754 13.96608 -0.697102 14.53942 -0.788754 14.55267 -0.788754 14.55267 -0.697102 14.53942 -0.700063 15.11295 -0.788754 14.55267 -0.700063 15.11295 -0.788754 15.13917 -0.788754 15.13917 -0.700063 15.11295 -0.702892 15.68672 -0.788754 15.13917 -0.702892 15.68672 -0.788754 15.72567 -0.788754 15.72567 -0.702892 15.68672 -0.705309 16.26073 -0.788754 15.72567 -0.705309 16.26073 -0.788754 16.31191 -0.788754 16.31191 -0.705309 16.26073 -0.705495 16.3119 -0.788754 16.31191 -0.705495 16.3119 -0.788754 16.92214 -0.788754 16.92214 -0.705495 16.3119 -0.707841 17.02284 -0.788754 16.92214 -0.707841 17.02284 -0.788754 17.53211 -0.788754 17.53211 -0.707841 17.02284 -0.708894 17.8566 -0.788754 18.14208 -0.709069 18.69825 -0.788754 18.75205 -0.788754 18.75205 -0.709069 18.69825 -0.708679 19.55559 -0.788754 18.75205 -0.708679 19.55559 -0.788754 19.58818 -0.788754 19.58818 -0.708679 19.55559 -0.708076 20.4243 -0.788754 19.58818 -0.708076 20.4243 -1.040118 19.58818 -1.040118 19.58818 -0.708076 20.4243 -1.19857 19.58818 -1.040118 19.58818 -1.19857 19.58818 -1.040118 18.75205 -1.040118 18.75205 -1.19857 19.58818 -1.19857 18.75205 -1.040118 18.75205 -1.19857 18.75205 -1.040118 18.14208 -1.040118 18.14208 -1.19857 18.75205 -1.19857 18.14208 -0.708076 20.4243 -1.552342 20.4243 -1.19857 19.58818 -1.19857 19.58818 -1.552342 20.4243 -1.814614 19.58818 -1.19857 19.58818 -1.814614 19.58818 -1.19857 18.75205 -1.19857 18.75205 -1.814614 19.58818 -1.814614 18.75205 -1.19857 18.75205 -1.814614 18.75205 -1.19857 18.14208 -1.19857 18.14208 -1.814614 18.75205 -1.814614 18.14208 -1.552342 20.4243 -2.396609 20.4243 -1.814614 19.58818 -1.814614 19.58818 -2.396609 20.4243 -2.430658 19.58818 -1.814614 19.58818 -2.430658 19.58818 -1.814614 18.75205 -1.814614 18.75205 -2.430658 19.58818 -2.430658 18.75205 -1.814614 18.75205 -2.430658 18.75205 -1.814614 18.14208 -1.814614 18.14208 -2.430658 18.75205 -2.430658 18.14208 -3.240875 20.4243 -3.240875 19.91028 -2.396609 20.4243 -2.396609 20.4243 -3.240875 19.91028 -2.522983 19.58818 -2.396609 20.4243 -2.522983 19.58818 -2.430658 19.58818 -2.430658 19.58818 -2.522983 19.58818 -2.430658 18.75205 -3.240875 19.91028 -3.240875 19.39627 -2.522983 19.58818 -2.522983 19.58818 -3.240875 19.39627 -2.522983 18.75205 -2.522983 19.58818 -2.522983 18.75205 -2.430658 18.75205 -2.430658 18.75205 -2.522983 18.75205 -2.430658 18.14208 -3.240875 19.39627 -3.240875 18.36824 -2.522983 18.75205 -2.522983 18.75205 -3.240875 18.36824 -2.522983 18.14208 -2.522983 18.75205 -2.522983 18.14208 -2.430658 18.14208 -3.240875 18.36824 -3.240875 17.3402 -2.522983 18.14208 -3.240875 15.18344 -3.240875 14.61908 -2.522983 15.13917 -2.522983 15.13917 -3.240875 14.61908 -2.522983 14.55267 -2.522983 15.13917 -2.522983 14.55267 -2.430658 14.55267 -2.430658 14.55267 -2.522983 14.55267 -2.430658 13.96614 -3.240875 14.61908 -3.240875 14.05466 -2.522983 14.55267 -2.522983 14.55267 -3.240875 14.05466 -2.522983 13.96614 -2.522983 14.55267 -2.522983 13.96614 -2.430658 13.96614 -2.430658 13.96614 -2.522983 13.96614 -2.522983 13.60044 -2.430658 13.96614 -2.522983 13.60044 -2.430658 13.60044 -2.430658 13.60044 -2.522983 13.60044 -2.232813 13.15161 -3.240875 14.05466 -3.234779 13.96617 -2.522983 13.96614 -2.522983 13.96614 -3.234779 13.96617 -3.182588 13.78661 -2.522983 13.96614 -3.182588 13.78661 -3.079742 13.62372 -3.079742 13.62372 -2.931861 13.48555 -2.522983 13.96614 -2.522983 13.96614 -2.931861 13.48555 -2.746746 13.37865 -2.522983 13.96614 -2.746746 13.37865 -2.522983 13.60044 -2.522983 13.60044 -2.746746 13.37865 -2.232813 13.15161 -1.040118 13.23472 -0.788754 13.23472 -1.040118 13.60044 -1.040118 13.60044 -0.788754 13.23472 -0.788754 13.60044 -1.040118 13.60044 -0.788754 13.60044 -0.788754 13.96608 -1.814614 13.60044 -1.814614 13.23472 -1.19857 13.23472 -1.19857 13.23472 -1.040118 13.23472 -1.19857 13.60044 -1.19857 13.60044 -1.040118 13.23472 -1.040118 13.60044 -1.19857 13.60044 -1.040118 13.60044 -1.040118 13.96609 -1.040118 13.96609 -1.040118 13.60044 -0.788754 13.96608 -1.040118 13.96609 -0.788754 13.96608 -1.040118 14.55267 -1.040118 14.55267 -0.788754 13.96608 -0.788754 14.55267 -1.040118 14.55267 -0.788754 14.55267 -1.040118 15.13917 -1.040118 15.13917 -0.788754 14.55267 -0.788754 15.13917 -1.040118 15.13917 -0.788754 15.13917 -1.040118 15.72567 -1.040118 15.72567 -0.788754 15.13917 -0.788754 15.72567 -1.040118 15.72567 -0.788754 15.72567 -0.788754 16.31191 -1.814614 13.60044 -1.19857 13.60044 -1.19857 13.96609 -1.19857 13.96609 -1.19857 13.60044 -1.040118 13.96609 -1.19857 13.96609 -1.040118 13.96609 -1.19857 14.55267 -1.19857 14.55267 -1.040118 13.96609 -1.040118 14.55267 -1.19857 14.55267 -1.040118 14.55267 -1.19857 15.13917 -1.19857 15.13917 -1.040118 14.55267 -1.040118 15.13917 -1.19857 15.13917 -1.040118 15.13917 -1.19857 15.72567 -1.19857 15.72567 -1.040118 15.13917 -1.040118 15.72567 -1.19857 15.72567 -1.040118 15.72567 -1.040118 16.31193 -1.040118 16.31193 -1.040118 15.72567 -0.788754 16.31191 -1.040118 16.31193 -0.788754 16.31191 -0.788754 16.92214 -1.19857 13.60044 -1.814614 13.60044 -1.19857 13.23472 -1.814614 13.60044 -1.19857 13.96609 -1.814614 13.96611 -1.814614 13.96611 -1.19857 13.96609 -1.19857 14.55267 -1.814614 13.96611 -1.19857 14.55267 -1.814614 14.55267 -1.814614 14.55267 -1.19857 14.55267 -1.814614 15.13917 -1.814614 14.55267 -1.814614 15.13917 -2.430658 15.13917 -2.430658 15.13917 -1.814614 15.13917 -2.430658 15.72567 -2.430658 15.13917 -2.430658 15.72567 -2.522983 15.72567 -2.522983 15.72567 -2.430658 15.72567 -2.430658 16.31208 -2.522983 15.72567 -2.430658 16.31208 -2.522983 16.31209 -2.522983 16.31209 -2.430658 16.31208 -2.522983 16.92214 -1.814614 15.13917 -1.19857 14.55267 -1.19857 15.13917 -1.814614 15.13917 -1.19857 15.13917 -1.814614 15.72567 -1.814614 15.72567 -1.19857 15.13917 -1.19857 15.72567 -1.814614 15.72567 -1.19857 15.72567 -1.19857 16.31195 -1.19857 16.31195 -1.19857 15.72567 -1.040118 16.31193 -1.19857 16.31195 -1.040118 16.31193 -1.19857 16.92214 -1.19857 16.92214 -1.040118 16.31193 -1.040118 16.92214 -1.19857 16.92214 -1.040118 16.92214 -1.19857 17.53211 -1.19857 17.53211 -1.040118 16.92214 -1.040118 17.53211 -1.814614 15.13917 -1.814614 15.72567 -2.430658 15.72567 -2.430658 15.72567 -1.814614 15.72567 -1.814614 16.31202 -2.430658 15.72567 -1.814614 16.31202 -2.430658 16.31208 -2.430658 16.31208 -1.814614 16.31202 -1.814614 16.92214 -2.430658 16.31208 -1.814614 16.92214 -2.430658 16.92214 -2.430658 16.92214 -1.814614 16.92214 -2.430658 17.53211 -2.430658 16.92214 -2.430658 17.53211 -2.522983 17.53211 -1.814614 16.31202 -1.814614 15.72567 -1.19857 16.31195 -1.040118 16.92214 -1.040118 16.31193 -0.788754 16.92214 -1.814614 16.31202 -1.19857 16.31195 -1.19857 16.92214 -1.814614 16.92214 -1.814614 16.31202 -1.19857 16.92214 -1.040118 17.53211 -1.040118 16.92214 -0.788754 16.92214 -0.788754 17.53211 -1.040118 17.53211 -0.788754 16.92214 -2.522983 16.92214 -2.430658 16.31208 -2.430658 16.92214 -1.19857 17.53211 -1.814614 17.53211 -1.19857 16.92214 -1.19857 16.92214 -1.814614 17.53211 -1.814614 16.92214 -2.522983 17.53211 -2.522983 16.92214 -2.430658 16.92214 -1.814614 17.53211 -2.430658 17.53211 -1.814614 16.92214 -1.040118 18.75205 -1.040118 18.14208 -0.788754 18.14208 -1.040118 19.58818 -1.040118 18.75205 -0.788754 18.75205 -0.788754 18.75205 -1.040118 18.75205 -0.788754 18.14208 -0.788754 19.58818 -1.040118 19.58818 -0.788754 18.75205 1.391503 -2.236968 1.573828 -2.385059 1.391503 -2.03612 1.391503 -2.03612 1.573828 -2.385059 4.451459 -2.201125 4.451459 -2.201125 1.573828 -2.385059 1.75567 -2.532854 4.451459 -2.201125 1.75567 -2.532854 1.936566 -2.679936 1.936566 -2.679936 2.119192 -2.828444 4.451459 -2.201125 4.451459 -2.201125 2.119192 -2.828444 2.685474 -3.039269 4.451459 -2.201125 2.685474 -3.039269 3.264707 -3.210445 3.264707 -3.210445 3.854159 -3.341714 4.451459 -2.201125 4.451459 -2.201125 3.854159 -3.341714 4.451459 -3.433112 0.806869 11.94272 0.806869 12.32797 0.403434 11.88769 0.403434 11.88769 0.806869 12.32797 0 12.32797 0.403434 11.88769 0 12.32797 0 11.72655 0.403434 11.88769 0 11.72655 0.403434 11.4474 0.403434 11.4474 0 11.72655 0 11.125 0.403434 11.4474 0 11.125 0.403434 11.00712 0.403434 11.00712 0 11.125 10e-7 10.52777 0.403434 11.00712 10e-7 10.52777 0.403434 10.56684 0.403434 10.56684 10e-7 10.52777 0.403434 10.12655 0.403434 10.56684 0.403434 10.12655 0.806869 10.40173 0.806869 10.40173 0.403434 10.12655 0.806869 10.01648 0.806869 10.01648 0.403434 10.12655 0.403434 9.686265 0.806869 10.01648 0.403434 9.686265 0.806869 9.631231 0.806869 9.631231 0.403434 9.686265 0.403434 9.245982 0.806869 9.631231 0.403434 9.245982 0.806869 9.245982 0.806869 9.245982 0.403434 9.245982 0.806869 8.860732 0.806869 8.860732 0.403434 9.245982 0.403434 8.805696 0.806869 8.860732 0.403434 8.805696 0.806869 8.475482 0.806869 8.475482 0.403434 8.805696 0.403434 8.365411 0.806869 8.475482 0.403434 8.365411 0.806869 8.090233 0.806869 8.090233 0.403434 8.365411 0.403434 7.925126 0.806869 8.090233 0.403434 7.925126 0.806869 7.704984 0.806869 7.704984 0.403434 7.925126 0.403434 7.484841 0.806869 7.704984 0.403434 7.484841 0.806869 7.319735 0.806869 7.319735 0.403434 7.484841 0.403434 7.044557 0.806869 7.319735 0.403434 7.044557 0.806869 6.934485 0.806869 6.934485 0.403434 7.044557 0.403434 6.604272 0.806869 6.934485 0.403434 6.604272 0.806869 6.549236 0.806869 6.549236 0.403434 6.604272 0.403434 6.163987 0.806869 6.549236 0.403434 6.163987 0.806869 6.163987 0.806869 6.163987 0.403434 6.163987 0.806869 5.778738 0.806869 5.778738 0.403434 6.163987 0.403434 5.723702 0.806869 5.778738 0.403434 5.723702 0.806869 5.393489 0.806869 5.393489 0.403434 5.723702 0.403434 5.283417 0.806869 5.393489 0.403434 5.283417 0.806869 5.008239 0.806869 5.008239 0.403434 5.283417 0.403434 4.843133 0.806869 5.008239 0.403434 4.843133 0.806869 4.62299 0.806869 4.62299 0.403434 4.843133 0.403434 4.402848 0.806869 4.62299 0.403434 4.402848 0.806869 4.237741 0.806869 4.237741 0.403434 4.402848 0.403434 3.962563 0.806869 4.237741 0.403434 3.962563 0.806869 3.852492 0.806869 3.852492 0.403434 3.962563 0.403434 3.522278 0.806869 3.852492 0.403434 3.522278 0.806869 3.467243 0.806869 3.467243 0.403434 3.522278 0.403434 3.081994 0.806869 3.467243 0.403434 3.081994 0.806869 3.081994 0.806869 3.081994 0.403434 3.081994 0.806869 2.696744 0.806869 2.696744 0.403434 3.081994 0.403434 2.641709 0.806869 2.696744 0.403434 2.641709 0.806869 2.311495 0.806869 2.311495 0.403434 2.641709 0.403434 2.201424 0.806869 2.311495 0.403434 2.201424 0.806869 1.926246 0.806869 1.926246 0.403434 2.201424 0.403434 1.761139 0.806869 1.926246 0.403434 1.761139 0.806869 1.540997 0.806869 1.540997 0.403434 1.761139 0.403434 1.320854 0.806869 1.540997 0.403434 1.320854 0.806869 1.155748 0.806869 1.155748 0.403434 1.320854 0.403434 0.88057 0.806869 1.155748 0.403434 0.88057 0.806869 0.770498 0.806869 0.770498 0.403434 0.88057 0.403434 0.440285 0.806869 0.770498 0.403434 0.440285 0.806869 0.385249 0.806869 0.385249 0.403434 0.440285 0.806869 0 0.806869 0 0.403434 0.440285 0 0 0 0 0.403434 0.440285 0 0.586363 0 0.586363 0.403434 0.440285 0.403434 0.88057 0 0.586363 0.403434 0.88057 0 1.172897 0 1.172897 0.403434 0.88057 0.403434 1.320854 0 1.172897 0.403434 1.320854 0 1.756167 0 1.756167 0.403434 1.320854 0.403434 1.761139 0 1.756167 0.403434 1.761139 0.403434 2.201424 10e-7 10.52777 7.4e-5 9.971234 0.403434 10.12655 0.403434 10.12655 7.4e-5 9.971234 0.403434 9.686265 7.4e-5 9.971234 1.1e-5 9.46338 0.403434 9.686265 0.403434 9.686265 1.1e-5 9.46338 0.403434 9.245982 1.1e-5 9.46338 4e-6 9.00507 0.403434 9.245982 0.403434 9.245982 4e-6 9.00507 0.403434 8.805696 4e-6 9.00507 4.6e-5 8.591896 0.403434 8.805696 0.403434 8.805696 4.6e-5 8.591896 0.403434 8.365411 4.6e-5 8.591896 1.16e-4 8.225039 0.403434 8.365411 0.403434 8.365411 1.16e-4 8.225039 0.403434 7.925126 1.16e-4 8.225039 2.5e-5 7.906347 0.403434 7.925126 0.403434 7.925126 2.5e-5 7.906347 3.1e-5 7.63634 0.403434 7.925126 3.1e-5 7.63634 0.403434 7.484841 0.403434 7.484841 3.1e-5 7.63634 0 7.130227 0.403434 7.484841 0 7.130227 0.403434 7.044557 0.403434 7.044557 0 7.130227 0 6.624663 0.403434 7.044557 0 6.624663 0.403434 6.604272 0.403434 6.604272 0 6.624663 0.403434 6.163987 0 6.624663 0 6.118919 0.403434 6.163987 0.403434 6.163987 0 6.118919 0.403434 5.723702 0 6.118919 0 5.61324 0.403434 5.723702 0.403434 5.723702 0 5.61324 0.403434 5.283417 0 5.61324 2e-6 5.107752 0.403434 5.283417 0.403434 5.283417 2e-6 5.107752 0.403434 4.843133 2e-6 5.107752 5.1e-5 4.598992 0.403434 4.843133 0.403434 4.843133 5.1e-5 4.598992 0.403434 4.402848 5.1e-5 4.598992 5e-6 4.319279 0.403434 4.402848 0.403434 4.402848 5e-6 4.319279 0.403434 3.962563 5e-6 4.319279 4.1e-5 3.996629 0.403434 3.962563 0.403434 3.962563 4.1e-5 3.996629 8e-6 3.634308 0.403434 3.962563 8e-6 3.634308 0.403434 3.522278 0.403434 3.522278 8e-6 3.634308 1.48e-4 3.233952 0.403434 3.522278 1.48e-4 3.233952 0.403434 3.081994 0.403434 3.081994 1.48e-4 3.233952 1.1e-4 2.792631 0.403434 3.081994 1.1e-4 2.792631 0.403434 2.641709 0.403434 2.641709 1.1e-4 2.792631 7e-6 2.300264 0.403434 2.641709 7e-6 2.300264 0.403434 2.201424 0.403434 2.201424 7e-6 2.300264 0 1.756167 0.806869 10.40173 0.806869 10.78698 0.403434 10.56684 0.403434 10.56684 0.806869 10.78698 0.403434 11.00712 0.806869 10.78698 0.806869 11.17223 0.403434 11.00712 0.403434 11.00712 0.806869 11.17223 0.403434 11.4474 0.806869 11.17223 0.806869 11.55748 0.403434 11.4474 0.403434 11.4474 0.806869 11.55748 0.403434 11.88769 0.806869 11.55748 0.806869 11.94272 0.403434 11.88769 0 12.50591 0.205996 12.58185 0 13.39577 0 13.39577 0.205996 12.58185 0.410743 13.39795 0 13.39577 0.410743 13.39795 0.410743 14.29455 0.410743 14.29455 0.410743 13.39795 0.821633 14.29434 0.410743 14.29455 0.821633 14.29434 0.821633 14.32453 0.205996 12.58185 0.411371 12.65832 0.410743 13.39795 0.410743 13.39795 0.411371 12.65832 0.615582 12.73514 0.410743 13.39795 0.615582 12.73514 0.821633 12.81349 0.821633 12.81349 0.821633 13.55392 0.410743 13.39795 0.410743 13.39795 0.821633 13.55392 0.821633 14.29434 0.821633 14.91727 0.410743 14.64066 0.821633 14.32453 0.821633 14.32453 0.410743 14.64066 0.410743 14.32453 0.821633 14.32453 0.410743 14.32453 0.410743 14.29455 0.410743 14.29455 0.410743 14.32453 0 14.29476 0.410743 14.29455 0 14.29476 0 13.39577 0.410743 14.64066 0.821633 14.91727 0.410743 15.43097 0.410743 15.43097 0.821633 14.91727 0.821633 15.51001 0.410743 15.43097 0.821633 15.51001 0.821633 16.10274 0.410743 15.43097 0.821633 16.10274 0.410743 16.22129 0.410743 16.22129 0.821633 16.10274 0.821633 16.69548 0.410743 16.22129 0.821633 16.69548 0.410743 16.69548 0.410743 16.69548 0.821633 16.69548 0.410743 16.74831 0.410743 16.69548 0.410743 16.74831 0 16.69548 0 16.69548 0.410743 16.74831 0 17.48115 0 17.48115 0.410743 16.74831 0.410743 17.48115 0 17.48115 0.410743 17.48115 0 17.58831 0 17.58831 0.410743 17.48115 0.410743 18.33693 0 17.58831 0.410743 18.33693 0 18.46398 0 18.46398 0.410743 18.33693 0 19.07405 0 19.07405 0.410743 18.33693 0.410743 19.1927 0 19.07405 0.410743 19.1927 0 19.68412 0 19.68412 0.410743 19.1927 0.410743 20.04848 0 19.68412 0.410743 20.04848 0 20.29419 0 20.29419 0.410743 20.04848 0 20.90426 0 20.90426 0.410743 20.04848 0.821633 20.90426 0.821633 20.90426 0.410743 20.04848 0.821633 20.04848 0.821633 20.04848 0.410743 20.04848 0.410743 19.1927 0.821633 20.04848 0.410743 19.1927 0.821633 19.1927 0.821633 19.1927 0.410743 19.1927 0.821633 18.33693 0.821633 18.33693 0.410743 19.1927 0.410743 18.33693 0.821633 18.33693 0.410743 18.33693 0.410743 17.48115 0.821633 16.69548 0.821633 16.74831 0.410743 16.74831 0.410743 16.74831 0.821633 16.74831 0.410743 17.48115 0.821633 16.74831 0.821633 17.48115 0.410743 17.48115 0.410743 17.48115 0.821633 17.48115 0.821633 18.33693 0.410743 16.69548 0 16.69548 0.410743 16.22129 0.410743 16.22129 0 16.69548 0 16.10274 0.410743 16.22129 0 16.10274 0.410743 15.43097 0.410743 15.43097 0 16.10274 0 15.51001 0.410743 15.43097 0 15.51001 0 14.91727 0.410743 15.43097 0 14.91727 0.410743 14.64066 0.410743 14.64066 0 14.91727 0 14.32453 0.410743 14.64066 0 14.32453 0.410743 14.32453 0.410743 14.32453 0 14.32453 0 14.29476 10.30343 5.984445 10.58799 3.651945 10.51301 5.984445 10.51301 5.984445 10.58799 3.651945 11.34912 4.962811 10.51301 5.984445 11.34912 4.962811 10.51301 6.301945 10.51301 6.301945 11.34912 4.962811 12.12519 6.301945 10.09385 5.984445 10.24261 3.300557 10.30343 5.984445 10.30343 5.984445 10.24261 3.300557 10.37677 3.398042 10.30343 5.984445 10.37677 3.398042 10.49301 3.516261 9.692516 5.984445 9.90351 3.170657 10.09385 5.984445 10.09385 5.984445 9.90351 3.170657 10.09385 3.226148 10.09385 5.984445 10.09385 3.226148 10.24261 3.300557 9.291167 5.984445 9.291167 3.151945 9.692516 5.984445 9.692516 5.984445 9.291167 3.151945 9.702025 3.151945 9.692516 5.984445 9.702025 3.151945 9.90351 3.170657 10.49301 3.516261 10.58799 3.651945 10.30343 5.984445 0.45 1.701696 0 1.701696 0.45 1.134464 0.45 1.134464 0 1.701696 0 1.134464 0.45 1.134464 0 1.134464 0.45 0.567232 0.45 0.567232 0 1.134464 0 0.567232 0.45 0.567232 0 0.567232 0.45 0 0.45 0 0 0.567232 0 0 0.45 0 0 0 0.45 -0.567232 0.45 -0.567232 0 0 0 -0.567232 0.45 -0.567232 0 -0.567232 0.45 -1.134464 0.45 -1.134464 0 -0.567232 0 -1.134464 0.45 -1.134464 0 -1.134464 0.45 -1.701696 0.45 -1.701696 0 -1.134464 0 -1.701696 0 0 2.06738 0 0.148391 0.107046 0.148391 0.107046 2.06738 0 0.296748 0.213879 0.296748 0.213879 2.06738 0 2.06738 0.45 0.296748 0.213879 2.06738 0.45 0.609427 0.43867 0.609427 0.43867 2.06738 0.45 0.625201 0.45 0.01602298 25.89413 0 25.87599 0.210967 25.19775 0.210967 25.19775 0 25.87599 0 25.19775 0.210967 25.19775 0 25.19775 0.210967 24.0646 0.210967 24.0646 0 25.19775 0 24.0646 0.210967 24.0646 0 24.0646 0.210967 23.19916 0.210967 23.19916 0 24.0646 0 23.19911 0.210967 23.19916 0 23.19911 0.210967 22.33371 0.210967 22.33371 0 23.19911 0 22.33362 0.210967 22.33371 0 22.33362 0.210967 21.46827 0.210967 21.46827 0 22.33362 0 21.46813 0.210967 21.46827 0 21.46813 0.210967 20.60282 0.210967 20.60282 0 21.46813 0 20.60264 0.210967 20.60282 0 20.60264 0 19.53764 0.210967 20.60282 0 19.53764 0.210967 19.18264 0.210967 19.18264 0 19.53764 0 18.47265 0.210967 19.18264 0 18.47265 0.210967 17.76265 0.210967 17.76265 0 18.47265 0 17.40764 0.210967 17.76265 0 17.40764 0.210967 16.34265 0.210967 16.34265 0 17.40764 0 16.34265 0.210967 16.34265 0 16.34265 0.210967 15.32444 0.210967 15.32444 0 16.34265 0 15.32444 0.210967 15.32444 0 15.32444 0.210967 13.54644 0.210967 13.54644 0 15.32444 0 13.54644 0.210967 13.54644 0 13.54644 0.210967 11.76845 0.210967 11.76845 0 13.54644 0 11.76845 0.210967 11.76845 0 11.76845 0.210967 10.61593 0.210967 10.61593 0 11.76845 0 10.03967 0.210967 10.61593 0 10.03967 0.210967 9.463415 0.210967 9.463415 0 10.03967 0 9.175285 0.210967 9.463415 0 9.175285 0.210967 8.310895 0.210967 8.310895 0 9.175285 0 8.310895 0.210967 8.310895 0 8.310895 0 7.583091 0.210967 8.310895 0 7.583091 0.210967 7.34049 0.210967 7.34049 0 7.583091 0 6.855288 0.210967 7.34049 0 6.855288 0.210967 6.370086 0.210967 6.370086 0 6.855288 0 6.127485 0.210967 6.370086 0 6.127485 0.210967 5.399682 0.210967 5.399682 0 6.127485 0 5.399682 0.210967 5.399682 0 5.399682 0.210967 5.106112 0.210967 5.106112 0 5.399682 0 5.106112 0.210967 5.106112 0 5.106112 0.210967 4.449782 0.210967 4.449782 0 5.106112 0 4.223503 0.210967 4.449782 0 4.223503 0.210967 3.793452 0.210967 3.793452 0 4.223503 0 3.340744 0.210967 3.793452 0 3.340744 0.210967 3.134617 0.210967 3.134617 0 3.340744 0.158249 3.134307 0.210967 3.134617 0.158249 3.134307 0.317542 2.92108 0.210967 3.134617 0.317542 2.92108 0.636397 3.137122 0.636397 3.137122 0.317542 2.92108 0.476665 2.703262 0.636397 3.137122 0.476665 2.703262 0.636397 2.480792 0.210967 3.134617 0.636397 3.137122 0.210967 3.793452 0.210967 3.793452 0.636397 3.137122 0.636397 3.793452 0.210967 3.793452 0.636397 3.793452 0.210967 4.449782 0.210967 4.449782 0.636397 3.793452 0.636397 4.449782 0.210967 4.449782 0.636397 4.449782 0.210967 5.106112 0.210967 5.106112 0.636397 4.449782 0.636397 5.106112 0.210967 5.106112 0.636397 5.106112 0.210967 5.399682 0.210967 5.399682 0.636397 5.106112 0.636397 5.399682 0.210967 5.399682 0.636397 5.399682 0.636397 6.127485 0.210967 5.399682 0.636397 6.127485 0.210967 6.370086 0.210967 6.370086 0.636397 6.127485 0.636397 6.855288 0.210967 6.370086 0.636397 6.855288 0.210967 7.34049 0.210967 7.34049 0.636397 6.855288 0.636397 7.583091 0.210967 7.34049 0.636397 7.583091 0.210967 8.310895 0.210967 8.310895 0.636397 7.583091 0.636397 8.310895 0.210967 8.310895 0.636397 8.310895 0.636397 9.175285 0.210967 8.310895 0.636397 9.175285 0.210967 9.463415 0.210967 9.463415 0.636397 9.175285 0.636397 10.03967 0.210967 9.463415 0.636397 10.03967 0.210967 10.61593 0.210967 10.61593 0.636397 10.03967 0.636397 11.76845 0.210967 10.61593 0.636397 11.76845 0.210967 11.76845 0.210967 11.76845 0.636397 11.76845 0.210967 13.54644 0.636397 11.76845 0.636397 13.54644 0.210967 13.54644 0.210967 13.54644 0.636397 13.54644 0.210967 15.32444 0.636397 13.54644 0.636397 15.32444 0.210967 15.32444 0.210967 15.32444 0.636397 15.32444 0.210967 16.34265 0.636397 15.32444 0.636397 16.34265 0.210967 16.34265 0.210967 16.34265 0.636397 16.34265 0.210967 17.76265 0.636397 16.34265 0.636397 18.02372 0.210967 17.76265 0.210967 17.76265 0.636397 18.02372 0.210967 19.18264 0.636397 18.02372 0.636397 19.30688 0.210967 19.18264 0.210967 19.18264 0.636397 19.30688 0.210967 20.60282 0.636397 19.30688 0.636397 20.60318 0.210967 20.60282 0.210967 20.60282 0.636397 20.60318 0.636397 20.64611 0.210967 20.60282 0.636397 20.64611 0.210967 21.46827 0.210967 21.46827 0.636397 20.64611 0.636397 21.46854 0.210967 21.46827 0.636397 21.46854 0.636397 21.50075 0.210967 21.46827 0.636397 21.50075 0.210967 22.33371 0.210967 22.33371 0.636397 21.50075 0.636397 22.33389 0.210967 22.33371 0.636397 22.33389 0.636397 22.35538 0.210967 22.33371 0.636397 22.35538 0.210967 23.19916 0.210967 23.19916 0.636397 22.35538 0.636397 23.19925 0.210967 23.19916 0.636397 23.19925 0.636397 23.21002 0.210967 23.19916 0.636397 23.21002 0.210967 24.0646 0.210967 24.0646 0.636397 23.21002 0.636397 24.0646 0.210967 24.0646 0.636397 24.0646 0.210967 25.19775 0.210967 25.19775 0.636397 24.0646 0.636397 25.19775 0.210967 25.19775 0.636397 25.19775 0.210967 25.90623 0.210967 25.90623 0.636397 25.19775 0.333926 26.25926 0.210967 25.90623 0.333926 26.25926 0.01602298 25.89413 0.636397 26.61472 0.485012 26.43601 0.636397 25.19775 0.636397 25.19775 0.485012 26.43601 0.333926 26.25926 0.210967 25.90623 0.01602298 25.89413 0.210967 25.19775 2.133862 0 1.98569 0.112947 1.870357 0 1.870357 0 1.98569 0.112947 0 0 0 0 1.98569 0.112947 1.837466 0.2254649 0 0 1.837466 0.2254649 1.688618 0.338101 1.540386 0.45 0 0.45 1.688618 0.338101 1.688618 0.338101 0 0.45 0 0 0.45 -7.225663 0 -7.225663 0.45 -7.627089 0.45 -7.627089 0 -7.225663 0 -7.627089 0.45 -7.627089 0 -7.627089 0.45 -8.028515 0.45 -8.028515 0 -7.627089 0 -8.028515 0.45 -8.028515 0 -8.028515 0.45 -8.429941 0.45 -8.429941 0 -8.028515 0 -8.429941 0.45739 0.45 0.34305 0.337492 2.735089 0.45 2.735089 0.45 0.34305 0.337492 0.228705 0.2249889 2.735089 0.45 0.228705 0.2249889 2.735089 0 2.735089 0 0.228705 0.2249889 0.114355 0.112492 2.735089 0 0.114355 0.112492 0.203177 0 0.203177 0 0.114355 0.112492 0 0 4.276601 -2.244965 3.690283 -2.169228 3.690262 -2.169409 3.690262 -2.169409 3.690283 -2.169228 3.363455 -2.131048 3.690262 -2.169409 3.363455 -2.131048 3.106434 -2.103321 3.106434 -2.103321 3.363455 -2.131048 3.106468 -2.102997 3.106434 -2.103321 3.106468 -2.102997 2.76096 -2.068266 2.76096 -2.068266 3.106468 -2.102997 2.76099 -2.067958 2.76096 -2.068266 2.76099 -2.067958 2.41543 -2.036119 2.41543 -2.036119 2.76099 -2.067958 2.415449 -2.035907 2.41543 -2.036119 2.415449 -2.035907 0.786731 -2.123153 0.786731 -2.123153 2.415449 -2.035907 -0.219861 -2.08342 -0.219861 -2.08342 2.415449 -2.035907 0.748528 -1.921234 -0.219861 -2.08342 0.748528 -1.921234 -0.952311 -1.868006 -0.219861 -2.08342 -0.952311 -1.868006 -2.001984 -2.065736 -2.001984 -2.065736 -0.952311 -1.868006 -2.640676 -1.875096 -2.001984 -2.065736 -2.640676 -1.875096 -4.269988 -1.937499 -2.001984 -2.065736 -4.269988 -1.937499 -3.772015 -2.112505 -3.772015 -2.112505 -4.269988 -1.937499 -5.048596 -1.98695 -3.772015 -2.112505 -5.048596 -1.98695 -5.796346 -2.046868 -3.772015 -2.112505 -5.796346 -2.046868 -4.664902 -2.161335 -4.664902 -2.161335 -5.796346 -2.046868 -6.508665 -2.115764 -4.664902 -2.161335 -6.508665 -2.115764 -5.532218 -2.225085 -5.532218 -2.225085 -6.508665 -2.115764 -7.181549 -2.19199 -5.532218 -2.225085 -7.181549 -2.19199 -6.334502 -2.298772 -6.334502 -2.298772 -7.181549 -2.19199 -7.81168 -2.27374 -6.334502 -2.298772 -7.81168 -2.27374 -7.06031 -2.378584 -7.06031 -2.378584 -7.81168 -2.27374 -8.396537 -2.359063 -7.06031 -2.378584 -8.396537 -2.359063 -7.439595 -2.425695 -7.439595 -2.425695 -8.396537 -2.359063 -8.934507 -2.445863 -7.439595 -2.425695 -8.934507 -2.445863 -7.792684 -2.472963 -7.792684 -2.472963 -8.934507 -2.445863 -8.117443 -2.519354 -8.117443 -2.519354 -8.934507 -2.445863 -9.425001 -2.531911 -8.117443 -2.519354 -9.425001 -2.531911 -8.411954 -2.563808 -8.411954 -2.563808 -9.425001 -2.531911 -8.675615 -2.60559 -8.675615 -2.60559 -9.425001 -2.531911 -8.908115 -2.644064 -8.908115 -2.644064 -9.425001 -2.531911 -9.109146 -2.678593 -9.109146 -2.678593 -9.425001 -2.531911 -9.278397 -2.708541 -9.278397 -2.708541 -9.425001 -2.531911 -9.425001 -2.735088 0.786731 -2.123153 2.41543 -2.236967 2.41543 -2.036119 0 13.55392 0 12.81349 0.410749 13.40013 0.410749 13.40013 0 12.81349 0.206055 12.73514 0.410749 13.40013 0.206055 12.73514 0.410268 12.65832 0.410268 12.65832 0.61564 12.58184 0.410749 13.40013 0.410749 13.40013 0.61564 12.58184 0.821633 12.50591 0.410749 13.40013 0.821633 12.50591 0.821633 13.40013 0.410749 13.40013 0.821633 13.40013 0.410749 14.29434 0.410749 14.29434 0.821633 13.40013 0.821633 14.29434 0.410749 14.29434 0.821633 14.29434 0.410749 14.32453 0.410749 14.32453 0.821633 14.29434 0.821633 14.32453 0.410749 14.32453 0.821633 14.32453 0.410749 14.79872 0.410749 14.79872 0.821633 14.32453 0.821633 14.91727 0.410749 14.79872 0.821633 14.91727 0.410749 15.58904 0.410749 15.58904 0.821633 14.91727 0.821633 15.51001 0.410749 15.58904 0.821633 15.51001 0.821633 16.10274 0.410749 15.58904 0.821633 16.10274 0.410749 16.37936 0.410749 16.37936 0.821633 16.10274 0.821633 16.69548 0.410749 16.37936 0.821633 16.69548 0.410749 16.69548 0.410749 16.69548 0.821633 16.69548 0.410749 16.74831 0.410749 16.69548 0.410749 16.74831 0 16.74831 0 16.74831 0.410749 16.74831 0 17.48115 0 17.48115 0.410749 16.74831 0.410749 17.48115 0 17.48115 0.410749 17.48115 0 18.33693 0 18.33693 0.410749 17.48115 0.410749 18.33693 0 18.33693 0.410749 18.33693 0 19.1927 0 19.1927 0.410749 18.33693 0.410749 19.1927 0 19.1927 0.410749 19.1927 0 20.04848 0 20.04848 0.410749 19.1927 0.410749 20.04848 0 20.04848 0.410749 20.04848 0 20.90426 0 20.90426 0.410749 20.04848 0.821633 20.29419 0 20.90426 0.821633 20.29419 0.821633 20.90426 0.410749 16.74831 0.821633 16.69548 0.410749 17.48115 0.410749 17.48115 0.821633 16.69548 0.821633 17.53925 0.410749 17.48115 0.821633 17.53925 0.821633 17.8136 0.410749 17.48115 0.821633 17.8136 0.410749 18.33693 0.410749 18.33693 0.821633 17.8136 0.821633 18.13879 0.410749 18.33693 0.821633 18.13879 0.821633 18.46398 0.821633 18.46398 0.821633 19.07405 0.410749 18.33693 0.410749 18.33693 0.821633 19.07405 0.410749 19.1927 0.821633 19.07405 0.821633 19.68412 0.410749 19.1927 0.410749 19.1927 0.821633 19.68412 0.410749 20.04848 0.821633 19.68412 0.821633 20.29419 0.410749 20.04848 0 16.74831 0 16.69548 0.410749 16.69548 0.410749 16.69548 0 16.69548 0.410749 16.37936 0 16.69548 0 16.10274 0.410749 16.37936 0.410749 16.37936 0 16.10274 0.410749 15.58904 0 16.10274 0 15.51001 0.410749 15.58904 0.410749 15.58904 0 15.51001 0.410749 14.79872 0 15.51001 0 14.91727 0.410749 14.79872 0.410749 14.79872 0 14.91727 0 14.32453 0.410749 14.79872 0 14.32453 0.410749 14.32453 0.410749 14.32453 0 14.32453 0.410749 14.29434 0 14.32453 0 14.29434 0.410749 14.29434 0.410749 14.29434 0 14.29434 0.410749 13.40013 0 14.29434 0 13.55392 0.410749 13.40013 2.06738 0 1.918846 0.107149 0 0 0 0 1.918846 0.107149 1.770347 0.214084 0 0 1.770347 0.214084 0 0.45 0 0.45 1.770347 0.214084 1.457744 0.43882 0 0.45 1.457744 0.43882 1.442174 0.45 -8.681496 -2.873963 -8.270983 -2.771339 -7.960417 -1.624999 -7.960417 -1.624999 -8.270983 -2.771339 -7.528137 -2.591938 -7.960417 -1.624999 -7.528137 -2.591938 -6.911126 -2.45399 -6.911126 -2.45399 -6.253818 -2.319359 -7.960417 -1.624999 -7.960417 -1.624999 -6.253818 -2.319359 -5.557658 -2.190845 -7.960417 -1.624999 -5.557658 -2.190845 -4.824094 -2.071248 -7.960417 -1.624999 -4.824094 -2.071248 -7.720999 -1.111565 -7.720999 -1.111565 -4.824094 -2.071248 -3.875022 -1.940176 -7.720999 -1.111565 -3.875022 -1.940176 -2.883749 -1.829124 -7.720999 -1.111565 -2.883749 -1.829124 -7.574375 -0.564356 -7.574375 -0.564356 -2.883749 -1.829124 -1.85902 -1.739755 -7.574375 -0.564356 -1.85902 -1.739755 -7.525 10e-7 -7.525 10e-7 -1.85902 -1.739755 -0.80958 -1.673733 -7.525 10e-7 -0.80958 -1.673733 -0.809568 1.673735 -0.809568 1.673735 -0.80958 -1.673733 0.2070659 1.633604 0.2070659 1.633604 -0.80958 -1.673733 0.207064 -1.633602 0.2070659 1.633604 0.207064 -1.633602 1.994223 1.615659 1.994223 1.615659 0.207064 -1.633602 1.994243 -1.615659 1.994223 1.615659 1.994243 -1.615659 3.792197 1.66296 3.792197 1.66296 1.994243 -1.615659 3.792169 -1.662957 3.792197 1.66296 3.792169 -1.662957 9.425001 10e-7 9.425001 10e-7 3.792169 -1.662957 5.507421 -1.771519 9.425001 10e-7 5.507421 -1.771519 6.329152 -1.84598 6.329152 -1.84598 7.113538 -1.931743 9.425001 10e-7 9.425001 10e-7 7.113538 -1.931743 7.736771 -2.0111 9.425001 10e-7 7.736771 -2.0111 8.320592 -2.094663 8.320592 -2.094663 8.861931 -2.180228 9.425001 10e-7 9.425001 10e-7 8.861931 -2.180228 9.357722 -2.265588 9.425001 10e-7 9.357722 -2.265588 9.425001 -2.277698 9.425001 10e-7 9.459942 0.399392 3.792197 1.66296 3.792197 1.66296 9.459942 0.399392 5.507426 1.771521 5.507426 1.771521 9.459942 0.399392 9.563708 0.786647 5.507426 1.771521 9.563708 0.786647 6.329159 1.845983 6.329159 1.845983 9.563708 0.786647 9.733142 1.150001 6.329159 1.845983 9.733142 1.150001 7.113553 1.931746 7.113553 1.931746 9.733142 1.150001 7.736778 2.011102 7.736778 2.011102 9.733142 1.150001 8.320596 2.094666 8.320596 2.094666 9.733142 1.150001 8.861939 2.180231 8.861939 2.180231 9.733142 1.150001 9.357738 2.265593 9.357738 2.265593 9.733142 1.150001 9.544129 2.299435 9.544129 2.299435 9.733142 1.150001 10.05716 2.39678 10.05716 2.39678 9.733142 1.150001 10.50329 2.484042 -0.809568 1.673735 -1.859015 1.739756 -7.525 10e-7 -7.525 10e-7 -1.859015 1.739756 -7.574375 0.564357 -7.574375 0.564357 -1.859015 1.739756 -2.88375 1.829126 -7.574375 0.564357 -2.88375 1.829126 -7.720999 1.111566 -7.720999 1.111566 -2.88375 1.829126 -3.875029 1.940179 -7.720999 1.111566 -3.875029 1.940179 -4.824111 2.071252 -7.720999 1.111566 -4.824111 2.071252 -7.960417 1.625001 -7.960417 1.625001 -4.824111 2.071252 -5.557665 2.190848 -7.960417 1.625001 -5.557665 2.190848 -6.253818 2.31936 -6.253818 2.31936 -6.91112 2.45399 -7.960417 1.625001 -7.960417 1.625001 -6.91112 2.45399 -7.528123 2.591937 -7.960417 1.625001 -7.528123 2.591937 -8.270983 2.771341 -8.270983 2.771341 -8.681504 2.873967 -7.960417 1.625001 2.204937 -0.654523 1.969024 -0.175071 0.05585294 -0.227382 0.05585294 -0.227382 1.969024 -0.175071 0.1385599 0.188742 0.789351 0.373169 -1.359733 -0.05397194 0.553438 -0.106283 0.553438 -0.106283 -1.359733 -0.05397194 -1.277026 -0.470096 -0.212132 -0.46513 0.212132 -0.46513 -0.212132 -0.232565 -0.212132 -0.232565 0.212132 -0.46513 0.212132 -0.232565 -0.212132 -0.232565 0.212132 -0.232565 -0.212132 0 -0.212132 0 0.212132 -0.232565 0.212132 0 -0.212132 0 0.212132 0 -0.212132 0.232565 -0.212132 0.232565 0.212132 0 0.212132 0.232565 -0.212132 0.232565 0.212132 0.232565 -0.212132 0.46513 -0.212132 0.46513 0.212132 0.232565 0.212132 0.46513 0.212132 0.104571 -0.212132 0.104571 0.212132 -1.704571 0.212132 -1.704571 -0.212132 0.104571 -0.212132 -1.704571 -0.212132 -0.46513 0.212132 -0.46513 -0.212132 -0.232565 -0.212132 -0.232565 0.212132 -0.46513 0.212132 -0.232565 -0.212132 -0.232565 0.212132 -0.232565 -0.212132 0 -0.212132 0 0.212132 -0.232565 0.212132 0 -0.212132 0 0.212132 0 -0.212132 0.232565 -0.212132 0.232565 0.212132 0 0.212132 0.232565 -0.212132 0.232565 0.212132 0.232565 -0.212132 0.46513 -0.212132 0.46513 0.212132 0.232565 0.212132 0.46513 1.149291 -1.659439 1.043909 -1.497123 -0.698816 -1.399705 -0.698816 -1.399705 1.043909 -1.497123 0.949588 -1.328141 -0.698816 -1.399705 0.949588 -1.328141 0.866748 -1.153243 0.866748 -1.153243 0.830322 -1.050535 -0.698816 -1.399705 -0.698816 -1.399705 0.830322 -1.050535 0.808193 -0.94383 -0.698816 -1.399705 0.808193 -0.94383 0.800771 -0.835107 0.800771 -0.835107 0.800771 0.835107 -0.698816 -1.399705 -0.698816 -1.399705 0.800771 0.835107 -0.698816 1.399705 -0.698816 -1.399705 -0.698816 1.399705 -1.129229 -0.904571 -1.129229 -0.904571 -0.698816 1.399705 -1.129229 0.904571 -1.129229 0.904571 -0.698816 1.399705 -0.867809 1.343979 -1.129229 0.904571 -0.867809 1.343979 -1.006584 1.2326 0.800771 0.835107 0.808193 0.94383 -0.698816 1.399705 -0.698816 1.399705 0.808193 0.94383 0.830322 1.050535 -0.698816 1.399705 0.830322 1.050535 0.866748 1.153243 0.866748 1.153243 0.949588 1.328141 -0.698816 1.399705 -0.698816 1.399705 0.949588 1.328141 1.043909 1.497123 -0.698816 1.399705 1.043909 1.497123 1.149291 1.659439 -1.006584 1.2326 -1.097566 1.079674 -1.129229 0.904571 -1.097566 -1.079674 -1.006584 -1.2326 -1.129229 -0.904571 -1.129229 -0.904571 -1.006584 -1.2326 -0.867809 -1.343979 -1.129229 -0.904571 -0.867809 -1.343979 -0.698816 -1.399705 0.3 0.16359 0 0.16359 0.3 0.05452996 0.3 0.05452996 0 0.16359 0 0.05452996 0.3 0.05452996 0 0.05452996 0 -0.05452996 0 -0.16359 0.3 -0.16359 0 -0.05452996 0 -0.05452996 0.3 -0.16359 0.3 -0.05452996 0 -0.05452996 0.3 -0.05452996 0.3 0.05452996 0.3 0.16359 0 0.16359 0.3 0.05452996 0.3 0.05452996 0 0.16359 0 0.05452996 0.3 0.05452996 0 0.05452996 0 -0.05452996 0 -0.16359 0.3 -0.16359 0 -0.05452996 0 -0.05452996 0.3 -0.16359 0.3 -0.05452996 0 -0.05452996 0.3 -0.05452996 0.3 0.05452996 1.822279 0.3 0.152065 0.3 1.822279 0 1.822279 0 0.152065 0.3 0.152065 0 -0.800129 0.985397 -0.808193 0.94383 -0.770771 0.9 -0.770771 0.9 -0.808193 0.94383 -0.800771 0.835107 -0.770771 0.9 -0.800771 0.835107 0.829229 0.9 0.829229 0.9 -0.800771 0.835107 0.829229 -0.9 0.829229 0.9 0.829229 -0.9 1.229229 0.5 1.229229 0.5 0.829229 -0.9 1.229229 -0.5 1.229229 -0.5 0.829229 -0.9 0.982303 -0.869552 1.229229 -0.5 0.982303 -0.869552 1.112072 -0.782843 -0.808193 0.94383 -0.800129 0.985397 -0.830322 1.050535 -0.830322 1.050535 -0.800129 0.985397 -0.832131 1.069839 -0.830322 1.050535 -0.832131 1.069839 -0.866748 1.153243 -0.800771 0.835107 -0.800771 -0.835107 0.829229 -0.9 0.829229 -0.9 -0.800771 -0.835107 -0.770771 -0.9 -0.770771 -0.9 -0.800771 -0.835107 -0.808193 -0.94383 -0.770771 -0.9 -0.808193 -0.94383 -0.800129 -0.985397 -0.800129 -0.985397 -0.808193 -0.94383 -0.830322 -1.050535 -0.800129 -0.985397 -0.830322 -1.050535 -0.832131 -1.069839 -0.832131 -1.069839 -0.830322 -1.050535 -0.866748 -1.153243 1.112072 -0.782843 1.198781 -0.653073 1.229229 -0.5 1.198781 0.653073 1.112072 0.782843 1.229229 0.5 1.229229 0.5 1.112072 0.782843 0.982303 0.869552 1.229229 0.5 0.982303 0.869552 0.829229 0.9 0 -8.42686 -0.8 -8.42686 0 -8.953539 0 -8.953539 -0.8 -8.42686 -0.8 -8.953539 0 8.953539 -0.8 8.953539 0 8.42686 0 8.42686 -0.8 8.953539 -0.8 8.42686 0 8.42686 -0.8 8.42686 -0.8 7.900182 0 -8.42686 0 -7.900182 -0.8 -8.42686 -0.8 -8.42686 0 -7.900182 -0.8 -7.900182 -0.8 -7.900182 0 -7.900182 0 -7.373503 -0.8 -7.900182 0 -7.373503 -0.8 -7.373503 -0.8 -7.373503 0 -7.373503 0 -6.846824 -0.8 -7.373503 0 -6.846824 -0.8 -6.846824 -0.8 -6.846824 0 -6.846824 0 -6.320145 -0.8 -6.846824 0 -6.320145 -0.8 -6.320145 -0.8 -6.320145 0 -6.320145 0 -5.793466 -0.8 -6.320145 0 -5.793466 -0.8 -5.793466 -0.8 -5.793466 0 -5.793466 0 -5.266788 -0.8 -5.793466 0 -5.266788 -0.8 -5.266788 -0.8 -5.266788 0 -5.266788 0 -4.740109 -0.8 -5.266788 0 -4.740109 -0.8 -4.740109 -0.8 -4.740109 0 -4.740109 0 -4.21343 -0.8 -4.740109 0 -4.21343 -0.8 -4.21343 -0.8 -4.21343 0 -4.21343 0 -3.686751 -0.8 -4.21343 0 -3.686751 -0.8 -3.686751 -0.8 -3.686751 0 -3.686751 0 -3.160073 -0.8 -3.686751 0 -3.160073 -0.8 -3.160073 -0.8 -3.160073 0 -3.160073 0 -2.633394 -0.8 -3.160073 0 -2.633394 -0.8 -2.633394 -0.8 -2.633394 0 -2.633394 0 -2.106715 -0.8 -2.633394 0 -2.106715 -0.8 -2.106715 -0.8 -2.106715 0 -2.106715 0 -1.580036 -0.8 -2.106715 0 -1.580036 -0.8 -1.580036 -0.8 -1.580036 0 -1.580036 0 -1.053358 -0.8 -1.580036 0 -1.053358 -0.8 -1.053358 -0.8 -1.053358 0 -1.053358 0 -0.526679 -0.8 -1.053358 0 -0.526679 -0.8 -0.526679 -0.8 -0.526679 0 -0.526679 0 0 -0.8 -0.526679 0 0 -0.8 0 -0.8 0 0 0 0 0.526679 -0.8 0 0 0.526679 -0.8 0.526679 -0.8 0.526679 0 0.526679 0 1.053358 -0.8 0.526679 0 1.053358 -0.8 1.053358 -0.8 1.053358 0 1.053358 0 1.580036 -0.8 1.053358 0 1.580036 -0.8 1.580036 -0.8 1.580036 0 1.580036 0 2.106715 -0.8 1.580036 0 2.106715 -0.8 2.106715 -0.8 2.106715 0 2.106715 0 2.633394 -0.8 2.106715 0 2.633394 -0.8 2.633394 -0.8 2.633394 0 2.633394 0 3.160073 -0.8 2.633394 0 3.160073 -0.8 3.160073 -0.8 3.160073 0 3.160073 0 3.686751 -0.8 3.160073 0 3.686751 -0.8 3.686751 -0.8 3.686751 0 3.686751 0 4.21343 -0.8 3.686751 0 4.21343 -0.8 4.21343 -0.8 4.21343 0 4.21343 0 4.740109 -0.8 4.21343 0 4.740109 -0.8 4.740109 -0.8 4.740109 0 4.740109 0 5.266788 -0.8 4.740109 0 5.266788 -0.8 5.266788 -0.8 5.266788 0 5.266788 0 5.793466 -0.8 5.266788 0 5.793466 -0.8 5.793466 -0.8 5.793466 0 5.793466 0 6.320145 -0.8 5.793466 0 6.320145 -0.8 6.320145 -0.8 6.320145 0 6.320145 0 6.846824 -0.8 6.320145 0 6.846824 -0.8 6.846824 -0.8 6.846824 0 6.846824 0 7.373503 -0.8 6.846824 0 7.373503 -0.8 7.373503 -0.8 7.373503 0 7.373503 0 7.900182 -0.8 7.373503 0 7.900182 -0.8 7.900182 -0.8 7.900182 0 7.900182 0 8.42686 -2.801473 -0.523686 2.801473 -0.523686 -2.85 0 -2.85 0 2.801473 -0.523686 2.85 0 -2.85 0 2.85 0 -2.801473 0.523686 -2.801473 0.523686 2.85 0 2.801473 0.523686 -2.801473 0.523686 2.801473 0.523686 -2.657546 1.029539 -2.657546 1.029539 2.801473 0.523686 2.657546 1.029539 -2.657546 1.029539 2.657546 1.029539 -2.423119 1.500332 -2.423119 1.500332 2.657546 1.029539 2.423119 1.500332 -2.423119 1.500332 2.423119 1.500332 -2.106175 1.920033 -2.106175 1.920033 2.423119 1.500332 2.106175 1.920033 -2.106175 1.920033 2.106175 1.920033 -1.717509 2.274349 -1.717509 2.274349 2.106175 1.920033 1.717509 2.274349 -1.717509 2.274349 1.717509 2.274349 -1.270354 2.551215 -1.270354 2.551215 1.717509 2.274349 1.270354 2.551215 -1.270354 2.551215 1.270354 2.551215 -0.77994 2.741203 -0.77994 2.741203 1.270354 2.551215 0.77994 2.741203 -0.77994 2.741203 0.77994 2.741203 -0.262965 2.837842 -0.262965 2.837842 0.77994 2.741203 0.262965 2.837842 2.801473 -0.523686 -2.801473 -0.523686 2.657546 -1.029539 2.657546 -1.029539 -2.801473 -0.523686 -2.657546 -1.029539 2.657546 -1.029539 -2.657546 -1.029539 2.423119 -1.500332 2.423119 -1.500332 -2.657546 -1.029539 -2.423119 -1.500332 2.423119 -1.500332 -2.423119 -1.500332 2.106175 -1.920033 2.106175 -1.920033 -2.423119 -1.500332 -2.106175 -1.920033 2.106175 -1.920033 -2.106175 -1.920033 1.717509 -2.274349 1.717509 -2.274349 -2.106175 -1.920033 -1.717509 -2.274349 1.717509 -2.274349 -1.717509 -2.274349 1.270354 -2.551215 1.270354 -2.551215 -1.717509 -2.274349 -1.270354 -2.551215 1.270354 -2.551215 -1.270354 -2.551215 0.77994 -2.741203 0.77994 -2.741203 -1.270354 -2.551215 -0.77994 -2.741203 0.77994 -2.741203 -0.77994 -2.741203 0.262965 -2.837842 0.262965 -2.837842 -0.77994 -2.741203 -0.262965 -2.837842 -1.901109 -0.433916 1.901109 -0.433916 -1.95 0 -1.95 0 1.901109 -0.433916 1.95 0 -1.95 0 1.95 0 -1.901109 0.433916 -1.901109 0.433916 1.95 0 1.901109 0.433916 -1.901109 0.433916 1.901109 0.433916 -1.756889 0.846073 -1.756889 0.846073 1.901109 0.433916 1.756889 0.846073 -1.756889 0.846073 1.756889 0.846073 -1.524571 1.215805 -1.524571 1.215805 1.756889 0.846073 1.524571 1.215805 -1.524571 1.215805 1.524571 1.215805 -1.215805 1.524571 -1.215805 1.524571 1.524571 1.215805 1.215805 1.524571 -1.215805 1.524571 1.215805 1.524571 -0.846073 1.756889 -0.846073 1.756889 1.215805 1.524571 0.846073 1.756889 -0.846073 1.756889 0.846073 1.756889 -0.433916 1.901109 -0.433916 1.901109 0.846073 1.756889 0.433916 1.901109 -0.433916 1.901109 0.433916 1.901109 0 1.95 1.901109 -0.433916 -1.901109 -0.433916 1.756889 -0.846073 1.756889 -0.846073 -1.901109 -0.433916 -1.756889 -0.846073 1.756889 -0.846073 -1.756889 -0.846073 1.524571 -1.215805 1.524571 -1.215805 -1.756889 -0.846073 -1.524571 -1.215805 1.524571 -1.215805 -1.524571 -1.215805 1.215805 -1.524571 1.215805 -1.524571 -1.524571 -1.215805 -1.215805 -1.524571 1.215805 -1.524571 -1.215805 -1.524571 0.846073 -1.756889 0.846073 -1.756889 -1.215805 -1.524571 -0.846073 -1.756889 0.846073 -1.756889 -0.846073 -1.756889 0.433916 -1.901109 0.433916 -1.901109 -0.846073 -1.756889 -0.433916 -1.901109 0.433916 -1.901109 -0.433916 -1.901109 0 -1.95 -3.449656 0.591503 -3.5 0 -1.95 0 -1.95 0 -3.5 0 -3.449656 -0.591503 -1.95 0 -3.449656 -0.591503 -1.901109 -0.433916 -1.901109 -0.433916 -3.449656 -0.591503 -3.300071 -1.165989 -1.901109 -0.433916 -3.300071 -1.165989 -1.756889 -0.846073 -1.756889 -0.846073 -3.300071 -1.165989 -3.055549 -1.706932 -1.756889 -0.846073 -3.055549 -1.706932 -1.524571 -1.215805 -1.524571 -1.215805 -3.055549 -1.706932 -2.723125 -2.19877 -1.524571 -1.215805 -2.723125 -2.19877 -2.312362 -2.627353 -1.524571 -1.215805 -2.312362 -2.627353 -1.215805 -1.524571 -1.215805 -1.524571 -2.312362 -2.627353 -1.835075 -2.980352 -1.215805 -1.524571 -1.835075 -2.980352 -0.846073 -1.756889 -0.846073 -1.756889 -1.835075 -2.980352 -1.304998 -3.247612 -0.846073 -1.756889 -1.304998 -3.247612 -0.433916 -1.901109 -0.433916 -1.901109 -1.304998 -3.247612 -0.737377 -3.421443 -0.433916 -1.901109 -0.737377 -3.421443 -0.148544 -3.496846 -0.433916 -1.901109 -0.148544 -3.496846 0 -1.95 0 -1.95 -0.148544 -3.496846 0.444562 -3.471652 0 -1.95 0.444562 -3.471652 0.433916 -1.901109 0.433916 -1.901109 0.444562 -3.471652 1.02488 -3.346584 0.433916 -1.901109 1.02488 -3.346584 0.846073 -1.756889 0.846073 -1.756889 1.02488 -3.346584 1.575713 -3.125241 0.846073 -1.756889 1.575713 -3.125241 2.081216 -2.81399 0.846073 -1.756889 2.081216 -2.81399 1.215805 -1.524571 1.215805 -1.524571 2.081216 -2.81399 2.526846 -2.421786 1.215805 -1.524571 2.526846 -2.421786 1.524571 -1.215805 1.524571 -1.215805 2.526846 -2.421786 2.899784 -1.959912 1.524571 -1.215805 2.899784 -1.959912 1.756889 -0.846073 1.756889 -0.846073 2.899784 -1.959912 3.1893 -1.441654 1.756889 -0.846073 3.1893 -1.441654 3.387065 -0.881923 1.756889 -0.846073 3.387065 -0.881923 1.901109 -0.433916 1.901109 -0.433916 3.387065 -0.881923 3.487391 -0.296821 1.901109 -0.433916 3.487391 -0.296821 1.95 0 1.95 0 3.487391 -0.296821 3.487391 0.296821 1.95 0 3.487391 0.296821 1.901109 0.433916 1.901109 0.433916 3.487391 0.296821 3.387065 0.881923 1.901109 0.433916 3.387065 0.881923 1.756889 0.846073 1.756889 0.846073 3.387065 0.881923 3.1893 1.441654 1.756889 0.846073 3.1893 1.441654 2.899784 1.959912 1.756889 0.846073 2.899784 1.959912 1.524571 1.215805 1.524571 1.215805 2.899784 1.959912 2.526846 2.421786 1.524571 1.215805 2.526846 2.421786 1.215805 1.524571 1.215805 1.524571 2.526846 2.421786 2.081216 2.81399 1.215805 1.524571 2.081216 2.81399 0.846073 1.756889 0.846073 1.756889 2.081216 2.81399 1.575713 3.125241 0.846073 1.756889 1.575713 3.125241 1.02488 3.346584 0.846073 1.756889 1.02488 3.346584 0.433916 1.901109 0.433916 1.901109 1.02488 3.346584 0.444562 3.471652 0.433916 1.901109 0.444562 3.471652 0 1.95 0 1.95 0.444562 3.471652 -0.148544 3.496846 0 1.95 -0.148544 3.496846 -0.433916 1.901109 -0.433916 1.901109 -0.148544 3.496846 -0.737377 3.421443 -0.433916 1.901109 -0.737377 3.421443 -1.304998 3.247612 -0.433916 1.901109 -1.304998 3.247612 -0.846073 1.756889 -0.846073 1.756889 -1.304998 3.247612 -1.835075 2.980352 -0.846073 1.756889 -1.835075 2.980352 -1.215805 1.524571 -1.215805 1.524571 -1.835075 2.980352 -2.312362 2.627353 -1.215805 1.524571 -2.312362 2.627353 -1.524571 1.215805 -1.524571 1.215805 -2.312362 2.627353 -2.723125 2.19877 -1.524571 1.215805 -2.723125 2.19877 -3.055549 1.706932 -1.524571 1.215805 -3.055549 1.706932 -1.756889 0.846073 -1.756889 0.846073 -3.055549 1.706932 -3.300071 1.165989 -1.756889 0.846073 -3.300071 1.165989 -1.901109 0.433916 -1.901109 0.433916 -3.300071 1.165989 -3.449656 0.591503 -1.901109 0.433916 -3.449656 0.591503 -1.95 0 0 1.509432 -5.2575 1.485888 0 0.910226 0 0.910226 -5.2575 1.485888 -5.2575 0.891533 0 0.910226 -5.2575 0.891533 0 0.455113 0 0.455113 -5.2575 0.891533 -5.2575 0.297178 0 0.455113 -5.2575 0.297178 0 0 0 0 -5.2575 0.297178 -5.2575 -0.297178 0 0 -5.2575 -0.297178 0 -0.455113 0 -0.455113 -5.2575 -0.297178 -5.2575 -0.891533 0 -0.455113 -5.2575 -0.891533 0 -0.910226 0 -0.910226 -5.2575 -0.891533 -5.2575 -1.485888 0 -0.910226 -5.2575 -1.485888 0 -1.479452 0 -1.479452 -5.2575 -1.485888 0 -2.048678 0 -2.048678 -5.2575 -1.485888 -5.2575 -2.080244 0 -2.048678 -5.2575 -2.080244 0 -2.617904 0 -2.617904 -5.2575 -2.080244 -5.2575 -2.674599 0 -2.617904 -5.2575 -2.674599 0 -3.18713 0 -3.18713 -5.2575 -2.674599 -5.2575 -3.268955 0 -3.18713 -5.2575 -3.268955 0 -3.756356 0 -3.756356 -5.2575 -3.268955 -5.2575 -3.86331 0 -3.756356 -5.2575 -3.86331 0 -4.325583 0 -4.325583 -5.2575 -3.86331 -5.2575 -4.457665 0 -4.325583 -5.2575 -4.457665 0 -4.894809 0 -4.894809 -5.2575 -4.457665 -5.2575 -5.052021 0 -4.894809 -5.2575 -5.052021 0 -5.296794 0 -5.296794 -5.2575 -5.052021 -5.2575 -5.646376 0 -5.296794 -5.2575 -5.646376 0 -5.69878 0 -5.69878 -5.2575 -5.646376 0 -6.100765 0 -6.100765 -5.2575 -5.646376 -5.2575 -6.240731 0 -6.100765 -5.2575 -6.240731 0 -6.699972 0 -6.699972 -5.2575 -6.240731 -5.2575 -6.835087 0 -6.699972 -5.2575 -6.835087 0 -7.299178 0 -7.299178 -5.2575 -6.835087 -5.2575 -7.429442 0 -7.299178 -5.2575 -7.429442 0 -7.898384 0 -7.898384 -5.2575 -7.429442 -5.2575 -8.023797 0 -7.898384 -5.2575 -8.023797 0 -8.497591 0 -8.497591 -5.2575 -8.023797 -5.2575 -8.618153 0 -8.497591 -5.2575 -8.618153 0 -9.096797 0 -9.096797 -5.2575 -8.618153 -5.2575 -9.212509 0 -9.096797 -5.2575 -9.212509 0 -9.696003 0 -9.696003 -5.2575 -9.212509 -5.2575 -9.806864 0 -9.696003 -5.2575 -9.806864 0 -10.29521 0 -10.29521 -5.2575 -9.806864 -5.2575 -10.40122 0 -10.29521 -5.2575 -10.40122 0 -10.89442 0 -10.89442 -5.2575 -10.40122 -5.2575 -10.99557 0 -10.89442 -5.2575 -10.99557 0 -11.49362 0 10.49753 -5.2575 10.99557 -5.2575 10.40122 0 10.49753 -5.2575 10.40122 0 9.898321 0 9.898321 -5.2575 10.40122 -5.2575 9.806864 0 9.898321 -5.2575 9.806864 0 9.299115 0 9.299115 -5.2575 9.806864 -5.2575 9.212509 0 9.299115 -5.2575 9.212509 0 8.699909 0 8.699909 -5.2575 9.212509 -5.2575 8.618153 0 8.699909 -5.2575 8.618153 0 8.100702 0 8.100702 -5.2575 8.618153 -5.2575 8.023797 0 8.100702 -5.2575 8.023797 0 7.501495 0 7.501495 -5.2575 8.023797 -5.2575 7.429442 0 7.501495 -5.2575 7.429442 0 6.902289 0 6.902289 -5.2575 7.429442 -5.2575 6.835087 0 6.902289 -5.2575 6.835087 0 6.303082 0 6.303082 -5.2575 6.835087 -5.2575 6.240731 0 6.303082 -5.2575 6.240731 0 5.703876 0 5.703876 -5.2575 6.240731 -5.2575 5.646376 0 5.703876 -5.2575 5.646376 0 5.10467 0 5.10467 -5.2575 5.646376 -5.2575 5.052021 0 5.10467 -5.2575 5.052021 0 4.505463 0 4.505463 -5.2575 5.052021 -5.2575 4.457665 0 4.505463 -5.2575 4.457665 0 3.906257 0 3.906257 -5.2575 4.457665 -5.2575 3.86331 0 3.906257 -5.2575 3.86331 0 3.307051 0 3.307051 -5.2575 3.86331 -5.2575 3.268955 0 3.307051 -5.2575 3.268955 0 2.707845 0 2.707845 -5.2575 3.268955 -5.2575 2.674599 0 2.707845 -5.2575 2.674599 0 2.108638 0 2.108638 -5.2575 2.674599 -5.2575 2.080244 0 2.108638 -5.2575 2.080244 0 1.509432 0 1.509432 -5.2575 2.080244 -5.2575 1.485888 -0.6 -3.448188 -0.262965 -2.837842 -0.6 -2.837252 -0.6 -2.837252 -0.262965 -2.837842 -0.77994 -2.741203 -0.6 -2.837252 -0.77994 -2.741203 -1.083407 -2.690024 -1.083407 -2.690024 -0.77994 -2.741203 -1.270354 -2.551215 -1.083407 -2.690024 -1.270354 -2.551215 -1.533919 -2.461116 -1.533919 -2.461116 -1.270354 -2.551215 -1.717509 -2.274349 -1.533919 -2.461116 -1.717509 -2.274349 -1.937854 -2.15748 -1.937854 -2.15748 -1.717509 -2.274349 -2.106175 -1.920033 -1.937854 -2.15748 -2.106175 -1.920033 -2.28295 -1.788335 -2.28295 -1.788335 -2.106175 -1.920033 -2.423119 -1.500332 -2.28295 -1.788335 -2.423119 -1.500332 -2.558726 -1.364889 -2.558726 -1.364889 -2.423119 -1.500332 -2.657546 -1.029539 -2.558726 -1.364889 -2.657546 -1.029539 -2.75681 -0.9 -2.75681 -0.9 -2.657546 -1.029539 -2.801473 -0.523686 -2.75681 -0.9 -2.801473 -0.523686 -3.382307 -0.9 -3.382307 -0.9 -2.801473 -0.523686 -3.470452 -0.453831 -3.470452 -0.453831 -2.801473 -0.523686 -2.85 0 -3.470452 -0.453831 -2.85 0 -3.5 0 -3.5 0 -2.85 0 -3.470452 0.453831 -3.470452 0.453831 -2.85 0 -2.801473 0.523686 -3.470452 0.453831 -2.801473 0.523686 -3.382307 0.9 -3.382307 0.9 -2.801473 0.523686 -2.75681 0.9 -2.75681 0.9 -2.801473 0.523686 -2.657546 1.029539 -2.75681 0.9 -2.657546 1.029539 -2.548234 1.384379 -2.548234 1.384379 -2.657546 1.029539 -2.423119 1.500332 -2.548234 1.384379 -2.423119 1.500332 -2.255385 1.822975 -2.255385 1.822975 -2.423119 1.500332 -2.106175 1.920033 -2.255385 1.822975 -2.106175 1.920033 -1.887949 2.201283 -1.887949 2.201283 -2.106175 1.920033 -1.717509 2.274349 -1.887949 2.201283 -1.717509 2.274349 -1.458077 2.506793 -1.458077 2.506793 -1.717509 2.274349 -1.270354 2.551215 -1.458077 2.506793 -1.270354 2.551215 -0.979984 2.729401 -0.979984 2.729401 -1.270354 2.551215 -0.77994 2.741203 -0.979984 2.729401 -0.77994 2.741203 -0.469483 2.861745 -0.469483 2.861745 -0.77994 2.741203 -0.262965 2.837842 -0.469483 2.861745 -0.262965 2.837842 0.05654495 2.899449 0.05654495 2.899449 -0.262965 2.837842 0.262965 2.837842 0.05654495 2.899449 0.262965 2.837842 0.580702 2.841265 0.580702 2.841265 0.262965 2.837842 0.77994 2.741203 0.580702 2.841265 0.77994 2.741203 1.085656 2.689117 1.085656 2.689117 0.77994 2.741203 1.270354 2.551215 1.085656 2.689117 1.270354 2.551215 1.554705 2.448038 1.554705 2.448038 1.270354 2.551215 1.717509 2.274349 1.554705 2.448038 1.717509 2.274349 1.972339 2.126 1.972339 2.126 1.717509 2.274349 2.106175 1.920033 1.972339 2.126 2.106175 1.920033 2.324746 1.733653 2.324746 1.733653 2.106175 1.920033 2.423119 1.500332 2.324746 1.733653 2.423119 1.500332 2.600272 1.283973 2.600272 1.283973 2.423119 1.500332 2.657546 1.029539 2.600272 1.283973 2.657546 1.029539 2.789804 0.791831 2.789804 0.791831 2.657546 1.029539 2.801473 0.523686 2.789804 0.791831 2.801473 0.523686 2.887074 0.273501 2.887074 0.273501 2.801473 0.523686 2.85 0 2.887074 0.273501 2.85 0 2.888866 -0.253873 2.888866 -0.253873 2.85 0 2.801473 -0.523686 2.888866 -0.253873 2.801473 -0.523686 2.795121 -0.772851 2.795121 -0.772851 2.801473 -0.523686 2.657546 -1.029539 2.795121 -0.772851 2.657546 -1.029539 2.608938 -1.26627 2.608938 -1.26627 2.657546 -1.029539 2.423119 -1.500332 2.608938 -1.26627 2.423119 -1.500332 2.336476 -1.717813 2.336476 -1.717813 2.423119 -1.500332 2.106175 -1.920033 2.336476 -1.717813 2.106175 -1.920033 1.986743 -2.112546 1.986743 -2.112546 2.106175 -1.920033 1.717509 -2.274349 1.986743 -2.112546 1.717509 -2.274349 1.571308 -2.437415 1.571308 -2.437415 1.717509 -2.274349 1.270354 -2.551215 1.571308 -2.437415 1.270354 -2.551215 1.103908 -2.681676 1.103908 -2.681676 1.270354 -2.551215 0.77994 -2.741203 1.103908 -2.681676 0.77994 -2.741203 0.6 -2.837252 0.6 -2.837252 0.77994 -2.741203 0.262965 -2.837842 0.6 -2.837252 0.262965 -2.837842 0.6 -3.448188 0.6 -3.448188 0.262965 -2.837842 0.200882 -3.49423 0.200882 -3.49423 0.262965 -2.837842 -0.200882 -3.49423 -0.200882 -3.49423 0.262965 -2.837842 -0.262965 -2.837842 -0.200882 -3.49423 -0.262965 -2.837842 -0.6 -3.448188 0 -5.688527 -0.9525 -5.688527 0 -6.126106 0 -6.126106 -0.9525 -5.688527 -0.9525 -6.126106 0 6.126106 -0.9525 6.126106 0 5.688527 0 5.688527 -0.9525 6.126106 -0.9525 5.688527 0 5.688527 -0.9525 5.688527 0 5.250948 0 5.250948 -0.9525 5.688527 -0.9525 5.250948 0 5.250948 -0.9525 5.250948 0 4.813369 0 4.813369 -0.9525 5.250948 -0.9525 4.813369 0 4.813369 -0.9525 4.813369 0 4.37579 0 4.37579 -0.9525 4.813369 -0.9525 4.37579 0 4.37579 -0.9525 4.37579 0 3.938211 0 3.938211 -0.9525 4.37579 -0.9525 3.938211 0 3.938211 -0.9525 3.938211 0 3.500632 0 3.500632 -0.9525 3.938211 -0.9525 3.500632 0 3.500632 -0.9525 3.500632 0 3.063053 0 3.063053 -0.9525 3.500632 -0.9525 3.063053 0 3.063053 -0.9525 3.063053 0 2.625474 0 2.625474 -0.9525 3.063053 -0.9525 2.625474 0 2.625474 -0.9525 2.625474 0 2.187895 0 2.187895 -0.9525 2.625474 -0.9525 2.187895 0 2.187895 -0.9525 2.187895 0 1.750316 0 1.750316 -0.9525 2.187895 -0.9525 1.750316 0 1.750316 -0.9525 1.750316 0 1.312737 0 1.312737 -0.9525 1.750316 -0.9525 1.312737 0 1.312737 -0.9525 1.312737 0 0.875158 0 0.875158 -0.9525 1.312737 -0.9525 0.875158 0 0.875158 -0.9525 0.875158 0 0.437579 0 0.437579 -0.9525 0.875158 -0.9525 0.437579 0 0.437579 -0.9525 0.437579 0 0 0 0 -0.9525 0.437579 -0.9525 0 0 0 -0.9525 0 0 -0.437579 0 -0.437579 -0.9525 0 -0.9525 -0.437579 0 -0.437579 -0.9525 -0.437579 0 -0.875158 0 -0.875158 -0.9525 -0.437579 -0.9525 -0.875158 0 -0.875158 -0.9525 -0.875158 0 -1.312737 0 -1.312737 -0.9525 -0.875158 -0.9525 -1.312737 0 -1.312737 -0.9525 -1.312737 0 -1.750316 0 -1.750316 -0.9525 -1.312737 -0.9525 -1.750316 0 -1.750316 -0.9525 -1.750316 0 -2.187895 0 -2.187895 -0.9525 -1.750316 -0.9525 -2.187895 0 -2.187895 -0.9525 -2.187895 0 -2.625474 0 -2.625474 -0.9525 -2.187895 -0.9525 -2.625474 0 -2.625474 -0.9525 -2.625474 0 -3.063053 0 -3.063053 -0.9525 -2.625474 -0.9525 -3.063053 0 -3.063053 -0.9525 -3.063053 0 -3.500632 0 -3.500632 -0.9525 -3.063053 -0.9525 -3.500632 0 -3.500632 -0.9525 -3.500632 0 -3.938211 0 -3.938211 -0.9525 -3.500632 -0.9525 -3.938211 0 -3.938211 -0.9525 -3.938211 0 -4.37579 0 -4.37579 -0.9525 -3.938211 -0.9525 -4.37579 0 -4.37579 -0.9525 -4.37579 0 -4.813369 0 -4.813369 -0.9525 -4.37579 -0.9525 -4.813369 0 -4.813369 -0.9525 -4.813369 0 -5.250948 0 -5.250948 -0.9525 -4.813369 -0.9525 -5.250948 0 -5.250948 -0.9525 -5.250948 0 -5.688527 0 -5.688527 -0.9525 -5.250948 -0.9525 -5.688527 -11.55 -3.777648 -11.55 -3.448188 -12.14383 -3.633923 -12.14383 -3.633923 -11.55 -3.448188 -12.12868 -3.295558 -12.14383 -3.633923 -12.12868 -3.295558 -12.7072 -3.397482 -12.7072 -3.397482 -12.12868 -3.295558 -12.67291 -3.046571 -12.7072 -3.397482 -12.67291 -3.046571 -13.22573 -3.074356 -13.22573 -3.074356 -12.67291 -3.046571 -13.16675 -2.708506 -13.22573 -3.074356 -13.16675 -2.708506 -13.6862 -2.672791 -13.6862 -2.672791 -13.16675 -2.708506 -13.59578 -2.291249 -13.6862 -2.672791 -13.59578 -2.291249 -14.07686 -2.203031 -14.07686 -2.203031 -13.59578 -2.291249 -13.94746 -1.806999 -14.07686 -2.203031 -13.94746 -1.806999 -14.38774 -1.677063 -14.38774 -1.677063 -13.94746 -1.806999 -14.21149 -1.269915 -14.38774 -1.677063 -14.21149 -1.269915 -14.61091 -1.108306 -14.61091 -1.108306 -14.21149 -1.269915 -14.38016 -0.6957 -14.61091 -1.108306 -14.38016 -0.6957 -14.74068 -0.511271 -14.74068 -0.511271 -14.38016 -0.6957 -14.44854 -0.101144 -14.74068 -0.511271 -14.44854 -0.101144 -14.77372 0.09880799 -14.77372 0.09880799 -14.44854 -0.101144 -14.41462 0.496369 -14.77372 0.09880799 -14.41462 0.496369 -14.70921 0.706367 -14.70921 0.706367 -14.41462 0.496369 -14.27941 1.079369 -14.70921 0.706367 -14.27941 1.079369 -14.54879 1.295903 -14.54879 1.295903 -14.27941 1.079369 -14.04685 1.630809 -14.54879 1.295903 -14.04685 1.630809 -14.29654 1.852375 -14.29654 1.852375 -14.04685 1.630809 -13.72374 2.134568 -14.29654 1.852375 -13.72374 2.134568 -13.95891 2.361585 -13.95891 2.361585 -13.72374 2.134568 -13.31953 2.575915 -13.95891 2.361585 -13.31953 2.575915 -13.54451 2.810541 -13.54451 2.810541 -13.31953 2.575915 -13.06391 3.187788 -13.06391 3.187788 -13.31953 2.575915 -12.84604 2.941945 -13.06391 3.187788 -12.84604 2.941945 -12.52938 3.483702 -12.52938 3.483702 -12.84604 2.941945 -12.31711 3.221958 -12.52938 3.483702 -12.31711 3.221958 -11.95455 3.690731 -11.95455 3.690731 -12.31711 3.221958 -11.74821 3.407765 -11.95455 3.690731 -11.74821 3.407765 -11.35409 3.803595 -11.35409 3.803595 -11.74821 3.407765 -11.15597 3.493934 -11.35409 3.803595 -11.15597 3.493934 -10.74333 3.819412 -10.74333 3.819412 -11.15597 3.493934 -10.55771 3.477946 -10.74333 3.819412 -10.55771 3.477946 -10.13783 3.73778 -10.13783 3.73778 -10.55771 3.477946 -9.970917 3.360267 -10.13783 3.73778 -9.970917 3.360267 -9.553055 3.560782 -9.553055 3.560782 -9.970917 3.360267 -9.412754 3.14434 -9.553055 3.560782 -9.412754 3.14434 -9.003924 3.292933 -9.003924 3.292933 -9.412754 3.14434 -8.899537 2.836476 -9.003924 3.292933 -8.899537 2.836476 -8.504445 2.941068 -8.504445 2.941068 -8.899537 2.836476 -8.446271 2.445678 -8.504445 2.941068 -8.446271 2.445678 -8.067361 2.514163 -8.067361 2.514163 -8.446271 2.445678 -8.066212 1.983372 -8.067361 2.514163 -8.066212 1.983372 -7.703826 2.023112 -7.703826 2.023112 -8.066212 1.983372 -7.77047 1.463075 -7.703826 2.023112 -7.77047 1.463075 -7.423115 1.480442 -7.423115 1.480442 -7.77047 1.463075 -7.567693 0.9 -7.423115 1.480442 -7.567693 0.9 -7.23239 0.9 0.532874 2.850622 0 2.9 0.004287958 2.149996 0.004287958 2.149996 0 2.9 -0.532874 2.850622 0.004287958 2.149996 -0.532874 2.850622 -0.460111 2.10019 -0.460111 2.10019 -0.532874 2.850622 -0.538798 2.063696 -0.538798 2.063696 -0.532874 2.850622 -1.047601 2.704169 -0.538798 2.063696 -1.047601 2.704169 -0.594635 1.997321 -0.594635 1.997321 -1.047601 2.704169 -1.526653 2.46563 -0.594635 1.997321 -1.526653 2.46563 -0.61712 1.913547 -0.61712 1.913547 -1.526653 2.46563 -0.739206 1.586214 -0.61712 1.913547 -0.739206 1.586214 -0.623877 1.758771 -0.623877 1.758771 -0.739206 1.586214 -0.680246 1.628123 -0.623877 1.758771 -0.680246 1.628123 -0.64005 1.688265 -0.739206 1.586214 -1.526653 2.46563 -1.080128 1.376889 -1.080128 1.376889 -1.526653 2.46563 -1.953717 2.143126 -1.080128 1.376889 -1.953717 2.143126 -1.364603 1.095609 -1.364603 1.095609 -1.953717 2.143126 -2.31425 1.74764 -1.364603 1.095609 -2.31425 1.74764 -1.577765 0.757072 -1.577765 0.757072 -2.31425 1.74764 -2.595974 1.292641 -1.577765 0.757072 -2.595974 1.292641 -2.789294 0.793623 -1.577765 0.757072 -2.789294 0.793623 -1.708473 0.378972 -1.708473 0.378972 -2.789294 0.793623 -2.887629 0.267578 -1.708473 0.378972 -2.887629 0.267578 -1.749898 -0.01893395 -1.749898 -0.01893395 -2.887629 0.267578 -2.887629 -0.267578 -1.749898 -0.01893395 -2.887629 -0.267578 -1.699873 -0.41585 -1.699873 -0.41585 -2.887629 -0.267578 -2.789294 -0.793623 -1.699873 -0.41585 -2.789294 -0.793623 -1.561014 -0.791033 -1.561014 -0.791033 -2.789294 -0.793623 -2.595974 -1.292641 -1.561014 -0.791033 -2.595974 -1.292641 -2.31425 -1.74764 -1.561014 -0.791033 -2.31425 -1.74764 -1.340578 -1.124878 -1.340578 -1.124878 -2.31425 -1.74764 -1.953717 -2.143126 -1.340578 -1.124878 -1.953717 -2.143126 -1.050083 -1.399938 -1.050083 -1.399938 -1.953717 -2.143126 -1.526653 -2.46563 -1.050083 -1.399938 -1.526653 -2.46563 -0.704712 -1.601837 -0.704712 -1.601837 -1.526653 -2.46563 -1.047601 -2.704169 -0.704712 -1.601837 -1.047601 -2.704169 -0.322513 -1.720025 -0.322513 -1.720025 -1.047601 -2.704169 -0.532874 -2.850622 -0.322513 -1.720025 -0.532874 -2.850622 0 -2.9 -0.322513 -1.720025 0 -2.9 0.076541 -1.748325 0.076541 -1.748325 0 -2.9 0.532874 -2.850622 0.076541 -1.748325 0.532874 -2.850622 0.471595 -1.685259 0.471595 -1.685259 0.532874 -2.850622 1.047601 -2.704169 0.471595 -1.685259 1.047601 -2.704169 0.842003 -1.534122 0.842003 -1.534122 1.047601 -2.704169 1.526653 -2.46563 0.842003 -1.534122 1.526653 -2.46563 1.168409 -1.302813 1.168409 -1.302813 1.526653 -2.46563 1.953717 -2.143126 1.168409 -1.302813 1.953717 -2.143126 2.31425 -1.74764 2.595974 -1.292641 1.863719 -0.932433 2.31425 -1.74764 2.31425 -1.74764 1.863719 -0.932433 1.777315 -0.940028 2.31425 -1.74764 1.777315 -0.940028 1.433754 -1.003419 1.433754 -1.003419 1.777315 -0.940028 1.623717 -0.919807 1.433754 -1.003419 1.623717 -0.919807 1.551473 -0.92349 2.789294 -0.793623 1.988386 -0.817815 2.595974 -1.292641 2.595974 -1.292641 1.988386 -0.817815 1.938783 -0.88897 2.595974 -1.292641 1.938783 -0.88897 1.863719 -0.932433 1.988386 -0.817815 2.789294 -0.793623 2.118077 -0.36912 2.118077 -0.36912 2.789294 -0.793623 2.887629 -0.267578 2.118077 -0.36912 2.887629 -0.267578 2.147811 0.09699398 2.147811 0.09699398 2.887629 -0.267578 2.887629 0.267578 2.147811 0.09699398 2.887629 0.267578 2.076185 0.558532 2.076185 0.558532 2.887629 0.267578 2.789294 0.793623 2.076185 0.558532 2.789294 0.793623 2.595974 1.292641 2.076185 0.558532 2.595974 1.292641 1.906578 0.99371 1.906578 0.99371 2.595974 1.292641 2.31425 1.74764 1.906578 0.99371 2.31425 1.74764 1.646996 1.381993 1.646996 1.381993 2.31425 1.74764 1.953717 2.143126 1.646996 1.381993 1.953717 2.143126 1.309687 1.705057 1.309687 1.705057 1.953717 2.143126 1.526653 2.46563 1.309687 1.705057 1.526653 2.46563 0.910572 1.947655 0.910572 1.947655 1.526653 2.46563 1.047601 2.704169 0.910572 1.947655 1.047601 2.704169 0.468484 2.098338 0.468484 2.098338 1.047601 2.704169 0.532874 2.850622 0.468484 2.098338 0.532874 2.850622 0.004287958 2.149996 1.551473 -0.92349 1.485265 -0.952632 1.433754 -1.003419 1.433754 -1.003419 1.168409 -1.302813 2.31425 -1.74764 -5.3375 4.555309 -5.3375 4.019391 -5.23 4.555309 -5.23 4.555309 -5.3375 4.019391 -5.23 4.012926 -5.23 4.012926 -5.3375 4.019391 -5.3375 3.483472 -5.23 4.012926 -5.3375 3.483472 -5.23 3.470542 -5.23 3.470542 -5.3375 3.483472 -5.3375 2.947553 -5.23 3.470542 -5.3375 2.947553 -5.23 2.928158 -5.23 2.928158 -5.3375 2.947553 -5.3375 2.411634 -5.23 2.928158 -5.3375 2.411634 -5.23 2.385774 -5.23 2.385774 -5.3375 2.411634 -5.3375 1.875716 -5.23 2.385774 -5.3375 1.875716 -5.23 1.84339 -5.23 1.84339 -5.3375 1.875716 -5.3375 1.339797 -5.23 1.84339 -5.3375 1.339797 -5.23 1.301007 -5.23 1.301007 -5.3375 1.339797 -5.3375 0.803878 -5.23 1.301007 -5.3375 0.803878 -5.23 0.758623 -5.23 0.758623 -5.3375 0.803878 -5.3375 0.267959 -5.23 0.758623 -5.3375 0.267959 -0.15 0.553352 -0.15 0.553352 -5.3375 0.267959 -0.15 0.184451 -0.15 0.184451 -5.3375 0.267959 -5.3375 -0.267959 -0.15 0.184451 -5.3375 -0.267959 -0.15 -0.184451 -0.15 -0.184451 -5.3375 -0.267959 -0.15 -0.553352 -0.15 -0.553352 -5.3375 -0.267959 -5.23 -0.758623 -0.15 -0.553352 -5.23 -0.758623 -0.165011 -0.630988 -0.165011 -0.630988 -5.23 -0.758623 -0.2079499 -0.697495 -0.2079499 -0.697495 -5.23 -0.758623 -0.272736 -0.74256 -0.272736 -0.74256 -5.23 -0.758623 -0.35 -0.758623 -5.3375 -0.267959 -5.3375 -0.803878 -5.23 -0.758623 -5.23 -0.758623 -5.3375 -0.803878 -5.23 -1.301007 -5.23 -1.301007 -5.3375 -0.803878 -5.3375 -1.339797 -5.23 -1.301007 -5.3375 -1.339797 -5.23 -1.84339 -5.23 -1.84339 -5.3375 -1.339797 -5.3375 -1.875716 -5.23 -1.84339 -5.3375 -1.875716 -5.23 -2.385774 -5.23 -2.385774 -5.3375 -1.875716 -5.3375 -2.411634 -5.23 -2.385774 -5.3375 -2.411634 -5.23 -2.928158 -5.23 -2.928158 -5.3375 -2.411634 -5.3375 -2.947553 -5.23 -2.928158 -5.3375 -2.947553 -5.23 -3.470542 -5.23 -3.470542 -5.3375 -2.947553 -5.3375 -3.483472 -5.23 -3.470542 -5.3375 -3.483472 -5.23 -4.012926 -5.23 -4.012926 -5.3375 -3.483472 -5.3375 -4.019391 -5.23 -4.012926 -5.3375 -4.019391 -5.23 -4.555309 -5.23 -4.555309 -5.3375 -4.019391 -5.3375 -4.555309 -0.15 0.553352 -0.165011 0.630988 -5.23 0.758623 -5.23 0.758623 -0.165011 0.630988 -0.2079499 0.697495 -5.23 0.758623 -0.2079499 0.697495 -0.272736 0.74256 -0.272736 0.74256 -0.35 0.758623 -5.23 0.758623 0 0.1311489 -0.3175 0.1311489 0 0.04371595 0 0.04371595 -0.3175 0.1311489 -0.3175 0.04371595 0 0.04371595 -0.3175 0.04371595 0 -0.04371595 0 -0.04371595 -0.3175 0.04371595 -0.3175 -0.04371595 0 -0.04371595 -0.3175 -0.04371595 0 -0.1311489 0 -0.1311489 -0.3175 -0.04371595 -0.3175 -0.1311489 0.280906 0.3175 0.1259829 0.3175 0.280906 0 0.280906 0 0.1259829 0.3175 0.1259829 0 0 0.109107 0 0.03636896 0.3175 0.109107 0.3175 0.109107 0 0.03636896 0.3175 0.03636896 0.3175 0.03636896 0 0.03636896 0 -0.03636896 0.3175 0.03636896 0 -0.03636896 0.3175 -0.03636896 0.3175 -0.03636896 0 -0.03636896 0.3175 -0.109107 0.3175 -0.109107 0 -0.03636896 0 -0.109107 0 0.109107 0 0.03636896 0.3175 0.109107 0.3175 0.109107 0 0.03636896 0.3175 0.03636896 0.3175 0.03636896 0 0.03636896 0 -0.03636896 0.3175 0.03636896 0 -0.03636896 0.3175 -0.03636896 0.3175 -0.03636896 0 -0.03636896 0.3175 -0.109107 0.3175 -0.109107 0 -0.03636896 0 -0.109107 0 3.207457 -0.3175 3.207457 0 2.806525 0 2.806525 -0.3175 3.207457 -0.3175 2.806525 0 2.806525 -0.3175 2.806525 -0.3175 2.405593 0 2.806525 -0.3175 2.405593 0 2.405593 0 2.405593 -0.3175 2.405593 -0.3175 2.004661 0 2.405593 -0.3175 2.004661 0 2.004661 0 2.004661 -0.3175 2.004661 -0.3175 1.603729 0 2.004661 -0.3175 1.603729 0 1.603729 0 1.603729 -0.3175 1.603729 -0.3175 1.202796 0 1.603729 -0.3175 1.202796 0 1.202796 0 1.202796 -0.3175 1.202796 -0.3175 0.801864 0 1.202796 -0.3175 0.801864 0 0.801864 0 0.801864 -0.3175 0.801864 -0.3175 0.400932 0 0.801864 -0.3175 0.400932 0 0.400932 0 0.400932 -0.3175 0.400932 -0.3175 0 0 0.400932 -0.3175 0 0 0 0 0 -0.3175 0 -0.3175 -0.400932 0 0 -0.3175 -0.400932 0 -0.400932 0 -0.400932 -0.3175 -0.400932 -0.3175 -0.801864 0 -0.400932 -0.3175 -0.801864 0 -0.801864 0 -0.801864 -0.3175 -0.801864 -0.3175 -1.202796 0 -0.801864 -0.3175 -1.202796 0 -1.202796 0 -1.202796 -0.3175 -1.202796 -0.3175 -1.603729 0 -1.202796 -0.3175 -1.603729 0 -1.603729 0 -1.603729 -0.3175 -1.603729 -0.3175 -2.004661 0 -1.603729 -0.3175 -2.004661 0 -2.004661 0 -2.004661 -0.3175 -2.004661 -0.3175 -2.405593 0 -2.004661 -0.3175 -2.405593 0 -2.405593 0 -2.405593 -0.3175 -2.405593 -0.3175 -2.806525 0 -2.405593 -0.3175 -2.806525 0 -2.806525 0 -2.806525 -0.3175 -2.806525 0 -3.207457 0 -3.207457 -0.3175 -2.806525 -0.3175 -3.207457 0 0.1311489 -0.3175 0.1311489 0 0.04371595 0 0.04371595 -0.3175 0.1311489 -0.3175 0.04371595 0 0.04371595 -0.3175 0.04371595 0 -0.04371595 0 -0.04371595 -0.3175 0.04371595 -0.3175 -0.04371595 0 -0.04371595 -0.3175 -0.04371595 0 -0.1311489 0 -0.1311489 -0.3175 -0.04371595 -0.3175 -0.1311489 -0.3175 -0.838943 0 -0.838943 -0.3175 -0.370958 -0.3175 -0.370958 0 -0.838943 0 -0.370958 -0.3175 -0.370958 0 -0.370958 -0.3175 0.097027 -0.3175 0.097027 0 -0.370958 0 0.097027 -0.3175 0.097027 0 0.097027 -0.3175 0.565013 -0.3175 0.565013 0 0.097027 0 0.565013 -0.3175 0.565013 0 0.565013 -0.3175 1.032998 -0.3175 1.032998 0 0.565013 0 1.032998 -0.3175 1.032998 0 1.032998 -0.3175 1.500983 -0.3175 1.500983 0 1.032998 0 1.500983 -0.3175 1.500983 0 1.500983 -0.3175 1.968968 -0.3175 1.968968 0 1.500983 0 1.968968 -0.3175 1.968968 0 1.968968 -0.3175 2.436954 -0.3175 2.436954 0 1.968968 0 2.436954 -0.3175 2.436954 0 2.436954 -0.3175 2.904939 -0.3175 2.904939 0 2.436954 0 2.904939 -0.3175 2.904939 0 2.904939 -0.3175 3.372924 -0.3175 3.372924 0 2.904939 0 3.372924 -0.3175 3.372924 0 3.372924 -0.3175 3.84091 -0.3175 3.84091 0 3.372924 0 3.84091 0.302971 0.3175 0.148047 0.3175 0.302971 0 0.302971 0 0.148047 0.3175 0.148047 0 1.577315 -1.140028 1.663719 -1.132433 1.423717 -1.119807 1.423717 -1.119807 1.663719 -1.132433 1.738783 -1.08897 1.423717 -1.119807 1.738783 -1.08897 1.788386 -1.017815 1.788386 -1.017815 1.918077 -0.56912 1.423717 -1.119807 1.423717 -1.119807 1.918077 -0.56912 1.351473 -1.12349 1.351473 -1.12349 1.918077 -0.56912 1.947811 -0.103006 1.351473 -1.12349 1.947811 -0.103006 1.285265 -1.152632 1.285265 -1.152632 1.947811 -0.103006 1.876185 0.358532 1.285265 -1.152632 1.876185 0.358532 1.706578 0.79371 1.706578 0.79371 1.446996 1.181993 1.285265 -1.152632 1.285265 -1.152632 1.446996 1.181993 -0.880246 1.428123 1.285265 -1.152632 -0.880246 1.428123 1.233754 -1.203419 1.233754 -1.203419 -0.880246 1.428123 -0.939206 1.386214 1.233754 -1.203419 -0.939206 1.386214 0.968409 -1.502813 0.968409 -1.502813 -0.939206 1.386214 0.642003 -1.734122 0.642003 -1.734122 -0.939206 1.386214 0.271595 -1.885259 0.271595 -1.885259 -0.939206 1.386214 -0.123459 -1.948325 -0.123459 -1.948325 -0.939206 1.386214 -0.522513 -1.920025 -0.522513 -1.920025 -0.939206 1.386214 -1.280128 1.176889 -0.522513 -1.920025 -1.280128 1.176889 -1.564603 0.895609 1.446996 1.181993 1.109687 1.505057 -0.880246 1.428123 -0.880246 1.428123 1.109687 1.505057 0.710572 1.747655 -0.880246 1.428123 0.710572 1.747655 0.268484 1.898338 -0.880246 1.428123 0.268484 1.898338 -0.84005 1.488265 -0.84005 1.488265 0.268484 1.898338 -0.195712 1.949996 -0.84005 1.488265 -0.195712 1.949996 -0.823877 1.558771 -0.823877 1.558771 -0.195712 1.949996 -0.660111 1.90019 -0.823877 1.558771 -0.660111 1.90019 -0.81712 1.713547 -0.81712 1.713547 -0.660111 1.90019 -0.738798 1.863696 -0.81712 1.713547 -0.738798 1.863696 -0.794635 1.797321 -1.564603 0.895609 -1.777765 0.557072 -0.522513 -1.920025 -0.522513 -1.920025 -1.777765 0.557072 -0.904712 -1.801837 -0.904712 -1.801837 -1.777765 0.557072 -1.908473 0.178972 -0.904712 -1.801837 -1.908473 0.178972 -1.949898 -0.2189339 -1.949898 -0.2189339 -1.899873 -0.61585 -0.904712 -1.801837 -0.904712 -1.801837 -1.899873 -0.61585 -1.761014 -0.991033 -0.904712 -1.801837 -1.761014 -0.991033 -1.540578 -1.324878 -1.540578 -1.324878 -1.250083 -1.599938 -0.904712 -1.801837 0 -5.834386 -0.295 -5.834386 0 -6.283185 0 -6.283185 -0.295 -5.834386 -0.295 -6.283185 0 6.283185 -0.295 6.283185 0 5.834386 0 5.834386 -0.295 6.283185 -0.295 5.834386 0 5.834386 -0.295 5.834386 0 5.385587 0 5.385587 -0.295 5.834386 -0.295 5.385587 0 5.385587 -0.295 5.385587 0 4.936788 0 4.936788 -0.295 5.385587 -0.295 4.936788 0 4.936788 -0.295 4.936788 0 4.48799 0 4.48799 -0.295 4.936788 -0.295 4.48799 0 4.48799 -0.295 4.48799 0 4.039191 0 4.039191 -0.295 4.48799 -0.295 4.039191 0 4.039191 -0.295 4.039191 0 3.590392 0 3.590392 -0.295 4.039191 -0.295 3.590392 0 3.590392 -0.295 3.590392 0 3.141593 0 3.141593 -0.295 3.590392 -0.295 3.141593 0 3.141593 -0.295 3.141593 0 2.692794 0 2.692794 -0.295 3.141593 -0.295 2.692794 0 2.692794 -0.295 2.692794 0 2.243995 0 2.243995 -0.295 2.692794 -0.295 2.243995 0 2.243995 -0.295 2.243995 0 1.795196 0 1.795196 -0.295 2.243995 -0.295 1.795196 0 1.795196 -0.295 1.795196 0 1.346397 0 1.346397 -0.295 1.795196 -0.295 1.346397 0 1.346397 -0.295 1.346397 0 0.897598 0 0.897598 -0.295 1.346397 -0.295 0.897598 0 0.897598 -0.295 0.897598 0 0.448799 0 0.448799 -0.295 0.897598 -0.295 0.448799 0 0.448799 -0.295 0.448799 0 0 0 0 -0.295 0.448799 -0.295 0 0 0 -0.295 0 0 -0.448799 0 -0.448799 -0.295 0 -0.295 -0.448799 0 -0.448799 -0.295 -0.448799 0 -0.897598 0 -0.897598 -0.295 -0.448799 -0.295 -0.897598 0 -0.897598 -0.295 -0.897598 0 -1.346397 0 -1.346397 -0.295 -0.897598 -0.295 -1.346397 0 -1.346397 -0.295 -1.346397 0 -1.795196 0 -1.795196 -0.295 -1.346397 -0.295 -1.795196 0 -1.795196 -0.295 -1.795196 0 -2.243995 0 -2.243995 -0.295 -1.795196 -0.295 -2.243995 0 -2.243995 -0.295 -2.243995 0 -2.692794 0 -2.692794 -0.295 -2.243995 -0.295 -2.692794 0 -2.692794 -0.295 -2.692794 0 -3.141593 0 -3.141593 -0.295 -2.692794 -0.295 -3.141593 0 -3.141593 -0.295 -3.141593 0 -3.590392 0 -3.590392 -0.295 -3.141593 -0.295 -3.590392 0 -3.590392 -0.295 -3.590392 0 -4.039191 0 -4.039191 -0.295 -3.590392 -0.295 -4.039191 0 -4.039191 -0.295 -4.039191 0 -4.48799 0 -4.48799 -0.295 -4.039191 -0.295 -4.48799 0 -4.48799 -0.295 -4.48799 0 -4.936788 0 -4.936788 -0.295 -4.48799 -0.295 -4.936788 0 -4.936788 -0.295 -4.936788 0 -5.385587 0 -5.385587 -0.295 -4.936788 -0.295 -5.385587 0 -5.385587 -0.295 -5.385587 0 -5.834386 0 -5.834386 -0.295 -5.385587 -0.295 -5.834386 -1.949856 -0.445042 1.949856 -0.445042 -2 0 -2 0 1.949856 -0.445042 2 0 -2 0 2 0 -1.949856 0.445042 -1.949856 0.445042 2 0 1.949856 0.445042 -1.949856 0.445042 1.949856 0.445042 -1.801938 0.867767 -1.801938 0.867767 1.949856 0.445042 1.801938 0.867767 -1.801938 0.867767 1.801938 0.867767 -1.563663 1.24698 -1.563663 1.24698 1.801938 0.867767 1.563663 1.24698 -1.563663 1.24698 1.563663 1.24698 -1.24698 1.563663 -1.24698 1.563663 1.563663 1.24698 1.24698 1.563663 -1.24698 1.563663 1.24698 1.563663 -0.867767 1.801938 -0.867767 1.801938 1.24698 1.563663 0.867767 1.801938 -0.867767 1.801938 0.867767 1.801938 -0.445042 1.949856 -0.445042 1.949856 0.867767 1.801938 0.445042 1.949856 -0.445042 1.949856 0.445042 1.949856 0 2 1.949856 -0.445042 -1.949856 -0.445042 1.801938 -0.867767 1.801938 -0.867767 -1.949856 -0.445042 -1.801938 -0.867767 1.801938 -0.867767 -1.801938 -0.867767 1.563663 -1.24698 1.563663 -1.24698 -1.801938 -0.867767 -1.563663 -1.24698 1.563663 -1.24698 -1.563663 -1.24698 1.24698 -1.563663 1.24698 -1.563663 -1.563663 -1.24698 -1.24698 -1.563663 1.24698 -1.563663 -1.24698 -1.563663 0.867767 -1.801938 0.867767 -1.801938 -1.24698 -1.563663 -0.867767 -1.801938 0.867767 -1.801938 -0.867767 -1.801938 0.445042 -1.949856 0.445042 -1.949856 -0.867767 -1.801938 -0.445042 -1.949856 0.445042 -1.949856 -0.445042 -1.949856 0 -2 -4.8336 29.7799 -5.60869 29.7799 -5.5133 28.96715 -5.5133 28.96715 -5.60869 29.7799 -5.608887 29.61603 -5.5133 28.96715 -5.608887 29.61603 -5.609272 29.31849 -5.609272 29.31849 -5.609844 28.62497 -5.5133 28.96715 -5.5133 28.96715 -5.609844 28.62497 -5.5133 28.1544 -5.5133 28.96715 -5.5133 28.1544 -4.808786 28.1544 -4.808786 28.1544 -5.5133 28.1544 -4.808786 26.52891 -4.808786 28.1544 -4.808786 26.52891 -4.104273 26.52891 -4.104273 26.52891 -4.808786 26.52891 -4.104273 25.15653 -4.104273 26.52891 -4.104273 25.15653 -3.488632 25.15653 -3.488632 25.15653 -4.104273 25.15653 -3.488632 23.78416 -3.488632 25.15653 -3.488632 23.78416 -3.283418 24.53363 -3.283418 24.53363 -3.488632 23.78416 -3.283418 23.78416 -3.283418 23.78416 -3.488632 23.78416 -3.283418 22.96128 -3.283418 22.96128 -3.488632 23.78416 -3.488632 22.64395 -3.283418 22.96128 -3.488632 22.64395 -3.283418 22.1384 -3.283418 22.1384 -3.488632 22.64395 -3.488632 21.50375 -3.283418 22.1384 -3.488632 21.50375 -3.283418 21.31552 -3.283418 21.31552 -3.488632 21.50375 -3.488632 20.36354 -3.283418 21.31552 -3.488632 20.36354 -3.283418 20.4926 -3.283418 20.4926 -3.488632 20.36354 -3.277238 20.36354 -3.277238 20.36354 -3.488632 20.36354 -3.224349 20.10172 -3.224349 20.10172 -3.488632 20.36354 -3.488632 18.96071 -3.224349 20.10172 -3.488632 18.96071 -3.120144 19.86421 -3.120144 19.86421 -3.488632 18.96071 -2.970322 19.66275 -2.970322 19.66275 -3.488632 18.96071 -2.872991 18.96071 -2.970322 19.66275 -2.872991 18.96071 -2.782795 19.50688 -2.782795 19.50688 -2.872991 18.96071 -2.262068 19.17579 -2.262068 19.17579 -2.872991 18.96071 -2.25735 18.96071 -2.262068 19.17579 -2.25735 18.96071 -1.741982 18.8522 -1.741982 18.8522 -2.25735 18.96071 -2.25735 17.55787 -1.741982 18.8522 -2.25735 17.55787 -1.641709 17.55787 -1.641709 17.55787 -2.25735 17.55787 -1.641709 16.14915 -1.641709 17.55787 -1.641709 16.14915 -1.170002 16.1485 -1.170002 16.1485 -1.641709 16.14915 -1.641709 15.14892 -1.170002 16.1485 -1.641709 15.14892 -1.170002 15.14894 -1.170002 15.14894 -1.641709 15.14892 -1.170002 14.36813 -1.170002 15.14894 -1.170002 14.36813 -0.700224 15.14896 -0.700224 15.14896 -1.170002 14.36813 -0.702894 13.65252 -0.702894 13.65252 -1.170002 14.36813 -1.170002 13.00168 -0.702894 13.65252 -1.170002 13.00168 -0.709837 11.63523 -0.709837 11.63523 -1.170002 13.00168 -1.170002 11.63523 -0.709837 11.63523 -1.170002 11.63523 -1.170002 10.49599 -1.170002 10.49599 -1.170002 11.63523 -1.641709 10.49599 -1.170002 10.49599 -1.641709 10.49599 -1.170002 9.356762 -1.170002 9.356762 -1.641709 10.49599 -1.641709 9.356762 -1.170002 9.356762 -1.641709 9.356762 -1.170002 8.217532 -1.170002 8.217532 -1.641709 9.356762 -1.641709 8.217532 -1.170002 8.217532 -1.641709 8.217532 -1.170002 7.258168 -1.170002 7.258168 -1.641709 8.217532 -1.641709 7.258168 -1.170002 7.258168 -1.641709 7.258168 -1.170002 6.298805 -1.170002 6.298805 -1.641709 7.258168 -1.641709 6.298805 -1.170002 6.298805 -1.641709 6.298805 -1.170002 5.339443 -1.170002 5.339443 -1.641709 6.298805 -1.641709 5.339443 -1.170002 5.339443 -1.641709 5.339443 -1.170002 4.584897 -1.170002 4.584897 -1.641709 5.339443 -1.641709 4.584897 -1.170002 4.584897 -1.641709 4.584897 -1.170002 3.975498 -1.170002 3.975498 -1.641709 4.584897 -1.641709 3.975498 -1.170002 3.975498 -1.641709 3.975498 -1.170002 3.366099 -1.170002 3.366099 -1.641709 3.975498 -1.641709 3.366099 -1.170002 3.366099 -1.641709 3.366099 -1.170002 2.524574 -1.170002 2.524574 -1.641709 3.366099 -1.641709 2.524574 -1.170002 2.524574 -1.641709 2.524574 -1.170002 1.683046 -1.170002 1.683046 -1.641709 2.524574 -1.641709 1.683046 -1.170002 1.683046 -1.641709 1.683046 -0.72832 0 -0.72832 0 -1.641709 1.683046 -2.431719 0 -2.431719 0 -1.641709 1.683046 -2.25735 1.683046 -2.431719 0 -2.25735 1.683046 -2.872991 1.683047 -2.872991 1.683047 -2.25735 1.683046 -2.872991 2.524574 -2.872991 1.683047 -2.872991 2.524574 -3.488632 2.524574 -3.488632 2.524574 -2.872991 2.524574 -3.488632 3.366099 -3.488632 2.524574 -3.488632 3.366099 -4.104273 3.366099 -4.104273 3.366099 -3.488632 3.366099 -4.104273 3.975498 -4.104273 3.366099 -4.104273 3.975498 -4.808786 3.975498 -4.808786 3.975498 -4.104273 3.975498 -4.808786 4.584897 -4.808786 3.975498 -4.808786 4.584897 -5.5133 4.584897 -5.5133 4.584897 -4.808786 4.584897 -5.5133 5.339443 -5.5133 4.584897 -5.5133 5.339443 -5.833682 5.088236 -5.833682 5.088236 -5.5133 5.339443 -5.833702 5.378312 -5.833702 5.378312 -5.5133 5.339443 -5.5133 6.298805 -5.833702 5.378312 -5.5133 6.298805 -5.5133 7.258168 -5.5133 7.258168 -5.5133 6.298805 -4.808786 6.298805 -5.5133 7.258168 -4.808786 6.298805 -4.808786 7.258168 -4.808786 7.258168 -4.808786 6.298805 -4.104273 6.298805 -4.808786 7.258168 -4.104273 6.298805 -4.104273 7.258168 -4.104273 7.258168 -4.104273 6.298805 -3.488632 6.298805 -4.104273 7.258168 -3.488632 6.298805 -3.488632 7.258168 -3.488632 7.258168 -3.488632 6.298805 -2.872991 6.298805 -3.488632 7.258168 -2.872991 6.298805 -2.872991 7.258168 -2.872991 7.258168 -2.872991 6.298805 -2.25735 6.298805 -2.872991 7.258168 -2.25735 6.298805 -2.25735 7.258168 -2.25735 7.258168 -2.25735 6.298805 -1.641709 6.298805 -2.25735 7.258168 -1.641709 6.298805 -1.641709 7.258168 -5.609844 28.62497 -5.689693 28.62485 -5.5133 28.1544 -5.5133 28.1544 -5.689693 28.62485 -5.769539 28.62473 -5.5133 28.1544 -5.769539 28.62473 -5.849383 28.62458 -5.849383 28.62458 -5.848732 26.66177 -5.5133 28.1544 -5.5133 28.1544 -5.848732 26.66177 -5.5133 26.52891 -5.5133 28.1544 -5.5133 26.52891 -4.808786 26.52891 -4.808786 26.52891 -5.5133 26.52891 -4.808786 25.15653 -4.808786 26.52891 -4.808786 25.15653 -4.104273 25.15653 -4.104273 25.15653 -4.808786 25.15653 -4.104273 23.78416 -4.104273 25.15653 -4.104273 23.78416 -3.488632 23.78416 -3.488632 23.78416 -4.104273 23.78416 -4.104273 22.64395 -3.488632 23.78416 -4.104273 22.64395 -3.488632 22.64395 -3.488632 22.64395 -4.104273 22.64395 -3.488632 21.50375 -5.848732 26.66177 -5.849189 25.74245 -5.5133 26.52891 -5.5133 26.52891 -5.849189 25.74245 -5.5133 25.15653 -5.5133 26.52891 -5.5133 25.15653 -4.808786 25.15653 -4.808786 25.15653 -5.5133 25.15653 -4.808786 23.78416 -4.808786 25.15653 -4.808786 23.78416 -4.104273 23.78416 -4.104273 23.78416 -4.808786 23.78416 -4.808786 22.64395 -4.104273 23.78416 -4.808786 22.64395 -4.104273 22.64395 -4.104273 22.64395 -4.808786 22.64395 -4.104273 21.50375 -4.104273 22.64395 -4.104273 21.50375 -3.488632 21.50375 -3.488632 21.50375 -4.104273 21.50375 -3.488632 20.36354 -5.849189 25.74245 -5.850127 24.82094 -5.5133 25.15653 -5.5133 25.15653 -5.850127 24.82094 -5.5133 23.78416 -5.5133 25.15653 -5.5133 23.78416 -4.808786 23.78416 -4.808786 23.78416 -5.5133 23.78416 -5.5133 22.64395 -4.808786 23.78416 -5.5133 22.64395 -4.808786 22.64395 -4.808786 22.64395 -5.5133 22.64395 -4.808786 21.50375 -4.808786 22.64395 -4.808786 21.50375 -4.104273 21.50375 -4.104273 21.50375 -4.808786 21.50375 -4.104273 20.36354 -4.104273 21.50375 -4.104273 20.36354 -3.488632 20.36354 -3.488632 20.36354 -4.104273 20.36354 -3.488632 18.96071 -5.850127 24.82094 -5.852383 23.78416 -5.5133 23.78416 -5.5133 23.78416 -5.852383 23.78416 -5.852578 23.70952 -5.5133 23.78416 -5.852578 23.70952 -5.5133 22.64395 -5.5133 22.64395 -5.852578 23.70952 -5.858347 21.9517 -5.5133 22.64395 -5.858347 21.9517 -5.5133 21.50375 -5.5133 21.50375 -5.858347 21.9517 -5.863292 20.36354 -5.5133 21.50375 -5.863292 20.36354 -5.5133 20.36354 -5.5133 20.36354 -5.863292 20.36354 -5.863407 20.32086 -5.5133 20.36354 -5.863407 20.32086 -5.5133 18.96071 -5.5133 18.96071 -5.863407 20.32086 -5.868486 18.16886 -5.5133 18.96071 -5.868486 18.16886 -5.5133 17.55787 -5.5133 17.55787 -5.868486 18.16886 -5.867635 16.15503 -5.5133 17.55787 -5.867635 16.15503 -5.5133 16.15454 -5.5133 16.15454 -5.867635 16.15503 -5.866339 15.14872 -5.5133 16.15454 -5.866339 15.14872 -5.5133 15.14874 -5.5133 15.14874 -5.866339 15.14872 -5.5133 14.36813 -5.5133 15.14874 -5.5133 14.36813 -4.808786 14.36813 -4.808786 14.36813 -5.5133 14.36813 -4.808786 13.00168 -4.808786 14.36813 -4.808786 13.00168 -4.104273 13.00168 -4.104273 13.00168 -4.808786 13.00168 -4.808786 11.63523 -4.104273 13.00168 -4.808786 11.63523 -4.104273 11.63523 -4.104273 11.63523 -4.808786 11.63523 -4.808786 10.49599 -4.104273 11.63523 -4.808786 10.49599 -4.104273 10.49599 -4.104273 10.49599 -4.808786 10.49599 -4.104273 9.356762 -4.104273 10.49599 -4.104273 9.356762 -3.488632 9.356762 -3.488632 9.356762 -4.104273 9.356762 -3.488632 8.217532 -3.488632 9.356762 -3.488632 8.217532 -2.872991 8.217532 -2.872991 8.217532 -3.488632 8.217532 -2.872991 7.258168 -2.872991 8.217532 -2.872991 7.258168 -2.25735 7.258168 -5.866339 15.14872 -5.863373 13.40206 -5.5133 14.36813 -5.5133 14.36813 -5.863373 13.40206 -5.5133 13.00168 -5.5133 14.36813 -5.5133 13.00168 -4.808786 13.00168 -4.808786 13.00168 -5.5133 13.00168 -5.5133 11.63523 -4.808786 13.00168 -5.5133 11.63523 -4.808786 11.63523 -4.808786 11.63523 -5.5133 11.63523 -5.5133 10.49599 -4.808786 11.63523 -5.5133 10.49599 -4.808786 10.49599 -4.808786 10.49599 -5.5133 10.49599 -4.808786 9.356762 -4.808786 10.49599 -4.808786 9.356762 -4.104273 9.356762 -4.104273 9.356762 -4.808786 9.356762 -4.104273 8.217532 -4.104273 9.356762 -4.104273 8.217532 -3.488632 8.217532 -3.488632 8.217532 -4.104273 8.217532 -3.488632 7.258168 -3.488632 8.217532 -3.488632 7.258168 -2.872991 7.258168 -5.863373 13.40206 -5.857275 11.65552 -5.5133 13.00168 -5.5133 13.00168 -5.857275 11.65552 -5.5133 11.63523 -5.857275 11.65552 -5.857186 11.63523 -5.5133 11.63523 -5.5133 11.63523 -5.857186 11.63523 -5.5133 10.49599 -5.857186 11.63523 -5.848815 9.990881 -5.5133 10.49599 -5.5133 10.49599 -5.848815 9.990881 -5.5133 9.356762 -5.5133 10.49599 -5.5133 9.356762 -4.808786 9.356762 -4.808786 9.356762 -5.5133 9.356762 -4.808786 8.217532 -4.808786 9.356762 -4.808786 8.217532 -4.104273 8.217532 -4.104273 8.217532 -4.808786 8.217532 -4.104273 7.258168 -4.104273 8.217532 -4.104273 7.258168 -3.488632 7.258168 -5.848815 9.990881 -5.840445 8.251068 -5.5133 9.356762 -5.5133 9.356762 -5.840445 8.251068 -5.5133 8.217532 -5.5133 9.356762 -5.5133 8.217532 -4.808786 8.217532 -4.808786 8.217532 -5.5133 8.217532 -4.808786 7.258168 -4.808786 8.217532 -4.808786 7.258168 -4.104273 7.258168 -5.5133 8.217532 -5.840445 8.251068 -5.5133 7.258168 -5.5133 7.258168 -5.840445 8.251068 -5.833702 5.378312 -5.5133 4.584897 -5.833682 5.088236 -5.5133 3.975498 -5.5133 3.975498 -5.833682 5.088236 -5.835527 2.761968 -5.5133 3.975498 -5.835527 2.761968 -5.5133 3.366099 -5.5133 3.366099 -5.835527 2.761968 -5.5133 2.524574 -5.5133 3.366099 -5.5133 2.524574 -4.808786 2.524574 -4.808786 2.524574 -5.5133 2.524574 -5.5133 1.683049 -4.808786 2.524574 -5.5133 1.683049 -4.808786 1.683049 -4.808786 1.683049 -5.5133 1.683049 -5.838516 0 -4.808786 1.683049 -5.838516 0 -4.135118 0 -5.835527 2.761968 -5.838568 1.4397 -5.5133 2.524574 -5.5133 2.524574 -5.838568 1.4397 -5.5133 1.683049 -5.838568 1.4397 -5.838516 0 -5.5133 1.683049 -2.431719 0 -3.488632 1.683047 -4.135118 0 -4.135118 0 -3.488632 1.683047 -4.104273 1.683048 -4.135118 0 -4.104273 1.683048 -4.808786 1.683049 -4.808786 1.683049 -4.104273 1.683048 -4.104273 2.524574 -4.808786 1.683049 -4.104273 2.524574 -4.808786 2.524574 -4.808786 2.524574 -4.104273 2.524574 -4.808786 3.366099 -4.808786 2.524574 -4.808786 3.366099 -5.5133 3.366099 -5.5133 3.366099 -4.808786 3.366099 -5.5133 3.975498 -0.72832 0 -0.729887 1.683045 -1.170002 1.683046 -1.170002 1.683046 -0.729887 1.683045 -1.170002 2.524574 -0.729887 1.683045 -0.731057 2.539076 -1.170002 2.524574 -1.170002 2.524574 -0.731057 2.539076 -1.170002 3.366099 -0.731057 2.539076 -0.732369 3.79599 -1.170002 3.366099 -1.170002 3.366099 -0.732369 3.79599 -1.170002 3.975498 -0.732369 3.79599 -0.73288 4.422871 -1.170002 3.975498 -1.170002 3.975498 -0.73288 4.422871 -1.170002 4.584897 -0.73288 4.422871 -0.733103 5.049288 -1.170002 4.584897 -1.170002 4.584897 -0.733103 5.049288 -1.170002 5.339443 -0.733103 5.049288 -0.733044 5.378307 -1.170002 5.339443 -1.170002 5.339443 -0.733044 5.378307 -0.732277 6.23058 -1.170002 5.339443 -0.732277 6.23058 -1.170002 6.298805 -1.170002 6.298805 -0.732277 6.23058 -0.730541 7.082489 -1.170002 6.298805 -0.730541 7.082489 -1.170002 7.258168 -1.170002 7.258168 -0.730541 7.082489 -0.72652 8.251074 -1.170002 7.258168 -0.72652 8.251074 -1.170002 8.217532 -1.170002 8.217532 -0.72652 8.251074 -1.170002 9.356762 -0.72652 8.251074 -0.720061 9.605921 -1.170002 9.356762 -1.170002 9.356762 -0.720061 9.605921 -0.717547 10.08845 -1.170002 9.356762 -0.717547 10.08845 -1.170002 10.49599 -1.170002 10.49599 -0.717547 10.08845 -0.709837 11.63523 -1.170002 15.14894 -0.700224 15.14896 -1.170002 16.1485 -1.170002 16.1485 -0.700224 15.14896 -0.69893 16.14784 -1.170002 16.1485 -0.69893 16.14784 -0.698296 17.40043 -1.170002 16.1485 -0.698296 17.40043 -1.170002 17.55787 -1.170002 17.55787 -0.698296 17.40043 -0.698755 18.23036 -1.170002 17.55787 -0.698755 18.23036 -1.221159 18.53675 -1.170002 17.55787 -1.221159 18.53675 -1.641709 17.55787 -1.641709 17.55787 -1.221159 18.53675 -1.741982 18.8522 -3.283418 24.53363 -3.283418 25.2831 -3.488632 25.15653 -3.488632 25.15653 -3.283418 25.2831 -3.488632 26.52891 -3.488632 25.15653 -3.488632 26.52891 -4.104273 26.52891 -4.104273 26.52891 -3.488632 26.52891 -4.104273 28.1544 -4.104273 26.52891 -4.104273 28.1544 -4.808786 28.1544 -4.808786 28.1544 -4.104273 28.1544 -4.808786 28.96715 -4.808786 28.1544 -4.808786 28.96715 -5.5133 28.96715 -5.5133 28.96715 -4.808786 28.96715 -4.8336 29.7799 -3.283418 25.2831 -3.283418 26.78203 -3.488632 26.52891 -3.488632 26.52891 -3.283418 26.78203 -3.488632 28.1544 -3.488632 26.52891 -3.488632 28.1544 -4.104273 28.1544 -4.104273 28.1544 -3.488632 28.1544 -4.104273 28.96715 -4.104273 28.1544 -4.104273 28.96715 -4.808786 28.96715 -4.808786 28.96715 -4.104273 28.96715 -4.8336 29.7799 -3.283418 26.78203 -3.283418 28.28097 -3.488632 28.1544 -3.488632 28.1544 -3.283418 28.28097 -3.488632 28.96715 -3.488632 28.1544 -3.488632 28.96715 -4.104273 28.96715 -4.104273 28.96715 -3.488632 28.96715 -4.058509 29.7799 -4.104273 28.96715 -4.058509 29.7799 -4.8336 29.7799 -3.283418 28.28097 -3.283418 29.03043 -3.488632 28.96715 -3.488632 28.96715 -3.283418 29.03043 -3.283418 29.7799 -3.488632 28.96715 -3.283418 29.7799 -4.058509 29.7799 -5.5133 22.64395 -5.5133 21.50375 -4.808786 21.50375 -4.808786 21.50375 -5.5133 21.50375 -4.808786 20.36354 -4.808786 21.50375 -4.808786 20.36354 -4.104273 20.36354 -4.104273 20.36354 -4.808786 20.36354 -4.104273 18.96071 -4.104273 20.36354 -4.104273 18.96071 -3.488632 18.96071 -3.488632 18.96071 -4.104273 18.96071 -3.488632 17.55787 -3.488632 18.96071 -3.488632 17.55787 -2.872991 17.55787 -2.872991 17.55787 -3.488632 17.55787 -2.872991 16.15087 -2.872991 17.55787 -2.872991 16.15087 -2.25735 16.15001 -2.25735 16.15001 -2.872991 16.15087 -2.872991 15.14886 -2.25735 16.15001 -2.872991 15.14886 -2.25735 15.14889 -2.25735 15.14889 -2.872991 15.14886 -2.25735 14.36813 -2.25735 15.14889 -2.25735 14.36813 -1.641709 14.36813 -1.641709 14.36813 -2.25735 14.36813 -1.641709 13.00168 -1.641709 14.36813 -1.641709 13.00168 -1.170002 13.00168 -1.170002 13.00168 -1.641709 13.00168 -1.170002 11.63523 -5.5133 18.96071 -4.808786 18.96071 -5.5133 20.36354 -5.5133 20.36354 -4.808786 18.96071 -4.808786 20.36354 -5.5133 20.36354 -4.808786 20.36354 -5.5133 21.50375 -4.808786 20.36354 -4.808786 18.96071 -4.104273 18.96071 -4.104273 18.96071 -4.808786 18.96071 -4.104273 17.55787 -4.104273 18.96071 -4.104273 17.55787 -3.488632 17.55787 -3.488632 17.55787 -4.104273 17.55787 -4.104273 16.15258 -3.488632 17.55787 -4.104273 16.15258 -3.488632 16.15172 -3.488632 16.15172 -4.104273 16.15258 -4.104273 15.1488 -3.488632 16.15172 -4.104273 15.1488 -3.488632 15.14883 -3.488632 15.14883 -4.104273 15.1488 -3.488632 14.36813 -3.488632 15.14883 -3.488632 14.36813 -2.872991 14.36813 -2.872991 14.36813 -3.488632 14.36813 -2.872991 13.00168 -2.872991 14.36813 -2.872991 13.00168 -2.25735 13.00168 -2.25735 13.00168 -2.872991 13.00168 -2.25735 11.63523 -2.25735 13.00168 -2.25735 11.63523 -1.641709 11.63523 -1.641709 11.63523 -2.25735 11.63523 -2.25735 10.49599 -1.641709 11.63523 -2.25735 10.49599 -1.641709 10.49599 -1.641709 10.49599 -2.25735 10.49599 -1.641709 9.356762 -4.808786 18.96071 -5.5133 18.96071 -4.808786 17.55787 -4.808786 17.55787 -5.5133 18.96071 -5.5133 17.55787 -4.808786 17.55787 -5.5133 17.55787 -5.5133 16.15454 -2.25735 17.55787 -2.25735 18.96071 -2.872991 18.96071 -2.25735 17.55787 -2.872991 18.96071 -2.872991 17.55787 -2.872991 17.55787 -2.872991 18.96071 -3.488632 18.96071 -4.808786 18.96071 -4.808786 17.55787 -4.104273 17.55787 -4.104273 17.55787 -4.808786 17.55787 -4.808786 16.15356 -4.104273 17.55787 -4.808786 16.15356 -4.104273 16.15258 -4.104273 16.15258 -4.808786 16.15356 -4.808786 15.14877 -4.104273 16.15258 -4.808786 15.14877 -4.104273 15.1488 -4.104273 15.1488 -4.808786 15.14877 -4.104273 14.36813 -4.104273 15.1488 -4.104273 14.36813 -3.488632 14.36813 -3.488632 14.36813 -4.104273 14.36813 -3.488632 13.00168 -3.488632 14.36813 -3.488632 13.00168 -2.872991 13.00168 -2.872991 13.00168 -3.488632 13.00168 -2.872991 11.63523 -2.872991 13.00168 -2.872991 11.63523 -2.25735 11.63523 -2.25735 11.63523 -2.872991 11.63523 -2.872991 10.49599 -2.25735 11.63523 -2.872991 10.49599 -2.25735 10.49599 -2.25735 10.49599 -2.872991 10.49599 -2.25735 9.356762 -2.25735 10.49599 -2.25735 9.356762 -1.641709 9.356762 -1.641709 9.356762 -2.25735 9.356762 -1.641709 8.217532 -4.808786 16.15356 -4.808786 17.55787 -5.5133 16.15454 -1.641709 16.14915 -2.25735 17.55787 -2.25735 16.15001 -2.25735 16.15001 -2.25735 17.55787 -2.872991 17.55787 -1.170002 16.1485 -1.170002 17.55787 -1.641709 17.55787 -1.641709 15.14892 -1.641709 16.14915 -2.25735 15.14889 -2.25735 15.14889 -1.641709 16.14915 -2.25735 16.15001 -2.872991 15.14886 -2.872991 16.15087 -3.488632 15.14883 -3.488632 15.14883 -2.872991 16.15087 -3.488632 16.15172 -3.488632 16.15172 -2.872991 16.15087 -3.488632 17.55787 -4.808786 15.14877 -4.808786 16.15356 -5.5133 15.14874 -5.5133 15.14874 -4.808786 16.15356 -5.5133 16.15454 -4.104273 14.36813 -4.808786 15.14877 -4.808786 14.36813 -4.808786 14.36813 -4.808786 15.14877 -5.5133 15.14874 -2.25735 14.36813 -2.872991 15.14886 -2.872991 14.36813 -2.872991 14.36813 -2.872991 15.14886 -3.488632 15.14883 -1.170002 14.36813 -1.641709 15.14892 -1.641709 14.36813 -1.641709 14.36813 -1.641709 15.14892 -2.25735 15.14889 -3.488632 13.00168 -4.104273 14.36813 -4.104273 13.00168 -4.104273 13.00168 -4.104273 14.36813 -4.808786 14.36813 -1.641709 13.00168 -2.25735 14.36813 -2.25735 13.00168 -2.25735 13.00168 -2.25735 14.36813 -2.872991 14.36813 -1.170002 13.00168 -1.170002 14.36813 -1.641709 14.36813 -4.104273 13.00168 -4.104273 11.63523 -3.488632 13.00168 -3.488632 13.00168 -4.104273 11.63523 -3.488632 11.63523 -3.488632 13.00168 -3.488632 11.63523 -2.872991 11.63523 -2.872991 11.63523 -3.488632 11.63523 -3.488632 10.49599 -2.872991 11.63523 -3.488632 10.49599 -2.872991 10.49599 -2.872991 10.49599 -3.488632 10.49599 -2.872991 9.356762 -2.872991 10.49599 -2.872991 9.356762 -2.25735 9.356762 -2.25735 9.356762 -2.872991 9.356762 -2.25735 8.217532 -2.25735 9.356762 -2.25735 8.217532 -1.641709 8.217532 -1.641709 8.217532 -2.25735 8.217532 -1.641709 7.258168 -1.170002 11.63523 -1.641709 13.00168 -1.641709 11.63523 -1.641709 11.63523 -1.641709 13.00168 -2.25735 13.00168 -3.488632 10.49599 -3.488632 11.63523 -4.104273 10.49599 -4.104273 10.49599 -3.488632 11.63523 -4.104273 11.63523 -1.641709 10.49599 -1.170002 11.63523 -1.641709 11.63523 -2.872991 9.356762 -3.488632 10.49599 -3.488632 9.356762 -3.488632 9.356762 -3.488632 10.49599 -4.104273 10.49599 -2.25735 8.217532 -2.872991 9.356762 -2.872991 8.217532 -2.872991 8.217532 -2.872991 9.356762 -3.488632 9.356762 -5.5133 7.258168 -4.808786 7.258168 -5.5133 8.217532 -1.641709 7.258168 -2.25735 8.217532 -2.25735 7.258168 -2.25735 7.258168 -2.25735 8.217532 -2.872991 8.217532 -4.808786 6.298805 -5.5133 6.298805 -4.808786 5.339443 -4.808786 5.339443 -5.5133 6.298805 -5.5133 5.339443 -4.808786 5.339443 -5.5133 5.339443 -4.808786 4.584897 -4.104273 6.298805 -4.808786 6.298805 -4.104273 5.339443 -4.104273 5.339443 -4.808786 6.298805 -4.808786 5.339443 -4.104273 5.339443 -4.808786 5.339443 -4.104273 4.584897 -4.104273 4.584897 -4.808786 5.339443 -4.808786 4.584897 -4.104273 4.584897 -4.808786 4.584897 -4.104273 3.975498 -3.488632 6.298805 -4.104273 6.298805 -3.488632 5.339443 -3.488632 5.339443 -4.104273 6.298805 -4.104273 5.339443 -3.488632 5.339443 -4.104273 5.339443 -3.488632 4.584897 -3.488632 4.584897 -4.104273 5.339443 -4.104273 4.584897 -3.488632 4.584897 -4.104273 4.584897 -3.488632 3.975498 -3.488632 3.975498 -4.104273 4.584897 -4.104273 3.975498 -3.488632 3.975498 -4.104273 3.975498 -3.488632 3.366099 -2.872991 6.298805 -3.488632 6.298805 -2.872991 5.339443 -2.872991 5.339443 -3.488632 6.298805 -3.488632 5.339443 -2.872991 5.339443 -3.488632 5.339443 -2.872991 4.584897 -2.872991 4.584897 -3.488632 5.339443 -3.488632 4.584897 -2.872991 4.584897 -3.488632 4.584897 -2.872991 3.975498 -2.872991 3.975498 -3.488632 4.584897 -3.488632 3.975498 -2.872991 3.975498 -3.488632 3.975498 -2.872991 3.366099 -2.872991 3.366099 -3.488632 3.975498 -3.488632 3.366099 -2.872991 3.366099 -3.488632 3.366099 -2.872991 2.524574 -2.25735 6.298805 -2.872991 6.298805 -2.25735 5.339443 -2.25735 5.339443 -2.872991 6.298805 -2.872991 5.339443 -2.25735 5.339443 -2.872991 5.339443 -2.25735 4.584897 -2.25735 4.584897 -2.872991 5.339443 -2.872991 4.584897 -2.25735 4.584897 -2.872991 4.584897 -2.25735 3.975498 -2.25735 3.975498 -2.872991 4.584897 -2.872991 3.975498 -2.25735 3.975498 -2.872991 3.975498 -2.25735 3.366099 -2.25735 3.366099 -2.872991 3.975498 -2.872991 3.366099 -2.25735 3.366099 -2.872991 3.366099 -2.25735 2.524574 -2.25735 2.524574 -2.872991 3.366099 -2.872991 2.524574 -2.25735 2.524574 -2.872991 2.524574 -2.25735 1.683046 -1.641709 6.298805 -2.25735 6.298805 -1.641709 5.339443 -1.641709 5.339443 -2.25735 6.298805 -2.25735 5.339443 -1.641709 5.339443 -2.25735 5.339443 -1.641709 4.584897 -1.641709 4.584897 -2.25735 5.339443 -2.25735 4.584897 -1.641709 4.584897 -2.25735 4.584897 -1.641709 3.975498 -1.641709 3.975498 -2.25735 4.584897 -2.25735 3.975498 -1.641709 3.975498 -2.25735 3.975498 -1.641709 3.366099 -1.641709 3.366099 -2.25735 3.975498 -2.25735 3.366099 -1.641709 3.366099 -2.25735 3.366099 -1.641709 2.524574 -1.641709 2.524574 -2.25735 3.366099 -2.25735 2.524574 -1.641709 2.524574 -2.25735 2.524574 -1.641709 1.683046 -1.641709 1.683046 -2.25735 2.524574 -2.25735 1.683046 -4.808786 3.366099 -4.104273 2.524574 -4.104273 3.366099 -4.104273 3.366099 -4.104273 2.524574 -3.488632 2.524574 -4.104273 2.524574 -4.104273 1.683048 -3.488632 2.524574 -3.488632 2.524574 -4.104273 1.683048 -3.488632 1.683047 -3.488632 2.524574 -3.488632 1.683047 -2.872991 1.683047 -2.872991 1.683047 -3.488632 1.683047 -2.431719 0 -5.5133 3.975498 -4.808786 3.366099 -4.808786 3.975498 -4.808786 3.975498 -4.808786 3.366099 -4.104273 3.366099 -5.5133 4.584897 -5.5133 3.975498 -4.808786 3.975498 -2.269435 -13.34408 -1.670258 -13.1071 -2.269436 -13.13489 -2.269436 -13.13489 -1.670258 -13.1071 -2.503967 -12.67461 -2.269436 -13.13489 -2.503967 -12.67461 -2.50443 -13.12642 -2.269435 -13.34408 -2.269435 -13.55326 -1.670258 -13.1071 -1.670258 -13.1071 -2.269435 -13.55326 -1.512958 -13.76245 -1.670258 -13.1071 -1.512958 -13.76245 -0.83513 -13.1071 -0.83513 -13.1071 -1.512958 -13.76245 -0.756481 -13.76245 -0.83513 -13.1071 -0.756481 -13.76245 -5e-6 -13.10709 -5e-6 -13.10709 -0.756481 -13.76245 -4e-6 -13.76245 -2.269435 -13.55326 -2.269435 -13.76245 -1.512958 -13.76245 -0.83513 -13.1071 -5e-6 -13.10709 -0.83513 -12.45174 -0.83513 -12.45174 -5e-6 -13.10709 -6e-6 -12.45174 -0.83513 -12.45174 -6e-6 -12.45174 -0.83513 -11.79639 -0.83513 -11.79639 -6e-6 -12.45174 -7e-6 -11.79638 -0.83513 -11.79639 -7e-6 -11.79638 -0.83513 -11.14103 -0.83513 -11.14103 -7e-6 -11.79638 -8e-6 -11.14103 -0.83513 -11.14103 -8e-6 -11.14103 -0.83513 -10.48568 -0.83513 -10.48568 -8e-6 -11.14103 -9e-6 -10.48568 -0.83513 -10.48568 -9e-6 -10.48568 -0.83513 -9.830323 -0.83513 -9.830323 -9e-6 -10.48568 -9e-6 -9.830322 -0.83513 -9.830323 -9e-6 -9.830322 -0.83513 -9.174967 -0.83513 -9.174967 -9e-6 -9.830322 -10e-6 -9.174967 -0.83513 -9.174967 -10e-6 -9.174967 -0.83513 -8.519613 -0.83513 -8.519613 -10e-6 -9.174967 -10e-6 -8.519613 -0.83513 -8.519613 -10e-6 -8.519613 -0.83513 -7.864257 -0.83513 -7.864257 -10e-6 -8.519613 -10e-6 -7.864257 -0.83513 -7.864257 -10e-6 -7.864257 -0.83513 -7.208903 -0.83513 -7.208903 -10e-6 -7.864257 -10e-6 -7.208903 -0.83513 -7.208903 -10e-6 -7.208903 -0.83513 -6.553548 -0.83513 -6.553548 -10e-6 -7.208903 -10e-6 -6.553548 -0.83513 -6.553548 -10e-6 -6.553548 -10e-6 -5.898193 -0.83513 -6.553548 -10e-6 -5.898193 -0.83513 -5.898193 -0.83513 -5.898193 -10e-6 -5.898193 -9e-6 -5.242838 -0.83513 -5.898193 -9e-6 -5.242838 -0.83513 -5.242838 -0.83513 -5.242838 -9e-6 -5.242838 -9e-6 -4.587484 -0.83513 -5.242838 -9e-6 -4.587484 -0.83513 -4.587483 -0.83513 -4.587483 -9e-6 -4.587484 -8e-6 -3.932129 -0.83513 -4.587483 -8e-6 -3.932129 -0.83513 -3.930063 -0.83513 -3.930063 -8e-6 -3.932129 -7e-6 -3.276774 -0.83513 -3.930063 -7e-6 -3.276774 -0.83513 -3.276774 -0.83513 -3.276774 -7e-6 -3.276774 -6e-6 -2.62142 -0.83513 -3.276774 -6e-6 -2.62142 -0.83513 -2.621419 -0.83513 -2.621419 -6e-6 -2.62142 -5e-6 -1.966065 -0.83513 -2.621419 -5e-6 -1.966065 -0.83513 -1.966064 -0.83513 -1.966064 -5e-6 -1.966065 -4e-6 -1.31071 -0.83513 -1.966064 -4e-6 -1.31071 -0.83513 -1.310709 -0.83513 -1.310709 -4e-6 -1.31071 -3e-6 -0.655356 -0.83513 -1.310709 -3e-6 -0.655356 -0.83513 -0.655354 -0.83513 -0.655354 -3e-6 -0.655356 -0.83481 0 -0.83513 -0.655354 -0.83481 0 -1.669618 2e-6 -3e-6 -0.655356 -2e-6 -10e-7 -0.83481 0 -2.504426 3e-6 -2.503935 -0.447667 -1.669618 2e-6 -1.669618 2e-6 -2.503935 -0.447667 -1.670258 -0.655353 -1.669618 2e-6 -1.670258 -0.655353 -0.83513 -0.655354 -0.83513 -0.655354 -1.670258 -0.655353 -1.670258 -1.310708 -0.83513 -0.655354 -1.670258 -1.310708 -0.83513 -1.310709 -0.83513 -1.310709 -1.670258 -1.310708 -1.670258 -1.966063 -0.83513 -1.310709 -1.670258 -1.966063 -0.83513 -1.966064 -0.83513 -1.966064 -1.670258 -1.966063 -1.670258 -2.621418 -0.83513 -1.966064 -1.670258 -2.621418 -0.83513 -2.621419 -0.83513 -2.621419 -1.670258 -2.621418 -1.670258 -3.276773 -0.83513 -2.621419 -1.670258 -3.276773 -0.83513 -3.276774 -0.83513 -3.276774 -1.670258 -3.276773 -1.670258 -3.927997 -0.83513 -3.276774 -1.670258 -3.927997 -0.83513 -3.930063 -0.83513 -3.930063 -1.670258 -3.927997 -1.670258 -4.587483 -0.83513 -3.930063 -1.670258 -4.587483 -0.83513 -4.587483 -0.83513 -4.587483 -1.670258 -4.587483 -1.670258 -5.242838 -0.83513 -4.587483 -1.670258 -5.242838 -0.83513 -5.242838 -0.83513 -5.242838 -1.670258 -5.242838 -1.670258 -5.898193 -0.83513 -5.242838 -1.670258 -5.898193 -0.83513 -5.898193 -0.83513 -5.898193 -1.670258 -5.898193 -1.670258 -6.553548 -0.83513 -5.898193 -1.670258 -6.553548 -0.83513 -6.553548 -0.83513 -6.553548 -1.670258 -6.553548 -1.670258 -7.208903 -0.83513 -6.553548 -1.670258 -7.208903 -0.83513 -7.208903 -0.83513 -7.208903 -1.670258 -7.208903 -0.83513 -7.864257 -2.503935 -0.447667 -2.503503 -0.901139 -1.670258 -0.655353 -1.670258 -0.655353 -2.503503 -0.901139 -1.670258 -1.310708 -2.503503 -0.901139 -2.503905 -1.354477 -1.670258 -1.310708 -1.670258 -1.310708 -2.503905 -1.354477 -2.50454 -1.807033 -1.670258 -1.310708 -2.50454 -1.807033 -1.670258 -1.966063 -1.670258 -1.966063 -2.50454 -1.807033 -2.504342 -2.259099 -1.670258 -1.966063 -2.504342 -2.259099 -1.670258 -2.621418 -1.670258 -2.621418 -2.504342 -2.259099 -2.504218 -2.702785 -1.670258 -2.621418 -2.504218 -2.702785 -2.504676 -3.127876 -1.670258 -2.621418 -2.504676 -3.127876 -1.670258 -3.276773 -1.670258 -3.276773 -2.504676 -3.127876 -2.505196 -3.535526 -1.670258 -3.276773 -2.505196 -3.535526 -1.670258 -3.927997 -1.670258 -3.927997 -2.505196 -3.535526 -2.50523 -3.925931 -1.670258 -3.927997 -2.50523 -3.925931 -2.504608 -4.303733 -1.670258 -3.927997 -2.504608 -4.303733 -1.670258 -4.587483 -1.670258 -4.587483 -2.504608 -4.303733 -2.504116 -4.680758 -1.670258 -4.587483 -2.504116 -4.680758 -2.504208 -5.058238 -1.670258 -4.587483 -2.504208 -5.058238 -1.670258 -5.242838 -1.670258 -5.242838 -2.504208 -5.058238 -2.504642 -5.435334 -1.670258 -5.242838 -2.504642 -5.435334 -1.670258 -5.898193 -1.670258 -5.898193 -2.504642 -5.435334 -2.504649 -5.812079 -1.670258 -5.898193 -2.504649 -5.812079 -2.504244 -6.188252 -1.670258 -5.898193 -2.504244 -6.188252 -1.670258 -6.553548 -1.670258 -6.553548 -2.504244 -6.188252 -2.504102 -6.564592 -1.670258 -6.553548 -2.504102 -6.564592 -2.504616 -6.940937 -1.670258 -6.553548 -2.504616 -6.940937 -1.670258 -7.208903 -1.670258 -7.208903 -2.504616 -6.940937 -2.505299 -7.317123 -1.670258 -7.208903 -2.505299 -7.317123 -2.505385 -7.69391 -1.670258 -7.208903 -2.505385 -7.69391 -1.670258 -7.864257 -1.670258 -7.864257 -2.505385 -7.69391 -2.504835 -8.071114 -1.670258 -7.864257 -2.504835 -8.071114 -1.670258 -8.519613 -1.670258 -8.519613 -2.504835 -8.071114 -2.504491 -8.448684 -1.670258 -8.519613 -2.504491 -8.448684 -2.504687 -8.825784 -1.670258 -8.519613 -2.504687 -8.825784 -1.670258 -9.174967 -1.670258 -9.174967 -2.504687 -8.825784 -2.505053 -9.203653 -1.670258 -9.174967 -2.505053 -9.203653 -2.504866 -9.593896 -1.670258 -9.174967 -2.504866 -9.593896 -1.670258 -9.830323 -1.670258 -9.830323 -2.504866 -9.593896 -2.504287 -10.00109 -1.670258 -9.830323 -2.504287 -10.00109 -1.670258 -10.48568 -1.670258 -10.48568 -2.504287 -10.00109 -2.503844 -10.42545 -1.670258 -10.48568 -2.503844 -10.42545 -2.504032 -10.86813 -1.670258 -10.48568 -2.504032 -10.86813 -1.670258 -11.14103 -1.670258 -11.14103 -2.504032 -10.86813 -2.504333 -11.31912 -1.670258 -11.14103 -2.504333 -11.31912 -1.670258 -11.79639 -1.670258 -11.79639 -2.504333 -11.31912 -2.503789 -11.77066 -1.670258 -11.79639 -2.503789 -11.77066 -2.503447 -12.22294 -1.670258 -11.79639 -2.503447 -12.22294 -1.670258 -12.45174 -1.670258 -12.45174 -2.503447 -12.22294 -2.503967 -12.67461 -1.670258 -12.45174 -2.503967 -12.67461 -1.670258 -13.1071 -2.426102 -13.12936 -2.34777 -13.13218 -2.50443 -13.12642 -2.50443 -13.12642 -2.34777 -13.13218 -2.269436 -13.13489 -1.670258 -12.45174 -1.670258 -13.1071 -0.83513 -13.1071 -1.670258 -12.45174 -0.83513 -13.1071 -0.83513 -12.45174 -1.670258 -11.79639 -1.670258 -12.45174 -0.83513 -12.45174 -1.670258 -11.79639 -0.83513 -12.45174 -0.83513 -11.79639 -1.670258 -11.14103 -1.670258 -11.79639 -0.83513 -11.79639 -1.670258 -11.14103 -0.83513 -11.79639 -0.83513 -11.14103 -1.670258 -10.48568 -1.670258 -11.14103 -0.83513 -11.14103 -1.670258 -10.48568 -0.83513 -11.14103 -0.83513 -10.48568 -1.670258 -9.830323 -1.670258 -10.48568 -0.83513 -10.48568 -1.670258 -9.830323 -0.83513 -10.48568 -0.83513 -9.830323 -1.670258 -9.174967 -1.670258 -9.830323 -0.83513 -9.830323 -1.670258 -9.174967 -0.83513 -9.830323 -0.83513 -9.174967 -1.670258 -8.519613 -1.670258 -9.174967 -0.83513 -9.174967 -1.670258 -8.519613 -0.83513 -9.174967 -0.83513 -8.519613 -1.670258 -7.864257 -1.670258 -8.519613 -0.83513 -8.519613 -1.670258 -7.864257 -0.83513 -8.519613 -0.83513 -7.864257 -1.670258 -7.208903 -1.670258 -7.864257 -0.83513 -7.864257 0.3 0.977648 0.3 1.364497 -0.09926295 1.019729 -0.09926295 1.019729 0.3 1.364497 -0.05915695 1.396116 -0.09926295 1.019729 -0.05915695 1.396116 -0.214156 1.401849 -0.214156 1.401849 -0.3 1.402671 -0.09926295 1.019729 -0.09926295 1.019729 -0.3 1.402671 -0.500737 1.019729 -0.500737 1.019729 -0.3 1.402671 -0.500609 1.39788 -0.500737 1.019729 -0.500609 1.39788 -0.700762 1.383519 -0.700762 1.383519 -0.9 1.35962 -0.500737 1.019729 -0.500737 1.019729 -0.9 1.35962 -0.9 0.977648 0.147633 1.322795 0.07167398 1.303478 0.3 0.977648 0.3 0.977648 0.07167398 1.303478 -0.098881 1.188703 0.3 0.977648 -0.098881 1.188703 0.3 0.648188 0.3 0.648188 -0.098881 1.188703 -0.269406 1.073873 0.3 0.648188 -0.269406 1.073873 -0.434719 0.962475 -0.6 0.851017 -0.6 0.03725194 -0.434719 0.962475 -0.434719 0.962475 -0.6 0.03725194 0.3 0.648188 -0.6 0.03725194 0.3 0.03725194 0.3 0.648188 0.3 1.35962 0.223744 1.34151 0.3 0.977648 0.3 0.977648 0.223744 1.34151 0.147633 1.322795 8.85165 2.00173 5.717884 2.645094 6.681852 1.696785 6.681852 1.696785 5.717884 2.645094 4.968778 2.521828 6.681852 1.696785 4.968778 2.521828 4.931515 2.516146 5.717884 2.645094 8.85165 2.00173 6.403625 2.77296 6.403625 2.77296 8.85165 2.00173 9.26063 2.357123 6.403625 2.77296 9.26063 2.357123 7.030094 2.90218 7.030094 2.90218 9.26063 2.357123 9.728583 2.630235 7.030094 2.90218 9.728583 2.630235 7.601222 3.030247 7.601222 3.030247 9.728583 2.630235 8.337593 3.208047 8.337593 3.208047 9.728583 2.630235 10.23917 2.811534 8.337593 3.208047 10.23917 2.811534 8.756612 3.312918 8.756612 3.312918 10.23917 2.811534 10.77457 2.894689 8.756612 3.312918 10.77457 2.894689 9.14453 3.409611 9.14453 3.409611 10.77457 2.894689 9.851811 3.571436 9.851811 3.571436 10.77457 2.894689 12.03596 3.536811 9.851811 3.571436 12.03596 3.536811 10.17854 3.63167 10.17854 3.63167 12.03596 3.536811 11.65839 3.631218 10.17854 3.63167 11.65839 3.631218 10.46853 3.672003 10.46853 3.672003 11.65839 3.631218 11.33893 3.679595 10.46853 3.672003 11.33893 3.679595 10.95 3.7 10.95 3.7 11.33893 3.679595 11.01063 3.699677 11.01063 3.699677 11.33893 3.679595 11.09709 3.697438 12.03596 3.536811 10.77457 2.894689 12.42298 3.394202 12.42298 3.394202 10.77457 2.894689 11.3161 2.876799 12.42298 3.394202 11.3161 2.876799 12.79086 3.209507 12.79086 3.209507 11.3161 2.876799 13.14786 2.976366 13.14786 2.976366 11.3161 2.876799 11.84484 2.758488 13.14786 2.976366 11.84484 2.758488 13.34468 2.820725 13.34468 2.820725 11.84484 2.758488 12.34235 2.543886 13.34468 2.820725 12.34235 2.543886 13.55127 2.631661 13.55127 2.631661 12.34235 2.543886 13.76127 2.406072 13.76127 2.406072 12.34235 2.543886 12.79126 2.240484 13.76127 2.406072 12.79126 2.240484 13.96746 2.141483 13.96746 2.141483 12.79126 2.240484 13.17589 1.858872 13.96746 2.141483 13.17589 1.858872 14.1648 1.831634 14.1648 1.831634 13.17589 1.858872 13.48283 1.412373 14.1648 1.831634 13.48283 1.412373 14.34708 1.466414 14.34708 1.466414 13.48283 1.412373 14.49941 1.045233 14.49941 1.045233 13.48283 1.412373 13.70134 0.916572 14.49941 1.045233 13.70134 0.916572 14.60595 0.568993 14.60595 0.568993 13.70134 0.916572 13.82382 0.388776 14.60595 0.568993 13.82382 0.388776 14.64986 0.04566198 14.64986 0.04566198 13.82382 0.388776 13.84598 -0.152591 14.64986 0.04566198 13.84598 -0.152591 14.61444 -0.514378 14.61444 -0.514378 13.84598 -0.152591 13.76705 -0.688632 14.61444 -0.514378 13.76705 -0.688632 14.48661 -1.087661 14.48661 -1.087661 13.76705 -0.688632 13.58979 -1.200634 14.48661 -1.087661 13.58979 -1.200634 14.26949 -1.634551 14.26949 -1.634551 13.58979 -1.200634 13.32037 -1.670726 14.26949 -1.634551 13.32037 -1.670726 13.96855 -2.139965 13.96855 -2.139965 13.32037 -1.670726 12.96822 -2.082497 13.96855 -2.139965 12.96822 -2.082497 12.54561 -2.421575 13.96855 -2.139965 12.54561 -2.421575 13.59111 -2.590767 13.59111 -2.590767 12.54561 -2.421575 12.06731 -2.676121 13.59111 -2.590767 12.06731 -2.676121 13.14839 -2.975942 13.14839 -2.975942 12.06731 -2.676121 11.55 -2.837252 13.14839 -2.975942 11.55 -2.837252 12.65221 -3.285049 12.65221 -3.285049 11.55 -2.837252 12.11528 -3.511474 12.11528 -3.511474 11.55 -2.837252 11.55 -3.651017 4.931515 2.516146 4.019946 2.389935 6.681852 1.696785 6.681852 1.696785 4.019946 2.389935 6.411463 1.607624 6.411463 1.607624 4.019946 2.389935 3.018575 2.277406 6.411463 1.607624 3.018575 2.277406 6.189423 1.429418 6.189423 1.429418 3.018575 2.277406 1.980846 2.187045 6.189423 1.429418 1.980846 2.187045 6.043853 1.184736 6.043853 1.184736 1.980846 2.187045 0.968781 2.123512 6.043853 1.184736 0.968781 2.123512 5.99319 0.904571 5.99319 0.904571 0.968781 2.123512 -0.04485499 2.083421 5.99319 0.904571 -0.04485499 2.083421 -1.011582 2.065725 5.99319 0.904571 -1.011582 2.065725 -9.550001 0 -9.550001 0 -1.011582 2.065725 -1.930147 2.066698 -9.550001 0 -1.930147 2.066698 -9.600145 0.445042 -9.600145 0.445042 -1.930147 2.066698 -2.794109 2.083245 -9.600145 0.445042 -2.794109 2.083245 -3.596938 2.112502 -9.600145 0.445042 -3.596938 2.112502 -9.748063 0.867767 -9.748063 0.867767 -3.596938 2.112502 -3.617456 2.11343 -9.748063 0.867767 -3.617456 2.11343 -4.526639 2.163549 -9.748063 0.867767 -4.526639 2.163549 -9.986337 1.24698 -9.986337 1.24698 -4.526639 2.163549 -5.374225 2.226298 -9.986337 1.24698 -5.374225 2.226298 -6.160395 2.298751 -9.986337 1.24698 -6.160395 2.298751 -10.30302 1.563663 -10.30302 1.563663 -6.160395 2.298751 -6.885276 2.378581 -10.30302 1.563663 -6.885276 2.378581 -6.914919 2.382125 -6.914919 2.382125 -7.54458 2.462849 -10.30302 1.563663 -10.30302 1.563663 -7.54458 2.462849 -10.68223 1.801938 -10.68223 1.801938 -7.54458 2.462849 -8.119132 2.545693 -10.68223 1.801938 -8.119132 2.545693 -11.10496 1.949856 -11.10496 1.949856 -8.119132 2.545693 -8.638702 2.628315 -11.10496 1.949856 -8.638702 2.628315 -9.1034 2.708542 -9.1034 2.708542 -9.287685 2.742006 -11.10496 1.949856 -11.10496 1.949856 -9.287685 2.742006 -11.55 2 -11.55 2 -9.287685 2.742006 -9.722976 2.824326 -11.55 2 -9.722976 2.824326 -10.08784 2.895634 -11.55 2 -10.08784 2.895634 -13.1 2.684679 -13.1 2.684679 -10.08784 2.895634 -10.39359 2.954993 -13.1 2.684679 -10.39359 2.954993 -12.61026 2.913047 -12.61026 2.913047 -10.39359 2.954993 -10.66447 3.00505 -12.61026 2.913047 -10.66447 3.00505 -11.13427 3.075246 -11.55 3.1 -12.08831 3.052904 -11.13427 3.075246 -11.13427 3.075246 -12.08831 3.052904 -12.61026 2.913047 -13.1 2.684679 -13.54264 2.374738 -11.55 2 -11.55 2 -13.54264 2.374738 -11.99504 1.949856 -11.99504 1.949856 -13.54264 2.374738 -13.92474 1.992642 -11.99504 1.949856 -13.92474 1.992642 -12.41777 1.801938 -12.41777 1.801938 -13.92474 1.992642 -12.79698 1.563663 -12.79698 1.563663 -13.92474 1.992642 -14.23468 1.55 -12.79698 1.563663 -14.23468 1.55 -13.11366 1.24698 -13.11366 1.24698 -14.23468 1.55 -14.46305 1.060262 -13.11366 1.24698 -14.46305 1.060262 -13.35194 0.867767 -13.35194 0.867767 -14.46305 1.060262 -14.6029 0.538309 -13.35194 0.867767 -14.6029 0.538309 -13.49986 0.445042 -13.49986 0.445042 -14.6029 0.538309 -14.65 0 -13.49986 0.445042 -14.65 0 -13.55 0 -13.55 0 -14.65 0 -13.49986 -0.445042 -13.49986 -0.445042 -14.65 0 -14.6029 -0.538309 -13.49986 -0.445042 -14.6029 -0.538309 -13.35194 -0.867768 -13.35194 -0.867768 -14.6029 -0.538309 -14.46305 -1.060263 -13.35194 -0.867768 -14.46305 -1.060263 -13.11366 -1.24698 -13.11366 -1.24698 -14.46305 -1.060263 -14.23468 -1.55 -13.11366 -1.24698 -14.23468 -1.55 -12.79698 -1.563663 -12.79698 -1.563663 -14.23468 -1.55 -13.92474 -1.992642 -12.79698 -1.563663 -13.92474 -1.992642 -12.41777 -1.801938 -12.41777 -1.801938 -13.92474 -1.992642 -11.99504 -1.949856 -11.99504 -1.949856 -13.92474 -1.992642 -13.54264 -2.374738 -11.99504 -1.949856 -13.54264 -2.374738 -11.55 -2 -11.55 -2 -13.54264 -2.374738 -13.1 -2.684679 -11.55 -2 -13.1 -2.684679 -10.02522 -2.883357 -10.02522 -2.883357 -13.1 -2.684679 -10.33739 -2.944218 -10.33739 -2.944218 -13.1 -2.684679 -12.61026 -2.913047 -10.33739 -2.944218 -12.61026 -2.913047 -10.61823 -2.9968 -10.61823 -2.9968 -12.61026 -2.913047 -11.11024 -3.072461 -11.11024 -3.072461 -12.61026 -2.913047 -12.08831 -3.052904 -11.11024 -3.072461 -12.08831 -3.052904 -11.55 -3.1 -10.02522 -2.883357 -9.674329 -2.814965 -11.55 -2 -11.55 -2 -9.674329 -2.814965 -9.287685 -2.742006 -11.55 -2 -9.287685 -2.742006 -11.10496 -1.949856 -11.10496 -1.949856 -9.287685 -2.742006 -9.1034 -2.708542 -11.10496 -1.949856 -9.1034 -2.708542 -8.610501 -2.623642 -8.610501 -2.623642 -8.082899 -2.540207 -11.10496 -1.949856 -11.10496 -1.949856 -8.082899 -2.540207 -10.68223 -1.801938 -10.68223 -1.801938 -8.082899 -2.540207 -7.518434 -2.459288 -10.68223 -1.801938 -7.518434 -2.459288 -10.30302 -1.563663 -10.30302 -1.563663 -7.518434 -2.459288 -6.914919 -2.382126 -10.30302 -1.563663 -6.914919 -2.382126 -6.885276 -2.378581 -6.885276 -2.378581 -6.130372 -2.295811 -10.30302 -1.563663 -10.30302 -1.563663 -6.130372 -2.295811 -9.986337 -1.24698 -9.986337 -1.24698 -6.130372 -2.295811 -5.325621 -2.222312 -9.986337 -1.24698 -5.325621 -2.222312 -4.486038 -2.160939 -9.986337 -1.24698 -4.486038 -2.160939 -9.748063 -0.867768 -9.748063 -0.867768 -4.486038 -2.160939 -3.617456 -2.11343 -9.748063 -0.867768 -3.617456 -2.11343 -3.596938 -2.112503 -9.748063 -0.867768 -3.596938 -2.112503 -9.600145 -0.445042 -9.600145 -0.445042 -3.596938 -2.112503 -1.855207 -2.065979 -9.600145 -0.445042 -1.855207 -2.065979 -9.550001 0 -9.550001 0 -1.855207 -2.065979 5.99319 -0.904571 -9.550001 0 5.99319 -0.904571 5.99319 0.904571 -1.855207 -2.065979 -0.04485499 -2.083421 5.99319 -0.904571 5.99319 -0.904571 -0.04485499 -2.083421 0.968781 -2.123513 5.99319 -0.904571 0.968781 -2.123513 6.043853 -1.184737 6.043853 -1.184737 0.968781 -2.123513 1.991074 -2.187815 6.043853 -1.184737 1.991074 -2.187815 6.189423 -1.429418 6.189423 -1.429418 1.991074 -2.187815 3.019021 -2.277445 6.189423 -1.429418 3.019021 -2.277445 6.411463 -1.607624 6.411463 -1.607624 3.019021 -2.277445 4.017648 -2.389637 6.411463 -1.607624 4.017648 -2.389637 6.681852 -1.696785 6.681852 -1.696785 4.017648 -2.389637 4.931515 -2.516146 6.681852 -1.696785 4.931515 -2.516146 4.968778 -2.521828 4.968778 -2.521828 5.716045 -2.64477 6.681852 -1.696785 6.681852 -1.696785 5.716045 -2.64477 8.85165 -2.00173 8.85165 -2.00173 5.716045 -2.64477 9.174667 -2.293074 9.174667 -2.293074 5.716045 -2.64477 6.401015 -2.772446 9.174667 -2.293074 6.401015 -2.772446 7.028019 -2.901733 9.174667 -2.293074 7.028019 -2.901733 9.537628 -2.532825 9.537628 -2.532825 7.028019 -2.901733 7.601222 -3.030247 9.537628 -2.532825 7.601222 -3.030247 9.932366 -2.715588 9.932366 -2.715588 7.601222 -3.030247 8.337561 -3.208064 9.932366 -2.715588 8.337561 -3.208064 10.35 -2.837252 10.35 -2.837252 8.337561 -3.208064 8.963678 -3.364649 10.35 -2.837252 8.963678 -3.364649 9.518046 -3.498659 9.518046 -3.498659 9.769937 -3.554336 10.35 -2.837252 10.35 -2.837252 9.769937 -3.554336 9.983039 -3.597268 10.35 -2.837252 9.983039 -3.597268 10.35 -3.657137 -0.9 0.03725194 0 0.03725194 -0.9 0.648188 -0.9 0.648188 0 0.03725194 0 0.857136 -0.9 0.648188 0 0.857136 -0.672769 1.308588 -0.9 0.648188 -0.672769 1.308588 -0.9 0.977648 -0.9 0.977648 -0.672769 1.308588 -0.748359 1.327844 -0.9 0.977648 -0.748359 1.327844 -0.824107 1.34647 -0.824107 1.34647 -0.9 1.364497 -0.9 0.977648 -0.4 0 -1.0392 0.9 -2 0 -2 0 -1.0392 0.9 -1.374503 0.9 -2 0 -1.374503 0.9 -2 0.9 -0.4 0 -0.4 0.9 -1.0392 0.9 -1.0392 0.9 -0.4 0.9 -1.0392 2 -1.0392 2 -0.4 0.9 0.186936 2 0.186936 2 -0.4 0.9 0.186936 0.9 0.03919994 -0.9 -0.05620795 -0.302523 -1.186936 -0.9 -1.186936 -0.9 -0.05620795 -0.302523 -1.25914 -0.301446 -1.25914 -0.301446 -0.05620795 -0.302523 -1.25914 0.301446 -1.25914 0.301446 -0.05620795 -0.302523 -0.05620795 0.302523 -1.25914 0.301446 -0.05620795 0.302523 -1.186936 0.9 -1.186936 0.9 -0.05620795 0.302523 0.03919994 0.9 0 0.9 -0.625497 0.9 0 0 0 0 -0.625497 0.9 -0.9608 0.9 0 0 -0.9608 0.9 -1.6 0 -1.6 0 -0.9608 0.9 -1.6 0.9 -1.6 0.9 -0.9608 0.9 -0.9608 2 -1.6 0.9 -0.9608 2 -2.186936 2 -2.186936 2 -2.186936 0.9 -1.6 0.9 0 0 0.838152 0 0.483526 1.042737 0.483526 1.042737 0.838152 0 0.83818 1.15522 0.483526 1.042737 0.83818 1.15522 0.483526 2.085474 0.483526 2.085474 0.83818 1.15522 0.838155 2.357061 0.483526 2.085474 0.838155 2.357061 0.483526 2.825224 0.483526 2.825224 0.838155 2.357061 0.838152 2.976849 0.483526 2.825224 0.838152 2.976849 0.483526 3.564974 0.483526 3.564974 0.838152 2.976849 0.838152 3.615471 0.483526 3.564974 0.838152 3.615471 0.483526 4.305116 0.483526 4.305116 0.838152 3.615471 0.838163 4.305402 0.483526 4.305116 0.838163 4.305402 0.483526 5.044475 0.483526 5.044475 0.838163 4.305402 0.838152 5.044475 0.483526 5.044475 0.838152 5.044475 0.483526 5.295715 0.483526 5.295715 0.838152 5.044475 0.838152 5.334501 0.483526 5.295715 0.838152 5.334501 0.483526 5.334501 0.483526 5.334501 0.838152 5.334501 0.483526 5.902858 0.483526 5.334501 0.483526 5.902858 -2e-6 5.334501 -2e-6 5.334501 0.483526 5.902858 -1.8e-5 6.187036 -1.8e-5 6.187036 0.483526 5.902858 0.483526 6.471215 -1.8e-5 6.187036 0.483526 6.471215 -2.6e-5 7.039572 -2.6e-5 7.039572 0.483526 6.471215 0.483526 7.039572 -2.6e-5 7.039572 0.483526 7.039572 0.483526 8.176287 0.483526 8.176287 0.483526 7.039572 0.838154 7.439201 0.483526 8.176287 0.838154 7.439201 0.838152 8.176287 0.838152 5.334501 0.838162 6.018088 0.483526 5.902858 0.483526 5.902858 0.838162 6.018088 0.483526 6.471215 0.838162 6.018088 0.838156 6.719937 0.483526 6.471215 0.483526 6.471215 0.838156 6.719937 0.483526 7.039572 0.838156 6.719937 0.838154 7.439201 0.483526 7.039572 0.838152 8.176287 0.838152 8.209906 0.483526 8.176287 0.483526 8.176287 0.838152 8.209906 0.483526 8.209906 0.483526 8.176287 0.483526 8.209906 3.1e-5 8.209906 3.1e-5 8.209906 0.483526 8.209906 0.483526 8.888752 3.1e-5 8.209906 0.483526 8.888752 1.9e-5 9.228176 1.9e-5 9.228176 0.483526 8.888752 0.483526 10.24644 1.9e-5 9.228176 0.483526 10.24644 10e-6 10.24644 10e-6 10.24644 0.483526 10.24644 4.6e-5 11.60406 4.6e-5 11.60406 0.483526 10.24644 0.483526 11.6041 4.6e-5 11.60406 0.483526 11.6041 0.483526 12.12592 0.483526 12.12592 0.483526 11.6041 0.838152 11.62443 0.483526 12.12592 0.838152 11.62443 0.83815 12.4161 0.483526 8.209906 0.838152 8.209906 0.483526 8.888752 0.483526 8.888752 0.838152 8.209906 0.838188 9.008453 0.483526 8.888752 0.838188 9.008453 0.838169 9.835604 0.483526 8.888752 0.838169 9.835604 0.483526 10.24644 0.483526 10.24644 0.838169 9.835604 0.838158 10.69838 0.483526 10.24644 0.838158 10.69838 0.483526 11.6041 0.483526 11.6041 0.838158 10.69838 0.838152 11.60414 0.483526 11.6041 0.838152 11.60414 0.838152 11.62443 0.83815 12.4161 0.838152 13.26672 0.483526 12.12592 0.483526 12.12592 0.838152 13.26672 -1.1e-5 13.12891 0.483526 12.12592 -1.1e-5 13.12891 4.6e-5 11.60406 -1.1e-5 13.12891 0.838152 13.26672 0.483526 13.96473 0.483526 13.96473 0.838152 13.26672 0.838149 14.17456 0.483526 13.96473 0.838149 14.17456 0.838152 15.13489 0.483526 13.96473 0.838152 15.13489 0.483526 15.13499 0.483526 15.13499 0.838152 15.13489 0.838152 16.14707 0.483526 15.13499 0.838152 16.14707 0.483526 16.14715 0.483526 16.14715 0.838152 16.14707 0.483526 16.70674 0.483526 16.14715 0.483526 16.70674 -2.6e-5 16.14726 -2.6e-5 16.14726 0.483526 16.70674 8.3e-5 17.82608 8.3e-5 17.82608 0.483526 16.70674 0.483526 18.10591 8.3e-5 17.82608 0.483526 18.10591 2.5e-5 19.08533 2.5e-5 19.08533 0.483526 18.10591 0.483526 19.50508 2.5e-5 19.08533 0.483526 19.50508 -2.6e-5 20.34459 -2.6e-5 20.34459 0.483526 19.50508 0.483526 20.34459 -2.6e-5 20.34459 0.483526 20.34459 0.483526 20.38755 0.483526 20.38755 0.483526 20.34459 0.838152 20.34459 0.483526 20.38755 0.838152 20.34459 0.838152 20.38755 0.838152 16.14707 0.838157 17.17122 0.483526 16.70674 0.483526 16.70674 0.838157 17.17122 0.483526 18.10591 0.838157 17.17122 0.838137 18.24688 0.483526 18.10591 0.483526 18.10591 0.838137 18.24688 0.838157 19.32153 0.483526 18.10591 0.838157 19.32153 0.483526 19.50508 0.483526 19.50508 0.838157 19.32153 0.838152 20.34459 0.483526 19.50508 0.838152 20.34459 0.483526 20.34459 0.483526 20.38755 0.838152 20.38755 0.483526 21.17493 0.483526 21.17493 0.838152 20.38755 0.838158 21.27468 0.483526 21.17493 0.838158 21.27468 0.483526 21.9623 0.483526 21.9623 0.838158 21.27468 0.838165 22.13143 0.483526 21.9623 0.838165 22.13143 0.483526 23.08712 0.483526 23.08712 0.838165 22.13143 0.838183 22.95982 0.483526 23.08712 0.838183 22.95982 0.838152 23.76201 0.838152 24.88022 0.483526 23.8372 0.838152 23.76201 0.838152 23.76201 0.483526 23.8372 0.483526 23.76201 0.838152 23.76201 0.483526 23.76201 0.483526 23.08712 0.483526 23.08712 0.483526 23.76201 -10e-7 23.76201 0.483526 23.08712 -10e-7 23.76201 2.7e-5 22.74967 0.483526 23.8372 0.838152 24.88022 0.483526 24.88022 0.483526 24.88022 0.838152 24.88022 0.838152 25.56564 0.483526 24.88022 0.838152 25.56564 0.483526 25.79892 0.483526 25.79892 0.838152 25.56564 0.838171 26.23547 0.483526 25.79892 0.838171 26.23547 0.483526 26.71762 0.483526 26.71762 0.838171 26.23547 0.838152 27.54659 0.483526 26.71762 0.838152 27.54659 0.483526 27.63632 0.483526 27.63632 0.838152 27.54659 0.838196 28.18886 0.483526 27.63632 0.838196 28.18886 0.483526 28.55495 0.483526 28.55495 0.838196 28.18886 0.838078 28.77246 0.483526 28.55495 0.838078 28.77246 0 29.75216 0 29.75216 0.838078 28.77246 0.838152 29.75216 0 29.75216 6.6e-5 28.55485 0.483526 28.55495 0.483526 28.55495 6.6e-5 28.55485 0.483526 27.63632 6.6e-5 28.55485 -2.2e-5 27.35754 0.483526 27.63632 0.483526 27.63632 -2.2e-5 27.35754 0.483526 26.71762 -2.2e-5 27.35754 3.65e-4 26.59001 0.483526 26.71762 0.483526 26.71762 3.65e-4 26.59001 0.483526 25.79892 3.65e-4 26.59001 2.26e-4 25.77651 0.483526 25.79892 0.483526 25.79892 2.26e-4 25.77651 0.483526 24.88022 2.26e-4 25.77651 -2.6e-5 24.96291 0.483526 24.88022 0.483526 24.88022 -2.6e-5 24.96291 -10e-7 23.76201 0.483526 24.88022 -10e-7 23.76201 0.483526 23.8372 0.483526 23.8372 -10e-7 23.76201 0.483526 23.76201 0.483526 23.08712 2.7e-5 22.74967 0.483526 21.9623 0.483526 21.9623 2.7e-5 22.74967 4.4e-5 21.73734 0.483526 21.9623 4.4e-5 21.73734 0.483526 21.17493 0.483526 21.17493 4.4e-5 21.73734 -2.6e-5 20.34459 0.483526 21.17493 -2.6e-5 20.34459 0.483526 20.38755 -2.6e-5 16.14726 -2.6e-5 15.13513 0.483526 16.14715 0.483526 16.14715 -2.6e-5 15.13513 0.483526 15.13499 0.483526 15.13499 -2.6e-5 15.13513 0.483526 13.96473 0.483526 13.96473 -2.6e-5 15.13513 -1.1e-5 13.12891 3.1e-5 8.209906 -2.6e-5 7.039572 0.483526 8.176287 0.483526 5.334501 -2e-6 5.334501 0.483526 5.295715 0.483526 5.295715 -2e-6 5.334501 -3e-6 5.295639 0.483526 5.295715 -3e-6 5.295639 0.483526 5.044475 0.483526 5.044475 -3e-6 5.295639 -2e-6 5.00555 0.483526 5.044475 -2e-6 5.00555 7.8e-5 4.379857 0.483526 5.044475 7.8e-5 4.379857 0.483526 4.305116 0.483526 4.305116 7.8e-5 4.379857 1.7e-4 3.754165 0.483526 4.305116 1.7e-4 3.754165 0.483526 3.564974 0.483526 3.564974 1.7e-4 3.754165 1.38e-4 3.325295 0.483526 3.564974 1.38e-4 3.325295 0.483526 2.825224 0.483526 2.825224 1.38e-4 3.325295 1.4e-5 2.502775 0.483526 2.825224 1.4e-5 2.502775 0.483526 2.085474 0.483526 2.085474 1.4e-5 2.502775 3.18e-4 1.654896 0.483526 2.085474 3.18e-4 1.654896 0.483526 1.042737 0.483526 1.042737 3.18e-4 1.654896 0 0 0.198549 -24.03662 0.601987 -24.07128 0 -24.018 0 -24.018 0.601987 -24.07128 0.403988 -23.77251 0 -24.018 0.403988 -23.77251 5.6e-5 -23.39982 5.6e-5 -23.39982 0.403988 -23.77251 0.403988 -23.45757 5.6e-5 -23.39982 0.403988 -23.45757 0.403988 -23.14264 0.403988 -23.14264 0.403988 -23.45757 0.80802 -23.27812 0.403988 -23.14264 0.80802 -23.27812 0.80762 -22.87299 0.198549 -24.03662 0.397137 -24.05418 0.601987 -24.07128 0.601987 -24.07128 0.806871 -24.08744 0.403988 -23.77251 0.403988 -23.77251 0.806871 -24.08744 0.807431 -23.68269 0.403988 -23.77251 0.807431 -23.68269 0.403988 -23.45757 0.403988 -23.45757 0.807431 -23.68269 0.80802 -23.27812 0.403988 -23.14264 0.80762 -22.87299 0.403988 -22.82771 0.403988 -22.82771 0.80762 -22.87299 0.806981 -22.46845 0.403988 -22.82771 0.806981 -22.46845 0.403988 -22.51278 0.403988 -22.51278 0.806981 -22.46845 0.403988 -22.19785 0.403988 -22.51278 0.403988 -22.19785 -1.2e-5 -22.16034 -1.2e-5 -22.16034 0.403988 -22.19785 0.403988 -21.88292 -1.2e-5 -22.16034 0.403988 -21.88292 -4.4e-5 -21.5373 -4.4e-5 -21.5373 0.403988 -21.88292 0.403988 -21.56798 -4.4e-5 -21.5373 0.403988 -21.56798 0.403988 -21.25305 0.403988 -21.25305 0.403988 -21.56798 0.807112 -21.28776 0.403988 -21.25305 0.807112 -21.28776 0.806376 -20.92298 0.806981 -22.46845 0.807337 -22.06438 0.403988 -22.19785 0.403988 -22.19785 0.807337 -22.06438 0.403988 -21.88292 0.807337 -22.06438 0.807612 -21.66785 0.403988 -21.88292 0.403988 -21.88292 0.807612 -21.66785 0.403988 -21.56798 0.807612 -21.66785 0.807112 -21.28776 0.403988 -21.56798 0.806148 -20.57334 0.403988 -20.62319 0.806376 -20.92298 0.806376 -20.92298 0.403988 -20.62319 0.403988 -20.93812 0.806376 -20.92298 0.403988 -20.93812 0.403988 -21.25305 0.403988 -21.25305 0.403988 -20.93812 -6e-6 -20.91306 0.403988 -21.25305 -6e-6 -20.91306 -4.4e-5 -21.5373 0.403988 -20.62319 0.806148 -20.57334 0.403988 -20.30826 0.403988 -20.30826 0.806148 -20.57334 0.806587 -20.23484 0.403988 -20.30826 0.806587 -20.23484 0.403988 -19.99333 0.403988 -19.99333 0.806587 -20.23484 0.806811 -19.89707 0.403988 -19.99333 0.806811 -19.89707 0.403988 -19.67839 0.403988 -19.67839 0.806811 -19.89707 0.806406 -19.55888 0.403988 -19.67839 0.806406 -19.55888 0.403988 -19.36346 0.403988 -19.36346 0.806406 -19.55888 0.805764 -19.22095 0.403988 -19.36346 0.805764 -19.22095 0.403988 -19.04853 0.403988 -19.04853 0.805764 -19.22095 0.805867 -18.88334 0.403988 -19.04853 0.805867 -18.88334 0.403988 -18.7336 0.403988 -18.7336 0.805867 -18.88334 0.806671 -18.54631 0.403988 -18.7336 0.806671 -18.54631 0.403988 -18.41867 0.403988 -18.41867 0.806671 -18.54631 0.807258 -18.2092 0.403988 -18.41867 0.807258 -18.2092 0.403988 -18.10373 0.403988 -18.10373 0.807258 -18.2092 0.807103 -17.87212 0.403988 -18.10373 0.807103 -17.87212 0.403988 -17.7888 0.403988 -17.7888 0.807103 -17.87212 0.806623 -17.53514 0.403988 -17.7888 0.806623 -17.53514 0.403988 -17.47387 0.403988 -17.47387 0.806623 -17.53514 0.806629 -17.19762 0.403988 -17.47387 0.806629 -17.19762 0.403988 -17.15894 0.403988 -17.15894 0.806629 -17.19762 0.807136 -16.85982 0.403988 -17.15894 0.807136 -16.85982 0.403988 -16.84401 0.403988 -16.84401 0.807136 -16.85982 0.807246 -16.52172 0.403988 -16.84401 0.807246 -16.52172 0.403988 -16.52908 0.403988 -16.52908 0.807246 -16.52172 0.403988 -16.21414 0.403988 -16.52908 0.403988 -16.21414 4.4e-5 -16.46062 4.4e-5 -16.46062 0.403988 -16.21414 10e-7 -16.07086 10e-7 -16.07086 0.403988 -16.21414 0.403988 -15.89921 10e-7 -16.07086 0.403988 -15.89921 0 -15.71492 0 -15.71492 0.403988 -15.89921 0.403988 -15.58428 0 -15.71492 0.403988 -15.58428 6e-5 -15.38788 6e-5 -15.38788 0.403988 -15.58428 0.403988 -15.26935 6e-5 -15.38788 0.403988 -15.26935 8.4e-5 -15.0908 8.4e-5 -15.0908 0.403988 -15.26935 0.403988 -14.95442 8.4e-5 -15.0908 0.403988 -14.95442 2.2e-5 -14.82466 2.2e-5 -14.82466 0.403988 -14.95442 0.403988 -14.63949 2.2e-5 -14.82466 0.403988 -14.63949 0 -14.37222 0 -14.37222 0.403988 -14.63949 0.403988 -14.32455 0 -14.37222 0.403988 -14.32455 0.403988 -14.00962 0.403988 -14.00962 0.403988 -14.32455 0.806975 -14.35235 0.403988 -14.00962 0.806975 -14.35235 0.806738 -13.94733 0.807246 -16.52172 0.806677 -16.18402 0.403988 -16.21414 0.403988 -16.21414 0.806677 -16.18402 0.403988 -15.89921 0.806677 -16.18402 0.80594 -15.84554 0.403988 -15.89921 0.403988 -15.89921 0.80594 -15.84554 0.403988 -15.58428 0.80594 -15.84554 0.805989 -15.49572 0.403988 -15.58428 0.403988 -15.58428 0.805989 -15.49572 0.403988 -15.26935 0.805989 -15.49572 0.806659 -15.13052 0.403988 -15.26935 0.403988 -15.26935 0.806659 -15.13052 0.403988 -14.95442 0.806659 -15.13052 0.807174 -14.74977 0.403988 -14.95442 0.403988 -14.95442 0.807174 -14.74977 0.403988 -14.63949 0.807174 -14.74977 0.806975 -14.35235 0.403988 -14.63949 0.403988 -14.63949 0.806975 -14.35235 0.403988 -14.32455 0.403988 -14.00962 0.806738 -13.94733 0.403988 -13.58937 0.403988 -13.58937 0.806738 -13.94733 0.807483 -13.54188 0.403988 -13.58937 0.807483 -13.54188 0.403988 -13.16911 0.403988 -13.16911 0.807483 -13.54188 0.807949 -13.13581 0.403988 -13.16911 0.807949 -13.13581 0.403988 -12.74886 0.403988 -12.74886 0.807949 -13.13581 0.807445 -12.72963 0.403988 -12.74886 0.807445 -12.72963 0 -12.3286 0 -12.3286 0.807445 -12.72963 0.806873 -12.3286 0 -12.3286 10e-5 -12.39291 0.403988 -12.74886 0.403988 -12.74886 10e-5 -12.39291 2.22e-4 -12.48464 0.403988 -12.74886 2.22e-4 -12.48464 1.52e-4 -12.74186 1.52e-4 -12.74186 -3e-6 -13.08464 0.403988 -12.74886 0.403988 -12.74886 -3e-6 -13.08464 0.403988 -13.16911 -3e-6 -13.08464 0 -13.4976 0.403988 -13.16911 0.403988 -13.16911 0 -13.4976 0.403988 -13.58937 0 -13.4976 10e-7 -13.93535 0.403988 -13.58937 0.403988 -13.58937 10e-7 -13.93535 0.403988 -14.00962 10e-7 -13.93535 0 -14.37222 0.403988 -14.00962 4.4e-5 -16.46062 8.1e-5 -16.89369 0.403988 -16.52908 0.403988 -16.52908 8.1e-5 -16.89369 0.403988 -16.84401 0.403988 -16.84401 8.1e-5 -16.89369 0.403988 -17.15894 0.403988 -17.15894 8.1e-5 -16.89369 0 -17.36901 0.403988 -17.15894 0 -17.36901 0.403988 -17.47387 0.403988 -17.47387 0 -17.36901 2.7e-5 -17.88699 0.403988 -17.47387 2.7e-5 -17.88699 0.403988 -17.7888 0.403988 -17.7888 2.7e-5 -17.88699 0.403988 -18.10373 2.7e-5 -17.88699 8.8e-5 -18.44439 0.403988 -18.10373 0.403988 -18.10373 8.8e-5 -18.44439 0.403988 -18.41867 0.403988 -18.41867 8.8e-5 -18.44439 0.403988 -18.7336 0.403988 -18.7336 8.8e-5 -18.44439 0 -19.04018 0.403988 -18.7336 0 -19.04018 0.403988 -19.04853 0.403988 -19.04853 0 -19.04018 0.403988 -19.36346 0 -19.04018 0 -19.66383 0.403988 -19.36346 0.403988 -19.36346 0 -19.66383 0.403988 -19.67839 0.403988 -19.67839 0 -19.66383 0.403988 -19.99333 0.403988 -19.99333 0 -19.66383 -10e-7 -20.28847 0.403988 -19.99333 -10e-7 -20.28847 0.403988 -20.30826 0.403988 -20.30826 -10e-7 -20.28847 0.403988 -20.62319 -10e-7 -20.28847 -6e-6 -20.91306 0.403988 -20.62319 0.403988 -20.62319 -6e-6 -20.91306 0.403988 -20.93812 -1.2e-5 -22.16034 3.2e-5 -22.78114 0.403988 -22.51278 0.403988 -22.51278 3.2e-5 -22.78114 0.403988 -22.82771 0.403988 -22.82771 3.2e-5 -22.78114 0.403988 -23.14264 0.403988 -23.14264 3.2e-5 -22.78114 5.6e-5 -23.39982 5.836955 1.683045 5.396765 1.683045 5.838516 0 5.838516 0 5.396765 1.683045 4.925127 1.683045 5.838516 0 4.925127 1.683045 4.135118 0 4.135118 0 4.925127 1.683045 4.309486 1.683045 4.135118 0 4.309486 1.683045 3.693846 1.683045 3.693846 1.683045 4.309486 1.683045 3.693846 2.597139 3.693846 1.683045 3.693846 2.597139 3.078205 2.597139 3.078205 2.597139 3.693846 2.597139 3.078205 3.511241 3.078205 2.597139 3.078205 3.511241 2.462564 3.511241 2.462564 3.511241 3.078205 3.511241 3.078205 4.422871 2.462564 3.511241 3.078205 4.422871 2.462564 4.422871 2.462564 4.422871 3.078205 4.422871 3.078205 5.339443 2.462564 4.422871 3.078205 5.339443 2.462564 5.339443 2.462564 5.339443 3.078205 5.339443 2.462564 6.298805 2.462564 5.339443 2.462564 6.298805 1.758062 6.298805 1.758062 6.298805 2.462564 6.298805 1.758062 7.258168 1.758062 6.298805 1.758062 7.258168 1.053561 7.258168 1.053561 7.258168 1.758062 7.258168 1.053561 8.217531 1.053561 7.258168 1.053561 8.217531 0.726659 8.217531 0.726659 8.217531 1.053561 8.217531 0.72652 8.251074 0.72652 8.251074 1.053561 8.217531 0.721789 9.26714 0.721789 9.26714 1.053561 8.217531 1.053561 9.356762 0.721789 9.26714 1.053561 9.356762 0.716528 10.2828 0.716528 10.2828 1.053561 9.356762 1.053561 10.49599 0.716528 10.2828 1.053561 10.49599 0.709746 11.65552 0.709746 11.65552 1.053561 10.49599 1.053561 11.63523 0.709746 11.65552 1.053561 11.63523 0.70419 13.15323 0.70419 13.15323 1.053561 11.63523 1.053561 13.39209 0.70419 13.15323 1.053561 13.39209 0.700224 15.14872 0.700224 15.14872 1.053561 13.39209 1.053561 15.14874 0.700224 15.14872 1.053561 15.14874 0.699443 15.71978 0.699443 15.71978 1.053561 15.14874 1.053561 16.15503 0.699443 15.71978 1.053561 16.15503 0.698296 17.40043 0.698296 17.40043 1.053561 16.15503 1.053561 17.55787 0.698296 17.40043 1.053561 17.55787 0.698755 18.23036 0.698755 18.23036 1.053561 17.55787 1.22116 18.53675 1.22116 18.53675 1.053561 17.55787 1.758062 17.55787 1.22116 18.53675 1.758062 17.55787 1.741982 18.8522 1.741982 18.8522 1.758062 17.55787 2.462564 17.55787 1.741982 18.8522 2.462564 17.55787 2.262068 19.17579 2.262068 19.17579 2.462564 17.55787 2.462564 18.96071 2.262068 19.17579 2.462564 18.96071 2.782795 19.50688 2.782795 19.50688 2.462564 18.96071 3.078205 18.96071 2.782795 19.50688 3.078205 18.96071 2.970349 19.66278 2.970349 19.66278 3.078205 18.96071 3.120171 19.86426 3.120171 19.86426 3.078205 18.96071 3.693846 18.96071 3.120171 19.86426 3.693846 18.96071 3.224358 20.10175 3.224358 20.10175 3.693846 18.96071 3.277238 20.36354 3.277238 20.36354 3.693846 18.96071 3.693846 20.36354 3.277238 20.36354 3.693846 20.36354 3.283418 20.4926 3.283418 20.4926 3.693846 20.36354 3.283418 21.31552 3.283418 21.31552 3.693846 20.36354 3.693846 21.50375 3.283418 21.31552 3.693846 21.50375 3.283418 22.1384 3.283418 22.1384 3.693846 21.50375 3.693846 22.64395 3.283418 22.1384 3.693846 22.64395 3.283418 22.96128 3.283418 22.96128 3.693846 22.64395 3.283418 23.78416 3.283418 23.78416 3.693846 22.64395 3.693846 23.78416 3.283418 23.78416 3.693846 23.78416 3.283418 24.53363 3.283418 24.53363 3.693846 23.78416 3.693846 25.15653 3.283418 24.53363 3.693846 25.15653 3.283418 25.2831 3.283418 25.2831 3.693846 25.15653 3.693846 26.52891 3.283418 25.2831 3.693846 26.52891 3.283418 26.78203 3.283418 26.78203 3.693846 26.52891 3.693846 28.15441 3.283418 26.78203 3.693846 28.15441 3.283418 28.28097 3.283418 28.28097 3.693846 28.15441 3.693846 28.96716 3.283418 28.28097 3.693846 28.96716 3.283418 29.03043 3.283418 29.03043 3.693846 28.96716 3.283418 29.7799 3.283418 29.7799 3.693846 28.96716 4.138767 29.7799 4.138767 29.7799 3.693846 28.96716 4.309486 28.96716 4.138767 29.7799 4.309486 28.96716 4.994117 29.7799 4.994117 29.7799 4.309486 28.96716 4.925127 28.96716 4.994117 29.7799 4.925127 28.96716 5.396765 28.96716 5.396765 28.96716 4.925127 28.96716 5.396765 28.15441 5.396765 28.96716 5.396765 28.15441 5.849391 28.53515 5.849391 28.53515 5.396765 28.15441 5.848686 27.30552 5.848686 27.30552 5.396765 28.15441 5.396765 26.52891 5.848686 27.30552 5.396765 26.52891 5.848635 26.52891 5.848635 26.52891 5.396765 26.52891 5.849104 25.7143 5.849104 25.7143 5.396765 26.52891 5.396765 25.15653 5.849104 25.7143 5.396765 25.15653 5.849999 24.90336 5.849999 24.90336 5.396765 25.15653 5.396765 23.78416 5.849999 24.90336 5.396765 23.78416 5.852575 23.70952 5.852575 23.70952 5.396765 23.78416 5.396765 22.64395 5.852575 23.70952 5.396765 22.64395 5.855596 22.70525 5.855596 22.70525 5.396765 22.64395 5.859026 21.70131 5.859026 21.70131 5.396765 22.64395 5.396765 21.50375 5.859026 21.70131 5.396765 21.50375 5.396765 20.36354 5.396765 20.36354 5.396765 21.50375 4.925127 21.50375 5.396765 20.36354 4.925127 21.50375 4.925127 20.36354 4.925127 20.36354 4.925127 21.50375 4.309486 21.50375 4.925127 20.36354 4.309486 21.50375 4.309486 20.36354 4.309486 20.36354 4.309486 21.50375 3.693846 21.50375 4.309486 20.36354 3.693846 21.50375 3.693846 20.36354 5.836955 1.683045 5.835782 2.539071 5.396765 1.683045 5.396765 1.683045 5.835782 2.539071 5.396765 2.597139 5.396765 1.683045 5.396765 2.597139 4.925127 2.597139 4.925127 2.597139 5.396765 2.597139 4.925127 3.511241 4.925127 2.597139 4.925127 3.511241 4.309486 3.511241 4.309486 3.511241 4.925127 3.511241 4.309486 4.422871 4.309486 3.511241 4.309486 4.422871 3.693846 3.511241 3.693846 3.511241 4.309486 4.422871 3.693846 4.422871 3.693846 3.511241 3.693846 4.422871 3.078205 3.511241 3.078205 3.511241 3.693846 4.422871 3.078205 4.422871 5.835782 2.539071 5.83488 3.366096 5.396765 2.597139 5.396765 2.597139 5.83488 3.366096 5.396765 3.511241 5.396765 2.597139 5.396765 3.511241 4.925127 3.511241 4.925127 3.511241 5.396765 3.511241 5.396765 4.422871 4.925127 3.511241 5.396765 4.422871 4.925127 4.422871 4.925127 4.422871 5.396765 4.422871 4.925127 5.339443 4.925127 4.422871 4.925127 5.339443 4.309486 5.339443 4.309486 5.339443 4.925127 5.339443 4.309486 6.298805 4.309486 5.339443 4.309486 6.298805 3.693846 6.298805 3.693846 6.298805 4.309486 6.298805 3.693846 7.258168 3.693846 6.298805 3.693846 7.258168 3.078205 7.258168 3.078205 7.258168 3.693846 7.258168 3.078205 8.217532 3.078205 7.258168 3.078205 8.217532 2.462564 8.217531 2.462564 8.217531 3.078205 8.217532 2.462564 9.356762 2.462564 8.217531 2.462564 9.356762 1.758062 9.356762 1.758062 9.356762 2.462564 9.356762 1.758062 10.49599 1.758062 9.356762 1.758062 10.49599 1.053561 10.49599 1.053561 10.49599 1.758062 10.49599 1.053561 11.63523 5.83488 3.366096 5.834471 3.795989 5.396765 3.511241 5.396765 3.511241 5.834471 3.795989 5.396765 4.422871 5.834471 3.795989 5.833957 4.422871 5.396765 4.422871 5.396765 4.422871 5.833957 4.422871 5.833733 5.049288 5.396765 4.422871 5.833733 5.049288 5.396765 5.339443 5.396765 5.339443 5.833733 5.049288 5.83378 5.339443 5.396765 5.339443 5.83378 5.339443 5.833793 5.378307 5.833793 5.378307 5.834558 6.23058 5.396765 5.339443 5.396765 5.339443 5.834558 6.23058 5.396765 6.298805 5.396765 5.339443 5.396765 6.298805 4.925127 6.298805 4.925127 6.298805 5.396765 6.298805 4.925127 7.258168 4.925127 6.298805 4.925127 7.258168 4.309486 7.258168 4.309486 7.258168 4.925127 7.258168 4.309486 8.217532 4.309486 7.258168 4.309486 8.217532 3.693846 8.217532 3.693846 8.217532 4.309486 8.217532 3.693846 9.356762 3.693846 8.217532 3.693846 9.356762 3.078205 9.356762 3.078205 9.356762 3.693846 9.356762 3.078205 10.49599 3.078205 9.356762 3.078205 10.49599 2.462564 10.49599 2.462564 10.49599 3.078205 10.49599 2.462564 11.63523 2.462564 10.49599 2.462564 11.63523 1.758062 11.63523 1.758062 11.63523 2.462564 11.63523 1.758062 13.39209 1.758062 11.63523 1.758062 13.39209 1.053561 13.39209 1.053561 13.39209 1.758062 13.39209 1.053561 15.14874 5.834558 6.23058 5.836292 7.08249 5.396765 6.298805 5.396765 6.298805 5.836292 7.08249 5.396765 7.258168 5.396765 6.298805 5.396765 7.258168 4.925127 7.258168 4.925127 7.258168 5.396765 7.258168 4.925127 8.217532 4.925127 7.258168 4.925127 8.217532 4.309486 8.217532 4.309486 8.217532 4.925127 8.217532 4.309486 9.356762 4.309486 8.217532 4.309486 9.356762 3.693846 9.356762 3.693846 9.356762 4.309486 9.356762 3.693846 10.49599 3.693846 9.356762 3.693846 10.49599 3.078205 10.49599 3.078205 10.49599 3.693846 10.49599 3.078205 11.63523 3.078205 10.49599 3.078205 11.63523 2.462564 11.63523 2.462564 11.63523 3.078205 11.63523 2.462564 13.39209 2.462564 11.63523 2.462564 13.39209 1.758062 13.39209 1.758062 13.39209 2.462564 13.39209 1.758062 15.14877 1.758062 13.39209 1.758062 15.14877 1.053561 15.14874 1.053561 15.14874 1.758062 15.14877 1.053561 16.15503 5.836292 7.08249 5.840316 8.251074 5.396765 7.258168 5.396765 7.258168 5.840316 8.251074 5.396765 8.217532 5.396765 7.258168 5.396765 8.217532 4.925127 8.217532 4.925127 8.217532 5.396765 8.217532 4.925127 9.356762 4.925127 8.217532 4.925127 9.356762 4.309486 9.356762 4.309486 9.356762 4.925127 9.356762 4.309486 10.49599 4.309486 9.356762 4.309486 10.49599 3.693846 10.49599 3.693846 10.49599 4.309486 10.49599 3.693846 11.63523 3.693846 10.49599 3.693846 11.63523 3.078205 11.63523 3.078205 11.63523 3.693846 11.63523 3.078205 13.39209 3.078205 11.63523 3.078205 13.39209 2.462564 13.39209 2.462564 13.39209 3.078205 13.39209 2.462564 15.1488 2.462564 13.39209 2.462564 15.1488 1.758062 15.14877 1.758062 15.14877 2.462564 15.1488 1.758062 16.15503 1.758062 15.14877 1.758062 16.15503 1.053561 16.15503 1.053561 16.15503 1.758062 16.15503 1.053561 17.55787 5.840316 8.251074 5.845047 9.267138 5.396765 8.217532 5.396765 8.217532 5.845047 9.267138 5.396765 9.356762 5.396765 8.217532 5.396765 9.356762 4.925127 9.356762 4.925127 9.356762 5.396765 9.356762 4.925127 10.49599 4.925127 9.356762 4.925127 10.49599 4.309486 10.49599 4.309486 10.49599 4.925127 10.49599 4.309486 11.63523 4.309486 10.49599 4.309486 11.63523 3.693846 11.63523 3.693846 11.63523 4.309486 11.63523 3.693846 13.39209 3.693846 11.63523 3.693846 13.39209 3.078205 13.39209 3.078205 13.39209 3.693846 13.39209 3.078205 15.14883 3.078205 13.39209 3.078205 15.14883 2.462564 15.1488 2.462564 15.1488 3.078205 15.14883 2.462564 16.15503 2.462564 15.1488 2.462564 16.15503 1.758062 16.15503 1.758062 16.15503 2.462564 16.15503 1.758062 17.55787 1.758062 16.15503 1.758062 17.55787 1.053561 17.55787 5.845047 9.267138 5.850309 10.2828 5.396765 9.356762 5.396765 9.356762 5.850309 10.2828 5.396765 10.49599 5.396765 9.356762 5.396765 10.49599 4.925127 10.49599 4.925127 10.49599 5.396765 10.49599 4.925127 11.63523 4.925127 10.49599 4.925127 11.63523 4.309486 11.63523 4.309486 11.63523 4.925127 11.63523 4.309486 13.39209 4.309486 11.63523 4.309486 13.39209 3.693846 13.39209 3.693846 13.39209 4.309486 13.39209 3.693846 15.14886 3.693846 13.39209 3.693846 15.14886 3.078205 15.14883 3.078205 15.14883 3.693846 15.14886 3.078205 16.15503 3.078205 15.14883 3.078205 16.15503 2.462564 16.15503 2.462564 16.15503 3.078205 16.15503 2.462564 17.55787 2.462564 16.15503 2.462564 17.55787 1.758062 17.55787 5.850309 10.2828 5.856999 11.63523 5.396765 10.49599 5.396765 10.49599 5.856999 11.63523 5.396765 11.63523 5.396765 10.49599 5.396765 11.63523 4.925127 11.63523 4.925127 11.63523 5.396765 11.63523 4.925127 13.39209 4.925127 11.63523 4.925127 13.39209 4.309486 13.39209 4.309486 13.39209 4.925127 13.39209 4.309486 15.14889 4.309486 13.39209 4.309486 15.14889 3.693846 15.14886 3.693846 15.14886 4.309486 15.14889 3.693846 16.15503 3.693846 15.14886 3.693846 16.15503 3.078205 16.15503 3.078205 16.15503 3.693846 16.15503 3.078205 17.55787 3.078205 16.15503 3.078205 17.55787 2.462564 17.55787 2.462564 17.55787 3.078205 17.55787 2.462564 18.96071 5.856999 11.63523 5.862645 13.15323 5.396765 11.63523 5.396765 11.63523 5.862645 13.15323 5.396765 13.39209 5.396765 11.63523 5.396765 13.39209 4.925127 13.39209 4.925127 13.39209 5.396765 13.39209 4.925127 15.14892 4.925127 13.39209 4.925127 15.14892 4.309486 15.14889 4.309486 15.14889 4.925127 15.14892 4.309486 16.15503 4.309486 15.14889 4.309486 16.15503 3.693846 16.15503 3.693846 16.15503 4.309486 16.15503 3.693846 17.55787 3.693846 16.15503 3.693846 17.55787 3.078205 17.55787 3.078205 17.55787 3.693846 17.55787 3.078205 18.96071 3.078205 17.55787 3.078205 18.96071 2.462564 18.96071 5.862645 13.15323 5.866608 15.14896 5.396765 13.39209 5.396765 13.39209 5.866608 15.14896 5.396765 15.14894 5.396765 13.39209 5.396765 15.14894 4.925127 15.14892 4.925127 15.14892 5.396765 15.14894 4.925127 16.15503 4.925127 15.14892 4.925127 16.15503 4.309486 16.15503 4.309486 16.15503 4.925127 16.15503 4.309486 17.55787 4.309486 16.15503 4.309486 17.55787 3.693846 17.55787 3.693846 17.55787 4.309486 17.55787 3.693846 18.96071 3.693846 17.55787 3.693846 18.96071 3.078205 18.96071 5.396765 15.14894 5.866608 15.14896 5.396765 16.15503 5.396765 16.15503 5.866608 15.14896 5.867909 16.15503 5.396765 16.15503 5.867909 16.15503 5.396765 17.55787 5.396765 17.55787 5.867909 16.15503 5.868403 17.82253 5.396765 17.55787 5.868403 17.82253 5.396765 18.96071 5.396765 18.96071 5.868403 17.82253 5.866811 19.07234 5.396765 18.96071 5.866811 19.07234 5.863646 20.32087 5.396765 18.96071 5.863646 20.32087 5.396765 20.36354 5.396765 20.36354 5.863646 20.32087 5.859026 21.70131 5.849391 28.53515 5.849466 29.7799 5.396765 28.96716 5.396765 28.96716 5.849466 29.7799 4.994117 29.7799 0.726659 8.217531 0.729724 7.366454 1.053561 7.258168 1.053561 7.258168 0.729724 7.366454 0.731818 6.514508 1.053561 7.258168 0.731818 6.514508 1.053561 6.298805 1.053561 6.298805 0.731818 6.514508 0.732642 5.946496 1.053561 6.298805 0.732642 5.946496 1.053561 5.339443 1.053561 5.339443 0.732642 5.946496 0.733044 5.378307 1.053561 5.339443 0.733044 5.378307 0.733102 5.088233 0.733102 5.088233 0.733103 5.049288 1.053561 5.339443 1.053561 5.339443 0.733103 5.049288 1.053561 4.422871 1.053561 5.339443 1.053561 4.422871 1.758062 5.339443 1.758062 5.339443 1.053561 4.422871 1.758062 4.422871 1.758062 5.339443 1.758062 4.422871 2.462564 5.339443 2.462564 5.339443 1.758062 4.422871 2.462564 4.422871 0.733103 5.049288 0.73288 4.422871 1.053561 4.422871 1.053561 4.422871 0.73288 4.422871 0.732369 3.79599 1.053561 4.422871 0.732369 3.79599 1.053561 3.511241 1.053561 3.511241 0.732369 3.79599 0.731057 2.539076 1.053561 3.511241 0.731057 2.539076 1.053561 2.597139 1.053561 2.597139 0.731057 2.539076 1.053561 1.683045 1.053561 2.597139 1.053561 1.683045 1.758062 2.597139 1.758062 2.597139 1.053561 1.683045 1.758062 1.683045 1.758062 2.597139 1.758062 1.683045 2.462564 2.597139 2.462564 2.597139 1.758062 1.683045 2.462564 1.683045 2.462564 2.597139 2.462564 1.683045 3.078205 2.597139 3.078205 2.597139 2.462564 1.683045 3.078205 1.683045 3.078205 2.597139 3.078205 1.683045 3.693846 1.683045 3.693846 1.683045 3.078205 1.683045 4.135118 0 0.731057 2.539076 0.729887 1.683045 1.053561 1.683045 1.053561 1.683045 0.729887 1.683045 0.72832 0 1.053561 1.683045 0.72832 0 1.758062 1.683045 1.758062 1.683045 0.72832 0 2.431719 0 1.758062 1.683045 2.431719 0 2.462564 1.683045 2.462564 1.683045 2.431719 0 3.078205 1.683045 2.431719 0 4.135118 0 3.078205 1.683045 5.396765 1.683045 4.925127 2.597139 4.925127 1.683045 4.925127 1.683045 4.925127 2.597139 4.309486 2.597139 4.925127 1.683045 4.309486 2.597139 4.309486 1.683045 4.309486 1.683045 4.309486 2.597139 3.693846 2.597139 4.925127 2.597139 4.309486 3.511241 4.309486 2.597139 4.309486 2.597139 4.309486 3.511241 3.693846 3.511241 4.309486 2.597139 3.693846 3.511241 3.693846 2.597139 3.693846 2.597139 3.693846 3.511241 3.078205 3.511241 3.078205 2.597139 2.462564 3.511241 2.462564 2.597139 2.462564 2.597139 2.462564 3.511241 1.758062 3.511241 2.462564 2.597139 1.758062 3.511241 1.758062 2.597139 1.758062 2.597139 1.758062 3.511241 1.053561 3.511241 1.758062 2.597139 1.053561 3.511241 1.053561 2.597139 2.462564 3.511241 2.462564 4.422871 1.758062 3.511241 1.758062 3.511241 2.462564 4.422871 1.758062 4.422871 1.758062 3.511241 1.758062 4.422871 1.053561 3.511241 1.053561 3.511241 1.758062 4.422871 1.053561 4.422871 4.309486 4.422871 4.925127 3.511241 4.925127 4.422871 4.925127 4.422871 4.309486 5.339443 4.309486 4.422871 4.309486 4.422871 4.309486 5.339443 3.693846 5.339443 4.309486 4.422871 3.693846 5.339443 3.693846 4.422871 3.693846 4.422871 3.693846 5.339443 3.078205 5.339443 3.693846 4.422871 3.078205 5.339443 3.078205 4.422871 5.396765 4.422871 5.396765 5.339443 4.925127 5.339443 4.925127 5.339443 5.396765 5.339443 4.925127 6.298805 4.925127 5.339443 4.925127 6.298805 4.309486 6.298805 4.309486 6.298805 4.925127 6.298805 4.309486 7.258168 4.309486 6.298805 4.309486 7.258168 3.693846 7.258168 3.693846 7.258168 4.309486 7.258168 3.693846 8.217532 3.693846 7.258168 3.693846 8.217532 3.078205 8.217532 3.078205 8.217532 3.693846 8.217532 3.078205 9.356762 3.078205 8.217532 3.078205 9.356762 2.462564 9.356762 2.462564 9.356762 3.078205 9.356762 2.462564 10.49599 2.462564 9.356762 2.462564 10.49599 1.758062 10.49599 1.758062 10.49599 2.462564 10.49599 1.758062 11.63523 1.758062 10.49599 1.758062 11.63523 1.053561 11.63523 1.053561 11.63523 1.758062 11.63523 1.053561 13.39209 4.309486 5.339443 3.693846 6.298805 3.693846 5.339443 3.693846 5.339443 3.693846 6.298805 3.078205 6.298805 3.693846 5.339443 3.078205 6.298805 3.078205 5.339443 3.078205 5.339443 3.078205 6.298805 2.462564 6.298805 1.053561 6.298805 1.053561 5.339443 1.758062 5.339443 1.053561 6.298805 1.758062 5.339443 1.758062 6.298805 1.758062 6.298805 1.758062 5.339443 2.462564 5.339443 3.693846 6.298805 3.078205 7.258168 3.078205 6.298805 3.078205 6.298805 3.078205 7.258168 2.462564 7.258168 3.078205 6.298805 2.462564 7.258168 2.462564 6.298805 2.462564 6.298805 2.462564 7.258168 1.758062 7.258168 1.053561 7.258168 1.053561 6.298805 1.758062 6.298805 3.078205 7.258168 2.462564 8.217531 2.462564 7.258168 2.462564 7.258168 2.462564 8.217531 1.758062 8.217531 2.462564 7.258168 1.758062 8.217531 1.758062 7.258168 1.758062 7.258168 1.758062 8.217531 1.053561 8.217531 1.758062 8.217531 2.462564 8.217531 1.758062 9.356762 1.053561 8.217531 1.758062 8.217531 1.053561 9.356762 1.053561 9.356762 1.758062 8.217531 1.758062 9.356762 1.053561 9.356762 1.758062 9.356762 1.053561 10.49599 5.396765 15.14894 5.396765 16.15503 4.925127 16.15503 4.925127 16.15503 5.396765 16.15503 4.925127 17.55787 4.925127 16.15503 4.925127 17.55787 4.309486 17.55787 4.309486 17.55787 4.925127 17.55787 4.309486 18.96071 4.309486 17.55787 4.309486 18.96071 3.693846 18.96071 3.693846 18.96071 4.309486 18.96071 3.693846 20.36354 4.925127 17.55787 5.396765 16.15503 5.396765 17.55787 4.925127 17.55787 5.396765 17.55787 4.925127 18.96071 4.925127 18.96071 5.396765 17.55787 5.396765 18.96071 4.925127 18.96071 5.396765 18.96071 4.925127 20.36354 4.925127 20.36354 5.396765 18.96071 5.396765 20.36354 4.925127 17.55787 4.925127 18.96071 4.309486 18.96071 4.309486 18.96071 4.925127 18.96071 4.309486 20.36354 4.309486 18.96071 4.309486 20.36354 3.693846 20.36354 4.309486 20.36354 4.925127 18.96071 4.925127 20.36354 3.693846 21.50375 4.309486 21.50375 3.693846 22.64395 3.693846 22.64395 4.309486 21.50375 4.309486 22.64395 3.693846 22.64395 4.309486 22.64395 3.693846 23.78416 3.693846 23.78416 4.309486 22.64395 4.309486 23.78416 3.693846 23.78416 4.309486 23.78416 3.693846 25.15653 3.693846 25.15653 4.309486 23.78416 4.309486 25.15653 3.693846 25.15653 4.309486 25.15653 3.693846 26.52891 3.693846 26.52891 4.309486 25.15653 4.309486 26.52891 3.693846 26.52891 4.309486 26.52891 3.693846 28.15441 3.693846 28.15441 4.309486 26.52891 4.309486 28.15441 3.693846 28.15441 4.309486 28.15441 3.693846 28.96716 3.693846 28.96716 4.309486 28.15441 4.309486 28.96716 4.309486 21.50375 4.925127 21.50375 4.309486 22.64395 4.309486 22.64395 4.925127 21.50375 4.925127 22.64395 4.309486 22.64395 4.925127 22.64395 4.309486 23.78416 4.309486 23.78416 4.925127 22.64395 4.925127 23.78416 4.309486 23.78416 4.925127 23.78416 4.309486 25.15653 4.309486 25.15653 4.925127 23.78416 4.925127 25.15653 4.309486 25.15653 4.925127 25.15653 4.309486 26.52891 4.309486 26.52891 4.925127 25.15653 4.925127 26.52891 4.309486 26.52891 4.925127 26.52891 4.309486 28.15441 4.309486 28.15441 4.925127 26.52891 4.925127 28.15441 4.309486 28.15441 4.925127 28.15441 4.309486 28.96716 4.309486 28.96716 4.925127 28.15441 4.925127 28.96716 4.925127 21.50375 5.396765 21.50375 4.925127 22.64395 4.925127 22.64395 5.396765 21.50375 5.396765 22.64395 4.925127 22.64395 5.396765 22.64395 4.925127 23.78416 4.925127 23.78416 5.396765 22.64395 5.396765 23.78416 4.925127 23.78416 5.396765 23.78416 4.925127 25.15653 4.925127 25.15653 5.396765 23.78416 5.396765 25.15653 4.925127 25.15653 5.396765 25.15653 4.925127 26.52891 4.925127 26.52891 5.396765 25.15653 5.396765 26.52891 4.925127 26.52891 5.396765 26.52891 4.925127 28.15441 4.925127 28.15441 5.396765 26.52891 5.396765 28.15441 4.925127 28.15441 5.396765 28.15441 4.925127 28.96716 9.127271 3.151945 9.127271 0.901945 9.530881 3.151945 9.530881 3.151945 9.127271 0.901945 9.915799 0.901945 9.530881 3.151945 9.915799 0.901945 9.728813 3.170657 9.728813 3.170657 9.915799 0.901945 9.915799 3.226148 9.915799 3.226148 9.915799 0.901945 10.06193 3.300557 10.06193 3.300557 9.915799 0.901945 10.19373 3.398042 10.19373 3.398042 9.915799 0.901945 10.30791 3.516261 10.30791 3.516261 9.915799 0.901945 11.07186 0.901945 10.30791 3.516261 11.07186 0.901945 10.40122 3.651945 10.40122 3.651945 11.07186 0.901945 11.14893 4.962811 11.14893 4.962811 11.07186 0.901945 12.22793 0.901945 11.14893 4.962811 12.22793 0.901945 11.9113 6.301945 11.9113 6.301945 12.22793 0.901945 12.22793 6.301945 12.22793 6.301945 12.22793 0.901945 13.40038 0.901945 12.22793 6.301945 13.40038 0.901945 13.54692 6.301945 13.54692 6.301945 13.40038 0.901945 14.57283 0.901945 13.54692 6.301945 14.57283 0.901945 14.86592 6.301945 14.86592 6.301945 14.57283 0.901945 15.74528 0.901945 14.86592 6.301945 15.74528 0.901945 16.18491 6.301945 16.18491 6.301945 15.74528 0.901945 16.91773 0.901945 16.18491 6.301945 16.91773 0.901945 17.50391 6.301945 17.50391 6.301945 16.91773 0.901945 18.09018 0.901945 17.50391 6.301945 18.09018 0.901945 18.8229 6.301945 18.8229 6.301945 18.09018 0.901945 19.26263 0.901945 18.8229 6.301945 19.26263 0.901945 20.1419 6.301945 20.1419 6.301945 19.26263 0.901945 20.43508 0.901945 20.1419 6.301945 20.43508 0.901945 21.46089 6.301945 21.46089 6.301945 20.43508 0.901945 21.60753 0.901945 21.46089 6.301945 21.60753 0.901945 21.60753 5.981945 21.60753 5.981945 22.21666 5.981945 21.46089 6.301945 21.46089 6.301945 22.21666 5.981945 22.77989 6.301945 22.77989 6.301945 22.21666 5.981945 22.77989 5.981945 22.77989 6.301945 22.77989 5.981945 23.42468 5.981945 22.77989 6.301945 23.42468 5.981945 23.42086 6.301945 23.42086 6.301945 23.42468 5.981945 24.05211 5.981945 23.42086 6.301945 24.05211 5.981945 24.06182 6.301945 24.06182 6.301945 24.05211 5.981945 24.69281 5.981945 24.06182 6.301945 24.69281 5.981945 24.70279 6.301945 24.70279 6.301945 24.69281 5.981945 25.34375 5.981945 24.70279 6.301945 25.34375 5.981945 25.34375 6.301945 25.34375 6.301945 25.34375 5.981945 25.97284 5.981945 25.34375 6.301945 25.97284 5.981945 25.97284 6.301945 25.97284 6.301945 25.97284 5.981945 26.43405 5.981945 25.97284 6.301945 26.43405 5.981945 26.87604 6.301945 26.87604 6.301945 26.43405 5.981945 26.88692 5.981945 26.87604 6.301945 26.88692 5.981945 27.77923 6.301945 27.77923 6.301945 26.88692 5.981945 27.77923 6.089445 27.77923 6.089445 26.88692 5.981945 27.77923 5.981945 -2.455801 0 -0.8186 0 -2.455801 0.581332 -2.455801 0.581332 -0.8186 0 -0.8186 0.581332 -2.455801 0.581332 -0.8186 0.581332 -2.455801 1.162665 -2.455801 1.162665 -0.8186 0.581332 -0.8186 1.162665 -2.455801 1.162665 -0.8186 1.162665 -2.455801 1.743997 -2.455801 1.743997 -0.8186 1.162665 -0.8186 1.743997 -2.455801 1.743997 -0.8186 1.743997 -2.455801 2.32533 -2.455801 2.32533 -0.8186 1.743997 -0.8186 2.32533 -2.455801 2.32533 -0.8186 2.32533 -2.455801 2.906662 -2.455801 2.906662 -0.8186 2.32533 -0.8186 2.906662 -2.455801 2.906662 -0.8186 2.906662 -2.455801 3.487995 -2.455801 3.487995 -0.8186 2.906662 -0.8186 3.487995 -2.455801 3.487995 -0.8186 3.487995 -2.455801 4.069327 -2.455801 4.069327 -0.8186 3.487995 -0.8186 4.069327 -2.455801 4.069327 -0.8186 4.069327 -2.455801 4.650659 -2.455801 4.650659 -0.8186 4.069327 -0.8186 4.650659 -2.455801 4.650659 -0.8186 4.650659 -2.455801 5.231992 -2.455801 5.231992 -0.8186 4.650659 -0.8186 5.231992 -2.455801 5.231992 -0.8186 5.231992 -2.455801 5.813324 -2.455801 5.813324 -0.8186 5.231992 -0.8186 5.813324 -2.455801 5.813324 -0.8186 5.813324 -2.455801 6.394657 -2.455801 6.394657 -0.8186 5.813324 -0.8186 6.394657 -2.455801 6.394657 -0.8186 6.394657 -2.455801 6.975989 -2.455801 6.975989 -0.8186 6.394657 -0.8186 6.975989 -2.455801 6.975989 -0.8186 6.975989 -2.455801 7.557322 -2.455801 7.557322 -0.8186 6.975989 -0.8186 7.557322 -2.455801 7.557322 -0.8186 7.557322 -2.455801 8.138654 -2.455801 8.138654 -0.8186 7.557322 -0.8186 8.138654 -2.455801 8.138654 -0.8186 8.138654 -2.455801 8.719986 -2.455801 8.719986 -0.8186 8.138654 -0.8186 8.719986 -2.455801 8.719986 -0.8186 8.719986 -2.455801 9.30132 -2.455801 9.30132 -0.8186 8.719986 -0.8186 9.30132 -2.455801 9.30132 -0.8186 9.30132 -2.455801 9.882652 -2.455801 9.882652 -0.8186 9.30132 -0.8186 9.882652 -2.455801 9.882652 -0.8186 9.882652 -2.455801 10.46398 -2.455801 10.46398 -0.8186 9.882652 -0.8186 10.46398 -2.455801 10.46398 -0.8186 10.46398 -2.455801 11.04532 -2.455801 11.04532 -0.8186 10.46398 -0.8186 11.04532 -0.8186 11.04532 -0.8186 10.46398 0.8186 10.46398 -0.8186 11.04532 0.8186 10.46398 0.8186 11.04532 0.8186 11.04532 0.8186 10.46398 2.455801 10.46398 0.8186 11.04532 2.455801 10.46398 2.455801 11.04532 -0.8186 0 0.8186 0 -0.8186 0.581332 -0.8186 0.581332 0.8186 0 0.8186 0.581332 -0.8186 0.581332 0.8186 0.581332 -0.8186 1.162665 -0.8186 1.162665 0.8186 0.581332 0.8186 1.162665 -0.8186 1.162665 0.8186 1.162665 -0.8186 1.743997 -0.8186 1.743997 0.8186 1.162665 0.8186 1.743997 -0.8186 1.743997 0.8186 1.743997 -0.8186 2.32533 -0.8186 2.32533 0.8186 1.743997 0.8186 2.32533 -0.8186 2.32533 0.8186 2.32533 -0.8186 2.906662 -0.8186 2.906662 0.8186 2.32533 0.8186 2.906662 -0.8186 2.906662 0.8186 2.906662 -0.8186 3.487995 -0.8186 3.487995 0.8186 2.906662 0.8186 3.487995 -0.8186 3.487995 0.8186 3.487995 -0.8186 4.069327 -0.8186 4.069327 0.8186 3.487995 0.8186 4.069327 -0.8186 4.069327 0.8186 4.069327 -0.8186 4.650659 -0.8186 4.650659 0.8186 4.069327 0.8186 4.650659 -0.8186 4.650659 0.8186 4.650659 -0.8186 5.231992 -0.8186 5.231992 0.8186 4.650659 0.8186 5.231992 -0.8186 5.231992 0.8186 5.231992 -0.8186 5.813324 -0.8186 5.813324 0.8186 5.231992 0.8186 5.813324 -0.8186 5.813324 0.8186 5.813324 -0.8186 6.394657 -0.8186 6.394657 0.8186 5.813324 0.8186 6.394657 -0.8186 6.394657 0.8186 6.394657 -0.8186 6.975989 -0.8186 6.975989 0.8186 6.394657 0.8186 6.975989 -0.8186 6.975989 0.8186 6.975989 -0.8186 7.557322 -0.8186 7.557322 0.8186 6.975989 0.8186 7.557322 -0.8186 7.557322 0.8186 7.557322 -0.8186 8.138654 -0.8186 8.138654 0.8186 7.557322 0.8186 8.138654 -0.8186 8.138654 0.8186 8.138654 -0.8186 8.719986 -0.8186 8.719986 0.8186 8.138654 0.8186 8.719986 -0.8186 8.719986 0.8186 8.719986 -0.8186 9.30132 -0.8186 9.30132 0.8186 8.719986 0.8186 9.30132 -0.8186 9.30132 0.8186 9.30132 -0.8186 9.882652 -0.8186 9.882652 0.8186 9.30132 0.8186 9.882652 -0.8186 9.882652 0.8186 9.882652 -0.8186 10.46398 -0.8186 10.46398 0.8186 9.882652 0.8186 10.46398 0.8186 0 2.455801 0 0.8186 0.581332 0.8186 0.581332 2.455801 0 2.455801 0.581332 0.8186 0.581332 2.455801 0.581332 0.8186 1.162665 0.8186 1.162665 2.455801 0.581332 2.455801 1.162665 0.8186 1.162665 2.455801 1.162665 0.8186 1.743997 0.8186 1.743997 2.455801 1.162665 2.455801 1.743997 0.8186 1.743997 2.455801 1.743997 0.8186 2.32533 0.8186 2.32533 2.455801 1.743997 2.455801 2.32533 0.8186 2.32533 2.455801 2.32533 0.8186 2.906662 0.8186 2.906662 2.455801 2.32533 2.455801 2.906662 0.8186 2.906662 2.455801 2.906662 0.8186 3.487995 0.8186 3.487995 2.455801 2.906662 2.455801 3.487995 0.8186 3.487995 2.455801 3.487995 0.8186 4.069327 0.8186 4.069327 2.455801 3.487995 2.455801 4.069327 0.8186 4.069327 2.455801 4.069327 0.8186 4.650659 0.8186 4.650659 2.455801 4.069327 2.455801 4.650659 0.8186 4.650659 2.455801 4.650659 0.8186 5.231992 0.8186 5.231992 2.455801 4.650659 2.455801 5.231992 0.8186 5.231992 2.455801 5.231992 0.8186 5.813324 0.8186 5.813324 2.455801 5.231992 2.455801 5.813324 0.8186 5.813324 2.455801 5.813324 0.8186 6.394657 0.8186 6.394657 2.455801 5.813324 2.455801 6.394657 0.8186 6.394657 2.455801 6.394657 0.8186 6.975989 0.8186 6.975989 2.455801 6.394657 2.455801 6.975989 0.8186 6.975989 2.455801 6.975989 0.8186 7.557322 0.8186 7.557322 2.455801 6.975989 2.455801 7.557322 0.8186 7.557322 2.455801 7.557322 0.8186 8.138654 0.8186 8.138654 2.455801 7.557322 2.455801 8.138654 0.8186 8.138654 2.455801 8.138654 0.8186 8.719986 0.8186 8.719986 2.455801 8.138654 2.455801 8.719986 0.8186 8.719986 2.455801 8.719986 0.8186 9.30132 0.8186 9.30132 2.455801 8.719986 2.455801 9.30132 0.8186 9.30132 2.455801 9.30132 0.8186 9.882652 0.8186 9.882652 2.455801 9.30132 2.455801 9.882652 0.8186 9.882652 2.455801 9.882652 0.8186 10.46398 0.8186 10.46398 2.455801 9.882652 2.455801 10.46398 0 6.465887 0.9 6.677591 0 6.901291 0 6.901291 0.9 6.677591 0.9 7.183563 0 6.901291 0.9 7.183563 -0.3 7.343908 -0.3 7.343908 0.9 7.183563 0.9 7.689535 -0.3 7.343908 0.9 7.689535 -0.3 7.537468 -0.3 7.537468 0.9 7.689535 -0.3 7.731028 -0.3 7.731028 0.9 7.689535 0 7.924588 -0.3 7.731028 0 7.924588 -0.3 7.924588 0.9 6.677591 0 6.465887 0.9 6.171619 0.9 6.171619 0 6.465887 0 6.030483 0.9 6.171619 0 6.030483 0.9 5.665647 0.9 5.665647 0 6.030483 0 5.595079 0.9 5.665647 0 5.595079 0.9 5.159675 0.9 5.159675 0 5.595079 0 5.159675 0.9 7.689535 0.9 8.195508 0 7.924588 0 7.924588 0.9 8.195508 0 8.014894 0 8.014894 0.9 8.195508 0 8.105201 0 8.105201 0.9 8.195508 0 8.195508 0.9 -7.6674 0 -7.924588 0.9 -8.195508 0.9 -8.195508 0 -7.924588 0 -8.014894 0.9 -8.195508 0 -8.014894 0 -8.105201 0.9 -7.139294 -0.3 -7.343908 0.9 -7.6674 0.9 -7.6674 -0.3 -7.343908 -0.3 -7.537468 0.9 -7.6674 -0.3 -7.537468 -0.3 -7.731028 -0.3 -7.343908 0.9 -7.139294 0 -6.901291 0 -6.901291 0.9 -7.139294 0.9 -6.611187 0 -6.901291 0.9 -6.611187 0 -6.35868 0 -6.35868 0.9 -6.611187 0.9 -6.083081 0 -6.35868 0.9 -6.083081 0 -5.816068 0 -5.816068 0.9 -6.083081 0.9 -5.554974 0 -5.816068 0.9 -5.554974 0 -5.273456 0 -5.273456 0.9 -5.554974 0.9 -5.026868 0 -5.273456 0.9 -5.026868 0 -4.730844 0 -4.730844 0.9 -5.026868 0.9 -4.498761 0 -4.730844 0.9 -4.498761 0 -4.188233 0 -4.188233 0.9 -4.498761 0.9 -3.970654 0 -4.188233 0.9 -3.970654 0 -3.645621 0 -3.645621 0.9 -3.970654 0.9 -3.442548 0 -3.645621 0.9 -3.442548 0 -3.103009 0 -3.103009 0.9 -3.442548 0.9 -2.914441 0 -3.103009 0.9 -2.914441 0 -2.560397 0 -2.560397 0.9 -2.914441 0.9 -2.386335 0 -2.560397 0.9 -2.386335 0 -2.017785 0 -2.017785 0.9 -2.386335 0.9 -1.858228 0 -2.017785 0.9 -1.858228 0 -1.475174 0 -1.475174 0.9 -1.858228 0.9 -1.330122 0 -1.475174 0.9 -1.330122 0 -0.932562 0 -0.932562 0.9 -1.330122 0.9 -0.802015 0 -0.932562 0.9 -0.802015 0 -0.38995 0 -0.38995 0.9 -0.802015 0.9 -0.273908 0 -0.38995 0.9 -0.273908 0 0.152662 0 0.152662 0.9 -0.273908 0.9 0.254198 0 0.152662 0.9 0.254198 0 0.695273 0 0.695273 0.9 0.254198 0.9 0.782305 0 0.695273 0.9 0.782305 0 1.237885 0 1.237885 0.9 0.782305 0.9 1.310411 0 1.237885 0.9 1.310411 0 1.780497 0 1.780497 0.9 1.310411 0.9 1.838518 0 1.780497 0.9 1.838518 0 2.323109 0 2.323109 0.9 1.838518 0.9 2.366624 0 2.323109 0.9 2.366624 0 2.865721 0 2.865721 0.9 2.366624 0.9 2.894731 0 2.865721 0.9 2.894731 0 3.408332 0 3.408332 0.9 2.894731 0.9 3.422838 0 3.408332 0.9 3.422838 0 3.950944 0 3.950944 0.9 3.422838 0.9 3.950944 -0.3 -7.924588 0 -7.924588 -0.3 -7.731028 -0.3 -7.731028 0 -7.924588 0.9 -7.6674 0 -8.105201 0 -8.195508 0.9 -8.195508 0 -0.314159 0.9 -0.314159 0 -0.1570799 0 -0.1570799 0.9 -0.314159 0.9 -0.1570799 0 -0.1570799 0.9 -0.1570799 0.9 0 0 -0.1570799 0.9 0 0 0 0 0 0.9 0 0.9 0.1570799 0 0 0.9 0.1570799 0 0.1570799 0 0.1570799 0.9 0.1570799 0 0.314159 0 0.314159 0.9 0.1570799 0.9 0.314159 -0.4 0.9 -1.4 0.9 -0.4 0 -0.4 0 -1.4 0.9 -1.4 0 0 -0.314159 0.9 -0.314159 0 -0.1570799 0 -0.1570799 0.9 -0.314159 0.9 -0.1570799 0 -0.1570799 0.9 -0.1570799 0.9 0 0 -0.1570799 0.9 0 0 0 0 0 0.9 0 0.9 0.1570799 0 0 0.9 0.1570799 0 0.1570799 0 0.1570799 0.9 0.1570799 0 0.314159 0 0.314159 0.9 0.1570799 0.9 0.314159 -2.25 0.904883 -1.15 0.904883 -2.25 1.105743 -2.25 1.105743 -1.15 0.904883 0 0.904478 -2.25 1.105743 0 0.904478 0 1.507463 -1.15 0.904883 -1.15 0.301628 0 0.904478 0 0.904478 -1.15 0.301628 0 0.301493 0 0.301493 -1.15 0.301628 -1.15 -0.301628 0 0.301493 -1.15 -0.301628 0 -0.301493 0 -0.301493 -1.15 -0.301628 0 -0.904478 0 -0.904478 -1.15 -0.301628 -1.15 -0.904883 0 -0.904478 -1.15 -0.904883 0 -1.507463 0 -1.507463 -1.15 -0.904883 -2.25 -1.306603 0 -1.507463 -2.25 -1.306603 -2.25 -1.507463 -2.25 -0.904883 -2.25 -1.105743 -1.15 -0.904883 -1.15 -0.904883 -2.25 -1.105743 -2.25 -1.306603 -2.25 1.507463 -2.25 1.306603 0 1.507463 0 1.507463 -2.25 1.306603 -2.25 1.105743 2.25 7.222409 0 7.086708 2.25 6.610784 2.25 6.610784 0 7.086708 0 6.470473 2.25 6.610784 0 6.470473 2.25 6.209125 2.25 6.209125 0 6.470473 0 5.854237 2.25 6.209125 0 5.854237 2.25 5.807467 2.25 5.807467 0 5.854237 2.25 5.405808 2.25 5.405808 0 5.854237 0 5.238002 2.25 5.405808 0 5.238002 2.25 4.843647 2.25 4.843647 0 5.238002 0 4.621766 2.25 4.843647 0 4.621766 2.25 4.281485 2.25 4.281485 0 4.621766 0 4.005531 2.25 4.281485 0 4.005531 2.25 3.719324 2.25 3.719324 0 4.005531 0 3.389295 2.25 3.719324 0 3.389295 2.25 3.157163 2.25 3.157163 0 3.389295 0 2.77306 2.25 3.157163 0 2.77306 2.25 2.595002 2.25 2.595002 0 2.77306 0 2.156824 2.25 2.595002 0 2.156824 2.25 2.032841 2.25 2.032841 0 2.156824 0 1.540589 2.25 2.032841 0 1.540589 2.25 1.47068 2.25 1.47068 0 1.540589 0 0.924353 2.25 1.47068 0 0.924353 2.25 0.908518 2.25 0.908518 0 0.924353 1.15 0.908518 1.15 0.908518 0 0.924353 0 0.308118 1.15 0.908518 0 0.308118 1.15 0.302839 1.15 0.302839 0 0.308118 0 -0.308118 1.15 0.302839 0 -0.308118 1.15 -0.302839 1.15 -0.302839 0 -0.308118 1.15 -0.908518 1.15 -0.908518 0 -0.308118 0 -0.924353 1.15 -0.908518 0 -0.924353 2.25 -0.908518 2.25 -0.908518 0 -0.924353 2.25 -1.520144 2.25 -1.520144 0 -0.924353 0 -1.540589 2.25 -1.520144 0 -1.540589 2.25 -2.131769 2.25 -2.131769 0 -1.540589 0 -2.156824 2.25 -2.131769 0 -2.156824 2.25 -2.743394 2.25 -2.743394 0 -2.156824 0 -2.77306 2.25 -2.743394 0 -2.77306 2.25 -3.355019 2.25 -3.355019 0 -2.77306 0 -3.389295 2.25 -3.355019 0 -3.389295 2.25 -3.966645 2.25 -3.966645 0 -3.389295 0 -4.005531 2.25 -3.966645 0 -4.005531 2.25 -4.57827 2.25 -4.57827 0 -4.005531 0 -4.621766 2.25 -4.57827 0 -4.621766 2.25 -5.189895 2.25 -5.189895 0 -4.621766 0 -5.238002 2.25 -5.189895 0 -5.238002 2.25 -5.80152 2.25 -5.80152 0 -5.238002 0 -5.854237 2.25 -5.80152 0 -5.854237 2.25 -6.413146 2.25 -6.413146 0 -5.854237 0 -6.470473 2.25 -6.413146 0 -6.470473 2.25 -7.024771 2.25 -7.024771 0 -6.470473 0 -7.086708 2.25 -7.024771 0 -7.086708 2.25 -7.636396 2.25 -7.636396 0 -7.086708 0 -7.702944 2.25 -7.636396 0 -7.702944 2.25 -8.248022 2.25 -8.248022 0 -7.702944 0 -8.319179 2.25 -8.248022 0 -8.319179 2.25 -8.859646 2.25 -8.859646 0 -8.319179 0 -8.935415 2.25 -8.859646 0 -8.935415 2.25 -9.471273 2.25 -9.471273 0 -8.935415 0 -9.551651 2.25 -9.471273 0 -9.551651 2.25 -10.0829 2.25 -10.0829 0 -9.551651 0 -10.16788 2.25 -10.0829 0 -10.16788 2.25 -10.69452 2.25 -10.69452 0 -10.16788 0 -10.78412 2.25 -10.69452 0 -10.78412 2.25 -11.30615 2.25 -11.30615 0 -10.78412 0 -11.40036 2.25 -11.30615 0 -11.40036 2.25 -11.91777 2.25 -11.91777 0 -11.40036 0 -12.01659 2.25 -11.91777 0 -12.01659 2.25 -12.5294 2.25 11.50379 0 12.01659 0 11.40036 2.25 11.50379 0 11.40036 2.25 10.89216 2.25 10.89216 0 11.40036 0 10.78412 2.25 10.89216 0 10.78412 2.25 10.28054 2.25 10.28054 0 10.78412 0 10.16788 2.25 10.28054 0 10.16788 2.25 9.66891 2.25 9.66891 0 10.16788 0 9.551651 2.25 9.66891 0 9.551651 2.25 9.057286 2.25 9.057286 0 9.551651 0 8.935415 2.25 9.057286 0 8.935415 2.25 8.44566 2.25 8.44566 0 8.935415 0 8.319179 2.25 8.44566 0 8.319179 2.25 7.834035 2.25 7.834035 0 8.319179 0 7.702944 2.25 7.834035 0 7.702944 2.25 7.222409 2.25 7.222409 0 7.702944 0 7.086708 -7.23239 -0.9 -7.567693 -0.9 -7.404266 -1.434711 -7.404266 -1.434711 -7.567693 -0.9 -7.758054 -1.435787 -7.404266 -1.434711 -7.758054 -1.435787 -7.652593 -1.938487 -7.652593 -1.938487 -7.758054 -1.435787 -8.032658 -1.93368 -7.652593 -1.938487 -8.032658 -1.93368 -7.972016 -2.400467 -7.972016 -2.400467 -8.032658 -1.93368 -8.384258 -2.380539 -7.972016 -2.400467 -8.384258 -2.380539 -8.35565 -2.810689 -8.35565 -2.810689 -8.384258 -2.380539 -8.803572 -2.76457 -8.35565 -2.810689 -8.803572 -2.76457 -8.795222 -3.160309 -8.795222 -3.160309 -8.803572 -2.76457 -9.279537 -3.075638 -8.795222 -3.160309 -9.279537 -3.075638 -9.281252 -3.441788 -9.281252 -3.441788 -9.279537 -3.075638 -9.799588 -3.305533 -9.281252 -3.441788 -9.799588 -3.305533 -9.803263 -3.649057 -9.803263 -3.649057 -9.799588 -3.305533 -10.35 -3.448188 -9.803263 -3.649057 -10.35 -3.448188 -10.35 -3.777648 0.837567 28.7183 0 28.60946 0.418834 27.77558 0.418834 27.77558 0 28.60946 1.3e-5 27.87728 0.418834 27.77558 1.3e-5 27.87728 -7.6e-5 27.46295 0.418834 27.77558 -7.6e-5 27.46295 0.418834 26.83286 0.418834 26.83286 -7.6e-5 27.46295 -1.1e-5 26.98591 0.418834 26.83286 -1.1e-5 26.98591 -4.8e-5 25.98867 0.418834 26.83286 -4.8e-5 25.98867 0.418834 25.89014 0.418834 25.89014 -4.8e-5 25.98867 0 24.94742 0.418834 25.89014 0 24.94742 0.418834 24.94742 0.418834 24.94742 0 24.94742 0.418834 23.9016 0.418834 24.94742 0.418834 23.9016 0.837423 24.94742 0.837423 24.94742 0.418834 23.9016 0.83744 23.90162 0.83744 23.90162 0.418834 23.9016 0.83744 23.82619 0.83744 23.82619 0.418834 23.9016 0.418834 23.82619 0.83744 23.82619 0.418834 23.82619 0.418834 22.9239 0.418834 22.9239 0.418834 23.82619 -3.1e-5 23.019 0.418834 22.9239 -3.1e-5 23.019 -1.3e-5 22.18784 0 24.94742 0 23.82619 0.418834 23.9016 0.418834 23.9016 0 23.82619 0.418834 23.82619 0 23.82619 -3.1e-5 23.019 0.418834 23.82619 0.418834 22.9239 -1.3e-5 22.18784 0.418834 22.02162 0.418834 22.02162 -1.3e-5 22.18784 -6e-6 21.3299 0.418834 22.02162 -6e-6 21.3299 0.418834 21.23212 0.418834 21.23212 -6e-6 21.3299 0 20.44262 0.418834 21.23212 0 20.44262 0.418834 20.44268 0.418834 20.44268 0 20.44262 0.418834 20.39954 0.418834 20.44268 0.418834 20.39954 0.837688 20.44273 0.837688 20.44273 0.418834 20.39954 0.837707 20.39954 0.837707 20.39954 0.418834 20.39954 0.418834 19.83835 0.837707 20.39954 0.418834 19.83835 0.418834 18.4354 0.418834 18.4354 0.418834 19.83835 -1.2e-5 19.37119 0.418834 18.4354 -1.2e-5 19.37119 1.1e-5 18.29663 0 20.44262 0 20.39954 0.418834 20.39954 0.418834 20.39954 0 20.39954 0.418834 19.83835 0 20.39954 -1.2e-5 19.37119 0.418834 19.83835 1.1e-5 18.29663 -10e-7 17.22808 0.418834 18.4354 0.418834 18.4354 -10e-7 17.22808 0.418834 17.03245 0.418834 18.4354 0.418834 17.03245 0.83702 18.224 0.83702 18.224 0.418834 17.03245 0.837744 16.19087 0.837744 16.19087 0.418834 17.03245 0.418834 16.19078 0.837744 16.19087 0.418834 16.19078 0.837738 15.17576 0.837738 15.17576 0.418834 16.19078 0.418834 15.17576 0.837738 15.17576 0.418834 15.17576 0.418834 14.00245 0.418834 14.00245 0.418834 15.17576 0 15.17576 0.418834 14.00245 0 15.17576 0 13.37663 -10e-7 17.22808 0 16.19068 0.418834 17.03245 0.418834 17.03245 0 16.19068 0.418834 16.19078 0.418834 16.19078 0 16.19068 0.418834 15.17576 0.418834 15.17576 0 16.19068 0 15.17576 0.418834 14.00245 0 13.37663 0.418834 12.15867 0.418834 12.15867 0 13.37663 0 11.65583 0.418834 12.15867 0 11.65583 0.418834 11.63544 0.418834 11.63544 0 11.65583 0 11.63548 0.418834 11.63544 0 11.63548 0.418834 11.18169 0.418834 11.18169 0 11.63548 -3e-6 10.76818 0.418834 11.18169 -3e-6 10.76818 0.418834 10.04723 0.418834 10.04723 -3e-6 10.76818 7e-6 9.912454 0.418834 10.04723 7e-6 9.912454 0.418834 8.91276 0.418834 8.91276 7e-6 9.912454 1.6e-5 9.06509 0.418834 8.91276 1.6e-5 9.06509 0 8.232081 0 8.19837 0.418834 8.19837 0 8.232081 0 8.232081 0.418834 8.19837 0.418834 8.232081 0 8.232081 0.418834 8.232081 0.418834 8.91276 0.418834 8.91276 0.418834 8.232081 0.837289 8.232081 0.418834 8.91276 0.837289 8.232081 0.837401 9.98052 0.418834 8.19837 0 8.19837 0.418834 7.058586 0.418834 7.058586 0 8.19837 -3e-6 7.490947 0.418834 7.058586 -3e-6 7.490947 -3e-6 6.785163 0.418834 7.058586 -3e-6 6.785163 0.418834 6.488693 0.418834 6.488693 -3e-6 6.785163 -9e-6 6.074061 0.418834 6.488693 -9e-6 6.074061 0.418834 5.918801 0.418834 5.918801 -9e-6 6.074061 0 5.348908 0.418834 5.918801 0 5.348908 0.418834 5.348908 0.418834 5.348908 0 5.348908 0.418834 5.310073 0.418834 5.348908 0.418834 5.310073 0.837527 5.348907 0.837527 5.348907 0.418834 5.310073 0.83749 5.058099 0.83749 5.058099 0.418834 5.310073 0.418834 5.058099 0.83749 5.058099 0.418834 5.058099 0.418834 4.316357 0.418834 4.316357 0.418834 5.058099 6e-6 4.404046 0.418834 4.316357 6e-6 4.404046 0 3.749188 0 5.348908 0 5.058099 0.418834 5.310073 0.418834 5.310073 0 5.058099 0.418834 5.058099 0 5.058099 6e-6 4.404046 0.418834 5.058099 0.418834 4.316357 0 3.749188 0.418834 3.574615 0.418834 3.574615 0 3.749188 -2e-6 3.107188 0.418834 3.574615 -2e-6 3.107188 0.418834 2.832873 0.418834 2.832873 -2e-6 3.107188 0 2.473391 0.418834 2.832873 0 2.473391 0.418834 2.091131 0.418834 2.091131 0 2.473391 -4.8e-5 1.223448 0.418834 2.091131 -4.8e-5 1.223448 0.418834 1.045566 0.418834 1.045566 -4.8e-5 1.223448 0 0 0.418834 1.045566 0 0 0.83744 0 0.83744 0 0.835794 1.41859 0.418834 1.045566 0.418834 1.045566 0.835794 1.41859 0.418834 2.091131 0.835794 1.41859 0.837415 2.731484 0.418834 2.091131 0.418834 2.091131 0.837415 2.731484 0.418834 2.832873 0.418834 2.832873 0.837415 2.731484 0.418834 3.574615 0.418834 3.574615 0.837415 2.731484 0.83749 5.058099 0.418834 3.574615 0.83749 5.058099 0.418834 4.316357 0.837289 8.232081 0.418834 7.058586 0.837527 5.348907 0.837527 5.348907 0.418834 7.058586 0.418834 6.488693 0.837527 5.348907 0.418834 6.488693 0.418834 5.918801 0.837222 11.63541 0.418834 11.18169 0.837401 9.98052 0.837401 9.98052 0.418834 11.18169 0.418834 10.04723 0.837401 9.98052 0.418834 10.04723 0.418834 8.91276 0.418834 11.18169 0.837222 11.63541 0.418834 11.63544 0.418834 11.63544 0.837222 11.63541 0.837224 11.65583 0.418834 11.63544 0.837224 11.65583 0.418834 12.15867 0.418834 12.15867 0.837224 11.65583 0.837384 13.41494 0.418834 12.15867 0.837384 13.41494 0.418834 14.00245 0.418834 14.00245 0.837384 13.41494 0.837738 15.17576 0.83702 18.224 0.837707 20.39954 0.418834 18.4354 0.418834 20.44268 0.837688 20.44273 0.418834 21.23212 0.418834 21.23212 0.837688 20.44273 0.837213 22.04923 0.418834 21.23212 0.837213 22.04923 0.418834 22.02162 0.418834 22.02162 0.837213 22.04923 0.418834 22.9239 0.837213 22.04923 0.83744 23.82619 0.418834 22.9239 0.837423 24.94742 0.837161 25.87435 0.418834 24.94742 0.418834 24.94742 0.837161 25.87435 0.418834 25.89014 0.837161 25.87435 0.837171 26.79397 0.418834 25.89014 0.418834 25.89014 0.837171 26.79397 0.418834 26.83286 0.418834 26.83286 0.837171 26.79397 0.418834 27.77558 0.418834 27.77558 0.837171 26.79397 0.837567 28.7183 0.837527 5.348907 0.418834 5.918801 0.418834 5.348908 0.418834 8.232081 0.418834 8.19837 0.837289 8.232081 0.837289 8.232081 0.418834 8.19837 0.418834 7.058586 -4.328302 -0.1570799 -3.314646 -0.1570799 -4.344045 -0.07909798 -4.344045 -0.07909798 -3.314646 -0.1570799 -3.326279 -0.07884895 -4.344045 -0.07909798 -3.326279 -0.07884895 -3.337387 -4.9e-4 -4.344045 -0.07909798 -3.337387 -4.9e-4 -4.359145 -8.91e-4 -4.359145 -8.91e-4 -3.337387 -4.9e-4 -3.345481 0.07810997 -4.359145 -8.91e-4 -3.345481 0.07810997 -4.370219 0.07775199 -4.370219 0.07775199 -3.345481 0.07810997 -4.374331 0.1570799 -4.374331 0.1570799 -3.345481 0.07810997 -3.348464 0.1570799 0 4.88 -1.025866 4.88 0 0 0 0 -1.025866 4.88 -1.025866 0 4.887264 0.1570799 3.861397 0.1570799 4.883153 0.07775199 4.883153 0.07775199 3.861397 0.1570799 3.858414 0.07810997 4.883153 0.07775199 3.858414 0.07810997 3.85032 -4.9e-4 4.883153 0.07775199 3.85032 -4.9e-4 4.872078 -8.91e-4 4.872078 -8.91e-4 3.85032 -4.9e-4 3.839212 -0.07884895 4.872078 -8.91e-4 3.839212 -0.07884895 4.856978 -0.07909798 4.856978 -0.07909798 3.839212 -0.07884895 3.827579 -0.1570799 4.856978 -0.07909798 3.827579 -0.1570799 4.841235 -0.1570799 -6.046168 -1.096841 -2.213023 -2.004308 -6.006254 -0.9 -6.006254 -0.9 -2.213023 -2.004308 -1.141102 -1.932375 -6.006254 -0.9 -1.141102 -1.932375 -6.19319 -0.5 -6.19319 -0.5 -1.141102 -1.932375 -0.06128799 -1.886474 -6.19319 -0.5 -0.06128799 -1.886474 0.101665 1.881984 0.101665 1.881984 -0.06128799 -1.886474 1.030952 -1.865586 0.101665 1.881984 1.030952 -1.865586 1.277168 1.864281 1.277168 1.864281 1.030952 -1.865586 2.136392 -1.869431 1.277168 1.864281 2.136392 -1.869431 7.688977 -0.55 7.688977 -0.55 2.136392 -1.869431 3.24913 -1.898436 7.688977 -0.55 3.24913 -1.898436 7.73237 -0.797309 7.73237 -0.797309 3.24913 -1.898436 4.362809 -1.953059 7.73237 -0.797309 4.362809 -1.953059 7.791587 -1.041314 7.791587 -1.041314 4.362809 -1.953059 7.866383 -1.281002 7.866383 -1.281002 4.362809 -1.953059 5.471077 -2.033754 7.866383 -1.281002 5.471077 -2.033754 7.903058 -1.454278 7.903058 -1.454278 5.471077 -2.033754 7.894736 -1.631158 7.894736 -1.631158 5.471077 -2.033754 6.334443 -2.115676 7.894736 -1.631158 6.334443 -2.115676 7.8426 -1.800424 7.8426 -1.800424 6.334443 -2.115676 7.749553 -1.950974 7.749553 -1.950974 6.334443 -2.115676 7.621559 -2.073462 7.621559 -2.073462 6.334443 -2.115676 7.11865 -2.205552 7.621559 -2.073462 7.11865 -2.205552 7.467123 -2.160021 7.467123 -2.160021 7.11865 -2.205552 7.295764 -2.204824 -6.046168 -1.096841 -6.093917 -1.29193 -2.213023 -2.004308 -2.213023 -2.004308 -6.093917 -1.29193 -3.281434 -2.103322 -3.281434 -2.103322 -6.093917 -1.29193 -6.149423 -1.484954 -3.281434 -2.103322 -6.149423 -1.484954 -6.180087 -1.65976 -3.281434 -2.103322 -6.180087 -1.65976 -4.320024 -2.227181 -4.320024 -2.227181 -6.180087 -1.65976 -6.165468 -1.836591 -4.320024 -2.227181 -6.165468 -1.836591 -6.107158 -2.004212 -6.107158 -2.004212 -6.008477 -2.151563 -4.320024 -2.227181 -4.320024 -2.227181 -6.008477 -2.151563 -5.875763 -2.269467 -4.320024 -2.227181 -5.875763 -2.269467 -5.367192 -2.382552 -5.367192 -2.382552 -5.875763 -2.269467 -5.717863 -2.350336 -5.367192 -2.382552 -5.717863 -2.350336 -5.544567 -2.388666 8.702633 -0.55 8.655864 -0.1843259 7.688977 -0.55 7.688977 -0.55 8.655864 -0.1843259 7.688977 0.55 7.688977 -0.55 7.688977 0.55 2.435204 1.874486 2.435204 1.874486 7.688977 0.55 3.597686 1.912219 3.597686 1.912219 7.688977 0.55 7.73237 0.797309 3.597686 1.912219 7.73237 0.797309 7.791587 1.041314 8.655864 -0.1843259 8.655864 0.1843259 7.688977 0.55 7.688977 0.55 8.655864 0.1843259 8.702633 0.55 3.597686 1.912219 7.791587 1.041314 4.769656 1.97896 4.769656 1.97896 7.791587 1.041314 7.866383 1.281002 4.769656 1.97896 7.866383 1.281002 7.903058 1.454278 4.769656 1.97896 7.903058 1.454278 5.94526 2.076255 5.94526 2.076255 7.903058 1.454278 7.894736 1.631158 5.94526 2.076255 7.894736 1.631158 7.8426 1.800424 7.8426 1.800424 7.749553 1.950974 5.94526 2.076255 5.94526 2.076255 7.749553 1.950974 7.621559 2.073462 5.94526 2.076255 7.621559 2.073462 7.11865 2.205552 7.11865 2.205552 7.621559 2.073462 7.467123 2.160021 7.11865 2.205552 7.467123 2.160021 7.295764 2.204823 2.435204 1.874486 1.277168 1.864281 7.688977 -0.55 -6.19319 -0.5 0.101665 1.881984 -6.19319 0.5 -6.19319 0.5 0.101665 1.881984 -1.083847 1.929554 -6.19319 0.5 -1.083847 1.929554 -6.006254 0.9 -6.006254 0.9 -1.083847 1.929554 -2.270242 2.008985 -6.006254 0.9 -2.270242 2.008985 -6.046168 1.096841 -6.046168 1.096841 -2.270242 2.008985 -6.093917 1.291929 -6.093917 1.291929 -2.270242 2.008985 -3.441745 2.120586 -6.093917 1.291929 -3.441745 2.120586 -6.149423 1.484954 -6.149423 1.484954 -3.441745 2.120586 -6.180087 1.65976 -6.180087 1.65976 -3.441745 2.120586 -6.165468 1.836591 -6.165468 1.836591 -3.441745 2.120586 -4.608412 2.266652 -6.165468 1.836591 -4.608412 2.266652 -6.107158 2.004212 -6.107158 2.004212 -4.608412 2.266652 -6.008477 2.151563 -6.008477 2.151563 -4.608412 2.266652 -5.875763 2.269467 -5.875763 2.269467 -4.608412 2.266652 -5.367192 2.382551 -5.875763 2.269467 -5.367192 2.382551 -5.717863 2.350336 -5.717863 2.350336 -5.367192 2.382551 -5.544567 2.388666 -6.59319 0.9 -6.440117 0.869552 -6.006254 0.9 -6.006254 0.9 -6.440117 0.869552 -6.310348 0.782843 -6.006254 0.9 -6.310348 0.782843 -6.223638 0.653073 -6.223638 0.653073 -6.19319 0.5 -6.006254 0.9 -6.19319 -0.5 -6.223638 -0.653073 -6.006254 -0.9 -6.006254 -0.9 -6.223638 -0.653073 -6.310348 -0.782843 -6.006254 -0.9 -6.310348 -0.782843 -6.440117 -0.869552 -6.440117 -0.869552 -6.59319 -0.9 -6.006254 -0.9 0 4.88 -1.025866 4.88 0 0 0 0 -1.025866 4.88 -1.025866 0 -1.877726 0.75015 -0.851859 0.75015 -1.838212 0.929338 -1.838212 0.929338 -0.851859 0.75015 -1.790314 1.10647 -1.790314 1.10647 -0.851859 0.75015 -0.663552 1.257953 -1.790314 1.10647 -0.663552 1.257953 -1.734137 1.281152 -1.734137 1.281152 -0.663552 1.257953 -1.697463 1.454428 -1.697463 1.454428 -0.663552 1.257953 -1.705785 1.631308 -1.705785 1.631308 -0.663552 1.257953 -0.384107 1.721886 -1.705785 1.631308 -0.384107 1.721886 -1.757921 1.800574 -1.757921 1.800574 -0.384107 1.721886 -1.850967 1.951124 -1.850967 1.951124 -0.384107 1.721886 -1.31668 2.368821 -1.850967 1.951124 -1.31668 2.368821 -1.978962 2.073612 -1.978962 2.073612 -1.31668 2.368821 -1.875084 2.286164 -1.978962 2.073612 -1.875084 2.286164 -2.133398 2.160171 -2.133398 2.160171 -1.875084 2.286164 -2.304756 2.204973 -2.304756 2.204973 -1.875084 2.286164 -2.481871 2.205702 -1.31668 2.368821 -0.384107 1.721886 -0.708441 2.468715 -0.708441 2.468715 -0.384107 1.721886 -0.02327096 2.125769 -0.708441 2.468715 -0.02327096 2.125769 -0.177851 2.56421 -0.177851 2.56421 -0.02327096 2.125769 0.40637 2.455514 -0.177851 2.56421 0.40637 2.455514 0.294152 2.654205 0.294152 2.654205 0.40637 2.455514 0.693671 2.732205 0.693671 2.732205 0.40637 2.455514 0.889832 2.699622 0.693671 2.732205 0.889832 2.699622 1.058484 2.801023 1.058484 2.801023 0.889832 2.699622 1.310338 2.84344 1.310338 2.84344 0.889832 2.699622 1.410252 2.849577 1.310338 2.84344 1.410252 2.849577 1.537687 2.874522 1.537687 2.874522 1.410252 2.849577 1.949479 2.90015 -1.877726 -0.74985 -1.838212 -0.929038 -0.851859 -0.74985 -0.851859 -0.74985 -1.838212 -0.929038 -1.790314 -1.10617 -0.851859 -0.74985 -1.790314 -1.10617 -0.663552 -1.257653 -0.663552 -1.257653 -1.790314 -1.10617 -1.734137 -1.280852 -0.663552 -1.257653 -1.734137 -1.280852 -1.697463 -1.454128 -1.697463 -1.454128 -1.705785 -1.631008 -0.663552 -1.257653 -0.663552 -1.257653 -1.705785 -1.631008 -0.384107 -1.721586 -0.384107 -1.721586 -1.705785 -1.631008 -1.757921 -1.800274 -0.384107 -1.721586 -1.757921 -1.800274 -1.850967 -1.950824 -0.384107 -1.721586 -1.850967 -1.950824 -1.424376 -2.351925 -1.424376 -2.351925 -1.850967 -1.950824 -1.978962 -2.073312 -1.424376 -2.351925 -1.978962 -2.073312 -1.931358 -2.277928 -1.931358 -2.277928 -1.978962 -2.073312 -2.133398 -2.159871 -1.931358 -2.277928 -2.133398 -2.159871 -2.304756 -2.204674 -2.304756 -2.204674 -2.481871 -2.205402 -1.931358 -2.277928 -1.424376 -2.351925 -0.959547 -2.426005 -0.384107 -1.721586 -0.384107 -1.721586 -0.959547 -2.426005 -0.02327096 -2.125469 -0.02327096 -2.125469 -0.959547 -2.426005 -0.535491 -2.498771 -0.02327096 -2.125469 -0.535491 -2.498771 -0.150831 -2.568824 -0.02327096 -2.125469 -0.150831 -2.568824 0.40637 -2.455214 0.40637 -2.455214 -0.150831 -2.568824 0.195813 -2.634767 0.40637 -2.455214 0.195813 -2.634767 0.50582 -2.695201 0.40637 -2.455214 0.50582 -2.695201 0.889832 -2.699322 0.889832 -2.699322 0.50582 -2.695201 0.780568 -2.74873 0.889832 -2.699322 0.780568 -2.74873 1.25591 -2.834516 0.889832 -2.699322 1.25591 -2.834516 1.410252 -2.849277 1.410252 -2.849277 1.25591 -2.834516 1.663428 -2.886857 1.410252 -2.849277 1.663428 -2.886857 1.949479 -2.89985 -0.123066 11.51319 -0.2 11.49751 0 11.44924 0 11.44924 -0.2 11.49751 -5.08 11.49751 0 11.44924 -5.08 11.49751 -5.08 11.314 0 11.44924 -5.08 11.314 0 11.19811 0 11.19811 -5.08 11.314 -5.08 11.13049 0 11.19811 -5.08 11.13049 0 10.94698 0 10.94698 -5.08 11.13049 -5.08 10.94698 0 11.70037 -0.01510596 11.62324 0 11.44924 0 11.44924 -0.01510596 11.62324 -0.05823296 11.55747 0 11.44924 -0.05823296 11.55747 -0.123066 11.51319 -5.08 -11.314 -5.08 -11.49751 0 -11.44924 0 -11.44924 -5.08 -11.49751 -0.2 -11.49751 0 -11.44924 -0.2 -11.49751 -0.123066 -11.51319 -0.123066 -11.51319 -0.05823296 -11.55747 0 -11.44924 0 -11.44924 -0.05823296 -11.55747 -0.01510596 -11.62324 0 -11.44924 -0.01510596 -11.62324 0 -11.70037 0 -11.44924 0 -11.19811 -5.08 -11.314 -5.08 -11.314 0 -11.19811 -5.08 -11.13049 -5.08 -11.13049 0 -11.19811 0 -10.94698 -5.08 -11.13049 0 -10.94698 -5.08 -10.94698 0 0 0.17792 0 0 2.25 0 2.25 0.17792 0 0.17792 2.25 0.17792 2.25 0.17792 0 0.355839 0 0.17792 2.25 0.355839 0 0.355839 2.25 0.355839 2.25 0.355839 0 0.533759 0 0.355839 2.25 0.533759 0 0.533759 2.25 0.533759 2.25 0.533759 0 0.711679 0 0.533759 2.25 0.711679 0 0.711679 2.25 0.711679 2.25 0.711679 0 0.889598 0 0.711679 2.25 0.889598 0 0.889598 2.25 0.889598 2.25 0.889598 0 1.067518 0 0.889598 2.25 1.067518 0 1.067518 2.25 1.067518 2.25 1.067518 0 1.245438 0 1.067518 2.25 1.245438 0 1.245438 2.25 1.245438 2.25 1.245438 0 1.423357 0 1.245438 2.25 1.423357 0 1.423357 2.25 1.423357 2.25 1.245438 2.25 1.423357 0 1.423357 0 1.245438 2.25 1.245438 0 1.245438 0 1.245438 2.25 1.067518 2.25 1.245438 0 1.067518 2.25 1.067518 0 1.067518 0 1.067518 2.25 0.889598 2.25 1.067518 0 0.889598 2.25 0.889598 0 0.889598 0 0.889598 2.25 0.711679 2.25 0.889598 0 0.711679 2.25 0.711679 0 0.711679 0 0.711679 2.25 0.533759 2.25 0.711679 0 0.533759 2.25 0.533759 0 0.533759 0 0.533759 2.25 0.355839 2.25 0.533759 0 0.355839 2.25 0.355839 0 0.355839 0 0.355839 2.25 0.17792 2.25 0.355839 0 0.17792 2.25 0.17792 0 0.17792 0 0.17792 2.25 0 2.25 0.17792 0 0 2.25 0 0 1.420449 5.08 1.242893 5.08 1.420449 0 1.420449 0 1.242893 5.08 1.242893 0 1.242893 0 1.242893 5.08 1.065337 5.08 1.242893 0 1.065337 5.08 1.065337 0 1.065337 0 1.065337 5.08 0.887781 5.08 1.065337 0 0.887781 5.08 0.887781 0 0.887781 0 0.887781 5.08 0.710225 5.08 0.887781 0 0.710225 5.08 0.710225 0 0.710225 0 0.710225 5.08 0.532669 5.08 0.710225 0 0.532669 5.08 0.532669 0 0.532669 0 0.532669 5.08 0.355112 5.08 0.532669 0 0.355112 5.08 0.355112 0 0.355112 0 0.355112 5.08 0.177556 5.08 0.355112 0 0.177556 5.08 0.177556 0 0.177556 0 0.177556 5.08 0 5.08 0.177556 0 0 5.08 0 0 0 0 0.177556 0 0 5.08 0 5.08 0.177556 0 0.177556 5.08 0.177556 5.08 0.177556 0 0.355112 0 0.177556 5.08 0.355112 0 0.355112 5.08 0.355112 5.08 0.355112 0 0.532669 0 0.355112 5.08 0.532669 0 0.532669 5.08 0.532669 5.08 0.532669 0 0.710225 0 0.532669 5.08 0.710225 0 0.710225 5.08 0.710225 5.08 0.710225 0 0.887781 0 0.710225 5.08 0.887781 0 0.887781 5.08 0.887781 5.08 0.887781 0 1.065337 0 0.887781 5.08 1.065337 0 1.065337 5.08 1.065337 5.08 1.065337 0 1.242893 0 1.065337 5.08 1.242893 0 1.242893 5.08 1.242893 5.08 1.242893 0 1.420449 0 1.242893 5.08 1.420449 0 1.420449 5.08 -0.382487 5.117162 -0.382487 4.578514 0.382487 5.117162 0.382487 5.117162 -0.382487 4.578514 0.382487 4.548589 0.382487 4.548589 -0.382487 4.578514 -0.382487 4.039865 0.382487 4.548589 -0.382487 4.039865 0.382487 3.980015 0.382487 3.980015 -0.382487 4.039865 -0.382487 3.501216 0.382487 3.980015 -0.382487 3.501216 0.382487 3.411442 0.382487 3.411442 -0.382487 3.501216 -0.382487 2.962568 0.382487 3.411442 -0.382487 2.962568 0.382487 2.842868 0.382487 2.842868 -0.382487 2.962568 -0.382487 2.423919 0.382487 2.842868 -0.382487 2.423919 0.382487 2.274294 0.382487 2.274294 -0.382487 2.423919 -0.382487 1.88527 0.382487 2.274294 -0.382487 1.88527 0.382487 1.705721 0.382487 1.705721 -0.382487 1.88527 -0.382487 1.346622 0.382487 1.705721 -0.382487 1.346622 0.382487 1.137147 0.382487 1.137147 -0.382487 1.346622 -0.382487 0.807973 0.382487 1.137147 -0.382487 0.807973 0.382487 0.568574 0.382487 0.568574 -0.382487 0.807973 -0.382487 0.269324 0.382487 0.568574 -0.382487 0.269324 0.382487 0 0.382487 0 -0.382487 0.269324 -0.382487 -0.269324 0.382487 0 -0.382487 -0.269324 0.382487 -0.568574 0.382487 -0.568574 -0.382487 -0.269324 -0.382487 -0.807973 0.382487 -0.568574 -0.382487 -0.807973 0.382487 -1.137147 0.382487 -1.137147 -0.382487 -0.807973 -0.382487 -1.346622 0.382487 -1.137147 -0.382487 -1.346622 0.382487 -1.705721 0.382487 -1.705721 -0.382487 -1.346622 -0.382487 -1.88527 0.382487 -1.705721 -0.382487 -1.88527 0.382487 -2.274294 0.382487 -2.274294 -0.382487 -1.88527 -0.382487 -2.423919 0.382487 -2.274294 -0.382487 -2.423919 0.382487 -2.842868 0.382487 -2.842868 -0.382487 -2.423919 -0.382487 -2.962568 0.382487 -2.842868 -0.382487 -2.962568 0.382487 -3.411442 0.382487 -3.411442 -0.382487 -2.962568 -0.382487 -3.501216 0.382487 -3.411442 -0.382487 -3.501216 0.382487 -3.980015 0.382487 -3.980015 -0.382487 -3.501216 -0.382487 -4.039865 0.382487 -3.980015 -0.382487 -4.039865 0.382487 -4.548589 0.382487 -4.548589 -0.382487 -4.039865 -0.382487 -4.578514 0.382487 -4.548589 -0.382487 -4.578514 0.382487 -5.117162 0.382487 -5.117162 -0.382487 -4.578514 -0.382487 -5.117162 0.814304 15.11494 0.814304 16.66147 0.407095 16.08976 0.407095 16.08976 0.814304 16.66147 0.610811 16.7623 0.407095 16.08976 0.610811 16.7623 0.407236 16.8642 0.407095 16.08976 0.407236 16.8642 4.3e-5 16.28872 4.3e-5 16.28872 0.407236 16.8642 0.202876 16.96755 4.3e-5 16.28872 0.202876 16.96755 9.5e-5 17.07117 4.3e-5 16.28872 -3.8e-5 15.10835 0.407095 16.08976 0.407095 16.08976 -3.8e-5 15.10835 0.407095 15.11164 0.407095 16.08976 0.407095 15.11164 0.814304 15.11494 0.814304 15.11494 0.407095 15.11164 0.814304 14.16746 0.814304 14.16746 0.407095 15.11164 0.407095 14.16757 0.814304 14.16746 0.407095 14.16757 0.407095 13.07211 0.407095 13.07211 0.407095 14.16757 -3.7e-5 14.16768 0.407095 13.07211 -3.7e-5 14.16768 2.4e-5 12.75915 0.407095 15.11164 -3.8e-5 15.10835 0.407095 14.16757 0.407095 14.16757 -3.8e-5 15.10835 -3.7e-5 14.16768 0.407095 13.07211 2.4e-5 12.75915 0.407095 11.96725 0.407095 11.96725 2.4e-5 12.75915 4.5e-5 10.86232 0.407095 11.96725 4.5e-5 10.86232 0.407095 10.86236 0.407095 10.86236 4.5e-5 10.86232 0.407095 10.22694 0.407095 10.86236 0.407095 10.22694 0.814304 10.8624 0.814304 10.8624 0.407095 10.22694 0.814304 9.273762 0.814304 9.273762 0.407095 10.22694 0.407095 8.9403 0.814304 9.273762 0.407095 8.9403 0.814304 8.479444 0.814304 8.479444 0.407095 8.9403 0.407095 8.296978 0.814304 8.479444 0.407095 8.296978 0.814304 7.685126 0.814304 7.685126 0.407095 8.296978 0.407095 7.653657 0.814304 7.685126 0.407095 7.653657 0.814304 7.653657 0.814304 7.653657 0.407095 7.653657 0.814304 6.988622 0.814304 6.988622 0.407095 7.653657 0.407095 6.988622 0.814304 6.988622 0.407095 6.988622 0.814304 6.323587 0.814304 6.323587 0.407095 6.988622 0.407095 6.323587 0.814304 6.323587 0.407095 6.323587 0.814304 5.658552 0.814304 5.658552 0.407095 6.323587 0.407095 5.658552 0.814304 5.658552 0.407095 5.658552 0.814304 4.993518 0.814304 4.993518 0.407095 5.658552 0.407095 4.993518 0.814304 4.993518 0.407095 4.993518 0.407095 4.957263 0.407095 4.957263 0.407095 4.993518 -2e-6 4.993518 0.407095 4.957263 -2e-6 4.993518 -2e-6 4.685594 4.5e-5 10.86232 7e-6 9.409038 0.407095 10.22694 0.407095 10.22694 7e-6 9.409038 0.407095 8.9403 7e-6 9.409038 6e-6 8.956035 0.407095 8.9403 0.407095 8.9403 6e-6 8.956035 3e-5 7.685126 0.407095 8.9403 3e-5 7.685126 0.407095 8.296978 0.407095 8.296978 3e-5 7.685126 0.407095 7.653657 3e-5 7.685126 -2.6e-5 6.589601 0.407095 7.653657 0.407095 7.653657 -2.6e-5 6.589601 0.407095 6.988622 0.407095 6.988622 -2.6e-5 6.589601 0.407095 6.323587 0.407095 6.323587 -2.6e-5 6.589601 -1.5e-5 5.791559 0.407095 6.323587 -1.5e-5 5.791559 0.407095 5.658552 0.407095 5.658552 -1.5e-5 5.791559 -2e-6 4.993518 0.407095 5.658552 -2e-6 4.993518 0.407095 4.993518 0.407095 4.957263 -2e-6 4.685594 0.407095 4.722031 0.407095 4.722031 -2e-6 4.685594 7.4e-5 4.099895 0.407095 4.722031 7.4e-5 4.099895 0.407095 4.029527 0.407095 4.029527 7.4e-5 4.099895 1.58e-4 3.514198 0.407095 4.029527 1.58e-4 3.514198 0.407095 3.337024 0.407095 3.337024 1.58e-4 3.514198 0.407095 2.644521 0.407095 3.337024 0.407095 2.644521 0.814304 2.951269 0.814304 2.951269 0.407095 2.644521 0.814304 2.361015 0.814304 2.361015 0.407095 2.644521 0.407095 1.952018 0.814304 2.361015 0.407095 1.952018 0.814304 1.180508 0.814304 1.180508 0.407095 1.952018 0.407095 0.976009 0.814304 1.180508 0.407095 0.976009 0.814304 0 0.814304 0 0.407095 0.976009 0 0 0 0 0.407095 0.976009 2.98e-4 1.549111 2.98e-4 1.549111 0.407095 0.976009 0.407095 1.952018 2.98e-4 1.549111 0.407095 1.952018 5e-6 2.342797 5e-6 2.342797 0.407095 1.952018 0.407095 2.644521 5e-6 2.342797 0.407095 2.644521 1.58e-4 3.514198 0.814304 2.951269 0.814304 3.541523 0.407095 3.337024 0.407095 3.337024 0.814304 3.541523 0.407095 4.029527 0.814304 3.541523 0.814304 4.131777 0.407095 4.029527 0.407095 4.029527 0.814304 4.131777 0.407095 4.722031 0.814304 4.131777 0.814304 4.722031 0.407095 4.722031 0.407095 4.722031 0.814304 4.722031 0.407095 4.957263 0.814304 4.722031 0.814304 4.993518 0.407095 4.957263 0.814304 10.8624 0.814304 10.88139 0.407095 10.86236 0.407095 10.86236 0.814304 10.88139 0.407095 11.96725 0.814304 10.88139 0.814304 12.52443 0.407095 11.96725 0.407095 11.96725 0.814304 12.52443 0.407095 13.07211 0.814304 12.52443 0.814304 14.16746 0.407095 13.07211 -0.382487 -5.117162 0.382487 -5.117162 -0.382487 -4.578514 -0.382487 -4.578514 0.382487 -5.117162 0.382487 -4.548589 -0.382487 -4.578514 0.382487 -4.548589 -0.382487 -4.039865 -0.382487 -4.039865 0.382487 -4.548589 0.382487 -3.980015 -0.382487 -4.039865 0.382487 -3.980015 -0.382487 -3.501216 -0.382487 -3.501216 0.382487 -3.980015 0.382487 -3.411442 -0.382487 -3.501216 0.382487 -3.411442 -0.382487 -2.962568 -0.382487 -2.962568 0.382487 -3.411442 0.382487 -2.842868 -0.382487 -2.962568 0.382487 -2.842868 -0.382487 -2.423919 -0.382487 -2.423919 0.382487 -2.842868 0.382487 -2.274294 -0.382487 -2.423919 0.382487 -2.274294 -0.382487 -1.88527 -0.382487 -1.88527 0.382487 -2.274294 0.382487 -1.705721 -0.382487 -1.88527 0.382487 -1.705721 -0.382487 -1.346622 -0.382487 -1.346622 0.382487 -1.705721 0.382487 -1.137147 -0.382487 -1.346622 0.382487 -1.137147 -0.382487 -0.807973 -0.382487 -0.807973 0.382487 -1.137147 0.382487 -0.568574 -0.382487 -0.807973 0.382487 -0.568574 -0.382487 -0.269324 -0.382487 -0.269324 0.382487 -0.568574 0.382487 0 -0.382487 -0.269324 0.382487 0 -0.382487 0.269324 -0.382487 0.269324 0.382487 0 0.382487 0.568574 -0.382487 0.269324 0.382487 0.568574 -0.382487 0.807973 -0.382487 0.807973 0.382487 0.568574 0.382487 1.137147 -0.382487 0.807973 0.382487 1.137147 -0.382487 1.346622 -0.382487 1.346622 0.382487 1.137147 0.382487 1.705721 -0.382487 1.346622 0.382487 1.705721 -0.382487 1.88527 -0.382487 1.88527 0.382487 1.705721 0.382487 2.274294 -0.382487 1.88527 0.382487 2.274294 -0.382487 2.423919 -0.382487 2.423919 0.382487 2.274294 0.382487 2.842868 -0.382487 2.423919 0.382487 2.842868 -0.382487 2.962568 -0.382487 2.962568 0.382487 2.842868 0.382487 3.411442 -0.382487 2.962568 0.382487 3.411442 -0.382487 3.501216 -0.382487 3.501216 0.382487 3.411442 0.382487 3.980015 -0.382487 3.501216 0.382487 3.980015 -0.382487 4.039865 -0.382487 4.039865 0.382487 3.980015 0.382487 4.548589 -0.382487 4.039865 0.382487 4.548589 -0.382487 4.578514 -0.382487 4.578514 0.382487 4.548589 0.382487 5.117162 -0.382487 4.578514 0.382487 5.117162 -0.382487 5.117162 0.814189 17.06963 0.611483 16.96605 0.814242 16.28725 0.814242 16.28725 0.611483 16.96605 0.4072 16.86274 0.814242 16.28725 0.4072 16.86274 0.407219 16.0883 0.407219 16.0883 0.4072 16.86274 0.203559 16.76082 0.407219 16.0883 0.203559 16.76082 0 16.65996 0 16.65996 0 15.11357 0.407219 16.0883 0.407219 16.0883 0 15.11357 0.407219 15.11028 0.407219 16.0883 0.407219 15.11028 0.814242 16.28725 0.814242 16.28725 0.407219 15.11028 0.814314 14.70378 0.814314 14.70378 0.407219 15.11028 0.407219 14.16618 0.814314 14.70378 0.407219 14.16618 0.814322 14.16618 0.814322 14.16618 0.407219 14.16618 0.407219 13.07092 0.814322 14.16618 0.407219 13.07092 0.814293 12.28859 0.814293 12.28859 0.407219 13.07092 0.407219 11.96617 0.814293 12.28859 0.407219 11.96617 0.81424 10.88041 0.81424 10.88041 0.407219 11.96617 0.407219 10.86141 0.81424 10.88041 0.407219 10.86141 0.814275 9.59062 0.814275 9.59062 0.407219 10.86141 0.407219 9.59062 0.814275 9.59062 0.407219 9.59062 0.814266 8.637525 0.814266 8.637525 0.407219 9.59062 0.407219 8.319828 0.814266 8.637525 0.407219 8.319828 0.814255 7.68443 0.814255 7.68443 0.407219 8.319828 0.407219 7.652957 0.814255 7.68443 0.407219 7.652957 0.814255 7.652952 0.814255 7.652952 0.407219 7.652957 0.407219 6.987989 0.814255 7.652952 0.407219 6.987989 0.814291 6.854988 0.814291 6.854988 0.407219 6.987989 0.407219 6.323014 0.814291 6.854988 0.407219 6.323014 0.814315 6.057024 0.814315 6.057024 0.407219 6.323014 0.407219 5.65804 0.814315 6.057024 0.407219 5.65804 0.814298 5.525044 0.814298 5.525044 0.407219 5.65804 0.407219 4.993065 0.814298 5.525044 0.407219 4.993065 0.814287 4.993065 0.814287 4.993065 0.407219 4.993065 0.407219 4.956814 0.814287 4.993065 0.407219 4.956814 0.814287 4.721603 0.814287 4.721603 0.407219 4.956814 0.407219 4.721603 0.814287 4.721603 0.407219 4.721603 0.814287 4.685169 0.814287 4.685169 0.407219 4.721603 0.814211 4.099524 0.814211 4.099524 0.407219 4.721603 0.407219 4.029162 0.814211 4.099524 0.407219 4.029162 0.814126 3.513879 0.814126 3.513879 0.407219 4.029162 0.407219 3.336722 0.814126 3.513879 0.407219 3.336722 0.407219 2.644281 0.407219 2.644281 0.407219 3.336722 0 2.951002 0.407219 2.644281 0 2.951002 0 2.360801 0 15.11357 0 14.16618 0.407219 15.11028 0.407219 15.11028 0 14.16618 0.407219 14.16618 0.407219 14.16618 0 14.16618 0.407219 13.07092 0.407219 13.07092 0 14.16618 0 12.52329 0.407219 13.07092 0 12.52329 0.407219 11.96617 0.407219 11.96617 0 12.52329 0 10.88041 0.407219 11.96617 0 10.88041 0.407219 10.86141 0.407219 10.86141 0 10.88041 0 10.86141 0.407219 10.86141 0 10.86141 0.407219 9.59062 0.407219 9.59062 0 10.86141 0 9.272922 0.407219 9.59062 0 9.272922 0.407219 8.319828 0.407219 8.319828 0 9.272922 0 8.478676 0.407219 8.319828 0 8.478676 0 7.68443 0.407219 8.319828 0 7.68443 0.407219 7.652957 0.407219 7.652957 0 7.68443 0 7.652963 0.407219 7.652957 0 7.652963 0 6.987989 0 6.323014 0.407219 6.323014 0 6.987989 0 6.987989 0.407219 6.323014 0.407219 6.987989 0 6.987989 0.407219 6.987989 0.407219 7.652957 0.407219 6.323014 0 6.323014 0.407219 5.65804 0.407219 5.65804 0 6.323014 0 5.65804 0.407219 5.65804 0 5.65804 0.407219 4.993065 0.407219 4.993065 0 5.65804 0 4.993065 0.407219 4.993065 0 4.993065 0.407219 4.956814 0.407219 4.956814 0 4.993065 0 4.721603 0.407219 4.956814 0 4.721603 0.407219 4.721603 0.407219 4.721603 0 4.721603 0.407219 4.029162 0 4.721603 0 4.131402 0.407219 4.029162 0.407219 4.029162 0 4.131402 0 3.541202 0.407219 4.029162 0 3.541202 0.407219 3.336722 0.407219 3.336722 0 3.541202 0 2.951002 0.407219 2.644281 0 2.360801 0.407219 1.951841 0.407219 1.951841 0 2.360801 0 1.180401 0.407219 1.951841 0 1.180401 0.407219 0.97592 0.407219 0.97592 0 1.180401 0 0 0.407219 0.97592 0 0 0.814285 0 0.814285 0 0.813986 1.548971 0.407219 0.97592 0.407219 0.97592 0.813986 1.548971 0.407219 1.951841 0.813986 1.548971 0.81428 2.342584 0.407219 1.951841 0.407219 1.951841 0.81428 2.342584 0.407219 2.644281 0.81428 2.342584 0.814126 3.513879 0.407219 2.644281 -2.59043 -2.236968 -0.968781 -2.123513 -2.59043 -2.03612 -2.59043 -2.03612 -0.968781 -2.123513 -0.618442 -1.906918 -0.618442 -1.906918 -0.968781 -2.123513 0.04485595 -2.083421 -0.618442 -1.906918 0.04485595 -2.083421 1.387332 -1.864105 1.387332 -1.864105 0.04485595 -2.083421 1.815601 -2.065646 1.387332 -1.864105 1.815601 -2.065646 3.429349 -1.905522 3.429349 -1.905522 1.815601 -2.065646 3.596938 -2.112503 3.429349 -1.905522 3.596938 -2.112503 3.617456 -2.11343 3.429349 -1.905522 3.617456 -2.11343 5.471077 -2.033754 5.471077 -2.033754 3.617456 -2.11343 5.30499 -2.220601 5.471077 -2.033754 5.30499 -2.220601 6.113684 -2.294082 5.471077 -2.033754 6.113684 -2.294082 6.349347 -2.117243 6.349347 -2.117243 6.113684 -2.294082 6.885276 -2.378581 6.349347 -2.117243 6.885276 -2.378581 7.145619 -2.208928 7.145619 -2.208928 6.885276 -2.378581 6.914919 -2.382126 7.145619 -2.208928 6.914919 -2.382126 7.522521 -2.459849 7.145619 -2.208928 7.522521 -2.459849 7.863103 -2.305554 7.863103 -2.305554 7.522521 -2.459849 8.091784 -2.541555 7.863103 -2.305554 8.091784 -2.541555 8.50501 -2.403867 8.50501 -2.403867 8.091784 -2.541555 8.619592 -2.625165 8.50501 -2.403867 8.619592 -2.625165 9.074551 -2.50061 9.074551 -2.50061 8.619592 -2.625165 9.1034 -2.708542 9.074551 -2.50061 9.1034 -2.708542 9.574937 -2.59253 9.574937 -2.59253 9.1034 -2.708542 9.287685 -2.742006 9.574937 -2.59253 9.287685 -2.742006 9.662055 -2.812587 9.574937 -2.59253 9.662055 -2.812587 10.00938 -2.676372 10.00938 -2.676372 9.662055 -2.812587 10.00253 -2.878901 10.00938 -2.676372 10.00253 -2.878901 10.38109 -2.74888 10.38109 -2.74888 10.00253 -2.878901 10.31222 -2.939361 10.38109 -2.74888 10.31222 -2.939361 10.85643 -2.834666 10.85643 -2.834666 10.31222 -2.939361 10.59459 -2.992512 10.85643 -2.834666 10.59459 -2.992512 11.09502 -3.070768 10.85643 -2.834666 11.09502 -3.070768 11.26395 -2.887007 11.26395 -2.887007 11.09502 -3.070768 11.55 -3.1 11.26395 -2.887007 11.55 -3.1 11.55 -2.9 11.55 -2.9 11.55 -3.1 12.08831 -3.052904 11.55 -2.9 12.08831 -3.052904 12.08287 -2.850622 12.08287 -2.850622 12.08831 -3.052904 12.61026 -2.913047 12.08287 -2.850622 12.61026 -2.913047 12.5976 -2.70417 12.5976 -2.70417 12.61026 -2.913047 13.1 -2.684679 12.5976 -2.70417 13.1 -2.684679 13.07665 -2.46563 13.07665 -2.46563 13.1 -2.684679 13.54264 -2.374738 13.07665 -2.46563 13.54264 -2.374738 13.50372 -2.143126 13.50372 -2.143126 13.54264 -2.374738 13.92474 -1.992642 13.50372 -2.143126 13.92474 -1.992642 13.86425 -1.747641 13.86425 -1.747641 13.92474 -1.992642 14.23468 -1.55 13.86425 -1.747641 14.23468 -1.55 14.14597 -1.292641 14.14597 -1.292641 14.23468 -1.55 14.46305 -1.060263 14.14597 -1.292641 14.46305 -1.060263 14.33929 -0.793623 14.33929 -0.793623 14.46305 -1.060263 14.6029 -0.538309 14.33929 -0.793623 14.6029 -0.538309 14.43763 -0.267578 14.43763 -0.267578 14.6029 -0.538309 14.65 0 14.43763 -0.267578 14.65 0 14.43763 0.267578 14.43763 0.267578 14.65 0 14.6029 0.538309 14.43763 0.267578 14.6029 0.538309 14.33929 0.793623 14.33929 0.793623 14.6029 0.538309 14.46305 1.060262 14.33929 0.793623 14.46305 1.060262 14.14597 1.292641 14.14597 1.292641 14.46305 1.060262 14.23468 1.55 14.14597 1.292641 14.23468 1.55 13.86425 1.74764 13.86425 1.74764 14.23468 1.55 13.92474 1.992642 13.86425 1.74764 13.92474 1.992642 13.50372 2.143126 13.50372 2.143126 13.92474 1.992642 13.54264 2.374738 13.50372 2.143126 13.54264 2.374738 13.07665 2.46563 13.07665 2.46563 13.54264 2.374738 13.1 2.684679 13.07665 2.46563 13.1 2.684679 12.5976 2.704169 12.5976 2.704169 13.1 2.684679 12.61026 2.913047 12.5976 2.704169 12.61026 2.913047 12.08287 2.850622 12.08287 2.850622 12.61026 2.913047 12.08831 3.052904 12.08287 2.850622 12.08831 3.052904 11.55 2.9 11.55 2.9 12.08831 3.052904 11.55 3.1 11.55 2.9 11.55 3.1 11.09502 3.070768 11.55 2.9 11.09502 3.070768 11.13295 2.873644 11.13295 2.873644 11.09502 3.070768 10.59459 2.992512 11.13295 2.873644 10.59459 2.992512 10.659 2.800873 10.659 2.800873 10.59459 2.992512 10.31222 2.939361 10.659 2.800873 10.31222 2.939361 10.29419 2.732055 10.29419 2.732055 10.31222 2.939361 10.00253 2.878901 10.29419 2.732055 10.00253 2.878901 9.901428 2.655355 9.901428 2.655355 10.00253 2.878901 9.662055 2.812587 9.901428 2.655355 9.662055 2.812587 9.287685 2.742006 9.901428 2.655355 9.287685 2.742006 9.430368 2.565524 9.430368 2.565524 9.287685 2.742006 9.1034 2.708542 9.430368 2.565524 9.1034 2.708542 8.888632 2.468113 8.888632 2.468113 9.1034 2.708542 8.619644 2.625161 8.888632 2.468113 8.619644 2.625161 8.283842 2.368671 8.283842 2.368671 8.619644 2.625161 8.091795 2.541557 8.283842 2.368671 8.091795 2.541557 7.522492 2.459852 8.283842 2.368671 7.522492 2.459852 6.972204 2.187656 6.972204 2.187656 7.522492 2.459852 6.914919 2.382125 6.972204 2.187656 6.914919 2.382125 6.885276 2.378581 6.885276 2.378581 6.113776 2.294118 6.972204 2.187656 6.972204 2.187656 6.113776 2.294118 5.651267 2.048976 5.651267 2.048976 6.113776 2.294118 5.30498 2.220607 5.651267 2.048976 5.30498 2.220607 4.329368 1.950431 4.329368 1.950431 5.30498 2.220607 3.617456 2.11343 4.329368 1.950431 3.617456 2.11343 3.596938 2.112502 4.329368 1.950431 3.596938 2.112502 3.014846 1.889822 3.014846 1.889822 3.596938 2.112502 1.815601 2.065646 3.014846 1.889822 1.815601 2.065646 1.713503 1.864935 1.713503 1.864935 1.815601 2.065646 0.396812 1.874837 0.396812 1.874837 1.815601 2.065646 0.04485595 2.083421 0.396812 1.874837 0.04485595 2.083421 -0.935435 1.921907 -0.935435 1.921907 0.04485595 2.083421 -0.968781 2.123512 -0.935435 1.921907 -0.968781 2.123512 -2.270242 2.008985 -2.270242 2.008985 -0.968781 2.123512 -2.59043 2.236968 -2.270242 2.008985 -2.59043 2.236968 -2.59043 2.036178 -1.391503 2.036178 -1.391503 2.236968 -2.937802 2.112085 -2.937802 2.112085 -1.391503 2.236968 -1.5733 2.384629 -2.937802 2.112085 -1.5733 2.384629 -1.755233 2.532502 -1.755233 2.532502 -1.937822 2.680968 -2.937802 2.112085 -2.937802 2.112085 -1.937822 2.680968 -2.11917 2.82828 -2.937802 2.112085 -2.11917 2.82828 -2.685363 3.039025 -2.937802 2.112085 -2.685363 3.039025 -4.451459 2.201061 -4.451459 2.201061 -2.685363 3.039025 -3.264639 3.210275 -4.451459 2.201061 -3.264639 3.210275 -3.854114 3.341692 -3.854114 3.341692 -4.451459 3.433261 -4.451459 2.201061 -0.57735 2.322171 -0.577387 3.550808 -0.958109 2.382551 -0.958109 2.382551 -0.577387 3.550808 -1.135483 2.388666 -1.135483 2.388666 -0.577387 3.550808 -1.265956 3.638436 -1.135483 2.388666 -1.265956 3.638436 -1.308779 2.350336 -1.308779 2.350336 -1.265956 3.638436 -1.920814 3.730224 -1.308779 2.350336 -1.920814 3.730224 -1.466679 2.269467 -1.466679 2.269467 -1.920814 3.730224 -1.599393 2.151563 -1.599393 2.151563 -1.920814 3.730224 -2.540699 3.825095 -1.599393 2.151563 -2.540699 3.825095 -3.308065 2.044332 -3.308065 2.044332 -2.540699 3.825095 -3.677863 2.536444 -3.677863 2.536444 -2.540699 3.825095 -3.124312 3.921972 -3.677863 2.536444 -3.124312 3.921972 -4.121813 2.962864 -4.121813 2.962864 -3.124312 3.921972 -3.623817 4.011177 -4.121813 2.962864 -3.623817 4.011177 -4.094669 4.099859 -4.962619 4.267338 -5.184553 3.576437 -4.094669 4.099859 -4.094669 4.099859 -5.184553 3.576437 -4.628417 3.312547 -4.094669 4.099859 -4.628417 3.312547 -4.121813 2.962864 -5.184553 3.576437 -4.962619 4.267338 -5.775818 3.747699 -5.775818 3.747699 -4.962619 4.267338 -5.761385 4.401305 -5.775818 3.747699 -5.761385 4.401305 -6.150138 4.443296 -5.775818 3.747699 -6.150138 4.443296 -6.386899 3.821898 -6.386899 3.821898 -6.150138 4.443296 -6.540917 4.459084 -6.386899 3.821898 -6.540917 4.459084 -7.00197 3.797111 -7.00197 3.797111 -6.540917 4.459084 -7.205509 4.409279 -7.00197 3.797111 -7.205509 4.409279 -7.605099 3.673982 -7.605099 3.673982 -7.205509 4.409279 -7.855254 4.260979 -7.605099 3.673982 -7.855254 4.260979 -8.475641 4.017495 -7.605099 3.673982 -8.475641 4.017495 -8.180666 3.455698 -8.180666 3.455698 -8.475641 4.017495 -9.052808 3.684268 -8.180666 3.455698 -9.052808 3.684268 -8.713765 3.147913 -8.713765 3.147913 -9.052808 3.684268 -9.573863 3.268739 -8.713765 3.147913 -9.573863 3.268739 -9.190587 2.758599 -9.190587 2.758599 -9.573863 3.268739 -10.02717 2.780193 -9.190587 2.758599 -10.02717 2.780193 -9.598786 2.297839 -9.598786 2.297839 -10.02717 2.780193 -10.4026 2.229542 -9.598786 2.297839 -10.4026 2.229542 -9.927786 1.777566 -9.927786 1.777566 -10.4026 2.229542 -10.69176 1.629086 -9.927786 1.777566 -10.69176 1.629086 -10.16907 1.211255 -10.16907 1.211255 -10.69176 1.629086 -10.8882 0.992239 -10.16907 1.211255 -10.8882 0.992239 -10.31638 0.613573 -10.31638 0.613573 -10.8882 0.992239 -10.98753 0.333228 -10.31638 0.613573 -10.98753 0.333228 -10.36592 0 -10.36592 0 -10.98753 0.333228 -10.98753 -0.333228 -10.36592 0 -10.98753 -0.333228 -10.31638 -0.613573 -10.31638 -0.613573 -10.98753 -0.333228 -10.8882 -0.992239 -10.31638 -0.613573 -10.8882 -0.992239 -10.16907 -1.211255 -10.16907 -1.211255 -10.8882 -0.992239 -10.69176 -1.629086 -10.16907 -1.211255 -10.69176 -1.629086 -9.927786 -1.777566 -9.927786 -1.777566 -10.69176 -1.629086 -10.4026 -2.229541 -9.927786 -1.777566 -10.4026 -2.229541 -9.598786 -2.297839 -9.598786 -2.297839 -10.4026 -2.229541 -10.02717 -2.780193 -9.598786 -2.297839 -10.02717 -2.780193 -9.190587 -2.758599 -9.190587 -2.758599 -10.02717 -2.780193 -9.573863 -3.268739 -9.190587 -2.758599 -9.573863 -3.268739 -8.713765 -3.147913 -8.713765 -3.147913 -9.573863 -3.268739 -9.052808 -3.684267 -8.713765 -3.147913 -9.052808 -3.684267 -8.180666 -3.455698 -8.180666 -3.455698 -9.052808 -3.684267 -8.475641 -4.017495 -8.180666 -3.455698 -8.475641 -4.017495 -7.605099 -3.673982 -7.605099 -3.673982 -8.475641 -4.017495 -7.855255 -4.260979 -7.605099 -3.673982 -7.855255 -4.260979 -7.205509 -4.409279 -7.605099 -3.673982 -7.205509 -4.409279 -7.00197 -3.797111 -7.00197 -3.797111 -7.205509 -4.409279 -6.540917 -4.459083 -7.00197 -3.797111 -6.540917 -4.459083 -6.386899 -3.821898 -6.386899 -3.821898 -6.540917 -4.459083 -6.150138 -4.443296 -6.386899 -3.821898 -6.150138 -4.443296 -5.775818 -3.747699 -5.775818 -3.747699 -6.150138 -4.443296 -5.761385 -4.401305 -5.775818 -3.747699 -5.761385 -4.401305 -4.962619 -4.267338 -5.775818 -3.747699 -4.962619 -4.267338 -5.184553 -3.576437 -5.184553 -3.576437 -4.962619 -4.267338 -4.094669 -4.099859 -5.184553 -3.576437 -4.094669 -4.099859 -4.628417 -3.312547 -4.628417 -3.312547 -4.094669 -4.099859 -4.121813 -2.962864 -4.121813 -2.962864 -4.094669 -4.099859 -3.623817 -4.011177 -4.121813 -2.962864 -3.623817 -4.011177 -3.124312 -3.921972 -4.121813 -2.962864 -3.124312 -3.921972 -3.677863 -2.536444 -3.677863 -2.536444 -3.124312 -3.921972 -2.540699 -3.825095 -3.677863 -2.536444 -2.540699 -3.825095 -3.308065 -2.044332 -3.308065 -2.044332 -2.540699 -3.825095 -1.599393 -2.151563 -3.308065 -2.044332 -1.599393 -2.151563 -1.698074 -2.004212 -2.540699 -3.825095 -1.920814 -3.730224 -1.599393 -2.151563 -1.599393 -2.151563 -1.920814 -3.730224 -1.466679 -2.269467 -1.466679 -2.269467 -1.920814 -3.730224 -1.308779 -2.350336 -1.308779 -2.350336 -1.920814 -3.730224 -1.265956 -3.638436 -1.308779 -2.350336 -1.265956 -3.638436 -1.135483 -2.388666 -1.135483 -2.388666 -1.265956 -3.638436 -0.577387 -3.550808 -1.135483 -2.388666 -0.577387 -3.550808 -0.958109 -2.382551 -0.958109 -2.382551 -0.577387 -3.550808 -0.862974 -2.367159 -0.862974 -2.367159 -0.577387 -3.550808 -0.767808 -2.351962 -0.767808 -2.351962 -0.577387 -3.550808 -0.6726 -2.337032 -0.6726 -2.337032 -0.577387 -3.550808 -0.57735 -2.322367 -1.698074 -2.004212 -1.756385 -1.836591 -3.308065 -2.044332 -3.308065 -2.044332 -1.756385 -1.836591 -3.021995 -1.499272 -3.021995 -1.499272 -1.756385 -1.836591 -1.771003 -1.65976 -3.021995 -1.499272 -1.771003 -1.65976 -1.74034 -1.484954 -3.021995 -1.499272 -1.74034 -1.484954 -2.827064 -0.915382 -2.827064 -0.915382 -1.74034 -1.484954 -1.597098 -0.899602 -2.827064 -0.915382 -1.597098 -0.899602 -2.72832 -0.307785 -2.72832 -0.307785 -1.597098 -0.899602 -1.524959 -0.301312 -2.72832 -0.307785 -1.524959 -0.301312 -1.524959 0.301312 -2.72832 -0.307785 -1.524959 0.301312 -2.72832 0.307785 -2.72832 0.307785 -1.524959 0.301312 -1.597098 0.899602 -2.72832 0.307785 -1.597098 0.899602 -2.827064 0.915382 -2.827064 0.915382 -1.597098 0.899602 -1.74034 1.484954 -2.827064 0.915382 -1.74034 1.484954 -3.021995 1.499272 -3.021995 1.499272 -1.74034 1.484954 -1.771003 1.65976 -3.021995 1.499272 -1.771003 1.65976 -1.756385 1.836591 -3.021995 1.499272 -1.756385 1.836591 -3.308065 2.044332 -3.308065 2.044332 -1.756385 1.836591 -1.698074 2.004212 -3.308065 2.044332 -1.698074 2.004212 -1.599393 2.151563 2.201125 0.523599 2.219083 0.291141 3.433261 0.523599 3.433261 0.523599 2.219083 0.291141 3.459906 0.28961 3.459906 0.28961 2.219083 0.291141 3.485118 0.05566799 3.485118 0.05566799 2.219083 0.291141 2.249869 -9.52e-4 3.485118 0.05566799 2.249869 -9.52e-4 3.510624 -0.178365 3.510624 -0.178365 2.249869 -9.52e-4 2.286896 -0.283287 3.510624 -0.178365 2.286896 -0.283287 3.537506 -0.412447 3.537506 -0.412447 2.286896 -0.283287 2.322367 -0.523599 3.537506 -0.412447 2.322367 -0.523599 3.550808 -0.523635 -3.550808 -0.523635 -2.322171 -0.523599 -3.537506 -0.412447 -3.537506 -0.412447 -2.322171 -0.523599 -2.293368 -0.329843 -3.537506 -0.412447 -2.293368 -0.329843 -3.51063 -0.1783919 -3.51063 -0.1783919 -2.293368 -0.329843 -2.266653 -0.13594 -3.51063 -0.1783919 -2.266653 -0.13594 -3.485123 0.055619 -3.485123 0.055619 -2.266653 -0.13594 -2.246253 0.02857196 -3.485123 0.055619 -2.246253 0.02857196 -2.228339 0.1932139 -3.485123 0.055619 -2.228339 0.1932139 -3.45991 0.289573 -3.45991 0.289573 -2.228339 0.1932139 -2.213188 0.358303 -3.45991 0.289573 -2.213188 0.358303 -3.433261 0.523599 -3.433261 0.523599 -2.213188 0.358303 -2.201061 0.523599 -2.685363 -3.039025 -2.11917 -2.82828 -4.451459 -2.201125 -4.451459 -2.201125 -2.11917 -2.82828 -1.937759 -2.680917 -4.451459 -2.201125 -1.937759 -2.680917 -1.755107 -2.5324 -1.755107 -2.5324 -1.573237 -2.384578 -4.451459 -2.201125 -4.451459 -2.201125 -1.573237 -2.384578 -1.391503 -2.03612 -1.391503 -2.03612 -1.573237 -2.384578 -1.391503 -2.236968 -4.451459 -3.433261 -3.854113 -3.341692 -4.451459 -2.201125 -4.451459 -2.201125 -3.854113 -3.341692 -3.264639 -3.210275 -4.451459 -2.201125 -3.264639 -3.210275 -2.685363 -3.039025 3.15 -9.110619 2.9375 -9.110619 3.15 -9.646537 3.15 -9.646537 2.9375 -9.110619 2.9375 -9.646537 3.15 -9.646537 2.9375 -9.646537 3.15 -10.18246 3.15 -10.18246 2.9375 -9.646537 2.9375 -10.18246 3.15 -10.18246 2.9375 -10.18246 3.15 -10.71837 3.15 -10.71837 2.9375 -10.18246 2.9375 -10.71837 3.15 -10.71837 2.9375 -10.71837 3.15 -11.25429 3.15 -11.25429 2.9375 -10.71837 2.9375 -11.25429 3.15 -11.25429 2.9375 -11.25429 3.15 -11.79021 3.15 -11.79021 2.9375 -11.25429 2.9375 -11.79021 3.15 -11.79021 2.9375 -11.79021 3.15 -12.32613 3.15 -12.32613 2.9375 -11.79021 2.9375 -12.32613 3.15 -12.32613 2.9375 -12.32613 3.15 -12.86205 3.15 -12.86205 2.9375 -12.32613 2.9375 -12.86205 3.15 -12.86205 2.9375 -12.86205 3.15 -13.39797 3.15 -13.39797 2.9375 -12.86205 2.9375 -13.39797 3.15 -13.39797 2.9375 -13.39797 3.15 -13.93389 3.15 -13.93389 2.9375 -13.39797 2.9375 -13.93389 3.15 -13.93389 2.9375 -13.93389 3.15 -14.46981 3.15 -14.46981 2.9375 -13.93389 2.9375 -14.46981 3.15 -14.46981 2.9375 -14.46981 3.15 -15.00572 3.15 -15.00572 2.9375 -14.46981 2.9375 -15.00572 3.15 -15.00572 2.9375 -15.00572 3.15 -15.54164 3.15 -15.54164 2.9375 -15.00572 2.9375 -15.54164 3.15 -15.54164 2.9375 -15.54164 3.15 -16.07756 3.15 -16.07756 2.9375 -15.54164 2.9375 -16.07756 3.15 -16.07756 2.9375 -16.07756 3.15 -16.61348 3.15 -16.61348 2.9375 -16.07756 2.9375 -16.61348 3.15 -16.61348 2.9375 -16.61348 3.15 -17.1494 3.15 -17.1494 2.9375 -16.61348 2.9375 -17.1494 3.15 -17.1494 2.9375 -17.1494 3.15 -17.68532 3.15 -17.68532 2.9375 -17.1494 2.9375 -17.68532 3.15 -17.68532 2.9375 -17.68532 3.15 -18.22124 3.15 -18.22124 2.9375 -17.68532 2.9375 -18.22124 21.98839 3.151361 21.89249 3.151361 21.98839 0.901361 21.98839 0.901361 21.89249 3.151361 21.79646 3.151361 21.98839 0.901361 21.79646 3.151361 21.70032 3.151361 21.70032 3.151361 21.60404 3.151361 21.98839 0.901361 21.98839 0.901361 21.60404 3.151361 21.36314 3.180097 21.98839 0.901361 21.36314 3.180097 20.92833 0.901361 20.92833 0.901361 21.36314 3.180097 21.09824 3.28486 20.92833 0.901361 21.09824 3.28486 20.86615 3.465303 20.86615 3.465303 20.72522 3.651361 20.92833 0.901361 20.92833 0.901361 20.72522 3.651361 19.86827 0.901361 19.86827 0.901361 20.72522 3.651361 19.16041 6.301361 19.86827 0.901361 19.16041 6.301361 18.77407 0.901361 18.77407 0.901361 19.16041 6.301361 17.67988 0.901361 17.67988 0.901361 19.16041 6.301361 17.14898 6.301361 17.67988 0.901361 17.14898 6.301361 16.58568 0.901361 16.58568 0.901361 17.14898 6.301361 15.13755 6.301361 16.58568 0.901361 15.13755 6.301361 15.49148 0.901361 15.49148 0.901361 15.13755 6.301361 14.39729 0.901361 14.39729 0.901361 15.13755 6.301361 13.12612 6.301361 14.39729 0.901361 13.12612 6.301361 13.30309 0.901361 13.30309 0.901361 13.12612 6.301361 12.20889 0.901361 12.20889 0.901361 13.12612 6.301361 11.1147 6.301361 12.20889 0.901361 11.1147 6.301361 11.1147 0.901361 11.1147 0.901361 11.1147 6.301361 10.21831 0.901361 10.21831 0.901361 11.1147 6.301361 10.20207 6.301361 10.21831 0.901361 10.20207 6.301361 9.321922 5.981361 9.321922 5.981361 10.20207 6.301361 9.289439 6.301361 9.321922 5.981361 9.289439 6.301361 8.63339 5.981361 8.63339 5.981361 9.289439 6.301361 8.37681 6.301361 8.63339 5.981361 8.37681 6.301361 7.944857 5.981361 7.944857 5.981361 8.37681 6.301361 7.46418 6.301361 7.944857 5.981361 7.46418 6.301361 7.256325 5.981361 7.256325 5.981361 7.46418 6.301361 6.551552 6.301361 7.256325 5.981361 6.551552 6.301361 6.567793 5.981361 6.567793 5.981361 6.551552 6.301361 5.879261 5.981361 5.879261 5.981361 6.551552 6.301361 5.638923 6.301361 5.879261 5.981361 5.638923 6.301361 5.190729 5.981361 5.190729 5.981361 5.638923 6.301361 4.726294 6.301361 5.190729 5.981361 4.726294 6.301361 4.502197 5.981361 4.502197 5.981361 4.726294 6.301361 3.813665 6.301361 4.502197 5.981361 3.813665 6.301361 3.813665 5.981361 3.813665 5.981361 3.813665 6.301361 2.423948 6.301361 3.813665 5.981361 2.423948 6.301361 2.423948 5.981361 2.423948 5.981361 2.423948 6.301361 1.034231 6.301361 2.423948 5.981361 1.034231 6.301361 1.034231 5.981361 1.034231 5.981361 1.034231 6.301361 0 6.088861 1.034231 5.981361 0 6.088861 0 5.981361 1.034231 6.301361 0 6.301361 0 6.088861 9.321922 5.981361 9.321922 0.901361 10.21831 0.901361</float_array>
          <technique_common>
            <accessor source="#thigh_r-mesh-map-0-array" count="17658" stride="2">
              <param name="S" type="float"/>
              <param name="T" type="float"/>
            </accessor>
          </technique_common>
        </source>
        <vertices id="thigh_r-mesh-vertices">
          <input semantic="POSITION" source="#thigh_r-mesh-positions"/>
        </vertices>
        <triangles material="Opaque_38_83_143__002-material" count="2294">
          <input semantic="VERTEX" source="#thigh_r-mesh-vertices" offset="0"/>
          <input semantic="NORMAL" source="#thigh_r-mesh-normals" offset="1"/>
          <input semantic="TEXCOORD" source="#thigh_r-mesh-map-0" offset="2" set="0"/>
          <p>1 0 0 5 0 1 0 0 2 0 0 3 5 0 4 6 0 5 0 0 6 6 0 7 11 0 8 11 0 9 6 0 10 7 0 11 11 0 12 7 0 13 10 0 14 10 0 15 7 0 16 8 0 17 10 0 18 8 0 19 9 0 20 5 0 21 1 0 22 4 0 23 4 0 24 1 0 25 2 0 26 4 0 27 2 0 28 3 0 29 13 1 30 17 1 31 12 1 32 12 1 33 17 1 34 18 1 35 12 1 36 18 1 37 23 1 38 23 1 39 18 1 40 19 1 41 23 1 42 19 1 43 22 1 44 22 1 45 19 1 46 20 1 47 22 1 48 20 1 49 21 1 50 17 1 51 13 1 52 16 1 53 16 1 54 13 1 55 14 1 56 16 1 57 14 1 58 15 1 59 11 2 60 13 3 61 0 4 62 0 4 63 13 3 64 12 5 65 0 4 66 12 5 67 1 6 68 1 6 69 12 5 70 23 7 71 1 6 72 23 7 73 2 8 74 2 8 75 23 7 76 22 9 77 2 8 78 22 9 79 3 10 80 3 10 81 22 9 82 21 11 83 3 10 84 21 11 85 4 12 86 4 12 87 21 11 88 20 13 89 4 12 90 20 13 91 5 14 92 5 14 93 20 13 94 19 15 95 5 14 96 19 15 97 6 16 98 6 16 99 19 15 100 18 17 101 6 16 102 18 17 103 7 18 104 7 18 105 18 17 106 17 19 107 7 18 108 17 19 109 8 20 110 8 20 111 17 19 112 16 21 113 8 20 114 16 21 115 9 22 116 9 22 117 16 21 118 15 23 119 9 22 120 15 23 121 10 24 122 10 24 123 15 23 124 14 25 125 10 24 126 14 25 127 11 2 128 11 2 129 14 25 130 13 3 131 25 2 132 47 3 133 24 4 134 24 4 135 47 3 136 36 5 137 24 4 138 36 5 139 35 6 140 35 6 141 36 5 142 37 7 143 35 6 144 37 7 145 34 26 146 34 26 147 37 7 148 38 27 149 34 26 150 38 27 151 33 28 152 33 28 153 38 27 154 39 29 155 33 28 156 39 29 157 32 30 158 32 30 159 39 29 160 40 31 161 32 30 162 40 31 163 31 14 164 31 14 165 40 31 166 41 15 167 31 14 168 41 15 169 30 16 170 30 16 171 41 15 172 42 17 173 30 16 174 42 17 175 29 18 176 29 18 177 42 17 178 43 19 179 29 18 180 43 19 181 28 32 182 28 32 183 43 19 184 44 33 185 28 32 186 44 33 187 27 34 188 27 34 189 44 33 190 45 35 191 27 34 192 45 35 193 26 36 194 26 36 195 45 35 196 46 37 197 26 36 198 46 37 199 25 2 200 25 2 201 46 37 202 47 3 203 47 1 204 43 1 205 36 1 206 36 1 207 43 1 208 42 1 209 36 1 210 42 1 211 37 1 212 37 1 213 42 1 214 41 1 215 37 1 216 41 1 217 38 1 218 38 1 219 41 1 220 40 1 221 38 1 222 40 1 223 39 1 224 43 1 225 47 1 226 44 1 227 44 1 228 47 1 229 46 1 230 44 1 231 46 1 232 45 1 233 35 0 234 31 0 235 24 0 236 24 0 237 31 0 238 30 0 239 24 0 240 30 0 241 25 0 242 25 0 243 30 0 244 29 0 245 25 0 246 29 0 247 26 0 248 26 0 249 29 0 250 28 0 251 26 0 252 28 0 253 27 0 254 31 0 255 35 0 256 32 0 257 32 0 258 35 0 259 34 0 260 32 0 261 34 0 262 33 0 263 49 38 264 236 39 265 48 40 266 48 40 267 236 39 268 237 41 269 48 40 270 237 41 271 238 42 272 236 39 273 49 38 274 235 43 275 235 43 276 49 38 277 50 44 278 235 43 279 50 44 280 234 45 281 234 45 282 50 44 283 233 46 284 233 46 285 50 44 286 51 47 287 233 46 288 51 47 289 61 48 290 61 48 291 51 47 292 60 49 293 60 49 294 51 47 295 53 50 296 60 49 297 53 50 298 54 0 299 51 47 300 52 51 301 53 50 302 54 0 303 55 52 304 60 49 305 60 49 306 55 52 307 59 53 308 59 53 309 55 52 310 56 54 311 59 53 312 56 54 313 58 55 314 58 55 315 56 54 316 57 0 317 61 48 318 62 56 319 233 46 320 233 46 321 62 56 322 232 0 323 232 0 324 62 56 325 63 57 326 232 0 327 63 57 328 231 0 329 231 0 330 63 57 331 230 58 332 230 58 333 63 57 334 64 59 335 230 58 336 64 59 337 229 60 338 229 60 339 64 59 340 65 61 341 229 60 342 65 61 343 228 62 344 228 62 345 65 61 346 227 63 347 227 63 348 65 61 349 66 0 350 227 63 351 66 0 352 226 64 353 226 64 354 66 0 355 67 65 356 226 64 357 67 65 358 225 66 359 225 66 360 67 65 361 68 67 362 225 66 363 68 67 364 224 68 365 224 68 366 68 67 367 223 69 368 223 69 369 68 67 370 69 59 371 223 69 372 69 59 373 222 58 374 222 58 375 69 59 376 70 70 377 222 58 378 70 70 379 221 71 380 221 71 381 70 70 382 220 72 383 220 72 384 70 70 385 71 56 386 220 72 387 71 56 388 219 73 389 219 73 390 71 56 391 72 74 392 219 73 393 72 74 394 81 75 395 81 75 396 72 74 397 73 76 398 81 75 399 73 76 400 80 77 401 80 77 402 73 76 403 79 0 404 79 0 405 73 76 406 78 0 407 78 0 408 73 76 409 74 0 410 78 0 411 74 0 412 77 78 413 77 78 414 74 0 415 75 79 416 77 78 417 75 79 418 76 80 419 81 75 420 82 81 421 219 73 422 219 73 423 82 81 424 218 0 425 218 0 426 82 81 427 217 0 428 217 0 429 82 81 430 83 0 431 217 0 432 83 0 433 216 82 434 216 82 435 83 0 436 84 83 437 216 82 438 84 83 439 215 84 440 215 84 441 84 83 442 214 0 443 214 0 444 84 83 445 213 0 446 213 0 447 84 83 448 85 85 449 213 0 450 85 85 451 212 0 452 212 0 453 85 85 454 170 86 455 212 0 456 170 86 457 239 87 458 239 87 459 170 86 460 48 40 461 239 87 462 48 40 463 238 42 464 86 88 465 101 89 466 85 85 467 85 85 468 101 89 469 102 90 470 85 85 471 102 90 472 103 91 473 86 88 474 87 92 475 101 89 476 101 89 477 87 92 478 88 93 479 101 89 480 88 93 481 89 94 482 89 94 483 90 95 484 101 89 485 101 89 486 90 95 487 100 0 488 100 0 489 90 95 490 91 0 491 100 0 492 91 0 493 99 0 494 99 0 495 91 0 496 98 0 497 98 0 498 91 0 499 92 0 500 98 0 501 92 0 502 97 96 503 97 96 504 92 0 505 93 0 506 97 96 507 93 0 508 94 97 509 95 0 510 96 98 511 94 97 512 94 97 513 96 98 514 97 96 515 85 85 516 103 91 517 153 99 518 153 99 519 103 91 520 104 100 521 153 99 522 104 100 523 152 101 524 152 101 525 104 100 526 105 102 527 152 101 528 105 102 529 207 103 530 207 103 531 105 102 532 106 104 533 207 103 534 106 104 535 206 105 536 206 105 537 106 104 538 107 106 539 206 105 540 107 106 541 205 107 542 205 107 543 107 106 544 108 108 545 205 107 546 108 108 547 204 109 548 204 109 549 108 108 550 109 110 551 204 109 552 109 110 553 203 0 554 203 0 555 109 110 556 202 0 557 202 0 558 109 110 559 201 0 560 201 0 561 109 110 562 200 0 563 200 0 564 109 110 565 199 111 566 199 111 567 109 110 568 110 112 569 199 111 570 110 112 571 198 113 572 198 113 573 110 112 574 111 114 575 198 113 576 111 114 577 197 115 578 197 115 579 111 114 580 112 116 581 197 115 582 112 116 583 196 117 584 196 117 585 112 116 586 113 118 587 196 117 588 113 118 589 114 119 590 196 117 591 114 119 592 195 120 593 195 120 594 114 119 595 115 121 596 195 120 597 115 121 598 116 122 599 116 122 600 117 123 601 195 120 602 195 120 603 117 123 604 194 124 605 194 124 606 117 123 607 118 125 608 194 124 609 118 125 610 122 126 611 122 126 612 118 125 613 119 127 614 122 126 615 119 127 616 121 128 617 121 128 618 119 127 619 120 0 620 122 126 621 123 129 622 194 124 623 194 124 624 123 129 625 193 0 626 193 0 627 123 129 628 124 130 629 193 0 630 124 130 631 192 131 632 192 131 633 124 130 634 125 132 635 192 131 636 125 132 637 191 133 638 191 133 639 125 132 640 190 0 641 190 0 642 125 132 643 126 0 644 190 0 645 126 0 646 189 134 647 189 134 648 126 0 649 127 135 650 189 134 651 127 135 652 188 136 653 188 136 654 127 135 655 128 137 656 188 136 657 128 137 658 187 138 659 187 138 660 128 137 661 129 139 662 187 138 663 129 139 664 186 140 665 186 140 666 129 139 667 130 141 668 186 140 669 130 141 670 185 142 671 185 142 672 130 141 673 131 143 674 185 142 675 131 143 676 184 144 677 184 144 678 131 143 679 132 145 680 184 144 681 132 145 682 183 146 683 183 146 684 132 145 685 182 147 686 182 147 687 132 145 688 133 130 689 182 147 690 133 130 691 181 0 692 181 0 693 133 130 694 134 148 695 181 0 696 134 148 697 180 149 698 180 149 699 134 148 700 135 150 701 180 149 702 135 150 703 139 151 704 139 151 705 135 150 706 138 0 707 138 0 708 135 150 709 136 0 710 138 0 711 136 0 712 137 0 713 139 151 714 140 152 715 180 149 716 180 149 717 140 152 718 179 153 719 179 153 720 140 152 721 141 154 722 179 153 723 141 154 724 142 155 725 142 155 726 143 156 727 179 153 728 179 153 729 143 156 730 178 157 731 178 157 732 143 156 733 144 158 734 178 157 735 144 158 736 145 159 737 178 157 738 145 159 739 177 160 740 177 160 741 145 159 742 146 161 743 177 160 744 146 161 745 176 162 746 176 162 747 146 161 748 147 163 749 176 162 750 147 163 751 175 164 752 175 164 753 147 163 754 174 165 755 174 165 756 147 163 757 148 166 758 174 165 759 148 166 760 173 0 761 173 0 762 148 166 763 172 0 764 172 0 765 148 166 766 171 0 767 171 0 768 148 166 769 211 167 770 211 167 771 148 166 772 149 168 773 211 167 774 149 168 775 210 169 776 210 169 777 149 168 778 150 170 779 210 169 780 150 170 781 209 171 782 209 171 783 150 170 784 151 172 785 209 171 786 151 172 787 208 173 788 208 173 789 151 172 790 152 101 791 208 173 792 152 101 793 207 103 794 85 85 795 153 99 796 170 86 797 170 86 798 153 99 799 154 174 800 170 86 801 154 174 802 155 175 803 170 86 804 155 175 805 169 176 806 169 176 807 155 175 808 156 177 809 169 176 810 156 177 811 168 178 812 168 178 813 156 177 814 167 179 815 167 179 816 156 177 817 166 180 818 166 180 819 156 177 820 165 181 821 165 181 822 156 177 823 157 182 824 165 181 825 157 182 826 164 183 827 164 183 828 157 182 829 163 184 830 163 184 831 157 182 832 158 185 833 163 184 834 158 185 835 162 186 836 162 186 837 158 185 838 161 187 839 161 187 840 158 185 841 159 188 842 161 187 843 159 188 844 160 189 845 293 190 846 240 191 847 301 192 848 301 192 849 240 191 850 241 193 851 301 192 852 241 193 853 300 194 854 300 194 855 241 193 856 242 195 857 300 194 858 242 195 859 243 196 860 244 1 861 247 197 862 243 196 863 243 196 864 247 197 865 299 1 866 243 196 867 299 1 868 300 194 869 244 1 870 245 198 871 247 197 872 247 197 873 245 198 874 246 199 875 299 1 876 247 197 877 298 1 878 298 1 879 247 197 880 248 200 881 298 1 882 248 200 883 297 201 884 297 201 885 248 200 886 296 202 887 296 202 888 248 200 889 249 203 890 296 202 891 249 203 892 295 204 893 295 204 894 249 203 895 250 205 896 295 204 897 250 205 898 294 206 899 294 206 900 250 205 901 251 1 902 294 206 903 251 1 904 252 207 905 294 206 906 252 207 907 321 208 908 321 208 909 252 207 910 253 209 911 321 208 912 253 209 913 320 210 914 320 210 915 253 209 916 254 211 917 320 210 918 254 211 919 319 212 920 319 212 921 254 211 922 318 213 923 318 213 924 254 211 925 255 214 926 318 213 927 255 214 928 317 215 929 317 215 930 255 214 931 257 216 932 317 215 933 257 216 934 316 194 935 316 194 936 257 216 937 258 195 938 316 194 939 258 195 940 259 193 941 264 1 942 265 1 943 263 1 944 263 1 945 266 1 946 262 1 947 262 217 948 267 218 949 261 219 950 323 220 951 324 221 952 322 222 953 322 222 954 324 221 955 325 223 956 256 1 957 257 216 958 255 214 959 316 194 960 259 193 961 315 224 962 315 224 963 259 193 964 268 225 965 315 226 966 268 227 967 269 228 968 315 226 969 269 228 970 314 229 971 314 229 972 269 228 973 270 230 974 314 229 975 270 230 976 271 231 977 314 229 978 271 231 979 313 232 980 313 232 981 271 231 982 272 233 983 313 232 984 272 233 985 273 234 986 313 232 987 273 234 988 312 235 989 312 235 990 273 234 991 274 1 992 312 235 993 274 1 994 275 236 995 312 235 996 275 236 997 311 237 998 311 237 999 275 236 1000 276 238 1001 311 237 1002 276 238 1003 277 239 1004 311 237 1005 277 239 1006 310 240 1007 310 240 1008 277 239 1009 278 241 1010 310 240 1011 278 241 1012 279 242 1013 310 240 1014 279 242 1015 309 243 1016 309 243 1017 279 242 1018 280 244 1019 309 243 1020 280 244 1021 308 245 1022 308 245 1023 280 244 1024 281 246 1025 308 245 1026 281 246 1027 282 247 1028 308 245 1029 282 247 1030 307 248 1031 307 248 1032 282 247 1033 283 249 1034 307 248 1035 283 249 1036 306 250 1037 306 250 1038 283 249 1039 284 251 1040 306 250 1041 284 251 1042 285 252 1043 306 250 1044 285 252 1045 305 253 1046 305 253 1047 285 252 1048 286 254 1049 305 253 1050 286 254 1051 287 255 1052 305 253 1053 287 255 1054 304 256 1055 304 256 1056 287 255 1057 288 257 1058 304 256 1059 288 257 1060 289 258 1061 304 256 1062 289 258 1063 303 259 1064 303 259 1065 289 258 1066 290 260 1067 303 259 1068 290 260 1069 291 261 1070 303 259 1071 291 261 1072 302 262 1073 302 262 1074 291 261 1075 292 263 1076 302 262 1077 292 263 1078 293 190 1079 302 262 1080 293 190 1081 301 192 1082 331 264 1083 57 265 1084 330 266 1085 330 266 1086 57 265 1087 56 267 1088 330 266 1089 56 267 1090 55 268 1091 330 266 1092 55 268 1093 329 269 1094 329 269 1095 55 268 1096 54 270 1097 329 269 1098 54 270 1099 328 271 1100 328 271 1101 54 270 1102 53 272 1103 328 271 1104 53 272 1105 327 273 1106 327 273 1107 53 272 1108 52 274 1109 327 273 1110 52 274 1111 326 275 1112 80 276 1113 79 277 1114 336 278 1115 336 278 1116 79 277 1117 335 279 1118 335 279 1119 79 277 1120 78 280 1121 335 279 1122 78 280 1123 334 281 1124 334 281 1125 78 280 1126 77 282 1127 334 281 1128 77 282 1129 333 283 1130 333 283 1131 77 282 1132 76 284 1133 333 283 1134 76 284 1135 332 285 1136 337 286 1137 338 287 1138 100 288 1139 100 288 1140 338 287 1141 101 289 1142 101 289 1143 338 287 1144 339 290 1145 101 289 1146 339 290 1147 102 291 1148 102 291 1149 339 290 1150 340 292 1151 102 291 1152 340 292 1153 341 293 1154 342 294 1155 104 295 1156 341 293 1157 341 293 1158 104 295 1159 103 296 1160 341 293 1161 103 296 1162 102 291 1163 104 295 1164 342 294 1165 105 297 1166 105 297 1167 342 294 1168 343 298 1169 105 297 1170 343 298 1171 106 299 1172 106 299 1173 343 298 1174 344 300 1175 106 299 1176 344 300 1177 345 301 1178 106 299 1179 345 301 1180 107 302 1181 107 302 1182 345 301 1183 346 303 1184 107 302 1185 346 303 1186 108 304 1187 108 304 1188 346 303 1189 347 305 1190 108 304 1191 347 305 1192 109 306 1193 109 306 1194 347 305 1195 348 307 1196 109 306 1197 348 307 1198 110 308 1199 110 308 1200 348 307 1201 349 309 1202 110 308 1203 349 309 1204 111 310 1205 111 310 1206 349 309 1207 350 311 1208 111 310 1209 350 311 1210 112 312 1211 112 312 1212 350 311 1213 113 313 1214 113 313 1215 350 311 1216 351 314 1217 113 313 1218 351 314 1219 114 315 1220 114 315 1221 351 314 1222 352 316 1223 114 315 1224 352 316 1225 115 317 1226 115 317 1227 352 316 1228 116 318 1229 116 318 1230 352 316 1231 353 319 1232 116 318 1233 353 319 1234 117 320 1235 117 320 1236 353 319 1237 354 321 1238 117 320 1239 354 321 1240 118 322 1241 118 322 1242 354 321 1243 355 323 1244 118 322 1245 355 323 1246 356 324 1247 118 322 1248 356 324 1249 119 325 1250 119 325 1251 356 324 1252 357 326 1253 119 325 1254 357 326 1255 120 327 1256 175 328 1257 174 329 1258 359 330 1259 359 330 1260 174 329 1261 358 331 1262 362 332 1263 178 333 1264 361 334 1265 361 334 1266 178 333 1267 177 335 1268 361 334 1269 177 335 1270 360 336 1271 360 336 1272 177 335 1273 176 337 1274 360 336 1275 176 337 1276 359 330 1277 359 330 1278 176 337 1279 175 328 1280 380 338 1281 196 339 1282 379 340 1283 379 340 1284 196 339 1285 195 341 1286 379 340 1287 195 341 1288 378 342 1289 378 342 1290 195 341 1291 194 343 1292 378 342 1293 194 343 1294 377 344 1295 377 344 1296 194 343 1297 193 345 1298 377 344 1299 193 345 1300 376 346 1301 376 346 1302 193 345 1303 192 347 1304 376 346 1305 192 347 1306 375 348 1307 375 348 1308 192 347 1309 191 349 1310 375 348 1311 191 349 1312 374 350 1313 374 350 1314 191 349 1315 190 351 1316 374 350 1317 190 351 1318 373 352 1319 373 352 1320 190 351 1321 189 353 1322 373 352 1323 189 353 1324 372 354 1325 372 354 1326 189 353 1327 188 355 1328 372 354 1329 188 355 1330 371 356 1331 371 356 1332 188 355 1333 187 357 1334 371 356 1335 187 357 1336 370 358 1337 370 358 1338 187 357 1339 186 359 1340 370 358 1341 186 359 1342 369 360 1343 369 360 1344 186 359 1345 185 361 1346 369 360 1347 185 361 1348 368 362 1349 368 362 1350 185 361 1351 184 363 1352 368 362 1353 184 363 1354 367 364 1355 367 364 1356 184 363 1357 183 365 1358 367 364 1359 183 365 1360 366 366 1361 366 366 1362 183 365 1363 182 367 1364 366 366 1365 182 367 1366 365 368 1367 365 368 1368 182 367 1369 181 369 1370 365 368 1371 181 369 1372 364 370 1373 364 370 1374 181 369 1375 180 371 1376 364 370 1377 180 371 1378 363 372 1379 363 372 1380 180 371 1381 179 373 1382 363 372 1383 179 373 1384 362 332 1385 362 332 1386 179 373 1387 178 333 1388 383 374 1389 199 375 1390 382 376 1391 382 376 1392 199 375 1393 198 377 1394 382 376 1395 198 377 1396 381 378 1397 381 378 1398 198 377 1399 197 379 1400 381 378 1401 197 379 1402 380 338 1403 380 338 1404 197 379 1405 196 339 1406 200 380 1407 199 375 1408 384 381 1409 384 381 1410 199 375 1411 383 374 1412 387 382 1413 203 383 1414 386 384 1415 386 384 1416 203 383 1417 202 385 1418 386 384 1419 202 385 1420 385 386 1421 385 386 1422 202 385 1423 201 387 1424 385 386 1425 201 387 1426 384 381 1427 384 381 1428 201 387 1429 200 380 1430 396 388 1431 171 389 1432 395 390 1433 395 390 1434 171 389 1435 211 391 1436 395 390 1437 211 391 1438 394 392 1439 394 392 1440 211 391 1441 210 393 1442 394 392 1443 210 393 1444 393 394 1445 393 394 1446 210 393 1447 209 395 1448 393 394 1449 209 395 1450 392 396 1451 392 396 1452 209 395 1453 208 397 1454 392 396 1455 208 397 1456 391 398 1457 391 398 1458 208 397 1459 207 399 1460 391 398 1461 207 399 1462 390 400 1463 390 400 1464 207 399 1465 206 401 1466 390 400 1467 206 401 1468 389 402 1469 389 402 1470 206 401 1471 205 403 1472 389 402 1473 205 403 1474 388 404 1475 388 404 1476 205 403 1477 204 405 1478 388 404 1479 204 405 1480 387 382 1481 387 382 1482 204 405 1483 203 383 1484 358 331 1485 174 329 1486 398 406 1487 398 406 1488 174 329 1489 173 407 1490 398 406 1491 173 407 1492 397 408 1493 397 408 1494 173 407 1495 172 409 1496 397 408 1497 172 409 1498 396 388 1499 396 388 1500 172 409 1501 171 389 1502 321 410 1503 213 411 1504 294 412 1505 294 412 1506 213 411 1507 212 413 1508 294 412 1509 212 413 1510 295 414 1511 295 414 1512 212 413 1513 239 415 1514 295 414 1515 239 415 1516 296 416 1517 296 416 1518 239 415 1519 238 417 1520 296 416 1521 238 417 1522 297 418 1523 297 418 1524 238 417 1525 237 419 1526 297 418 1527 237 419 1528 298 420 1529 298 420 1530 237 419 1531 236 421 1532 298 420 1533 236 421 1534 299 422 1535 299 422 1536 236 421 1537 235 423 1538 299 422 1539 235 423 1540 300 424 1541 300 424 1542 235 423 1543 234 425 1544 300 424 1545 234 425 1546 301 426 1547 301 426 1548 234 425 1549 233 427 1550 301 426 1551 233 427 1552 302 428 1553 302 428 1554 233 427 1555 232 429 1556 302 428 1557 232 429 1558 303 430 1559 303 430 1560 232 429 1561 231 431 1562 303 430 1563 231 431 1564 304 432 1565 304 432 1566 231 431 1567 230 433 1568 304 432 1569 230 433 1570 305 434 1571 305 434 1572 230 433 1573 229 435 1574 305 434 1575 229 435 1576 306 436 1577 306 436 1578 229 435 1579 228 437 1580 306 436 1581 228 437 1582 307 438 1583 307 438 1584 228 437 1585 227 439 1586 307 438 1587 227 439 1588 308 440 1589 308 440 1590 227 439 1591 226 441 1592 308 440 1593 226 441 1594 309 442 1595 309 442 1596 226 441 1597 225 443 1598 309 442 1599 225 443 1600 310 444 1601 310 444 1602 225 443 1603 224 445 1604 310 444 1605 224 445 1606 311 446 1607 311 446 1608 224 445 1609 223 447 1610 311 446 1611 223 447 1612 312 448 1613 312 448 1614 223 447 1615 222 449 1616 312 448 1617 222 449 1618 313 450 1619 313 450 1620 222 449 1621 221 451 1622 313 450 1623 221 451 1624 314 452 1625 314 452 1626 221 451 1627 220 453 1628 314 452 1629 220 453 1630 315 454 1631 315 454 1632 220 453 1633 219 455 1634 315 454 1635 219 455 1636 316 456 1637 316 456 1638 219 455 1639 218 457 1640 316 456 1641 218 457 1642 317 458 1643 317 458 1644 218 457 1645 217 459 1646 317 458 1647 217 459 1648 318 460 1649 318 460 1650 217 459 1651 216 461 1652 318 460 1653 216 461 1654 319 462 1655 319 462 1656 216 461 1657 215 463 1658 319 462 1659 215 463 1660 320 464 1661 320 464 1662 215 463 1663 214 465 1664 320 464 1665 214 465 1666 321 410 1667 321 410 1668 214 465 1669 213 411 1670 415 466 1671 137 467 1672 414 468 1673 414 468 1674 137 467 1675 136 469 1676 414 468 1677 136 469 1678 413 470 1679 413 470 1680 136 469 1681 135 471 1682 413 470 1683 135 471 1684 412 472 1685 412 472 1686 135 471 1687 134 473 1688 412 472 1689 134 473 1690 411 474 1691 411 474 1692 134 473 1693 133 475 1694 411 474 1695 133 475 1696 410 476 1697 410 476 1698 133 475 1699 132 477 1700 410 476 1701 132 477 1702 409 478 1703 409 478 1704 132 477 1705 131 479 1706 409 478 1707 131 479 1708 408 480 1709 408 480 1710 131 479 1711 130 481 1712 408 480 1713 130 481 1714 407 482 1715 407 482 1716 130 481 1717 129 483 1718 407 482 1719 129 483 1720 406 484 1721 406 484 1722 129 483 1723 128 485 1724 406 484 1725 128 485 1726 405 486 1727 405 486 1728 128 485 1729 127 487 1730 405 486 1731 127 487 1732 404 488 1733 404 488 1734 127 487 1735 126 489 1736 404 488 1737 126 489 1738 403 490 1739 403 490 1740 126 489 1741 125 491 1742 403 490 1743 125 491 1744 402 492 1745 402 492 1746 125 491 1747 124 493 1748 402 492 1749 124 493 1750 401 494 1751 401 494 1752 124 493 1753 123 495 1754 401 494 1755 123 495 1756 400 496 1757 400 496 1758 123 495 1759 122 497 1760 400 496 1761 122 497 1762 399 498 1763 399 498 1764 122 497 1765 121 499 1766 399 498 1767 121 499 1768 357 326 1769 357 326 1770 121 499 1771 120 327 1772 416 500 1773 157 501 1774 438 502 1775 438 502 1776 157 501 1777 156 503 1778 438 502 1779 156 503 1780 437 504 1781 437 504 1782 156 503 1783 436 505 1784 436 505 1785 156 503 1786 435 506 1787 435 506 1788 156 503 1789 434 507 1790 434 507 1791 156 503 1792 155 508 1793 434 507 1794 155 508 1795 433 509 1796 433 509 1797 155 508 1798 154 510 1799 433 509 1800 154 510 1801 432 511 1802 432 511 1803 154 510 1804 153 512 1805 432 511 1806 153 512 1807 152 513 1808 432 511 1809 152 513 1810 431 514 1811 431 514 1812 152 513 1813 151 515 1814 431 514 1815 151 515 1816 430 516 1817 430 516 1818 151 515 1819 150 517 1820 430 516 1821 150 517 1822 429 518 1823 429 518 1824 150 517 1825 149 519 1826 429 518 1827 149 519 1828 428 520 1829 428 520 1830 149 519 1831 427 521 1832 427 521 1833 149 519 1834 148 522 1835 427 521 1836 148 522 1837 426 523 1838 426 523 1839 148 522 1840 147 524 1841 426 523 1842 147 524 1843 425 525 1844 425 525 1845 147 524 1846 146 526 1847 425 525 1848 146 526 1849 424 527 1850 424 527 1851 146 526 1852 145 528 1853 424 527 1854 145 528 1855 423 529 1856 423 529 1857 145 528 1858 144 530 1859 423 529 1860 144 530 1861 143 531 1862 423 529 1863 143 531 1864 422 532 1865 422 532 1866 143 531 1867 142 533 1868 422 532 1869 142 533 1870 421 534 1871 421 534 1872 142 533 1873 141 535 1874 421 534 1875 141 535 1876 420 536 1877 420 536 1878 141 535 1879 140 537 1880 420 536 1881 140 537 1882 419 538 1883 419 538 1884 140 537 1885 139 539 1886 419 538 1887 139 539 1888 418 540 1889 418 540 1890 139 539 1891 417 541 1892 417 541 1893 139 539 1894 138 542 1895 417 541 1896 138 542 1897 415 466 1898 415 466 1899 138 542 1900 137 467 1901 422 543 1902 393 544 1903 439 545 1904 439 545 1905 393 544 1906 392 1 1907 439 545 1908 392 1 1909 391 546 1910 421 1 1911 395 547 1912 422 543 1913 422 543 1914 395 547 1915 394 548 1916 422 543 1917 394 548 1918 393 544 1919 421 1 1920 420 549 1921 395 547 1922 395 547 1923 420 549 1924 359 550 1925 395 547 1926 359 550 1927 396 551 1928 396 551 1929 359 550 1930 358 1 1931 396 551 1932 358 1 1933 397 1 1934 397 1 1935 358 1 1936 398 1 1937 359 550 1938 420 549 1939 360 552 1940 360 552 1941 420 549 1942 419 553 1943 360 552 1944 419 553 1945 361 554 1946 361 554 1947 419 553 1948 362 555 1949 362 555 1950 419 553 1951 418 556 1952 362 555 1953 418 556 1954 363 557 1955 363 557 1956 418 556 1957 417 558 1958 363 557 1959 417 558 1960 415 559 1961 363 557 1962 415 559 1963 364 560 1964 364 560 1965 415 559 1966 414 561 1967 364 560 1968 414 561 1969 365 562 1970 365 562 1971 414 561 1972 413 563 1973 365 562 1974 413 563 1975 366 564 1976 366 564 1977 413 563 1978 412 565 1979 366 564 1980 412 565 1981 367 1 1982 367 1 1983 412 565 1984 411 1 1985 367 1 1986 411 1 1987 368 1 1988 368 1 1989 411 1 1990 410 1 1991 368 1 1992 410 1 1993 369 1 1994 369 1 1995 410 1 1996 409 1 1997 369 1 1998 409 1 1999 408 1 2000 369 1 2001 408 1 2002 370 1 2003 370 1 2004 408 1 2005 407 1 2006 370 1 2007 407 1 2008 371 1 2009 371 1 2010 407 1 2011 406 1 2012 371 1 2013 406 1 2014 372 566 2015 372 566 2016 406 1 2017 405 567 2018 372 566 2019 405 567 2020 373 568 2021 373 568 2022 405 567 2023 404 1 2024 373 568 2025 404 1 2026 403 1 2027 373 568 2028 403 1 2029 374 569 2030 374 569 2031 403 1 2032 402 570 2033 374 569 2034 402 570 2035 375 571 2036 375 571 2037 402 570 2038 401 565 2039 375 571 2040 401 565 2041 376 572 2042 376 572 2043 401 565 2044 400 573 2045 376 572 2046 400 573 2047 377 574 2048 377 574 2049 400 573 2050 399 575 2051 377 574 2052 399 575 2053 378 576 2054 378 576 2055 399 575 2056 357 577 2057 378 576 2058 357 577 2059 379 578 2060 379 578 2061 357 577 2062 356 579 2063 379 578 2064 356 579 2065 355 580 2066 379 578 2067 355 580 2068 380 581 2069 380 581 2070 355 580 2071 354 582 2072 380 581 2073 354 582 2074 381 1 2075 381 1 2076 354 582 2077 382 583 2078 382 583 2079 354 582 2080 440 584 2081 382 583 2082 440 584 2083 388 585 2084 388 585 2085 440 584 2086 389 1 2087 389 1 2088 440 584 2089 390 586 2090 390 586 2091 440 584 2092 441 1 2093 390 586 2094 441 1 2095 442 587 2096 390 586 2097 442 587 2098 391 546 2099 391 546 2100 442 587 2101 439 545 2102 382 583 2103 388 585 2104 383 588 2105 383 588 2106 388 585 2107 387 589 2108 383 588 2109 387 589 2110 384 590 2111 384 590 2112 387 589 2113 386 591 2114 384 590 2115 386 591 2116 385 1 2117 332 285 2118 76 284 2119 460 592 2120 460 592 2121 76 284 2122 75 593 2123 460 592 2124 75 593 2125 459 594 2126 459 594 2127 75 593 2128 74 595 2129 459 594 2130 74 595 2131 458 596 2132 458 596 2133 74 595 2134 73 597 2135 458 596 2136 73 597 2137 457 598 2138 457 598 2139 73 597 2140 72 599 2141 457 598 2142 72 599 2143 456 600 2144 456 600 2145 72 599 2146 71 601 2147 456 600 2148 71 601 2149 455 602 2150 455 602 2151 71 601 2152 70 603 2153 455 602 2154 70 603 2155 454 604 2156 454 604 2157 70 603 2158 69 605 2159 454 604 2160 69 605 2161 453 606 2162 453 606 2163 69 605 2164 68 607 2165 453 606 2166 68 607 2167 452 608 2168 452 608 2169 68 607 2170 67 609 2171 452 608 2172 67 609 2173 451 610 2174 451 610 2175 67 609 2176 66 611 2177 451 610 2178 66 611 2179 450 612 2180 450 612 2181 66 611 2182 65 613 2183 450 612 2184 65 613 2185 449 614 2186 449 614 2187 65 613 2188 64 615 2189 449 614 2190 64 615 2191 448 616 2192 448 616 2193 64 615 2194 63 617 2195 448 616 2196 63 617 2197 447 618 2198 447 618 2199 63 617 2200 62 619 2201 447 618 2202 62 619 2203 446 620 2204 446 620 2205 62 619 2206 61 621 2207 446 620 2208 61 621 2209 445 622 2210 445 622 2211 61 621 2212 60 623 2213 445 622 2214 60 623 2215 444 624 2216 444 624 2217 60 623 2218 59 625 2219 444 624 2220 59 625 2221 443 626 2222 443 626 2223 59 625 2224 58 627 2225 443 626 2226 58 627 2227 331 264 2228 331 264 2229 58 627 2230 57 265 2231 158 628 2232 471 629 2233 159 630 2234 159 630 2235 471 629 2236 472 631 2237 159 630 2238 472 631 2239 473 632 2240 157 633 2241 468 634 2242 158 628 2243 158 628 2244 468 634 2245 469 635 2246 158 628 2247 469 635 2248 470 636 2249 416 637 2250 461 638 2251 157 633 2252 157 633 2253 461 638 2254 465 639 2255 157 633 2256 465 639 2257 466 640 2258 461 638 2259 462 641 2260 465 639 2261 465 639 2262 462 641 2263 463 642 2264 465 639 2265 463 642 2266 464 643 2267 466 640 2268 467 644 2269 157 633 2270 157 633 2271 467 644 2272 468 634 2273 470 636 2274 471 629 2275 158 628 2276 353 0 2277 487 645 2278 354 646 2279 354 646 2280 487 645 2281 488 647 2282 354 646 2283 488 647 2284 489 0 2285 487 645 2286 353 0 2287 486 0 2288 486 0 2289 353 0 2290 352 648 2291 486 0 2292 352 648 2293 485 649 2294 485 649 2295 352 648 2296 484 650 2297 484 650 2298 352 648 2299 351 651 2300 484 650 2301 351 651 2302 483 652 2303 483 652 2304 351 651 2305 350 653 2306 483 652 2307 350 653 2308 482 654 2309 482 654 2310 350 653 2311 349 655 2312 482 654 2313 349 655 2314 481 656 2315 481 656 2316 349 655 2317 348 657 2318 481 656 2319 348 657 2320 480 658 2321 480 658 2322 348 657 2323 347 659 2324 480 658 2325 347 659 2326 479 660 2327 479 660 2328 347 659 2329 346 0 2330 479 660 2331 346 0 2332 345 0 2333 345 0 2334 344 661 2335 479 660 2336 479 660 2337 344 661 2338 478 662 2339 478 662 2340 344 661 2341 343 663 2342 478 662 2343 343 663 2344 342 664 2345 478 662 2346 342 664 2347 477 665 2348 477 665 2349 342 664 2350 341 666 2351 477 665 2352 341 666 2353 340 667 2354 339 0 2355 474 668 2356 340 667 2357 340 667 2358 474 668 2359 476 669 2360 340 667 2361 476 669 2362 477 665 2363 339 0 2364 338 0 2365 474 668 2366 474 668 2367 338 0 2368 337 0 2369 474 668 2370 475 670 2371 476 669 2372 489 0 2373 490 0 2374 354 646 2375 354 646 2376 490 0 2377 491 0 2378 545 671 2379 492 672 2380 546 673 2381 546 673 2382 492 672 2383 493 674 2384 546 673 2385 493 674 2386 547 675 2387 547 675 2388 493 674 2389 494 676 2390 547 675 2391 494 676 2392 548 677 2393 548 677 2394 494 676 2395 495 678 2396 548 677 2397 495 678 2398 549 679 2399 549 679 2400 495 678 2401 496 680 2402 549 679 2403 496 680 2404 550 681 2405 550 681 2406 496 680 2407 497 682 2408 550 681 2409 497 682 2410 551 683 2411 551 683 2412 497 682 2413 498 684 2414 551 683 2415 498 684 2416 552 685 2417 552 685 2418 498 684 2419 499 686 2420 552 685 2421 499 686 2422 553 687 2423 553 687 2424 499 686 2425 500 688 2426 553 687 2427 500 688 2428 554 689 2429 554 689 2430 500 688 2431 501 690 2432 554 689 2433 501 690 2434 555 691 2435 555 691 2436 501 690 2437 502 692 2438 555 691 2439 502 692 2440 557 693 2441 557 693 2442 502 692 2443 556 694 2444 557 693 2445 556 694 2446 526 695 2447 526 695 2448 556 694 2449 558 696 2450 526 695 2451 558 696 2452 525 697 2453 525 697 2454 558 696 2455 559 698 2456 525 697 2457 559 698 2458 524 699 2459 524 699 2460 559 698 2461 560 700 2462 524 699 2463 560 700 2464 523 701 2465 523 701 2466 560 700 2467 522 702 2468 522 702 2469 560 700 2470 561 703 2471 522 702 2472 561 703 2473 521 704 2474 521 704 2475 561 703 2476 562 705 2477 521 704 2478 562 705 2479 520 706 2480 520 706 2481 562 705 2482 563 707 2483 520 706 2484 563 707 2485 519 708 2486 519 708 2487 563 707 2488 564 709 2489 519 708 2490 564 709 2491 518 710 2492 518 710 2493 564 709 2494 565 711 2495 518 710 2496 565 711 2497 517 712 2498 517 712 2499 565 711 2500 246 713 2501 246 713 2502 565 711 2503 566 714 2504 246 713 2505 566 714 2506 515 715 2507 515 715 2508 566 714 2509 514 716 2510 514 716 2511 566 714 2512 513 717 2513 513 717 2514 566 714 2515 565 711 2516 513 717 2517 565 711 2518 512 718 2519 512 718 2520 565 711 2521 564 709 2522 512 718 2523 564 709 2524 511 719 2525 511 719 2526 564 709 2527 510 720 2528 510 720 2529 564 709 2530 563 707 2531 510 720 2532 563 707 2533 509 721 2534 509 721 2535 563 707 2536 562 705 2537 509 721 2538 562 705 2539 508 722 2540 508 722 2541 562 705 2542 561 703 2543 508 722 2544 561 703 2545 507 723 2546 507 723 2547 561 703 2548 560 700 2549 507 723 2550 560 700 2551 506 724 2552 506 724 2553 560 700 2554 559 698 2555 506 724 2556 559 698 2557 505 725 2558 505 725 2559 559 698 2560 558 696 2561 505 725 2562 558 696 2563 504 726 2564 504 726 2565 558 696 2566 556 694 2567 504 726 2568 556 694 2569 503 727 2570 503 727 2571 556 694 2572 502 692 2573 515 715 2574 516 728 2575 246 713 2576 246 713 2577 516 728 2578 247 729 2579 526 695 2580 527 730 2581 557 693 2582 557 693 2583 527 730 2584 555 691 2585 527 730 2586 528 731 2587 555 691 2588 555 691 2589 528 731 2590 554 689 2591 528 731 2592 529 732 2593 554 689 2594 554 689 2595 529 732 2596 553 687 2597 529 732 2598 530 733 2599 553 687 2600 553 687 2601 530 733 2602 552 685 2603 530 733 2604 531 734 2605 552 685 2606 552 685 2607 531 734 2608 551 683 2609 531 734 2610 532 735 2611 551 683 2612 551 683 2613 532 735 2614 550 681 2615 532 735 2616 533 736 2617 550 681 2618 550 681 2619 533 736 2620 534 737 2621 550 681 2622 534 737 2623 549 679 2624 549 679 2625 534 737 2626 535 738 2627 549 679 2628 535 738 2629 536 739 2630 549 679 2631 536 739 2632 548 677 2633 548 677 2634 536 739 2635 537 740 2636 548 677 2637 537 740 2638 547 675 2639 547 675 2640 537 740 2641 538 741 2642 547 675 2643 538 741 2644 539 742 2645 539 742 2646 540 743 2647 547 675 2648 547 675 2649 540 743 2650 546 673 2651 540 743 2652 541 744 2653 546 673 2654 546 673 2655 541 744 2656 545 671 2657 542 745 2658 543 746 2659 541 744 2660 541 744 2661 543 746 2662 544 747 2663 541 744 2664 544 747 2665 545 671 2666 568 0 2667 572 0 2668 567 0 2669 567 0 2670 572 0 2671 573 0 2672 567 0 2673 573 0 2674 578 0 2675 578 0 2676 573 0 2677 574 0 2678 578 0 2679 574 0 2680 577 0 2681 577 0 2682 574 0 2683 575 0 2684 577 0 2685 575 0 2686 576 0 2687 572 0 2688 568 0 2689 571 0 2690 571 0 2691 568 0 2692 569 0 2693 571 0 2694 569 0 2695 570 0 2696 578 748 2697 590 749 2698 567 750 2699 567 750 2700 590 749 2701 579 751 2702 567 750 2703 579 751 2704 568 752 2705 568 752 2706 579 751 2707 580 753 2708 568 752 2709 580 753 2710 569 754 2711 569 754 2712 580 753 2713 581 755 2714 569 754 2715 581 755 2716 570 756 2717 570 756 2718 581 755 2719 582 757 2720 570 756 2721 582 757 2722 571 758 2723 571 758 2724 582 757 2725 583 759 2726 571 758 2727 583 759 2728 572 760 2729 572 760 2730 583 759 2731 584 761 2732 572 760 2733 584 761 2734 573 762 2735 573 762 2736 584 761 2737 585 763 2738 573 762 2739 585 763 2740 574 764 2741 574 764 2742 585 763 2743 586 765 2744 574 764 2745 586 765 2746 575 766 2747 575 766 2748 586 765 2749 587 767 2750 575 766 2751 587 767 2752 576 768 2753 576 768 2754 587 767 2755 588 769 2756 576 768 2757 588 769 2758 577 770 2759 577 770 2760 588 769 2761 589 771 2762 577 770 2763 589 771 2764 578 748 2765 578 748 2766 589 771 2767 590 749 2768 591 772 2769 592 773 2770 84 774 2771 84 774 2772 592 773 2773 85 774 2774 592 773 2775 591 772 2776 600 775 2777 600 775 2778 591 772 2779 593 776 2780 600 775 2781 593 776 2782 594 777 2783 600 775 2784 594 777 2785 599 778 2786 599 778 2787 594 777 2788 595 779 2789 599 778 2790 595 779 2791 598 780 2792 598 780 2793 595 779 2794 597 781 2795 597 781 2796 595 779 2797 596 782 2798 601 783 2799 602 784 2800 608 785 2801 608 785 2802 602 784 2803 603 786 2804 608 785 2805 603 786 2806 607 787 2807 607 787 2808 603 786 2809 604 1 2810 607 787 2811 604 1 2812 605 788 2813 607 787 2814 605 788 2815 606 789 2816 606 789 2817 605 788 2818 597 781 2819 606 789 2820 597 781 2821 596 782 2822 616 790 2823 609 791 2824 615 792 2825 615 792 2826 609 791 2827 610 793 2828 615 792 2829 610 793 2830 611 794 2831 615 792 2832 611 794 2833 614 795 2834 614 795 2835 611 794 2836 612 796 2837 614 795 2838 612 796 2839 613 797 2840 613 797 2841 612 796 2842 602 784 2843 613 797 2844 602 784 2845 601 783 2846 609 791 2847 616 790 2848 170 798 2849 170 798 2850 616 790 2851 48 798 2852 85 799 2853 592 800 2854 86 801 2855 86 801 2856 592 800 2857 87 802 2858 87 802 2859 592 800 2860 622 803 2861 87 802 2862 622 803 2863 88 804 2864 592 800 2865 600 805 2866 622 803 2867 622 803 2868 600 805 2869 599 806 2870 622 803 2871 599 806 2872 598 807 2873 622 803 2874 598 807 2875 621 808 2876 621 808 2877 598 807 2878 597 809 2879 621 808 2880 597 809 2881 605 810 2882 621 808 2883 605 810 2884 620 811 2885 620 811 2886 605 810 2887 604 812 2888 620 811 2889 604 812 2890 619 813 2891 619 813 2892 604 812 2893 603 814 2894 619 813 2895 603 814 2896 618 815 2897 618 815 2898 603 814 2899 602 816 2900 618 815 2901 602 816 2902 612 817 2903 618 815 2904 612 817 2905 617 818 2906 617 818 2907 612 817 2908 611 819 2909 617 818 2910 611 819 2911 610 820 2912 610 820 2913 609 821 2914 617 818 2915 617 818 2916 609 821 2917 168 822 2918 617 818 2919 168 822 2920 167 823 2921 170 824 2922 169 825 2923 609 821 2924 609 821 2925 169 825 2926 168 822 2927 623 826 2928 624 827 2929 681 828 2930 681 828 2931 624 827 2932 689 829 2933 681 828 2934 689 829 2935 690 830 2936 690 830 2937 689 829 2938 682 831 2939 690 830 2940 682 831 2941 691 832 2942 691 832 2943 682 831 2944 683 833 2945 691 832 2946 683 833 2947 692 834 2948 692 834 2949 683 833 2950 693 835 2951 692 834 2952 693 835 2953 694 836 2954 694 836 2955 693 835 2956 684 837 2957 694 836 2958 684 837 2959 695 838 2960 695 838 2961 684 837 2962 685 839 2963 695 838 2964 685 839 2965 696 840 2966 696 840 2967 685 839 2968 697 841 2969 696 840 2970 697 841 2971 698 842 2972 698 842 2973 697 841 2974 699 843 2975 698 842 2976 699 843 2977 700 844 2978 700 844 2979 699 843 2980 686 845 2981 700 844 2982 686 845 2983 701 846 2984 701 846 2985 686 845 2986 687 847 2987 701 846 2988 687 847 2989 702 848 2990 702 848 2991 687 847 2992 703 849 2993 702 848 2994 703 849 2995 704 850 2996 704 850 2997 703 849 2998 705 851 2999 704 850 3000 705 851 3001 706 852 3002 706 852 3003 705 851 3004 688 853 3005 706 852 3006 688 853 3007 707 854 3008 707 854 3009 688 853 3010 708 855 3011 707 854 3012 708 855 3013 709 856 3014 709 856 3015 708 855 3016 710 857 3017 709 856 3018 710 857 3019 711 858 3020 711 858 3021 710 857 3022 712 859 3023 711 858 3024 712 859 3025 713 860 3026 713 860 3027 712 859 3028 714 861 3029 713 860 3030 714 861 3031 715 862 3032 715 862 3033 714 861 3034 717 863 3035 715 862 3036 717 863 3037 662 864 3038 662 864 3039 717 863 3040 661 865 3041 661 865 3042 717 863 3043 660 866 3044 660 866 3045 717 863 3046 719 867 3047 660 866 3048 719 867 3049 659 868 3050 659 868 3051 719 867 3052 721 869 3053 659 868 3054 721 869 3055 657 870 3056 657 870 3057 721 869 3058 656 871 3059 656 871 3060 721 869 3061 720 872 3062 656 871 3063 720 872 3064 654 873 3065 654 873 3066 720 872 3067 653 874 3068 653 874 3069 720 872 3070 718 875 3071 653 874 3072 718 875 3073 652 876 3074 652 876 3075 718 875 3076 651 877 3077 651 877 3078 718 875 3079 716 878 3080 651 877 3081 716 878 3082 650 879 3083 650 879 3084 716 878 3085 714 861 3086 650 879 3087 714 861 3088 649 880 3089 649 880 3090 714 861 3091 648 881 3092 648 881 3093 714 861 3094 712 859 3095 648 881 3096 712 859 3097 647 882 3098 647 882 3099 712 859 3100 710 857 3101 647 882 3102 710 857 3103 646 883 3104 646 883 3105 710 857 3106 645 884 3107 645 884 3108 710 857 3109 708 855 3110 645 884 3111 708 855 3112 644 885 3113 644 885 3114 708 855 3115 688 853 3116 644 885 3117 688 853 3118 643 886 3119 643 886 3120 688 853 3121 642 887 3122 642 887 3123 688 853 3124 705 851 3125 642 887 3126 705 851 3127 641 888 3128 641 888 3129 705 851 3130 703 849 3131 641 888 3132 703 849 3133 640 889 3134 640 889 3135 703 849 3136 639 890 3137 639 890 3138 703 849 3139 687 847 3140 639 890 3141 687 847 3142 638 891 3143 638 891 3144 687 847 3145 637 892 3146 637 892 3147 687 847 3148 686 845 3149 637 892 3150 686 845 3151 636 893 3152 636 893 3153 686 845 3154 699 843 3155 636 893 3156 699 843 3157 635 894 3158 635 894 3159 699 843 3160 634 895 3161 634 895 3162 699 843 3163 697 841 3164 634 895 3165 697 841 3166 633 896 3167 633 896 3168 697 841 3169 685 839 3170 633 896 3171 685 839 3172 632 897 3173 632 897 3174 685 839 3175 631 898 3176 631 898 3177 685 839 3178 684 837 3179 631 898 3180 684 837 3181 630 899 3182 630 899 3183 684 837 3184 693 835 3185 630 899 3186 693 835 3187 629 900 3188 629 900 3189 693 835 3190 628 901 3191 628 901 3192 693 835 3193 683 833 3194 628 901 3195 683 833 3196 627 902 3197 627 902 3198 683 833 3199 682 831 3200 627 902 3201 682 831 3202 626 903 3203 626 903 3204 682 831 3205 625 904 3206 625 904 3207 682 831 3208 689 829 3209 625 904 3210 689 829 3211 624 827 3212 654 873 3213 655 905 3214 656 871 3215 657 870 3216 658 906 3217 659 868 3218 662 864 3219 663 907 3220 715 862 3221 715 862 3222 663 907 3223 713 860 3224 663 907 3225 664 908 3226 713 860 3227 713 860 3228 664 908 3229 711 858 3230 664 908 3231 665 909 3232 711 858 3233 711 858 3234 665 909 3235 709 856 3236 665 909 3237 666 910 3238 709 856 3239 709 856 3240 666 910 3241 707 854 3242 666 910 3243 667 911 3244 707 854 3245 707 854 3246 667 911 3247 706 852 3248 667 911 3249 668 912 3250 706 852 3251 706 852 3252 668 912 3253 704 850 3254 668 912 3255 669 913 3256 704 850 3257 704 850 3258 669 913 3259 702 848 3260 669 913 3261 670 914 3262 702 848 3263 702 848 3264 670 914 3265 701 846 3266 670 914 3267 671 915 3268 701 846 3269 701 846 3270 671 915 3271 700 844 3272 671 915 3273 672 916 3274 700 844 3275 700 844 3276 672 916 3277 698 842 3278 672 916 3279 673 917 3280 698 842 3281 698 842 3282 673 917 3283 696 840 3284 673 917 3285 674 918 3286 696 840 3287 696 840 3288 674 918 3289 695 838 3290 674 918 3291 675 919 3292 695 838 3293 695 838 3294 675 919 3295 694 836 3296 675 919 3297 676 920 3298 694 836 3299 694 836 3300 676 920 3301 692 834 3302 676 920 3303 677 921 3304 692 834 3305 692 834 3306 677 921 3307 691 832 3308 677 921 3309 678 922 3310 691 832 3311 691 832 3312 678 922 3313 690 830 3314 679 923 3315 680 924 3316 678 922 3317 678 922 3318 680 924 3319 690 830 3320 680 924 3321 681 828 3322 690 830 3323 719 867 3324 717 863 3325 716 878 3326 716 878 3327 717 863 3328 714 861 3329 721 869 3330 719 867 3331 718 875 3332 718 875 3333 719 867 3334 716 878 3335 720 872 3336 721 869 3337 718 875 3338 722 925 3339 755 926 3340 655 905 3341 655 905 3342 755 926 3343 756 927 3344 655 905 3345 756 927 3346 757 928 3347 757 928 3348 756 927 3349 763 929 3350 757 928 3351 763 929 3352 764 930 3353 764 930 3354 763 929 3355 770 931 3356 764 930 3357 770 931 3358 771 932 3359 771 932 3360 770 931 3361 776 933 3362 771 932 3363 776 933 3364 777 934 3365 777 934 3366 776 933 3367 783 935 3368 777 934 3369 783 935 3370 749 936 3371 749 936 3372 783 935 3373 748 937 3374 748 937 3375 783 935 3376 790 938 3377 748 937 3378 790 938 3379 747 939 3380 747 939 3381 790 938 3382 746 940 3383 746 940 3384 790 938 3385 789 941 3386 746 940 3387 789 941 3388 745 942 3389 745 942 3390 789 941 3391 801 943 3392 745 942 3393 801 943 3394 744 944 3395 744 944 3396 801 943 3397 807 945 3398 744 944 3399 807 945 3400 743 946 3401 743 946 3402 807 945 3403 813 947 3404 743 946 3405 813 947 3406 742 948 3407 742 948 3408 813 947 3409 741 949 3410 741 949 3411 813 947 3412 740 950 3413 740 950 3414 813 947 3415 739 951 3416 739 951 3417 813 947 3418 738 952 3419 738 952 3420 813 947 3421 818 953 3422 738 952 3423 818 953 3424 737 954 3425 737 954 3426 818 953 3427 817 955 3428 737 954 3429 817 955 3430 816 956 3431 816 956 3432 817 955 3433 811 957 3434 816 956 3435 811 957 3436 810 958 3437 810 958 3438 811 957 3439 804 959 3440 810 958 3441 804 959 3442 803 960 3443 803 960 3444 804 959 3445 797 961 3446 803 960 3447 797 961 3448 796 962 3449 796 962 3450 797 961 3451 784 963 3452 796 962 3453 784 963 3454 728 964 3455 728 964 3456 784 963 3457 727 965 3458 727 965 3459 784 963 3460 795 966 3461 727 965 3462 795 966 3463 726 967 3464 726 967 3465 795 966 3466 778 968 3467 726 967 3468 778 968 3469 725 969 3470 725 969 3471 778 968 3472 772 970 3473 725 969 3474 772 970 3475 724 971 3476 724 971 3477 772 970 3478 767 972 3479 724 971 3480 767 972 3481 723 973 3482 723 973 3483 767 972 3484 761 974 3485 723 973 3486 761 974 3487 722 925 3488 722 925 3489 761 974 3490 755 926 3491 728 964 3492 729 975 3493 796 962 3494 796 962 3495 729 975 3496 802 976 3497 796 962 3498 802 976 3499 803 960 3500 803 960 3501 802 976 3502 809 977 3503 803 960 3504 809 977 3505 810 958 3506 810 958 3507 809 977 3508 815 978 3509 810 958 3510 815 978 3511 816 956 3512 816 956 3513 815 978 3514 819 979 3515 816 956 3516 819 979 3517 737 954 3518 737 954 3519 819 979 3520 736 980 3521 736 980 3522 819 979 3523 820 981 3524 736 980 3525 820 981 3526 735 982 3527 735 982 3528 820 981 3529 821 983 3530 735 982 3531 821 983 3532 734 984 3533 734 984 3534 821 983 3535 822 985 3536 734 984 3537 822 985 3538 733 986 3539 733 986 3540 822 985 3541 753 987 3542 733 986 3543 753 987 3544 732 988 3545 732 988 3546 753 987 3547 808 989 3548 732 988 3549 808 989 3550 731 990 3551 731 990 3552 808 989 3553 730 991 3554 730 991 3555 808 989 3556 802 976 3557 730 991 3558 802 976 3559 729 975 3560 777 934 3561 749 936 3562 754 992 3563 754 992 3564 749 936 3565 750 993 3566 754 992 3567 750 993 3568 766 994 3569 766 994 3570 750 993 3571 751 995 3572 766 994 3573 751 995 3574 760 996 3575 760 996 3576 751 995 3577 752 997 3578 760 996 3579 752 997 3580 657 870 3581 657 870 3582 752 997 3583 658 906 3584 656 871 3585 758 998 3586 657 870 3587 657 870 3588 758 998 3589 759 999 3590 657 870 3591 759 999 3592 760 996 3593 760 996 3594 759 999 3595 766 994 3596 758 998 3597 656 871 3598 757 928 3599 757 928 3600 656 871 3601 655 905 3602 756 927 3603 755 926 3604 762 1000 3605 762 1000 3606 755 926 3607 761 974 3608 762 1000 3609 761 974 3610 768 1001 3611 768 1001 3612 761 974 3613 767 972 3614 768 1001 3615 767 972 3616 773 1002 3617 773 1002 3618 767 972 3619 772 970 3620 773 1002 3621 772 970 3622 779 1003 3623 779 1003 3624 772 970 3625 778 968 3626 779 1003 3627 778 968 3628 794 1004 3629 794 1004 3630 778 968 3631 795 966 3632 794 1004 3633 795 966 3634 785 1005 3635 785 1005 3636 795 966 3637 784 963 3638 785 1005 3639 784 963 3640 797 961 3641 757 928 3642 764 930 3643 758 998 3644 758 998 3645 764 930 3646 765 1006 3647 758 998 3648 765 1006 3649 759 999 3650 759 999 3651 765 1006 3652 766 994 3653 756 927 3654 762 1000 3655 763 929 3656 763 929 3657 762 1000 3658 769 1007 3659 763 929 3660 769 1007 3661 770 931 3662 770 931 3663 769 1007 3664 775 1008 3665 770 931 3666 775 1008 3667 776 933 3668 776 933 3669 775 1008 3670 782 1009 3671 776 933 3672 782 1009 3673 783 935 3674 783 935 3675 782 1009 3676 790 938 3677 769 1007 3678 762 1000 3679 768 1001 3680 754 992 3681 766 994 3682 765 1006 3683 754 992 3684 765 1006 3685 771 932 3686 771 932 3687 765 1006 3688 764 930 3689 769 1007 3690 768 1001 3691 774 1010 3692 774 1010 3693 768 1001 3694 773 1002 3695 774 1010 3696 773 1002 3697 780 1011 3698 780 1011 3699 773 1002 3700 779 1003 3701 780 1011 3702 779 1003 3703 793 1012 3704 793 1012 3705 779 1003 3706 794 1004 3707 793 1012 3708 794 1004 3709 786 1013 3710 786 1013 3711 794 1004 3712 785 1005 3713 786 1013 3714 785 1005 3715 798 1014 3716 798 1014 3717 785 1005 3718 797 961 3719 798 1014 3720 797 961 3721 804 959 3722 777 934 3723 754 992 3724 771 932 3725 769 1007 3726 774 1010 3727 775 1008 3728 775 1008 3729 774 1010 3730 781 1015 3731 775 1008 3732 781 1015 3733 782 1009 3734 782 1009 3735 781 1015 3736 791 1016 3737 782 1009 3738 791 1016 3739 790 938 3740 790 938 3741 791 1016 3742 789 941 3743 781 1015 3744 774 1010 3745 780 1011 3746 781 1015 3747 780 1011 3748 792 1017 3749 792 1017 3750 780 1011 3751 793 1012 3752 792 1017 3753 793 1012 3754 787 1018 3755 787 1018 3756 793 1012 3757 786 1013 3758 787 1018 3759 786 1013 3760 799 1019 3761 799 1019 3762 786 1013 3763 798 1014 3764 799 1019 3765 798 1014 3766 805 1020 3767 805 1020 3768 798 1014 3769 804 959 3770 805 1020 3771 804 959 3772 811 957 3773 787 1018 3774 788 1021 3775 792 1017 3776 792 1017 3777 788 1021 3778 791 1016 3779 792 1017 3780 791 1016 3781 781 1015 3782 801 943 3783 789 941 3784 788 1021 3785 788 1021 3786 789 941 3787 791 1016 3788 788 1021 3789 787 1018 3790 800 1022 3791 800 1022 3792 787 1018 3793 799 1019 3794 800 1022 3795 799 1019 3796 806 1023 3797 806 1023 3798 799 1019 3799 805 1020 3800 806 1023 3801 805 1020 3802 812 1024 3803 812 1024 3804 805 1020 3805 811 957 3806 812 1024 3807 811 957 3808 817 955 3809 807 945 3810 801 943 3811 800 1022 3812 800 1022 3813 801 943 3814 788 1021 3815 807 945 3816 800 1022 3817 806 1023 3818 813 947 3819 807 945 3820 806 1023 3821 813 947 3822 806 1023 3823 812 1024 3824 802 976 3825 808 989 3826 809 977 3827 809 977 3828 808 989 3829 814 1025 3830 809 977 3831 814 1025 3832 815 978 3833 815 978 3834 814 1025 3835 820 981 3836 815 978 3837 820 981 3838 819 979 3839 818 953 3840 813 947 3841 812 1024 3842 818 953 3843 812 1024 3844 817 955 3845 808 989 3846 753 987 3847 814 1025 3848 814 1025 3849 753 987 3850 821 983 3851 814 1025 3852 821 983 3853 820 981 3854 822 985 3855 821 983 3856 753 987 3857 332 1026 3858 823 1027 3859 833 1028 3860 833 1028 3861 823 1027 3862 824 1029 3863 833 1028 3864 824 1029 3865 832 1030 3866 832 1030 3867 824 1029 3868 825 1031 3869 832 1030 3870 825 1031 3871 834 1032 3872 834 1032 3873 825 1031 3874 826 1033 3875 834 1032 3876 826 1033 3877 830 1034 3878 830 1034 3879 826 1033 3880 827 1035 3881 830 1034 3882 827 1035 3883 831 1036 3884 831 1036 3885 827 1035 3886 828 1037 3887 831 1036 3888 828 1037 3889 829 1038 3890 336 1039 3891 335 1040 3892 829 1038 3893 829 1038 3894 335 1040 3895 831 1036 3896 831 1036 3897 335 1040 3898 830 1034 3899 830 1034 3900 335 1040 3901 334 1041 3902 830 1034 3903 334 1041 3904 834 1032 3905 834 1032 3906 334 1041 3907 832 1030 3908 334 1041 3909 333 1042 3910 832 1030 3911 832 1030 3912 333 1042 3913 833 1028 3914 333 1042 3915 332 1026 3916 833 1028 3917 835 1043 3918 836 1044 3919 738 1045 3920 738 1045 3921 836 1044 3922 739 1046 3923 739 1046 3924 836 1044 3925 837 1047 3926 739 1046 3927 837 1047 3928 740 1048 3929 740 1048 3930 837 1047 3931 838 1049 3932 740 1048 3933 838 1049 3934 839 1050 3935 740 1048 3936 839 1050 3937 741 1051 3938 741 1051 3939 839 1050 3940 840 1052 3941 741 1051 3942 840 1052 3943 742 1053 3944 742 1053 3945 840 1052 3946 841 1054 3947 742 1053 3948 841 1054 3949 743 1055 3950 849 1056 3951 96 1057 3952 848 1058 3953 848 1058 3954 96 1057 3955 95 1059 3956 848 1058 3957 95 1059 3958 847 1060 3959 847 1060 3960 95 1059 3961 94 1061 3962 847 1060 3963 94 1061 3964 846 1062 3965 846 1062 3966 94 1061 3967 93 1063 3968 846 1062 3969 93 1063 3970 845 1064 3971 845 1064 3972 93 1063 3973 92 1065 3974 845 1064 3975 92 1065 3976 844 1066 3977 844 1066 3978 92 1065 3979 91 1067 3980 844 1066 3981 91 1067 3982 843 1068 3983 843 1068 3984 91 1067 3985 90 1069 3986 843 1068 3987 90 1069 3988 842 1070 3989 842 1070 3990 90 1069 3991 89 1071 3992 842 1070 3993 89 1071 3994 622 803 3995 622 803 3996 89 1071 3997 88 804 3998 823 1027 3999 332 1026 4000 869 1072 4001 869 1072 4002 332 1026 4003 460 1073 4004 869 1072 4005 460 1073 4006 868 1074 4007 868 1074 4008 460 1073 4009 459 1075 4010 868 1074 4011 459 1075 4012 867 1076 4013 867 1076 4014 459 1075 4015 458 1077 4016 867 1076 4017 458 1077 4018 866 1078 4019 866 1078 4020 458 1077 4021 457 1079 4022 866 1078 4023 457 1079 4024 865 1080 4025 865 1080 4026 457 1079 4027 456 1081 4028 865 1080 4029 456 1081 4030 864 1082 4031 864 1082 4032 456 1081 4033 455 1083 4034 864 1082 4035 455 1083 4036 863 1084 4037 863 1084 4038 455 1083 4039 454 1085 4040 863 1084 4041 454 1085 4042 862 1086 4043 862 1086 4044 454 1085 4045 453 1087 4046 862 1086 4047 453 1087 4048 861 1088 4049 861 1088 4050 453 1087 4051 452 1089 4052 861 1088 4053 452 1089 4054 860 1090 4055 860 1090 4056 452 1089 4057 451 1091 4058 860 1090 4059 451 1091 4060 859 1092 4061 859 1092 4062 451 1091 4063 450 1093 4064 859 1092 4065 450 1093 4066 858 1094 4067 858 1094 4068 450 1093 4069 449 1095 4070 858 1094 4071 449 1095 4072 857 1096 4073 857 1096 4074 449 1095 4075 448 1097 4076 857 1096 4077 448 1097 4078 856 1098 4079 856 1098 4080 448 1097 4081 447 1099 4082 856 1098 4083 447 1099 4084 855 1100 4085 855 1100 4086 447 1099 4087 446 1101 4088 855 1100 4089 446 1101 4090 854 1102 4091 854 1102 4092 446 1101 4093 445 1103 4094 854 1102 4095 445 1103 4096 853 1104 4097 853 1104 4098 445 1103 4099 444 1105 4100 853 1104 4101 444 1105 4102 852 1106 4103 852 1106 4104 444 1105 4105 443 1107 4106 852 1106 4107 443 1107 4108 851 1108 4109 851 1108 4110 443 1107 4111 331 1109 4112 851 1108 4113 331 1109 4114 850 1110 4115 886 0 4116 473 1111 4117 870 1112 4118 870 1112 4119 473 1111 4120 472 1113 4121 870 1112 4122 472 1113 4123 471 1114 4124 471 1114 4125 470 1115 4126 870 1112 4127 870 1112 4128 470 1115 4129 469 1116 4130 870 1112 4131 871 1117 4132 886 0 4133 886 0 4134 871 1117 4135 885 1118 4136 885 1118 4137 871 1117 4138 872 1119 4139 885 1118 4140 872 1119 4141 884 0 4142 884 0 4143 872 1119 4144 883 1120 4145 883 1120 4146 872 1119 4147 873 1121 4148 883 1120 4149 873 1121 4150 903 0 4151 903 0 4152 873 1121 4153 902 1122 4154 902 1122 4155 873 1121 4156 874 1123 4157 902 1122 4158 874 1123 4159 901 1124 4160 901 1124 4161 874 1123 4162 875 1125 4163 901 1124 4164 875 1125 4165 876 1126 4166 877 1127 4167 899 1128 4168 876 1126 4169 876 1126 4170 899 1128 4171 900 1129 4172 876 1126 4173 900 1129 4174 901 1124 4175 899 1128 4176 877 1127 4177 898 1130 4178 898 1130 4179 877 1127 4180 878 1131 4181 898 1130 4182 878 1131 4183 879 1132 4184 898 1130 4185 879 1132 4186 897 1133 4187 897 1133 4188 879 1132 4189 679 1134 4190 897 1133 4191 679 1134 4192 896 1135 4193 896 1135 4194 679 1134 4195 678 1136 4196 896 1135 4197 678 1136 4198 895 1137 4199 895 1137 4200 678 1136 4201 677 1138 4202 895 1137 4203 677 1138 4204 676 1139 4205 895 1137 4206 676 1139 4207 894 1140 4208 894 1140 4209 676 1139 4210 675 1141 4211 894 1140 4212 675 1141 4213 893 1142 4214 893 1142 4215 675 1141 4216 674 1143 4217 893 1142 4218 674 1143 4219 892 1144 4220 892 1144 4221 674 1143 4222 673 1145 4223 892 1144 4224 673 1145 4225 891 0 4226 891 0 4227 673 1145 4228 672 0 4229 891 0 4230 672 0 4231 890 0 4232 890 0 4233 672 0 4234 671 0 4235 890 0 4236 671 0 4237 889 0 4238 889 0 4239 671 0 4240 670 1146 4241 889 0 4242 670 1146 4243 888 1147 4244 888 1147 4245 670 1146 4246 669 1148 4247 888 1147 4248 669 1148 4249 887 0 4250 887 0 4251 669 1148 4252 668 1148 4253 887 0 4254 668 1148 4255 925 1149 4256 925 1149 4257 668 1148 4258 667 1150 4259 925 1149 4260 667 1150 4261 924 1151 4262 924 1151 4263 667 1150 4264 666 1152 4265 924 1151 4266 666 1152 4267 923 1153 4268 923 1153 4269 666 1152 4270 665 1154 4271 923 1153 4272 665 1154 4273 922 1155 4274 922 1155 4275 665 1154 4276 664 1156 4277 922 1155 4278 664 1156 4279 921 1157 4280 921 1157 4281 664 1156 4282 663 1158 4283 921 1157 4284 663 1158 4285 920 1159 4286 920 1159 4287 663 1158 4288 662 1160 4289 920 1159 4290 662 1160 4291 919 1161 4292 919 1161 4293 662 1160 4294 661 1162 4295 919 1161 4296 661 1162 4297 918 1163 4298 918 1163 4299 661 1162 4300 660 1138 4301 918 1163 4302 660 1138 4303 659 1164 4304 918 1163 4305 659 1164 4306 917 1165 4307 917 1165 4308 659 1164 4309 658 1166 4310 917 1165 4311 658 1166 4312 916 1133 4313 916 1133 4314 658 1166 4315 752 1132 4316 916 1133 4317 752 1132 4318 915 1167 4319 915 1167 4320 752 1132 4321 751 1131 4322 915 1167 4323 751 1131 4324 750 1168 4325 915 1167 4326 750 1168 4327 914 1169 4328 914 1169 4329 750 1168 4330 749 1170 4331 914 1169 4332 749 1170 4333 913 0 4334 913 0 4335 749 1170 4336 912 1124 4337 912 1124 4338 749 1170 4339 748 1125 4340 912 1124 4341 748 1125 4342 747 1171 4343 746 1172 4344 588 1173 4345 747 1171 4346 747 1171 4347 588 1173 4348 587 1174 4349 747 1171 4350 587 1174 4351 911 1175 4352 911 1175 4353 587 1174 4354 586 1176 4355 911 1175 4356 586 1176 4357 585 1177 4358 588 1173 4359 746 1172 4360 589 1178 4361 589 1178 4362 746 1172 4363 745 1179 4364 589 1178 4365 745 1179 4366 590 1180 4367 590 1180 4368 745 1179 4369 846 1181 4370 590 1180 4371 846 1181 4372 845 1182 4373 846 1181 4374 745 1179 4375 847 1183 4376 847 1183 4377 745 1179 4378 744 1184 4379 847 1183 4380 744 1184 4381 848 1185 4382 848 1185 4383 744 1184 4384 743 1055 4385 848 1185 4386 743 1055 4387 849 0 4388 849 0 4389 743 1055 4390 841 1054 4391 590 1180 4392 845 1182 4393 579 0 4394 579 0 4395 845 1182 4396 844 1186 4397 579 0 4398 844 1186 4399 580 1187 4400 580 1187 4401 844 1186 4402 843 1188 4403 580 1187 4404 843 1188 4405 581 1189 4406 581 1189 4407 843 1188 4408 842 1190 4409 581 1189 4410 842 1190 4411 909 1191 4412 909 1191 4413 842 1190 4414 622 0 4415 909 1191 4416 622 0 4417 908 0 4418 908 0 4419 622 0 4420 621 0 4421 908 0 4422 621 0 4423 907 1192 4424 907 1192 4425 621 0 4426 620 1193 4427 907 1192 4428 620 1193 4429 906 1194 4430 906 1194 4431 620 1193 4432 619 1195 4433 906 1194 4434 619 1195 4435 618 1196 4436 906 1194 4437 618 1196 4438 905 1197 4439 905 1197 4440 618 1196 4441 617 0 4442 905 1197 4443 617 0 4444 904 1198 4445 904 1198 4446 617 0 4447 880 1199 4448 904 1198 4449 880 1199 4450 881 1200 4451 904 1198 4452 881 1200 4453 903 0 4454 903 0 4455 881 1200 4456 882 0 4457 903 0 4458 882 0 4459 883 1120 4460 911 1175 4461 585 1177 4462 910 1201 4463 910 1201 4464 585 1177 4465 584 1202 4466 910 1201 4467 584 1202 4468 583 0 4469 583 0 4470 582 1203 4471 910 1201 4472 910 1201 4473 582 1203 4474 909 1191 4475 909 1191 4476 582 1203 4477 581 1189 4478 911 1175 4479 912 1124 4480 747 1171 4481 870 1112 4482 469 1116 4483 930 1204 4484 930 1204 4485 469 1116 4486 468 1205 4487 930 1204 4488 468 1205 4489 929 1206 4490 929 1206 4491 468 1205 4492 467 1207 4493 929 1206 4494 467 1207 4495 928 1208 4496 928 1208 4497 467 1207 4498 466 1209 4499 928 1208 4500 466 1209 4501 927 1210 4502 927 1210 4503 466 1209 4504 926 1211 4505 926 1211 4506 466 1209 4507 465 1212 4508 326 1213 4509 931 1214 4510 327 1215 4511 327 1215 4512 931 1214 4513 932 1216 4514 327 1215 4515 932 1216 4516 328 1217 4517 328 1217 4518 932 1216 4519 938 1218 4520 328 1217 4521 938 1218 4522 329 1219 4523 329 1219 4524 938 1218 4525 937 1220 4526 329 1219 4527 937 1220 4528 330 1221 4529 330 1221 4530 937 1220 4531 936 1222 4532 330 1221 4533 936 1222 4534 331 1109 4535 331 1109 4536 936 1222 4537 850 1110 4538 850 1110 4539 936 1222 4540 935 1223 4541 935 1223 4542 936 1222 4543 937 1220 4544 935 1223 4545 937 1220 4546 934 1224 4547 934 1224 4548 937 1220 4549 933 1225 4550 933 1225 4551 937 1220 4552 938 1218 4553 933 1225 4554 938 1218 4555 932 1216 4556 925 1226 4557 861 1227 4558 887 1228 4559 887 1228 4560 861 1227 4561 860 1229 4562 887 1228 4563 860 1229 4564 859 1230 4565 861 1227 4566 925 1226 4567 862 1231 4568 862 1231 4569 925 1226 4570 924 1232 4571 862 1231 4572 924 1232 4573 863 1233 4574 863 1233 4575 924 1232 4576 923 1234 4577 863 1233 4578 923 1234 4579 864 1235 4580 864 1235 4581 923 1234 4582 922 1236 4583 864 1235 4584 922 1236 4585 865 1237 4586 865 1237 4587 922 1236 4588 921 1238 4589 865 1237 4590 921 1238 4591 866 1239 4592 866 1239 4593 921 1238 4594 920 1240 4595 866 1239 4596 920 1240 4597 867 1241 4598 867 1241 4599 920 1240 4600 919 1242 4601 867 1241 4602 919 1242 4603 868 1243 4604 868 1243 4605 919 1242 4606 918 1244 4607 868 1243 4608 918 1244 4609 869 1245 4610 869 1245 4611 918 1244 4612 917 1246 4613 869 1245 4614 917 1246 4615 823 1247 4616 823 1247 4617 917 1246 4618 916 1248 4619 823 1247 4620 916 1248 4621 824 1249 4622 824 1249 4623 916 1248 4624 915 1250 4625 824 1249 4626 915 1250 4627 825 1251 4628 825 1251 4629 915 1250 4630 826 1252 4631 826 1252 4632 915 1250 4633 914 1253 4634 826 1252 4635 914 1253 4636 827 1254 4637 827 1254 4638 914 1253 4639 828 1255 4640 828 1255 4641 914 1253 4642 913 1256 4643 828 1255 4644 913 1256 4645 829 1257 4646 829 1257 4647 913 1256 4648 336 1258 4649 336 1258 4650 913 1256 4651 912 1259 4652 336 1258 4653 912 1259 4654 80 1260 4655 80 1260 4656 912 1259 4657 81 1261 4658 81 1261 4659 912 1259 4660 911 1262 4661 81 1261 4662 911 1262 4663 82 1263 4664 82 1263 4665 911 1262 4666 910 1264 4667 82 1263 4668 910 1264 4669 83 1265 4670 83 1265 4671 910 1264 4672 909 1266 4673 83 1265 4674 909 1266 4675 84 1267 4676 84 1267 4677 909 1266 4678 591 1268 4679 591 1268 4680 909 1266 4681 593 1269 4682 593 1269 4683 909 1266 4684 594 1270 4685 594 1270 4686 909 1266 4687 595 1271 4688 595 1271 4689 909 1266 4690 908 1272 4691 595 1271 4692 908 1272 4693 596 1273 4694 596 1273 4695 908 1272 4696 606 1274 4697 606 1274 4698 908 1272 4699 907 1275 4700 606 1274 4701 907 1275 4702 607 1276 4703 607 1276 4704 907 1275 4705 906 1277 4706 607 1276 4707 906 1277 4708 608 1278 4709 608 1278 4710 906 1277 4711 905 1279 4712 608 1278 4713 905 1279 4714 601 1280 4715 601 1280 4716 905 1279 4717 613 1281 4718 613 1281 4719 905 1279 4720 904 1282 4721 613 1281 4722 904 1282 4723 614 1283 4724 614 1283 4725 904 1282 4726 615 1284 4727 615 1284 4728 904 1282 4729 616 1285 4730 616 1285 4731 904 1282 4732 48 1286 4733 48 1286 4734 904 1282 4735 49 1287 4736 49 1287 4737 904 1282 4738 903 1288 4739 49 1287 4740 903 1288 4741 50 1289 4742 50 1289 4743 903 1288 4744 902 1290 4745 50 1289 4746 902 1290 4747 51 1291 4748 51 1291 4749 902 1290 4750 901 1292 4751 51 1291 4752 901 1292 4753 326 1293 4754 326 1293 4755 901 1292 4756 900 1294 4757 326 1293 4758 900 1294 4759 931 1295 4760 931 1295 4761 900 1294 4762 932 1296 4763 932 1296 4764 900 1294 4765 899 1297 4766 932 1296 4767 899 1297 4768 933 1298 4769 933 1298 4770 899 1297 4771 898 1299 4772 933 1298 4773 898 1299 4774 934 1300 4775 934 1300 4776 898 1299 4777 935 1301 4778 935 1301 4779 898 1299 4780 897 1302 4781 935 1301 4782 897 1302 4783 850 1303 4784 850 1303 4785 897 1302 4786 896 1304 4787 850 1303 4788 896 1304 4789 851 1305 4790 851 1305 4791 896 1304 4792 895 1306 4793 851 1305 4794 895 1306 4795 852 1307 4796 852 1307 4797 895 1306 4798 894 1308 4799 852 1307 4800 894 1308 4801 853 1309 4802 853 1309 4803 894 1308 4804 893 1310 4805 853 1309 4806 893 1310 4807 854 1311 4808 854 1311 4809 893 1310 4810 892 1312 4811 854 1311 4812 892 1312 4813 855 1313 4814 855 1313 4815 892 1312 4816 891 1314 4817 855 1313 4818 891 1314 4819 856 1315 4820 856 1315 4821 891 1314 4822 890 1316 4823 856 1315 4824 890 1316 4825 857 1317 4826 857 1317 4827 890 1316 4828 889 1318 4829 857 1317 4830 889 1318 4831 858 1319 4832 858 1319 4833 889 1318 4834 888 1320 4835 858 1319 4836 888 1320 4837 859 1230 4838 859 1230 4839 888 1320 4840 887 1228 4841 326 1293 4842 52 1321 4843 51 1291 4844 617 818 4845 167 823 4846 880 1322 4847 880 1322 4848 167 823 4849 166 1323 4850 880 1322 4851 166 1323 4852 165 1324 4853 880 1322 4854 165 1324 4855 881 1325 4856 881 1325 4857 165 1324 4858 164 1326 4859 881 1325 4860 164 1326 4861 882 1327 4862 882 1327 4863 164 1326 4864 163 1328 4865 882 1327 4866 163 1328 4867 883 1329 4868 883 1329 4869 163 1328 4870 162 1330 4871 883 1329 4872 162 1330 4873 884 1331 4874 884 1331 4875 162 1330 4876 161 1332 4877 884 1331 4878 161 1332 4879 885 1333 4880 885 1333 4881 161 1332 4882 160 1334 4883 885 1333 4884 160 1334 4885 886 1335 4886 886 1335 4887 160 1334 4888 159 630 4889 886 1335 4890 159 630 4891 473 632 4892 735 1336 4893 734 1337 4894 942 1338 4895 942 1338 4896 734 1337 4897 939 1339 4898 942 1338 4899 939 1339 4900 940 1340 4901 940 1340 4902 941 1341 4903 942 1338 4904 942 1338 4905 941 1341 4906 475 1342 4907 942 1338 4908 475 1342 4909 474 1343 4910 942 1338 4911 835 1043 4912 735 1336 4913 735 1336 4914 835 1043 4915 736 1344 4916 736 1344 4917 835 1043 4918 737 1345 4919 737 1345 4920 835 1043 4921 738 1045 4922 944 1346 4923 961 1347 4924 943 1348 4925 943 1348 4926 961 1347 4927 962 1349 4928 943 1348 4929 962 1349 4930 958 1350 4931 958 1350 4932 962 1349 4933 963 1351 4934 958 1350 4935 963 1351 4936 957 1352 4937 957 1352 4938 963 1351 4939 964 1353 4940 957 1352 4941 964 1353 4942 956 1354 4943 956 1354 4944 964 1353 4945 967 1355 4946 956 1354 4947 967 1355 4948 966 1356 4949 966 1356 4950 967 1355 4951 973 1357 4952 966 1356 4953 973 1357 4954 974 1358 4955 974 1358 4956 973 1357 4957 979 1359 4958 974 1358 4959 979 1359 4960 980 1360 4961 980 1360 4962 979 1359 4963 986 1361 4964 980 1360 4965 986 1361 4966 987 1362 4967 987 1362 4968 986 1361 4969 993 1363 4970 987 1362 4971 993 1363 4972 872 1364 4973 872 1364 4974 993 1363 4975 873 1365 4976 873 1365 4977 993 1363 4978 999 1366 4979 873 1365 4980 999 1366 4981 874 1367 4982 874 1367 4983 999 1366 4984 875 1368 4985 875 1368 4986 999 1366 4987 1005 1369 4988 875 1368 4989 1005 1369 4990 876 1370 4991 876 1370 4992 1005 1369 4993 1011 1371 4994 876 1370 4995 1011 1371 4996 960 1372 4997 960 1372 4998 1011 1371 4999 1010 1373 5000 960 1372 5001 1010 1373 5002 1016 1374 5003 1016 1374 5004 1010 1373 5005 1009 1375 5006 1016 1374 5007 1009 1375 5008 1015 1376 5009 1015 1376 5010 1009 1375 5011 1008 1377 5012 1015 1376 5013 1008 1377 5014 1014 1378 5015 1014 1378 5016 1008 1377 5017 1007 1379 5018 1014 1378 5019 1007 1379 5020 1013 1380 5021 1013 1380 5022 1007 1379 5023 1006 1381 5024 1013 1380 5025 1006 1381 5026 1012 1382 5027 1012 1382 5028 1006 1381 5029 953 1383 5030 1012 1382 5031 953 1383 5032 954 1384 5033 961 1347 5034 944 1346 5035 959 1385 5036 959 1385 5037 944 1346 5038 945 1386 5039 959 1385 5040 945 1386 5041 970 1387 5042 970 1387 5043 945 1386 5044 946 1388 5045 970 1387 5046 946 1388 5047 947 1389 5048 970 1387 5049 947 1389 5050 976 1390 5051 976 1390 5052 947 1389 5053 948 1391 5054 976 1390 5055 948 1391 5056 982 1392 5057 982 1392 5058 948 1391 5059 949 1393 5060 982 1392 5061 949 1393 5062 988 1394 5063 988 1394 5064 949 1393 5065 950 1395 5066 988 1394 5067 950 1395 5068 994 1396 5069 994 1396 5070 950 1395 5071 951 1397 5072 994 1396 5073 951 1397 5074 1000 1398 5075 1000 1398 5076 951 1397 5077 952 1399 5078 1000 1398 5079 952 1399 5080 1006 1381 5081 1006 1381 5082 952 1399 5083 953 1383 5084 1012 1382 5085 954 1384 5086 1017 1400 5087 1017 1400 5088 954 1384 5089 955 1401 5090 1017 1400 5091 955 1401 5092 1023 1402 5093 1023 1402 5094 955 1401 5095 623 826 5096 1023 1402 5097 623 826 5098 1024 1403 5099 1024 1403 5100 623 826 5101 1025 1404 5102 1024 1403 5103 1025 1404 5104 1018 1405 5105 1018 1405 5106 1025 1404 5107 1019 1406 5108 1018 1405 5109 1019 1406 5110 1013 1380 5111 1013 1380 5112 1019 1406 5113 1014 1378 5114 623 826 5115 681 828 5116 1025 1404 5117 1025 1404 5118 681 828 5119 1026 1407 5120 1025 1404 5121 1026 1407 5122 1019 1406 5123 1019 1406 5124 1026 1407 5125 1020 1408 5126 1019 1406 5127 1020 1408 5128 1014 1378 5129 1014 1378 5130 1020 1408 5131 1015 1376 5132 681 828 5133 680 924 5134 1026 1407 5135 1026 1407 5136 680 924 5137 1027 1409 5138 1026 1407 5139 1027 1409 5140 1020 1408 5141 1020 1408 5142 1027 1409 5143 1021 1410 5144 1020 1408 5145 1021 1410 5146 1015 1376 5147 1015 1376 5148 1021 1410 5149 1016 1374 5150 679 923 5151 879 1411 5152 680 924 5153 680 924 5154 879 1411 5155 1028 1412 5156 680 924 5157 1028 1412 5158 1027 1409 5159 1027 1409 5160 1028 1412 5161 1021 1410 5162 879 1411 5163 878 1413 5164 1028 1412 5165 1028 1412 5166 878 1413 5167 1022 1414 5168 1028 1412 5169 1022 1414 5170 1021 1410 5171 1021 1410 5172 1022 1414 5173 1016 1374 5174 878 1413 5175 877 1415 5176 1022 1414 5177 1022 1414 5178 877 1415 5179 960 1372 5180 1022 1414 5181 960 1372 5182 1016 1374 5183 877 1415 5184 876 1370 5185 960 1372 5186 872 1364 5187 871 1416 5188 987 1362 5189 987 1362 5190 871 1416 5191 981 1417 5192 987 1362 5193 981 1417 5194 980 1360 5195 980 1360 5196 981 1417 5197 974 1358 5198 871 1416 5199 870 1418 5200 981 1417 5201 981 1417 5202 870 1418 5203 975 1419 5204 981 1417 5205 975 1419 5206 974 1358 5207 974 1358 5208 975 1419 5209 965 1420 5210 974 1358 5211 965 1420 5212 966 1356 5213 966 1356 5214 965 1420 5215 956 1354 5216 870 1418 5217 930 1421 5218 975 1419 5219 975 1419 5220 930 1421 5221 929 1422 5222 975 1419 5223 929 1422 5224 928 1423 5225 928 1423 5226 927 1424 5227 975 1419 5228 975 1419 5229 927 1424 5230 926 1425 5231 975 1419 5232 926 1425 5233 965 1420 5234 965 1420 5235 926 1425 5236 956 1354 5237 962 1349 5238 961 1347 5239 969 1426 5240 969 1426 5241 961 1347 5242 959 1385 5243 969 1426 5244 959 1385 5245 970 1387 5246 967 1355 5247 964 1353 5248 963 1351 5249 963 1351 5250 962 1349 5251 968 1427 5252 968 1427 5253 962 1349 5254 969 1426 5255 968 1427 5256 969 1426 5257 971 1428 5258 971 1428 5259 969 1426 5260 970 1387 5261 971 1428 5262 970 1387 5263 977 1429 5264 977 1429 5265 970 1387 5266 976 1390 5267 977 1429 5268 976 1390 5269 983 1430 5270 983 1430 5271 976 1390 5272 982 1392 5273 983 1430 5274 982 1392 5275 989 1431 5276 989 1431 5277 982 1392 5278 988 1394 5279 989 1431 5280 988 1394 5281 994 1396 5282 967 1355 5283 968 1427 5284 972 1432 5285 972 1432 5286 968 1427 5287 971 1428 5288 972 1432 5289 971 1428 5290 978 1433 5291 978 1433 5292 971 1428 5293 977 1429 5294 978 1433 5295 977 1429 5296 984 1434 5297 984 1434 5298 977 1429 5299 983 1430 5300 984 1434 5301 983 1430 5302 990 1435 5303 990 1435 5304 983 1430 5305 989 1431 5306 990 1435 5307 989 1431 5308 995 1436 5309 995 1436 5310 989 1431 5311 994 1396 5312 995 1436 5313 994 1396 5314 1000 1398 5315 968 1427 5316 967 1355 5317 963 1351 5318 967 1355 5319 972 1432 5320 973 1357 5321 973 1357 5322 972 1432 5323 978 1433 5324 973 1357 5325 978 1433 5326 979 1359 5327 979 1359 5328 978 1433 5329 985 1437 5330 979 1359 5331 985 1437 5332 986 1361 5333 986 1361 5334 985 1437 5335 992 1438 5336 986 1361 5337 992 1438 5338 993 1363 5339 993 1363 5340 992 1438 5341 998 1439 5342 993 1363 5343 998 1439 5344 999 1366 5345 999 1366 5346 998 1439 5347 1005 1369 5348 985 1437 5349 978 1433 5350 984 1434 5351 985 1437 5352 984 1434 5353 991 1440 5354 991 1440 5355 984 1434 5356 990 1435 5357 991 1440 5358 990 1435 5359 996 1441 5360 996 1441 5361 990 1435 5362 995 1436 5363 996 1441 5364 995 1436 5365 1002 1442 5366 1002 1442 5367 995 1436 5368 1001 1443 5369 1002 1442 5370 1001 1443 5371 1008 1377 5372 1008 1377 5373 1001 1443 5374 1007 1379 5375 985 1437 5376 991 1440 5377 992 1438 5378 992 1438 5379 991 1440 5380 997 1444 5381 992 1438 5382 997 1444 5383 998 1439 5384 998 1439 5385 997 1444 5386 1003 1445 5387 998 1439 5388 1003 1445 5389 1004 1446 5390 1004 1446 5391 1003 1445 5392 1010 1373 5393 1004 1446 5394 1010 1373 5395 1011 1371 5396 997 1444 5397 991 1440 5398 996 1441 5399 1001 1443 5400 995 1436 5401 1000 1398 5402 997 1444 5403 996 1441 5404 1002 1442 5405 1003 1445 5406 997 1444 5407 1002 1442 5408 1007 1379 5409 1001 1443 5410 1000 1398 5411 1006 1381 5412 1007 1379 5413 1000 1398 5414 1005 1369 5415 998 1439 5416 1004 1446 5417 1008 1377 5418 1009 1375 5419 1002 1442 5420 1002 1442 5421 1009 1375 5422 1003 1445 5423 1011 1371 5424 1005 1369 5425 1004 1446 5426 1009 1375 5427 1010 1373 5428 1003 1445 5429 1018 1405 5430 1013 1380 5431 1012 1382 5432 1024 1403 5433 1018 1405 5434 1017 1400 5435 1017 1400 5436 1018 1405 5437 1012 1382 5438 1023 1402 5439 1024 1403 5440 1017 1400 5441 525 1447 5442 1029 1448 5443 464 1449 5444 464 1449 5445 1029 1448 5446 465 1212 5447 465 1212 5448 1029 1448 5449 1030 1450 5450 465 1212 5451 1030 1450 5452 1031 1451 5453 1031 1451 5454 943 1452 5455 465 1212 5456 465 1212 5457 943 1452 5458 958 1453 5459 465 1212 5460 958 1453 5461 957 1454 5462 957 1454 5463 956 1455 5464 465 1212 5465 465 1212 5466 956 1455 5467 926 1211 5468 624 1456 5469 623 1457 5470 1035 1458 5471 1035 1458 5472 623 1457 5473 240 1459 5474 1035 1458 5475 240 1459 5476 293 1460 5477 1035 1458 5478 293 1460 5479 1036 1461 5480 1036 1461 5481 293 1460 5482 292 1462 5483 1036 1461 5484 292 1462 5485 1034 1463 5486 1034 1463 5487 292 1462 5488 291 1464 5489 1034 1463 5490 291 1464 5491 1037 1465 5492 1037 1465 5493 291 1464 5494 1038 1466 5495 1037 1465 5496 1038 1466 5497 628 1467 5498 628 1467 5499 1038 1466 5500 629 1468 5501 629 1468 5502 1038 1466 5503 1039 1469 5504 629 1468 5505 1039 1469 5506 630 1470 5507 630 1470 5508 1039 1469 5509 1040 1471 5510 630 1470 5511 1040 1471 5512 631 1472 5513 631 1472 5514 1040 1471 5515 632 1473 5516 632 1473 5517 1040 1471 5518 1041 1474 5519 632 1473 5520 1041 1474 5521 633 1475 5522 633 1475 5523 1041 1474 5524 1042 1476 5525 633 1475 5526 1042 1476 5527 634 1477 5528 634 1477 5529 1042 1476 5530 1043 1478 5531 634 1477 5532 1043 1478 5533 635 1479 5534 635 1479 5535 1043 1478 5536 1044 1480 5537 635 1479 5538 1044 1480 5539 636 1481 5540 636 1481 5541 1044 1480 5542 1045 1482 5543 636 1481 5544 1045 1482 5545 637 1483 5546 637 1483 5547 1045 1482 5548 1046 1484 5549 637 1483 5550 1046 1484 5551 638 1485 5552 638 1485 5553 1046 1484 5554 1033 1486 5555 638 1485 5556 1033 1486 5557 639 1487 5558 639 1487 5559 1033 1486 5560 640 1488 5561 640 1488 5562 1033 1486 5563 1047 1489 5564 640 1488 5565 1047 1489 5566 641 1490 5567 641 1490 5568 1047 1489 5569 1048 1491 5570 641 1490 5571 1048 1491 5572 642 1492 5573 642 1492 5574 1048 1491 5575 1049 1493 5576 642 1492 5577 1049 1493 5578 643 1494 5579 643 1494 5580 1049 1493 5581 1050 1495 5582 643 1494 5583 1050 1495 5584 644 1496 5585 644 1496 5586 1050 1495 5587 1051 1497 5588 644 1496 5589 1051 1497 5590 645 1498 5591 645 1498 5592 1051 1497 5593 1052 1499 5594 645 1498 5595 1052 1499 5596 646 1500 5597 646 1500 5598 1052 1499 5599 1053 1501 5600 646 1500 5601 1053 1501 5602 647 1502 5603 647 1502 5604 1053 1501 5605 648 1503 5606 648 1503 5607 1053 1501 5608 1054 1504 5609 648 1503 5610 1054 1504 5611 649 1505 5612 649 1505 5613 1054 1504 5614 1032 1506 5615 649 1505 5616 1032 1506 5617 650 1507 5618 650 1507 5619 1032 1506 5620 1055 1508 5621 650 1507 5622 1055 1508 5623 651 1509 5624 651 1509 5625 1055 1508 5626 1056 1510 5627 651 1509 5628 1056 1510 5629 652 1511 5630 652 1511 5631 1056 1510 5632 1057 1512 5633 652 1511 5634 1057 1512 5635 653 1513 5636 653 1513 5637 1057 1512 5638 1058 1514 5639 653 1513 5640 1058 1514 5641 654 1515 5642 654 1515 5643 1058 1514 5644 655 1516 5645 655 1516 5646 1058 1514 5647 268 1517 5648 268 1517 5649 1058 1514 5650 269 1518 5651 269 1518 5652 1058 1514 5653 1057 1512 5654 269 1518 5655 1057 1512 5656 270 1519 5657 270 1519 5658 1057 1512 5659 1056 1510 5660 270 1519 5661 1056 1510 5662 271 1520 5663 271 1520 5664 1056 1510 5665 1055 1508 5666 271 1520 5667 1055 1508 5668 1032 1506 5669 291 1464 5670 290 1521 5671 1038 1466 5672 1038 1466 5673 290 1521 5674 1039 1469 5675 290 1521 5676 289 1522 5677 1039 1469 5678 1039 1469 5679 289 1522 5680 1040 1471 5681 289 1522 5682 288 1523 5683 1040 1471 5684 1040 1471 5685 288 1523 5686 1041 1474 5687 288 1523 5688 287 1524 5689 1041 1474 5690 1041 1474 5691 287 1524 5692 1042 1476 5693 287 1524 5694 286 1525 5695 1042 1476 5696 1042 1476 5697 286 1525 5698 1043 1478 5699 286 1525 5700 285 1526 5701 1043 1478 5702 1043 1478 5703 285 1526 5704 284 1527 5705 1043 1478 5706 284 1527 5707 1044 1480 5708 1044 1480 5709 284 1527 5710 283 1528 5711 1044 1480 5712 283 1528 5713 1045 1482 5714 1045 1482 5715 283 1528 5716 282 1529 5717 1045 1482 5718 282 1529 5719 1046 1484 5720 1046 1484 5721 282 1529 5722 1033 1486 5723 282 1529 5724 281 1530 5725 1033 1486 5726 1033 1486 5727 281 1530 5728 1047 1489 5729 281 1530 5730 280 1531 5731 1047 1489 5732 1047 1489 5733 280 1531 5734 1048 1491 5735 280 1531 5736 279 1532 5737 1048 1491 5738 1048 1491 5739 279 1532 5740 1049 1493 5741 279 1532 5742 278 1533 5743 1049 1493 5744 1049 1493 5745 278 1533 5746 1050 1495 5747 278 1533 5748 277 1534 5749 1050 1495 5750 1050 1495 5751 277 1534 5752 1051 1497 5753 277 1534 5754 276 1535 5755 1051 1497 5756 1051 1497 5757 276 1535 5758 275 1536 5759 1051 1497 5760 275 1536 5761 1052 1499 5762 1052 1499 5763 275 1536 5764 274 1537 5765 1052 1499 5766 274 1537 5767 1053 1501 5768 1053 1501 5769 274 1537 5770 273 1538 5771 1053 1501 5772 273 1538 5773 1054 1504 5774 1054 1504 5775 273 1538 5776 272 1539 5777 1054 1504 5778 272 1539 5779 1032 1506 5780 1032 1506 5781 272 1539 5782 271 1520 5783 628 1467 5784 627 1540 5785 1037 1465 5786 1037 1465 5787 627 1540 5788 1034 1463 5789 627 1540 5790 626 1541 5791 1034 1463 5792 1034 1463 5793 626 1541 5794 1036 1461 5795 626 1541 5796 625 1542 5797 1036 1461 5798 1036 1461 5799 625 1542 5800 1035 1458 5801 625 1542 5802 624 1456 5803 1035 1458 5804 475 1543 5805 941 1544 5806 1070 1545 5807 1070 1545 5808 941 1544 5809 1071 1546 5810 1070 1545 5811 1071 1546 5812 1072 1547 5813 1072 1547 5814 1071 1546 5815 732 1548 5816 1072 1547 5817 732 1548 5818 731 1549 5819 941 1544 5820 940 1550 5821 1071 1546 5822 1071 1546 5823 940 1550 5824 939 1551 5825 1071 1546 5826 939 1551 5827 734 1552 5828 734 1552 5829 733 1553 5830 1071 1546 5831 1071 1546 5832 733 1553 5833 732 1548 5834 730 1554 5835 1074 1555 5836 731 1549 5837 731 1549 5838 1074 1555 5839 1073 1556 5840 731 1549 5841 1073 1556 5842 1072 1547 5843 1072 1547 5844 1073 1556 5845 260 1557 5846 1072 1547 5847 260 1557 5848 1070 1545 5849 1074 1555 5850 730 1554 5851 1075 1558 5852 1075 1558 5853 730 1554 5854 729 1559 5855 1075 1558 5856 729 1559 5857 728 1560 5858 1075 1558 5859 728 1560 5860 1076 1561 5861 1076 1561 5862 728 1560 5863 727 1562 5864 1076 1561 5865 727 1562 5866 1078 1563 5867 1078 1563 5868 727 1562 5869 1077 1564 5870 1078 1563 5871 1077 1564 5872 1065 1565 5873 1065 1565 5874 1077 1564 5875 1064 1566 5876 1064 1566 5877 1077 1564 5878 1079 1567 5879 1064 1566 5880 1079 1567 5881 1063 1568 5882 1063 1568 5883 1079 1567 5884 1080 1569 5885 1063 1568 5886 1080 1569 5887 1062 1570 5888 1062 1570 5889 1080 1569 5890 1061 1571 5891 1061 1571 5892 1080 1569 5893 1081 1572 5894 1061 1571 5895 1081 1572 5896 1060 1573 5897 1060 1573 5898 1081 1572 5899 1082 1574 5900 1060 1573 5901 1082 1574 5902 1059 1575 5903 1059 1575 5904 1082 1574 5905 268 1517 5906 268 1517 5907 1082 1574 5908 655 1516 5909 655 1516 5910 1082 1574 5911 722 1576 5912 722 1576 5913 1082 1574 5914 1081 1572 5915 722 1576 5916 1081 1572 5917 723 1577 5918 723 1577 5919 1081 1572 5920 724 1578 5921 724 1578 5922 1081 1572 5923 1080 1569 5924 724 1578 5925 1080 1569 5926 1079 1567 5927 727 1562 5928 726 1579 5929 1077 1564 5930 1077 1564 5931 726 1579 5932 1079 1567 5933 726 1579 5934 725 1580 5935 1079 1567 5936 1079 1567 5937 725 1580 5938 724 1578 5939 1078 1563 5940 1065 1565 5941 1076 1561 5942 1076 1561 5943 1065 1565 5944 1066 1581 5945 1076 1561 5946 1066 1581 5947 1075 1558 5948 1075 1558 5949 1066 1581 5950 1067 1582 5951 1075 1558 5952 1067 1582 5953 1068 1583 5954 1075 1558 5955 1068 1583 5956 1074 1555 5957 1074 1555 5958 1068 1583 5959 1069 1584 5960 1074 1555 5961 1069 1584 5962 1073 1556 5963 1073 1556 5964 1069 1584 5965 260 1585 5966 99 1586 5967 835 1587 5968 100 1588 5969 100 1588 5970 835 1587 5971 942 1589 5972 100 1588 5973 942 1589 5974 337 1590 5975 337 1590 5976 942 1589 5977 474 1591 5978 98 1592 5979 838 1593 5980 99 1586 5981 99 1586 5982 838 1593 5983 837 1594 5984 99 1586 5985 837 1594 5986 836 1595 5987 97 1596 5988 840 1597 5989 98 1592 5990 98 1592 5991 840 1597 5992 839 1598 5993 98 1592 5994 839 1598 5995 838 1593 5996 96 1057 5997 849 1056 5998 97 1596 5999 97 1596 6000 849 1056 6001 841 1599 6002 97 1596 6003 841 1599 6004 840 1597 6005 836 1595 6006 835 1587 6007 99 1586 6008 1089 1600 6009 254 1601 6010 1088 1602 6011 1088 1602 6012 254 1601 6013 253 1603 6014 1088 1602 6015 253 1603 6016 1087 1604 6017 1087 1604 6018 253 1603 6019 252 1605 6020 1087 1604 6021 252 1605 6022 1086 1606 6023 1086 1606 6024 252 1605 6025 251 1607 6026 1086 1606 6027 251 1607 6028 1085 1608 6029 1085 1608 6030 251 1607 6031 250 1609 6032 1085 1608 6033 250 1609 6034 1084 1610 6035 1084 1610 6036 250 1609 6037 249 1611 6038 1084 1610 6039 249 1611 6040 1083 1612 6041 1083 1612 6042 249 1611 6043 248 1613 6044 255 1614 6045 254 1601 6046 1093 1615 6047 1093 1615 6048 254 1601 6049 1092 1616 6050 1092 1616 6051 254 1601 6052 1089 1600 6053 1092 1616 6054 1089 1600 6055 1091 1617 6056 1091 1617 6057 1089 1600 6058 1090 1618 6059 1091 1619 6060 1090 1620 6061 1129 1621 6062 1129 1621 6063 1090 1620 6064 1094 1622 6065 1129 1621 6066 1094 1622 6067 1131 1623 6068 1131 1623 6069 1094 1622 6070 1095 1624 6071 1131 1623 6072 1095 1624 6073 1132 1625 6074 1132 1625 6075 1095 1624 6076 1096 1626 6077 1132 1625 6078 1096 1626 6079 1133 1627 6080 1133 1627 6081 1096 1626 6082 1097 1628 6083 1133 1627 6084 1097 1628 6085 1134 1629 6086 1134 1629 6087 1097 1628 6088 1098 1630 6089 1134 1629 6090 1098 1630 6091 1135 1631 6092 1135 1631 6093 1098 1630 6094 1099 1632 6095 1135 1631 6096 1099 1632 6097 1100 1633 6098 1135 1631 6099 1100 1633 6100 1136 1634 6101 1136 1634 6102 1100 1633 6103 1101 1635 6104 1136 1634 6105 1101 1635 6106 1137 1636 6107 1137 1636 6108 1101 1635 6109 1102 1637 6110 1137 1636 6111 1102 1637 6112 1138 1638 6113 1138 1638 6114 1102 1637 6115 1103 1639 6116 1138 1638 6117 1103 1639 6118 1139 1640 6119 1139 1640 6120 1103 1639 6121 1104 1641 6122 1139 1640 6123 1104 1641 6124 1140 1642 6125 1140 1642 6126 1104 1641 6127 1105 1643 6128 1140 1642 6129 1105 1643 6130 1141 1644 6131 1141 1644 6132 1105 1643 6133 1106 1645 6134 1141 1644 6135 1106 1645 6136 1142 1646 6137 1142 1646 6138 1106 1645 6139 1107 1647 6140 1142 1646 6141 1107 1647 6142 1143 1648 6143 1143 1648 6144 1107 1647 6145 1108 1649 6146 1143 1648 6147 1108 1649 6148 1144 1650 6149 1144 1650 6150 1108 1649 6151 1109 1651 6152 1144 1650 6153 1109 1651 6154 1110 1652 6155 1144 1650 6156 1110 1652 6157 1145 1653 6158 1145 1653 6159 1110 1652 6160 1111 1654 6161 1145 1653 6162 1111 1654 6163 1146 1655 6164 1146 1655 6165 1111 1654 6166 1112 1656 6167 1146 1655 6168 1112 1656 6169 1147 1657 6170 1147 1657 6171 1112 1656 6172 1113 1658 6173 1147 1657 6174 1113 1658 6175 1148 1659 6176 1148 1659 6177 1113 1658 6178 1114 1660 6179 1148 1659 6180 1114 1660 6181 1149 1661 6182 1149 1661 6183 1114 1660 6184 1115 1662 6185 1149 1661 6186 1115 1662 6187 1150 1663 6188 1150 1663 6189 1115 1662 6190 1116 1664 6191 1150 1663 6192 1116 1664 6193 1151 1665 6194 1151 1665 6195 1116 1664 6196 1117 1666 6197 1151 1665 6198 1117 1666 6199 1118 1667 6200 1151 1665 6201 1118 1667 6202 490 1668 6203 490 1668 6204 1118 1667 6205 1119 1669 6206 490 1668 6207 1119 1669 6208 491 1670 6209 1151 1665 6210 490 1668 6211 1150 1663 6212 1150 1663 6213 490 1668 6214 489 1671 6215 1150 1663 6216 489 1671 6217 1149 1661 6218 1149 1661 6219 489 1671 6220 488 1672 6221 1149 1661 6222 488 1672 6223 1148 1659 6224 1148 1659 6225 488 1672 6226 487 1673 6227 1148 1659 6228 487 1673 6229 1147 1657 6230 1147 1657 6231 487 1673 6232 486 1674 6233 1147 1657 6234 486 1674 6235 485 1675 6236 1147 1657 6237 485 1675 6238 1146 1655 6239 1146 1655 6240 485 1675 6241 484 1676 6242 1146 1655 6243 484 1676 6244 1145 1653 6245 1145 1653 6246 484 1676 6247 483 1677 6248 1145 1653 6249 483 1677 6250 1144 1650 6251 1144 1650 6252 483 1677 6253 482 1678 6254 1144 1650 6255 482 1678 6256 481 1679 6257 1144 1650 6258 481 1679 6259 1143 1648 6260 1143 1648 6261 481 1679 6262 480 1680 6263 1143 1648 6264 480 1680 6265 1142 1646 6266 1142 1646 6267 480 1680 6268 479 1681 6269 1142 1646 6270 479 1681 6271 1141 1644 6272 1141 1644 6273 479 1681 6274 1140 1642 6275 479 1681 6276 478 1682 6277 1140 1642 6278 1140 1642 6279 478 1682 6280 1139 1640 6281 478 1682 6282 477 1683 6283 1139 1640 6284 1139 1640 6285 477 1683 6286 1138 1638 6287 477 1683 6288 476 1684 6289 1138 1638 6290 1138 1638 6291 476 1684 6292 1137 1636 6293 476 1684 6294 475 1685 6295 1137 1636 6296 1137 1636 6297 475 1685 6298 1136 1634 6299 475 1685 6300 1070 1686 6301 1136 1634 6302 1136 1634 6303 1070 1686 6304 1135 1631 6305 1070 1686 6306 260 1687 6307 1135 1631 6308 1135 1631 6309 260 1687 6310 1120 1688 6311 1135 1631 6312 1120 1688 6313 1134 1629 6314 1134 1629 6315 1120 1688 6316 1121 1689 6317 1134 1629 6318 1121 1689 6319 1122 1690 6320 1134 1629 6321 1122 1690 6322 1133 1627 6323 1133 1627 6324 1122 1690 6325 1123 1691 6326 1133 1627 6327 1123 1691 6328 1124 1692 6329 1133 1627 6330 1124 1692 6331 1132 1625 6332 1132 1625 6333 1124 1692 6334 1125 1693 6335 1132 1625 6336 1125 1693 6337 1126 1694 6338 1132 1625 6339 1126 1694 6340 1131 1623 6341 1131 1623 6342 1126 1694 6343 1127 1695 6344 1131 1623 6345 1127 1695 6346 1129 1621 6347 1129 1621 6348 1127 1695 6349 1128 1696 6350 1129 1621 6351 1128 1696 6352 1130 1697 6353 1130 1697 6354 1128 1696 6355 1092 1698 6356 1130 1697 6357 1092 1698 6358 1091 1619 6359 255 1699 6360 1093 1700 6361 1128 1696 6362 1128 1696 6363 1093 1700 6364 1092 1698 6365 1130 1697 6366 1091 1619 6367 1129 1621 6368 491 1701 6369 1119 1702 6370 354 1703 6371 354 1703 6372 1119 1702 6373 440 1704 6374 440 1704 6375 1119 1702 6376 1118 1705 6377 440 1704 6378 1118 1705 6379 1117 1706 6380 1116 1707 6381 1152 1708 6382 1117 1706 6383 1117 1706 6384 1152 1708 6385 440 1704 6386 1155 1709 6387 439 1710 6388 1154 1711 6389 1154 1711 6390 439 1710 6391 442 1712 6392 1154 1711 6393 442 1712 6394 1153 1713 6395 1153 1713 6396 442 1712 6397 441 1714 6398 1153 1713 6399 441 1714 6400 1152 1708 6401 1152 1708 6402 441 1714 6403 440 1704 6404 492 1229 6405 545 1229 6406 1155 1709 6407 1155 1709 6408 545 1229 6409 544 1229 6410 1155 1709 6411 544 1229 6412 439 1710 6413 439 1710 6414 544 1229 6415 543 1229 6416 439 1710 6417 543 1229 6418 422 1229 6419 422 1229 6420 543 1229 6421 542 1229 6422 416 1715 6423 438 1716 6424 461 1717 6425 461 1717 6426 438 1716 6427 437 1718 6428 461 1717 6429 437 1718 6430 462 1719 6431 462 1719 6432 437 1718 6433 436 1720 6434 462 1719 6435 436 1720 6436 463 1721 6437 463 1721 6438 436 1720 6439 435 1722 6440 463 1721 6441 435 1722 6442 464 0 6443 464 0 6444 435 1722 6445 434 1723 6446 464 0 6447 434 1723 6448 526 1724 6449 526 1724 6450 434 1723 6451 527 1725 6452 527 1725 6453 434 1723 6454 433 0 6455 527 1725 6456 433 0 6457 432 1726 6458 527 1725 6459 432 1726 6460 528 1727 6461 528 1727 6462 432 1726 6463 431 1728 6464 528 1727 6465 431 1728 6466 430 1729 6467 528 1727 6468 430 1729 6469 529 0 6470 529 0 6471 430 1729 6472 429 0 6473 529 0 6474 429 0 6475 428 1730 6476 529 0 6477 428 1730 6478 530 1731 6479 530 1731 6480 428 1730 6481 427 1732 6482 530 1731 6483 427 1732 6484 531 1733 6485 531 1733 6486 427 1732 6487 426 1734 6488 531 1733 6489 426 1734 6490 532 1735 6491 532 1735 6492 426 1734 6493 425 1736 6494 532 1735 6495 425 1736 6496 533 1737 6497 533 1737 6498 425 1736 6499 424 1738 6500 533 1737 6501 424 1738 6502 534 1739 6503 534 1739 6504 424 1738 6505 423 1740 6506 534 1739 6507 423 1740 6508 535 1741 6509 535 1741 6510 423 1740 6511 536 1742 6512 536 1742 6513 423 1740 6514 422 1743 6515 536 1742 6516 422 1743 6517 537 1744 6518 537 1744 6519 422 1743 6520 538 1745 6521 538 1745 6522 422 1743 6523 539 0 6524 539 0 6525 422 1743 6526 540 0 6527 540 0 6528 422 1743 6529 541 1746 6530 541 1746 6531 422 1743 6532 542 1747 6533 526 1724 6534 525 0 6535 464 0 6536 944 1748 6537 943 1749 6538 1157 1750 6539 1157 1750 6540 943 1749 6541 1031 1751 6542 1157 1750 6543 1031 1751 6544 1030 1752 6545 1030 1752 6546 1029 1753 6547 1157 1750 6548 1157 1750 6549 1029 1753 6550 525 1754 6551 1157 1750 6552 525 1754 6553 524 1755 6554 1157 1750 6555 524 1755 6556 1158 1756 6557 1158 1756 6558 524 1755 6559 523 1757 6560 1158 1756 6561 523 1757 6562 1159 1758 6563 1159 1758 6564 523 1757 6565 522 1759 6566 1159 1758 6567 522 1759 6568 1160 1760 6569 1160 1760 6570 522 1759 6571 521 1761 6572 1160 1760 6573 521 1761 6574 1161 1762 6575 1161 1762 6576 521 1761 6577 520 1763 6578 1161 1762 6579 520 1763 6580 519 1764 6581 1161 1762 6582 519 1764 6583 1162 1765 6584 1162 1765 6585 519 1764 6586 518 1766 6587 1162 1765 6588 518 1766 6589 1164 1767 6590 1164 1767 6591 518 1766 6592 1163 1768 6593 1164 1767 6594 1163 1768 6595 951 1769 6596 951 1769 6597 1163 1768 6598 952 1770 6599 952 1770 6600 1163 1768 6601 1156 1771 6602 952 1770 6603 1156 1771 6604 953 1772 6605 953 1772 6606 1156 1771 6607 1165 1773 6608 953 1772 6609 1165 1773 6610 954 1774 6611 954 1774 6612 1165 1773 6613 1166 1775 6614 954 1774 6615 1166 1775 6616 955 1776 6617 955 1776 6618 1166 1775 6619 1167 1777 6620 955 1776 6621 1167 1777 6622 623 1457 6623 623 1457 6624 1167 1777 6625 241 1778 6626 623 1457 6627 241 1778 6628 240 1459 6629 1163 1768 6630 518 1766 6631 1156 1771 6632 1156 1771 6633 518 1766 6634 517 1779 6635 1156 1771 6636 517 1779 6637 246 1780 6638 1156 1771 6639 246 1780 6640 1165 1773 6641 1165 1773 6642 246 1780 6643 245 1781 6644 1165 1773 6645 245 1781 6646 244 1782 6647 244 1782 6648 243 1783 6649 1165 1773 6650 1165 1773 6651 243 1783 6652 1166 1775 6653 243 1783 6654 242 1784 6655 1166 1775 6656 1166 1775 6657 242 1784 6658 1167 1777 6659 242 1784 6660 241 1778 6661 1167 1777 6662 951 1769 6663 950 1785 6664 1164 1767 6665 1164 1767 6666 950 1785 6667 1162 1765 6668 950 1785 6669 949 1786 6670 1162 1765 6671 1162 1765 6672 949 1786 6673 1161 1762 6674 949 1786 6675 948 1787 6676 1161 1762 6677 1161 1762 6678 948 1787 6679 1160 1760 6680 948 1787 6681 947 1788 6682 1160 1760 6683 1160 1760 6684 947 1788 6685 946 1789 6686 1160 1760 6687 946 1789 6688 1159 1758 6689 1159 1758 6690 946 1789 6691 1158 1756 6692 946 1789 6693 945 1790 6694 1158 1756 6695 1158 1756 6696 945 1790 6697 1157 1750 6698 945 1790 6699 944 1748 6700 1157 1750 6701 247 1791 6702 516 1792 6703 248 1613 6704 248 1613 6705 516 1792 6706 515 1793 6707 248 1613 6708 515 1793 6709 1083 1612 6710 1083 1612 6711 515 1793 6712 514 1794 6713 1083 1612 6714 514 1794 6715 513 1795 6716 513 1 6717 512 1796 6718 1083 1797 6719 1083 1797 6720 512 1796 6721 511 1798 6722 1083 1797 6723 511 1798 6724 510 1799 6725 510 1799 6726 509 1800 6727 1083 1797 6728 1083 1797 6729 509 1800 6730 508 1801 6731 1083 1797 6732 508 1801 6733 507 1802 6734 1083 1797 6735 507 1802 6736 1084 1803 6737 1084 1803 6738 507 1802 6739 506 1804 6740 1084 1803 6741 506 1804 6742 505 1805 6743 1084 1803 6744 505 1805 6745 1085 1 6746 1085 1 6747 505 1805 6748 504 1806 6749 1085 1 6750 504 1806 6751 1086 1807 6752 1086 1807 6753 504 1806 6754 503 1808 6755 1086 1807 6756 503 1808 6757 1103 1809 6758 1103 1809 6759 503 1808 6760 1104 1810 6761 1104 1810 6762 503 1808 6763 502 1811 6764 1104 1810 6765 502 1811 6766 1105 1812 6767 1105 1812 6768 502 1811 6769 501 1813 6770 1105 1812 6771 501 1813 6772 1106 1814 6773 1106 1814 6774 501 1813 6775 500 1815 6776 1106 1814 6777 500 1815 6778 1155 1816 6779 1155 1816 6780 500 1815 6781 499 1817 6782 1155 1816 6783 499 1817 6784 498 1818 6785 498 1818 6786 497 1819 6787 1155 1816 6788 1155 1816 6789 497 1819 6790 496 1820 6791 1155 1816 6792 496 1820 6793 495 1821 6794 495 1821 6795 494 1822 6796 1155 1816 6797 1155 1816 6798 494 1822 6799 493 1823 6800 1155 1816 6801 493 1823 6802 492 1824 6803 1155 1816 6804 1154 1825 6805 1106 1814 6806 1106 1814 6807 1154 1825 6808 1107 1826 6809 1107 1826 6810 1154 1825 6811 1153 1827 6812 1107 1826 6813 1153 1827 6814 1108 1828 6815 1108 1828 6816 1153 1827 6817 1152 1829 6818 1108 1828 6819 1152 1829 6820 1109 1830 6821 1109 1830 6822 1152 1829 6823 1110 1831 6824 1110 1831 6825 1152 1829 6826 1111 1 6827 1111 1 6828 1152 1829 6829 1112 1 6830 1112 1 6831 1152 1829 6832 1113 1 6833 1113 1 6834 1152 1829 6835 1114 1 6836 1114 1 6837 1152 1829 6838 1115 1 6839 1115 1 6840 1152 1829 6841 1116 1 6842 1103 1809 6843 1102 1 6844 1086 1807 6845 1086 1807 6846 1102 1 6847 1087 1832 6848 1087 1832 6849 1102 1 6850 1101 1833 6851 1087 1832 6852 1101 1833 6853 1088 1834 6854 1088 1834 6855 1101 1833 6856 1100 1835 6857 1088 1834 6858 1100 1835 6859 1099 1836 6860 1088 1834 6861 1099 1836 6862 1089 1837 6863 1089 1837 6864 1099 1836 6865 1098 1838 6866 1089 1837 6867 1098 1838 6868 1097 1800 6869 1097 1800 6870 1096 1799 6871 1089 1837 6872 1089 1837 6873 1096 1799 6874 1095 1798 6875 1089 1837 6876 1095 1798 6877 1094 1796 6878 1094 1796 6879 1090 1 6880 1089 1837 6881</p>
        </triangles>
        <triangles material="Opaque_63_63_63__002-material" count="3592">
          <input semantic="VERTEX" source="#thigh_r-mesh-vertices" offset="0"/>
          <input semantic="NORMAL" source="#thigh_r-mesh-normals" offset="1"/>
          <input semantic="TEXCOORD" source="#thigh_r-mesh-map-0" offset="2" set="0"/>
          <p>1168 1839 6882 1169 1840 6883 1171 1841 6884 1171 1841 6885 1169 1840 6886 1170 1842 6887 1173 1843 6888 1174 1844 6889 1172 1845 6890 1172 1845 6891 1174 1844 6892 1175 1846 6893 1171 1841 6894 1170 1842 6895 1183 1847 6896 1183 1847 6897 1170 1842 6898 1176 1848 6899 1183 1847 6900 1176 1848 6901 1182 1849 6902 1182 1849 6903 1176 1848 6904 1177 1850 6905 1182 1849 6906 1177 1850 6907 1181 1851 6908 1181 1851 6909 1177 1850 6910 1178 1852 6911 1181 1851 6912 1178 1852 6913 1180 1853 6914 1180 1853 6915 1178 1852 6916 1179 1854 6917 1184 1855 6918 1185 1856 6919 1179 1854 6920 1179 1854 6921 1185 1856 6922 1180 1853 6923 1185 1856 6924 1184 1855 6925 1191 1857 6926 1191 1857 6927 1184 1855 6928 1186 1858 6929 1191 1857 6930 1186 1858 6931 1190 1859 6932 1190 1859 6933 1186 1858 6934 1187 1860 6935 1190 1859 6936 1187 1860 6937 1189 1861 6938 1189 1861 6939 1187 1860 6940 1188 1862 6941 1189 1861 6942 1188 1862 6943 1174 1844 6944 1174 1844 6945 1188 1862 6946 1175 1846 6947 1169 1863 6948 1192 1864 6949 1170 1865 6950 1170 1865 6951 1192 1864 6952 1193 1866 6953 1170 1865 6954 1193 1866 6955 1194 1867 6956 1194 1867 6957 1195 1868 6958 1170 1865 6959 1170 1865 6960 1195 1868 6961 1196 1869 6962 1170 1865 6963 1196 1869 6964 1197 1870 6965 1197 1870 6966 1198 1871 6967 1170 1865 6968 1170 1865 6969 1198 1871 6970 1175 1872 6971 1170 1865 6972 1175 1872 6973 1179 1873 6974 1179 1873 6975 1175 1872 6976 1184 1874 6977 1184 1874 6978 1175 1872 6979 1188 1875 6980 1184 1874 6981 1188 1875 6982 1187 1876 6983 1198 1871 6984 1199 1877 6985 1175 1872 6986 1175 1872 6987 1199 1877 6988 1200 1878 6989 1175 1872 6990 1200 1878 6991 1201 1879 6992 1201 1879 6993 1202 1880 6994 1175 1872 6995 1175 1872 6996 1202 1880 6997 1203 1881 6998 1175 1872 6999 1203 1881 7000 1172 1882 7001 1187 1876 7002 1186 1883 7003 1184 1874 7004 1178 1884 7005 1177 1885 7006 1179 1873 7007 1179 1873 7008 1177 1885 7009 1176 1875 7010 1179 1873 7011 1176 1875 7012 1170 1865 7013 1198 1886 7014 1204 1887 7015 1199 1888 7016 1199 1888 7017 1204 1887 7018 1205 1889 7019 1199 1888 7020 1205 1889 7021 1206 1890 7022 1207 1891 7023 1201 1892 7024 1206 1890 7025 1206 1890 7026 1201 1892 7027 1200 1893 7028 1206 1890 7029 1200 1893 7030 1199 1888 7031 1194 1894 7032 1208 1895 7033 1195 1896 7034 1195 1896 7035 1208 1895 7036 1209 1897 7037 1195 1896 7038 1209 1897 7039 1210 1898 7040 1211 1899 7041 1197 1900 7042 1210 1898 7043 1210 1898 7044 1197 1900 7045 1196 1898 7046 1210 1898 7047 1196 1898 7048 1195 1896 7049 1198 1886 7050 1197 1900 7051 1204 1887 7052 1204 1887 7053 1197 1900 7054 1211 1899 7055 1213 1901 7056 1205 1902 7057 1212 1903 7058 1212 1903 7059 1205 1902 7060 1204 1904 7061 1212 1903 7062 1204 1904 7063 1227 1905 7064 1227 1905 7065 1204 1904 7066 1218 1906 7067 1227 1905 7068 1218 1906 7069 1223 1907 7070 1223 1907 7071 1218 1906 7072 1222 1908 7073 1222 1908 7074 1218 1906 7075 1219 1909 7076 1222 1908 7077 1219 1909 7078 1220 1910 7079 1205 1902 7080 1213 1901 7081 1206 1911 7082 1206 1911 7083 1213 1901 7084 1214 1912 7085 1206 1911 7086 1214 1912 7087 1207 1 7088 1204 1904 7089 1211 1913 7090 1218 1906 7091 1218 1906 7092 1211 1913 7093 1217 1914 7094 1217 1914 7095 1211 1913 7096 1210 1915 7097 1217 1914 7098 1210 1915 7099 1216 1916 7100 1216 1916 7101 1210 1915 7102 1209 1917 7103 1216 1916 7104 1209 1917 7105 1215 1918 7106 1215 1918 7107 1209 1917 7108 1208 1 7109 1220 1910 7110 1221 1919 7111 1222 1908 7112 1224 1 7113 1225 1920 7114 1223 1907 7115 1223 1907 7116 1225 1920 7117 1226 1909 7118 1223 1907 7119 1226 1909 7120 1227 1905 7121 1229 1921 7122 1295 1922 7123 1228 1923 7124 1228 1923 7125 1295 1922 7126 1262 1924 7127 1228 1923 7128 1262 1924 7129 1261 1925 7130 1261 1925 7131 1262 1924 7132 1263 1926 7133 1261 1925 7134 1263 1926 7135 1264 1927 7136 1229 1921 7137 1230 1928 7138 1295 1922 7139 1295 1922 7140 1230 1928 7141 1294 1929 7142 1294 1929 7143 1230 1928 7144 1231 1930 7145 1294 1929 7146 1231 1930 7147 1293 1931 7148 1293 1931 7149 1231 1930 7150 1232 1932 7151 1293 1931 7152 1232 1932 7153 1292 1933 7154 1292 1933 7155 1232 1932 7156 1233 1934 7157 1292 1933 7158 1233 1934 7159 1291 1935 7160 1291 1935 7161 1233 1934 7162 1234 1936 7163 1291 1935 7164 1234 1936 7165 1290 1937 7166 1290 1937 7167 1234 1936 7168 1235 1938 7169 1290 1937 7170 1235 1938 7171 1289 1939 7172 1289 1939 7173 1235 1938 7174 1236 1940 7175 1289 1939 7176 1236 1940 7177 1288 1941 7178 1288 1941 7179 1236 1940 7180 1237 1942 7181 1288 1941 7182 1237 1942 7183 1287 1943 7184 1287 1943 7185 1237 1942 7186 1238 1944 7187 1287 1943 7188 1238 1944 7189 1286 1945 7190 1286 1945 7191 1238 1944 7192 1239 1946 7193 1286 1945 7194 1239 1946 7195 1285 1947 7196 1285 1947 7197 1239 1946 7198 1240 1948 7199 1285 1947 7200 1240 1948 7201 1284 1949 7202 1284 1949 7203 1240 1948 7204 1241 1950 7205 1284 1949 7206 1241 1950 7207 1283 1951 7208 1283 1951 7209 1241 1950 7210 1242 1952 7211 1283 1951 7212 1242 1952 7213 1282 1953 7214 1282 1953 7215 1242 1952 7216 1243 1954 7217 1282 1953 7218 1243 1954 7219 1281 1955 7220 1281 1955 7221 1243 1954 7222 1244 1956 7223 1281 1955 7224 1244 1956 7225 1280 1957 7226 1280 1957 7227 1244 1956 7228 1245 1958 7229 1280 1957 7230 1245 1958 7231 1279 1959 7232 1279 1959 7233 1245 1958 7234 1246 1960 7235 1279 1959 7236 1246 1960 7237 1278 1961 7238 1278 1961 7239 1246 1960 7240 1247 1962 7241 1278 1961 7242 1247 1962 7243 1277 1963 7244 1277 1963 7245 1247 1962 7246 1248 1964 7247 1277 1963 7248 1248 1964 7249 1276 1965 7250 1276 1965 7251 1248 1964 7252 1249 1966 7253 1276 1965 7254 1249 1966 7255 1275 1967 7256 1275 1967 7257 1249 1966 7258 1250 1968 7259 1275 1967 7260 1250 1968 7261 1274 1969 7262 1274 1969 7263 1250 1968 7264 1251 1970 7265 1274 1969 7266 1251 1970 7267 1273 1971 7268 1273 1971 7269 1251 1970 7270 1252 1972 7271 1273 1971 7272 1252 1972 7273 1272 1973 7274 1272 1973 7275 1252 1972 7276 1253 1974 7277 1272 1973 7278 1253 1974 7279 1271 1975 7280 1271 1975 7281 1253 1974 7282 1254 1976 7283 1271 1975 7284 1254 1976 7285 1270 1977 7286 1270 1977 7287 1254 1976 7288 1255 1978 7289 1270 1977 7290 1255 1978 7291 1269 1979 7292 1269 1979 7293 1255 1978 7294 1256 1980 7295 1269 1979 7296 1256 1980 7297 1268 1981 7298 1268 1981 7299 1256 1980 7300 1257 1982 7301 1268 1981 7302 1257 1982 7303 1267 1983 7304 1267 1983 7305 1257 1982 7306 1258 1984 7307 1267 1983 7308 1258 1984 7309 1266 1985 7310 1266 1985 7311 1258 1984 7312 1259 1986 7313 1266 1985 7314 1259 1986 7315 1265 1987 7316 1265 1987 7317 1259 1986 7318 1260 1988 7319 1265 1987 7320 1260 1988 7321 1264 1927 7322 1264 1927 7323 1260 1988 7324 1261 1925 7325 1295 0 7326 1280 0 7327 1262 0 7328 1262 0 7329 1280 0 7330 1279 0 7331 1262 0 7332 1279 0 7333 1263 0 7334 1263 0 7335 1279 0 7336 1278 0 7337 1263 0 7338 1278 0 7339 1264 0 7340 1264 0 7341 1278 0 7342 1277 0 7343 1264 0 7344 1277 0 7345 1265 0 7346 1265 0 7347 1277 0 7348 1276 0 7349 1265 0 7350 1276 0 7351 1266 0 7352 1266 0 7353 1276 0 7354 1275 0 7355 1266 0 7356 1275 0 7357 1267 0 7358 1267 0 7359 1275 0 7360 1274 0 7361 1267 0 7362 1274 0 7363 1268 0 7364 1268 0 7365 1274 0 7366 1273 0 7367 1268 0 7368 1273 0 7369 1269 0 7370 1269 0 7371 1273 0 7372 1272 0 7373 1269 0 7374 1272 0 7375 1270 0 7376 1270 0 7377 1272 0 7378 1271 0 7379 1280 0 7380 1295 0 7381 1281 0 7382 1281 0 7383 1295 0 7384 1294 0 7385 1281 0 7386 1294 0 7387 1282 0 7388 1282 0 7389 1294 0 7390 1293 0 7391 1282 0 7392 1293 0 7393 1283 0 7394 1283 0 7395 1293 0 7396 1292 0 7397 1283 0 7398 1292 0 7399 1284 0 7400 1284 0 7401 1292 0 7402 1291 0 7403 1284 0 7404 1291 0 7405 1285 0 7406 1285 0 7407 1291 0 7408 1290 0 7409 1285 0 7410 1290 0 7411 1286 0 7412 1286 0 7413 1290 0 7414 1289 0 7415 1286 0 7416 1289 0 7417 1287 0 7418 1287 0 7419 1289 0 7420 1288 0 7421 1297 1 7422 1309 1 7423 1296 1 7424 1296 1 7425 1309 1 7426 1310 1 7427 1296 1 7428 1310 1 7429 1323 1 7430 1323 1 7431 1310 1 7432 1311 1 7433 1323 1 7434 1311 1 7435 1322 1 7436 1322 1 7437 1311 1 7438 1312 1 7439 1322 1 7440 1312 1 7441 1321 1 7442 1321 1 7443 1312 1 7444 1313 1 7445 1321 1 7446 1313 1 7447 1320 1 7448 1320 1 7449 1313 1 7450 1314 1 7451 1320 1 7452 1314 1 7453 1319 1 7454 1319 1 7455 1314 1 7456 1315 1 7457 1319 1 7458 1315 1 7459 1318 1 7460 1318 1 7461 1315 1 7462 1316 1 7463 1318 1 7464 1316 1 7465 1317 1 7466 1309 1 7467 1297 1 7468 1308 1 7469 1308 1 7470 1297 1 7471 1298 1 7472 1308 1 7473 1298 1 7474 1307 1 7475 1307 1 7476 1298 1 7477 1299 1 7478 1307 1 7479 1299 1 7480 1306 1 7481 1306 1 7482 1299 1 7483 1300 1 7484 1306 1 7485 1300 1 7486 1305 1 7487 1305 1 7488 1300 1 7489 1301 1 7490 1305 1 7491 1301 1 7492 1304 1 7493 1304 1 7494 1301 1 7495 1302 1 7496 1304 1 7497 1302 1 7498 1303 1 7499 1360 1 7500 1324 1 7501 1361 1989 7502 1361 1989 7503 1324 1 7504 1325 1990 7505 1361 1989 7506 1325 1990 7507 1388 1991 7508 1388 1991 7509 1325 1990 7510 1326 1992 7511 1388 1991 7512 1326 1992 7513 1387 1993 7514 1387 1993 7515 1326 1992 7516 1327 1994 7517 1387 1993 7518 1327 1994 7519 1386 1995 7520 1386 1995 7521 1327 1994 7522 1328 1996 7523 1386 1995 7524 1328 1996 7525 1329 1997 7526 1386 1995 7527 1329 1997 7528 1385 1 7529 1385 1 7530 1329 1997 7531 1330 1998 7532 1385 1 7533 1330 1998 7534 1384 1999 7535 1384 1999 7536 1330 1998 7537 1331 2000 7538 1384 1999 7539 1331 2000 7540 1383 2001 7541 1383 2001 7542 1331 2000 7543 1332 2002 7544 1383 2001 7545 1332 2002 7546 1333 2003 7547 1383 2001 7548 1333 2003 7549 1382 2004 7550 1382 2004 7551 1333 2003 7552 1334 2005 7553 1382 2004 7554 1334 2005 7555 1381 2006 7556 1381 2006 7557 1334 2005 7558 1335 2007 7559 1381 2006 7560 1335 2007 7561 1380 2008 7562 1380 2008 7563 1335 2007 7564 1336 2009 7565 1380 2008 7566 1336 2009 7567 1337 2010 7568 1380 2008 7569 1337 2010 7570 1379 2011 7571 1379 2011 7572 1337 2010 7573 1338 2012 7574 1379 2011 7575 1338 2012 7576 1378 2013 7577 1378 2013 7578 1338 2012 7579 1339 2014 7580 1378 2013 7581 1339 2014 7582 1377 2015 7583 1377 2015 7584 1339 2014 7585 1340 2016 7586 1377 2015 7587 1340 2016 7588 1341 2017 7589 1377 2015 7590 1341 2017 7591 1376 2018 7592 1376 2018 7593 1341 2017 7594 1342 2019 7595 1376 2018 7596 1342 2019 7597 1375 2020 7598 1375 2020 7599 1342 2019 7600 1343 2021 7601 1375 2020 7602 1343 2021 7603 1374 2022 7604 1374 2022 7605 1343 2021 7606 1344 2023 7607 1374 2022 7608 1344 2023 7609 1373 2024 7610 1373 2024 7611 1344 2023 7612 1345 2016 7613 1373 2024 7614 1345 2016 7615 1346 2014 7616 1373 2024 7617 1346 2014 7618 1372 2013 7619 1372 2013 7620 1346 2014 7621 1347 2012 7622 1372 2013 7623 1347 2012 7624 1371 2011 7625 1371 2011 7626 1347 2012 7627 1348 2010 7628 1371 2011 7629 1348 2010 7630 1370 2025 7631 1370 2025 7632 1348 2010 7633 1349 2009 7634 1370 2025 7635 1349 2009 7636 1350 2026 7637 1370 2025 7638 1350 2026 7639 1369 2027 7640 1369 2027 7641 1350 2026 7642 1351 2005 7643 1369 2027 7644 1351 2005 7645 1368 2004 7646 1368 2004 7647 1351 2005 7648 1352 2003 7649 1368 2004 7650 1352 2003 7651 1367 2001 7652 1367 2001 7653 1352 2003 7654 1353 2002 7655 1367 2001 7656 1353 2002 7657 1354 2000 7658 1367 2001 7659 1354 2000 7660 1366 2028 7661 1366 2028 7662 1354 2000 7663 1355 1998 7664 1366 2028 7665 1355 1998 7666 1365 1 7667 1365 1 7668 1355 1998 7669 1356 1997 7670 1365 1 7671 1356 1997 7672 1364 1995 7673 1364 1995 7674 1356 1997 7675 1357 1996 7676 1364 1995 7677 1357 1996 7678 1358 1994 7679 1364 1995 7680 1358 1994 7681 1363 1 7682 1363 1 7683 1358 1994 7684 1359 1 7685 1363 1 7686 1359 1 7687 1362 1 7688 1362 1 7689 1359 1 7690 1360 1 7691 1362 1 7692 1360 1 7693 1361 1989 7694 1390 2029 7695 1345 2030 7696 1389 2031 7697 1389 2031 7698 1345 2030 7699 1344 2032 7700 1389 2031 7701 1344 2032 7702 1427 2033 7703 1427 2033 7704 1344 2032 7705 1343 2034 7706 1427 2033 7707 1343 2034 7708 1426 2035 7709 1426 2035 7710 1343 2034 7711 1342 2036 7712 1426 2035 7713 1342 2036 7714 1425 2037 7715 1425 2037 7716 1342 2036 7717 1341 2038 7718 1425 2037 7719 1341 2038 7720 1424 2039 7721 1424 2039 7722 1341 2038 7723 1340 2040 7724 1424 2039 7725 1340 2040 7726 1423 2041 7727 1423 2041 7728 1340 2040 7729 1422 2042 7730 1422 2042 7731 1340 2040 7732 1339 2043 7733 1422 2042 7734 1339 2043 7735 1421 2044 7736 1421 2044 7737 1339 2043 7738 1338 2045 7739 1421 2044 7740 1338 2045 7741 1420 2046 7742 1420 2046 7743 1338 2045 7744 1337 2047 7745 1420 2046 7746 1337 2047 7747 1419 2048 7748 1419 2048 7749 1337 2047 7750 1336 2049 7751 1419 2048 7752 1336 2049 7753 1418 2050 7754 1418 2050 7755 1336 2049 7756 1335 2051 7757 1418 2050 7758 1335 2051 7759 1417 2052 7760 1417 2052 7761 1335 2051 7762 1334 2053 7763 1417 2052 7764 1334 2053 7765 1416 2054 7766 1416 2054 7767 1334 2053 7768 1333 2055 7769 1416 2054 7770 1333 2055 7771 1415 2056 7772 1415 2056 7773 1333 2055 7774 1414 2057 7775 1414 2057 7776 1333 2055 7777 1332 2058 7778 1414 2057 7779 1332 2058 7780 1413 2059 7781 1413 2059 7782 1332 2058 7783 1331 2060 7784 1413 2059 7785 1331 2060 7786 1412 2061 7787 1412 2061 7788 1331 2060 7789 1330 2062 7790 1412 2061 7791 1330 2062 7792 1411 2063 7793 1411 2063 7794 1330 2062 7795 1329 2064 7796 1411 2063 7797 1329 2064 7798 1410 2065 7799 1410 2065 7800 1329 2064 7801 1328 2066 7802 1410 2065 7803 1328 2066 7804 1409 2067 7805 1409 2067 7806 1328 2066 7807 1327 2068 7808 1409 2067 7809 1327 2068 7810 1408 2069 7811 1408 2069 7812 1327 2068 7813 1326 2070 7814 1408 2069 7815 1326 2070 7816 1407 2071 7817 1407 2071 7818 1326 2070 7819 1325 2072 7820 1407 2071 7821 1325 2072 7822 1406 2073 7823 1406 2073 7824 1325 2072 7825 1324 2074 7826 1406 2073 7827 1324 2074 7828 1405 2075 7829 1405 2075 7830 1324 2074 7831 1360 2076 7832 1405 2075 7833 1360 2076 7834 1404 2077 7835 1404 2077 7836 1360 2076 7837 1359 2078 7838 1404 2077 7839 1359 2078 7840 1403 2079 7841 1403 2079 7842 1359 2078 7843 1358 2080 7844 1403 2079 7845 1358 2080 7846 1402 2081 7847 1402 2081 7848 1358 2080 7849 1357 2082 7850 1402 2081 7851 1357 2082 7852 1401 2083 7853 1401 2083 7854 1357 2082 7855 1356 2084 7856 1401 2083 7857 1356 2084 7858 1400 2085 7859 1400 2085 7860 1356 2084 7861 1355 2086 7862 1400 2085 7863 1355 2086 7864 1399 2087 7865 1399 2087 7866 1355 2086 7867 1354 2088 7868 1399 2087 7869 1354 2088 7870 1398 2089 7871 1398 2089 7872 1354 2088 7873 1353 2090 7874 1398 2089 7875 1353 2090 7876 1397 2091 7877 1397 2091 7878 1353 2090 7879 1352 2092 7880 1397 2091 7881 1352 2092 7882 1396 2093 7883 1396 2093 7884 1352 2092 7885 1351 2094 7886 1396 2093 7887 1351 2094 7888 1395 2095 7889 1395 2095 7890 1351 2094 7891 1350 2096 7892 1395 2095 7893 1350 2096 7894 1394 2097 7895 1394 2097 7896 1350 2096 7897 1349 2098 7898 1394 2097 7899 1349 2098 7900 1393 2099 7901 1393 2099 7902 1349 2098 7903 1348 2100 7904 1393 2099 7905 1348 2100 7906 1392 2101 7907 1392 2101 7908 1348 2100 7909 1347 2102 7910 1392 2101 7911 1347 2102 7912 1391 2103 7913 1391 2103 7914 1347 2102 7915 1346 2104 7916 1391 2103 7917 1346 2104 7918 1390 2029 7919 1390 2029 7920 1346 2104 7921 1345 2030 7922 1417 2105 7923 1236 2106 7924 1428 2107 7925 1428 2107 7926 1236 2106 7927 1235 0 7928 1428 2107 7929 1235 0 7930 1458 0 7931 1458 0 7932 1235 0 7933 1234 0 7934 1458 0 7935 1234 0 7936 1457 0 7937 1457 0 7938 1234 0 7939 1233 2108 7940 1457 0 7941 1233 2108 7942 1456 2109 7943 1456 2109 7944 1233 2108 7945 1232 2110 7946 1456 2109 7947 1232 2110 7948 1455 0 7949 1455 0 7950 1232 2110 7951 1231 0 7952 1455 0 7953 1231 0 7954 1454 2111 7955 1454 2111 7956 1231 0 7957 1230 2112 7958 1454 2111 7959 1230 2112 7960 1453 2113 7961 1453 2113 7962 1230 2112 7963 1229 2114 7964 1453 2113 7965 1229 2114 7966 1424 2115 7967 1424 2115 7968 1229 2114 7969 1425 2116 7970 1425 2116 7971 1229 2114 7972 1228 0 7973 1425 2116 7974 1228 0 7975 1426 0 7976 1426 0 7977 1228 0 7978 1427 0 7979 1427 0 7980 1228 0 7981 1261 2117 7982 1427 0 7983 1261 2117 7984 1389 0 7985 1389 0 7986 1261 2117 7987 1452 2118 7988 1452 2118 7989 1261 2117 7990 1260 2119 7991 1452 2118 7992 1260 2119 7993 1451 2120 7994 1451 2120 7995 1260 2119 7996 1259 2121 7997 1451 2120 7998 1259 2121 7999 1450 2122 8000 1450 2122 8001 1259 2121 8002 1258 2123 8003 1450 2122 8004 1258 2123 8005 1449 2124 8006 1449 2124 8007 1258 2123 8008 1257 0 8009 1449 2124 8010 1257 0 8011 1448 0 8012 1448 0 8013 1257 0 8014 1256 0 8015 1448 0 8016 1256 0 8017 1447 2125 8018 1447 2125 8019 1256 0 8020 1255 2126 8021 1447 2125 8022 1255 2126 8023 1446 2127 8024 1446 2127 8025 1255 2126 8026 1254 2128 8027 1446 2127 8028 1254 2128 8029 1445 2129 8030 1445 2129 8031 1254 2128 8032 1253 2130 8033 1445 2129 8034 1253 2130 8035 1444 2131 8036 1444 2131 8037 1253 2130 8038 1252 2132 8039 1444 2131 8040 1252 2132 8041 1443 2133 8042 1443 2133 8043 1252 2132 8044 1251 2134 8045 1443 2133 8046 1251 2134 8047 1442 2135 8048 1442 2135 8049 1251 2134 8050 1250 2136 8051 1442 2135 8052 1250 2136 8053 1441 2137 8054 1441 2137 8055 1250 2136 8056 1249 2138 8057 1441 2137 8058 1249 2138 8059 1440 2139 8060 1440 2139 8061 1249 2138 8062 1248 2140 8063 1440 2139 8064 1248 2140 8065 1439 2141 8066 1439 2141 8067 1248 2140 8068 1247 2142 8069 1439 2141 8070 1247 2142 8071 1438 2143 8072 1438 2143 8073 1247 2142 8074 1246 2144 8075 1438 2143 8076 1246 2144 8077 1437 2145 8078 1437 2145 8079 1246 2144 8080 1245 2146 8081 1437 2145 8082 1245 2146 8083 1436 2147 8084 1436 2147 8085 1245 2146 8086 1244 2148 8087 1436 2147 8088 1244 2148 8089 1435 2149 8090 1435 2149 8091 1244 2148 8092 1243 2150 8093 1435 2149 8094 1243 2150 8095 1434 2151 8096 1434 2151 8097 1243 2150 8098 1242 2152 8099 1434 2151 8100 1242 2152 8101 1433 2153 8102 1433 2153 8103 1242 2152 8104 1241 2154 8105 1433 2153 8106 1241 2154 8107 1432 2155 8108 1432 2155 8109 1241 2154 8110 1240 2156 8111 1432 2155 8112 1240 2156 8113 1431 2157 8114 1431 2157 8115 1240 2156 8116 1239 0 8117 1431 2157 8118 1239 0 8119 1430 0 8120 1430 0 8121 1239 0 8122 1238 0 8123 1430 0 8124 1238 0 8125 1429 0 8126 1429 0 8127 1238 0 8128 1237 0 8129 1429 0 8130 1237 0 8131 1414 0 8132 1414 0 8133 1237 0 8134 1415 0 8135 1415 0 8136 1237 0 8137 1416 0 8138 1416 0 8139 1237 0 8140 1236 2106 8141 1416 0 8142 1236 2106 8143 1417 2105 8144 1388 2158 8145 1297 2159 8146 1361 2160 8147 1361 2160 8148 1297 2159 8149 1296 2161 8150 1361 2160 8151 1296 2161 8152 1362 2162 8153 1362 2162 8154 1296 2161 8155 1323 2163 8156 1362 2162 8157 1323 2163 8158 1363 2164 8159 1363 2164 8160 1323 2163 8161 1322 2165 8162 1363 2164 8163 1322 2165 8164 1364 2166 8165 1364 2166 8166 1322 2165 8167 1321 2167 8168 1364 2166 8169 1321 2167 8170 1365 2168 8171 1365 2168 8172 1321 2167 8173 1320 2169 8174 1365 2168 8175 1320 2169 8176 1366 2170 8177 1366 2170 8178 1320 2169 8179 1319 2171 8180 1366 2170 8181 1319 2171 8182 1367 2172 8183 1367 2172 8184 1319 2171 8185 1318 2173 8186 1367 2172 8187 1318 2173 8188 1368 2174 8189 1368 2174 8190 1318 2173 8191 1317 2175 8192 1368 2174 8193 1317 2175 8194 1369 2176 8195 1369 2176 8196 1317 2175 8197 1316 2177 8198 1369 2176 8199 1316 2177 8200 1370 2178 8201 1370 2178 8202 1316 2177 8203 1315 2179 8204 1370 2178 8205 1315 2179 8206 1371 2180 8207 1371 2180 8208 1315 2179 8209 1314 2181 8210 1371 2180 8211 1314 2181 8212 1372 2182 8213 1372 2182 8214 1314 2181 8215 1313 2183 8216 1372 2182 8217 1313 2183 8218 1373 2184 8219 1373 2184 8220 1313 2183 8221 1312 2185 8222 1373 2184 8223 1312 2185 8224 1374 2186 8225 1374 2186 8226 1312 2185 8227 1311 2187 8228 1374 2186 8229 1311 2187 8230 1375 2188 8231 1375 2188 8232 1311 2187 8233 1310 2189 8234 1375 2188 8235 1310 2189 8236 1376 2190 8237 1376 2190 8238 1310 2189 8239 1309 2191 8240 1376 2190 8241 1309 2191 8242 1377 2192 8243 1377 2192 8244 1309 2191 8245 1308 2193 8246 1377 2192 8247 1308 2193 8248 1378 2194 8249 1378 2194 8250 1308 2193 8251 1307 2195 8252 1378 2194 8253 1307 2195 8254 1379 2196 8255 1379 2196 8256 1307 2195 8257 1306 2197 8258 1379 2196 8259 1306 2197 8260 1380 2198 8261 1380 2198 8262 1306 2197 8263 1305 2199 8264 1380 2198 8265 1305 2199 8266 1381 2200 8267 1381 2200 8268 1305 2199 8269 1304 2201 8270 1381 2200 8271 1304 2201 8272 1382 2202 8273 1382 2202 8274 1304 2201 8275 1303 2203 8276 1382 2202 8277 1303 2203 8278 1383 2204 8279 1383 2204 8280 1303 2203 8281 1302 2205 8282 1383 2204 8283 1302 2205 8284 1384 2206 8285 1384 2206 8286 1302 2205 8287 1301 2207 8288 1384 2206 8289 1301 2207 8290 1385 2208 8291 1385 2208 8292 1301 2207 8293 1300 2209 8294 1385 2208 8295 1300 2209 8296 1386 2210 8297 1386 2210 8298 1300 2209 8299 1299 2211 8300 1386 2210 8301 1299 2211 8302 1387 2212 8303 1387 2212 8304 1299 2211 8305 1298 2213 8306 1387 2212 8307 1298 2213 8308 1388 2158 8309 1388 2158 8310 1298 2213 8311 1297 2159 8312 1486 2214 8313 1414 2215 8314 1485 2216 8315 1485 2216 8316 1414 2215 8317 1413 2217 8318 1485 2216 8319 1413 2217 8320 1484 2218 8321 1484 2218 8322 1413 2217 8323 1412 2219 8324 1484 2218 8325 1412 2219 8326 1483 2220 8327 1483 2220 8328 1412 2219 8329 1411 2221 8330 1483 2220 8331 1411 2221 8332 1482 2222 8333 1482 2222 8334 1411 2221 8335 1410 2223 8336 1482 2222 8337 1410 2223 8338 1481 2224 8339 1481 2224 8340 1410 2223 8341 1409 2225 8342 1481 2224 8343 1409 2225 8344 1480 2226 8345 1480 2226 8346 1409 2225 8347 1408 1 8348 1480 2226 8349 1408 1 8350 1479 1 8351 1479 1 8352 1408 1 8353 1407 1 8354 1479 1 8355 1407 1 8356 1478 2227 8357 1478 2227 8358 1407 1 8359 1406 2228 8360 1478 2227 8361 1406 2228 8362 1477 2229 8363 1477 2229 8364 1406 2228 8365 1405 2230 8366 1477 2229 8367 1405 2230 8368 1476 2231 8369 1476 2231 8370 1405 2230 8371 1404 2232 8372 1476 2231 8373 1404 2232 8374 1475 2233 8375 1475 2233 8376 1404 2232 8377 1403 2234 8378 1475 2233 8379 1403 2234 8380 1474 2235 8381 1474 2235 8382 1403 2234 8383 1402 2236 8384 1474 2235 8385 1402 2236 8386 1473 1 8387 1473 1 8388 1402 2236 8389 1401 1 8390 1473 1 8391 1401 1 8392 1472 1 8393 1472 1 8394 1401 1 8395 1471 1 8396 1471 1 8397 1401 1 8398 1400 1 8399 1471 1 8400 1400 1 8401 1470 1 8402 1470 1 8403 1400 1 8404 1399 1 8405 1470 1 8406 1399 1 8407 1469 2237 8408 1469 2237 8409 1399 1 8410 1398 2238 8411 1469 2237 8412 1398 2238 8413 1468 2239 8414 1468 2239 8415 1398 2238 8416 1397 2240 8417 1468 2239 8418 1397 2240 8419 1467 2241 8420 1467 2241 8421 1397 2240 8422 1396 2242 8423 1467 2241 8424 1396 2242 8425 1466 2243 8426 1466 2243 8427 1396 2242 8428 1395 2244 8429 1466 2243 8430 1395 2244 8431 1465 2245 8432 1465 2245 8433 1395 2244 8434 1394 2246 8435 1465 2245 8436 1394 2246 8437 1464 2247 8438 1464 2247 8439 1394 2246 8440 1393 2248 8441 1464 2247 8442 1393 2248 8443 1463 2249 8444 1463 2249 8445 1393 2248 8446 1392 2250 8447 1463 2249 8448 1392 2250 8449 1462 2251 8450 1462 2251 8451 1392 2250 8452 1391 2252 8453 1462 2251 8454 1391 2252 8455 1461 2253 8456 1461 2253 8457 1391 2252 8458 1390 2254 8459 1461 2253 8460 1390 2254 8461 1460 2255 8462 1460 2255 8463 1390 2254 8464 1389 1 8465 1460 2255 8466 1389 1 8467 1459 1 8468 1520 2256 8469 1487 2257 8470 1525 2258 8471 1525 2258 8472 1487 2257 8473 1488 2259 8474 1525 2258 8475 1488 2259 8476 1524 1 8477 1524 1 8478 1488 2259 8479 1523 2260 8480 1523 2260 8481 1488 2259 8482 1489 2261 8483 1523 2260 8484 1489 2261 8485 1522 2262 8486 1522 2262 8487 1489 2261 8488 1490 2263 8489 1522 2262 8490 1490 2263 8491 1521 2264 8492 1521 2264 8493 1490 2263 8494 1557 2265 8495 1521 2264 8496 1557 2265 8497 1560 2266 8498 1560 2266 8499 1557 2265 8500 1558 2267 8501 1560 2266 8502 1558 2267 8503 1559 1 8504 1557 2265 8505 1490 2263 8506 1556 2268 8507 1556 2268 8508 1490 2263 8509 1491 2269 8510 1556 2268 8511 1491 2269 8512 1555 2270 8513 1555 2270 8514 1491 2269 8515 1492 2271 8516 1555 2270 8517 1492 2271 8518 1554 2272 8519 1554 2272 8520 1492 2271 8521 1493 2273 8522 1554 2272 8523 1493 2273 8524 1494 2274 8525 1554 2272 8526 1494 2274 8527 1553 2275 8528 1553 2275 8529 1494 2274 8530 1495 2276 8531 1553 2275 8532 1495 2276 8533 1552 2277 8534 1552 2277 8535 1495 2276 8536 1496 2278 8537 1552 2277 8538 1496 2278 8539 1551 2279 8540 1551 2279 8541 1496 2278 8542 1497 2280 8543 1551 2279 8544 1497 2280 8545 1550 2281 8546 1550 2281 8547 1497 2280 8548 1498 2282 8549 1550 2281 8550 1498 2282 8551 1499 2283 8552 1550 2281 8553 1499 2283 8554 1549 2284 8555 1549 2284 8556 1499 2283 8557 1500 2285 8558 1549 2284 8559 1500 2285 8560 1548 2286 8561 1548 2286 8562 1500 2285 8563 1501 2287 8564 1548 2286 8565 1501 2287 8566 1547 2288 8567 1547 2288 8568 1501 2287 8569 1502 2289 8570 1547 2288 8571 1502 2289 8572 1546 2290 8573 1546 2290 8574 1502 2289 8575 1503 2291 8576 1546 2290 8577 1503 2291 8578 1504 2292 8579 1546 2290 8580 1504 2292 8581 1545 2293 8582 1545 2293 8583 1504 2292 8584 1505 2294 8585 1545 2293 8586 1505 2294 8587 1544 2295 8588 1544 2295 8589 1505 2294 8590 1506 2296 8591 1544 2295 8592 1506 2296 8593 1543 2297 8594 1543 2297 8595 1506 2296 8596 1507 2298 8597 1543 2297 8598 1507 2298 8599 1542 2299 8600 1542 2299 8601 1507 2298 8602 1508 2300 8603 1542 2299 8604 1508 2300 8605 1509 2301 8606 1510 2302 8607 1536 1 8608 1509 2301 8609 1509 2301 8610 1536 1 8611 1537 2303 8612 1509 2301 8613 1537 2303 8614 1541 2304 8615 1541 2304 8616 1537 2303 8617 1538 2305 8618 1541 2304 8619 1538 2305 8620 1539 2306 8621 1511 2307 8622 1534 2308 8623 1510 2302 8624 1510 2302 8625 1534 2308 8626 1535 2309 8627 1510 2302 8628 1535 2309 8629 1536 1 8630 1534 2308 8631 1511 2307 8632 1533 2310 8633 1533 2310 8634 1511 2307 8635 1512 1 8636 1533 2310 8637 1512 1 8638 1532 2311 8639 1532 2311 8640 1512 1 8641 1513 2312 8642 1532 2311 8643 1513 2312 8644 1531 2313 8645 1531 2313 8646 1513 2312 8647 1514 1 8648 1531 2313 8649 1514 1 8650 1515 2314 8651 1531 2313 8652 1515 2314 8653 1530 2315 8654 1530 2315 8655 1515 2314 8656 1516 2316 8657 1530 2315 8658 1516 2316 8659 1529 1 8660 1529 1 8661 1516 2316 8662 1517 1 8663 1529 1 8664 1517 1 8665 1528 1 8666 1528 1 8667 1517 1 8668 1518 2317 8669 1528 1 8670 1518 2317 8671 1527 2318 8672 1527 2318 8673 1518 2317 8674 1519 2319 8675 1527 2318 8676 1519 2319 8677 1526 2320 8678 1526 2320 8679 1519 2319 8680 1520 2256 8681 1526 2320 8682 1520 2256 8683 1525 2258 8684 1539 2306 8685 1540 2321 8686 1541 2304 8687 1541 2304 8688 1542 2299 8689 1509 2301 8690 1504 2322 8691 1503 2323 8692 1561 2324 8693 1561 2324 8694 1503 2323 8695 1588 2325 8696 1588 2325 8697 1503 2323 8698 1502 2326 8699 1588 2325 8700 1502 2326 8701 1587 2327 8702 1587 2327 8703 1502 2326 8704 1501 2328 8705 1587 2327 8706 1501 2328 8707 1586 2329 8708 1586 2329 8709 1501 2328 8710 1500 2330 8711 1586 2329 8712 1500 2330 8713 1585 2331 8714 1585 2331 8715 1500 2330 8716 1499 2332 8717 1585 2331 8718 1499 2332 8719 1584 2333 8720 1584 2333 8721 1499 2332 8722 1498 2334 8723 1584 2333 8724 1498 2334 8725 1583 2335 8726 1583 2335 8727 1498 2334 8728 1497 2336 8729 1583 2335 8730 1497 2336 8731 1582 2337 8732 1582 2337 8733 1497 2336 8734 1496 2338 8735 1582 2337 8736 1496 2338 8737 1577 2339 8738 1577 2339 8739 1496 2338 8740 1576 2340 8741 1576 2340 8742 1496 2338 8743 1495 2341 8744 1576 2340 8745 1495 2341 8746 1575 2342 8747 1575 2342 8748 1495 2341 8749 1574 2343 8750 1574 2343 8751 1495 2341 8752 1569 2344 8753 1574 2343 8754 1569 2344 8755 1573 2345 8756 1573 2345 8757 1569 2344 8758 1572 2346 8759 1572 2346 8760 1569 2344 8761 1571 2347 8762 1571 2347 8763 1569 2344 8764 1570 2348 8765 1495 2341 8766 1494 2349 8767 1569 2344 8768 1569 2344 8769 1494 2349 8770 1568 2350 8771 1568 2350 8772 1494 2349 8773 1493 2351 8774 1568 2350 8775 1493 2351 8776 1567 2352 8777 1567 2352 8778 1493 2351 8779 1492 2353 8780 1567 2352 8781 1492 2353 8782 1566 2354 8783 1566 2354 8784 1492 2353 8785 1491 2355 8786 1566 2354 8787 1491 2355 8788 1565 2356 8789 1565 2356 8790 1491 2355 8791 1490 2357 8792 1565 2356 8793 1490 2357 8794 1564 2358 8795 1564 2358 8796 1490 2357 8797 1489 2359 8798 1564 2358 8799 1489 2359 8800 1563 2360 8801 1563 2360 8802 1489 2359 8803 1488 2361 8804 1563 2360 8805 1488 2361 8806 1562 2362 8807 1562 2362 8808 1488 2361 8809 1487 2363 8810 1577 2339 8811 1578 2364 8812 1582 2337 8813 1582 2337 8814 1578 2364 8815 1579 2365 8816 1582 2337 8817 1579 2365 8818 1580 2366 8819 1580 2366 8820 1581 2367 8821 1582 2337 8822 1534 2368 8823 1589 2369 8824 1535 2370 8825 1535 2370 8826 1589 2369 8827 1590 2371 8828 1535 2370 8829 1590 2371 8830 1536 2372 8831 1536 2372 8832 1590 2371 8833 1591 2373 8834 1536 2372 8835 1591 2373 8836 1537 2374 8837 1537 2374 8838 1591 2373 8839 1592 2375 8840 1592 2375 8841 1593 2376 8842 1537 2374 8843 1537 2374 8844 1593 2376 8845 1538 2377 8846 1541 2378 8847 1540 2379 8848 1596 2380 8849 1596 2380 8850 1540 2379 8851 1595 2381 8852 1595 2381 8853 1540 2379 8854 1539 2382 8855 1595 2381 8856 1539 2382 8857 1594 2383 8858 1594 2383 8859 1539 2382 8860 1593 2376 8861 1593 2376 8862 1539 2382 8863 1538 2377 8864 1560 2384 8865 1559 2385 8866 1600 2386 8867 1600 2386 8868 1559 2385 8869 1599 2387 8870 1599 2387 8871 1559 2385 8872 1558 2388 8873 1599 2387 8874 1558 2388 8875 1598 2389 8876 1598 2389 8877 1558 2388 8878 1597 2390 8879 1597 2390 8880 1558 2388 8881 1557 2391 8882 1541 2378 8883 1596 2380 8884 1542 2392 8885 1542 2392 8886 1596 2380 8887 1601 2393 8888 1542 2392 8889 1601 2393 8890 1602 2394 8891 1542 2392 8892 1602 2394 8893 1543 2395 8894 1543 2395 8895 1602 2394 8896 1603 2396 8897 1543 2395 8898 1603 2396 8899 1544 2397 8900 1544 2397 8901 1603 2396 8902 1604 2398 8903 1544 2397 8904 1604 2398 8905 1545 2399 8906 1545 2399 8907 1604 2398 8908 1605 2400 8909 1545 2399 8910 1605 2400 8911 1546 2401 8912 1546 2401 8913 1605 2400 8914 1606 2402 8915 1546 2401 8916 1606 2402 8917 1547 2403 8918 1547 2403 8919 1606 2402 8920 1607 2404 8921 1547 2403 8922 1607 2404 8923 1548 2405 8924 1548 2405 8925 1607 2404 8926 1608 2406 8927 1548 2405 8928 1608 2406 8929 1549 2407 8930 1549 2407 8931 1608 2406 8932 1609 2408 8933 1549 2407 8934 1609 2408 8935 1550 2409 8936 1550 2409 8937 1609 2408 8938 1610 2410 8939 1550 2409 8940 1610 2410 8941 1551 2411 8942 1551 2411 8943 1610 2410 8944 1611 2412 8945 1551 2411 8946 1611 2412 8947 1552 2413 8948 1552 2413 8949 1611 2412 8950 1612 2414 8951 1552 2413 8952 1612 2414 8953 1553 2415 8954 1553 2415 8955 1612 2414 8956 1613 2416 8957 1553 2415 8958 1613 2416 8959 1554 2417 8960 1554 2417 8961 1613 2416 8962 1614 2418 8963 1554 2417 8964 1614 2418 8965 1555 2419 8966 1555 2419 8967 1614 2418 8968 1615 2420 8969 1555 2419 8970 1615 2420 8971 1556 2421 8972 1556 2421 8973 1615 2420 8974 1557 2391 8975 1557 2391 8976 1615 2420 8977 1597 2390 8978 1521 2422 8979 1616 2423 8980 1522 2424 8981 1522 2424 8982 1616 2423 8983 1617 2425 8984 1522 2424 8985 1617 2425 8986 1523 2426 8987 1523 2426 8988 1617 2425 8989 1618 2427 8990 1523 2426 8991 1618 2427 8992 1524 2428 8993 1524 2428 8994 1618 2427 8995 1619 2429 8996 1589 2369 8997 1534 2368 8998 1628 2430 8999 1628 2430 9000 1534 2368 9001 1533 2431 9002 1628 2430 9003 1533 2431 9004 1627 2432 9005 1627 2432 9006 1533 2431 9007 1532 2433 9008 1627 2432 9009 1532 2433 9010 1626 2434 9011 1626 2434 9012 1532 2433 9013 1531 2435 9014 1626 2434 9015 1531 2435 9016 1625 2436 9017 1625 2436 9018 1531 2435 9019 1530 2437 9020 1625 2436 9021 1530 2437 9022 1624 2438 9023 1624 2438 9024 1530 2437 9025 1529 2439 9026 1624 2438 9027 1529 2439 9028 1623 2440 9029 1623 2440 9030 1529 2439 9031 1528 2441 9032 1623 2440 9033 1528 2441 9034 1622 2442 9035 1622 2442 9036 1528 2441 9037 1527 2443 9038 1622 2442 9039 1527 2443 9040 1621 2444 9041 1621 2444 9042 1527 2443 9043 1526 2445 9044 1621 2444 9045 1526 2445 9046 1620 2446 9047 1620 2446 9048 1526 2445 9049 1525 2447 9050 1620 2446 9051 1525 2447 9052 1619 2429 9053 1619 2429 9054 1525 2447 9055 1524 2428 9056 1600 2386 9057 1616 2423 9058 1560 2384 9059 1560 2384 9060 1616 2423 9061 1521 2422 9062 1592 1 9063 1591 1 9064 1593 2448 9065 1593 2448 9066 1591 1 9067 1590 2449 9068 1593 2448 9069 1590 2449 9070 1589 2450 9071 1589 2450 9072 1628 2451 9073 1593 2448 9074 1593 2448 9075 1628 2451 9076 1594 2452 9077 1594 2452 9078 1628 2451 9079 1627 2453 9080 1594 2452 9081 1627 2453 9082 1595 2454 9083 1595 2454 9084 1627 2453 9085 1626 2455 9086 1595 2454 9087 1626 2455 9088 1625 2456 9089 1625 2456 9090 1624 2457 9091 1595 2454 9092 1595 2454 9093 1624 2457 9094 1598 2458 9095 1595 2454 9096 1598 2458 9097 1596 2459 9098 1596 2459 9099 1598 2458 9100 1597 2460 9101 1596 2459 9102 1597 2460 9103 1601 1 9104 1601 1 9105 1597 2460 9106 1602 2461 9107 1602 2461 9108 1597 2460 9109 1603 2462 9110 1603 2462 9111 1597 2460 9112 1604 2463 9113 1604 2463 9114 1597 2460 9115 1605 2464 9116 1605 2464 9117 1597 2460 9118 1615 2465 9119 1605 2464 9120 1615 2465 9121 1614 2466 9122 1624 2457 9123 1623 2467 9124 1598 2458 9125 1598 2458 9126 1623 2467 9127 1622 2468 9128 1598 2458 9129 1622 2468 9130 1621 2469 9131 1598 2458 9132 1621 2469 9133 1599 2470 9134 1599 2470 9135 1621 2469 9136 1620 2471 9137 1599 2470 9138 1620 2471 9139 1600 2472 9140 1600 2472 9141 1620 2471 9142 1619 2473 9143 1600 2472 9144 1619 2473 9145 1616 2474 9146 1616 2474 9147 1619 2473 9148 1618 2475 9149 1616 2474 9150 1618 2475 9151 1617 1 9152 1614 2466 9153 1613 2476 9154 1605 2464 9155 1605 2464 9156 1613 2476 9157 1606 2477 9158 1606 2477 9159 1613 2476 9160 1612 2478 9161 1606 2477 9162 1612 2478 9163 1611 2479 9164 1611 2479 9165 1610 2480 9166 1606 2477 9167 1606 2477 9168 1610 2480 9169 1609 2481 9170 1606 2477 9171 1609 2481 9172 1608 2482 9173 1608 2482 9174 1607 2483 9175 1606 2477 9176 1630 2484 9177 1684 2485 9178 1629 2486 9179 1629 2486 9180 1684 2485 9181 1657 2487 9182 1629 2486 9183 1657 2487 9184 1656 2488 9185 1656 2488 9186 1657 2487 9187 1658 2489 9188 1656 2488 9189 1658 2489 9190 1655 2490 9191 1655 2490 9192 1658 2489 9193 1659 2491 9194 1655 2490 9195 1659 2491 9196 1654 2492 9197 1654 2492 9198 1659 2491 9199 1660 2493 9200 1654 2492 9201 1660 2493 9202 1653 2494 9203 1653 2494 9204 1660 2493 9205 1661 2495 9206 1653 2494 9207 1661 2495 9208 1652 2496 9209 1652 2496 9210 1661 2495 9211 1662 2497 9212 1652 2496 9213 1662 2497 9214 1651 2498 9215 1651 2498 9216 1662 2497 9217 1663 2499 9218 1651 2498 9219 1663 2499 9220 1650 2500 9221 1650 2500 9222 1663 2499 9223 1664 2501 9224 1650 2500 9225 1664 2501 9226 1649 2502 9227 1649 2502 9228 1664 2501 9229 1665 2503 9230 1649 2502 9231 1665 2503 9232 1648 2504 9233 1648 2504 9234 1665 2503 9235 1666 2505 9236 1648 2504 9237 1666 2505 9238 1647 2506 9239 1647 2506 9240 1666 2505 9241 1667 2507 9242 1647 2506 9243 1667 2507 9244 1646 2508 9245 1646 2508 9246 1667 2507 9247 1668 2509 9248 1646 2508 9249 1668 2509 9250 1645 2510 9251 1645 2510 9252 1668 2509 9253 1669 2511 9254 1645 2510 9255 1669 2511 9256 1644 2512 9257 1644 2512 9258 1669 2511 9259 1670 2513 9260 1644 2512 9261 1670 2513 9262 1643 2514 9263 1643 2514 9264 1670 2513 9265 1671 2515 9266 1643 2514 9267 1671 2515 9268 1642 2516 9269 1642 2516 9270 1671 2515 9271 1672 2517 9272 1642 2516 9273 1672 2517 9274 1641 2518 9275 1641 2518 9276 1672 2517 9277 1673 2519 9278 1641 2518 9279 1673 2519 9280 1640 2520 9281 1640 2520 9282 1673 2519 9283 1674 2521 9284 1640 2520 9285 1674 2521 9286 1639 2522 9287 1639 2522 9288 1674 2521 9289 1675 2523 9290 1639 2522 9291 1675 2523 9292 1638 2524 9293 1638 2524 9294 1675 2523 9295 1676 2525 9296 1638 2524 9297 1676 2525 9298 1637 2526 9299 1637 2526 9300 1676 2525 9301 1677 2527 9302 1637 2526 9303 1677 2527 9304 1636 2528 9305 1636 2528 9306 1677 2527 9307 1678 2529 9308 1636 2528 9309 1678 2529 9310 1635 2530 9311 1635 2530 9312 1678 2529 9313 1679 2531 9314 1635 2530 9315 1679 2531 9316 1634 2532 9317 1634 2532 9318 1679 2531 9319 1680 2533 9320 1634 2532 9321 1680 2533 9322 1633 2534 9323 1633 2534 9324 1680 2533 9325 1681 2535 9326 1633 2534 9327 1681 2535 9328 1632 2536 9329 1632 2536 9330 1681 2535 9331 1682 2537 9332 1632 2536 9333 1682 2537 9334 1631 2538 9335 1631 2538 9336 1682 2537 9337 1683 2539 9338 1631 2538 9339 1683 2539 9340 1630 2484 9341 1630 2484 9342 1683 2539 9343 1684 2485 9344 1684 0 9345 1672 0 9346 1657 0 9347 1657 0 9348 1672 0 9349 1671 0 9350 1657 0 9351 1671 0 9352 1658 0 9353 1658 0 9354 1671 0 9355 1670 0 9356 1658 0 9357 1670 0 9358 1659 0 9359 1659 0 9360 1670 0 9361 1669 0 9362 1659 0 9363 1669 0 9364 1660 0 9365 1660 0 9366 1669 0 9367 1668 0 9368 1660 0 9369 1668 0 9370 1661 0 9371 1661 0 9372 1668 0 9373 1667 0 9374 1661 0 9375 1667 0 9376 1662 0 9377 1662 0 9378 1667 0 9379 1666 0 9380 1662 0 9381 1666 0 9382 1663 0 9383 1663 0 9384 1666 0 9385 1665 0 9386 1663 0 9387 1665 0 9388 1664 0 9389 1672 0 9390 1684 0 9391 1673 0 9392 1673 0 9393 1684 0 9394 1683 0 9395 1673 0 9396 1683 0 9397 1674 0 9398 1674 0 9399 1683 0 9400 1682 0 9401 1674 0 9402 1682 0 9403 1675 0 9404 1675 0 9405 1682 0 9406 1681 0 9407 1675 0 9408 1681 0 9409 1676 0 9410 1676 0 9411 1681 0 9412 1680 0 9413 1676 0 9414 1680 0 9415 1677 0 9416 1677 0 9417 1680 0 9418 1679 0 9419 1677 0 9420 1679 0 9421 1678 0 9422 1753 2540 9423 1685 2541 9424 1758 2542 9425 1758 2542 9426 1685 2541 9427 1686 2543 9428 1758 2542 9429 1686 2543 9430 1687 2544 9431 1687 2544 9432 1688 2545 9433 1758 2542 9434 1758 2542 9435 1688 2545 9436 1762 2546 9437 1758 2542 9438 1762 2546 9439 1763 2547 9440 1763 2547 9441 1762 2546 9442 1767 2548 9443 1763 2547 9444 1767 2548 9445 1768 2549 9446 1768 2549 9447 1767 2548 9448 1772 2550 9449 1768 2549 9450 1772 2550 9451 1773 2551 9452 1773 2551 9453 1772 2550 9454 1777 2552 9455 1773 2551 9456 1777 2552 9457 1746 2553 9458 1746 2553 9459 1777 2552 9460 1745 2554 9461 1745 2554 9462 1777 2552 9463 1744 2555 9464 1744 2555 9465 1777 2552 9466 1781 2556 9467 1744 2555 9468 1781 2556 9469 1743 2557 9470 1743 2557 9471 1781 2556 9472 1785 2558 9473 1743 2557 9474 1785 2558 9475 1742 2559 9476 1742 2559 9477 1785 2558 9478 1792 2560 9479 1742 2559 9480 1792 2560 9481 1741 2561 9482 1741 2561 9483 1792 2560 9484 1740 2562 9485 1740 2562 9486 1792 2560 9487 1739 2563 9488 1739 2563 9489 1792 2560 9490 1789 2564 9491 1739 2563 9492 1789 2564 9493 1738 2565 9494 1738 2565 9495 1789 2564 9496 1737 2566 9497 1737 2566 9498 1789 2564 9499 1790 2567 9500 1737 2566 9501 1790 2567 9502 1736 2568 9503 1736 2568 9504 1790 2567 9505 1735 2569 9506 1735 2569 9507 1790 2567 9508 1791 2570 9509 1735 2569 9510 1791 2570 9511 1734 2571 9512 1734 2571 9513 1791 2570 9514 1801 2572 9515 1734 2571 9516 1801 2572 9517 1802 2573 9518 1802 2573 9519 1801 2572 9520 1805 2574 9521 1802 2573 9522 1805 2574 9523 1804 2575 9524 1804 2575 9525 1805 2574 9526 1818 2576 9527 1804 2575 9528 1818 2576 9529 1819 2577 9530 1819 2577 9531 1818 2576 9532 1827 2578 9533 1819 2577 9534 1827 2578 9535 1729 2579 9536 1729 2579 9537 1827 2578 9538 1728 2580 9539 1728 2580 9540 1827 2578 9541 1835 2581 9542 1728 2580 9543 1835 2581 9544 1727 2582 9545 1727 2582 9546 1835 2581 9547 1843 2583 9548 1727 2582 9549 1843 2583 9550 1851 2584 9551 1851 2584 9552 1843 2583 9553 1850 2585 9554 1851 2584 9555 1850 2585 9556 1859 2586 9557 1859 2586 9558 1850 2585 9559 1858 2587 9560 1859 2586 9561 1858 2587 9562 1867 2588 9563 1867 2588 9564 1858 2587 9565 1866 2589 9566 1867 2588 9567 1866 2589 9568 1757 2590 9569 1757 2590 9570 1866 2589 9571 1922 2591 9572 1757 2590 9573 1922 2591 9574 1876 2592 9575 1876 2592 9576 1922 2591 9577 1877 2593 9578 1876 2592 9579 1877 2593 9580 1875 2594 9581 1875 2594 9582 1877 2593 9583 1874 2595 9584 1875 2594 9585 1874 2595 9586 1891 2596 9587 1891 2596 9588 1874 2595 9589 1890 2597 9590 1891 2596 9591 1890 2597 9592 1915 2598 9593 1915 2598 9594 1890 2597 9595 1916 2599 9596 1915 2598 9597 1916 2599 9598 1899 2600 9599 1899 2600 9600 1916 2599 9601 1900 2601 9602 1899 2600 9603 1900 2601 9604 1898 2602 9605 1898 2602 9606 1900 2601 9607 1897 2603 9608 1898 2602 9609 1897 2603 9610 1907 2604 9611 1907 2604 9612 1897 2603 9613 1908 2605 9614 1907 2604 9615 1908 2605 9616 1715 2606 9617 1715 2606 9618 1908 2605 9619 1714 2607 9620 1714 2607 9621 1908 2605 9622 1909 2608 9623 1714 2607 9624 1909 2608 9625 1910 2609 9626 1910 2609 9627 1909 2608 9628 1895 2610 9629 1910 2609 9630 1895 2610 9631 1894 2611 9632 1894 2611 9633 1895 2610 9634 1903 2612 9635 1894 2611 9636 1903 2612 9637 1904 2613 9638 1904 2613 9639 1903 2612 9640 1920 2614 9641 1904 2613 9642 1920 2614 9643 1921 2615 9644 1921 2615 9645 1920 2614 9646 1885 2616 9647 1921 2615 9648 1885 2616 9649 1884 2617 9650 1884 2617 9651 1885 2616 9652 1868 2618 9653 1884 2617 9654 1868 2618 9655 1709 2619 9656 1709 2619 9657 1868 2618 9658 1708 2620 9659 1708 2620 9660 1868 2618 9661 1883 2621 9662 1708 2620 9663 1883 2621 9664 1756 2622 9665 1756 2622 9666 1883 2621 9667 1882 2623 9668 1756 2622 9669 1882 2623 9670 1927 2624 9671 1927 2624 9672 1882 2623 9673 1881 2625 9674 1927 2624 9675 1881 2625 9676 1926 2626 9677 1926 2626 9678 1881 2625 9679 1880 2627 9680 1926 2626 9681 1880 2627 9682 1925 2628 9683 1925 2628 9684 1880 2627 9685 1879 2629 9686 1925 2628 9687 1879 2629 9688 1924 2630 9689 1924 2630 9690 1879 2629 9691 1878 2631 9692 1924 2630 9693 1878 2631 9694 1923 2632 9695 1923 2632 9696 1878 2631 9697 1877 2593 9698 1923 2632 9699 1877 2593 9700 1922 2591 9701 1688 2545 9702 1689 2633 9703 1762 2546 9704 1762 2546 9705 1689 2633 9706 1690 2634 9707 1762 2546 9708 1690 2634 9709 1691 2635 9710 1691 2635 9711 1692 2636 9712 1762 2546 9713 1762 2546 9714 1692 2636 9715 1766 2637 9716 1762 2546 9717 1766 2637 9718 1767 2548 9719 1767 2548 9720 1766 2637 9721 1771 2638 9722 1767 2548 9723 1771 2638 9724 1772 2550 9725 1772 2550 9726 1771 2638 9727 1776 2639 9728 1772 2550 9729 1776 2639 9730 1777 2552 9731 1777 2552 9732 1776 2639 9733 1780 2640 9734 1777 2552 9735 1780 2640 9736 1781 2556 9737 1781 2556 9738 1780 2640 9739 1785 2558 9740 1692 2636 9741 1693 2641 9742 1766 2637 9743 1766 2637 9744 1693 2641 9745 1770 2642 9746 1766 2637 9747 1770 2642 9748 1771 2638 9749 1771 2638 9750 1770 2642 9751 1775 2643 9752 1771 2638 9753 1775 2643 9754 1776 2639 9755 1776 2639 9756 1775 2643 9757 1779 2644 9758 1776 2639 9759 1779 2644 9760 1780 2640 9761 1780 2640 9762 1779 2644 9763 1784 2645 9764 1780 2640 9765 1784 2645 9766 1785 2558 9767 1785 2558 9768 1784 2645 9769 1792 2560 9770 1693 2641 9771 1694 2646 9772 1770 2642 9773 1770 2642 9774 1694 2646 9775 1774 2647 9776 1770 2642 9777 1774 2647 9778 1775 2643 9779 1775 2643 9780 1774 2647 9781 1778 2648 9782 1775 2643 9783 1778 2648 9784 1779 2644 9785 1779 2644 9786 1778 2648 9787 1783 2649 9788 1779 2644 9789 1783 2649 9790 1784 2645 9791 1784 2645 9792 1783 2649 9793 1793 2650 9794 1784 2645 9795 1793 2650 9796 1792 2560 9797 1792 2560 9798 1793 2650 9799 1789 2564 9800 1694 2646 9801 1695 2651 9802 1774 2647 9803 1774 2647 9804 1695 2651 9805 1696 2652 9806 1774 2647 9807 1696 2652 9808 1778 2648 9809 1778 2648 9810 1696 2652 9811 1697 2653 9812 1778 2648 9813 1697 2653 9814 1782 2654 9815 1782 2654 9816 1697 2653 9817 1698 2655 9818 1782 2654 9819 1698 2655 9820 1795 2656 9821 1795 2656 9822 1698 2655 9823 1699 2657 9824 1795 2656 9825 1699 2657 9826 1786 2658 9827 1786 2658 9828 1699 2657 9829 1700 2659 9830 1786 2658 9831 1700 2659 9832 1796 2660 9833 1796 2660 9834 1700 2659 9835 1701 2661 9836 1796 2660 9837 1701 2661 9838 1811 2662 9839 1811 2662 9840 1701 2661 9841 1702 2663 9842 1811 2662 9843 1702 2663 9844 1812 2664 9845 1812 2664 9846 1702 2663 9847 1820 2665 9848 1812 2664 9849 1820 2665 9850 1821 2666 9851 1821 2666 9852 1820 2665 9853 1829 2667 9854 1821 2666 9855 1829 2667 9856 1830 2668 9857 1830 2668 9858 1829 2667 9859 1837 2669 9860 1830 2668 9861 1837 2669 9862 1838 2670 9863 1838 2670 9864 1837 2669 9865 1845 2671 9866 1838 2670 9867 1845 2671 9868 1846 2672 9869 1846 2672 9870 1845 2671 9871 1854 2673 9872 1846 2672 9873 1854 2673 9874 1855 2674 9875 1855 2674 9876 1854 2673 9877 1863 2675 9878 1855 2674 9879 1863 2675 9880 1864 2676 9881 1864 2676 9882 1863 2675 9883 1924 2630 9884 1864 2676 9885 1924 2630 9886 1923 2632 9887 1702 2663 9888 1703 2677 9889 1820 2665 9890 1820 2665 9891 1703 2677 9892 1828 2678 9893 1820 2665 9894 1828 2678 9895 1829 2667 9896 1829 2667 9897 1828 2678 9898 1836 2679 9899 1829 2667 9900 1836 2679 9901 1837 2669 9902 1837 2669 9903 1836 2679 9904 1844 2680 9905 1837 2669 9906 1844 2680 9907 1845 2671 9908 1845 2671 9909 1844 2680 9910 1853 2681 9911 1845 2671 9912 1853 2681 9913 1854 2673 9914 1854 2673 9915 1853 2681 9916 1862 2682 9917 1854 2673 9918 1862 2682 9919 1863 2675 9920 1863 2675 9921 1862 2682 9922 1925 2628 9923 1863 2675 9924 1925 2628 9925 1924 2630 9926 1703 2677 9927 1704 2683 9928 1828 2678 9929 1828 2678 9930 1704 2683 9931 1836 2679 9932 1704 2683 9933 1705 2684 9934 1836 2679 9935 1836 2679 9936 1705 2684 9937 1844 2680 9938 1705 2684 9939 1706 2685 9940 1844 2680 9941 1844 2680 9942 1706 2685 9943 1852 2686 9944 1844 2680 9945 1852 2686 9946 1853 2681 9947 1853 2681 9948 1852 2686 9949 1861 2687 9950 1853 2681 9951 1861 2687 9952 1862 2682 9953 1862 2682 9954 1861 2687 9955 1926 2626 9956 1862 2682 9957 1926 2626 9958 1925 2628 9959 1706 2685 9960 1707 2688 9961 1852 2686 9962 1852 2686 9963 1707 2688 9964 1860 2689 9965 1852 2686 9966 1860 2689 9967 1861 2687 9968 1861 2687 9969 1860 2689 9970 1927 2624 9971 1861 2687 9972 1927 2624 9973 1926 2626 9974 1860 2689 9975 1707 2688 9976 1756 2622 9977 1756 2622 9978 1707 2688 9979 1708 2620 9980 1884 2617 9981 1709 2619 9982 1755 2690 9983 1755 2690 9984 1709 2619 9985 1710 2691 9986 1755 2690 9987 1710 2691 9988 1906 2692 9989 1906 2692 9990 1710 2691 9991 1754 2693 9992 1906 2692 9993 1754 2693 9994 1892 2694 9995 1892 2694 9996 1754 2693 9997 1914 2695 9998 1892 2694 9999 1914 2695 10000 1913 2696 10001 1913 2696 10002 1914 2695 10003 1712 2697 10004 1913 2696 10005 1712 2697 10006 1713 2698 10007 1710 2691 10008 1711 2699 10009 1754 2693 10010 1754 2693 10011 1711 2699 10012 1914 2695 10013 1711 2699 10014 1712 2697 10015 1914 2695 10016 1714 2607 10017 1911 2700 10018 1713 2698 10019 1713 2698 10020 1911 2700 10021 1912 2701 10022 1713 2698 10023 1912 2701 10024 1913 2696 10025 1913 2696 10026 1912 2701 10027 1893 2702 10028 1913 2696 10029 1893 2702 10030 1892 2694 10031 1892 2694 10032 1893 2702 10033 1905 2703 10034 1892 2694 10035 1905 2703 10036 1906 2692 10037 1906 2692 10038 1905 2703 10039 1755 2690 10040 1715 2606 10041 1716 2704 10042 1907 2604 10043 1907 2604 10044 1716 2704 10045 1898 2602 10046 1716 2704 10047 1717 2705 10048 1898 2602 10049 1898 2602 10050 1717 2705 10051 1899 2600 10052 1717 2705 10053 1718 2706 10054 1899 2600 10055 1899 2600 10056 1718 2706 10057 1915 2598 10058 1718 2706 10059 1719 2707 10060 1915 2598 10061 1915 2598 10062 1719 2707 10063 1891 2596 10064 1719 2707 10065 1720 2708 10066 1891 2596 10067 1891 2596 10068 1720 2708 10069 1875 2594 10070 1720 2708 10071 1721 2709 10072 1875 2594 10073 1875 2594 10074 1721 2709 10075 1722 2710 10076 1875 2594 10077 1722 2710 10078 1876 2592 10079 1876 2592 10080 1722 2710 10081 1723 2711 10082 1876 2592 10083 1723 2711 10084 1757 2590 10085 1757 2590 10086 1723 2711 10087 1724 2712 10088 1757 2590 10089 1724 2712 10090 1867 2588 10091 1867 2588 10092 1724 2712 10093 1859 2586 10094 1724 2712 10095 1725 2713 10096 1859 2586 10097 1859 2586 10098 1725 2713 10099 1726 2714 10100 1859 2586 10101 1726 2714 10102 1851 2584 10103 1851 2584 10104 1726 2714 10105 1727 2582 10106 1819 2577 10107 1729 2579 10108 1804 2575 10109 1804 2575 10110 1729 2579 10111 1730 2715 10112 1804 2575 10113 1730 2715 10114 1731 2716 10115 1804 2575 10116 1731 2716 10117 1803 2717 10118 1803 2717 10119 1731 2716 10120 1732 2718 10121 1803 2717 10122 1732 2718 10123 1733 2719 10124 1803 2717 10125 1733 2719 10126 1802 2573 10127 1802 2573 10128 1733 2719 10129 1734 2571 10130 1746 2553 10131 1747 2720 10132 1773 2551 10133 1773 2551 10134 1747 2720 10135 1769 2721 10136 1773 2551 10137 1769 2721 10138 1768 2549 10139 1768 2549 10140 1769 2721 10141 1764 2722 10142 1768 2549 10143 1764 2722 10144 1763 2547 10145 1763 2547 10146 1764 2722 10147 1759 2723 10148 1763 2547 10149 1759 2723 10150 1758 2542 10151 1758 2542 10152 1759 2723 10153 1753 2540 10154 1747 2720 10155 1748 2724 10156 1769 2721 10157 1769 2721 10158 1748 2724 10159 1765 2725 10160 1769 2721 10161 1765 2725 10162 1764 2722 10163 1764 2722 10164 1765 2725 10165 1760 2726 10166 1764 2722 10167 1760 2726 10168 1759 2723 10169 1759 2723 10170 1760 2726 10171 1753 2540 10172 1748 2724 10173 1749 2727 10174 1765 2725 10175 1765 2725 10176 1749 2727 10177 1761 2728 10178 1765 2725 10179 1761 2728 10180 1760 2726 10181 1760 2726 10182 1761 2728 10183 1752 2729 10184 1760 2726 10185 1752 2729 10186 1753 2540 10187 1749 2727 10188 1750 2730 10189 1761 2728 10190 1761 2728 10191 1750 2730 10192 1751 2731 10193 1761 2728 10194 1751 2731 10195 1752 2729 10196 1778 2648 10197 1782 2654 10198 1783 2649 10199 1783 2649 10200 1782 2654 10201 1794 2732 10202 1783 2649 10203 1794 2732 10204 1793 2650 10205 1793 2650 10206 1794 2732 10207 1788 2733 10208 1793 2650 10209 1788 2733 10210 1789 2564 10211 1789 2564 10212 1788 2733 10213 1799 2734 10214 1789 2564 10215 1799 2734 10216 1800 2735 10217 1800 2735 10218 1799 2734 10219 1807 2736 10220 1800 2735 10221 1807 2736 10222 1806 2737 10223 1806 2737 10224 1807 2736 10225 1816 2738 10226 1806 2737 10227 1816 2738 10228 1817 2739 10229 1817 2739 10230 1816 2738 10231 1825 2740 10232 1817 2739 10233 1825 2740 10234 1826 2741 10235 1826 2741 10236 1825 2740 10237 1834 2742 10238 1826 2741 10239 1834 2742 10240 1835 2581 10241 1835 2581 10242 1834 2742 10243 1843 2583 10244 1786 2658 10245 1787 2743 10246 1795 2656 10247 1795 2656 10248 1787 2743 10249 1794 2732 10250 1795 2656 10251 1794 2732 10252 1782 2654 10253 1794 2732 10254 1787 2743 10255 1788 2733 10256 1788 2733 10257 1787 2743 10258 1798 2744 10259 1788 2733 10260 1798 2744 10261 1799 2734 10262 1799 2734 10263 1798 2744 10264 1809 2745 10265 1799 2734 10266 1809 2745 10267 1808 2746 10268 1808 2746 10269 1809 2745 10270 1814 2747 10271 1808 2746 10272 1814 2747 10273 1815 2748 10274 1815 2748 10275 1814 2747 10276 1823 2749 10277 1815 2748 10278 1823 2749 10279 1824 2750 10280 1824 2750 10281 1823 2749 10282 1832 2751 10283 1824 2750 10284 1832 2751 10285 1833 2752 10286 1833 2752 10287 1832 2751 10288 1841 2753 10289 1833 2752 10290 1841 2753 10291 1842 2754 10292 1842 2754 10293 1841 2753 10294 1849 2755 10295 1842 2754 10296 1849 2755 10297 1850 2585 10298 1850 2585 10299 1849 2755 10300 1858 2587 10301 1787 2743 10302 1786 2658 10303 1797 2756 10304 1797 2756 10305 1786 2658 10306 1796 2660 10307 1797 2756 10308 1796 2660 10309 1811 2662 10310 1801 2572 10311 1791 2570 10312 1790 2567 10313 1801 2572 10314 1790 2567 10315 1800 2735 10316 1800 2735 10317 1790 2567 10318 1789 2564 10319 1787 2743 10320 1797 2756 10321 1798 2744 10322 1798 2744 10323 1797 2756 10324 1810 2757 10325 1798 2744 10326 1810 2757 10327 1809 2745 10328 1809 2745 10329 1810 2757 10330 1813 2758 10331 1809 2745 10332 1813 2758 10333 1814 2747 10334 1814 2747 10335 1813 2758 10336 1822 2759 10337 1814 2747 10338 1822 2759 10339 1823 2749 10340 1823 2749 10341 1822 2759 10342 1831 2760 10343 1823 2749 10344 1831 2760 10345 1832 2751 10346 1832 2751 10347 1831 2760 10348 1840 2761 10349 1832 2751 10350 1840 2761 10351 1841 2753 10352 1841 2753 10353 1840 2761 10354 1848 2762 10355 1841 2753 10356 1848 2762 10357 1849 2755 10358 1849 2755 10359 1848 2762 10360 1857 2763 10361 1849 2755 10362 1857 2763 10363 1858 2587 10364 1858 2587 10365 1857 2763 10366 1866 2589 10367 1810 2757 10368 1797 2756 10369 1811 2662 10370 1805 2574 10371 1801 2572 10372 1806 2737 10373 1806 2737 10374 1801 2572 10375 1800 2735 10376 1804 2575 10377 1803 2717 10378 1802 2573 10379 1818 2576 10380 1805 2574 10381 1817 2739 10382 1817 2739 10383 1805 2574 10384 1806 2737 10385 1816 2738 10386 1807 2736 10387 1815 2748 10388 1815 2748 10389 1807 2736 10390 1808 2746 10391 1808 2746 10392 1807 2736 10393 1799 2734 10394 1813 2758 10395 1810 2757 10396 1812 2664 10397 1812 2664 10398 1810 2757 10399 1811 2662 10400 1822 2759 10401 1813 2758 10402 1821 2666 10403 1821 2666 10404 1813 2758 10405 1812 2664 10406 1825 2740 10407 1816 2738 10408 1824 2750 10409 1824 2750 10410 1816 2738 10411 1815 2748 10412 1827 2578 10413 1818 2576 10414 1826 2741 10415 1826 2741 10416 1818 2576 10417 1817 2739 10418 1831 2760 10419 1822 2759 10420 1830 2668 10421 1830 2668 10422 1822 2759 10423 1821 2666 10424 1834 2742 10425 1825 2740 10426 1833 2752 10427 1833 2752 10428 1825 2740 10429 1824 2750 10430 1835 2581 10431 1827 2578 10432 1826 2741 10433 1830 2668 10434 1838 2670 10435 1831 2760 10436 1831 2760 10437 1838 2670 10438 1839 2764 10439 1831 2760 10440 1839 2764 10441 1840 2761 10442 1840 2761 10443 1839 2764 10444 1847 2765 10445 1840 2761 10446 1847 2765 10447 1848 2762 10448 1848 2762 10449 1847 2765 10450 1856 2766 10451 1848 2762 10452 1856 2766 10453 1857 2763 10454 1857 2763 10455 1856 2766 10456 1865 2767 10457 1857 2763 10458 1865 2767 10459 1866 2589 10460 1866 2589 10461 1865 2767 10462 1922 2591 10463 1843 2583 10464 1834 2742 10465 1842 2754 10466 1842 2754 10467 1834 2742 10468 1833 2752 10469 1847 2765 10470 1839 2764 10471 1846 2672 10472 1846 2672 10473 1839 2764 10474 1838 2670 10475 1850 2585 10476 1843 2583 10477 1842 2754 10478 1856 2766 10479 1847 2765 10480 1855 2674 10481 1855 2674 10482 1847 2765 10483 1846 2672 10484 1865 2767 10485 1856 2766 10486 1864 2676 10487 1864 2676 10488 1856 2766 10489 1855 2674 10490 1756 2622 10491 1927 2624 10492 1860 2689 10493 1922 2591 10494 1865 2767 10495 1923 2632 10496 1923 2632 10497 1865 2767 10498 1864 2676 10499 1882 2623 10500 1883 2621 10501 1869 2768 10502 1869 2768 10503 1883 2621 10504 1868 2618 10505 1869 2768 10506 1868 2618 10507 1885 2616 10508 1881 2625 10509 1882 2623 10510 1870 2769 10511 1870 2769 10512 1882 2623 10513 1869 2768 10514 1870 2769 10515 1869 2768 10516 1886 2770 10517 1886 2770 10518 1869 2768 10519 1885 2616 10520 1886 2770 10521 1885 2616 10522 1920 2614 10523 1880 2627 10524 1881 2625 10525 1871 2771 10526 1871 2771 10527 1881 2625 10528 1870 2769 10529 1871 2771 10530 1870 2769 10531 1887 2772 10532 1887 2772 10533 1870 2769 10534 1886 2770 10535 1887 2772 10536 1886 2770 10537 1919 2773 10538 1919 2773 10539 1886 2770 10540 1920 2614 10541 1919 2773 10542 1920 2614 10543 1903 2612 10544 1879 2629 10545 1880 2627 10546 1872 2774 10547 1872 2774 10548 1880 2627 10549 1871 2771 10550 1872 2774 10551 1871 2771 10552 1888 2775 10553 1888 2775 10554 1871 2771 10555 1887 2772 10556 1888 2775 10557 1887 2772 10558 1918 2776 10559 1918 2776 10560 1887 2772 10561 1919 2773 10562 1918 2776 10563 1919 2773 10564 1902 2777 10565 1902 2777 10566 1919 2773 10567 1903 2612 10568 1902 2777 10569 1903 2612 10570 1895 2610 10571 1878 2631 10572 1879 2629 10573 1873 2778 10574 1873 2778 10575 1879 2629 10576 1872 2774 10577 1873 2778 10578 1872 2774 10579 1889 2779 10580 1889 2779 10581 1872 2774 10582 1888 2775 10583 1889 2779 10584 1888 2775 10585 1917 2780 10586 1917 2780 10587 1888 2775 10588 1918 2776 10589 1917 2780 10590 1918 2776 10591 1901 2781 10592 1901 2781 10593 1918 2776 10594 1902 2777 10595 1901 2781 10596 1902 2777 10597 1896 2782 10598 1896 2782 10599 1902 2777 10600 1895 2610 10601 1896 2782 10602 1895 2610 10603 1909 2608 10604 1877 2593 10605 1878 2631 10606 1874 2595 10607 1874 2595 10608 1878 2631 10609 1873 2778 10610 1874 2595 10611 1873 2778 10612 1890 2597 10613 1890 2597 10614 1873 2778 10615 1889 2779 10616 1890 2597 10617 1889 2779 10618 1916 2599 10619 1916 2599 10620 1889 2779 10621 1917 2780 10622 1916 2599 10623 1917 2780 10624 1900 2601 10625 1900 2601 10626 1917 2780 10627 1901 2781 10628 1900 2601 10629 1901 2781 10630 1897 2603 10631 1897 2603 10632 1901 2781 10633 1896 2782 10634 1897 2603 10635 1896 2782 10636 1908 2605 10637 1908 2605 10638 1896 2782 10639 1909 2608 10640 1905 2703 10641 1893 2702 10642 1904 2613 10643 1904 2613 10644 1893 2702 10645 1894 2611 10646 1893 2702 10647 1912 2701 10648 1894 2611 10649 1894 2611 10650 1912 2701 10651 1911 2700 10652 1894 2611 10653 1911 2700 10654 1910 2609 10655 1910 2609 10656 1911 2700 10657 1714 2607 10658 1755 2690 10659 1905 2703 10660 1921 2615 10661 1921 2615 10662 1905 2703 10663 1904 2613 10664 1884 2617 10665 1755 2690 10666 1921 2615 10667 1929 2783 10668 1990 2784 10669 1928 2785 10670 1928 2785 10671 1990 2784 10672 1985 2786 10673 1928 2785 10674 1985 2786 10675 1986 2787 10676 1929 2783 10677 1930 2788 10678 1990 2784 10679 1990 2784 10680 1930 2788 10681 1753 2540 10682 1990 2784 10683 1753 2540 10684 1989 2789 10685 1989 2789 10686 1753 2540 10687 1752 2729 10688 1989 2789 10689 1752 2729 10690 1931 2790 10691 1931 2790 10692 1752 2729 10693 1751 2731 10694 1930 2788 10695 1685 2541 10696 1753 2540 10697 1989 2789 10698 1931 2790 10699 1991 2791 10700 1991 2791 10701 1931 2790 10702 1932 2792 10703 1991 2791 10704 1932 2792 10705 1993 2793 10706 1993 2793 10707 1932 2792 10708 1933 2794 10709 1993 2793 10710 1933 2794 10711 1995 2795 10712 1995 2795 10713 1933 2794 10714 1934 2796 10715 1995 2795 10716 1934 2796 10717 1997 2797 10718 1997 2797 10719 1934 2796 10720 1935 2798 10721 1997 2797 10722 1935 2798 10723 1999 2799 10724 1999 2799 10725 1935 2798 10726 1936 2800 10727 1999 2799 10728 1936 2800 10729 2001 2801 10730 2001 2801 10731 1936 2800 10732 1937 2802 10733 2001 2801 10734 1937 2802 10735 2003 2803 10736 2003 2803 10737 1937 2802 10738 1938 2804 10739 2003 2803 10740 1938 2804 10741 2005 2805 10742 2005 2805 10743 1938 2804 10744 1939 2806 10745 2005 2805 10746 1939 2806 10747 2007 2807 10748 2007 2807 10749 1939 2806 10750 1940 2808 10751 2007 2807 10752 1940 2808 10753 2009 2809 10754 2009 2809 10755 1940 2808 10756 1941 2810 10757 2009 2809 10758 1941 2810 10759 1942 2811 10760 2009 2809 10761 1942 2811 10762 2011 2812 10763 2011 2812 10764 1942 2811 10765 1943 2813 10766 2011 2812 10767 1943 2813 10768 2013 2814 10769 2013 2814 10770 1943 2813 10771 1944 2815 10772 2013 2814 10773 1944 2815 10774 2015 2816 10775 2015 2816 10776 1944 2815 10777 1945 2817 10778 2015 2816 10779 1945 2817 10780 2017 2818 10781 2017 2818 10782 1945 2817 10783 1946 2819 10784 2017 2818 10785 1946 2819 10786 2019 2820 10787 2019 2820 10788 1946 2819 10789 1947 2821 10790 2019 2820 10791 1947 2821 10792 2021 2822 10793 2021 2822 10794 1947 2821 10795 1948 2823 10796 2021 2822 10797 1948 2823 10798 2023 2824 10799 2023 2824 10800 1948 2823 10801 1949 2825 10802 2023 2824 10803 1949 2825 10804 2025 2826 10805 2025 2826 10806 1949 2825 10807 1950 2827 10808 2025 2826 10809 1950 2827 10810 2027 2828 10811 2027 2828 10812 1950 2827 10813 1952 2829 10814 2027 2828 10815 1952 2829 10816 1953 2830 10817 1950 2827 10818 1951 2831 10819 1952 2829 10820 1954 2832 10821 1955 2833 10822 1953 2830 10823 1953 2830 10824 1955 2833 10825 2028 2834 10826 1953 2830 10827 2028 2834 10828 2027 2828 10829 2027 2828 10830 2028 2834 10831 2026 2835 10832 2027 2828 10833 2026 2835 10834 2025 2826 10835 2025 2826 10836 2026 2835 10837 2024 2836 10838 2025 2826 10839 2024 2836 10840 2023 2824 10841 2023 2824 10842 2024 2836 10843 2022 2837 10844 2023 2824 10845 2022 2837 10846 2021 2822 10847 2021 2822 10848 2022 2837 10849 2020 2838 10850 2021 2822 10851 2020 2838 10852 2019 2820 10853 2019 2820 10854 2020 2838 10855 2018 2839 10856 2019 2820 10857 2018 2839 10858 2017 2818 10859 2017 2818 10860 2018 2839 10861 2016 2840 10862 2017 2818 10863 2016 2840 10864 2015 2816 10865 2015 2816 10866 2016 2840 10867 2014 2841 10868 2015 2816 10869 2014 2841 10870 2013 2814 10871 2013 2814 10872 2014 2841 10873 2012 2842 10874 2013 2814 10875 2012 2842 10876 2011 2812 10877 2011 2812 10878 2012 2842 10879 2010 2843 10880 2011 2812 10881 2010 2843 10882 2009 2809 10883 2009 2809 10884 2010 2843 10885 2008 2844 10886 2009 2809 10887 2008 2844 10888 2007 2807 10889 2007 2807 10890 2008 2844 10891 2005 2805 10892 1955 2833 10893 1956 2845 10894 2028 2834 10895 2028 2834 10896 1956 2845 10897 2026 2835 10898 1956 2845 10899 1957 2846 10900 2026 2835 10901 2026 2835 10902 1957 2846 10903 1958 2847 10904 2026 2835 10905 1958 2847 10906 2024 2836 10907 2024 2836 10908 1958 2847 10909 1959 2848 10910 2024 2836 10911 1959 2848 10912 2022 2837 10913 2022 2837 10914 1959 2848 10915 1960 2849 10916 2022 2837 10917 1960 2849 10918 1961 2850 10919 2022 2837 10920 1961 2850 10921 2020 2838 10922 2020 2838 10923 1961 2850 10924 1962 2851 10925 2020 2838 10926 1962 2851 10927 2018 2839 10928 2018 2839 10929 1962 2851 10930 1963 2852 10931 2018 2839 10932 1963 2852 10933 1964 2853 10934 2018 2839 10935 1964 2853 10936 2016 2840 10937 2016 2840 10938 1964 2853 10939 1965 2854 10940 2016 2840 10941 1965 2854 10942 1966 2855 10943 2016 2840 10944 1966 2855 10945 2014 2841 10946 2014 2841 10947 1966 2855 10948 1967 2856 10949 2014 2841 10950 1967 2856 10951 2012 2842 10952 2012 2842 10953 1967 2856 10954 1968 2857 10955 2012 2842 10956 1968 2857 10957 1969 2858 10958 2012 2842 10959 1969 2858 10960 2010 2843 10961 2010 2843 10962 1969 2858 10963 1970 2859 10964 2010 2843 10965 1970 2859 10966 1971 2860 10967 2010 2843 10968 1971 2860 10969 2008 2844 10970 2008 2844 10971 1971 2860 10972 1972 2861 10973 2008 2844 10974 1972 2861 10975 1973 2862 10976 2008 2844 10977 1973 2862 10978 2006 2863 10979 2006 2863 10980 1973 2862 10981 1974 2864 10982 2006 2863 10983 1974 2864 10984 2004 2865 10985 2004 2865 10986 1974 2864 10987 1975 2866 10988 2004 2865 10989 1975 2866 10990 1976 2867 10991 2004 2865 10992 1976 2867 10993 2002 2868 10994 2002 2868 10995 1976 2867 10996 1977 2869 10997 2002 2868 10998 1977 2869 10999 1978 2870 11000 2002 2868 11001 1978 2870 11002 2000 2871 11003 2000 2871 11004 1978 2870 11005 1979 2872 11006 2000 2871 11007 1979 2872 11008 1998 2873 11009 1998 2873 11010 1979 2872 11011 1980 2874 11012 1998 2873 11013 1980 2874 11014 1981 2875 11015 1998 2873 11016 1981 2875 11017 1996 2876 11018 1996 2876 11019 1981 2875 11020 1982 2877 11021 1996 2876 11022 1982 2877 11023 1994 2878 11024 1994 2878 11025 1982 2877 11026 1983 2879 11027 1994 2878 11028 1983 2879 11029 1984 2880 11030 1994 2878 11031 1984 2880 11032 1992 2881 11033 1992 2881 11034 1984 2880 11035 1985 2786 11036 1992 2881 11037 1985 2786 11038 1990 2784 11039 1987 2882 11040 1988 2883 11041 1986 2787 11042 1986 2787 11043 1988 2883 11044 1928 2785 11045 1992 2881 11046 1990 2784 11047 1989 2789 11048 1992 2881 11049 1989 2789 11050 1991 2791 11051 1994 2878 11052 1992 2881 11053 1991 2791 11054 1994 2878 11055 1991 2791 11056 1993 2793 11057 1996 2876 11058 1994 2878 11059 1993 2793 11060 1996 2876 11061 1993 2793 11062 1995 2795 11063 1998 2873 11064 1996 2876 11065 1995 2795 11066 1998 2873 11067 1995 2795 11068 1997 2797 11069 2000 2871 11070 1998 2873 11071 1997 2797 11072 2000 2871 11073 1997 2797 11074 1999 2799 11075 2002 2868 11076 2000 2871 11077 1999 2799 11078 2002 2868 11079 1999 2799 11080 2001 2801 11081 2004 2865 11082 2002 2868 11083 2001 2801 11084 2004 2865 11085 2001 2801 11086 2003 2803 11087 2006 2863 11088 2004 2865 11089 2003 2803 11090 2006 2863 11091 2003 2803 11092 2005 2805 11093 2008 2844 11094 2006 2863 11095 2005 2805 11096 2031 0 11097 1688 2884 11098 2030 2885 11099 2030 2885 11100 1688 2884 11101 1687 2886 11102 2030 2885 11103 1687 2886 11104 1686 2887 11105 1686 2887 11106 1685 2888 11107 2030 2885 11108 2030 2885 11109 1685 2888 11110 2029 2889 11111 2029 2889 11112 1685 2888 11113 1930 2890 11114 2029 2889 11115 1930 2890 11116 1929 2891 11117 1929 2891 11118 1928 0 11119 2029 2889 11120 2029 2889 11121 1928 0 11122 1486 0 11123 1987 2892 11124 1986 1229 11125 1486 2893 11126 1486 2893 11127 1986 1229 11128 2032 2894 11129 1486 2893 11130 2032 2894 11131 1414 2895 11132 1414 2895 11133 2032 2894 11134 2033 2896 11135 1414 2895 11136 2033 2896 11137 2034 2897 11138 2035 1229 11139 2036 2898 11140 2034 2897 11141 2034 2897 11142 2036 2898 11143 1414 2895 11144 2036 2898 11145 1429 1229 11146 1414 2895 11147 1928 1229 11148 1988 2899 11149 1486 2893 11150 1486 2893 11151 1988 2899 11152 1987 2892 11153 1173 0 11154 2091 2900 11155 1174 2901 11156 1174 2901 11157 2091 2900 11158 2092 2902 11159 1174 2901 11160 2092 2902 11161 2093 2903 11162 2091 2900 11163 1173 0 11164 2090 0 11165 2090 0 11166 1173 0 11167 2037 0 11168 2090 0 11169 2037 0 11170 2089 0 11171 2089 0 11172 2037 0 11173 2038 2904 11174 2089 0 11175 2038 2904 11176 2088 0 11177 2088 0 11178 2038 2904 11179 2087 2905 11180 2087 2905 11181 2038 2904 11182 2039 2906 11183 2087 2905 11184 2039 2906 11185 2086 2907 11186 2086 2907 11187 2039 2906 11188 2040 2908 11189 2086 2907 11190 2040 2908 11191 2085 0 11192 2085 0 11193 2040 2908 11194 2084 0 11195 2084 0 11196 2040 2908 11197 2076 0 11198 2084 0 11199 2076 0 11200 2083 0 11201 2083 0 11202 2076 0 11203 2077 0 11204 2083 0 11205 2077 0 11206 2082 0 11207 2082 0 11208 2077 0 11209 2078 2909 11210 2082 0 11211 2078 2909 11212 2081 2910 11213 2081 2910 11214 2078 2909 11215 2080 2911 11216 2080 2911 11217 2078 2909 11218 2079 0 11219 2076 0 11220 2040 2908 11221 2075 2912 11222 2075 2912 11223 2040 2908 11224 2041 2913 11225 2075 2912 11226 2041 2913 11227 2074 2914 11228 2074 2914 11229 2041 2913 11230 2073 2915 11231 2073 2915 11232 2041 2913 11233 2042 2916 11234 2073 2915 11235 2042 2916 11236 2072 2917 11237 2072 2917 11238 2042 2916 11239 2043 2918 11240 2072 2917 11241 2043 2918 11242 2071 2919 11243 2071 2919 11244 2043 2918 11245 2070 2920 11246 2070 2920 11247 2043 2918 11248 2044 2921 11249 2070 2920 11250 2044 2921 11251 2069 2922 11252 2069 2922 11253 2044 2921 11254 2045 2923 11255 2069 2922 11256 2045 2923 11257 2068 2924 11258 2068 2924 11259 2045 2923 11260 2046 2925 11261 2068 2924 11262 2046 2925 11263 2067 2926 11264 2067 2926 11265 2046 2925 11266 2066 2927 11267 2066 2927 11268 2046 2925 11269 2047 0 11270 2066 2927 11271 2047 0 11272 2065 2928 11273 2065 2928 11274 2047 0 11275 2048 2929 11276 2065 2928 11277 2048 2929 11278 2064 2930 11279 2064 2930 11280 2048 2929 11281 2049 2931 11282 2064 2930 11283 2049 2931 11284 2063 2932 11285 2063 2932 11286 2049 2931 11287 2050 2933 11288 2063 2932 11289 2050 2933 11290 2062 2934 11291 2062 2934 11292 2050 2933 11293 2051 0 11294 2062 2934 11295 2051 0 11296 2061 2935 11297 2061 2935 11298 2051 0 11299 2052 2936 11300 2061 2935 11301 2052 2936 11302 2060 2937 11303 2060 2937 11304 2052 2936 11305 2053 0 11306 2060 2937 11307 2053 0 11308 2054 0 11309 2060 2937 11310 2054 0 11311 2059 0 11312 2059 0 11313 2054 0 11314 2055 2938 11315 2059 0 11316 2055 2938 11317 2058 2939 11318 2058 2939 11319 2055 2938 11320 2036 2940 11321 2058 2939 11322 2036 2940 11323 2057 0 11324 2057 0 11325 2036 2940 11326 2056 0 11327 2056 0 11328 2036 2940 11329 2035 0 11330 2093 2903 11331 2094 2941 11332 1174 2901 11333 1174 2901 11334 2094 2941 11335 1189 2942 11336 1189 2942 11337 2094 2941 11338 2095 2943 11339 1189 2942 11340 2095 2943 11341 1190 2944 11342 1190 2944 11343 2095 2943 11344 2096 0 11345 1190 2944 11346 2096 0 11347 1191 0 11348 1191 0 11349 2096 0 11350 2097 2945 11351 1191 0 11352 2097 2945 11353 1185 2946 11354 1185 2946 11355 2097 2945 11356 2098 2947 11357 1185 2946 11358 2098 2947 11359 2099 2948 11360 1185 2946 11361 2099 2948 11362 1643 2949 11363 1643 2949 11364 2099 2948 11365 2100 2950 11366 1643 2949 11367 2100 2950 11368 1644 2951 11369 1644 2951 11370 2100 2950 11371 2101 2952 11372 1644 2951 11373 2101 2952 11374 2102 2953 11375 1644 2951 11376 2102 2953 11377 1645 2954 11378 1645 2954 11379 2102 2953 11380 2103 2955 11381 1645 2954 11382 2103 2955 11383 2104 2956 11384 1645 2954 11385 2104 2956 11386 1646 2957 11387 1646 2957 11388 2104 2956 11389 2105 2958 11390 1646 2957 11391 2105 2958 11392 2106 2959 11393 1646 2957 11394 2106 2959 11395 1647 2960 11396 1647 2960 11397 2106 2959 11398 2107 2961 11399 1647 2960 11400 2107 2961 11401 2108 2962 11402 2108 2962 11403 2109 2963 11404 1647 2960 11405 1647 2960 11406 2109 2963 11407 1648 2964 11408 1648 2964 11409 2109 2963 11410 2110 2965 11411 1648 2964 11412 2110 2965 11413 1649 2966 11414 1649 2966 11415 2110 2965 11416 2111 2967 11417 1649 2966 11418 2111 2967 11419 2112 2968 11420 2112 2968 11421 2113 2969 11422 1649 2966 11423 1649 2966 11424 2113 2969 11425 1650 2970 11426 1650 2970 11427 2113 2969 11428 2114 2971 11429 1650 2970 11430 2114 2971 11431 2115 2972 11432 1650 2970 11433 2115 2972 11434 2122 2973 11435 2122 2973 11436 2115 2972 11437 2116 2974 11438 2122 2973 11439 2116 2974 11440 2121 2975 11441 2121 2975 11442 2116 2974 11443 2117 2976 11444 2121 2975 11445 2117 2976 11446 2118 2977 11447 2119 0 11448 2120 0 11449 2118 2977 11450 2118 2977 11451 2120 0 11452 2121 2975 11453 2122 2973 11454 2123 2978 11455 1650 2970 11456 1650 2970 11457 2123 2978 11458 1651 2979 11459 1651 2979 11460 2123 2978 11461 2124 0 11462 1651 2979 11463 2124 0 11464 1652 0 11465 1652 0 11466 2124 0 11467 1653 0 11468 1653 0 11469 2124 0 11470 2125 0 11471 1653 0 11472 2125 0 11473 1654 2980 11474 1654 2980 11475 2125 0 11476 2126 2981 11477 1654 2980 11478 2126 2981 11479 1655 2982 11480 1655 2982 11481 2126 2981 11482 2127 2983 11483 1655 2982 11484 2127 2983 11485 1656 2984 11486 1656 2984 11487 2127 2983 11488 2128 0 11489 1656 2984 11490 2128 0 11491 1629 0 11492 1629 0 11493 2128 0 11494 1630 0 11495 1630 0 11496 2128 0 11497 2129 0 11498 1630 0 11499 2129 0 11500 1631 2985 11501 1631 2985 11502 2129 0 11503 2130 2981 11504 1631 2985 11505 2130 2981 11506 1632 2986 11507 1632 2986 11508 2130 2981 11509 2131 2987 11510 1632 2986 11511 2131 2987 11512 1633 2988 11513 1633 2988 11514 2131 2987 11515 2132 2989 11516 1633 2988 11517 2132 2989 11518 1634 2990 11519 1634 2990 11520 2132 2989 11521 1635 2991 11522 1635 2991 11523 2132 2989 11524 2133 2978 11525 1635 2991 11526 2133 2978 11527 1636 2992 11528 1636 2992 11529 2133 2978 11530 2134 2993 11531 1636 2992 11532 2134 2993 11533 2141 2994 11534 2141 2994 11535 2134 2993 11536 2140 2995 11537 2140 2995 11538 2134 2993 11539 2135 2996 11540 2140 2995 11541 2135 2996 11542 2139 0 11543 2139 0 11544 2135 2996 11545 2138 0 11546 2138 0 11547 2135 2996 11548 2136 0 11549 2138 0 11550 2136 0 11551 2137 0 11552 2141 2994 11553 2142 2997 11554 1636 2992 11555 1636 2992 11556 2142 2997 11557 2143 2998 11558 1636 2992 11559 2143 2998 11560 1637 2999 11561 1637 2999 11562 2143 2998 11563 2144 3000 11564 1637 2999 11565 2144 3000 11566 2145 3001 11567 2145 3001 11568 2146 3002 11569 1637 2999 11570 1637 2999 11571 2146 3002 11572 1638 3003 11573 1638 3003 11574 2146 3002 11575 2147 3004 11576 1638 3003 11577 2147 3004 11578 1639 3005 11579 1639 3005 11580 2147 3004 11581 2148 3006 11582 1639 3005 11583 2148 3006 11584 2149 3007 11585 2149 3007 11586 2150 3008 11587 1639 3005 11588 1639 3005 11589 2150 3008 11590 1640 3009 11591 1640 3009 11592 2150 3008 11593 2151 3010 11594 1640 3009 11595 2151 3010 11596 2152 3011 11597 1640 3009 11598 2152 3011 11599 1641 3012 11600 1641 3012 11601 2152 3011 11602 2153 3013 11603 1641 3012 11604 2153 3013 11605 2154 3014 11606 1641 3012 11607 2154 3014 11608 1642 3015 11609 1642 3015 11610 2154 3014 11611 2155 3016 11612 1642 3015 11613 2155 3016 11614 1643 2949 11615 1643 2949 11616 2155 3016 11617 1180 3017 11618 1643 2949 11619 1180 3017 11620 1185 2946 11621 2155 3016 11622 2156 3018 11623 1180 3017 11624 1180 3017 11625 2156 3018 11626 2157 3019 11627 1180 3017 11628 2157 3019 11629 1181 3020 11630 1181 3020 11631 2157 3019 11632 2158 3021 11633 1181 3020 11634 2158 3021 11635 1182 3022 11636 1182 3022 11637 2158 3021 11638 2159 3023 11639 1182 3022 11640 2159 3023 11641 1183 3024 11642 1183 3024 11643 2159 3023 11644 2160 3025 11645 1183 3024 11646 2160 3025 11647 1171 3026 11648 1171 3026 11649 2160 3025 11650 2161 3027 11651 1171 3026 11652 2161 3027 11653 2162 3028 11654 2162 3028 11655 2163 0 11656 1171 3026 11657 1171 3026 11658 2163 0 11659 1168 0 11660 1168 0 11661 2163 0 11662 2176 3029 11663 2176 3029 11664 2163 0 11665 2164 3030 11666 2176 3029 11667 2164 3030 11668 2165 3031 11669 2176 3029 11670 2165 3031 11671 2175 3032 11672 2175 3032 11673 2165 3031 11674 2166 3033 11675 2175 3032 11676 2166 3033 11677 2174 3034 11678 2174 3034 11679 2166 3033 11680 2167 3035 11681 2174 3034 11682 2167 3035 11683 2173 3036 11684 2173 3036 11685 2167 3035 11686 2168 3037 11687 2173 3036 11688 2168 3037 11689 2169 0 11690 2169 0 11691 2170 3038 11692 2173 3036 11693 2173 3036 11694 2170 3038 11695 2171 3039 11696 2173 3036 11697 2171 3039 11698 2172 3040 11699 1428 3041 11700 2173 3041 11701 1417 3042 11702 1417 3042 11703 2173 3041 11704 2172 3043 11705 1417 3042 11706 2172 3043 11707 1691 3044 11708 1417 3042 11709 1691 3044 11710 2031 3041 11711 2031 3041 11712 1691 3044 11713 1690 3041 11714 2031 3041 11715 1690 3041 11716 1689 3041 11717 1689 3041 11718 1688 3041 11719 2031 3041 11720 1227 3045 11721 1459 3046 11722 1212 3047 11723 1212 3047 11724 1459 3046 11725 1389 3048 11726 1212 3047 11727 1389 3048 11728 1452 774 11729 1227 3045 11730 2177 3049 11731 1459 3046 11732 1459 3046 11733 2177 3049 11734 2180 3050 11735 2180 3050 11736 2177 3049 11737 2179 3051 11738 2179 3051 11739 2177 3049 11740 2178 774 11741 2182 0 11742 2183 3052 11743 2181 3053 11744 2181 3053 11745 2183 3052 11746 2186 3054 11747 2186 3054 11748 2183 3052 11749 2185 3055 11750 2185 3055 11751 2183 3052 11752 2184 0 11753 2185 3055 11754 2184 0 11755 2179 0 11756 2179 0 11757 2184 0 11758 2180 0 11759 1453 798 11760 1424 3056 11761 1217 3057 11762 1217 3057 11763 1424 3056 11764 2187 3058 11765 1217 3057 11766 2187 3058 11767 1218 3059 11768 1218 3059 11769 2187 3058 11770 2189 3060 11771 2189 3060 11772 2187 3058 11773 2182 798 11774 2189 3060 11775 2182 798 11776 2181 798 11777 2181 798 11778 2188 798 11779 2189 3060 11780 2218 3061 11781 2119 3062 11782 2226 3063 11783 2226 3063 11784 2119 3062 11785 2118 3064 11786 2226 3063 11787 2118 3064 11788 2225 3065 11789 2225 3065 11790 2118 3064 11791 2117 3066 11792 2225 3065 11793 2117 3066 11794 2227 3067 11795 2227 3067 11796 2117 3066 11797 2116 3068 11798 2227 3067 11799 2116 3068 11800 2228 3069 11801 2228 3069 11802 2116 3068 11803 2115 3070 11804 2228 3069 11805 2115 3070 11806 2229 3071 11807 2229 3071 11808 2115 3070 11809 2114 3072 11810 2229 3071 11811 2114 3072 11812 2230 3073 11813 2230 3073 11814 2114 3072 11815 2113 3074 11816 2230 3073 11817 2113 3074 11818 2231 3075 11819 2231 3075 11820 2113 3074 11821 2112 3076 11822 2231 3075 11823 2112 3076 11824 2232 3077 11825 2232 3077 11826 2112 3076 11827 2233 3078 11828 2232 3077 11829 2233 3078 11830 2210 3079 11831 2210 3079 11832 2233 3078 11833 2209 3080 11834 2209 3080 11835 2233 3078 11836 2234 3081 11837 2209 3080 11838 2234 3081 11839 2208 3082 11840 2208 3082 11841 2234 3081 11842 2235 3083 11843 2208 3082 11844 2235 3083 11845 2219 3084 11846 2219 3084 11847 2235 3083 11848 2109 3085 11849 2219 3084 11850 2109 3085 11851 2108 3086 11852 2112 3076 11853 2111 3087 11854 2233 3078 11855 2233 3078 11856 2111 3087 11857 2234 3081 11858 2111 3087 11859 2110 3088 11860 2234 3081 11861 2234 3081 11862 2110 3088 11863 2235 3083 11864 2110 3088 11865 2109 3085 11866 2235 3083 11867 2108 3086 11868 2107 3089 11869 2219 3084 11870 2219 3084 11871 2107 3089 11872 2236 3090 11873 2219 3084 11874 2236 3090 11875 2207 3091 11876 2207 3091 11877 2236 3090 11878 2237 3092 11879 2207 3091 11880 2237 3092 11881 2206 3093 11882 2206 3093 11883 2237 3092 11884 2220 3094 11885 2206 3093 11886 2220 3094 11887 2205 3095 11888 2205 3095 11889 2220 3094 11890 2204 3096 11891 2204 3096 11892 2220 3094 11893 2238 3097 11894 2204 3096 11895 2238 3097 11896 2239 3098 11897 2239 3098 11898 2238 3097 11899 2102 3099 11900 2239 3098 11901 2102 3099 11902 2101 3100 11903 2236 3090 11904 2107 3089 11905 2237 3092 11906 2237 3092 11907 2107 3089 11908 2106 3101 11909 2237 3092 11910 2106 3101 11911 2105 3102 11912 2237 3092 11913 2105 3102 11914 2220 3094 11915 2220 3094 11916 2105 3102 11917 2104 3103 11918 2220 3094 11919 2104 3103 11920 2238 3097 11921 2238 3097 11922 2104 3103 11923 2103 3104 11924 2238 3097 11925 2103 3104 11926 2102 3099 11927 2101 3100 11928 2100 3105 11929 2239 3098 11930 2239 3098 11931 2100 3105 11932 2203 3106 11933 2239 3098 11934 2203 3106 11935 2204 3096 11936 2203 3106 11937 2100 3105 11938 2221 3107 11939 2221 3107 11940 2100 3105 11941 2099 3108 11942 2221 3107 11943 2099 3108 11944 2098 3109 11945 2221 3107 11946 2098 3109 11947 2240 3110 11948 2240 3110 11949 2098 3109 11950 2097 3111 11951 2240 3110 11952 2097 3111 11953 2241 3112 11954 2241 3112 11955 2097 3111 11956 2242 3113 11957 2241 3112 11958 2242 3113 11959 2201 3114 11960 2201 3114 11961 2242 3113 11962 2200 3115 11963 2200 3115 11964 2242 3113 11965 2243 3116 11966 2200 3115 11967 2243 3116 11968 2199 3117 11969 2199 3117 11970 2243 3116 11971 2222 3118 11972 2199 3117 11973 2222 3118 11974 2198 3119 11975 2198 3119 11976 2222 3118 11977 2245 3120 11978 2198 3119 11979 2245 3120 11980 2244 3121 11981 2244 3121 11982 2245 3120 11983 2093 3122 11984 2244 3121 11985 2093 3122 11986 2092 3123 11987 2097 3111 11988 2096 3124 11989 2242 3113 11990 2242 3113 11991 2096 3124 11992 2243 3116 11993 2096 3124 11994 2095 3125 11995 2243 3116 11996 2243 3116 11997 2095 3125 11998 2094 3126 11999 2243 3116 12000 2094 3126 12001 2222 3118 12002 2222 3118 12003 2094 3126 12004 2093 3122 12005 2222 3118 12006 2093 3122 12007 2245 3120 12008 2244 3121 12009 2092 3123 12010 2223 3127 12011 2223 3127 12012 2092 3123 12013 2091 3128 12014 2223 3127 12015 2091 3128 12016 2246 3129 12017 2246 3129 12018 2091 3128 12019 2090 3130 12020 2246 3129 12021 2090 3130 12022 2247 3131 12023 2247 3131 12024 2090 3130 12025 2089 3132 12026 2247 3131 12027 2089 3132 12028 2088 3133 12029 2087 3134 12030 2249 3135 12031 2088 3133 12032 2088 3133 12033 2249 3135 12034 2248 3136 12035 2088 3133 12036 2248 3136 12037 2247 3131 12038 2247 3131 12039 2248 3136 12040 2195 3137 12041 2247 3131 12042 2195 3137 12043 2196 3138 12044 2249 3135 12045 2087 3134 12046 2224 3139 12047 2224 3139 12048 2087 3134 12049 2086 3140 12050 2224 3139 12051 2086 3140 12052 2250 3141 12053 2250 3141 12054 2086 3140 12055 2085 3142 12056 2250 3141 12057 2085 3142 12058 2251 3143 12059 2251 3143 12060 2085 3142 12061 2084 3144 12062 2251 3143 12063 2084 3144 12064 2252 3145 12065 2252 3145 12066 2084 3144 12067 2083 3146 12068 2252 3145 12069 2083 3146 12070 2253 3147 12071 2253 3147 12072 2083 3146 12073 2082 3148 12074 2253 3147 12075 2082 3148 12076 1954 3149 12077 1954 3149 12078 2082 3148 12079 2081 3150 12080 1954 3149 12081 2190 3151 12082 2253 3147 12083 2253 3147 12084 2190 3151 12085 2252 3145 12086 2190 3151 12087 2191 3152 12088 2252 3145 12089 2252 3145 12090 2191 3152 12091 2251 3143 12092 2191 3152 12093 2192 3153 12094 2251 3143 12095 2251 3143 12096 2192 3153 12097 2250 3141 12098 2192 3153 12099 2193 3154 12100 2250 3141 12101 2250 3141 12102 2193 3154 12103 2224 3139 12104 2193 3154 12105 2194 3155 12106 2224 3139 12107 2224 3139 12108 2194 3155 12109 2195 3137 12110 2224 3139 12111 2195 3137 12112 2249 3135 12113 2249 3135 12114 2195 3137 12115 2248 3136 12116 2247 3131 12117 2196 3138 12118 2246 3129 12119 2246 3129 12120 2196 3138 12121 2197 3156 12122 2246 3129 12123 2197 3156 12124 2223 3127 12125 2223 3127 12126 2197 3156 12127 2198 3119 12128 2223 3127 12129 2198 3119 12130 2244 3121 12131 2201 3114 12132 2202 3157 12133 2241 3112 12134 2241 3112 12135 2202 3157 12136 2240 3110 12137 2240 3110 12138 2202 3157 12139 2221 3107 12140 2221 3107 12141 2202 3157 12142 2203 3106 12143 2207 3091 12144 2208 3082 12145 2219 3084 12146 2232 3077 12147 2210 3079 12148 2231 3075 12149 2231 3075 12150 2210 3079 12151 2211 3158 12152 2231 3075 12153 2211 3158 12154 2230 3073 12155 2230 3073 12156 2211 3158 12157 2212 3159 12158 2230 3073 12159 2212 3159 12160 2213 3160 12161 2230 3073 12162 2213 3160 12163 2229 3071 12164 2229 3071 12165 2213 3160 12166 2214 3161 12167 2229 3071 12168 2214 3161 12169 2228 3069 12170 2228 3069 12171 2214 3161 12172 2215 3162 12173 2228 3069 12174 2215 3162 12175 2227 3067 12176 2227 3067 12177 2215 3162 12178 2216 3163 12179 2227 3067 12180 2216 3163 12181 2225 3065 12182 2225 3065 12183 2216 3163 12184 2217 3164 12185 2225 3065 12186 2217 3164 12187 2226 3063 12188 2226 3063 12189 2217 3164 12190 2218 3061 12191 2034 3165 12192 2032 3166 12193 2035 3167 12194 2035 3167 12195 2032 3166 12196 2254 3168 12197 2035 3167 12198 2254 3168 12199 2056 3169 12200 2056 3169 12201 2254 3168 12202 2268 3170 12203 2056 3169 12204 2268 3170 12205 2255 3171 12206 2255 3171 12207 2268 3170 12208 1984 3172 12209 2255 3171 12210 1984 3172 12211 1983 3173 12212 2034 3165 12213 2033 3174 12214 2032 3166 12215 2032 3166 12216 1986 3175 12217 2254 3168 12218 2254 3168 12219 1986 3175 12220 1985 3176 12221 2254 3168 12222 1985 3176 12223 2268 3170 12224 2268 3170 12225 1985 3176 12226 1984 3172 12227 2255 3171 12228 1983 3173 12229 2257 3177 12230 2257 3177 12231 1983 3173 12232 1982 3178 12233 2257 3177 12234 1982 3178 12235 2256 3179 12236 2256 3179 12237 1982 3178 12238 2269 3180 12239 2256 3179 12240 2269 3180 12241 2058 3181 12242 2058 3181 12243 2269 3180 12244 2258 3182 12245 2058 3181 12246 2258 3182 12247 2059 3183 12248 2059 3183 12249 2258 3182 12250 2270 3184 12251 2059 3183 12252 2270 3184 12253 2259 3185 12254 2259 3185 12255 2270 3184 12256 1979 3186 12257 2259 3185 12258 1979 3186 12259 1978 3187 12260 1982 3178 12261 1981 3188 12262 2269 3180 12263 2269 3180 12264 1981 3188 12265 2258 3182 12266 1981 3188 12267 1980 3189 12268 2258 3182 12269 2258 3182 12270 1980 3189 12271 2270 3184 12272 1980 3189 12273 1979 3186 12274 2270 3184 12275 1977 3190 12276 2260 3191 12277 1978 3187 12278 1978 3187 12279 2260 3191 12280 2271 3192 12281 1978 3187 12282 2271 3192 12283 2259 3185 12284 2259 3185 12285 2271 3192 12286 2060 3193 12287 2259 3185 12288 2060 3193 12289 2059 3183 12290 2260 3191 12291 1977 3190 12292 2272 3194 12293 2272 3194 12294 1977 3190 12295 1976 3195 12296 2272 3194 12297 1976 3195 12298 2261 3196 12299 2261 3196 12300 1976 3195 12301 1975 3197 12302 2261 3196 12303 1975 3197 12304 2273 3198 12305 2273 3198 12306 1975 3197 12307 1974 3199 12308 2273 3198 12309 1974 3199 12310 2262 3200 12311 2262 3200 12312 1974 3199 12313 1973 3201 12314 2262 3200 12315 1973 3201 12316 2274 3202 12317 2274 3202 12318 1973 3201 12319 1972 3203 12320 2274 3202 12321 1972 3203 12322 2275 3204 12323 2275 3204 12324 1972 3203 12325 1971 3205 12326 2275 3204 12327 1971 3205 12328 2276 3206 12329 2276 3206 12330 1971 3205 12331 1970 3207 12332 2276 3206 12333 1970 3207 12334 2263 3208 12335 2263 3208 12336 1970 3207 12337 1969 3209 12338 2263 3208 12339 1969 3209 12340 2277 3210 12341 2277 3210 12342 1969 3209 12343 1968 3211 12344 2277 3210 12345 1968 3211 12346 2264 3212 12347 2264 3212 12348 1968 3211 12349 1967 3213 12350 2264 3212 12351 1967 3213 12352 2278 3214 12353 2278 3214 12354 1967 3213 12355 1966 3215 12356 2278 3214 12357 1966 3215 12358 2266 3216 12359 2266 3216 12360 1966 3215 12361 1965 3217 12362 2266 3216 12363 1965 3217 12364 2265 3218 12365 2265 3218 12366 1965 3217 12367 2279 3219 12368 2265 3218 12369 2279 3219 12370 2068 3220 12371 2068 3220 12372 2279 3219 12373 2069 3221 12374 2069 3221 12375 2279 3219 12376 2280 3222 12377 2069 3221 12378 2280 3222 12379 2070 3223 12380 2070 3223 12381 2280 3222 12382 2281 3224 12383 2070 3223 12384 2281 3224 12385 2071 3225 12386 2071 3225 12387 2281 3224 12388 2282 3226 12389 2071 3225 12390 2282 3226 12391 2072 3227 12392 2072 3227 12393 2282 3226 12394 2283 3228 12395 2072 3227 12396 2283 3228 12397 2073 3229 12398 2073 3229 12399 2283 3228 12400 2284 3230 12401 2073 3229 12402 2284 3230 12403 2074 3231 12404 2074 3231 12405 2284 3230 12406 2285 3232 12407 2074 3231 12408 2285 3232 12409 2267 3233 12410 2267 3233 12411 2285 3232 12412 1959 3234 12413 2267 3233 12414 1959 3234 12415 1958 3235 12416 1965 3217 12417 1964 3236 12418 2279 3219 12419 2279 3219 12420 1964 3236 12421 2280 3222 12422 1964 3236 12423 1963 3237 12424 2280 3222 12425 2280 3222 12426 1963 3237 12427 2281 3224 12428 1963 3237 12429 1962 3238 12430 2281 3224 12431 2281 3224 12432 1962 3238 12433 2282 3226 12434 1962 3238 12435 1961 3239 12436 2282 3226 12437 2282 3226 12438 1961 3239 12439 2283 3228 12440 1961 3239 12441 1960 3240 12442 2283 3228 12443 2283 3228 12444 1960 3240 12445 2284 3230 12446 1960 3240 12447 1959 3234 12448 2284 3230 12449 2284 3230 12450 1959 3234 12451 2285 3232 12452 2267 3233 12453 1958 3235 12454 2286 3241 12455 2286 3241 12456 1958 3235 12457 1957 3242 12458 2286 3241 12459 1957 3242 12460 2287 3243 12461 2287 3243 12462 1957 3242 12463 1956 3244 12464 2287 3243 12465 1956 3244 12466 2288 3245 12467 2288 3245 12468 1956 3244 12469 1955 3246 12470 2288 3245 12471 1955 3246 12472 2081 3150 12473 2081 3150 12474 1955 3246 12475 1954 3149 12476 2081 3150 12477 2080 3247 12478 2288 3245 12479 2288 3245 12480 2080 3247 12481 2079 3248 12482 2288 3245 12483 2079 3248 12484 2078 3249 12485 2078 3249 12486 2077 3250 12487 2288 3245 12488 2288 3245 12489 2077 3250 12490 2287 3243 12491 2077 3250 12492 2076 3251 12493 2287 3243 12494 2287 3243 12495 2076 3251 12496 2286 3241 12497 2076 3251 12498 2075 3252 12499 2286 3241 12500 2286 3241 12501 2075 3252 12502 2267 3233 12503 2075 3252 12504 2074 3231 12505 2267 3233 12506 2068 3220 12507 2067 3253 12508 2265 3218 12509 2265 3218 12510 2067 3253 12511 2266 3216 12512 2266 3216 12513 2067 3253 12514 2278 3214 12515 2278 3214 12516 2067 3253 12517 2066 3254 12518 2278 3214 12519 2066 3254 12520 2264 3212 12521 2264 3212 12522 2066 3254 12523 2065 3255 12524 2264 3212 12525 2065 3255 12526 2277 3210 12527 2277 3210 12528 2065 3255 12529 2263 3208 12530 2065 3255 12531 2064 3256 12532 2263 3208 12533 2263 3208 12534 2064 3256 12535 2276 3206 12536 2276 3206 12537 2064 3256 12538 2275 3204 12539 2275 3204 12540 2064 3256 12541 2063 3257 12542 2275 3204 12543 2063 3257 12544 2274 3202 12545 2274 3202 12546 2063 3257 12547 2262 3200 12548 2063 3257 12549 2062 3258 12550 2262 3200 12551 2262 3200 12552 2062 3258 12553 2273 3198 12554 2273 3198 12555 2062 3258 12556 2261 3196 12557 2261 3196 12558 2062 3258 12559 2061 3259 12560 2261 3196 12561 2061 3259 12562 2272 3194 12563 2272 3194 12564 2061 3259 12565 2260 3191 12566 2061 3259 12567 2060 3193 12568 2260 3191 12569 2260 3191 12570 2060 3193 12571 2271 3192 12572 2058 3181 12573 2057 3260 12574 2256 3179 12575 2256 3179 12576 2057 3260 12577 2257 3177 12578 2257 3177 12579 2057 3260 12580 2255 3171 12581 2255 3171 12582 2057 3260 12583 2056 3169 12584 2217 3261 12585 2334 3262 12586 2218 3263 12587 2218 3263 12588 2334 3262 12589 2335 3264 12590 2218 3263 12591 2335 3264 12592 2329 3265 12593 2329 3265 12594 2335 3264 12595 2336 3266 12596 2329 3265 12597 2336 3266 12598 2337 3267 12599 2337 3267 12600 2336 3266 12601 2345 3268 12602 2337 3267 12603 2345 3268 12604 2346 3269 12605 2346 3269 12606 2345 3268 12607 2354 3270 12608 2346 3269 12609 2354 3270 12610 2355 3271 12611 2355 3271 12612 2354 3270 12613 2361 3272 12614 2355 3271 12615 2361 3272 12616 2362 3273 12617 2362 3273 12618 2361 3272 12619 2369 3274 12620 2362 3273 12621 2369 3274 12622 2370 3275 12623 2370 3275 12624 2369 3274 12625 2378 3276 12626 2370 3275 12627 2378 3276 12628 2379 3277 12629 2379 3277 12630 2378 3276 12631 2386 3278 12632 2379 3277 12633 2386 3278 12634 2387 3279 12635 2387 3279 12636 2386 3278 12637 2396 3280 12638 2387 3279 12639 2396 3280 12640 2316 3281 12641 2316 3281 12642 2396 3280 12643 2315 3282 12644 2315 3282 12645 2396 3280 12646 2314 3283 12647 2314 3283 12648 2396 3280 12649 2395 3284 12650 2314 3283 12651 2395 3284 12652 2313 3285 12653 2313 3285 12654 2395 3284 12655 2332 3286 12656 2313 3285 12657 2332 3286 12658 2312 3287 12659 2312 3287 12660 2332 3286 12661 2419 3288 12662 2312 3287 12663 2419 3288 12664 2311 3289 12665 2311 3289 12666 2419 3288 12667 2418 3290 12668 2311 3289 12669 2418 3290 12670 2310 3291 12671 2310 3291 12672 2418 3290 12673 2435 3292 12674 2310 3291 12675 2435 3292 12676 2309 3293 12677 2309 3293 12678 2435 3292 12679 2434 3294 12680 2309 3293 12681 2434 3294 12682 2308 3295 12683 2308 3295 12684 2434 3294 12685 2450 3296 12686 2308 3295 12687 2450 3296 12688 2307 3297 12689 2307 3297 12690 2450 3296 12691 2306 3298 12692 2306 3298 12693 2450 3296 12694 2449 3299 12695 2306 3298 12696 2449 3299 12697 2305 3300 12698 2305 3300 12699 2449 3299 12700 2448 3301 12701 2305 3300 12702 2448 3301 12703 2304 3302 12704 2304 3302 12705 2448 3301 12706 2456 3303 12707 2304 3302 12708 2456 3303 12709 2303 3304 12710 2303 3304 12711 2456 3303 12712 2455 3305 12713 2303 3304 12714 2455 3305 12715 2302 3306 12716 2302 3306 12717 2455 3305 12718 2301 3307 12719 2301 3307 12720 2455 3305 12721 2454 3308 12722 2301 3307 12723 2454 3308 12724 2300 3309 12725 2300 3309 12726 2454 3308 12727 2299 3310 12728 2299 3310 12729 2454 3308 12730 2459 3311 12731 2299 3310 12732 2459 3311 12733 2298 3312 12734 2298 3312 12735 2459 3311 12736 2297 3313 12737 2297 3313 12738 2459 3311 12739 2460 3314 12740 2297 3313 12741 2460 3314 12742 2296 3315 12743 2296 3315 12744 2460 3314 12745 2467 3316 12746 2296 3315 12747 2467 3316 12748 2295 3317 12749 2295 3317 12750 2467 3316 12751 2294 3318 12752 2294 3318 12753 2467 3316 12754 2471 3319 12755 2294 3318 12756 2471 3319 12757 2293 3320 12758 2293 3320 12759 2471 3319 12760 2475 3321 12761 2293 3320 12762 2475 3321 12763 2292 3322 12764 2292 3322 12765 2475 3321 12766 2479 3323 12767 2292 3322 12768 2479 3323 12769 2291 3324 12770 2291 3324 12771 2479 3323 12772 2483 3325 12773 2291 3324 12774 2483 3325 12775 2290 3326 12776 2290 3326 12777 2483 3325 12778 2487 3327 12779 2290 3326 12780 2487 3327 12781 2289 3328 12782 2289 3328 12783 2487 3327 12784 1951 2831 12785 1951 2831 12786 2487 3327 12787 1952 2829 12788 1952 2829 12789 2487 3327 12790 2486 3329 12791 1952 2829 12792 2486 3329 12793 1953 2830 12794 1953 2830 12795 2486 3329 12796 2485 3330 12797 1953 2830 12798 2485 3330 12799 2484 3331 12800 2484 3331 12801 2485 3330 12802 2480 3332 12803 2484 3331 12804 2480 3332 12805 2190 3333 12806 2190 3333 12807 2480 3332 12808 2191 3334 12809 2191 3334 12810 2480 3332 12811 2476 3335 12812 2191 3334 12813 2476 3335 12814 2192 3336 12815 2192 3336 12816 2476 3335 12817 2193 3337 12818 2193 3337 12819 2476 3335 12820 2472 3338 12821 2193 3337 12822 2472 3338 12823 2194 3339 12824 2194 3339 12825 2472 3338 12826 2468 3340 12827 2194 3339 12828 2468 3340 12829 2195 3341 12830 2195 3341 12831 2468 3340 12832 2464 3342 12833 2195 3341 12834 2464 3342 12835 2196 3343 12836 2196 3343 12837 2464 3342 12838 2197 3344 12839 2197 3344 12840 2464 3342 12841 2463 3345 12842 2197 3344 12843 2463 3345 12844 2333 3346 12845 2333 3346 12846 2463 3345 12847 2462 3347 12848 2333 3346 12849 2462 3347 12850 2457 3348 12851 2457 3348 12852 2462 3347 12853 2461 3349 12854 2457 3348 12855 2461 3349 12856 2458 3350 12857 2458 3350 12858 2461 3349 12859 2460 3314 12860 2458 3350 12861 2460 3314 12862 2459 3311 12863 2217 3261 12864 2216 3351 12865 2334 3262 12866 2334 3262 12867 2216 3351 12868 2342 3352 12869 2334 3262 12870 2342 3352 12871 2343 3353 12872 2343 3353 12873 2342 3352 12874 2351 3354 12875 2343 3353 12876 2351 3354 12877 2352 3355 12878 2352 3355 12879 2351 3354 12880 2359 3356 12881 2352 3355 12882 2359 3356 12883 2353 3357 12884 2353 3357 12885 2359 3356 12886 2360 3358 12887 2353 3357 12888 2360 3358 12889 2354 3270 12890 2354 3270 12891 2360 3358 12892 2361 3272 12893 2216 3351 12894 2215 3359 12895 2342 3352 12896 2342 3352 12897 2215 3359 12898 2350 3360 12899 2342 3352 12900 2350 3360 12901 2351 3354 12902 2351 3354 12903 2350 3360 12904 2357 3361 12905 2351 3354 12906 2357 3361 12907 2358 3362 12908 2358 3362 12909 2357 3361 12910 2366 3363 12911 2358 3362 12912 2366 3363 12913 2367 3364 12914 2367 3364 12915 2366 3363 12916 2375 3365 12917 2367 3364 12918 2375 3365 12919 2376 3366 12920 2376 3366 12921 2375 3365 12922 2383 3367 12923 2376 3366 12924 2383 3367 12925 2384 3368 12926 2384 3368 12927 2383 3367 12928 2399 3369 12929 2384 3368 12930 2399 3369 12931 2398 3370 12932 2398 3370 12933 2399 3369 12934 2393 3371 12935 2398 3370 12936 2393 3371 12937 2394 3372 12938 2394 3372 12939 2393 3371 12940 2410 3373 12941 2394 3372 12942 2410 3373 12943 2332 3286 12944 2332 3286 12945 2410 3373 12946 2419 3288 12947 2215 3359 12948 2214 3374 12949 2350 3360 12950 2350 3360 12951 2214 3374 12952 2357 3361 12953 2214 3374 12954 2213 3375 12955 2357 3361 12956 2357 3361 12957 2213 3375 12958 2212 3376 12959 2357 3361 12960 2212 3376 12961 2365 3377 12962 2365 3377 12963 2212 3376 12964 2211 3378 12965 2365 3377 12966 2211 3378 12967 2210 3379 12968 2210 3379 12969 2209 3380 12970 2365 3377 12971 2365 3377 12972 2209 3380 12973 2373 3381 12974 2365 3377 12975 2373 3381 12976 2374 3382 12977 2374 3382 12978 2373 3381 12979 2381 3383 12980 2374 3382 12981 2381 3383 12982 2382 3384 12983 2382 3384 12984 2381 3383 12985 2401 3385 12986 2382 3384 12987 2401 3385 12988 2400 3386 12989 2400 3386 12990 2401 3385 12991 2391 3387 12992 2400 3386 12993 2391 3387 12994 2392 3388 12995 2392 3388 12996 2391 3387 12997 2408 3389 12998 2392 3388 12999 2408 3389 13000 2409 3390 13001 2409 3390 13002 2408 3389 13003 2421 3391 13004 2409 3390 13005 2421 3391 13006 2420 3392 13007 2420 3392 13008 2421 3391 13009 2417 3393 13010 2420 3392 13011 2417 3393 13012 2418 3290 13013 2418 3290 13014 2417 3393 13015 2435 3292 13016 2209 3380 13017 2208 3394 13018 2373 3381 13019 2373 3381 13020 2208 3394 13021 2331 3395 13022 2373 3381 13023 2331 3395 13024 2381 3383 13025 2381 3383 13026 2331 3395 13027 2402 3396 13028 2381 3383 13029 2402 3396 13030 2401 3385 13031 2401 3385 13032 2402 3396 13033 2390 3397 13034 2401 3385 13035 2390 3397 13036 2391 3387 13037 2391 3387 13038 2390 3397 13039 2407 3398 13040 2391 3387 13041 2407 3398 13042 2408 3389 13043 2408 3389 13044 2407 3398 13045 2422 3399 13046 2408 3389 13047 2422 3399 13048 2421 3391 13049 2421 3391 13050 2422 3399 13051 2416 3400 13052 2421 3391 13053 2416 3400 13054 2417 3393 13055 2417 3393 13056 2416 3400 13057 2436 3401 13058 2417 3393 13059 2436 3401 13060 2435 3292 13061 2435 3292 13062 2436 3401 13063 2434 3294 13064 2208 3394 13065 2207 3402 13066 2331 3395 13067 2331 3395 13068 2207 3402 13069 2403 3403 13070 2331 3395 13071 2403 3403 13072 2402 3396 13073 2402 3396 13074 2403 3403 13075 2389 3404 13076 2402 3396 13077 2389 3404 13078 2390 3397 13079 2390 3397 13080 2389 3404 13081 2406 3405 13082 2390 3397 13083 2406 3405 13084 2407 3398 13085 2407 3398 13086 2406 3405 13087 2423 3406 13088 2407 3398 13089 2423 3406 13090 2422 3399 13091 2422 3399 13092 2423 3406 13093 2415 3407 13094 2422 3399 13095 2415 3407 13096 2416 3400 13097 2416 3400 13098 2415 3407 13099 2437 3408 13100 2416 3400 13101 2437 3408 13102 2436 3401 13103 2436 3401 13104 2437 3408 13105 2433 3409 13106 2436 3401 13107 2433 3409 13108 2434 3294 13109 2434 3294 13110 2433 3409 13111 2450 3296 13112 2207 3402 13113 2206 3410 13114 2403 3403 13115 2403 3403 13116 2206 3410 13117 2388 3411 13118 2403 3403 13119 2388 3411 13120 2389 3404 13121 2389 3404 13122 2388 3411 13123 2405 3412 13124 2389 3404 13125 2405 3412 13126 2406 3405 13127 2406 3405 13128 2405 3412 13129 2424 3413 13130 2406 3405 13131 2424 3413 13132 2423 3406 13133 2423 3406 13134 2424 3413 13135 2414 3414 13136 2423 3406 13137 2414 3414 13138 2415 3407 13139 2415 3407 13140 2414 3414 13141 2438 3415 13142 2415 3407 13143 2438 3415 13144 2437 3408 13145 2437 3408 13146 2438 3415 13147 2432 3416 13148 2437 3408 13149 2432 3416 13150 2433 3409 13151 2433 3409 13152 2432 3416 13153 2449 3299 13154 2433 3409 13155 2449 3299 13156 2450 3296 13157 2206 3410 13158 2205 3417 13159 2388 3411 13160 2388 3411 13161 2205 3417 13162 2404 3418 13163 2388 3411 13164 2404 3418 13165 2405 3412 13166 2405 3412 13167 2404 3418 13168 2425 3419 13169 2405 3412 13170 2425 3419 13171 2424 3413 13172 2424 3413 13173 2425 3419 13174 2413 3420 13175 2424 3413 13176 2413 3420 13177 2414 3414 13178 2414 3414 13179 2413 3420 13180 2439 3421 13181 2414 3414 13182 2439 3421 13183 2438 3415 13184 2438 3415 13185 2439 3421 13186 2431 3422 13187 2438 3415 13188 2431 3422 13189 2432 3416 13190 2432 3416 13191 2431 3422 13192 2448 3301 13193 2432 3416 13194 2448 3301 13195 2449 3299 13196 2205 3417 13197 2204 3423 13198 2404 3418 13199 2404 3418 13200 2204 3423 13201 2426 3424 13202 2404 3418 13203 2426 3424 13204 2425 3419 13205 2425 3419 13206 2426 3424 13207 2412 3425 13208 2425 3419 13209 2412 3425 13210 2413 3420 13211 2413 3420 13212 2412 3425 13213 2440 3426 13214 2413 3420 13215 2440 3426 13216 2439 3421 13217 2439 3421 13218 2440 3426 13219 2430 3427 13220 2439 3421 13221 2430 3427 13222 2431 3422 13223 2431 3422 13224 2430 3427 13225 2447 3428 13226 2431 3422 13227 2447 3428 13228 2448 3301 13229 2448 3301 13230 2447 3428 13231 2456 3303 13232 2204 3423 13233 2203 3429 13234 2426 3424 13235 2426 3424 13236 2203 3429 13237 2411 3430 13238 2426 3424 13239 2411 3430 13240 2412 3425 13241 2412 3425 13242 2411 3430 13243 2441 3431 13244 2412 3425 13245 2441 3431 13246 2440 3426 13247 2440 3426 13248 2441 3431 13249 2429 3432 13250 2440 3426 13251 2429 3432 13252 2430 3427 13253 2430 3427 13254 2429 3432 13255 2446 3433 13256 2430 3427 13257 2446 3433 13258 2447 3428 13259 2447 3428 13260 2446 3433 13261 2455 3305 13262 2447 3428 13263 2455 3305 13264 2456 3303 13265 2203 3429 13266 2202 3434 13267 2411 3430 13268 2411 3430 13269 2202 3434 13270 2442 3435 13271 2411 3430 13272 2442 3435 13273 2441 3431 13274 2441 3431 13275 2442 3435 13276 2428 3436 13277 2441 3431 13278 2428 3436 13279 2429 3432 13280 2429 3432 13281 2428 3436 13282 2445 3437 13283 2429 3432 13284 2445 3437 13285 2446 3433 13286 2446 3433 13287 2445 3437 13288 2454 3308 13289 2446 3433 13290 2454 3308 13291 2455 3305 13292 2442 3435 13293 2202 3434 13294 2427 3438 13295 2427 3438 13296 2202 3434 13297 2201 3439 13298 2427 3438 13299 2201 3439 13300 2443 3440 13301 2443 3440 13302 2201 3439 13303 2200 3441 13304 2443 3440 13305 2200 3441 13306 2451 3442 13307 2451 3442 13308 2200 3441 13309 2199 3443 13310 2451 3442 13311 2199 3443 13312 2198 3444 13313 2451 3442 13314 2198 3444 13315 2333 3346 13316 2333 3346 13317 2198 3444 13318 2197 3344 13319 2190 3333 13320 1954 2832 13321 2484 3331 13322 2484 3331 13323 1954 2832 13324 1953 2830 13325 2316 3281 13326 2317 3445 13327 2387 3279 13328 2387 3279 13329 2317 3445 13330 2318 3446 13331 2387 3279 13332 2318 3446 13333 2380 3447 13334 2380 3447 13335 2318 3446 13336 2319 3448 13337 2380 3447 13338 2319 3448 13339 2372 3449 13340 2372 3449 13341 2319 3448 13342 2320 3450 13343 2372 3449 13344 2320 3450 13345 2321 3451 13346 2321 3451 13347 2322 3452 13348 2372 3449 13349 2372 3449 13350 2322 3452 13351 2364 3453 13352 2372 3449 13353 2364 3453 13354 2371 3454 13355 2371 3454 13356 2364 3453 13357 2363 3455 13358 2371 3454 13359 2363 3455 13360 2370 3275 13361 2370 3275 13362 2363 3455 13363 2362 3273 13364 2322 3452 13365 2323 3456 13366 2364 3453 13367 2364 3453 13368 2323 3456 13369 2324 3457 13370 2364 3453 13371 2324 3457 13372 2330 3458 13373 2330 3458 13374 2324 3457 13375 2325 3459 13376 2330 3458 13377 2325 3459 13378 2349 3460 13379 2349 3460 13380 2325 3459 13381 2341 3461 13382 2349 3460 13383 2341 3461 13384 2348 3462 13385 2348 3462 13386 2341 3461 13387 2340 3463 13388 2348 3462 13389 2340 3463 13390 2347 3464 13391 2347 3464 13392 2340 3463 13393 2339 3465 13394 2347 3464 13395 2339 3465 13396 2346 3269 13397 2346 3269 13398 2339 3465 13399 2338 3466 13400 2346 3269 13401 2338 3466 13402 2337 3267 13403 2337 3267 13404 2338 3466 13405 2329 3265 13406 2325 3459 13407 2326 3467 13408 2341 3461 13409 2341 3461 13410 2326 3467 13411 2327 3468 13412 2341 3461 13413 2327 3468 13414 2340 3463 13415 2340 3463 13416 2327 3468 13417 2328 3469 13418 2340 3463 13419 2328 3469 13420 2339 3465 13421 2339 3465 13422 2328 3469 13423 2338 3466 13424 2328 3469 13425 2329 3265 13426 2338 3466 13427 2334 3262 13428 2343 3353 13429 2335 3264 13430 2335 3264 13431 2343 3353 13432 2344 3470 13433 2335 3264 13434 2344 3470 13435 2336 3266 13436 2336 3266 13437 2344 3470 13438 2345 3268 13439 2343 3353 13440 2352 3355 13441 2344 3470 13442 2344 3470 13443 2352 3355 13444 2353 3357 13445 2344 3470 13446 2353 3357 13447 2345 3268 13448 2345 3268 13449 2353 3357 13450 2354 3270 13451 2346 3269 13452 2355 3271 13453 2347 3464 13454 2347 3464 13455 2355 3271 13456 2356 3471 13457 2347 3464 13458 2356 3471 13459 2348 3462 13460 2348 3462 13461 2356 3471 13462 2330 3458 13463 2348 3462 13464 2330 3458 13465 2349 3460 13466 2355 3271 13467 2362 3273 13468 2356 3471 13469 2356 3471 13470 2362 3273 13471 2363 3455 13472 2356 3471 13473 2363 3455 13474 2330 3458 13475 2330 3458 13476 2363 3455 13477 2364 3453 13478 2359 3356 13479 2351 3354 13480 2358 3362 13481 2358 3362 13482 2367 3364 13483 2359 3356 13484 2359 3356 13485 2367 3364 13486 2368 3472 13487 2359 3356 13488 2368 3472 13489 2360 3358 13490 2360 3358 13491 2368 3472 13492 2369 3274 13493 2360 3358 13494 2369 3274 13495 2361 3272 13496 2357 3361 13497 2365 3377 13498 2366 3363 13499 2366 3363 13500 2365 3377 13501 2374 3382 13502 2366 3363 13503 2374 3382 13504 2375 3365 13505 2375 3365 13506 2374 3382 13507 2382 3384 13508 2375 3365 13509 2382 3384 13510 2383 3367 13511 2383 3367 13512 2382 3384 13513 2400 3386 13514 2383 3367 13515 2400 3386 13516 2399 3369 13517 2399 3369 13518 2400 3386 13519 2392 3388 13520 2399 3369 13521 2392 3388 13522 2393 3371 13523 2393 3371 13524 2392 3388 13525 2409 3390 13526 2393 3371 13527 2409 3390 13528 2410 3373 13529 2410 3373 13530 2409 3390 13531 2420 3392 13532 2410 3373 13533 2420 3392 13534 2419 3288 13535 2419 3288 13536 2420 3392 13537 2418 3290 13538 2367 3364 13539 2376 3366 13540 2368 3472 13541 2368 3472 13542 2376 3366 13543 2377 3473 13544 2368 3472 13545 2377 3473 13546 2369 3274 13547 2369 3274 13548 2377 3473 13549 2378 3276 13550 2380 3447 13551 2372 3449 13552 2371 3454 13553 2380 3447 13554 2371 3454 13555 2379 3277 13556 2379 3277 13557 2371 3454 13558 2370 3275 13559 2376 3366 13560 2384 3368 13561 2377 3473 13562 2377 3473 13563 2384 3368 13564 2385 3474 13565 2377 3473 13566 2385 3474 13567 2378 3276 13568 2378 3276 13569 2385 3474 13570 2386 3278 13571 2387 3279 13572 2380 3447 13573 2379 3277 13574 2384 3368 13575 2398 3370 13576 2385 3474 13577 2385 3474 13578 2398 3370 13579 2397 3475 13580 2385 3474 13581 2397 3475 13582 2386 3278 13583 2386 3278 13584 2397 3475 13585 2396 3280 13586 2397 3475 13587 2398 3370 13588 2394 3372 13589 2396 3280 13590 2397 3475 13591 2395 3284 13592 2395 3284 13593 2397 3475 13594 2394 3372 13595 2395 3284 13596 2394 3372 13597 2332 3286 13598 2442 3435 13599 2427 3438 13600 2428 3436 13601 2428 3436 13602 2427 3438 13603 2444 3476 13604 2428 3436 13605 2444 3476 13606 2445 3437 13607 2445 3437 13608 2444 3476 13609 2453 3477 13610 2445 3437 13611 2453 3477 13612 2454 3308 13613 2454 3308 13614 2453 3477 13615 2459 3311 13616 2444 3476 13617 2427 3438 13618 2443 3440 13619 2444 3476 13620 2443 3440 13621 2452 3478 13622 2452 3478 13623 2443 3440 13624 2451 3442 13625 2452 3478 13626 2451 3442 13627 2457 3348 13628 2457 3348 13629 2451 3442 13630 2333 3346 13631 2444 3476 13632 2452 3478 13633 2453 3477 13634 2453 3477 13635 2452 3478 13636 2458 3350 13637 2453 3477 13638 2458 3350 13639 2459 3311 13640 2458 3350 13641 2452 3478 13642 2457 3348 13643 2460 3314 13644 2461 3349 13645 2467 3316 13646 2467 3316 13647 2461 3349 13648 2466 3479 13649 2467 3316 13650 2466 3479 13651 2471 3319 13652 2471 3319 13653 2466 3479 13654 2470 3480 13655 2471 3319 13656 2470 3480 13657 2475 3321 13658 2475 3321 13659 2470 3480 13660 2474 3481 13661 2475 3321 13662 2474 3481 13663 2479 3323 13664 2479 3323 13665 2474 3481 13666 2478 3482 13667 2479 3323 13668 2478 3482 13669 2483 3325 13670 2483 3325 13671 2478 3482 13672 2482 3483 13673 2483 3325 13674 2482 3483 13675 2487 3327 13676 2487 3327 13677 2482 3483 13678 2486 3329 13679 2461 3349 13680 2462 3347 13681 2466 3479 13682 2466 3479 13683 2462 3347 13684 2465 3484 13685 2466 3479 13686 2465 3484 13687 2470 3480 13688 2470 3480 13689 2465 3484 13690 2469 3485 13691 2470 3480 13692 2469 3485 13693 2474 3481 13694 2474 3481 13695 2469 3485 13696 2473 3486 13697 2474 3481 13698 2473 3486 13699 2478 3482 13700 2478 3482 13701 2473 3486 13702 2477 3487 13703 2478 3482 13704 2477 3487 13705 2482 3483 13706 2482 3483 13707 2477 3487 13708 2481 3488 13709 2482 3483 13710 2481 3488 13711 2486 3329 13712 2486 3329 13713 2481 3488 13714 2485 3330 13715 2462 3347 13716 2463 3345 13717 2465 3484 13718 2465 3484 13719 2463 3345 13720 2464 3342 13721 2465 3484 13722 2464 3342 13723 2469 3485 13724 2469 3485 13725 2464 3342 13726 2468 3340 13727 2469 3485 13728 2468 3340 13729 2473 3486 13730 2473 3486 13731 2468 3340 13732 2472 3338 13733 2473 3486 13734 2472 3338 13735 2477 3487 13736 2477 3487 13737 2472 3338 13738 2476 3335 13739 2477 3487 13740 2476 3335 13741 2481 3488 13742 2481 3488 13743 2476 3335 13744 2480 3332 13745 2481 3488 13746 2480 3332 13747 2485 3330 13748 2488 3489 13749 2489 3490 13750 2535 3491 13751 2535 3491 13752 2489 3490 13753 2490 3492 13754 2535 3491 13755 2490 3492 13756 2534 3493 13757 2534 3493 13758 2490 3492 13759 2533 3494 13760 2533 3494 13761 2490 3492 13762 2532 3495 13763 2532 3495 13764 2490 3492 13765 2531 3496 13766 2531 3496 13767 2490 3492 13768 2530 3497 13769 2530 3497 13770 2490 3492 13771 2491 3498 13772 2530 3497 13773 2491 3498 13774 2529 3499 13775 2529 3499 13776 2491 3498 13777 2528 3500 13778 2528 3500 13779 2491 3498 13780 2492 3501 13781 2528 3500 13782 2492 3501 13783 2527 3502 13784 2527 3502 13785 2492 3501 13786 2526 3503 13787 2526 3503 13788 2492 3501 13789 2493 3504 13790 2526 3503 13791 2493 3504 13792 2525 3505 13793 2525 3505 13794 2493 3504 13795 2494 3506 13796 2525 3505 13797 2494 3506 13798 2524 3507 13799 2524 3507 13800 2494 3506 13801 2495 3508 13802 2524 3507 13803 2495 3508 13804 2523 3509 13805 2523 3509 13806 2495 3508 13807 2496 3510 13808 2523 3509 13809 2496 3510 13810 2522 3511 13811 2522 3511 13812 2496 3510 13813 2497 3512 13814 2522 3511 13815 2497 3512 13816 2521 3513 13817 2521 3513 13818 2497 3512 13819 2498 3514 13820 2521 3513 13821 2498 3514 13822 2520 3515 13823 2520 3515 13824 2498 3514 13825 2499 3516 13826 2520 3515 13827 2499 3516 13828 2519 3517 13829 2519 3517 13830 2499 3516 13831 2500 3518 13832 2519 3517 13833 2500 3518 13834 2501 3519 13835 2501 3519 13836 2502 3520 13837 2519 3517 13838 2519 3517 13839 2502 3520 13840 2518 3521 13841 2518 3521 13842 2502 3520 13843 2503 3522 13844 2518 3521 13845 2503 3522 13846 2504 3523 13847 2518 3521 13848 2504 3523 13849 2517 3524 13850 2517 3524 13851 2504 3523 13852 2505 3525 13853 2517 3524 13854 2505 3525 13855 2516 3526 13856 2516 3526 13857 2505 3525 13858 2506 3527 13859 2516 3526 13860 2506 3527 13861 2515 3528 13862 2515 3528 13863 2506 3527 13864 2507 3529 13865 2515 3528 13866 2507 3529 13867 2514 3530 13868 2514 3530 13869 2507 3529 13870 2508 3531 13871 2514 3530 13872 2508 3531 13873 2513 3532 13874 2513 3532 13875 2508 3531 13876 2509 3533 13877 2513 3532 13878 2509 3533 13879 2512 3534 13880 2512 3534 13881 2509 3533 13882 2510 3535 13883 2512 3534 13884 2510 3535 13885 2511 3536 13886 2511 3536 13887 2510 3535 13888 1487 3537 13889 1487 3537 13890 2510 3535 13891 1562 3538 13892 1715 2606 13893 1714 2607 13894 2571 3539 13895 2571 3539 13896 1714 2607 13897 2573 3540 13898 2571 3539 13899 2573 3540 13900 2570 3541 13901 2570 3541 13902 2573 3540 13903 2575 3542 13904 2570 3541 13905 2575 3542 13906 2569 3543 13907 2569 3543 13908 2575 3542 13909 2577 3544 13910 2569 3543 13911 2577 3544 13912 2568 3545 13913 2568 3545 13914 2577 3544 13915 2579 3546 13916 2568 3545 13917 2579 3546 13918 2567 3547 13919 2567 3547 13920 2579 3546 13921 2581 3548 13922 2567 3547 13923 2581 3548 13924 2566 3549 13925 2566 3549 13926 2581 3548 13927 2583 3550 13928 2566 3549 13929 2583 3550 13930 2565 3551 13931 2565 3551 13932 2583 3550 13933 2585 3552 13934 2565 3551 13935 2585 3552 13936 2564 3553 13937 2564 3553 13938 2585 3552 13939 2587 3554 13940 2564 3553 13941 2587 3554 13942 2563 3555 13943 2563 3555 13944 2587 3554 13945 2589 3556 13946 2563 3555 13947 2589 3556 13948 2562 3557 13949 2562 3557 13950 2589 3556 13951 2591 3558 13952 2562 3557 13953 2591 3558 13954 2561 3559 13955 2561 3559 13956 2591 3558 13957 2593 3560 13958 2561 3559 13959 2593 3560 13960 2560 3561 13961 2560 3561 13962 2593 3560 13963 2595 3562 13964 2560 3561 13965 2595 3562 13966 2559 3563 13967 2559 3563 13968 2595 3562 13969 2597 3564 13970 2559 3563 13971 2597 3564 13972 2558 3565 13973 2558 3565 13974 2597 3564 13975 2599 3566 13976 2558 3565 13977 2599 3566 13978 2557 3567 13979 2557 3567 13980 2599 3566 13981 2601 3568 13982 2557 3567 13983 2601 3568 13984 2556 3569 13985 2556 3569 13986 2601 3568 13987 2603 3570 13988 2556 3569 13989 2603 3570 13990 2555 3571 13991 2555 3571 13992 2603 3570 13993 2605 3572 13994 2555 3571 13995 2605 3572 13996 2554 3573 13997 2554 3573 13998 2605 3572 13999 2607 3574 14000 2554 3573 14001 2607 3574 14002 2327 3468 14003 2327 3468 14004 2607 3574 14005 2328 3469 14006 2328 3469 14007 2607 3574 14008 2606 3575 14009 2328 3469 14010 2606 3575 14011 2329 3265 14012 2329 3265 14013 2606 3575 14014 2553 3576 14015 2329 3265 14016 2553 3576 14017 2218 3263 14018 1714 2607 14019 1713 2698 14020 2573 3540 14021 2573 3540 14022 1713 2698 14023 2572 3577 14024 2573 3540 14025 2572 3577 14026 2575 3542 14027 2575 3542 14028 2572 3577 14029 2574 3578 14030 2575 3542 14031 2574 3578 14032 2577 3544 14033 2577 3544 14034 2574 3578 14035 2576 3579 14036 2577 3544 14037 2576 3579 14038 2579 3546 14039 2579 3546 14040 2576 3579 14041 2578 3580 14042 2579 3546 14043 2578 3580 14044 2581 3548 14045 2581 3548 14046 2578 3580 14047 2580 3581 14048 2581 3548 14049 2580 3581 14050 2583 3550 14051 2583 3550 14052 2580 3581 14053 2582 3582 14054 2583 3550 14055 2582 3582 14056 2585 3552 14057 2585 3552 14058 2582 3582 14059 2584 3583 14060 2585 3552 14061 2584 3583 14062 2587 3554 14063 2587 3554 14064 2584 3583 14065 2586 3584 14066 2587 3554 14067 2586 3584 14068 2589 3556 14069 2589 3556 14070 2586 3584 14071 2588 3585 14072 2589 3556 14073 2588 3585 14074 2591 3558 14075 2591 3558 14076 2588 3585 14077 2590 3586 14078 2591 3558 14079 2590 3586 14080 2593 3560 14081 2593 3560 14082 2590 3586 14083 2592 3587 14084 2593 3560 14085 2592 3587 14086 2595 3562 14087 2595 3562 14088 2592 3587 14089 2594 3588 14090 2595 3562 14091 2594 3588 14092 2597 3564 14093 2597 3564 14094 2594 3588 14095 2596 3589 14096 2597 3564 14097 2596 3589 14098 2599 3566 14099 2599 3566 14100 2596 3589 14101 2598 3590 14102 2599 3566 14103 2598 3590 14104 2601 3568 14105 2601 3568 14106 2598 3590 14107 2600 3591 14108 2601 3568 14109 2600 3591 14110 2603 3570 14111 2603 3570 14112 2600 3591 14113 2602 3592 14114 2603 3570 14115 2602 3592 14116 2605 3572 14117 2605 3572 14118 2602 3592 14119 2604 3593 14120 2605 3572 14121 2604 3593 14122 2607 3574 14123 2607 3574 14124 2604 3593 14125 2606 3575 14126 1713 2698 14127 1712 2697 14128 2572 3577 14129 2572 3577 14130 1712 2697 14131 2536 3594 14132 2572 3577 14133 2536 3594 14134 2574 3578 14135 2574 3578 14136 2536 3594 14137 2537 3595 14138 2574 3578 14139 2537 3595 14140 2576 3579 14141 2576 3579 14142 2537 3595 14143 2538 3596 14144 2576 3579 14145 2538 3596 14146 2578 3580 14147 2578 3580 14148 2538 3596 14149 2539 3597 14150 2578 3580 14151 2539 3597 14152 2580 3581 14153 2580 3581 14154 2539 3597 14155 2540 3598 14156 2580 3581 14157 2540 3598 14158 2582 3582 14159 2582 3582 14160 2540 3598 14161 2541 3599 14162 2582 3582 14163 2541 3599 14164 2584 3583 14165 2584 3583 14166 2541 3599 14167 2542 3600 14168 2584 3583 14169 2542 3600 14170 2586 3584 14171 2586 3584 14172 2542 3600 14173 2543 3601 14174 2586 3584 14175 2543 3601 14176 2588 3585 14177 2588 3585 14178 2543 3601 14179 2544 3602 14180 2588 3585 14181 2544 3602 14182 2590 3586 14183 2590 3586 14184 2544 3602 14185 2545 3603 14186 2590 3586 14187 2545 3603 14188 2592 3587 14189 2592 3587 14190 2545 3603 14191 2546 3604 14192 2592 3587 14193 2546 3604 14194 2594 3588 14195 2594 3588 14196 2546 3604 14197 2547 3605 14198 2594 3588 14199 2547 3605 14200 2596 3589 14201 2596 3589 14202 2547 3605 14203 2548 3606 14204 2596 3589 14205 2548 3606 14206 2598 3590 14207 2598 3590 14208 2548 3606 14209 2549 3607 14210 2598 3590 14211 2549 3607 14212 2600 3591 14213 2600 3591 14214 2549 3607 14215 2550 3608 14216 2600 3591 14217 2550 3608 14218 2602 3592 14219 2602 3592 14220 2550 3608 14221 2551 3609 14222 2602 3592 14223 2551 3609 14224 2604 3593 14225 2604 3593 14226 2551 3609 14227 2552 3610 14228 2604 3593 14229 2552 3610 14230 2606 3575 14231 2606 3575 14232 2552 3610 14233 2553 3576 14234 2176 3611 14235 1456 3612 14236 1168 3613 14237 1168 3613 14238 1456 3612 14239 1455 3614 14240 1168 3613 14241 1455 3614 14242 1169 3615 14243 1169 3615 14244 1455 3614 14245 1454 3616 14246 1169 3615 14247 1454 3616 14248 1192 3617 14249 1192 3617 14250 1454 3616 14251 1193 3618 14252 1193 3618 14253 1454 3616 14254 1208 1895 14255 1193 3618 14256 1208 1895 14257 1194 1894 14258 1456 3612 14259 2176 3611 14260 1457 3619 14261 1457 3619 14262 2176 3611 14263 2175 3620 14264 1457 3619 14265 2175 3620 14266 1458 3621 14267 1458 3621 14268 2175 3620 14269 2174 3622 14270 1458 3621 14271 2174 3622 14272 1428 3623 14273 1428 3623 14274 2174 3622 14275 2173 3624 14276 1454 3616 14277 1453 3625 14278 1208 1895 14279 1208 1895 14280 1453 3625 14281 1215 3626 14282 1215 3626 14283 1453 3625 14284 1216 3627 14285 1216 3627 14286 1453 3625 14287 1217 3628 14288 1451 3629 14289 1207 1891 14290 1452 3630 14291 1452 3630 14292 1207 1891 14293 1214 3631 14294 1452 3630 14295 1214 3631 14296 1213 3632 14297 1450 3633 14298 1172 3634 14299 1451 3629 14300 1451 3629 14301 1172 3634 14302 1203 3635 14303 1451 3629 14304 1203 3635 14305 1202 3636 14306 1172 3634 14307 1450 3633 14308 1173 3637 14309 1173 3637 14310 1450 3633 14311 1449 3638 14312 1173 3637 14313 1449 3638 14314 2037 3639 14315 2037 3639 14316 1449 3638 14317 1448 3640 14318 2037 3639 14319 1448 3640 14320 2038 3641 14321 2038 3641 14322 1448 3640 14323 1447 3642 14324 2038 3641 14325 1447 3642 14326 2039 3643 14327 2039 3643 14328 1447 3642 14329 1446 3644 14330 2039 3643 14331 1446 3644 14332 2040 3645 14333 2040 3645 14334 1446 3644 14335 1445 3646 14336 2040 3645 14337 1445 3646 14338 2041 3647 14339 2041 3647 14340 1445 3646 14341 1444 3648 14342 2041 3647 14343 1444 3648 14344 2042 3649 14345 2042 3649 14346 1444 3648 14347 1443 3650 14348 2042 3649 14349 1443 3650 14350 2043 3651 14351 2043 3651 14352 1443 3650 14353 1442 3652 14354 2043 3651 14355 1442 3652 14356 2044 3653 14357 2044 3653 14358 1442 3652 14359 1441 3654 14360 2044 3653 14361 1441 3654 14362 2045 3655 14363 2045 3655 14364 1441 3654 14365 1440 3656 14366 2045 3655 14367 1440 3656 14368 2046 3657 14369 2046 3657 14370 1440 3656 14371 1439 3658 14372 2046 3657 14373 1439 3658 14374 2047 3659 14375 2047 3659 14376 1439 3658 14377 1438 3660 14378 2047 3659 14379 1438 3660 14380 2048 3661 14381 2048 3661 14382 1438 3660 14383 1437 3662 14384 2048 3661 14385 1437 3662 14386 2049 3663 14387 2049 3663 14388 1437 3662 14389 1436 3664 14390 2049 3663 14391 1436 3664 14392 2050 3665 14393 2050 3665 14394 1436 3664 14395 1435 3666 14396 2050 3665 14397 1435 3666 14398 2051 3667 14399 2051 3667 14400 1435 3666 14401 1434 3668 14402 2051 3667 14403 1434 3668 14404 2052 3669 14405 2052 3669 14406 1434 3668 14407 1433 3670 14408 2052 3669 14409 1433 3670 14410 2053 3671 14411 2053 3671 14412 1433 3670 14413 1432 3672 14414 2053 3671 14415 1432 3672 14416 2054 3673 14417 2054 3673 14418 1432 3672 14419 1431 3674 14420 2054 3673 14421 1431 3674 14422 2055 3675 14423 2055 3675 14424 1431 3674 14425 1430 3676 14426 2055 3675 14427 1430 3676 14428 2036 3677 14429 2036 3677 14430 1430 3676 14431 1429 3678 14432 1201 1892 14433 1207 1891 14434 1202 3636 14435 1202 3636 14436 1207 1891 14437 1451 3629 14438 1213 3632 14439 1212 3679 14440 1452 3630 14441 1218 3059 14442 2189 3060 14443 1219 3680 14444 1219 3680 14445 2189 3060 14446 2608 3681 14447 1219 3680 14448 2608 3681 14449 2609 3682 14450 1219 3680 14451 2609 3682 14452 1220 3683 14453 1220 3683 14454 2609 3682 14455 2610 3684 14456 1220 3683 14457 2610 3684 14458 1221 3685 14459 1221 3685 14460 2610 3684 14461 1222 3686 14462 1222 3686 14463 2610 3684 14464 2611 3687 14465 2611 3687 14466 2612 3688 14467 1222 3686 14468 1222 3686 14469 2612 3688 14470 1223 3689 14471 1223 3689 14472 2612 3688 14473 1224 3690 14474 1224 3690 14475 2612 3688 14476 2613 3691 14477 1224 3690 14478 2613 3691 14479 2614 3692 14480 1224 3690 14481 2614 3692 14482 1225 3693 14483 1225 3693 14484 2614 3692 14485 2615 3694 14486 1225 3693 14487 2615 3694 14488 1226 3695 14489 1226 3695 14490 2615 3694 14491 1227 3045 14492 1227 3045 14493 2615 3694 14494 2177 3049 14495 2188 3696 14496 2181 3697 14497 2627 3698 14498 2627 3698 14499 2181 3697 14500 2623 3699 14501 2627 3698 14502 2623 3699 14503 2624 3700 14504 2181 3697 14505 2186 3701 14506 2623 3699 14507 2623 3699 14508 2186 3701 14509 2622 3702 14510 2622 3702 14511 2186 3701 14512 2185 3703 14513 2622 3702 14514 2185 3703 14515 2621 3704 14516 2621 3704 14517 2185 3703 14518 2620 3705 14519 2620 3705 14520 2185 3703 14521 2179 3706 14522 2620 3705 14523 2179 3706 14524 2619 3707 14525 2619 3707 14526 2179 3706 14527 2617 3708 14528 2619 3707 14529 2617 3708 14530 2618 3709 14531 2178 3710 14532 2616 3711 14533 2179 3706 14534 2179 3706 14535 2616 3711 14536 2617 3708 14537 2625 3712 14538 2626 3713 14539 2624 3700 14540 2624 3700 14541 2626 3713 14542 2627 3698 14543 1485 3714 14544 2643 3715 14545 1486 3716 14546 1486 3716 14547 2643 3715 14548 2644 3717 14549 1486 3716 14550 2644 3717 14551 2029 3718 14552 2029 3718 14553 2644 3717 14554 2645 3719 14555 2029 3718 14556 2645 3719 14557 2030 3720 14558 2030 3720 14559 2645 3719 14560 2031 3721 14561 2031 3721 14562 2645 3719 14563 2646 3722 14564 2031 3721 14565 2646 3722 14566 2634 3723 14567 2634 3723 14568 2646 3722 14569 2647 3724 14570 2634 3723 14571 2647 3724 14572 2633 3725 14573 2633 3725 14574 2647 3724 14575 2648 3726 14576 2633 3725 14577 2648 3726 14578 2632 3727 14579 2632 3727 14580 2648 3726 14581 2649 3728 14582 2632 3727 14583 2649 3728 14584 2631 3729 14585 2631 3729 14586 2649 3728 14587 2650 3730 14588 2631 3729 14589 2650 3730 14590 2630 3731 14591 2630 3731 14592 2650 3730 14593 2651 3732 14594 2630 3731 14595 2651 3732 14596 2629 3733 14597 2629 3733 14598 2651 3732 14599 2652 3734 14600 2629 3733 14601 2652 3734 14602 2628 3735 14603 2628 3735 14604 2652 3734 14605 2653 3736 14606 2628 3735 14607 2653 3736 14608 2187 3737 14609 2187 3737 14610 2653 3736 14611 2182 3738 14612 2182 3738 14613 2653 3736 14614 2654 3739 14615 2182 3738 14616 2654 3739 14617 2183 3740 14618 2183 3740 14619 2654 3739 14620 2655 3741 14621 2183 3740 14622 2655 3741 14623 2184 3742 14624 2184 3742 14625 2655 3741 14626 2180 3743 14627 2180 3743 14628 2655 3741 14629 2656 3744 14630 2180 3743 14631 2656 3744 14632 1459 3745 14633 1459 3745 14634 2656 3744 14635 1460 3746 14636 1460 3746 14637 2656 3744 14638 2657 3747 14639 1460 3746 14640 2657 3747 14641 1461 3748 14642 1461 3748 14643 2657 3747 14644 2658 3749 14645 1461 3748 14646 2658 3749 14647 1462 3750 14648 1462 3750 14649 2658 3749 14650 2659 3751 14651 1462 3750 14652 2659 3751 14653 1463 3752 14654 1463 3752 14655 2659 3751 14656 2660 3753 14657 1463 3752 14658 2660 3753 14659 1464 3754 14660 1464 3754 14661 2660 3753 14662 2661 3755 14663 1464 3754 14664 2661 3755 14665 1465 3756 14666 1465 3756 14667 2661 3755 14668 2662 3757 14669 1465 3756 14670 2662 3757 14671 1466 3758 14672 1466 3758 14673 2662 3757 14674 2663 3759 14675 1466 3758 14676 2663 3759 14677 1467 3760 14678 1467 3760 14679 2663 3759 14680 2664 3761 14681 1467 3760 14682 2664 3761 14683 1468 3762 14684 1468 3762 14685 2664 3761 14686 2665 3763 14687 1468 3762 14688 2665 3763 14689 1469 3764 14690 1469 3764 14691 2665 3763 14692 2666 3765 14693 1469 3764 14694 2666 3765 14695 1470 3766 14696 1470 3766 14697 2666 3765 14698 2667 3767 14699 1470 3766 14700 2667 3767 14701 1471 3768 14702 1471 3768 14703 2667 3767 14704 2668 3769 14705 1471 3768 14706 2668 3769 14707 1472 3770 14708 1472 3770 14709 2668 3769 14710 2669 3771 14711 1472 3770 14712 2669 3771 14713 1473 3772 14714 1473 3772 14715 2669 3771 14716 2670 3773 14717 1473 3772 14718 2670 3773 14719 1474 3774 14720 1474 3774 14721 2670 3773 14722 2671 3775 14723 1474 3774 14724 2671 3775 14725 1475 3776 14726 1475 3776 14727 2671 3775 14728 2672 3777 14729 1475 3776 14730 2672 3777 14731 1476 3778 14732 1476 3778 14733 2672 3777 14734 2673 3779 14735 1476 3778 14736 2673 3779 14737 1477 3780 14738 1477 3780 14739 2673 3779 14740 2635 3781 14741 1477 3780 14742 2635 3781 14743 1478 3782 14744 1478 3782 14745 2635 3781 14746 2636 3783 14747 1478 3782 14748 2636 3783 14749 1479 3784 14750 1479 3784 14751 2636 3783 14752 2637 3785 14753 1479 3784 14754 2637 3785 14755 1480 3786 14756 1480 3786 14757 2637 3785 14758 2638 3787 14759 1480 3786 14760 2638 3787 14761 1481 3788 14762 1481 3788 14763 2638 3787 14764 2639 3789 14765 1481 3788 14766 2639 3789 14767 1482 3790 14768 1482 3790 14769 2639 3789 14770 2640 3791 14771 1482 3790 14772 2640 3791 14773 1483 3792 14774 1483 3792 14775 2640 3791 14776 2641 3793 14777 1483 3792 14778 2641 3793 14779 1484 3794 14780 1484 3794 14781 2641 3793 14782 2642 3795 14783 1484 3794 14784 2642 3795 14785 1485 3714 14786 1485 3714 14787 2642 3795 14788 2643 3715 14789 2187 1 14790 1424 1 14791 2628 1 14792 2628 1 14793 1424 1 14794 1423 1 14795 2628 1 14796 1423 1 14797 2629 1 14798 2629 1 14799 1423 1 14800 1422 1 14801 2629 1 14802 1422 1 14803 2630 1 14804 2630 1 14805 1422 1 14806 1421 1 14807 2630 1 14808 1421 1 14809 2631 1 14810 2631 1 14811 1421 1 14812 1420 1 14813 2631 1 14814 1420 1 14815 2632 1 14816 2632 1 14817 1420 1 14818 1419 1 14819 2632 1 14820 1419 1 14821 2633 3796 14822 2633 3796 14823 1419 1 14824 1418 3797 14825 2633 3796 14826 1418 3797 14827 2634 3798 14828 2634 3798 14829 1418 3797 14830 1417 3799 14831 2634 3798 14832 1417 3799 14833 2031 3800 14834 1691 3801 14835 2172 3802 14836 2680 3803 14837 2680 3803 14838 2172 3802 14839 2171 3804 14840 2680 3803 14841 2171 3804 14842 2170 3805 14843 2680 3803 14844 2170 3805 14845 2681 3806 14846 2681 3806 14847 2170 3805 14848 2169 3807 14849 2681 3806 14850 2169 3807 14851 2168 3808 14852 2681 3806 14853 2168 3808 14854 2682 3809 14855 2682 3809 14856 2168 3808 14857 2167 3810 14858 2682 3809 14859 2167 3810 14860 2684 3811 14861 2684 3811 14862 2167 3810 14863 2683 3812 14864 2684 3811 14865 2683 3812 14866 1694 3813 14867 1694 3813 14868 2683 3812 14869 1695 3814 14870 1695 3814 14871 2683 3812 14872 1696 3815 14873 1696 3815 14874 2683 3812 14875 2685 3816 14876 1696 3815 14877 2685 3816 14878 2686 3817 14879 2686 3817 14880 2685 3816 14881 2165 3818 14882 2686 3817 14883 2165 3818 14884 2164 3819 14885 2167 3810 14886 2166 3820 14887 2683 3812 14888 2683 3812 14889 2166 3820 14890 2685 3816 14891 2166 3820 14892 2165 3818 14893 2685 3816 14894 2686 3817 14895 2164 3819 14896 2687 3821 14897 2687 3821 14898 2164 3819 14899 2163 3822 14900 2687 3821 14901 2163 3822 14902 2679 3823 14903 2679 3823 14904 2163 3822 14905 2162 3824 14906 2679 3823 14907 2162 3824 14908 2689 3825 14909 2689 3825 14910 2162 3824 14911 2688 3826 14912 2689 3825 14913 2688 3826 14914 1698 3827 14915 1698 3827 14916 2688 3826 14917 1699 3828 14918 1699 3828 14919 2688 3826 14920 2690 3829 14921 1699 3828 14922 2690 3829 14923 2678 3830 14924 2678 3830 14925 2690 3829 14926 2160 3831 14927 2678 3830 14928 2160 3831 14929 2159 3832 14930 2162 3824 14931 2161 3833 14932 2688 3826 14933 2688 3826 14934 2161 3833 14935 2690 3829 14936 2161 3833 14937 2160 3831 14938 2690 3829 14939 2159 3832 14940 2158 3834 14941 2678 3830 14942 2678 3830 14943 2158 3834 14944 2691 3835 14945 2678 3830 14946 2691 3835 14947 1700 3836 14948 1700 3836 14949 2691 3835 14950 1701 3837 14951 1701 3837 14952 2691 3835 14953 2693 3838 14954 1701 3837 14955 2693 3838 14956 1702 3839 14957 1702 3839 14958 2693 3838 14959 2692 3840 14960 1702 3839 14961 2692 3840 14962 2694 3841 14963 2694 3841 14964 2692 3840 14965 2156 3842 14966 2694 3841 14967 2156 3842 14968 2155 3843 14969 2158 3834 14970 2157 3844 14971 2691 3835 14972 2691 3835 14973 2157 3844 14974 2693 3838 14975 2693 3838 14976 2157 3844 14977 2692 3840 14978 2692 3840 14979 2157 3844 14980 2156 3842 14981 2694 3841 14982 2155 3843 14983 2695 3845 14984 2695 3845 14985 2155 3843 14986 2154 3846 14987 2695 3845 14988 2154 3846 14989 2696 3847 14990 2696 3847 14991 2154 3846 14992 2153 3848 14993 2696 3847 14994 2153 3848 14995 2677 3849 14996 2677 3849 14997 2153 3848 14998 2152 3850 14999 2677 3849 15000 2152 3850 15001 2697 3851 15002 2697 3851 15003 2152 3850 15004 2151 3852 15005 2697 3851 15006 2151 3852 15007 2698 3853 15008 2698 3853 15009 2151 3852 15010 2150 3854 15011 2698 3853 15012 2150 3854 15013 2149 3855 15014 2148 3856 15015 2699 3857 15016 2149 3855 15017 2149 3855 15018 2699 3857 15019 2700 3858 15020 2149 3855 15021 2700 3858 15022 2698 3853 15023 2698 3853 15024 2700 3858 15025 1707 3859 15026 2698 3853 15027 1707 3859 15028 1706 3860 15029 2699 3857 15030 2148 3856 15031 2676 3861 15032 2676 3861 15033 2148 3856 15034 2147 3862 15035 2676 3861 15036 2147 3862 15037 2146 3863 15038 2676 3861 15039 2146 3863 15040 2701 3864 15041 2701 3864 15042 2146 3863 15043 2145 3865 15044 2701 3864 15045 2145 3865 15046 2702 3866 15047 2702 3866 15048 2145 3865 15049 2144 3867 15050 2702 3866 15051 2144 3867 15052 2703 3868 15053 2703 3868 15054 2144 3867 15055 2675 3869 15056 2703 3868 15057 2675 3869 15058 1708 3870 15059 1708 3870 15060 2675 3869 15061 1709 3871 15062 1709 3871 15063 2675 3869 15064 2704 3872 15065 1709 3871 15066 2704 3872 15067 2705 3873 15068 2705 3873 15069 2704 3872 15070 2142 3874 15071 2705 3873 15072 2142 3874 15073 2141 3875 15074 2144 3867 15075 2143 3876 15076 2675 3869 15077 2675 3869 15078 2143 3876 15079 2704 3872 15080 2143 3876 15081 2142 3874 15082 2704 3872 15083 2705 3873 15084 2141 3875 15085 2674 3877 15086 2674 3877 15087 2141 3875 15088 2140 3878 15089 2674 3877 15090 2140 3878 15091 2706 3879 15092 2706 3879 15093 2140 3878 15094 2139 3880 15095 2706 3879 15096 2139 3880 15097 2707 3881 15098 2707 3881 15099 2139 3880 15100 2138 3882 15101 2707 3881 15102 2138 3882 15103 2708 3883 15104 2708 3883 15105 2138 3882 15106 2137 3884 15107 2708 3883 15108 2137 3884 15109 1712 3885 15110 1712 3885 15111 1711 3886 15112 2708 3883 15113 2708 3883 15114 1711 3886 15115 2707 3881 15116 1711 3886 15117 1710 3887 15118 2707 3881 15119 2707 3881 15120 1710 3887 15121 2706 3879 15122 2706 3879 15123 1710 3887 15124 2674 3877 15125 2674 3877 15126 1710 3887 15127 1709 3871 15128 2674 3877 15129 1709 3871 15130 2705 3873 15131 1707 3859 15132 2676 3861 15133 1708 3870 15134 1708 3870 15135 2676 3861 15136 2701 3864 15137 1708 3870 15138 2701 3864 15139 2702 3866 15140 1705 3888 15141 2677 3849 15142 1706 3860 15143 1706 3860 15144 2677 3849 15145 2697 3851 15146 1706 3860 15147 2697 3851 15148 2698 3853 15149 2677 3849 15150 1705 3888 15151 2696 3847 15152 2696 3847 15153 1705 3888 15154 1704 3889 15155 2696 3847 15156 1704 3889 15157 2695 3845 15158 2695 3845 15159 1704 3889 15160 1703 3890 15161 2695 3845 15162 1703 3890 15163 2694 3841 15164 2694 3841 15165 1703 3890 15166 1702 3839 15167 1700 3836 15168 1699 3828 15169 2678 3830 15170 2689 3825 15171 1698 3827 15172 2679 3823 15173 2679 3823 15174 1698 3827 15175 1697 3891 15176 2679 3823 15177 1697 3891 15178 2687 3821 15179 2687 3821 15180 1697 3891 15181 2686 3817 15182 1697 3891 15183 1696 3815 15184 2686 3817 15185 1694 3813 15186 1693 3892 15187 2684 3811 15188 2684 3811 15189 1693 3892 15190 2682 3809 15191 1693 3892 15192 1692 3893 15193 2682 3809 15194 2682 3809 15195 1692 3893 15196 2681 3806 15197 2681 3806 15198 1692 3893 15199 2680 3803 15200 2680 3803 15201 1692 3893 15202 1691 3801 15203 1708 3870 15204 2702 3866 15205 2703 3868 15206 2700 3858 15207 2699 3857 15208 1707 3859 15209 1707 3859 15210 2699 3857 15211 2676 3861 15212 1577 3894 15213 2709 3895 15214 1578 3896 15215 1578 3896 15216 2709 3895 15217 2710 3897 15218 1578 3896 15219 2710 3897 15220 2711 3898 15221 1578 3896 15222 2711 3898 15223 1579 3899 15224 1579 3899 15225 2711 3898 15226 2712 3900 15227 1579 3899 15228 2712 3900 15229 1580 3901 15230 1580 3901 15231 2712 3900 15232 1581 3902 15233 1581 3902 15234 2712 3900 15235 2713 3903 15236 1581 3902 15237 2713 3903 15238 1582 798 15239 1582 798 15240 2713 3903 15241 2714 798 15242 1570 3904 15243 2715 3905 15244 1571 3906 15245 1571 3906 15246 2715 3905 15247 2716 3907 15248 1571 3906 15249 2716 3907 15250 2717 3908 15251 1571 3906 15252 2717 3908 15253 1572 3909 15254 1572 3909 15255 2717 3908 15256 2718 3910 15257 1572 3909 15258 2718 3910 15259 1573 3911 15260 1573 3911 15261 2718 3910 15262 2719 3912 15263 1573 3911 15264 2719 3912 15265 1574 3913 15266 2627 1 15267 2730 3914 15268 2188 3915 15269 2188 3915 15270 2730 3914 15271 2731 3916 15272 2188 3915 15273 2731 3916 15274 2611 3917 15275 2611 3917 15276 2731 3916 15277 2732 3918 15278 2611 3917 15279 2732 3918 15280 2494 3919 15281 2494 3919 15282 2732 3918 15283 2733 3920 15284 2494 3919 15285 2733 3920 15286 2495 3921 15287 2495 3921 15288 2733 3920 15289 2734 3922 15290 2495 3921 15291 2734 3922 15292 2709 3895 15293 2709 3895 15294 2734 3922 15295 2735 3923 15296 2709 3895 15297 2735 3923 15298 2749 3924 15299 2749 3924 15300 2735 3923 15301 2736 3925 15302 2749 3924 15303 2736 3925 15304 2748 3926 15305 2748 3926 15306 2736 3925 15307 2747 3927 15308 2747 3927 15309 2736 3925 15310 2737 3928 15311 2747 3927 15312 2737 3928 15313 2746 3929 15314 2746 3929 15315 2737 3928 15316 2745 3930 15317 2745 3930 15318 2737 3928 15319 2738 3931 15320 2745 3930 15321 2738 3931 15322 2744 1 15323 2744 1 15324 2738 3931 15325 2743 1 15326 2743 1 15327 2738 3931 15328 2742 3932 15329 2742 3932 15330 2738 3931 15331 2739 3933 15332 2742 3932 15333 2739 3933 15334 2741 3934 15335 2741 3934 15336 2739 3933 15337 2740 3935 15338 2627 1 15339 2626 1 15340 2730 3914 15341 2730 3914 15342 2626 1 15343 2729 3936 15344 2729 3936 15345 2626 1 15346 2625 3937 15347 2729 3936 15348 2625 3937 15349 2720 3938 15350 2729 3936 15351 2720 3938 15352 2728 3939 15353 2728 3939 15354 2720 3938 15355 2721 3940 15356 2728 3939 15357 2721 3940 15358 2722 1 15359 2722 1 15360 2723 1 15361 2728 3939 15362 2728 3939 15363 2723 1 15364 2724 1 15365 2728 3939 15366 2724 1 15367 2727 1 15368 2727 1 15369 2724 1 15370 2725 1 15371 2727 1 15372 2725 1 15373 2726 1 15374 1577 3894 15375 1576 1 15376 2709 3895 15377 2709 3895 15378 1576 1 15379 2719 3912 15380 2709 3895 15381 2719 3912 15382 2496 3941 15383 2496 3941 15384 2719 3912 15385 2497 3942 15386 2497 3942 15387 2719 3912 15388 2750 3943 15389 2497 3942 15390 2750 3943 15391 2751 3944 15392 1576 1 15393 1575 1 15394 2719 3912 15395 2719 3912 15396 1575 1 15397 1574 3913 15398 2497 3942 15399 2751 3944 15400 2498 3945 15401 2498 3945 15402 2751 3944 15403 2752 3946 15404 2498 3945 15405 2752 3946 15406 2753 3947 15407 2498 3945 15408 2753 3947 15409 2499 3948 15410 2499 3948 15411 2753 3947 15412 2754 3949 15413 2499 3948 15414 2754 3949 15415 2755 3950 15416 2755 3950 15417 2756 3951 15418 2499 3948 15419 2499 3948 15420 2756 3951 15421 2757 3952 15422 2499 3948 15423 2757 3952 15424 2500 3953 15425 2500 3953 15426 2757 3952 15427 2758 3954 15428 2500 3953 15429 2758 3954 15430 2759 1 15431 2496 3941 15432 2495 3921 15433 2709 3895 15434 2611 3917 15435 2494 3919 15436 2612 3955 15437 2612 3955 15438 2494 3919 15439 2493 3956 15440 2612 3955 15441 2493 3956 15442 2178 3957 15443 2178 3957 15444 2493 3956 15445 2492 3958 15446 2178 3957 15447 2492 3958 15448 2616 1 15449 2616 1 15450 2492 3958 15451 2617 3959 15452 2617 3959 15453 2492 3958 15454 2491 3960 15455 2617 3959 15456 2491 3960 15457 2618 1 15458 2618 1 15459 2491 3960 15460 2766 1 15461 2766 1 15462 2491 3960 15463 2765 3961 15464 2765 3961 15465 2491 3960 15466 2490 3962 15467 2765 3961 15468 2490 3962 15469 2764 3963 15470 2764 3963 15471 2490 3962 15472 2763 3964 15473 2763 3964 15474 2490 3962 15475 2762 3965 15476 2762 3965 15477 2490 3962 15478 2489 3966 15479 2762 3965 15480 2489 3966 15481 2761 3967 15482 2761 3967 15483 2489 3966 15484 2760 3968 15485 2177 1 15486 2615 1 15487 2178 3957 15488 2178 3957 15489 2615 1 15490 2614 3969 15491 2178 3957 15492 2614 3969 15493 2613 3970 15494 2613 3970 15495 2612 3955 15496 2178 3957 15497 2611 3917 15498 2610 3971 15499 2188 3915 15500 2188 3915 15501 2610 3971 15502 2609 3969 15503 2188 3915 15504 2609 3969 15505 2608 1 15506 2608 1 15507 2189 1 15508 2188 3915 15509 2715 3905 15510 1570 3904 15511 2767 774 15512 2767 774 15513 1570 3904 15514 1569 774 15515 2767 1 15516 1569 1 15517 2777 1 15518 2777 1 15519 1569 1 15520 2776 3972 15521 2776 3972 15522 1569 1 15523 1568 3973 15524 2776 3972 15525 1568 3973 15526 2775 3974 15527 2775 3974 15528 1568 3973 15529 2774 1 15530 2774 1 15531 1568 3973 15532 2773 1 15533 2773 1 15534 1568 3973 15535 1567 1 15536 2773 1 15537 1567 1 15538 2772 1 15539 2772 1 15540 1567 1 15541 2771 3975 15542 2771 3975 15543 1567 1 15544 2503 3976 15545 2771 3975 15546 2503 3976 15547 2770 3977 15548 2770 3977 15549 2503 3976 15550 2502 3978 15551 2770 3977 15552 2502 3978 15553 2769 3979 15554 2769 3979 15555 2502 3978 15556 2768 3980 15557 2768 3980 15558 2502 3978 15559 2501 3981 15560 2503 3976 15561 1567 1 15562 2504 1 15563 2504 1 15564 1567 1 15565 1566 1 15566 2504 1 15567 1566 1 15568 2505 1 15569 2505 1 15570 1566 1 15571 1565 3982 15572 2505 1 15573 1565 3982 15574 2506 1 15575 2506 1 15576 1565 3982 15577 2507 3983 15578 2507 3983 15579 1565 3982 15580 1564 3984 15581 2507 3983 15582 1564 3984 15583 2508 3985 15584 2508 3985 15585 1564 3984 15586 2509 3986 15587 2509 3986 15588 1564 3984 15589 1563 1 15590 2509 3986 15591 1563 1 15592 2510 1 15593 2510 1 15594 1563 1 15595 1562 1 15596 2714 1 15597 2778 1 15598 1582 1 15599 1582 1 15600 2778 1 15601 2779 3987 15602 1582 1 15603 2779 3987 15604 1583 3988 15605 1583 3988 15606 2779 3987 15607 2780 3989 15608 1583 3988 15609 2780 3989 15610 2781 1 15611 2781 1 15612 2782 3990 15613 1583 3988 15614 1583 3988 15615 2782 3990 15616 1584 3991 15617 1584 3991 15618 2782 3990 15619 2783 1 15620 1584 3991 15621 2783 1 15622 2784 1 15623 1584 3991 15624 2784 1 15625 2790 1 15626 2790 1 15627 2784 1 15628 2785 3992 15629 2790 1 15630 2785 3992 15631 2789 3993 15632 2789 3993 15633 2785 3992 15634 2786 3994 15635 2789 3993 15636 2786 3994 15637 2787 3995 15638 2787 3995 15639 2788 1 15640 2789 3993 15641 2790 1 15642 2791 3996 15643 1584 3991 15644 1584 3991 15645 2791 3996 15646 1585 3997 15647 1585 3997 15648 2791 3996 15649 2792 3998 15650 1585 3997 15651 2792 3998 15652 2793 3999 15653 1585 3997 15654 2793 3999 15655 1586 4000 15656 1586 4000 15657 2793 3999 15658 2794 4001 15659 1586 4000 15660 2794 4001 15661 2795 4002 15662 1586 4000 15663 2795 4002 15664 1587 4003 15665 1587 4003 15666 2795 4002 15667 2796 1 15668 1587 4003 15669 2796 1 15670 2797 4004 15671 1587 4003 15672 2797 4004 15673 1588 4005 15674 1588 4005 15675 2797 4004 15676 2798 4006 15677 1588 4005 15678 2798 4006 15679 1561 4007 15680 2716 4008 15681 2715 4009 15682 2750 4010 15683 2750 4010 15684 2715 4009 15685 2767 4011 15686 2750 4010 15687 2767 4011 15688 2777 4012 15689 2750 4010 15690 2777 4012 15691 2751 4013 15692 2751 4013 15693 2777 4012 15694 2776 4014 15695 2751 4013 15696 2776 4014 15697 2752 4015 15698 2752 4015 15699 2776 4014 15700 2775 4016 15701 2719 4017 15702 2718 4018 15703 2750 4010 15704 2750 4010 15705 2718 4018 15706 2717 4019 15707 2750 4010 15708 2717 4019 15709 2716 4008 15710 2778 4020 15711 2714 4021 15712 2749 4022 15713 2749 4022 15714 2714 4021 15715 2713 4023 15716 2749 4022 15717 2713 4023 15718 2712 4024 15719 2712 4024 15720 2711 4025 15721 2749 4022 15722 2749 4022 15723 2711 4025 15724 2710 4026 15725 2749 4022 15726 2710 4026 15727 2709 4027 15728 2749 4022 15729 2748 4028 15730 2778 4020 15731 2778 4020 15732 2748 4028 15733 2779 4029 15734 2779 4029 15735 2748 4028 15736 2747 4030 15737 2779 4029 15738 2747 4030 15739 2780 4031 15740 2727 4032 15741 2726 4033 15742 2806 4034 15743 2806 4034 15744 2726 4033 15745 2805 4035 15746 2805 4035 15747 2726 4033 15748 2725 4036 15749 2805 4035 15750 2725 4036 15751 2804 4037 15752 2804 4037 15753 2725 4036 15754 2724 4038 15755 2804 4037 15756 2724 4038 15757 2803 4039 15758 2803 4039 15759 2724 4038 15760 2723 4040 15761 2803 4039 15762 2723 4040 15763 2802 4041 15764 2802 4041 15765 2723 4040 15766 2722 4042 15767 2802 4041 15768 2722 4042 15769 2801 4043 15770 2801 4043 15771 2722 4042 15772 2721 4044 15773 2801 4043 15774 2721 4044 15775 2800 4045 15776 2800 4045 15777 2721 4044 15778 2720 4046 15779 2800 4045 15780 2720 4046 15781 2799 4047 15782 2799 4047 15783 2720 4046 15784 2625 3712 15785 2799 4047 15786 2625 3712 15787 2624 3700 15788 2618 3709 15789 2766 4048 15790 2619 3707 15791 2619 3707 15792 2766 4048 15793 2813 4049 15794 2813 4049 15795 2766 4048 15796 2765 4050 15797 2813 4049 15798 2765 4050 15799 2812 4051 15800 2812 4051 15801 2765 4050 15802 2764 4052 15803 2812 4051 15804 2764 4052 15805 2811 4053 15806 2811 4053 15807 2764 4052 15808 2763 4054 15809 2811 4053 15810 2763 4054 15811 2810 4055 15812 2810 4055 15813 2763 4054 15814 2762 4056 15815 2810 4055 15816 2762 4056 15817 2809 4057 15818 2809 4057 15819 2762 4056 15820 2761 4058 15821 2809 4057 15822 2761 4058 15823 2808 4059 15824 2808 4059 15825 2761 4058 15826 2760 4060 15827 2808 4059 15828 2760 4060 15829 2807 4061 15830 2807 4061 15831 2760 4060 15832 2489 3490 15833 2807 4061 15834 2489 3490 15835 2488 3489 15836 2747 4030 15837 2746 4062 15838 2780 4031 15839 2780 4031 15840 2746 4062 15841 2781 4063 15842 2781 4063 15843 2746 4062 15844 2745 4064 15845 2781 4063 15846 2745 4064 15847 2782 4065 15848 2782 4065 15849 2745 4064 15850 2744 4066 15851 2782 4065 15852 2744 4066 15853 2783 4067 15854 2783 4067 15855 2744 4066 15856 2743 4068 15857 2783 4067 15858 2743 4068 15859 2784 4069 15860 2784 4069 15861 2743 4068 15862 2742 4070 15863 2784 4069 15864 2742 4070 15865 2785 4071 15866 2785 4071 15867 2742 4070 15868 2741 4072 15869 2785 4071 15870 2741 4072 15871 2786 4073 15872 2786 4073 15873 2741 4072 15874 2740 4074 15875 2786 4073 15876 2740 4074 15877 2787 4075 15878 2787 4075 15879 2740 4074 15880 2739 4076 15881 2787 4075 15882 2739 4076 15883 2788 4077 15884 2500 3518 15885 2759 4078 15886 2501 3519 15887 2501 3519 15888 2759 4078 15889 2768 4079 15890 2768 4079 15891 2759 4078 15892 2758 4080 15893 2768 4079 15894 2758 4080 15895 2769 4081 15896 2769 4081 15897 2758 4080 15898 2757 4082 15899 2769 4081 15900 2757 4082 15901 2770 4083 15902 2770 4083 15903 2757 4082 15904 2756 4084 15905 2770 4083 15906 2756 4084 15907 2771 4085 15908 2771 4085 15909 2756 4084 15910 2755 4086 15911 2771 4085 15912 2755 4086 15913 2772 4087 15914 2772 4087 15915 2755 4086 15916 2754 4088 15917 2772 4087 15918 2754 4088 15919 2773 4089 15920 2773 4089 15921 2754 4088 15922 2753 4090 15923 2773 4089 15924 2753 4090 15925 2774 4091 15926 2774 4091 15927 2753 4090 15928 2752 4015 15929 2774 4091 15930 2752 4015 15931 2775 4016 15932 2218 3061 15933 2553 4092 15934 2119 3062 15935 2119 3062 15936 2553 4092 15937 2120 4093 15938 2120 4093 15939 2553 4092 15940 2552 4094 15941 2120 4093 15942 2552 4094 15943 2121 4095 15944 2121 4095 15945 2552 4094 15946 2551 4096 15947 2121 4095 15948 2551 4096 15949 2122 4097 15950 2122 4097 15951 2551 4096 15952 2550 4098 15953 2122 4097 15954 2550 4098 15955 2123 4099 15956 2123 4099 15957 2550 4098 15958 2549 4100 15959 2123 4099 15960 2549 4100 15961 2124 4101 15962 2124 4101 15963 2549 4100 15964 2548 4102 15965 2124 4101 15966 2548 4102 15967 2125 4103 15968 2125 4103 15969 2548 4102 15970 2547 4104 15971 2125 4103 15972 2547 4104 15973 2126 4105 15974 2126 4105 15975 2547 4104 15976 2546 4106 15977 2126 4105 15978 2546 4106 15979 2127 4107 15980 2127 4107 15981 2546 4106 15982 2545 4108 15983 2127 4107 15984 2545 4108 15985 2128 4109 15986 2128 4109 15987 2545 4108 15988 2544 4110 15989 2128 4109 15990 2544 4110 15991 2129 4111 15992 2129 4111 15993 2544 4110 15994 2543 4112 15995 2129 4111 15996 2543 4112 15997 2130 4113 15998 2130 4113 15999 2543 4112 16000 2542 4114 16001 2130 4113 16002 2542 4114 16003 2131 4115 16004 2131 4115 16005 2542 4114 16006 2541 4116 16007 2131 4115 16008 2541 4116 16009 2132 4117 16010 2132 4117 16011 2541 4116 16012 2540 4118 16013 2132 4117 16014 2540 4118 16015 2133 4119 16016 2133 4119 16017 2540 4118 16018 2539 4120 16019 2133 4119 16020 2539 4120 16021 2134 4121 16022 2134 4121 16023 2539 4120 16024 2538 4122 16025 2134 4121 16026 2538 4122 16027 2135 4123 16028 2135 4123 16029 2538 4122 16030 2537 4124 16031 2135 4123 16032 2537 4124 16033 2136 4125 16034 2136 4125 16035 2537 4124 16036 2536 4126 16037 2136 4125 16038 2536 4126 16039 2137 3884 16040 2137 3884 16041 2536 4126 16042 1712 3885 16043 2837 4127 16044 2814 4128 16045 2843 4129 16046 2843 4129 16047 2814 4128 16048 2815 4130 16049 2843 4129 16050 2815 4130 16051 2816 4131 16052 2843 4129 16053 2816 4131 16054 1731 4132 16055 1731 4132 16056 2816 4131 16057 2817 4133 16058 1731 4132 16059 2817 4133 16060 1732 4134 16061 1731 4132 16062 1730 4135 16063 2843 4129 16064 2843 4129 16065 1730 4135 16066 2845 4136 16067 2843 4129 16068 2845 4136 16069 2837 4127 16070 2837 4127 16071 2845 4136 16072 2836 4137 16073 2836 4137 16074 2845 4136 16075 2844 4138 16076 2836 4137 16077 2844 4138 16078 2842 4139 16079 2842 4139 16080 2844 4138 16081 1729 4140 16082 2842 4139 16083 1729 4140 16084 1728 4141 16085 2845 4136 16086 1730 4135 16087 2844 4138 16088 2844 4138 16089 1730 4135 16090 1729 4140 16091 2842 4139 16092 1728 4141 16093 2846 4142 16094 2846 4142 16095 1728 4141 16096 1727 4143 16097 2846 4142 16098 1727 4143 16099 2847 4144 16100 2847 4144 16101 1727 4143 16102 2848 4145 16103 2847 4144 16104 2848 4145 16105 2833 4146 16106 2833 4146 16107 2848 4145 16108 2832 4147 16109 2832 4147 16110 2848 4145 16111 2841 4148 16112 2832 4147 16113 2841 4148 16114 2831 4149 16115 2831 4149 16116 2841 4148 16117 2849 4150 16118 2831 4149 16119 2849 4150 16120 2830 4151 16121 2830 4151 16122 2849 4150 16123 2840 4152 16124 2830 4151 16125 2840 4152 16126 2829 4153 16127 2829 4153 16128 2840 4152 16129 2828 4154 16130 2828 4154 16131 2840 4152 16132 2850 4155 16133 2828 4154 16134 2850 4155 16135 2827 4156 16136 2827 4156 16137 2850 4155 16138 2851 4157 16139 2827 4156 16140 2851 4157 16141 2826 4158 16142 2826 4158 16143 2851 4157 16144 2852 4159 16145 2826 4158 16146 2852 4159 16147 2825 4160 16148 2825 4160 16149 2852 4159 16150 2853 4161 16151 2825 4160 16152 2853 4161 16153 2839 4162 16154 2839 4162 16155 2853 4161 16156 1721 4163 16157 2839 4162 16158 1721 4163 16159 1720 4164 16160 1727 4143 16161 1726 4165 16162 2848 4145 16163 2848 4145 16164 1726 4165 16165 2841 4148 16166 1726 4165 16167 1725 4166 16168 2841 4148 16169 2841 4148 16170 1725 4166 16171 1724 4167 16172 2841 4148 16173 1724 4167 16174 2849 4150 16175 2849 4150 16176 1724 4167 16177 2840 4152 16178 1724 4167 16179 1723 4168 16180 2840 4152 16181 2840 4152 16182 1723 4168 16183 2850 4155 16184 2850 4155 16185 1723 4168 16186 2851 4157 16187 2851 4157 16188 1723 4168 16189 1722 4169 16190 2851 4157 16191 1722 4169 16192 2852 4159 16193 2852 4159 16194 1722 4169 16195 1721 4163 16196 2852 4159 16197 1721 4163 16198 2853 4161 16199 2839 4162 16200 1720 4164 16201 2854 4170 16202 2854 4170 16203 1720 4164 16204 1719 4171 16205 2854 4170 16206 1719 4171 16207 2855 4172 16208 2855 4172 16209 1719 4171 16210 1718 4173 16211 2855 4172 16212 1718 4173 16213 2856 4174 16214 2856 4174 16215 1718 4173 16216 2838 4175 16217 2856 4174 16218 2838 4175 16219 2821 4176 16220 2821 4176 16221 2838 4175 16222 2820 4177 16223 2820 4177 16224 2838 4175 16225 2857 4178 16226 2820 4177 16227 2857 4178 16228 2819 4179 16229 2819 4179 16230 2857 4178 16231 2858 4180 16232 2819 4179 16233 2858 4180 16234 2818 4181 16235 2818 4181 16236 2858 4180 16237 1715 4182 16238 1715 4182 16239 2858 4180 16240 1716 4183 16241 1716 4183 16242 2858 4180 16243 2857 4178 16244 1716 4183 16245 2857 4178 16246 1717 4184 16247 1717 4184 16248 2857 4178 16249 2838 4175 16250 1717 4184 16251 2838 4175 16252 1718 4173 16253 2821 4176 16254 2822 4185 16255 2856 4174 16256 2856 4174 16257 2822 4185 16258 2855 4172 16259 2822 4185 16260 2823 4186 16261 2855 4172 16262 2855 4172 16263 2823 4186 16264 2854 4170 16265 2823 4186 16266 2824 4187 16267 2854 4170 16268 2854 4170 16269 2824 4187 16270 2839 4162 16271 2824 4187 16272 2825 4160 16273 2839 4162 16274 2833 4146 16275 2834 4188 16276 2847 4144 16277 2847 4144 16278 2834 4188 16279 2846 4142 16280 2834 4188 16281 2835 4189 16282 2846 4142 16283 2846 4142 16284 2835 4189 16285 2842 4139 16286 2835 4189 16287 2836 4137 16288 2842 4139 16289 2327 4190 16290 2859 4191 16291 2554 4192 16292 2554 4192 16293 2859 4191 16294 2860 4193 16295 2554 4192 16296 2860 4193 16297 2555 4194 16298 2555 4194 16299 2860 4193 16300 2861 4195 16301 2555 4194 16302 2861 4195 16303 2556 4196 16304 2556 4196 16305 2861 4195 16306 2862 4197 16307 2556 4196 16308 2862 4197 16309 2557 4198 16310 2557 4198 16311 2862 4197 16312 2863 4199 16313 2557 4198 16314 2863 4199 16315 2558 4200 16316 2558 4200 16317 2863 4199 16318 2864 4201 16319 2558 4200 16320 2864 4201 16321 2559 4202 16322 2559 4202 16323 2864 4201 16324 2865 4203 16325 2559 4202 16326 2865 4203 16327 2560 4204 16328 2560 4204 16329 2865 4203 16330 2866 4205 16331 2560 4204 16332 2866 4205 16333 2561 4206 16334 2561 4206 16335 2866 4205 16336 2867 4207 16337 2561 4206 16338 2867 4207 16339 2562 4208 16340 2562 4208 16341 2867 4207 16342 2868 4209 16343 2562 4208 16344 2868 4209 16345 2563 4210 16346 2563 4210 16347 2868 4209 16348 2869 4211 16349 2563 4210 16350 2869 4211 16351 2564 4212 16352 2564 4212 16353 2869 4211 16354 2870 4213 16355 2564 4212 16356 2870 4213 16357 2565 4214 16358 2565 4214 16359 2870 4213 16360 2871 4215 16361 2565 4214 16362 2871 4215 16363 2566 4216 16364 2566 4216 16365 2871 4215 16366 2872 4217 16367 2566 4216 16368 2872 4217 16369 2567 4218 16370 2567 4218 16371 2872 4217 16372 2873 4219 16373 2567 4218 16374 2873 4219 16375 2568 4220 16376 2568 4220 16377 2873 4219 16378 2874 4221 16379 2568 4220 16380 2874 4221 16381 2569 4222 16382 2569 4222 16383 2874 4221 16384 2875 4223 16385 2569 4222 16386 2875 4223 16387 2570 4224 16388 2570 4224 16389 2875 4223 16390 2876 4225 16391 2570 4224 16392 2876 4225 16393 2571 4226 16394 2571 4226 16395 2876 4225 16396 2818 4181 16397 2571 4226 16398 2818 4181 16399 1715 4182 16400 2307 4227 16401 2877 4228 16402 2308 4229 16403 2308 4229 16404 2877 4228 16405 2878 4230 16406 2308 4229 16407 2878 4230 16408 2904 4231 16409 2904 4231 16410 2878 4230 16411 2879 4232 16412 2904 4231 16413 2879 4232 16414 2880 4233 16415 2880 4233 16416 2881 4234 16417 2904 4231 16418 2904 4231 16419 2881 4234 16420 2903 4235 16421 2904 4231 16422 2903 4235 16423 2308 4229 16424 2308 4229 16425 2903 4235 16426 2309 4236 16427 2309 4236 16428 2903 4235 16429 2905 4237 16430 2309 4236 16431 2905 4237 16432 2310 4238 16433 2310 4238 16434 2905 4237 16435 2902 4239 16436 2310 4238 16437 2902 4239 16438 2311 4240 16439 2311 4240 16440 2902 4239 16441 2906 4241 16442 2311 4240 16443 2906 4241 16444 2312 4242 16445 2312 4242 16446 2906 4241 16447 2907 4243 16448 2312 4242 16449 2907 4243 16450 2313 4244 16451 2313 4244 16452 2907 4243 16453 2908 4245 16454 2313 4244 16455 2908 4245 16456 2314 4246 16457 2314 4246 16458 2908 4245 16459 2909 4247 16460 2314 4246 16461 2909 4247 16462 2315 4248 16463 2315 4248 16464 2909 4247 16465 2910 4249 16466 2315 4248 16467 2910 4249 16468 2316 4250 16469 2316 4250 16470 2910 4249 16471 2911 4251 16472 2316 4250 16473 2911 4251 16474 2317 4252 16475 2317 4252 16476 2911 4251 16477 2912 4253 16478 2317 4252 16479 2912 4253 16480 2318 4254 16481 2318 4254 16482 2912 4253 16483 2913 4255 16484 2318 4254 16485 2913 4255 16486 2319 4256 16487 2319 4256 16488 2913 4255 16489 2914 4257 16490 2319 4256 16491 2914 4257 16492 2320 4258 16493 2320 4258 16494 2914 4257 16495 2901 4259 16496 2320 4258 16497 2901 4259 16498 2321 4260 16499 2321 4260 16500 2901 4259 16501 2915 4261 16502 2321 4260 16503 2915 4261 16504 2322 4262 16505 2322 4262 16506 2915 4261 16507 2323 4263 16508 2323 4263 16509 2915 4261 16510 2916 4264 16511 2323 4263 16512 2916 4264 16513 2324 4265 16514 2324 4265 16515 2916 4264 16516 2917 4266 16517 2324 4265 16518 2917 4266 16519 2900 4267 16520 2900 4267 16521 2917 4266 16522 2897 4268 16523 2900 4267 16524 2897 4268 16525 2898 4269 16526 2881 4234 16527 2882 4270 16528 2903 4235 16529 2903 4235 16530 2882 4270 16531 2905 4237 16532 2905 4237 16533 2882 4270 16534 2902 4239 16535 2902 4239 16536 2882 4270 16537 2883 4271 16538 2902 4239 16539 2883 4271 16540 2906 4241 16541 2906 4241 16542 2883 4271 16543 2884 4272 16544 2906 4241 16545 2884 4272 16546 2907 4243 16547 2907 4243 16548 2884 4272 16549 2885 4273 16550 2907 4243 16551 2885 4273 16552 2908 4245 16553 2908 4245 16554 2885 4273 16555 2886 4274 16556 2908 4245 16557 2886 4274 16558 2909 4247 16559 2909 4247 16560 2886 4274 16561 2887 4275 16562 2909 4247 16563 2887 4275 16564 2888 4276 16565 2909 4247 16566 2888 4276 16567 2910 4249 16568 2910 4249 16569 2888 4276 16570 2889 4277 16571 2910 4249 16572 2889 4277 16573 2890 4278 16574 2891 4279 16575 2912 4253 16576 2890 4278 16577 2890 4278 16578 2912 4253 16579 2911 4251 16580 2890 4278 16581 2911 4251 16582 2910 4249 16583 2912 4253 16584 2891 4279 16585 2913 4255 16586 2913 4255 16587 2891 4279 16588 2892 4280 16589 2913 4255 16590 2892 4280 16591 2914 4257 16592 2914 4257 16593 2892 4280 16594 2893 4281 16595 2914 4257 16596 2893 4281 16597 2901 4259 16598 2901 4259 16599 2893 4281 16600 2894 4282 16601 2901 4259 16602 2894 4282 16603 2915 4261 16604 2915 4261 16605 2894 4282 16606 2916 4264 16607 2894 4282 16608 2895 4283 16609 2916 4264 16610 2916 4264 16611 2895 4283 16612 2896 4284 16613 2916 4264 16614 2896 4284 16615 2917 4266 16616 2917 4266 16617 2896 4284 16618 2897 4268 16619 2900 4267 16620 2898 4269 16621 2918 4285 16622 2918 4285 16623 2898 4269 16624 2899 4286 16625 2918 4285 16626 2899 4286 16627 2919 4287 16628 2919 4287 16629 2899 4286 16630 2859 4191 16631 2919 4287 16632 2859 4191 16633 2327 4190 16634 2327 4190 16635 2326 4288 16636 2919 4287 16637 2919 4287 16638 2326 4288 16639 2918 4285 16640 2326 4288 16641 2325 4289 16642 2918 4285 16643 2918 4285 16644 2325 4289 16645 2900 4267 16646 2325 4289 16647 2324 4265 16648 2900 4267 16649 2814 4290 16650 2837 4291 16651 2951 4292 16652 2951 4292 16653 2837 4291 16654 2950 4293 16655 2950 4293 16656 2837 4291 16657 2836 4294 16658 2950 4293 16659 2836 4294 16660 2949 4295 16661 2949 4295 16662 2836 4294 16663 2835 4296 16664 2949 4295 16665 2835 4296 16666 2948 4297 16667 2948 4297 16668 2835 4296 16669 2834 4298 16670 2948 4297 16671 2834 4298 16672 2833 4299 16673 2948 4297 16674 2833 4299 16675 2947 4300 16676 2947 4300 16677 2833 4299 16678 2832 4301 16679 2947 4300 16680 2832 4301 16681 2831 4302 16682 2947 4300 16683 2831 4302 16684 2946 4303 16685 2946 4303 16686 2831 4302 16687 2830 4304 16688 2946 4303 16689 2830 4304 16690 2945 4305 16691 2945 4305 16692 2830 4304 16693 2829 4306 16694 2945 4305 16695 2829 4306 16696 2828 4307 16697 2945 4305 16698 2828 4307 16699 2944 4308 16700 2944 4308 16701 2828 4307 16702 2827 4309 16703 2944 4308 16704 2827 4309 16705 2943 4310 16706 2943 4310 16707 2827 4309 16708 2826 4311 16709 2943 4310 16710 2826 4311 16711 2942 4312 16712 2942 4312 16713 2826 4311 16714 2825 4313 16715 2942 4312 16716 2825 4313 16717 2941 4314 16718 2941 4314 16719 2825 4313 16720 2824 4315 16721 2941 4314 16722 2824 4315 16723 2823 4316 16724 2941 4314 16725 2823 4316 16726 2940 4317 16727 2940 4317 16728 2823 4316 16729 2822 4318 16730 2940 4317 16731 2822 4318 16732 2939 4319 16733 2939 4319 16734 2822 4318 16735 2821 4320 16736 2939 4319 16737 2821 4320 16738 2938 4321 16739 2938 4321 16740 2821 4320 16741 2820 4322 16742 2938 4321 16743 2820 4322 16744 2819 4323 16745 2938 4321 16746 2819 4323 16747 2937 4324 16748 2937 4324 16749 2819 4323 16750 2818 4325 16751 2937 4324 16752 2818 4325 16753 2936 1 16754 2936 1 16755 2818 4325 16756 2876 1 16757 2936 1 16758 2876 1 16759 2935 1 16760 2935 1 16761 2876 1 16762 2875 1 16763 2935 1 16764 2875 1 16765 2934 1 16766 2934 1 16767 2875 1 16768 2874 1 16769 2934 1 16770 2874 1 16771 2933 4326 16772 2933 4326 16773 2874 1 16774 2873 4327 16775 2933 4326 16776 2873 4327 16777 2932 4328 16778 2932 4328 16779 2873 4327 16780 2872 4329 16781 2932 4328 16782 2872 4329 16783 2931 4330 16784 2931 4330 16785 2872 4329 16786 2871 4331 16787 2931 4330 16788 2871 4331 16789 2930 4332 16790 2930 4332 16791 2871 4331 16792 2870 4333 16793 2930 4332 16794 2870 4333 16795 2929 1 16796 2929 1 16797 2870 4333 16798 2869 1 16799 2929 1 16800 2869 1 16801 2928 1 16802 2928 1 16803 2869 1 16804 2868 1 16805 2928 1 16806 2868 1 16807 2927 1 16808 2927 1 16809 2868 1 16810 2867 1 16811 2927 1 16812 2867 1 16813 2926 1 16814 2926 1 16815 2867 1 16816 2866 4333 16817 2926 1 16818 2866 4333 16819 2925 4332 16820 2925 4332 16821 2866 4333 16822 2865 4334 16823 2925 4332 16824 2865 4334 16825 2924 4335 16826 2924 4335 16827 2865 4334 16828 2864 4336 16829 2924 4335 16830 2864 4336 16831 2923 4337 16832 2923 4337 16833 2864 4336 16834 2863 4338 16835 2923 4337 16836 2863 4338 16837 2922 4339 16838 2922 4339 16839 2863 4338 16840 2862 4340 16841 2922 4339 16842 2862 4340 16843 2921 4341 16844 2921 4341 16845 2862 4340 16846 2861 4342 16847 2921 4341 16848 2861 4342 16849 2920 4343 16850 2920 4343 16851 2861 4342 16852 2860 1 16853 2920 4343 16854 2860 1 16855 2511 4344 16856 2511 4344 16857 2860 1 16858 2859 4345 16859 2511 4344 16860 2859 4345 16861 2899 4346 16862 2511 4344 16863 2899 4346 16864 2512 4347 16865 2512 4347 16866 2899 4346 16867 2898 4348 16868 2512 4347 16869 2898 4348 16870 2513 4349 16871 2513 4349 16872 2898 4348 16873 2897 4350 16874 2513 4349 16875 2897 4350 16876 2514 4351 16877 2514 4351 16878 2897 4350 16879 2896 4352 16880 2514 4351 16881 2896 4352 16882 2515 4353 16883 2515 4353 16884 2896 4352 16885 2895 4354 16886 2515 4353 16887 2895 4354 16888 2894 4355 16889 2515 4353 16890 2894 4355 16891 2516 4356 16892 2516 4356 16893 2894 4355 16894 2893 4357 16895 2516 4356 16896 2893 4357 16897 2517 4358 16898 2517 4358 16899 2893 4357 16900 2892 4359 16901 2517 4358 16902 2892 4359 16903 2518 4360 16904 2518 4360 16905 2892 4359 16906 2891 4361 16907 2518 4360 16908 2891 4361 16909 2890 1 16910 2518 4360 16911 2890 1 16912 2519 4362 16913 2519 4362 16914 2890 1 16915 2889 4363 16916 2519 4362 16917 2889 4363 16918 2888 4364 16919 2888 4364 16920 2887 4365 16921 2519 4362 16922 2519 4362 16923 2887 4365 16924 2520 4366 16925 2520 4366 16926 2887 4365 16927 2886 4367 16928 2520 4366 16929 2886 4367 16930 2521 4368 16931 2521 4368 16932 2886 4367 16933 2885 4369 16934 2521 4368 16935 2885 4369 16936 2884 4370 16937 2521 4368 16938 2884 4370 16939 2522 4371 16940 2522 4371 16941 2884 4370 16942 2883 4372 16943 2522 4371 16944 2883 4372 16945 2523 1 16946 2523 1 16947 2883 4372 16948 2524 4373 16949 2524 4373 16950 2883 4372 16951 2882 4374 16952 2524 4373 16953 2882 4374 16954 2525 4375 16955 2525 4375 16956 2882 4374 16957 2881 4376 16958 2525 4375 16959 2881 4376 16960 2526 1 16961 2526 1 16962 2881 4376 16963 2880 1 16964 2526 1 16965 2880 1 16966 2527 1 16967 2527 4377 16968 2880 4378 16969 2528 4379 16970 2528 4379 16971 2880 4378 16972 2879 4380 16973 2528 4379 16974 2879 4380 16975 2878 4381 16976 2878 4381 16977 2877 4382 16978 2528 4379 16979 2528 4379 16980 2877 4382 16981 2307 4383 16982 2528 4379 16983 2307 4383 16984 2306 4384 16985 2528 4379 16986 2306 4384 16987 2529 4385 16988 2529 4385 16989 2306 4384 16990 2305 4386 16991 2529 4385 16992 2305 4386 16993 2304 4387 16994 2304 4387 16995 2303 4388 16996 2529 4385 16997 2535 4389 16998 2298 4390 16999 2488 1 17000 2488 1 17001 2298 4390 17002 2807 4391 17003 2807 4391 17004 2298 4390 17005 2297 4392 17006 2807 4391 17007 2297 4392 17008 2808 4393 17009 2808 4393 17010 2297 4392 17011 2296 4394 17012 2808 4393 17013 2296 4394 17014 2809 1 17015 2809 1 17016 2296 4394 17017 2810 4395 17018 2810 4395 17019 2296 4394 17020 2295 4396 17021 2810 4395 17022 2295 4396 17023 2658 1 17024 2658 1 17025 2295 4396 17026 2659 4397 17027 2659 4397 17028 2295 4396 17029 2294 4398 17030 2659 4397 17031 2294 4398 17032 2660 4399 17033 2660 4399 17034 2294 4398 17035 2293 4400 17036 2660 4399 17037 2293 4400 17038 2292 4401 17039 2291 4402 17040 2662 4403 17041 2292 4401 17042 2292 4401 17043 2662 4403 17044 2661 4404 17045 2292 4401 17046 2661 4404 17047 2660 4399 17048 2662 4403 17049 2291 4402 17050 2663 4405 17051 2663 4405 17052 2291 4402 17053 2290 4406 17054 2663 4405 17055 2290 4406 17056 2289 4407 17057 2663 4405 17058 2289 4407 17059 2664 4408 17060 2664 4408 17061 2289 4407 17062 1951 4409 17063 2664 4408 17064 1951 4409 17065 2665 4410 17066 2665 4410 17067 1951 4409 17068 1950 4411 17069 2665 4410 17070 1950 4411 17071 2666 4412 17072 2666 4412 17073 1950 4411 17074 1949 4413 17075 2666 4412 17076 1949 4413 17077 1948 4414 17078 2666 4412 17079 1948 4414 17080 2667 4415 17081 2667 4415 17082 1948 4414 17083 1947 4416 17084 2667 4415 17085 1947 4416 17086 2668 4417 17087 2668 4417 17088 1947 4416 17089 1946 4418 17090 2668 4417 17091 1946 4418 17092 2669 4419 17093 2669 4419 17094 1946 4418 17095 1945 4420 17096 2669 4419 17097 1945 4420 17098 2670 1 17099 2670 1 17100 1945 4420 17101 1944 1 17102 2670 1 17103 1944 1 17104 2671 1 17105 2671 1 17106 1944 1 17107 1943 1 17108 2671 1 17109 1943 1 17110 2672 1 17111 2672 1 17112 1943 1 17113 1942 4421 17114 2672 1 17115 1942 4421 17116 2673 4422 17117 2673 4422 17118 1942 4421 17119 1941 4423 17120 2673 4422 17121 1941 4423 17122 2635 1 17123 2635 1 17124 1941 4423 17125 1940 4423 17126 2635 1 17127 1940 4423 17128 2636 4424 17129 2636 4424 17130 1940 4423 17131 1939 4425 17132 2636 4424 17133 1939 4425 17134 2637 4426 17135 2637 4426 17136 1939 4425 17137 1938 4427 17138 2637 4426 17139 1938 4427 17140 2638 4428 17141 2638 4428 17142 1938 4427 17143 1937 4429 17144 2638 4428 17145 1937 4429 17146 2639 4430 17147 2639 4430 17148 1937 4429 17149 1936 4431 17150 2639 4430 17151 1936 4431 17152 2640 4432 17153 2640 4432 17154 1936 4431 17155 1935 4433 17156 2640 4432 17157 1935 4433 17158 2641 4434 17159 2641 4434 17160 1935 4433 17161 1934 4435 17162 2641 4434 17163 1934 4435 17164 2642 4436 17165 2642 4436 17166 1934 4435 17167 1933 4437 17168 2642 4436 17169 1933 4437 17170 2643 4438 17171 2643 4438 17172 1933 4437 17173 1932 4413 17174 2643 4438 17175 1932 4413 17176 1931 4439 17177 2643 4438 17178 1931 4439 17179 2644 4440 17180 2644 4440 17181 1931 4439 17182 1751 4409 17183 2644 4440 17184 1751 4409 17185 2645 4408 17186 2645 4408 17187 1751 4409 17188 1750 4407 17189 2645 4408 17190 1750 4407 17191 2646 4441 17192 2646 4441 17193 1750 4407 17194 1749 4406 17195 2646 4441 17196 1749 4406 17197 1748 4442 17198 2646 4441 17199 1748 4442 17200 2647 4443 17201 2647 4443 17202 1748 4442 17203 1747 4444 17204 2647 4443 17205 1747 4444 17206 2648 1 17207 2648 1 17208 1747 4444 17209 2649 4445 17210 2649 4445 17211 1747 4444 17212 1746 4400 17213 2649 4445 17214 1746 4400 17215 1745 4446 17216 2649 4445 17217 1745 4446 17218 2650 4397 17219 2650 4397 17220 1745 4446 17221 1744 4447 17222 2650 4397 17223 1744 4447 17224 2651 1 17225 2651 1 17226 1744 4447 17227 2802 1 17228 2651 1 17229 2802 1 17230 2801 1 17231 1744 4447 17232 1743 4448 17233 2802 1 17234 2802 1 17235 1743 4448 17236 2803 1 17237 2803 1 17238 1743 4448 17239 2804 4393 17240 2804 4393 17241 1743 4448 17242 1742 4392 17243 2804 4393 17244 1742 4392 17245 2805 4391 17246 2805 4391 17247 1742 4392 17248 1741 4449 17249 2805 4391 17250 1741 4449 17251 2806 1 17252 2806 1 17253 1741 4449 17254 2955 4450 17255 2955 4450 17256 1741 4449 17257 2954 4451 17258 2954 4451 17259 1741 4449 17260 2953 4452 17261 2953 4452 17262 1741 4449 17263 2952 4453 17264 2801 1 17265 2800 4454 17266 2651 1 17267 2651 1 17268 2800 4454 17269 2652 4455 17270 2652 4455 17271 2800 4454 17272 2799 4456 17273 2652 4455 17274 2799 4456 17275 2624 1 17276 2652 4455 17277 2624 1 17278 2653 1 17279 2653 1 17280 2624 1 17281 2623 1 17282 2653 1 17283 2623 1 17284 2654 4457 17285 2654 4457 17286 2623 1 17287 2622 4458 17288 2654 4457 17289 2622 4458 17290 2621 4459 17291 2654 4457 17292 2621 4459 17293 2655 4460 17294 2655 4460 17295 2621 4459 17296 2620 4461 17297 2655 4460 17298 2620 4461 17299 2656 4462 17300 2656 4462 17301 2620 4461 17302 2619 1 17303 2656 4462 17304 2619 1 17305 2657 4455 17306 2657 4455 17307 2619 1 17308 2813 4456 17309 2657 4455 17310 2813 4456 17311 2812 4454 17312 2657 4455 17313 2812 4454 17314 2658 1 17315 2658 1 17316 2812 4454 17317 2811 1 17318 2658 1 17319 2811 1 17320 2810 4395 17321 2956 4463 17322 2957 4464 17323 1736 4465 17324 1736 4465 17325 2957 4464 17326 1737 4466 17327 1737 4466 17328 2957 4464 17329 1738 4467 17330 1738 4467 17331 2957 4464 17332 2958 4468 17333 1738 4467 17334 2958 4468 17335 1739 4469 17336 1739 4469 17337 2958 4468 17338 2959 4470 17339 1739 4469 17340 2959 4470 17341 1740 4471 17342 1740 4471 17343 2959 4470 17344 2952 4453 17345 1740 4471 17346 2952 4453 17347 1741 4449 17348 2298 4390 17349 2535 4389 17350 2299 4472 17351 2299 4472 17352 2535 4389 17353 2534 4473 17354 2299 4472 17355 2534 4473 17356 2300 4474 17357 2300 4474 17358 2534 4473 17359 2533 4475 17360 2300 4474 17361 2533 4475 17362 2301 4476 17363 2301 4476 17364 2533 4475 17365 2532 4477 17366 2301 4476 17367 2532 4477 17368 2531 4478 17369 2301 4476 17370 2531 4478 17371 2302 4479 17372 2302 4479 17373 2531 4478 17374 2530 4480 17375 2302 4479 17376 2530 4480 17377 2303 4388 17378 2303 4388 17379 2530 4480 17380 2529 4385 17381 1733 4481 17382 1732 4482 17383 2956 4463 17384 2956 4463 17385 1732 4482 17386 2817 4483 17387 2956 4463 17388 2817 4483 17389 2816 4484 17390 2816 4484 17391 2815 4485 17392 2956 4463 17393 2956 4463 17394 2815 4485 17395 2951 4486 17396 2951 4486 17397 2815 4485 17398 2814 4487 17399 1736 4465 17400 1735 4488 17401 2956 4463 17402 2956 4463 17403 1735 4488 17404 1734 4489 17405 2956 4463 17406 1734 4489 17407 1733 4481 17408 2511 3536 17409 1487 3537 17410 2920 4490 17411 2920 4490 17412 1487 3537 17413 1520 4491 17414 2920 4490 17415 1520 4491 17416 2921 4492 17417 2921 4492 17418 1520 4491 17419 1519 4493 17420 2921 4492 17421 1519 4493 17422 2922 4494 17423 2922 4494 17424 1519 4493 17425 1518 4495 17426 2922 4494 17427 1518 4495 17428 2923 4496 17429 2923 4496 17430 1518 4495 17431 1517 4497 17432 2923 4496 17433 1517 4497 17434 2924 4498 17435 2924 4498 17436 1517 4497 17437 1516 4499 17438 2924 4498 17439 1516 4499 17440 2925 4500 17441 2925 4500 17442 1516 4499 17443 1515 4501 17444 2925 4500 17445 1515 4501 17446 2926 4502 17447 2926 4502 17448 1515 4501 17449 1514 4503 17450 2926 4502 17451 1514 4503 17452 2927 4504 17453 2927 4504 17454 1514 4503 17455 1513 4505 17456 2927 4504 17457 1513 4505 17458 2928 4506 17459 2928 4506 17460 1513 4505 17461 1512 4507 17462 2928 4506 17463 1512 4507 17464 2929 4508 17465 2929 4508 17466 1512 4507 17467 1511 4509 17468 2929 4508 17469 1511 4509 17470 2930 4510 17471 2930 4510 17472 1511 4509 17473 1510 4511 17474 2930 4510 17475 1510 4511 17476 2931 4512 17477 2931 4512 17478 1510 4511 17479 1509 4513 17480 2931 4512 17481 1509 4513 17482 2932 4514 17483 2932 4514 17484 1509 4513 17485 1508 4515 17486 2932 4514 17487 1508 4515 17488 2933 4516 17489 2933 4516 17490 1508 4515 17491 1507 4517 17492 2933 4516 17493 1507 4517 17494 2934 4518 17495 2934 4518 17496 1507 4517 17497 1506 4519 17498 2934 4518 17499 1506 4519 17500 2935 4520 17501 2935 4520 17502 1506 4519 17503 1505 4521 17504 2935 4520 17505 1505 4521 17506 2936 4522 17507 2936 4522 17508 1505 4521 17509 1504 4523 17510 2806 4034 17511 2955 4524 17512 2727 4032 17513 2727 4032 17514 2955 4524 17515 2954 4525 17516 2727 4032 17517 2954 4525 17518 2953 4526 17519 2953 4526 17520 2952 4527 17521 2727 4032 17522 2727 4032 17523 2952 4527 17524 2959 4528 17525 2727 4032 17526 2959 4528 17527 2728 4529 17528 2728 4529 17529 2959 4528 17530 2958 4530 17531 2728 4529 17532 2958 4530 17533 2957 4531 17534 2957 4531 17535 2956 4532 17536 2728 4529 17537 2728 4529 17538 2956 4532 17539 2729 4533 17540 2729 4533 17541 2956 4532 17542 2951 4534 17543 2729 4533 17544 2951 4534 17545 2730 4535 17546 2730 4535 17547 2951 4534 17548 2731 4536 17549 2731 4536 17550 2951 4534 17551 2950 4537 17552 2731 4536 17553 2950 4537 17554 2732 4538 17555 2732 4538 17556 2950 4537 17557 2949 4539 17558 2732 4538 17559 2949 4539 17560 2733 4540 17561 2733 4540 17562 2949 4539 17563 2734 4541 17564 2734 4541 17565 2949 4539 17566 2948 4542 17567 2734 4541 17568 2948 4542 17569 2735 4543 17570 2735 4543 17571 2948 4542 17572 2736 4544 17573 2736 4544 17574 2948 4542 17575 2947 4545 17576 2736 4544 17577 2947 4545 17578 2737 4546 17579 2737 4546 17580 2947 4545 17581 2738 4547 17582 2738 4547 17583 2947 4545 17584 2946 4548 17585 2738 4547 17586 2946 4548 17587 2788 4077 17588 2788 4077 17589 2946 4548 17590 2945 4549 17591 2788 4077 17592 2945 4549 17593 2789 4550 17594 2789 4550 17595 2945 4549 17596 2944 4551 17597 2789 4550 17598 2944 4551 17599 2790 4552 17600 2790 4552 17601 2944 4551 17602 2943 4553 17603 2790 4552 17604 2943 4553 17605 2791 4554 17606 2791 4554 17607 2943 4553 17608 2942 4555 17609 2791 4554 17610 2942 4555 17611 2792 4556 17612 2792 4556 17613 2942 4555 17614 2793 4557 17615 2793 4557 17616 2942 4555 17617 2941 4558 17618 2793 4557 17619 2941 4558 17620 2794 4559 17621 2794 4559 17622 2941 4558 17623 2940 4560 17624 2794 4559 17625 2940 4560 17626 2795 4561 17627 2795 4561 17628 2940 4560 17629 2939 4562 17630 2795 4561 17631 2939 4562 17632 2796 4563 17633 2796 4563 17634 2939 4562 17635 2938 4564 17636 2796 4563 17637 2938 4564 17638 2797 4565 17639 2797 4565 17640 2938 4564 17641 2937 4566 17642 2797 4565 17643 2937 4566 17644 2798 4567 17645 2798 4567 17646 2937 4566 17647 1504 4523 17648 2798 4567 17649 1504 4523 17650 1561 4568 17651 2937 4566 17652 2936 4522 17653 1504 4523 17654 2788 4077 17655 2739 4076 17656 2738 4547 17657</p>
        </triangles>
      </mesh>
    </geometry>
  </library_geometries>
  <library_visual_scenes>
    <visual_scene id="Scene" name="Scene">
      <node id="thigh_r" name="thigh_r" type="NODE">
        <matrix sid="transform">1 0 0 0 0 1 0 0 0 0 1 0 0 0 0 1</matrix>
        <instance_geometry url="#thigh_r-mesh" name="thigh_r">
          <bind_material>
            <technique_common>
              <instance_material symbol="Opaque_38_83_143__002-material" target="#Opaque_38_83_143__002-material">
                <bind_vertex_input semantic="UVMap" input_semantic="TEXCOORD" input_set="0"/>
              </instance_material>
              <instance_material symbol="Opaque_63_63_63__002-material" target="#Opaque_63_63_63__002-material">
                <bind_vertex_input semantic="UVMap" input_semantic="TEXCOORD" input_set="0"/>
              </instance_material>
            </technique_common>
          </bind_material>
        </instance_geometry>
      </node>
    </visual_scene>
  </library_visual_scenes>
  <scene>
    <instance_visual_scene url="#Scene"/>
  </scene>
</COLLADA>