# https://github.com/mikedh/trimesh
mtllib material.mtl
usemtl material_0
v -0.02046996 -0.00863296 -0.04237300
v -0.02647000 -0.00862700 -0.04235994
v -0.02046996 -0.00767398 -0.04103195
v -0.02647000 -0.00767499 -0.04103338
v -0.02046996 -0.00935000 -0.04382497
v -0.02647000 -0.00935000 -0.04382497
v -0.02647000 -0.00933295 -0.04371398
v -0.02046996 -0.00651795 -0.03987699
v -0.02046996 -0.01056998 -0.04562395
v -0.02647000 -0.00986099 -0.04479199
v -0.02046996 -0.00986099 -0.04479199
v -0.02647000 -0.01056998 -0.04562395
v -0.02046996 -0.00215799 -0.03772997
v -0.02647000 -0.00215590 -0.03772908
v -0.02046996 -0.00114995 -0.03739696
v -0.02647000 -0.00114995 -0.03739696
v -0.02647000 -0.00023500 -0.03685897
v -0.02046996 -0.01819598 -0.04470396
v -0.02647000 -0.01747000 -0.04557895
v -0.02046996 -0.01750600 -0.04554998
v -0.02296996 0.01441597 -0.00505996
v -0.02647000 0.01431697 -0.00484896
v -0.02296996 0.01431697 -0.00484896
v -0.02296996 -0.00985795 -0.00149298
v -0.02647000 -0.00985795 -0.00149298
v -0.02296996 -0.01057100 -0.00195199
v -0.02647000 0.01414495 -0.00469697
v -0.02296996 0.01419597 -0.00465196
v -0.02647000 0.01396095 -0.00456899
v -0.02647000 -0.01895296 -0.04266697
v -0.02046996 -0.01898300 -0.04157495
v -0.02647000 -0.01898300 -0.04157495
v -0.02046996 -0.01895296 -0.04266697
v -0.02647000 -0.01868700 -0.04372698
v -0.02046996 -0.01868700 -0.04372698
v -0.02647000 -0.01819598 -0.04470396
v -0.02046996 -0.01144200 -0.04628199
v -0.02647000 -0.01144289 -0.04628264
v -0.02046996 -0.01661497 -0.04624199
v -0.02647000 -0.01664698 -0.04622697
v -0.02647000 -0.01566296 -0.04670095
v -0.02046996 -0.01566296 -0.04670095
v -0.02647000 -0.01459795 -0.04694998
v -0.02296996 0.00308800 0.00948000
v -0.02647000 0.00308800 0.00948000
v -0.02296996 0.00237495 0.00902098
v -0.02647000 0.00365800 0.01010799
v -0.02296996 0.00365800 0.01010799
v -0.02647000 0.00404596 0.01086294
v -0.02296996 0.00404596 0.01086294
v -0.02647000 0.00422597 0.01169198
v -0.02296996 0.00422597 0.01169198
v -0.02647000 -0.00011000 0.00889999
v -0.02296996 -0.00011000 0.00889999
v -0.02647000 0.00071900 0.00871998
v -0.02296996 0.00985795 0.00149298
v -0.02647000 0.00985795 0.00149298
v -0.02296996 0.01057100 0.00195199
v -0.02296996 0.01010799 -0.00365800
v -0.02647000 0.01010799 -0.00365800
v -0.02296996 0.00948000 -0.00308800
v -0.02647000 0.01086294 -0.00404596
v -0.02296996 0.01086294 -0.00404596
v -0.02647000 0.01169198 -0.00422597
v -0.02296996 0.01169198 -0.00422597
v -0.02647000 -0.00228196 0.01222497
v -0.02296996 -0.00225198 0.01222699
v -0.02647000 -0.00221097 0.01137900
v -0.02296996 -0.00221097 0.01137900
v -0.02647000 0.00876194 -0.00156695
v -0.02647000 0.00871998 -0.00071900
v -0.02296996 0.00871998 -0.00071900
v -0.02296996 0.00876194 -0.00156695
v -0.02647000 0.00902098 -0.00237495
v -0.02296996 0.00902098 -0.00237495
v -0.02647000 0.00948000 -0.00308800
v -0.02296996 -0.00086400 0.00928795
v -0.02296996 -0.00209898 0.01408296
v -0.02647000 -0.00209898 0.01408296
v -0.02296996 0.00071900 0.00871998
v -0.02647000 0.00156635 0.00876194
v -0.02296996 0.00156695 0.00876194
v -0.02647000 0.00237495 0.00902098
v -0.02296996 0.01137900 0.00221097
v -0.02647000 0.01137900 0.00221097
v -0.02296996 0.01222699 0.00225198
v -0.02647000 0.01057100 0.00195199
v -0.02647000 -0.00231797 0.01472395
v -0.02296996 -0.00212997 0.01456898
v -0.02647000 -0.00220698 0.01452296
v -0.02296996 -0.00225896 0.01475799
v -0.02647000 -0.00244600 0.01490598
v -0.02296996 -0.00237495 0.01495695
v -0.02296996 -0.00237495 0.01495695
v -0.02647000 -0.00264800 0.01505798
v -0.02296996 -0.00262898 0.01504999
v -0.02647000 0.00928795 0.00086400
v -0.02296996 0.00928795 0.00086400
v -0.02647000 0.00889969 0.00010939
v -0.02296996 0.00889999 0.00011000
v -0.02647000 0.00505996 0.01441597
v -0.02296996 0.00529998 0.01449894
v -0.02647000 0.00528794 0.01446294
v -0.02296996 0.00529998 0.01449894
v -0.02296996 0.00505996 0.01441597
v -0.02647000 0.00484896 0.01431697
v -0.02296996 0.00484896 0.01431697
v -0.02647000 0.00469697 0.01414495
v -0.02296996 0.00464100 0.01421898
v -0.02647000 0.00456798 0.01396000
v -0.02296996 0.00464100 0.01421898
v -0.02647000 0.00445098 0.01376897
v -0.02296996 0.00452298 0.01398897
v -0.02296996 0.00437897 0.01354897
v -0.02647000 0.00437897 0.01354897
v -0.02296996 0.01354897 -0.00437897
v -0.02647000 0.01354897 -0.00437897
v -0.02647000 0.01222699 0.00225198
v -0.02647000 0.01408296 0.00209898
v -0.02296996 0.01408296 0.00209898
v -0.02647000 -0.01441597 0.00505996
v -0.02296996 -0.01451796 0.00528198
v -0.02647000 -0.01446294 0.00528794
v -0.02296996 -0.01451796 0.00528198
v -0.02296996 -0.01441895 0.00505698
v -0.02647000 -0.01431697 0.00484896
v -0.02296996 -0.01431399 0.00484997
v -0.02647000 -0.01417195 0.00466698
v -0.02296996 -0.01421099 0.00464296
v -0.02647000 -0.01398897 0.00452298
v -0.02296996 -0.01421099 0.00464296
v -0.02296996 -0.00237495 0.01495695
v -0.02647000 -0.01377695 0.00442499
v -0.02296996 -0.01398897 0.00452298
v -0.02296996 -0.00285494 0.01519894
v -0.02647000 -0.00284696 0.01513397
v -0.02296996 -0.00285494 0.01519894
v -0.02647000 -0.00307697 0.01516497
v -0.02296996 -0.00285494 0.01519894
v -0.02296996 -0.00285494 0.01519894
v -0.02296996 -0.00307900 0.01517599
v -0.02647000 -0.00330895 0.01514297
v -0.02296996 -0.00330895 0.01514297
v -0.02296996 -0.01575899 -0.00270396
v -0.02647000 -0.01579695 -0.00296098
v -0.02296996 -0.01579695 -0.00296098
v -0.02647000 -0.01574200 -0.00270599
v -0.02296996 -0.01562196 -0.00247395
v -0.02647000 -0.01559495 -0.00249398
v -0.02296996 -0.01544696 -0.00228095
v -0.02647000 -0.01542097 -0.00230199
v -0.02296996 -0.01526600 -0.00209600
v -0.02296996 0.00464100 0.01421898
v -0.02296996 -0.01497900 -0.00205898
v -0.02647000 -0.01522696 -0.00213897
v -0.02296996 -0.01526600 -0.00209600
v -0.02296996 0.00442499 0.01377695
v -0.02647000 -0.00210696 0.01431596
v -0.02647000 -0.00210696 0.01431596
v -0.02296996 -0.00203997 0.01435196
v -0.02296996 -0.00203997 0.01435196
v -0.02647000 -0.00210696 0.01431596
v -0.02296996 -0.00203997 0.01435196
v -0.02647000 -0.01737898 -0.02214294
v -0.02046996 -0.01731598 -0.02137094
v -0.02647000 -0.01608598 -0.00646698
v -0.02046996 -0.01857095 -0.03659194
v -0.02647000 -0.01857095 -0.03659194
v -0.02046996 -0.01621997 -0.00809395
v -0.02046996 -0.01544797 0.00127399
v -0.02296996 -0.01544797 0.00127399
v -0.02296996 -0.01421099 0.00464296
v -0.02296996 -0.01377695 0.00442499
v -0.02647000 -0.01354676 0.00437856
v -0.02296996 -0.01354897 0.00437897
v -0.02647000 0.00552100 0.01445597
v -0.02296996 0.00574595 0.01439595
v -0.02647000 0.00574595 0.01439595
v -0.02296996 0.00553799 0.01446294
v -0.02296996 -0.01471799 -0.00204694
v -0.02647000 -0.01471799 -0.00204694
v -0.02647000 -0.01497900 -0.00205898
v -0.02647000 -0.01445597 0.00552100
v -0.02296996 -0.01439595 0.00574595
v -0.02647000 -0.01439636 0.00574458
v -0.02296996 -0.01446700 0.00552499
v -0.02296996 -0.01451796 0.00528198
v -0.02647000 0.01445597 -0.00552100
v -0.02296996 0.01438200 -0.00577998
v -0.02647000 0.01437795 -0.00578898
v -0.02296996 0.01446199 -0.00552297
v -0.02647000 0.01446294 -0.00528794
v -0.02296996 0.01451599 -0.00529796
v -0.02647000 0.01441597 -0.00505996
v -0.02296996 0.01451599 -0.00529796
v -0.02296996 0.01451599 -0.00529796
v -0.02046996 -0.00271899 -0.03789895
v -0.02647000 -0.01243597 -0.04673498
v -0.02046996 -0.01350545 -0.04696083
v -0.02647000 -0.01350599 -0.04696094
v -0.02046996 -0.01243597 -0.04673498
v -0.02647000 -0.00651795 -0.03987699
v -0.02046996 -0.00519013 -0.03892582
v -0.02647000 -0.00518900 -0.03892499
v -0.02647000 -0.00372195 -0.03820300
v -0.02046996 -0.00372195 -0.03820300
v -0.02296996 -0.01526600 -0.00209600
v -0.02647000 0.01500898 0.00265598
v -0.02296996 0.01491796 0.00243700
v -0.02647000 0.01489698 0.00245398
v -0.02046996 0.01490998 0.00423497
v -0.02647000 0.01514297 0.00330895
v -0.02647000 0.01491117 0.00423151
v -0.02296996 0.01514297 0.00330895
v -0.02046996 0.01498597 0.00388098
v -0.02296996 0.01517498 0.00307798
v -0.02046996 0.00177199 -0.03325295
v -0.02647000 0.00177199 -0.03325295
v -0.02046996 0.00261694 -0.02301496
v -0.02647000 0.00255299 -0.02378797
v -0.02046996 0.00275999 -0.02127498
v -0.02647000 0.00275999 -0.02127498
v -0.02046996 -0.00452095 0.01482599
v -0.02046996 -0.00390696 0.01496899
v -0.02046996 -0.01514399 0.00330395
v -0.02296996 -0.01514399 0.00330395
v -0.02046996 -0.01459795 -0.04694998
v -0.02046996 -0.01413196 0.00628299
v -0.02046996 -0.01374995 0.00715500
v -0.02296996 0.01538699 -0.00186700
v -0.02046996 0.01500594 -0.00388396
v -0.02296996 0.01500594 -0.00388396
v -0.02046996 0.01538699 -0.00186700
v -0.02296996 0.01549899 0.00018200
v -0.02046996 0.01549899 0.00018200
v -0.02647000 -0.01374995 0.00715500
v -0.02046996 0.00741798 0.01360994
v -0.02046996 0.00628299 0.01413398
v -0.02046996 0.00555497 0.01446998
v -0.02296996 0.01533895 0.00222796
v -0.02046996 0.01533895 0.00222796
v -0.02046996 0.00359499 0.01507699
v -0.02296996 0.00157100 0.01541996
v -0.02046996 0.00157100 0.01541996
v -0.02046996 -0.00046700 0.01549196
v -0.02296996 -0.00048000 0.01549297
v -0.02296996 -0.00252199 0.01529300
v -0.02046996 -0.00252199 0.01529300
v -0.02647000 -0.00449097 0.01483398
v -0.02046996 -0.00824749 0.01312315
v -0.02647000 -0.00990796 0.01191997
v -0.02046996 -0.00990796 0.01191997
v -0.02647000 -0.00824594 0.01312398
v -0.02647000 -0.00643790 0.01409977
v -0.02046996 -0.00643998 0.01409900
v -0.02046996 -0.01457399 0.00527596
v -0.02296996 -0.01451796 0.00528198
v -0.02647000 -0.01139599 0.01050698
v -0.02046996 -0.01195895 0.00980794
v -0.02046996 -0.01149696 0.01037997
v -0.02046996 -0.01268398 0.00890899
v -0.02647000 -0.01268321 0.00890994
v -0.02647000 0.01421999 0.00616795
v -0.02046996 0.01421999 0.00616795
v -0.02647000 0.01210796 0.00967699
v -0.02046996 0.01328080 0.00799227
v -0.02647000 0.01328098 0.00799197
v -0.02046996 0.01210796 0.00967699
v -0.02296996 0.00529998 0.01449894
v -0.02296996 0.00359499 0.01507699
v -0.02647000 0.00915098 0.01251000
v -0.02046996 0.01072412 0.01119178
v -0.02647000 0.01072394 0.01119196
v -0.02046996 0.00915098 0.01251000
v -0.02647000 0.00741798 0.01360994
v -0.02046996 -0.01139599 0.01050698
v -0.02046996 0.00835794 -0.01301598
v -0.02647000 0.00944197 -0.01229196
v -0.02046996 0.00944197 -0.01229196
v -0.02647000 0.00773597 -0.01343196
v -0.02046996 0.00773597 -0.01343196
v -0.02647000 0.01233112 -0.00939095
v -0.02046996 0.01146996 -0.01037800
v -0.02647000 0.01098299 -0.01093697
v -0.02046996 0.01233196 -0.00939000
v -0.02046996 0.01346498 -0.00767797
v -0.02647000 0.01346498 -0.00767797
v -0.02046996 0.01436096 -0.00583196
v -0.02046996 0.00302094 -0.01968795
v -0.02647000 0.00302094 -0.01968795
v -0.02046996 0.00353175 -0.01816457
v -0.02647000 0.00353199 -0.01816397
v -0.02647000 0.00524998 -0.01545596
v -0.02046996 0.00524998 -0.01545596
v -0.02647000 0.00428200 -0.01674097
v -0.02046996 0.00641096 -0.01434397
v -0.02647000 0.00641096 -0.01434397
v -0.02046996 0.01098299 -0.01093697
v -0.02647000 -0.01384598 -0.00211894
v -0.02296996 -0.01222699 -0.00225198
v -0.02647000 -0.01222699 -0.00225198
v -0.02296996 -0.01086294 0.00404596
v -0.02647000 -0.01086294 0.00404596
v -0.02296996 -0.01010799 0.00365800
v -0.02647000 -0.01169198 0.00422597
v -0.02647000 -0.00928795 -0.00086400
v -0.02296996 -0.00928795 -0.00086400
v -0.02647000 -0.00889999 -0.00011000
v -0.02296996 -0.00889999 -0.00011000
v -0.02647000 -0.00871998 0.00071900
v -0.02296996 -0.00871998 0.00071900
v -0.02647000 -0.00876176 0.00156635
v -0.02296996 -0.00876194 0.00156695
v -0.02647000 -0.00902098 0.00237495
v -0.02296996 -0.00902098 0.00237495
v -0.02647000 -0.00948000 0.00308800
v -0.02296996 -0.00948000 0.00308800
v -0.02647000 -0.01010799 0.00365800
v -0.02046996 0.00428200 -0.01674097
v -0.02296996 0.01504999 0.00262898
v -0.02647000 0.01513397 0.00284696
v -0.02296996 0.01519495 0.00285298
v -0.02647000 0.01516497 0.00307697
v -0.02296996 0.01519495 0.00285298
v -0.02296996 0.01519495 0.00285298
v -0.02296996 -0.01169198 0.00422597
v -0.02647000 -0.01137900 -0.00221097
v -0.02296996 -0.01137900 -0.00221097
v -0.02647000 -0.01057100 -0.00195199
v -0.02296996 0.01402199 -0.00449097
v -0.02647000 0.01376098 -0.00446898
v -0.02296996 0.01383298 -0.00437498
v -0.02647000 0.01431596 0.00210696
v -0.02296996 0.01431596 0.00210696
v -0.02647000 0.01447898 0.00224495
v -0.02296996 0.01431596 0.00210696
v -0.02647000 0.01431596 0.00210696
v -0.02296996 0.01431596 0.00210696
v -0.02296996 0.01454097 0.00216895
v -0.02647000 0.01471197 0.00233495
v -0.02296996 0.01475900 0.00223398
v -0.02296996 0.01475900 0.00223398
v -0.02296996 0.01475900 0.00223398
v -0.02647000 -0.00198799 0.01056295
v -0.02296996 -0.00195199 0.01057100
v -0.02647000 -0.00149298 0.00985795
v -0.02296996 -0.00149298 0.00985795
v -0.02647000 -0.00086400 0.00928795
v -0.02046996 -0.00023500 -0.03685897
v -0.02647000 0.00054600 -0.03613996
v -0.02046996 0.00054600 -0.03613996
v -0.02647000 0.00115794 -0.03527295
v -0.02046996 0.00115794 -0.03527295
v -0.02647000 0.00157297 -0.03429597
v -0.02046996 0.00157297 -0.03429597
v -0.02647000 -0.00258046 -0.03383398
v -0.02647000 -0.00208771 -0.03252285
v -0.02647000 -0.00215590 -0.03772908
v -0.02647000 -0.00395447 -0.03371560
v -0.02647000 -0.00700796 -0.03754597
v -0.02647000 -0.00283796 -0.01463097
v -0.02647000 -0.00208294 -0.01501899
v -0.02647000 -0.00581598 -0.02309697
v -0.02647000 -0.00077100 -0.02351397
v -0.02647000 0.00157297 -0.03429597
v -0.02647000 0.00054600 -0.03613996
v -0.02647000 0.00177199 -0.03325295
v -0.02647000 0.00115794 -0.03527295
v -0.02647000 -0.00114995 -0.03739696
v -0.02647000 0.00255299 -0.02378797
v -0.02647000 0.00275999 -0.02127498
v -0.02647000 0.00302094 -0.01968795
v -0.02647000 -0.00386900 -0.03182798
v -0.02647000 -0.00438321 -0.03259348
v -0.02647000 -0.00296700 -0.03169721
v -0.02647000 -0.01342773 -0.03317946
v -0.02647000 -0.01245975 -0.03298825
v -0.02647000 -0.01111495 -0.03720694
v -0.02647000 -0.01194071 -0.03219699
v -0.02647000 -0.01231825 -0.03119522
v -0.02647000 -0.00992298 -0.02275896
v -0.02647000 -0.00757795 0.00566000
v -0.02647000 -0.01268321 0.00890994
v -0.02647000 -0.01139599 0.01050698
v -0.02647000 -0.01316595 0.00612098
v -0.02647000 -0.01374995 0.00715500
v -0.02647000 -0.01439636 0.00574458
v -0.02647000 -0.00990796 0.01191997
v -0.02647000 -0.00824594 0.01312398
v -0.02647000 -0.00449097 0.01483398
v -0.02647000 -0.00523299 0.00546700
v -0.02647000 -0.00643790 0.01409977
v -0.02647000 -0.00023500 -0.03685897
v -0.02647000 -0.01420998 -0.03268545
v -0.02647000 -0.01670295 -0.03674596
v -0.02647000 -0.01350224 -0.03090095
v -0.02647000 -0.01551097 -0.02229696
v -0.02647000 -0.00757795 -0.02295196
v -0.02647000 -0.00876999 -0.03739994
v -0.02647000 -0.01737898 -0.02214294
v -0.02647000 -0.01857095 -0.03659194
v -0.02647000 -0.01898300 -0.04157495
v -0.02647000 -0.01895296 -0.04266697
v -0.02647000 -0.01434850 -0.03177022
v -0.02647000 -0.00793695 0.00130397
v -0.02647000 -0.00559199 0.00111097
v -0.02647000 -0.00582296 -0.00070250
v -0.02647000 -0.00520199 -0.00029400
v -0.02647000 -0.01421797 -0.00662094
v -0.02647000 -0.01608598 -0.00646698
v -0.02647000 -0.00862896 -0.00708199
v -0.02647000 -0.00628400 -0.00727600
v -0.02647000 -0.00452298 -0.00742096
v -0.02647000 -0.00422597 -0.01169198
v -0.02647000 -0.00651795 -0.03987699
v -0.02647000 -0.00767499 -0.04103338
v -0.02647000 -0.00518900 -0.03892499
v -0.02647000 -0.00372195 -0.03820300
v -0.02647000 -0.00862700 -0.04235994
v -0.02647000 -0.00933295 -0.04371398
v -0.02647000 -0.00986099 -0.04479199
v -0.02647000 -0.01144289 -0.04628264
v -0.02647000 -0.01056998 -0.04562395
v -0.02647000 -0.01747000 -0.04557895
v -0.02647000 -0.01505571 -0.04144245
v -0.02647000 -0.01481032 -0.04282808
v -0.02647000 -0.01413697 -0.04078823
v -0.02647000 -0.01363497 -0.04311519
v -0.02647000 -0.01282775 -0.04224020
v -0.02647000 -0.01243597 -0.04673498
v -0.02647000 -0.01350599 -0.04696094
v -0.02647000 -0.01459795 -0.04694998
v -0.02647000 -0.01566296 -0.04670095
v -0.02647000 -0.01664698 -0.04622697
v -0.02647000 -0.01320320 -0.04110574
v -0.02647000 -0.01819598 -0.04470396
v -0.02647000 -0.01868700 -0.04372698
v -0.02647000 -0.01497900 -0.00205898
v -0.02647000 -0.01559495 -0.00249398
v -0.02647000 -0.01542097 -0.00230199
v -0.02647000 -0.01471799 -0.00204694
v -0.02647000 -0.01574200 -0.00270599
v -0.02647000 -0.01579695 -0.00296098
v -0.02647000 -0.01384598 -0.00211894
v -0.02647000 -0.01222699 -0.00225198
v -0.02647000 -0.00871998 0.00071900
v -0.02647000 -0.00876176 0.00156635
v -0.02647000 -0.00889999 -0.00011000
v -0.02647000 -0.00928795 -0.00086400
v -0.02647000 -0.00985795 -0.00149298
v -0.02647000 -0.01057100 -0.00195199
v -0.02647000 -0.01137900 -0.00221097
v -0.02647000 -0.01169198 0.00422597
v -0.02647000 -0.01354676 0.00437856
v -0.02647000 -0.01086294 0.00404596
v -0.02647000 -0.01010799 0.00365800
v -0.02647000 -0.00948000 0.00308800
v -0.02647000 -0.00902098 0.00237495
v -0.02647000 -0.01445597 0.00552100
v -0.02647000 -0.01446294 0.00528794
v -0.02647000 -0.01441597 0.00505996
v -0.02647000 -0.01431697 0.00484896
v -0.02647000 -0.01417195 0.00466698
v -0.02647000 -0.01398897 0.00452298
v -0.02647000 -0.01377695 0.00442499
v -0.02647000 -0.00392496 -0.01334697
v -0.02647000 -0.00346595 -0.01406097
v -0.02647000 -0.00418395 -0.01253998
v -0.02647000 -0.00125396 -0.01519799
v -0.02647000 0.00007875 -0.01499271
v -0.02647000 0.00353199 -0.01816397
v -0.02647000 0.00111496 -0.01443898
v -0.02647000 0.00428200 -0.01674097
v -0.02647000 0.00524998 -0.01545596
v -0.02647000 -0.00404596 -0.01086294
v -0.02647000 -0.00365800 -0.01010799
v -0.02647000 -0.00308800 -0.00948000
v -0.02647000 -0.00237495 -0.00902098
v -0.02647000 -0.00156695 -0.00876194
v -0.02647000 -0.00071900 -0.00871998
v -0.02647000 0.00052200 -0.00783700
v -0.02647000 -0.00458473 -0.00634897
v -0.02647000 0.00056150 -0.00914145
v -0.02647000 0.00149298 -0.00985795
v -0.02647000 0.00168496 -0.01380997
v -0.02647000 0.00641096 -0.01434397
v -0.02647000 0.00207299 -0.01305598
v -0.02647000 0.00773597 -0.01343196
v -0.02647000 0.00225198 -0.01222699
v -0.02647000 0.00944197 -0.01229196
v -0.02647000 0.01098299 -0.01093697
v -0.02647000 0.01233112 -0.00939095
v -0.02647000 0.00195199 -0.01057100
v -0.02647000 0.00221097 -0.01137900
v -0.02647000 0.01010799 -0.00365800
v -0.02647000 0.01086294 -0.00404596
v -0.02647000 0.00437897 0.01354897
v -0.02647000 0.00552100 0.01445597
v -0.02647000 0.00574595 0.01439595
v -0.02647000 0.00528794 0.01446294
v -0.02647000 0.00505996 0.01441597
v -0.02647000 0.00469697 0.01414495
v -0.02647000 0.00484896 0.01431697
v -0.02647000 0.00404596 0.01086294
v -0.02647000 0.01210796 0.00967699
v -0.02647000 0.01328098 0.00799197
v -0.02647000 0.01072394 0.01119196
v -0.02647000 0.00422597 0.01169198
v -0.02647000 0.00915098 0.01251000
v -0.02647000 0.00741798 0.01360994
v -0.02647000 0.01491117 0.00423151
v -0.02647000 0.00239247 0.00477546
v -0.02647000 0.01421999 0.00616795
v -0.02647000 0.00226796 0.00548994
v -0.02647000 0.00204599 0.00630796
v -0.02647000 0.00237495 0.00902098
v -0.02647000 0.00156635 0.00876194
v -0.02647000 0.00365800 0.01010799
v -0.02647000 0.00308800 0.00948000
v -0.02647000 0.00164294 0.00689846
v -0.02647000 0.00071900 0.00871998
v -0.02647000 -0.00264800 0.01505798
v -0.02647000 -0.00209898 0.01408296
v -0.02647000 -0.00228196 0.01222497
v -0.02647000 -0.00231797 0.01472395
v -0.02647000 -0.00220698 0.01452296
v -0.02647000 -0.00228095 0.00785798
v -0.02647000 -0.00321674 0.00714523
v -0.02647000 -0.00221097 0.01137900
v -0.02647000 0.00095800 0.00759095
v -0.02647000 0.00020400 0.00797897
v -0.02647000 -0.00011000 0.00889999
v -0.02647000 -0.00062500 0.00815898
v -0.02647000 -0.00086400 0.00928795
v -0.02647000 -0.00147295 0.00811696
v -0.02647000 -0.00149298 0.00985795
v -0.02647000 -0.00198799 0.01056295
v -0.02647000 -0.00284696 0.01513397
v -0.02647000 -0.00307697 0.01516497
v -0.02647000 -0.00330895 0.01514297
v -0.02647000 -0.00390500 0.00600195
v -0.02647000 -0.00408995 0.00433898
v -0.02647000 -0.00353622 0.00311947
v -0.02647000 -0.00408947 0.00527847
v -0.02647000 -0.00383097 0.00096500
v -0.02647000 -0.00406170 -0.00002675
v -0.02647000 0.00121397 0.00054900
v -0.02647000 -0.00031200 0.00172198
v -0.02647000 0.00049500 0.00198096
v -0.02647000 -0.00115996 0.00168097
v -0.02647000 -0.00198895 0.00185996
v -0.02647000 -0.00274396 0.00224799
v -0.02647000 0.00128448 0.00255150
v -0.02647000 0.00239921 0.00054450
v -0.02647000 0.00331896 0.00125199
v -0.02647000 -0.00619495 -0.00539195
v -0.02647000 -0.00564098 -0.00586295
v -0.02647000 -0.00675297 -0.00462097
v -0.02647000 -0.00701195 -0.00381297
v -0.02647000 -0.00648600 -0.00138199
v -0.02647000 -0.00687396 -0.00213599
v -0.02647000 -0.00705296 -0.00296599
v -0.02647000 -0.00271797 -0.00017300
v -0.02647000 -0.00196296 -0.00056100
v -0.02647000 -0.00133496 -0.00113195
v -0.02647000 -0.00061600 -0.00265294
v -0.02647000 -0.00087600 -0.00184494
v -0.02647000 -0.00057500 -0.00349998
v -0.02647000 -0.00075500 -0.00432897
v -0.02647000 -0.00114298 -0.00508398
v -0.02647000 -0.00171298 -0.00571197
v -0.02647000 -0.00242597 -0.00617194
v -0.02647000 -0.00323397 -0.00643098
v -0.02647000 0.00580299 0.00137299
v -0.02647000 0.00655794 0.00098500
v -0.02647000 0.00889969 0.00010939
v -0.02647000 0.00735545 0.00013825
v -0.02647000 0.01137900 0.00221097
v -0.02647000 0.01057100 0.00195199
v -0.02647000 0.01222699 0.00225198
v -0.02647000 0.01408296 0.00209898
v -0.02647000 0.01514297 0.00330895
v -0.02647000 0.01431596 0.00210696
v -0.02647000 0.01447898 0.00224495
v -0.02647000 0.01516497 0.00307697
v -0.02647000 0.00177896 0.00306898
v -0.02647000 0.00412697 0.00151098
v -0.02647000 0.00212496 0.00383699
v -0.02647000 0.00790495 -0.00110698
v -0.02647000 0.00928795 0.00086400
v -0.02647000 0.00985795 0.00149298
v -0.02647000 0.00164699 -0.00059000
v -0.02647000 0.01414495 -0.00469697
v -0.02647000 0.01431697 -0.00484896
v -0.02647000 0.01441597 -0.00505996
v -0.02647000 0.01354897 -0.00437897
v -0.02647000 0.01445597 -0.00552100
v -0.02647000 0.01437795 -0.00578898
v -0.02647000 0.01446294 -0.00528794
v -0.02647000 0.00146794 -0.00141996
v -0.02647000 0.00150895 -0.00226694
v -0.02647000 0.00680798 -0.00416595
v -0.02647000 0.00737798 -0.00353795
v -0.02647000 0.00948000 -0.00308800
v -0.02647000 0.00776595 -0.00278300
v -0.02647000 0.00902098 -0.00237495
v -0.02647000 0.00794595 -0.00195396
v -0.02647000 0.00876194 -0.00156695
v -0.02647000 0.00871998 -0.00071900
v -0.02647000 0.00443995 -0.00492597
v -0.02647000 0.00528699 -0.00488496
v -0.02647000 0.00609499 -0.00462496
v -0.02647000 0.00360996 -0.00474596
v -0.02647000 0.00285596 -0.00435799
v -0.02647000 0.00222796 -0.00378799
v -0.02647000 0.00176799 -0.00307494
v -0.02647000 0.01169198 -0.00422597
v -0.02647000 0.01346498 -0.00767797
v -0.02046996 -0.01226300 0.00612897
v -0.02046996 -0.01160895 0.00262046
v -0.02046996 -0.00932300 0.00588596
v -0.02046996 -0.01360172 0.00079975
v -0.02046996 -0.01621997 -0.00809395
v -0.02046996 -0.01300084 -0.00027062
v -0.02046996 -0.00424296 -0.03350895
v -0.02046996 -0.00484300 -0.03772395
v -0.02046996 -0.00346071 -0.03399175
v -0.02046996 -0.00271899 -0.03789895
v -0.02046996 -0.00215799 -0.03772997
v -0.02046996 -0.01077175 0.00213671
v -0.02046996 -0.01188099 -0.00068300
v -0.02046996 -0.01051497 -0.00856400
v -0.02046996 -0.01080924 -0.00020075
v -0.02046996 0.00115794 -0.03527295
v -0.02046996 -0.00239199 -0.03368920
v -0.02046996 0.00054600 -0.03613996
v -0.02046996 -0.00203299 -0.03278398
v -0.02046996 0.00157297 -0.03429597
v -0.02046996 0.01346498 -0.00767797
v -0.02046996 0.01247245 -0.00257695
v -0.02046996 0.01233196 -0.00939000
v -0.02046996 0.01160699 -0.00261998
v -0.02046996 0.01062995 -0.00196970
v -0.02046996 0.00859499 -0.01014095
v -0.02046996 0.01105648 0.00041950
v -0.02046996 0.01187896 0.00068250
v -0.02046996 0.00978696 0.00430995
v -0.02046996 -0.01345497 -0.00832194
v -0.02046996 0.00177199 -0.03325295
v -0.02046996 -0.01514399 0.00330395
v -0.02046996 -0.01544797 0.00127399
v -0.02046996 -0.01344448 0.00175345
v -0.02046996 -0.01457399 0.00527596
v -0.02046996 -0.01278609 0.00240284
v -0.02046996 -0.01413196 0.00628299
v -0.02046996 -0.00023500 -0.03685897
v -0.02046996 -0.00986099 -0.04479199
v -0.02046996 -0.01311624 -0.04276549
v -0.02046996 -0.01056998 -0.04562395
v -0.02046996 -0.00114995 -0.03739696
v -0.02046996 0.00261694 -0.02301496
v -0.02046996 -0.00266623 -0.03178721
v -0.02046996 -0.00823200 -0.03744494
v -0.02046996 -0.01321047 -0.04104423
v -0.02046996 -0.01281774 -0.04184496
v -0.02046996 -0.01424372 -0.04312998
v -0.02046996 -0.01350545 -0.04696083
v -0.02046996 -0.01459795 -0.04694998
v -0.02046996 -0.01566296 -0.04670095
v -0.02046996 -0.00444871 -0.03277623
v -0.02046996 -0.00385195 -0.03184270
v -0.02046996 -0.00358695 -0.02250397
v -0.02046996 -0.00863296 -0.04237300
v -0.02046996 -0.00935000 -0.04382497
v -0.02046996 -0.00217420 -0.01310950
v -0.02046996 -0.00264096 -0.01171225
v -0.02046996 0.00302094 -0.01968795
v -0.02046996 -0.00019025 -0.01339221
v -0.02046996 0.00275999 -0.02127498
v -0.02046996 0.00353175 -0.01816457
v -0.02046996 -0.00196970 -0.01062995
v -0.02046996 -0.00249195 -0.00922596
v -0.02046996 -0.00022150 -0.01047396
v -0.02046996 0.00430995 -0.00978696
v -0.02046996 -0.00106496 -0.01028996
v -0.02046996 -0.01252198 -0.03301137
v -0.02046996 -0.01286596 -0.03706198
v -0.02046996 -0.01160997 -0.02184200
v -0.02046996 -0.01237970 -0.03115749
v -0.02046996 -0.00697595 -0.02222394
v -0.02046996 0.00041950 -0.01105648
v -0.02046996 0.00049850 -0.01272648
v -0.02046996 0.01339221 -0.00019025
v -0.02046996 0.01533895 0.00222796
v -0.02046996 0.01272648 0.00049850
v -0.02046996 -0.00133699 -0.01359349
v -0.02046996 0.01498597 0.00388098
v -0.02046996 0.01549899 0.00018200
v -0.02046996 0.01359349 -0.00133699
v -0.02046996 0.01319795 -0.00210899
v -0.02046996 0.01500594 -0.00388396
v -0.02046996 0.01436096 -0.00583196
v -0.02046996 0.00944197 -0.01229196
v -0.02046996 0.01098299 -0.01093697
v -0.02046996 0.00068250 -0.01187896
v -0.02046996 0.01146996 -0.01037800
v -0.02046996 -0.00767398 -0.04103195
v -0.02046996 -0.00651795 -0.03987699
v -0.02046996 0.00428200 -0.01674097
v -0.02046996 0.00524998 -0.01545596
v -0.02046996 0.00641096 -0.01434397
v -0.02046996 0.00773597 -0.01343196
v -0.02046996 0.00772095 -0.00355399
v -0.02046996 0.00698698 -0.00484097
v -0.02046996 0.00835794 -0.01301598
v -0.02046996 0.01538699 -0.00186700
v -0.02046996 0.01047396 -0.00022150
v -0.02046996 -0.00041950 0.01105648
v -0.02046996 -0.00072350 0.01187896
v -0.02046996 -0.00094600 0.00950998
v -0.02046996 0.00265598 0.01203799
v -0.02046996 0.00628299 0.01413398
v -0.02046996 0.00239348 0.01286196
v -0.02046996 0.00585598 0.00894898
v -0.02046996 0.00247198 0.01119446
v -0.02046996 0.01014095 0.00859499
v -0.02046996 0.01072412 0.01119178
v -0.02046996 0.00915098 0.01251000
v -0.02046996 0.00741798 0.01360994
v -0.02046996 0.01328080 0.00799227
v -0.02046996 0.01210796 0.00967699
v -0.02046996 0.00359499 0.01507699
v -0.02046996 0.00157100 0.01541996
v -0.02046996 0.00175345 0.01344448
v -0.02046996 0.00090800 0.01362895
v -0.02046996 -0.00046700 0.01549196
v -0.02046996 0.00008400 0.01336544
v -0.02046996 0.01490998 0.00423497
v -0.02046996 0.01421999 0.00616795
v -0.02046996 0.01028996 -0.00106496
v -0.02046996 0.00106496 0.01028996
v -0.02046996 0.00188947 0.01055246
v -0.02046996 0.00022150 0.01047396
v -0.02046996 -0.00433499 0.00978994
v -0.02046996 -0.00224095 0.00819898
v -0.02046996 0.00598115 0.00603974
v -0.02046996 0.00693899 0.00490999
v -0.02046996 -0.00078295 0.00846398
v -0.02046996 0.00069900 0.00847095
v -0.02046996 0.00215900 0.00822097
v -0.02046996 0.00355399 0.00772095
v -0.02046996 -0.00491071 0.00693834
v -0.02046996 -0.00362998 0.00768596
v -0.02046996 -0.00896895 0.01017194
v -0.02046996 -0.00603974 0.00598115
v -0.02046996 0.00452596 -0.00716197
v -0.02046996 0.00490999 -0.00693899
v -0.02046996 -0.01268398 0.00890899
v -0.02046996 -0.01195895 0.00980794
v -0.02046996 -0.00846398 -0.00078300
v -0.02046996 -0.00847095 0.00069900
v -0.02046996 0.00362998 -0.00768596
v -0.02046996 0.00716197 0.00452596
v -0.02046996 0.00484097 0.00698698
v -0.02046996 -0.00049900 0.01272445
v -0.02046996 -0.00822097 0.00215900
v -0.02046996 -0.00772095 0.00355399
v -0.02046996 -0.00698698 0.00484097
v -0.02046996 -0.00215924 -0.00822091
v -0.02046996 -0.00588095 -0.00894696
v -0.02046996 -0.00355399 -0.00772095
v -0.02046996 -0.01149696 0.01037997
v -0.02046996 -0.01144200 -0.04628199
v -0.02046996 -0.01243597 -0.04673498
v -0.02046996 -0.01432132 -0.04087460
v -0.02046996 -0.01139599 0.01050698
v -0.02046996 -0.00452095 0.01482599
v -0.02046996 -0.00643998 0.01409900
v -0.02046996 -0.00824749 0.01312315
v -0.02046996 -0.00990796 0.01191997
v -0.02046996 -0.01661497 -0.04624199
v -0.02046996 -0.00519013 -0.03892582
v -0.02046996 -0.00372195 -0.03820300
v -0.02046996 -0.01501399 -0.04264199
v -0.02046996 -0.01518172 -0.04173296
v -0.02046996 -0.01580595 -0.03681999
v -0.02046996 -0.01868700 -0.04372698
v -0.02046996 -0.01895296 -0.04266697
v -0.02046996 0.00555497 0.01446998
v -0.02046996 -0.01374995 0.00715500
v -0.02046996 -0.00252199 0.01529300
v -0.02046996 -0.00390696 0.01496899
v -0.02046996 -0.01898300 -0.04157495
v -0.02046996 -0.01819598 -0.04470396
v -0.02046996 -0.01750600 -0.04554998
v -0.02046996 0.00078300 -0.00846398
v -0.02046996 0.00224095 -0.00819898
v -0.02046996 -0.00069900 -0.00847095
v -0.02046996 0.00768596 0.00362998
v -0.02046996 0.00819898 0.00224095
v -0.02046996 -0.01454997 -0.02159899
v -0.02046996 -0.01857095 -0.03659194
v -0.02046996 -0.01731598 -0.02137094
v -0.02046996 -0.01031172 0.00095750
v -0.02046996 -0.00484097 -0.00698698
v -0.02046996 -0.00598127 -0.00603962
v -0.02046996 0.00846398 0.00078300
v -0.02046996 0.00847095 -0.00069900
v -0.02046996 0.00822097 -0.00215900
v -0.02046996 0.00603998 -0.00598097
v -0.02046996 -0.00819898 -0.00224095
v -0.02046996 -0.00768596 -0.00362998
v -0.02046996 -0.00693899 -0.00490999
v -0.02046996 -0.01198548 -0.03219974
v -0.02046996 -0.01434248 -0.03177398
v -0.02046996 -0.01353698 -0.03090846
v -0.02046996 -0.01373738 -0.03303784
v -0.02296996 -0.01421099 0.00464296
v -0.02296996 -0.01319795 0.00210899
v -0.02296996 -0.01514399 0.00330395
v -0.02296996 -0.01544797 0.00127399
v -0.02296996 -0.01339221 0.00019025
v -0.02296996 -0.01544696 -0.00228095
v -0.02296996 -0.01471799 -0.00204694
v -0.02296996 -0.01272648 -0.00049850
v -0.02296996 -0.01222699 -0.00225198
v -0.02296996 -0.01497900 -0.00205898
v -0.02296996 -0.01526600 -0.00209600
v -0.02296996 -0.01377695 0.00442499
v -0.02296996 -0.01398897 0.00452298
v -0.02296996 -0.01169198 0.00422597
v -0.02296996 -0.01160895 0.00262046
v -0.02296996 -0.01354897 0.00437897
v -0.02296996 -0.01086294 0.00404596
v -0.02296996 -0.01062995 0.00196970
v -0.02296996 -0.01137900 -0.00221097
v -0.02296996 -0.01177245 -0.00065575
v -0.02296996 -0.01057100 -0.00195199
v -0.02296996 -0.00985795 -0.00149298
v -0.02296996 -0.01071947 -0.00013450
v -0.02296996 -0.00928795 -0.00086400
v -0.02296996 -0.00889999 -0.00011000
v -0.02296996 -0.00902098 0.00237495
v -0.02296996 -0.01033794 0.00074500
v -0.02296996 -0.00876194 0.00156695
v -0.02296996 -0.00948000 0.00308800
v -0.02296996 -0.01010799 0.00365800
v -0.02296996 -0.01359349 0.00133699
v -0.02296996 -0.01247245 0.00257695
v -0.02296996 -0.01575899 -0.00270396
v -0.02296996 -0.01562196 -0.00247395
v -0.02296996 -0.00871998 0.00071900
v -0.02296996 -0.00209898 0.01408296
v -0.02296996 -0.00041975 0.01280272
v -0.02296996 -0.00225198 0.01222699
v -0.02296996 -0.00086400 0.00928795
v -0.02296996 -0.00034225 0.01097625
v -0.02296996 -0.00011000 0.00889999
v -0.02296996 -0.00203997 0.01435196
v -0.02296996 0.00308800 0.00948000
v -0.02296996 0.00222498 0.01083695
v -0.02296996 0.00365800 0.01010799
v -0.02296996 0.00149995 0.01036900
v -0.02296996 0.00156695 0.00876194
v -0.02296996 0.00063600 0.01032549
v -0.02296996 0.00237495 0.00902098
v -0.02296996 -0.00068300 0.01188099
v -0.02296996 -0.00221097 0.01137900
v -0.02296996 -0.00195199 0.01057100
v -0.02296996 -0.00149298 0.00985795
v -0.02296996 0.00257695 0.01247245
v -0.02296996 0.00437897 0.01354897
v -0.02296996 0.00262046 0.01160895
v -0.02296996 0.00422597 0.01169198
v -0.02296996 0.00157100 0.01541996
v -0.02296996 0.00133896 0.01359295
v -0.02296996 -0.00048000 0.01549297
v -0.02296996 0.00047350 0.01354944
v -0.02296996 0.00210750 0.01319944
v -0.02296996 0.00464100 0.01421898
v -0.02296996 0.00452298 0.01398897
v -0.02296996 -0.00252199 0.01529300
v -0.02296996 -0.00225896 0.01475799
v -0.02296996 -0.00237495 0.01495695
v -0.02296996 0.00359499 0.01507699
v -0.02296996 0.00484896 0.01431697
v -0.02296996 0.00505996 0.01441597
v -0.02296996 0.00529998 0.01449894
v -0.02296996 0.00404596 0.01086294
v -0.02296996 0.00442499 0.01377695
v -0.02296996 -0.00262898 0.01504999
v -0.02296996 0.00071900 0.00871998
v -0.02296996 -0.00285494 0.01519894
v -0.02296996 0.00902098 -0.00237495
v -0.02296996 0.01062995 -0.00196970
v -0.02296996 0.00948000 -0.00308800
v -0.02296996 0.01028996 -0.00106496
v -0.02296996 0.01533895 0.00222796
v -0.02296996 0.01475900 0.00223398
v -0.02296996 0.01491796 0.00243700
v -0.02296996 0.01454097 0.00216895
v -0.02296996 0.01308047 0.00025350
v -0.02296996 0.01431596 0.00210696
v -0.02296996 0.01408296 0.00209898
v -0.02296996 0.01538699 -0.00186700
v -0.02296996 0.01359349 -0.00133699
v -0.02296996 0.01549899 0.00018200
v -0.02296996 0.01137900 0.00221097
v -0.02296996 0.01144599 0.00060350
v -0.02296996 0.01057100 0.00195199
v -0.02296996 0.01231199 0.00064700
v -0.02296996 0.01222699 0.00225198
v -0.02296996 0.01354944 -0.00047350
v -0.02296996 0.01504999 0.00262898
v -0.02296996 0.00876194 -0.00156695
v -0.02296996 0.00985795 0.00149298
v -0.02296996 0.01055324 -0.00014325
v -0.02296996 0.00928795 0.00086400
v -0.02296996 0.00889999 0.00011000
v -0.02296996 0.00871998 -0.00071900
v -0.02296996 0.01319795 -0.00210899
v -0.02296996 0.01500594 -0.00388396
v -0.02296996 0.01419597 -0.00465196
v -0.02296996 0.01431697 -0.00484896
v -0.02296996 0.01441597 -0.00505996
v -0.02296996 0.01086294 -0.00404596
v -0.02296996 0.01160895 -0.00262046
v -0.02296996 0.01169198 -0.00422597
v -0.02296996 0.01354897 -0.00437897
v -0.02296996 0.01247245 -0.00257695
v -0.02296996 0.01383298 -0.00437498
v -0.02296996 0.01451599 -0.00529796
v -0.02296996 0.01519495 0.00285298
v -0.02296996 0.01010799 -0.00365800
v -0.02046996 0.00224095 -0.00819898
v -0.02146995 0.00224095 -0.00819898
v -0.02046996 0.00078300 -0.00846398
v -0.02146995 0.00362998 -0.00768596
v -0.02146995 0.00847095 -0.00069900
v -0.02046996 0.00847095 -0.00069900
v -0.02146995 0.00846398 0.00078300
v -0.02046996 0.00846398 0.00078300
v -0.02146995 0.00819898 0.00224095
v -0.02046996 0.00819898 0.00224095
v -0.02146995 -0.00598097 -0.00603998
v -0.02046996 -0.00598127 -0.00603962
v -0.02146995 -0.00484097 -0.00698698
v -0.02046996 -0.00484097 -0.00698698
v -0.02146995 -0.00355399 -0.00772095
v -0.02046996 -0.00215924 -0.00822091
v -0.02146995 -0.00215900 -0.00822097
v -0.02146995 -0.00069900 -0.00847095
v -0.02046996 -0.00069900 -0.00847095
v -0.02146995 0.00078300 -0.00846398
v -0.02046996 0.00822097 -0.00215900
v -0.02146995 0.00822097 -0.00215900
v -0.02146995 0.00355399 0.00772095
v -0.02046996 0.00355399 0.00772095
v -0.02146995 0.00215900 0.00822097
v -0.02046996 0.00215900 0.00822097
v -0.02146995 0.00069900 0.00847095
v -0.02046996 0.00069900 0.00847095
v -0.02046996 0.00452596 -0.00716197
v -0.02146995 0.00490999 -0.00693899
v -0.02046996 0.00490999 -0.00693899
v -0.02146995 0.00603998 -0.00598097
v -0.02046996 0.00362998 -0.00768596
v -0.02046996 0.00698698 -0.00484097
v -0.02146995 0.00698698 -0.00484097
v -0.02046996 0.00603998 -0.00598097
v -0.02146995 0.00772095 -0.00355399
v -0.02046996 0.00772095 -0.00355399
v -0.02046996 0.00484097 0.00698698
v -0.02146995 0.00484097 0.00698698
v -0.02046996 0.00598115 0.00603974
v -0.02146995 0.00598097 0.00603998
v -0.02046996 0.00693899 0.00490999
v -0.02146995 0.00693899 0.00490999
v -0.02046996 -0.00355399 -0.00772095
v -0.02046996 0.00716197 0.00452596
v -0.02146995 0.00768596 0.00362998
v -0.02046996 0.00768596 0.00362998
v -0.02146995 -0.00698698 0.00484097
v -0.02046996 -0.00698698 0.00484097
v -0.02146995 -0.00772095 0.00355399
v -0.02046996 -0.00603974 0.00598115
v -0.02146995 -0.00603998 0.00598097
v -0.02046996 -0.00491071 0.00693834
v -0.02146995 -0.00490999 0.00693899
v -0.02046996 -0.00693899 -0.00490999
v -0.02146995 -0.00693899 -0.00490999
v -0.02046996 -0.00768596 -0.00362998
v -0.02146995 -0.00078300 0.00846398
v -0.02046996 -0.00078295 0.00846398
v -0.02146995 -0.00224095 0.00819898
v -0.02046996 -0.00224095 0.00819898
v -0.02146995 -0.00362998 0.00768596
v -0.02046996 -0.00362998 0.00768596
v -0.02146995 -0.00819898 -0.00224095
v -0.02046996 -0.00819898 -0.00224095
v -0.02146995 -0.00768596 -0.00362998
v -0.02046996 -0.00846398 -0.00078300
v -0.02146995 -0.00846398 -0.00078300
v -0.02046996 -0.00847095 0.00069900
v -0.02146995 -0.00847095 0.00069900
v -0.02046996 -0.00822097 0.00215900
v -0.02146995 -0.00822097 0.00215900
v -0.02046996 -0.00772095 0.00355399
v -0.02146995 0.00819898 0.00224095
v -0.02146995 0.00582796 -0.00044700
v -0.02146995 0.00846398 0.00078300
v -0.02146995 -0.00846398 -0.00078300
v -0.02146995 -0.00378597 -0.00156647
v -0.02146995 0.00306469 -0.00187349
v -0.02146995 -0.00471795 -0.00182748
v -0.02146995 0.00629747 -0.00117350
v -0.02146995 -0.00222397 -0.00271946
v -0.02146995 -0.00269300 -0.00199294
v -0.02146995 -0.00256145 0.00483549
v -0.02146995 -0.00772095 0.00355399
v -0.02146995 -0.00229597 0.00401294
v -0.02146995 -0.00165445 0.00343197
v -0.02146995 0.00342375 -0.00066650
v -0.02146995 -0.00080850 0.00325048
v -0.02146995 -0.00078300 0.00846398
v -0.02146995 -0.00097650 0.00658846
v -0.02146995 0.00069900 0.00847095
v -0.02146995 -0.00013050 0.00640696
v -0.02146995 0.00215900 0.00822097
v -0.02146995 -0.00847095 0.00069900
v -0.02146995 0.00051100 0.00582695
v -0.02146995 0.00355399 0.00772095
v -0.02146995 -0.00822097 0.00215900
v -0.02146995 -0.00224095 0.00819898
v -0.02146995 -0.00179994 0.00632346
v -0.02146995 -0.00819898 -0.00224095
v -0.02146995 -0.00768596 -0.00362998
v -0.02146995 -0.00540447 -0.00374597
v -0.02146995 -0.00362998 0.00768596
v -0.02146995 -0.00490999 0.00693899
v -0.02146995 -0.00237995 0.00568146
v -0.02146995 -0.00698698 0.00484097
v -0.02146995 -0.00603998 0.00598097
v -0.02146995 0.00698698 -0.00484097
v -0.02146995 0.00594646 -0.00280797
v -0.02146995 0.00603998 -0.00598097
v -0.02146995 0.00772095 -0.00355399
v -0.02146995 0.00634044 -0.00203747
v -0.02146995 0.00822097 -0.00215900
v -0.02146995 -0.00598097 -0.00603998
v -0.02146995 -0.00493497 -0.00447249
v -0.02146995 -0.00693899 -0.00490999
v -0.02146995 0.00847095 -0.00069900
v -0.02146995 0.00768596 0.00362998
v -0.02146995 0.00077650 0.00500345
v -0.02146995 0.00059500 0.00415796
v -0.02146995 0.00484097 0.00698698
v -0.02146995 0.00598097 0.00603998
v -0.02146995 0.00693899 0.00490999
v -0.02146995 -0.00330096 -0.00482345
v -0.02146995 -0.00069900 -0.00847095
v -0.02146995 -0.00257444 -0.00435400
v -0.02146995 -0.00215900 -0.00822097
v -0.02146995 -0.00355399 -0.00772095
v -0.02146995 -0.00484097 -0.00698698
v -0.02146995 -0.00416499 -0.00486648
v -0.02146995 -0.00540370 -0.00277948
v -0.02146995 0.00419348 -0.00009650
v -0.02146995 0.00506699 -0.00003650
v -0.02146995 0.00001450 0.00351649
v -0.02146995 0.00435597 -0.00332046
v -0.02146995 0.00362998 -0.00768596
v -0.02146995 0.00490999 -0.00693899
v -0.02146995 0.00224095 -0.00819898
v -0.02146995 0.00078300 -0.00846398
v -0.02146995 0.00358599 -0.00292647
v -0.02146995 0.00522000 -0.00327748
v -0.02146995 -0.00218046 -0.00358349
v -0.02647000 0.00497395 0.00155199
v -0.02296996 -0.00212997 0.01456898
v -0.02647000 0.01500898 0.00265598
v -0.02647000 0.01471197 0.00233495
v -0.02647000 -0.00244600 0.01490598
v -0.02647000 0.01489698 0.00245398
v -0.02296996 0.01402199 -0.00449097
v -0.02647000 0.00456798 0.01396000
v -0.02647000 0.00445098 0.01376897
v -0.02296996 -0.00285494 0.01519894
v -0.02647000 -0.00935000 -0.04382497
v -0.02647000 -0.01522696 -0.00213897
v -0.02647000 -0.00210696 0.01431596
v -0.02647000 0.01376098 -0.00446898
v -0.02647000 0.01396095 -0.00456899
v -0.02296996 -0.01451796 0.00528198
v -0.02296996 -0.01441895 0.00505698
v -0.02296996 -0.01431399 0.00484997
v -0.02647000 0.01513397 0.00284696
v -0.00839698 0.00073399 -0.06935995
v -0.00786495 0.00073999 -0.07055997
v -0.00829196 0.00054600 -0.06986600
v -0.00771499 0.00057099 -0.07150596
v -0.00762898 0.00075599 -0.07136195
v -0.00747895 0.00079599 -0.07217496
v -0.01103496 0.00071899 -0.06647998
v -0.01000297 0.00072300 -0.06729197
v -0.01039195 0.00053200 -0.06712597
v -0.01218396 0.00071599 -0.06584399
v -0.01183795 0.00052799 -0.06616199
v -0.00601995 -0.00958198 -0.07697397
v -0.00528234 -0.01087474 -0.07400494
v -0.00602996 -0.01072329 -0.07345056
v -0.00711799 0.00497293 -0.09659397
v -0.00664097 0.00232297 -0.09492999
v -0.00711799 0.00276494 -0.09449297
v -0.00664097 0.00022299 -0.09266901
v -0.00711799 0.00069099 -0.09226095
v -0.00664097 -0.00173497 -0.09028398
v -0.00711799 -0.00124198 -0.08990496
v -0.00664097 -0.00354099 -0.08778196
v -0.00711799 -0.00302696 -0.08743399
v -0.00664097 -0.00519097 -0.08517396
v -0.00711799 -0.00465500 -0.08485800
v -0.00664097 -0.00667596 -0.08246898
v -0.00601995 -0.00710100 -0.08268600
v -0.00529695 -0.00870401 -0.07998800
v -0.00601995 -0.00843000 -0.07986795
v -0.00529695 -0.00986397 -0.07707595
v -0.00664097 -0.00913399 -0.07681095
v -0.00664878 -0.01031911 -0.07317310
v -0.00662380 0.00531310 -0.09779596
v -0.00601995 0.00198394 -0.09526497
v -0.00601995 -0.00013601 -0.09298300
v -0.00601995 -0.00211197 -0.09057497
v -0.00601995 -0.00393599 -0.08804899
v -0.00601995 -0.00560099 -0.08541595
v -0.00452000 -0.00995999 -0.07711100
v -0.00453120 -0.00879616 -0.08002871
v -0.00451165 -0.01092791 -0.07417011
v -0.00741798 0.00545496 -0.09605497
v -0.00741798 0.00327998 -0.09398496
v -0.00741798 0.00123596 -0.09178495
v -0.00751942 0.00258547 -0.09216606
v -0.00741798 -0.00066901 -0.08946299
v -0.00751352 -0.00125420 -0.08748024
v -0.00741798 -0.00242698 -0.08702898
v -0.00741798 -0.00403196 -0.08449095
v -0.00711799 -0.00612301 -0.08218699
v -0.00664097 -0.00799197 -0.07967799
v -0.00711799 -0.00742197 -0.07942998
v -0.00711799 -0.00854999 -0.07659900
v -0.00712019 -0.00970381 -0.07310110
v -0.00529695 0.00177097 -0.09547597
v -0.00451988 0.00169760 -0.09554767
v -0.00529695 -0.00036201 -0.09318000
v -0.00751996 0.00597298 -0.09547597
v -0.00600320 0.00495064 -0.09807819
v -0.00529695 0.00404096 -0.09763598
v -0.00455040 -0.00239295 -0.09086114
v -0.00529695 -0.00234997 -0.09075796
v -0.00452000 -0.00043901 -0.09324699
v -0.02635997 -0.02117300 -0.04328298
v -0.02635997 -0.02083998 -0.04450595
v -0.02616995 -0.02121400 -0.04355096
v -0.00451612 0.00443602 -0.09812772
v -0.00529695 -0.00418395 -0.08821696
v -0.00529695 -0.00585896 -0.08556801
v -0.00529695 -0.00736797 -0.08282196
v -0.00454670 -0.00427329 -0.08826112
v -0.00452000 -0.00594699 -0.08561998
v -0.00452000 -0.00745815 -0.08286970
v 0.02578407 -0.01144868 -0.07100999
v 0.02635502 -0.01110804 -0.07088333
v 0.02632796 -0.01123899 -0.07021600
v 0.02683490 -0.01065015 -0.07071274
v 0.02680099 -0.01077395 -0.07006198
v 0.02719074 -0.01008927 -0.07058578
v 0.02715295 -0.01021295 -0.06990098
v 0.02736598 -0.00958598 -0.06974101
v 0.02575695 -0.01158499 -0.07035499
v 0.02515250 -0.01171404 -0.07084977
v 0.02747631 -0.00881928 -0.07021027
v 0.02742695 -0.00892395 -0.06958997
v 0.02740615 -0.00947732 -0.07041674
v -0.00751948 -0.00425762 -0.08256328
v -0.00741798 -0.00547796 -0.08185797
v -0.00741798 -0.00675899 -0.07914197
v -0.00752008 -0.00672728 -0.07723706
v -0.00741798 -0.00786996 -0.07635200
v -0.00742143 -0.00899112 -0.07298731
v -0.00753140 -0.00818300 -0.07287055
v -0.02166199 0.00070099 -0.06276500
v -0.02216595 0.00050999 -0.06253695
v -0.02282696 0.00069700 -0.06192296
v -0.02585399 0.00048600 -0.05772995
v -0.02594494 0.00067300 -0.05718296
v -0.02543395 0.00068000 -0.05852699
v -0.02473294 0.00068599 -0.05978196
v -0.02497094 0.00049499 -0.05957996
v -0.02372497 0.00050299 -0.06120496
v -0.02385795 0.00069200 -0.06092196
v 0.01416200 -0.01317000 -0.06055998
v 0.01767897 -0.01299995 -0.06262296
v 0.01784497 -0.01264899 -0.06209194
v 0.02156698 -0.01224398 -0.06353896
v 0.01970195 -0.01243495 -0.06282401
v 0.02149158 -0.01248145 -0.06382596
v 0.01952797 -0.01280397 -0.06338298
v 0.02127385 -0.01279479 -0.06447553
v 0.01869606 -0.01307958 -0.06372565
v 0.01402598 -0.01345795 -0.06099599
v 0.00684398 -0.01434499 -0.05739599
v -0.00020000 -0.01499295 -0.05444598
v -0.00057800 -0.01522499 -0.05445098
v 0.00129598 -0.01505798 -0.05514800
v 0.01455342 -0.01357889 -0.06240737
v 0.00581288 -0.01465892 -0.05733031
v 0.00494725 -0.01477074 -0.05713444
v 0.00319660 -0.01473021 -0.05574834
v 0.00129598 -0.01505798 -0.05514800
v 0.00316095 -0.01486599 -0.05586397
v 0.00129598 -0.01505798 -0.05514800
v 0.00309634 -0.01495385 -0.05599391
v 0.00678498 -0.01447099 -0.05758595
v 0.00293922 -0.01498931 -0.05614149
v 0.01473808 -0.01352155 -0.06190001
v 0.01846396 -0.01315236 -0.06431484
v 0.01660406 -0.01326555 -0.06407266
v 0.02196329 -0.01275295 -0.06642788
v 0.02193284 -0.01283991 -0.06558179
v -0.02498799 0.01546895 -0.09522300
v -0.02498799 0.01565796 -0.09454500
v -0.02446997 0.01559793 -0.09501296
v -0.02446997 0.01592499 -0.09415495
v -0.02498799 0.01596897 -0.09391200
v -0.02446997 0.01602697 -0.09394800
v -0.02495294 0.01639294 -0.09335100
v -0.02446997 0.01644098 -0.09339398
v -0.02588397 0.01495897 -0.09513098
v -0.02588397 0.01488894 -0.09592700
v -0.02620196 0.01455199 -0.09505701
v -0.02546995 0.01520699 -0.09592598
v -0.02546995 0.01527196 -0.09518700
v -0.02498799 0.01540696 -0.09592497
v -0.02446997 0.01547497 -0.09592497
v -0.02446997 0.01553595 -0.09523499
v -0.02446997 0.01572197 -0.09456896
v -0.02546995 0.01547098 -0.09447300
v -0.02588397 0.01517397 -0.09435999
v -0.02620196 0.01478695 -0.09421199
v -0.02640199 0.01433694 -0.09403997
v -0.02640199 0.01399296 -0.09593200
v -0.02640199 0.01408696 -0.09689295
v -0.02647000 0.01347494 -0.09593397
v -0.02620196 0.01455998 -0.09680199
v -0.02620196 0.01447498 -0.09592896
v -0.02588397 0.01496696 -0.09672397
v -0.02546995 0.01527899 -0.09666395
v 0.00688797 -0.01417696 -0.05723798
v 0.00594658 -0.01419389 -0.05675929
v 0.00302023 -0.01454871 -0.05561578
v 0.00603241 -0.01400059 -0.05672812
v 0.01707625 -0.01067000 -0.06071358
v 0.01527297 -0.01213103 -0.06029021
v 0.01426398 -0.01278299 -0.06019598
v -0.02640199 0.01407694 -0.09496998
v -0.02647018 0.01363450 -0.09446161
v -0.02546995 0.01579797 -0.09380799
v -0.02543956 0.01630318 -0.09317177
v 0.02277195 -0.01235896 -0.06444895
v 0.02318698 -0.01128399 -0.06351298
v 0.02159005 -0.01198428 -0.06320399
v 0.02301996 -0.01188498 -0.06392598
v 0.00129598 -0.01505798 -0.05514800
v 0.01796799 -0.01217895 -0.06164997
v 0.01983195 -0.01194000 -0.06235897
v 0.02724695 -0.00903600 -0.06880998
v 0.02697795 -0.00920397 -0.06764400
v 0.02694696 -0.00988597 -0.06780296
v 0.02472800 -0.01108199 -0.06472098
v 0.02326196 -0.01059299 -0.06323599
v 0.02416098 -0.01214700 -0.06554400
v 0.02524995 -0.01187896 -0.06692600
v 0.02449697 -0.01167500 -0.06509095
v 0.02474898 -0.01220995 -0.06732296
v 0.02172338 -0.01138842 -0.06279444
v 0.02179926 -0.01070153 -0.06253254
v 0.02179098 -0.00995397 -0.06242495
v 0.02324670 -0.00984561 -0.06311321
v 0.02479398 -0.00968599 -0.06429100
v 0.02483898 -0.01040399 -0.06445699
v 0.02673095 -0.00927597 -0.06714296
v 0.02609336 -0.00945276 -0.06585133
v 0.02608996 -0.01016396 -0.06600898
v 0.02245700 -0.01267695 -0.06505000
v 0.01938706 -0.01141309 -0.06182223
v 0.01942020 -0.01081311 -0.06162834
v 0.01554733 -0.01157152 -0.06021589
v 0.00119597 -0.01514595 -0.05543798
v 0.00129598 -0.01505798 -0.05514800
v -0.00057800 -0.01522499 -0.05445098
v 0.00129598 -0.01505798 -0.05514800
v 0.02447998 0.00804597 -0.10099500
v -0.00488418 0.00657028 -0.09989136
v 0.02748018 0.01246303 -0.09066700
v 0.02744901 0.01276934 -0.09058833
v 0.02744096 0.01190495 -0.09024900
v 0.02538841 0.01539093 -0.08996683
v 0.02452749 0.01622229 -0.08992111
v 0.02670300 0.01286196 -0.08995300
v 0.02697336 0.01192402 -0.08993929
v 0.02576398 0.01573795 -0.09011399
v 0.02609097 0.01477897 -0.09008198
v 0.02625095 0.01573896 -0.09036600
v 0.02648496 0.01477998 -0.09028595
v 0.02625095 0.01573896 -0.09036600
v 0.02678489 0.01500356 -0.09059780
v 0.02721500 0.01190394 -0.09000498
v 0.02730995 0.01142799 -0.09004795
v 0.02744299 0.01478797 -0.09172600
v 0.02748024 0.01547211 -0.09250557
v 0.02727448 0.01289367 -0.09030252
v 0.02710092 0.01508152 -0.09101414
v 0.02700179 0.01279962 -0.09004312
v 0.02730995 0.01142799 -0.09004795
v 0.02748000 0.01155698 -0.09032195
v -0.02610599 0.01205897 -0.10183200
v -0.02629595 0.01245695 -0.09004998
v -0.02629595 0.01251494 -0.10182900
v 0.02578794 0.01684296 -0.09033596
v 0.02612596 0.01666194 -0.09041100
v 0.02558243 0.01666116 -0.09013903
v 0.02710497 0.01684898 -0.09170097
v 0.02686500 0.01682496 -0.09125500
v 0.02742993 0.01622438 -0.09229063
v 0.02734798 0.01663398 -0.09296298
v 0.02731996 0.01679193 -0.09255099
v 0.02747696 0.01633971 -0.09283733
v 0.02734094 0.01677894 -0.09236598
v -0.02610599 0.01200097 -0.09005200
v -0.02636295 0.01294595 -0.09004396
v -0.02636295 0.01300495 -0.10183000
v 0.02721798 0.01684999 -0.09198498
v 0.02727699 0.01622498 -0.09174698
v 0.02531200 0.01684099 -0.09014695
v 0.02511596 0.01621598 -0.08996897
v 0.02501499 0.01680094 -0.09005099
v 0.02449995 0.01683598 -0.09002798
v 0.02721798 0.01684999 -0.09198498
v 0.02726697 0.01666599 -0.09180396
v 0.02727699 0.01622498 -0.09174698
v 0.02710497 0.01684898 -0.09170097
v 0.02727699 0.01622498 -0.09174698
v 0.02726697 0.01666599 -0.09180396
v 0.02727699 0.01622498 -0.09174698
v 0.02730900 0.01539433 -0.09155923
v 0.02655696 0.01682198 -0.09090900
v 0.02617496 0.01684498 -0.09057199
v 0.02612596 0.01666194 -0.09041100
v 0.02625095 0.01573896 -0.09036600
v 0.02617496 0.01684498 -0.09057199
v -0.02546995 0.01581895 -0.09803795
v -0.02587717 0.01601862 -0.09880661
v -0.02588397 0.01554995 -0.09820598
v -0.02442556 0.01604670 -0.09788447
v -0.02491587 0.01650279 -0.09856754
v -0.02498799 0.01598894 -0.09793198
v -0.02446997 0.01646596 -0.09844595
v -0.02446997 0.01573497 -0.09727799
v -0.02498799 0.01567196 -0.09730297
v -0.02546995 0.01548594 -0.09737598
v -0.02588397 0.01518994 -0.09749197
v -0.02620196 0.01480394 -0.09764295
v -0.02620196 0.01519894 -0.09842598
v -0.02640199 0.01435494 -0.09781998
v -0.02620196 0.01517397 -0.09342598
v -0.02588456 0.01600527 -0.09300112
v -0.02588397 0.01552695 -0.09364199
v -0.02546733 0.01626658 -0.09862053
v -0.02646958 0.01492458 -0.09199196
v -0.02640199 0.01476299 -0.09317398
v -0.02498799 0.01547598 -0.09662598
v -0.02451461 0.01554113 -0.09663456
v -0.02640199 0.01478993 -0.09868198
v -0.02647048 0.01368612 -0.09755188
v -0.02647000 0.01435095 -0.09895598
v -0.02647000 0.01499396 -0.09979999
v -0.02640795 0.01534199 -0.09947896
v -0.02466505 0.01671499 -0.09879034
v 0.02736061 0.01662880 -0.09883815
v -0.02475863 0.01688569 -0.09919595
v -0.02446997 0.01573497 -0.09727799
v 0.02730995 0.01142799 -0.09004795
v 0.02723795 0.01686799 -0.09981501
v -0.02446717 0.01699304 -0.09969335
v 0.02729195 0.01685196 -0.09935396
v 0.02735400 0.01677697 -0.09918600
v -0.02620786 0.01570683 -0.09269702
v -0.02639794 0.01546460 -0.09212636
v -0.02620571 0.01572865 -0.09913063
v 0.02565497 -0.01140898 -0.06656098
v 0.02736997 0.01635897 -0.09331995
v 0.02734798 0.01663398 -0.09296298
v -0.02457177 0.01670318 -0.09302282
v 0.02731996 0.01679193 -0.09255099
v -0.02460992 0.01687818 -0.09258925
v 0.02734094 0.01677894 -0.09236598
v -0.02463334 0.01694810 -0.09218102
v 0.02721798 0.01684999 -0.09198498
v -0.02479398 0.01696097 -0.09963500
v -0.02638733 0.01554530 -0.09981024
v -0.02622109 0.01595616 -0.09964084
v -0.02635997 -0.01956999 -0.04668796
v -0.02635997 -0.01867198 -0.04758197
v -0.02616995 -0.01892399 -0.04748499
v -0.02517175 0.01667439 -0.09896445
v -0.02531296 0.01647198 -0.09874695
v -0.02635997 -0.02029997 -0.04565298
v -0.02616995 -0.02072399 -0.04500895
v -0.02616995 -0.01995098 -0.04633897
v -0.02582997 0.01643699 -0.09953898
v -0.02535599 0.01674097 -0.09939700
v -0.02555197 0.01666295 -0.09978699
v -0.02555495 0.01656597 -0.09920495
v -0.02598696 0.01618099 -0.09925997
v -0.02568095 0.01636099 -0.09898298
v -0.02500134 0.01692759 -0.09968107
v -0.02588373 0.01640897 -0.09979605
v 0.02385479 -0.01229429 -0.06853687
v 0.02450925 -0.01175689 -0.07099038
v 0.02480995 -0.01209896 -0.06904697
v 0.02543199 -0.01190900 -0.06878399
v 0.02373898 -0.01247096 -0.06605297
v 0.02417898 -0.01238197 -0.06772798
v 0.02325797 -0.01262599 -0.06658798
v 0.02676296 -0.01053100 -0.06800895
v 0.02594095 -0.01082599 -0.06624895
v 0.02643597 -0.01110297 -0.06825095
v 0.02598398 -0.01157099 -0.06851398
v 0.02175396 0.00069900 -0.06247597
v -0.00058400 0.00065900 -0.05434596
v -0.00057800 -0.01522499 -0.05445098
v -0.00020000 -0.01499295 -0.05444598
v -0.00020000 -0.01499295 -0.05444598
v -0.00263000 -0.01956999 -0.04668796
v -0.00263000 -0.02029997 -0.04565298
v -0.00281996 -0.01995098 -0.04633897
v -0.00263000 -0.01867198 -0.04758197
v -0.00281996 -0.01892399 -0.04748499
v -0.00263000 -0.02083998 -0.04450595
v -0.00281996 -0.02072399 -0.04500895
v -0.00263000 -0.02117300 -0.04328298
v -0.00281996 -0.02121400 -0.04355096
v -0.02636033 -0.00954151 -0.04488253
v -0.02635997 -0.01023799 -0.04573398
v -0.02616995 -0.00983196 -0.04505997
v -0.02635997 -0.01023799 -0.04573398
v -0.02635997 -0.01107197 -0.04641598
v -0.02616995 -0.01076197 -0.04601997
v -0.02635997 -0.01107197 -0.04641598
v -0.02635997 -0.01202696 -0.04691594
v -0.02616995 -0.01189798 -0.04672497
v -0.02635997 -0.01520800 -0.04715597
v -0.02635997 -0.01622700 -0.04680597
v -0.02616995 -0.01581799 -0.04683095
v -0.02635997 -0.01414698 -0.04734200
v -0.02635997 -0.01520800 -0.04715597
v -0.02616995 -0.01451599 -0.04713499
v -0.02616995 -0.00707895 -0.04069697
v -0.02635997 -0.00681996 -0.04057097
v -0.02635997 -0.00772297 -0.04158496
v -0.02635997 -0.00847495 -0.04271495
v -0.02616995 -0.00826597 -0.04220294
v -0.02616995 -0.00393599 -0.03853297
v -0.02635997 -0.00339699 -0.03841096
v -0.02635997 -0.00463498 -0.03896796
v -0.02635997 -0.00578398 -0.03969299
v -0.02616995 -0.00561696 -0.03945696
v -0.02616995 -0.01798295 -0.04530298
v -0.02635997 -0.01795196 -0.04553198
v -0.02635997 -0.01858699 -0.04465997
v -0.02635997 -0.01858699 -0.04465997
v -0.02635997 -0.01903295 -0.04367798
v -0.02616995 -0.01868999 -0.04416799
v -0.02635997 -0.01903295 -0.04367798
v -0.02635997 -0.01927095 -0.04262697
v -0.02616995 -0.01909798 -0.04289394
v -0.00603396 0.00834197 -0.10115590
v -0.00620496 0.00875098 -0.10138700
v -0.00564665 0.00860190 -0.10134360
v -0.00652784 0.00987673 -0.10182590
v -0.00600386 0.00916958 -0.10160200
v -0.00654334 0.00928658 -0.10161960
v -0.00638229 0.00817114 -0.10093920
v -0.00661498 0.00858998 -0.10118700
v -0.00690693 0.00908190 -0.10143480
v -0.00739771 0.01001650 -0.10182880
v -0.00737929 0.00958073 -0.10162650
v -0.00694865 0.00833082 -0.10081860
v -0.00659972 0.00755328 -0.10023210
v -0.00727224 0.00890911 -0.10116910
v -0.00590700 0.00793195 -0.10084190
v -0.00548994 0.00804597 -0.10099500
v -0.00840086 0.01059502 -0.10193530
v -0.00973594 0.01015794 -0.10128200
v -0.01005297 0.01035195 -0.10142990
v -0.01019895 0.01059895 -0.10178890
v -0.00970399 0.01019197 -0.10148100
v -0.01019895 0.01059895 -0.10178890
v -0.01019895 0.01059895 -0.10178890
v -0.00986397 0.01078999 -0.10194300
v -0.00940502 0.01061558 -0.10192400
v -0.00831842 0.00880563 -0.09982126
v -0.00795001 0.00820327 -0.09909659
v -0.00847536 0.00893199 -0.09951227
v -0.00737899 0.00839496 -0.10057300
v -0.00736773 0.00786752 -0.09987819
v -0.00769699 0.00837499 -0.10018100
v -0.00770497 0.00892097 -0.10092500
v -0.00797796 0.00883198 -0.10054700
v -0.00819296 0.00879496 -0.10013600
v -0.00795394 0.00840795 -0.09975498
v -0.00811970 0.00836587 -0.09870779
v -0.00777894 0.00802594 -0.09931397
v -0.00896567 0.00965416 -0.10099560
v -0.00968993 0.01029592 -0.10167430
v -0.00880486 0.00968546 -0.10121340
v -0.00868094 0.00982565 -0.10147160
v -0.01052695 0.01058894 -0.10162100
v -0.01082599 0.01082295 -0.10183390
v -0.01019895 0.01059895 -0.10178890
v -0.00759596 0.00681496 -0.09663397
v -0.00763696 0.00705695 -0.09695398
v -0.00745797 0.00664395 -0.09750998
v 0.02446478 -0.00854677 -0.08060157
v -0.00754368 0.00648695 -0.09620964
v -0.00740272 0.00604773 -0.09679794
v -0.00708228 0.00563496 -0.09733349
v -0.00793397 0.00797498 -0.09810096
v -0.00775898 0.00750899 -0.09753096
v -0.00763696 0.00705695 -0.09695398
v -0.00755799 0.00714397 -0.09807896
v -0.00793397 0.00797498 -0.09810096
v -0.00770497 0.00763196 -0.09861201
v -0.00712299 0.00629199 -0.09803497
v -0.00721699 0.00684696 -0.09859895
v 0.02447998 -0.00707000 -0.08361500
v 0.02452343 -0.00540197 -0.08651131
v -0.00459331 -0.01132309 -0.07276344
v -0.00489521 -0.01175135 -0.07102465
v 0.02450895 -0.00160140 -0.09186071
v 0.02453410 0.00064452 -0.09443825
v 0.02447998 -0.00358295 -0.08926296
v 0.02448701 -0.01085269 -0.07441926
v 0.02447998 -0.00979000 -0.07757198
v -0.00569695 0.00695980 -0.10009520
v -0.00613767 0.00626075 -0.09922873
v -0.00533491 0.00532848 -0.09877038
v -0.00675398 0.00663298 -0.09906196
v -0.00736499 0.00738895 -0.09912800
v -0.00691599 0.00723094 -0.09959197
v -0.00665098 0.00601894 -0.09849697
v -0.00941843 0.00992519 -0.10101060
v -0.01019895 0.01059895 -0.10178890
v -0.00953150 0.01045727 -0.10185280
v -0.00836354 0.01015329 -0.10180060
v -0.00783896 0.00951695 -0.10146000
v -0.00859684 0.00908643 -0.09982645
v -0.00850886 0.00915635 -0.10044380
v -0.00831199 0.00923395 -0.10086200
v -0.00809497 0.00935495 -0.10118700
v -0.00852960 0.00998050 -0.10166200
v -0.00901461 0.00958210 -0.10066150
v -0.00859684 0.00908643 -0.09982645
v -0.02635997 0.00619197 -0.04483896
v -0.02635997 0.00564200 -0.04311096
v -0.02616995 0.00613898 -0.04430997
v -0.02635997 0.00530398 -0.04132997
v -0.02616995 0.00555694 -0.04207396
v -0.02635997 0.00518095 -0.03951996
v -0.02616995 0.00530797 -0.03977596
v -0.02635997 0.00558597 -0.03592300
v -0.02635997 0.00610894 -0.03418594
v -0.02616995 0.00591594 -0.03520995
v -0.02635997 0.00683600 -0.03252500
v -0.02616995 0.00672799 -0.03304594
v -0.02635997 0.00527596 -0.03770995
v -0.02616995 0.00542897 -0.03746896
v 0.02726697 0.01666599 -0.09180396
v 0.02721798 0.01684999 -0.09198498
v 0.02710497 0.01684898 -0.09170097
v 0.02617496 0.01684498 -0.09057199
v 0.02518898 0.01686698 -0.10173500
v 0.02585697 0.01689296 -0.10145900
v 0.02577596 0.01670295 -0.10160800
v 0.02729195 0.01685196 -0.09935396
v 0.02739900 0.01666295 -0.09958499
v 0.02723795 0.01686799 -0.09981501
v -0.02635997 0.00157696 -0.03513699
v -0.02635997 0.00108194 -0.03596699
v -0.02616995 0.00108999 -0.03573995
v -0.02616995 0.00022000 -0.03673100
v -0.02635997 0.00044400 -0.03669399
v -0.02635997 -0.00031500 -0.03729295
v -0.02635997 -0.00031500 -0.03729295
v -0.02636015 -0.00118238 -0.03775328
v -0.02616995 -0.00087800 -0.03746598
v -0.02635997 0.00191396 -0.03423094
v -0.02635997 0.00157696 -0.03513699
v -0.02616995 0.00167596 -0.03455698
v 0.02716195 0.01669698 -0.10021100
v 0.02690094 0.01688796 -0.10049500
v 0.02723795 0.01686799 -0.09981501
v 0.02637499 0.01688897 -0.10098090
v 0.02690094 0.01688796 -0.10049500
v 0.02680897 0.01669895 -0.10077500
v 0.02585697 0.01689296 -0.10145900
v 0.02633899 0.01670199 -0.10124900
v 0.02736997 0.01538497 -0.09551799
v 0.02717995 0.01560199 -0.09501296
v 0.02736997 0.01555097 -0.09472197
v 0.02717995 0.01592296 -0.09415298
v 0.02736997 0.01588094 -0.09397798
v 0.02736997 0.01555097 -0.09472197
v 0.02736997 0.01556295 -0.09712600
v 0.02717995 0.01561099 -0.09683400
v 0.02736997 0.01538896 -0.09633195
v 0.02736997 0.01589995 -0.09786695
v 0.02717995 0.01594096 -0.09769099
v 0.02736997 0.01556295 -0.09712600
v 0.02717995 0.01549595 -0.09592396
v 0.02736997 0.01538497 -0.09551799
v 0.02736997 0.01538896 -0.09633195
v -0.00263000 0.00530398 -0.04132997
v -0.00263000 0.00564200 -0.04311096
v -0.00281996 0.00555694 -0.04207396
v -0.00263000 0.00619197 -0.04483896
v -0.00281996 0.00613898 -0.04430997
v -0.00263000 0.00518095 -0.03952097
v -0.00281996 0.00530797 -0.03977596
v -0.00263000 0.00558597 -0.03592300
v -0.00263000 0.00527596 -0.03770899
v -0.00281996 0.00542897 -0.03746896
v -0.00263000 0.00683600 -0.03252500
v -0.00263000 0.00610894 -0.03418594
v -0.00281996 0.00672799 -0.03304594
v -0.00281996 0.00591594 -0.03520995
v -0.01115399 -0.01157099 -0.06621700
v -0.01254397 -0.01174497 -0.06553900
v -0.01133495 -0.01092100 -0.06638199
v -0.00748396 -0.01243698 -0.06747597
v -0.00876397 -0.01273500 -0.06612300
v -0.00801396 -0.01210099 -0.06782597
v -0.00920397 -0.01239097 -0.06655400
v -0.00848198 -0.01162695 -0.06809699
v -0.00959295 -0.01191496 -0.06689900
v -0.00885999 -0.01104098 -0.06827098
v -0.00991195 -0.01133298 -0.06713795
v -0.00912595 -0.01037698 -0.06833899
v -0.01026695 -0.01297599 -0.06502598
v -0.01209914 -0.01316761 -0.06415534
v -0.01060497 -0.01262599 -0.06552100
v -0.01238793 -0.01282882 -0.06465536
v -0.01090598 -0.01214897 -0.06592500
v -0.01254540 -0.01233828 -0.06513607
v -0.00895393 -0.01304823 -0.06506621
v -0.01266896 -0.01109999 -0.06573599
v -0.01274299 -0.01042097 -0.06578898
v -0.01340144 -0.01116484 -0.06549984
v -0.01344895 -0.01048696 -0.06556397
v -0.01330399 -0.01177597 -0.06530398
v -0.00803399 -0.01070398 -0.06957495
v -0.01014095 -0.01067799 -0.06725895
v -0.00926429 -0.00966954 -0.06830120
v -0.01029074 -0.00995690 -0.06724238
v -0.00582498 -0.01225197 -0.06872695
v -0.00692195 -0.01261395 -0.06706500
v -0.00647098 -0.01209300 -0.06903898
v -0.00707799 -0.01176697 -0.06929296
v -0.00760895 -0.01129400 -0.06947600
v -0.00832695 -0.01002997 -0.06958496
v -0.00562227 -0.01162350 -0.07116699
v -0.01143997 -0.01023596 -0.06640899
v -0.02635997 -0.02062094 -0.02169984
v -0.00263000 -0.02029895 -0.02171897
v -0.02635997 -0.02029895 -0.02171897
v -0.02635997 -0.01107197 -0.04641598
v -0.02046996 -0.01074498 -0.04604095
v -0.02635997 -0.01023799 -0.04573398
v -0.02046996 -0.00981498 -0.04507297
v -0.02635997 -0.01023799 -0.04573398
v -0.02635997 -0.01023799 -0.04573398
v -0.02616995 -0.00983196 -0.04505997
v -0.02616995 -0.00983196 -0.04505997
v -0.02636033 -0.00954151 -0.04488253
v -0.02046996 -0.00916397 -0.04389899
v -0.02636033 -0.00954151 -0.04488253
v -0.02046996 -0.01918196 -0.04155796
v -0.02635997 -0.01929199 -0.04154896
v -0.02046573 -0.01774203 -0.02394562
v -0.02635997 -0.01785945 -0.02402806
v -0.00262952 -0.02004909 -0.02181416
v -0.02636003 -0.02004796 -0.02181649
v -0.00263000 -0.02066189 -0.02170658
v -0.02046996 -0.01582598 -0.04685395
v -0.02046996 -0.01701200 -0.04622399
v -0.02633297 -0.01713997 -0.04624700
v -0.02046996 -0.01451897 -0.04715996
v -0.02635997 -0.01520800 -0.04715597
v -0.02046996 -0.01317799 -0.04711997
v -0.02635997 -0.01414698 -0.04734200
v -0.02616995 -0.01451599 -0.04713499
v -0.02635997 -0.01414698 -0.04734200
v -0.02635997 -0.01520800 -0.04715597
v -0.02616995 -0.01189798 -0.04672497
v -0.02635997 -0.01202696 -0.04691594
v -0.02046996 -0.01189100 -0.04673898
v -0.02633297 -0.01307296 -0.04719799
v -0.02046996 -0.01189100 -0.04673898
v -0.02635997 -0.02095884 -0.02182793
v -0.00263000 -0.02095776 -0.02182841
v -0.01183795 -0.01029199 -0.06621998
v -0.01202881 -0.01339000 -0.06349700
v -0.02635997 -0.02126896 -0.02219569
v -0.00263000 -0.02125996 -0.02216094
v -0.00263000 -0.02138286 -0.02256757
v -0.02635997 -0.02138596 -0.02259194
v -0.00829500 -0.00919199 -0.06991499
v -0.00790298 -0.00891799 -0.07083797
v -0.00771707 -0.00961405 -0.07109087
v -0.00846898 -0.00931400 -0.06950598
v 0.02660095 0.00354397 -0.09612399
v 0.02660095 0.00598496 -0.09828597
v 0.02707797 0.00397098 -0.09567296
v 0.02737796 -0.00872195 -0.07378596
v 0.02707797 -0.00941497 -0.07399499
v 0.02660095 -0.01001000 -0.07417398
v 0.02597999 -0.01046597 -0.07431197
v 0.02737796 0.00446796 -0.09514695
v 0.02737796 0.00684398 -0.09724998
v 0.02747809 0.00607115 -0.09561645
v 0.02707797 0.00638199 -0.09780800
v 0.02707797 -0.00838500 -0.07704597
v 0.02707797 -0.00715995 -0.08002400
v 0.02737796 -0.00770795 -0.07679295
v 0.02597999 0.00568098 -0.09865295
v 0.02597999 0.00321597 -0.09647095
v 0.02525597 -0.00349998 -0.08920395
v 0.02447998 0.00293994 -0.09676295
v 0.02525597 0.00300997 -0.09668797
v 0.02747994 -0.00743127 -0.07533431
v -0.01987272 -0.01349014 -0.06227946
v -0.01844799 -0.01328086 -0.06288737
v 0.02748125 0.00206172 -0.09156847
v 0.02748107 -0.00181460 -0.08657515
v 0.02737796 0.00015099 -0.09049898
v 0.02525597 -0.00969499 -0.07753598
v 0.02525597 -0.00843400 -0.08059799
v 0.02597999 -0.00941396 -0.07743096
v 0.02660095 -0.00896698 -0.07726401
v 0.02525597 -0.01075297 -0.07439798
v 0.02525597 0.00548994 -0.09888398
v -0.01949959 -0.01229327 -0.06355589
v -0.01934260 -0.01283496 -0.06321471
v 0.02737796 -0.00177097 -0.08797395
v 0.02707797 -0.00041001 -0.09095597
v 0.02707797 -0.00236100 -0.08839398
v 0.02660095 -0.00089201 -0.09134799
v 0.02660095 -0.00286698 -0.08875399
v 0.02597999 -0.00126100 -0.09164899
v 0.02597999 -0.00325596 -0.08902996
v 0.02525597 -0.00149399 -0.09183800
v 0.02747911 -0.00450575 -0.08213657
v 0.02737796 -0.00650000 -0.07972699
v -0.00642496 -0.01139897 -0.07090395
v -0.00700498 -0.01092898 -0.07098799
v -0.00746197 -0.01033300 -0.07100498
v -0.01900815 -0.01155799 -0.06398409
v -0.01954382 -0.01086199 -0.06392085
v -0.01979404 -0.01385033 -0.06138408
v -0.02010786 -0.01372963 -0.06175553
v -0.02046996 0.00022800 -0.03674197
v -0.02635997 -0.00031500 -0.03729295
v -0.02046996 -0.00086800 -0.03748399
v -0.02046996 -0.00828600 -0.04219096
v -0.02616995 -0.00561696 -0.03945696
v -0.02635997 -0.00578398 -0.03969299
v -0.02046996 -0.00562495 -0.03944396
v -0.02635997 -0.00681996 -0.04057097
v -0.02635997 -0.00578398 -0.03969299
v -0.02046996 -0.00709098 -0.04068595
v -0.02616995 -0.00707895 -0.04069697
v -0.02635997 -0.00681996 -0.04057097
v -0.02616995 -0.00707895 -0.04069697
v -0.02616995 -0.00561696 -0.03945696
v -0.02046996 -0.00394499 -0.03851199
v -0.02046996 0.00222647 -0.03028541
v -0.02635997 0.00233835 -0.03026580
v -0.02046996 0.00197095 -0.03326898
v -0.02635997 0.00208098 -0.03327900
v -0.02046996 -0.00211596 -0.03792500
v -0.02635997 -0.00031500 -0.03729295
v -0.02616995 0.00108999 -0.03573995
v -0.02635997 0.00108194 -0.03596699
v -0.02046996 0.00110197 -0.03574699
v -0.02046996 0.00110197 -0.03574699
v -0.02046996 0.00022800 -0.03674197
v -0.02616995 0.00022000 -0.03673100
v -0.02046996 0.00022800 -0.03674197
v -0.02635997 0.00044400 -0.03669399
v -0.02046996 0.00169498 -0.03456395
v -0.02046996 0.00110197 -0.03574699
v 0.02717995 0.01592296 -0.09415298
v -0.02446997 0.01592499 -0.09415495
v 0.02736997 0.01588094 -0.09397798
v -0.02635997 -0.01903295 -0.04367798
v -0.02046996 -0.01871496 -0.04417896
v -0.02635997 -0.01414698 -0.04734200
v -0.02635997 -0.01107197 -0.04641598
v -0.02635997 -0.01107197 -0.04641598
v -0.02046996 -0.01189100 -0.04673898
v -0.02635997 -0.01927095 -0.04262697
v -0.02046996 -0.01911896 -0.04289895
v -0.02635997 -0.01927095 -0.04262697
v -0.02616995 -0.01909798 -0.04289394
v -0.02616995 -0.01909798 -0.04289394
v -0.02635997 -0.01903295 -0.04367798
v -0.02635997 -0.01858699 -0.04465997
v -0.02046996 -0.01799595 -0.04531198
v -0.02635997 -0.01858699 -0.04465997
v -0.02046996 -0.01799595 -0.04531198
v -0.02616995 -0.01798295 -0.04530298
v -0.02046996 -0.01799595 -0.04531198
v -0.02635997 -0.01795196 -0.04553198
v -0.02635997 0.00157696 -0.03513699
v 0.02736997 0.01538497 -0.09551799
v -0.02446997 0.01105594 -0.09005600
v -0.02446997 0.01111197 -0.10183900
v -0.01251995 0.01105296 -0.09005397
v -0.01251995 0.01111298 -0.10183800
v 0.02736997 0.01589995 -0.09786695
v -0.02442556 0.01604670 -0.09788447
v 0.02717995 0.01594096 -0.09769099
v 0.02736997 0.01556295 -0.09712600
v -0.02446997 0.01573497 -0.09727799
v 0.02717995 0.01561099 -0.09683400
v -0.02451461 0.01554113 -0.09663456
v 0.02736997 0.01538896 -0.09633195
v -0.02451461 0.01554113 -0.09663456
v 0.02736997 0.01538497 -0.09551799
v 0.02717995 0.01560199 -0.09501296
v 0.02736997 0.01555097 -0.09472197
v 0.02736997 0.01555097 -0.09472197
v -0.02635997 0.00277799 -0.02970296
v -0.02017581 0.00297296 -0.02949130
v -0.02635991 0.00296718 -0.02963018
v -0.02635997 0.00277799 -0.02970296
v -0.02028727 0.00261617 -0.02960479
v -0.00740999 0.00123799 -0.07567697
v -0.00740755 0.00088026 -0.07320207
v -0.00721997 0.00105494 -0.07364398
v -0.00740999 0.00257999 -0.08045899
v -0.00740999 0.00180596 -0.07809698
v -0.00721997 0.00247395 -0.07978099
v -0.00721997 0.00160199 -0.07674998
v -0.00263298 -0.00817197 -0.02846300
v -0.00261897 -0.00674099 -0.02884799
v -0.00281996 -0.00707698 -0.02863097
v -0.02046197 0.00233894 -0.02990597
v -0.02635997 0.00252545 -0.02989715
v -0.02045196 0.00250697 -0.02977097
v -0.02028727 0.00261617 -0.02960479
v -0.02635997 0.00277799 -0.02970296
v -0.02635997 -0.01803231 -0.02359008
v -0.02021497 -0.01783597 -0.02355098
v -0.02017438 -0.01801121 -0.02336645
v -0.02635997 -0.01819497 -0.02335995
v -0.00262898 -0.01665997 -0.02448397
v -0.00281996 -0.01697099 -0.02411395
v -0.00263298 -0.01832300 -0.02326297
v -0.00866199 0.00933194 -0.08982998
v -0.00884396 0.00982195 -0.08982199
v -0.00904900 0.00980395 -0.08995395
v -0.00916594 0.00982499 -0.08995795
v -0.00966400 0.01019698 -0.09002000
v -0.00945199 0.00988299 -0.09018296
v -0.01050597 0.01051694 -0.09024596
v -0.01032894 0.01056694 -0.09005200
v -0.01082497 0.01076698 -0.09005796
v 0.02448713 0.00543100 -0.09896671
v -0.00831699 0.00889897 -0.08967000
v -0.00866199 0.00933194 -0.08982998
v -0.00858200 0.00901395 -0.08995395
v -0.00740999 0.00608599 -0.08701795
v -0.00740999 0.00472897 -0.08493596
v -0.00721997 0.00519896 -0.08545696
v -0.00794095 0.00827396 -0.08935099
v -0.00795394 0.00875497 -0.08944898
v -0.00819194 0.00871295 -0.08958697
v -0.00774497 0.00783497 -0.08905297
v -0.00794095 0.00827396 -0.08935099
v -0.00794995 0.00795698 -0.08941197
v 0.02717995 0.00367999 -0.08269399
v 0.02736997 0.00322795 -0.08203196
v 0.02736997 0.00428599 -0.08415997
v 0.02736997 0.00551695 -0.08619296
v 0.02717995 0.00519997 -0.08545696
v 0.02717995 0.00106096 -0.07364398
v 0.02736997 0.00084999 -0.07287096
v 0.02736997 0.00115597 -0.07522797
v 0.02736997 0.00165695 -0.07755100
v 0.02717995 0.00159794 -0.07675200
v 0.02736997 0.00829798 -0.08933198
v 0.02736997 0.00910896 -0.08977496
v 0.02717995 0.00876194 -0.08943396
v 0.02717995 0.00780499 -0.08883798
v 0.02736997 0.00754994 -0.08878695
v 0.02736997 0.00829798 -0.08933198
v 0.02648997 0.00072000 -0.06672197
v 0.02582597 0.00071500 -0.06560099
v 0.02499997 0.00070999 -0.06459498
v 0.02293998 0.00070199 -0.06301397
v 0.02736997 0.00910896 -0.08977496
v 0.02736997 0.01002395 -0.08997797
v 0.02717995 0.00982499 -0.08980995
v 0.02675199 0.00053200 -0.06708198
v 0.02697497 0.00072599 -0.06793099
v 0.02475196 0.00051799 -0.06422597
v 0.02402997 0.00070600 -0.06372499
v 0.02336096 0.00051300 -0.06315797
v 0.02727997 0.00054099 -0.06875497
v 0.02727097 0.00073299 -0.06919896
v -0.00173497 -0.01521897 -0.05349797
v -0.00183099 0.00065500 -0.05350500
v -0.00219095 -0.01552397 -0.05312198
v -0.00057800 -0.01522499 -0.05445098
v -0.00104195 -0.01527100 -0.05424100
v -0.00125897 0.00065700 -0.05400198
v -0.00168699 -0.01537996 -0.05375999
v -0.00125897 0.00065700 -0.05400198
v -0.00118500 -0.01510596 -0.05397194
v -0.00168699 -0.01537996 -0.05375999
v -0.00125897 0.00065700 -0.05400198
v -0.00118500 -0.01510596 -0.05397194
v -0.00104195 -0.01527100 -0.05424100
v -0.00226599 0.00065200 -0.05288398
v -0.00219095 -0.01552397 -0.05312198
v -0.00183099 0.00065500 -0.05350500
v -0.00183099 0.00065500 -0.05350500
v -0.00173497 -0.01521897 -0.05349797
v -0.00168699 -0.01537996 -0.05375999
v -0.00249398 -0.01565897 -0.05234295
v -0.00219095 -0.01552397 -0.05312198
v -0.00215495 -0.01535999 -0.05290597
v -0.00226599 0.00065200 -0.05288398
v -0.00253797 0.00064800 -0.05217599
v -0.00251996 -0.00068800 -0.03533995
v -0.00263000 0.00518095 -0.03952097
v -0.00251996 -0.00012800 -0.03460097
v -0.00263000 0.00527596 -0.03770899
v -0.00251996 0.00022200 -0.03374397
v -0.00263000 0.00558597 -0.03592300
v -0.00251996 0.00033900 -0.03282397
v -0.00263000 0.00610894 -0.03418594
v -0.00263000 0.00683600 -0.03252500
v -0.00251996 -0.00497097 -0.03592497
v -0.00263000 0.00319898 -0.04834794
v -0.00251996 -0.00411296 -0.03627496
v -0.00251996 -0.00319397 -0.03639197
v -0.00226599 0.00065200 -0.05288398
v -0.00215495 -0.01535999 -0.05290597
v -0.00219095 -0.01552397 -0.05312198
v -0.00263000 0.00064500 -0.05142396
v -0.00263000 -0.01588100 -0.05154496
v -0.00263000 -0.01667195 -0.04916596
v -0.00263000 -0.01634597 -0.04972499
v -0.00251996 -0.01490098 -0.04541897
v -0.00251996 -0.01091599 -0.04374498
v -0.00251996 -0.01147699 -0.04448294
v -0.00251996 -0.01220899 -0.04505097
v -0.00251996 -0.01306396 -0.04540997
v -0.00251996 -0.01398199 -0.04553598
v -0.00251996 -0.00570899 -0.03536397
v -0.00251996 -0.01065498 -0.03451699
v -0.00251996 -0.00627697 -0.03463196
v -0.00251996 -0.01743298 -0.04108399
v -0.00263000 -0.02128899 -0.04202198
v -0.00251996 -0.01754897 -0.04200297
v -0.00263000 -0.02117300 -0.04328298
v -0.00168699 -0.01537996 -0.05375999
v -0.00104195 -0.01527100 -0.05424100
v -0.00118500 -0.01510596 -0.05397194
v -0.00173497 -0.01521897 -0.05349797
v -0.00263000 0.00032300 -0.02960896
v -0.00263017 0.00784534 -0.03080081
v -0.00262868 0.00715732 -0.02958029
v -0.00251996 -0.01150196 -0.03946298
v -0.00251996 -0.01093399 -0.04019498
v -0.00263000 0.00072500 -0.05070596
v -0.00263000 0.00096800 -0.05002599
v -0.00251996 -0.01056599 -0.04288697
v -0.00263000 0.00136197 -0.04942095
v -0.00263000 0.00188494 -0.04892295
v -0.00263000 0.00777995 -0.03017699
v -0.00263000 0.00742698 -0.02967494
v -0.00251996 -0.01708298 -0.04022598
v -0.00251996 -0.01652199 -0.03948795
v -0.00251996 -0.01493698 -0.03510296
v -0.00251996 -0.01578998 -0.03891998
v -0.00251996 -0.01407897 -0.03545296
v -0.00251996 -0.01493495 -0.03856098
v -0.00251996 -0.01401698 -0.03843599
v -0.00263000 0.00619197 -0.04483896
v -0.00262922 0.00647813 -0.04774534
v -0.00263000 0.00701565 -0.04666084
v -0.00251996 -0.00142097 -0.03590697
v -0.00263000 0.00564200 -0.04311096
v -0.00263000 0.00530398 -0.04132997
v -0.00263000 0.00692797 -0.04727697
v -0.00263000 0.00704712 -0.04693198
v -0.00263000 -0.02029895 -0.02171897
v -0.00263000 -0.02138286 -0.02256757
v -0.00262952 -0.02004909 -0.02181416
v 0.02736997 0.00073899 -0.07049697
v -0.00263000 -0.01956999 -0.04668796
v -0.00251996 -0.01706498 -0.04377597
v -0.00263000 -0.02029997 -0.04565298
v -0.00251996 -0.01057499 -0.04104995
v -0.00251996 -0.01045000 -0.04196798
v -0.00263000 0.00250894 -0.04855895
v -0.00251996 -0.01315999 -0.03556996
v -0.00251996 -0.01309800 -0.03855198
v -0.00251996 -0.01224195 -0.03544396
v -0.00262696 -0.01614600 -0.05034095
v -0.00263000 -0.02083998 -0.04450595
v -0.00251996 -0.01009398 -0.03377896
v -0.00251996 -0.01649695 -0.04450798
v -0.00263000 -0.01867198 -0.04758197
v -0.00251996 -0.01575899 -0.04506897
v -0.00263083 -0.01712679 -0.04866588
v -0.00251996 -0.01742398 -0.04292094
v -0.00251996 -0.01138699 -0.03508496
v -0.00263000 -0.02066189 -0.02170658
v -0.00251996 -0.01567500 -0.03454196
v -0.00251996 -0.01624298 -0.03380995
v -0.00251996 -0.01660197 -0.03295499
v -0.00251996 -0.01672697 -0.03203696
v -0.00262898 -0.01665997 -0.02448397
v -0.00263298 -0.01832300 -0.02326297
v -0.00263000 0.00770599 -0.02998399
v -0.00251996 -0.01223999 -0.03890299
v -0.00251996 -0.00227499 -0.03626596
v -0.00251996 -0.00676095 -0.03285896
v -0.00261897 -0.00674099 -0.02884799
v -0.00251996 -0.00962698 -0.03200197
v -0.00263298 -0.00817197 -0.02846300
v -0.00263899 -0.00958198 -0.02800899
v -0.00251996 -0.00663596 -0.03377699
v -0.00251996 -0.00974399 -0.03292095
v -0.02541595 -0.01426899 -0.05831199
v -0.02558070 -0.01405823 -0.05831921
v -0.02502399 -0.01406395 -0.05899494
v -0.02069199 -0.01288670 -0.06276476
v -0.02044695 -0.01241099 -0.06318396
v -0.01986098 -0.01136100 -0.06377196
v -0.02094674 -0.01108968 -0.06334477
v -0.02066397 -0.01147198 -0.06344300
v -0.02142697 -0.01162600 -0.06304997
v -0.02587938 -0.01431620 -0.05758368
v -0.02570772 -0.01453709 -0.05756175
v -0.02608597 -0.01459997 -0.05684399
v -0.02118396 -0.01252496 -0.06282699
v -0.02522784 -0.01381230 -0.05900812
v -0.02457898 -0.01386600 -0.05963999
v -0.02473294 -0.01365500 -0.05968999
v -0.02408498 -0.01367598 -0.06024497
v -0.02425700 -0.01342797 -0.06031799
v -0.02329003 -0.01342189 -0.06105166
v -0.02373194 -0.01321297 -0.06090694
v -0.02315896 -0.01301199 -0.06145495
v -0.02205717 -0.01311933 -0.06200259
v -0.02254295 -0.01282900 -0.06195896
v -0.02280664 -0.01204079 -0.06210482
v -0.02269798 -0.01244300 -0.06206095
v -0.02339440 -0.01220768 -0.06160426
v -0.02203595 -0.01224899 -0.06254297
v -0.02224016 -0.01175004 -0.06255853
v -0.02132600 -0.01208198 -0.06297498
v -0.02057296 -0.01194798 -0.06335300
v -0.02595442 -0.01411205 -0.05755841
v -0.02566397 -0.01381099 -0.05831694
v -0.02538597 -0.01348644 -0.05893510
v -0.02188396 -0.01266497 -0.06241697
v -0.02526253 -0.01465296 -0.05767738
v -0.02585148 -0.01499032 -0.05617409
v -0.02579098 -0.01482200 -0.05681997
v -0.01251995 0.01105296 -0.09005397
v -0.02610599 0.01589095 -0.09003299
v -0.02629500 0.01543498 -0.09003496
v -0.02636295 0.01494598 -0.09003400
v -0.02636295 0.01294595 -0.09004396
v -0.02446997 0.01105594 -0.09005600
v -0.02629595 0.01245695 -0.09004998
v -0.02610599 0.01200097 -0.09005200
v -0.02446997 0.01689499 -0.10180690
v 0.02447998 0.01689499 -0.10180800
v 0.02518898 0.01686698 -0.10173500
v 0.02637499 0.01688897 -0.10098090
v 0.02585697 0.01689296 -0.10145900
v 0.02730995 0.01142799 -0.09004795
v -0.01082497 0.01076698 -0.09005796
v -0.02539700 0.01133596 -0.09005498
v -0.02495896 0.01112097 -0.09005600
v -0.02580595 0.01160997 -0.09005397
v -0.02597039 -0.01473486 -0.05683279
v -0.02585273 -0.01386827 -0.05780518
v -0.02623295 -0.01481097 -0.05605095
v -0.02331197 -0.01266199 -0.06153398
v -0.02623295 -0.01481097 -0.05605095
v -0.02627497 -0.01508396 -0.05526697
v -0.02623295 -0.01481097 -0.05605095
v -0.02627497 -0.01508396 -0.05526697
v -0.02636295 -0.01466995 -0.05581998
v -0.02222597 -0.01396697 -0.06071096
v -0.02122497 -0.01363599 -0.06168496
v -0.02248495 -0.01381897 -0.06094294
v -0.02252399 -0.01355403 -0.06132060
v -0.02124065 -0.01333600 -0.06211209
v -0.01969021 -0.01315808 -0.06279212
v -0.02286851 -0.01415741 -0.05997681
v -0.02402138 -0.01426869 -0.05936557
v -0.02552199 -0.01463699 -0.05755496
v -0.02524733 -0.01445496 -0.05820208
v -0.02448511 -0.01426029 -0.05914413
v -0.02346205 -0.01400005 -0.06019884
v -0.02623295 -0.01481097 -0.05605095
v -0.02465802 -0.01413309 -0.05924195
v -0.02363973 -0.01381951 -0.06038683
v -0.01978397 -0.01184999 -0.06367099
v -0.02615189 -0.01446098 -0.05682587
v -0.02623295 -0.01481097 -0.05605095
v -0.02485096 -0.01342296 -0.05971294
v -0.02493000 -0.01318299 -0.05970895
v -0.02438998 -0.01315599 -0.06035596
v -0.02447241 -0.01280790 -0.06039077
v -0.02387595 -0.01290100 -0.06096398
v -0.02397030 -0.01257425 -0.06098085
v -0.01166498 0.01095998 -0.09009498
v -0.02635997 0.00791472 -0.03047960
v -0.00263017 0.00784534 -0.03080081
v -0.02636051 0.00784761 -0.03079497
v -0.00677436 0.00031804 -0.02949839
v -0.02636253 0.00702244 -0.02957451
v -0.00262868 0.00715732 -0.02958029
v -0.00263000 0.00704712 -0.04693198
v -0.02635997 0.00701606 -0.04665875
v -0.00263000 0.00701565 -0.04666084
v -0.00263000 0.00790399 -0.03056395
v -0.00263000 0.00790095 -0.03034996
v -0.02635997 0.00784796 -0.03014296
v -0.00263000 0.00777995 -0.03017699
v -0.02635997 0.00774699 -0.02995395
v -0.00263000 0.00770599 -0.02998399
v -0.02635997 0.00758696 -0.02981400
v -0.00263000 0.00758594 -0.02981400
v -0.02635997 0.00742197 -0.02968698
v -0.00263000 0.00527596 -0.03770899
v -0.02635997 0.00527596 -0.03770995
v -0.00281996 0.00542897 -0.03746896
v -0.00263000 0.00064500 -0.05142396
v -0.02635997 0.00064500 -0.05142396
v -0.00263000 0.00072500 -0.05070596
v -0.02635997 0.00072500 -0.05070596
v -0.00263000 0.00096800 -0.05002599
v -0.02635997 0.00096800 -0.05002599
v -0.00263000 0.00136197 -0.04942095
v -0.02616995 0.00542897 -0.03746896
v -0.02635997 0.00518095 -0.03951996
v -0.00263000 0.00518095 -0.03952097
v -0.02616995 0.00530797 -0.03977596
v -0.00281996 0.00530797 -0.03977596
v -0.00263000 0.00742698 -0.02967494
v -0.00263000 0.00032300 -0.02960896
v -0.02627998 0.00062800 -0.05577796
v -0.02627998 0.00062800 -0.05577796
v -0.02623295 -0.01481097 -0.05605095
v -0.02627998 0.00062800 -0.05577796
v -0.02636295 -0.01466995 -0.05581998
v -0.02627497 -0.01508396 -0.05526697
v -0.02494895 -0.01295799 -0.05965197
v -0.02372497 0.00050299 -0.06120496
v -0.02371895 -0.01209795 -0.06126397
v -0.02385795 0.00069200 -0.06092196
v -0.00771499 0.00057099 -0.07150596
v -0.00771147 -0.00871491 -0.07154023
v -0.00762898 0.00075599 -0.07136195
v -0.00771147 -0.00871491 -0.07154023
v -0.00762397 -0.00854397 -0.07199800
v -0.00740755 0.00088026 -0.07320207
v -0.02635598 -0.01524800 -0.05446594
v -0.02636295 0.00066200 -0.05434697
v -0.02635997 0.00669187 -0.04758661
v -0.00262922 0.00647813 -0.04774534
v -0.02635997 0.00648928 -0.04773640
v -0.00263000 0.00676632 -0.04753667
v -0.02635997 0.00692797 -0.04727697
v -0.00263000 0.00692797 -0.04727697
v -0.02635997 0.00693995 -0.04706299
v -0.00263000 0.00704712 -0.04693198
v -0.02635997 0.00704896 -0.04688996
v -0.00263000 0.00704712 -0.04693198
v -0.02635997 0.00704896 -0.04688996
v -0.02635997 0.00319898 -0.04834794
v -0.01902997 0.00070899 -0.06390297
v -0.02039098 0.00066600 -0.06345200
v 0.02736997 0.00829798 -0.08933198
v -0.00764996 0.00771099 -0.08891695
v 0.02717995 0.00780499 -0.08883798
v -0.00756395 0.00727099 -0.08855295
v -0.00756395 0.00727099 -0.08855295
v 0.02736997 0.00754994 -0.08878695
v -0.00748956 0.00686324 -0.08811509
v -0.00756395 0.00727099 -0.08855295
v 0.02736997 0.00754994 -0.08878695
v 0.02736997 0.00691199 -0.08811700
v 0.02717995 0.00982499 -0.08980995
v -0.00831699 0.00889897 -0.08967000
v -0.00795394 0.00875497 -0.08944898
v 0.02736997 0.00910896 -0.08977496
v -0.00819194 0.00871295 -0.08958697
v 0.02736997 0.00910896 -0.08977496
v -0.00795394 0.00875497 -0.08944898
v 0.02717995 0.00876194 -0.08943396
v -0.00794095 0.00827396 -0.08935099
v 0.02717995 0.00876194 -0.08943396
v 0.02736997 0.00073899 -0.07049697
v -0.00747895 0.00079599 -0.07217496
v -0.00737196 0.00357997 -0.08273398
v -0.00058400 0.00065900 -0.05434596
v -0.00913197 0.00069000 -0.06827998
v -0.00125897 0.00065700 -0.05400198
v -0.00839698 0.00073399 -0.06935995
v -0.00866199 0.00933194 -0.08982998
v -0.02446997 0.01683896 -0.09002500
v -0.02495896 0.01677197 -0.09002798
v -0.02541500 0.01658296 -0.09002900
v -0.02580595 0.01628297 -0.09003096
v -0.00794095 0.00827396 -0.08935099
v -0.00774497 0.00783497 -0.08905297
v -0.01020997 0.01054096 -0.09005099
v 0.02736496 0.01094597 -0.09005397
v -0.00966400 0.01019698 -0.09002000
v -0.00916594 0.00982499 -0.08995795
v -0.00904900 0.00980395 -0.08995395
v -0.00884396 0.00982195 -0.08982199
v 0.02717995 0.00982499 -0.08980995
v 0.02175396 0.00069900 -0.06247597
v -0.00904900 0.00980395 -0.08995395
v 0.02717995 0.00876194 -0.08943396
v -0.02385795 0.00069200 -0.06092196
v -0.00253797 0.00064800 -0.05217599
v -0.02282696 0.00069700 -0.06192296
v -0.01000297 0.00072300 -0.06729197
v -0.02635997 0.00136197 -0.04942095
v -0.00263000 0.00188494 -0.04892295
v -0.02635997 0.00188494 -0.04892295
v -0.00263000 0.00250894 -0.04855895
v -0.02635997 0.00250894 -0.04855895
v -0.00263000 0.00319898 -0.04834794
v -0.02473294 0.00068599 -0.05978196
v -0.02543395 0.00068000 -0.05852699
v -0.02594494 0.00067300 -0.05718296
v -0.02039098 0.00066600 -0.06345200
v -0.02166199 0.00070099 -0.06276500
v -0.00226599 0.00065200 -0.05288398
v -0.00183099 0.00065500 -0.05350500
v -0.02636295 0.00066200 -0.05434697
v -0.02627998 0.00062800 -0.05577796
v -0.00786495 0.00073999 -0.07055997
v 0.02293998 0.00070199 -0.06301397
v 0.02402997 0.00070600 -0.06372499
v -0.00762898 0.00075599 -0.07136195
v 0.02736997 0.00234997 -0.07982397
v -0.01103496 0.00071899 -0.06647998
v -0.01218396 0.00071599 -0.06584399
v -0.01342195 0.00071699 -0.06540495
v -0.01902997 0.00070899 -0.06390297
v 0.02499997 0.00070999 -0.06459498
v 0.02582597 0.00071500 -0.06560099
v 0.02648997 0.00072000 -0.06672197
v 0.02697497 0.00072599 -0.06793099
v 0.02727097 0.00073299 -0.06919896
v 0.02597999 -0.00816095 -0.08047497
v -0.02446997 0.01683896 -0.09002500
v -0.02496683 0.01689761 -0.09216594
v -0.02495896 0.01677197 -0.09002798
v -0.02547496 0.01667898 -0.09204500
v -0.02541500 0.01658296 -0.09002900
v -0.02585667 0.01639896 -0.09208941
v -0.02580595 0.01628297 -0.09003096
v -0.02610599 0.01589095 -0.09003299
v -0.02620130 0.01595664 -0.09204137
v -0.02636295 0.01494598 -0.09003400
v -0.02629500 0.01543498 -0.09003496
v -0.02484112 0.01656788 -0.09318274
v -0.02520322 0.01661515 -0.09290164
v -0.02491974 0.01679700 -0.09269934
v -0.02495896 0.01682996 -0.10180800
v -0.01251995 0.01111298 -0.10183800
v -0.02541500 0.01664096 -0.10180900
v -0.02446997 0.01689499 -0.10180690
v -0.01166498 0.01101994 -0.10179500
v 0.02447998 0.01689499 -0.10180800
v -0.01082599 0.01082295 -0.10183390
v 0.02447998 0.01100498 -0.10194700
v -0.02610599 0.01594996 -0.10181200
v -0.02580595 0.01634097 -0.10181000
v -0.02629595 0.01549398 -0.10181500
v 0.02449995 0.01683598 -0.09002798
v 0.02710497 0.01684898 -0.09170097
v 0.02501499 0.01680094 -0.09005099
v 0.02531200 0.01684099 -0.09014695
v 0.02578794 0.01684296 -0.09033596
v 0.02617496 0.01684498 -0.09057199
v 0.02655696 0.01682198 -0.09090900
v 0.02686500 0.01682496 -0.09125500
v -0.02588498 0.01633197 -0.09237796
v -0.02559900 0.01647794 -0.09269398
v -0.02536165 0.01671195 -0.09243392
v -0.02569198 0.01629996 -0.09289097
v -0.02600097 0.01610994 -0.09262400
v -0.02623200 0.01586097 -0.09232896
v -0.02636295 0.01500499 -0.10182000
v -0.01052695 0.01058894 -0.10162100
v -0.02580595 0.01634097 -0.10181000
v -0.02541500 0.01664096 -0.10180900
v -0.00966400 0.01019698 -0.09002000
v -0.00945199 0.00988299 -0.09018296
v -0.01020997 0.01054096 -0.09005099
v -0.00966400 0.01019698 -0.09002000
v -0.01050597 0.01051694 -0.09024596
v -0.01052695 0.01058894 -0.10162100
v -0.01032894 0.01056694 -0.09005200
v -0.01019895 0.01059895 -0.10178890
v -0.01019895 0.01059895 -0.10178890
v -0.01020997 0.01054096 -0.09005099
v -0.01005297 0.01035195 -0.10142990
v -0.01020997 0.01054096 -0.09005099
v -0.01019895 0.01059895 -0.10178890
v -0.01005297 0.01035195 -0.10142990
v -0.01166498 0.01095998 -0.09009498
v -0.01166498 0.01101994 -0.10179500
v -0.00858200 0.00901395 -0.08995395
v -0.00858200 0.00901395 -0.08995395
v -0.00811970 0.00836587 -0.09870779
v -0.00831699 0.00889897 -0.08967000
v -0.00811970 0.00836587 -0.09870779
v -0.00831699 0.00889897 -0.08967000
v -0.00819194 0.00871295 -0.08958697
v -0.00794095 0.00827396 -0.08935099
v -0.00866199 0.00933194 -0.08982998
v -0.00859684 0.00908643 -0.09982645
v -0.00859684 0.00908643 -0.09982645
v -0.02540099 0.01139694 -0.10183500
v -0.02580595 0.01160997 -0.09005397
v -0.02580595 0.01166796 -0.10183390
v -0.02610599 0.01594996 -0.10181200
v -0.02629595 0.01549398 -0.10181500
v -0.02495896 0.01112097 -0.09005600
v -0.02495896 0.01117897 -0.10183600
v -0.02539700 0.01133596 -0.09005498
v -0.01082599 0.01082295 -0.10183390
v -0.01082599 0.01082295 -0.10183390
v -0.02495896 0.01682996 -0.10180800
v 0.02447998 0.00998497 -0.10184400
v 0.02447998 0.00893497 -0.10150700
v -0.02610599 0.01205897 -0.10183200
v -0.02446997 0.01111197 -0.10183900
v -0.02580595 0.01166796 -0.10183390
v -0.02540099 0.01139694 -0.10183500
v -0.02495896 0.01117897 -0.10183600
v -0.02629595 0.01251494 -0.10182900
v -0.02636295 0.01300495 -0.10183000
v -0.02636295 0.01500499 -0.10182000
v 0.02447998 0.01100498 -0.10194700
v -0.00840086 0.01059502 -0.10193530
v -0.01019895 0.01059895 -0.10178890
v -0.00748956 0.00686324 -0.08811509
v -0.00945199 0.00988299 -0.09018296
v -0.00904900 0.00980395 -0.08995395
v -0.00916594 0.00982499 -0.08995795
v -0.00859684 0.00908643 -0.09982645
v -0.00904900 0.00980395 -0.08995395
v -0.00945199 0.00988299 -0.09018296
v -0.00859684 0.00908643 -0.09982645
v -0.00945199 0.00988299 -0.09018296
v -0.00740999 0.00608599 -0.08701795
v -0.00756395 0.00727099 -0.08855295
v -0.00764996 0.00771099 -0.08891695
v -0.00774497 0.00783497 -0.08905297
v -0.00774497 0.00783497 -0.08905297
v -0.00794995 0.00795698 -0.08941197
v -0.00763696 0.00705695 -0.09695398
v -0.00774497 0.00783497 -0.08905297
v -0.00794095 0.00827396 -0.08935099
v -0.00793397 0.00797498 -0.09810096
v -0.00794995 0.00795698 -0.08941197
v -0.01019895 0.01059895 -0.10178890
v -0.00840086 0.01059502 -0.10193530
v -0.00986397 0.01078999 -0.10194300
v -0.00749898 -0.00927895 -0.07216399
v -0.00723380 -0.01006686 -0.07195913
v -0.00616014 -0.01112538 -0.07201617
v -0.00676280 -0.01066118 -0.07201325
v -0.02016997 -0.01697796 -0.02412497
v -0.00676996 -0.01659500 -0.02438998
v -0.02016997 -0.01387298 -0.02603399
v -0.00263899 -0.00958198 -0.02800899
v -0.00676996 -0.00954896 -0.02791196
v -0.02016997 -0.00707895 -0.02863800
v -0.00676996 -0.01055699 -0.02754598
v -0.02016997 -0.01055699 -0.02754598
v -0.00676996 -0.01387298 -0.02603399
v -0.00281996 -0.01892399 -0.04748499
v -0.02616995 -0.01892399 -0.04748499
v -0.00263000 -0.01867198 -0.04758197
v -0.02635997 0.00191396 -0.03423094
v -0.02635997 0.00558597 -0.03592300
v -0.02635997 0.00157696 -0.03513699
v -0.02635997 0.00527596 -0.03770995
v -0.02635997 0.00108194 -0.03596699
v -0.00676996 -0.00671196 -0.02872598
v -0.02016997 0.00014600 -0.02949994
v -0.00676996 -0.00349295 -0.02929198
v -0.02016997 -0.00349295 -0.02929198
v -0.00676996 -0.00671196 -0.02872598
v -0.02616995 -0.02121400 -0.04355096
v -0.02635997 0.00610894 -0.03418594
v -0.02635997 -0.00578398 -0.03969299
v -0.02635997 0.00188494 -0.04892295
v -0.02635997 -0.00681996 -0.04057097
v -0.02635997 0.00136197 -0.04942095
v -0.02635997 -0.00772297 -0.04158496
v -0.02635997 -0.00847495 -0.04271495
v -0.02635997 0.00064500 -0.05142396
v -0.02636200 -0.01614499 -0.05034095
v -0.00263000 -0.02128899 -0.04202198
v -0.02635997 -0.02128899 -0.04202198
v -0.00263000 -0.02117300 -0.04328298
v -0.02635598 -0.01524800 -0.05446594
v -0.02627497 -0.01508396 -0.05526697
v -0.00263000 -0.01588100 -0.05154496
v -0.00249398 -0.01565897 -0.05234295
v -0.00219095 -0.01552397 -0.05312198
v -0.00263083 -0.01712679 -0.04866588
v -0.02636307 -0.01711988 -0.04867345
v -0.00263000 -0.01667195 -0.04916596
v -0.00281996 -0.02121400 -0.04355096
v -0.02635997 -0.02117300 -0.04328298
v -0.02636033 -0.00954151 -0.04488253
v -0.02635997 -0.01667195 -0.04916596
v -0.00263000 -0.01634597 -0.04972499
v -0.02635997 -0.01634699 -0.04972594
v -0.00262696 -0.01614600 -0.05034095
v -0.02636200 -0.01614499 -0.05034095
v -0.02635997 -0.01867198 -0.04758197
v -0.02635997 -0.01956999 -0.04668796
v -0.02635997 -0.01795196 -0.04553198
v -0.02635997 -0.01867198 -0.04758197
v -0.02635997 0.00252545 -0.02989715
v -0.02635997 0.00277799 -0.02970296
v -0.02635997 0.00683600 -0.03252500
v -0.02635991 0.00296718 -0.02963018
v -0.02636051 0.00784761 -0.03079497
v -0.02636253 0.00702244 -0.02957451
v -0.02633297 -0.01713997 -0.04624700
v -0.02636307 -0.01711988 -0.04867345
v -0.02635997 -0.01858699 -0.04465997
v -0.02635997 -0.02029997 -0.04565298
v -0.02635997 -0.01903295 -0.04367798
v -0.02635997 -0.02083998 -0.04450595
v -0.02635997 -0.01927095 -0.04262697
v -0.02635997 -0.02117300 -0.04328298
v -0.02635997 -0.01929199 -0.04154896
v -0.02635997 -0.02128899 -0.04202198
v -0.02635997 -0.01785945 -0.02402806
v 0.02748292 0.01046270 -0.09890359
v 0.02736997 0.01589995 -0.09786695
v 0.02736997 0.01556295 -0.09712600
v -0.02635997 0.00784796 -0.03014296
v -0.02635997 0.00774699 -0.02995395
v -0.02635997 0.00791472 -0.03047960
v -0.02635997 -0.02095884 -0.02182793
v -0.02635997 -0.02062094 -0.02169984
v -0.02635997 -0.02138596 -0.02259194
v -0.02635997 -0.02029895 -0.02171897
v -0.02636003 -0.02004796 -0.02181649
v 0.02736061 0.01662880 -0.09883815
v -0.02635997 0.00701606 -0.04665875
v -0.02635997 0.00693995 -0.04706299
v -0.02635997 0.00648928 -0.04773640
v 0.02736997 0.01538896 -0.09633195
v -0.02635997 -0.01634699 -0.04972594
v -0.02635997 0.00072500 -0.05070596
v -0.02635997 0.00208098 -0.03327900
v -0.02635997 0.00233835 -0.03026580
v -0.02635997 -0.00463498 -0.03896796
v -0.02635997 -0.00339699 -0.03841096
v -0.02635997 0.00250894 -0.04855895
v -0.02636015 -0.00118238 -0.03775328
v -0.02635997 0.00319898 -0.04834794
v -0.02635997 -0.00031500 -0.03729295
v -0.02635997 0.00564200 -0.04311096
v -0.02635997 0.00619197 -0.04483896
v -0.02635997 -0.01414698 -0.04734200
v -0.02633297 -0.01307296 -0.04719799
v -0.02635997 -0.01202696 -0.04691594
v -0.02635997 -0.01107197 -0.04641598
v -0.02635997 -0.01023799 -0.04573398
v -0.02635997 0.00096800 -0.05002599
v -0.02635997 -0.01819497 -0.02335995
v -0.02635997 -0.01667195 -0.04916596
v -0.02635997 -0.01520800 -0.04715597
v -0.02635997 -0.01622700 -0.04680597
v -0.02635997 0.00518095 -0.03951996
v -0.02635997 0.00044400 -0.03669399
v -0.02635997 0.00530398 -0.04132997
v 0.02707797 -0.00414097 -0.08570998
v 0.02707797 -0.00574297 -0.08291596
v 0.02660095 -0.00466996 -0.08603596
v 0.02737796 -0.00352597 -0.08533000
v 0.02737796 -0.00510400 -0.08257699
v 0.02660095 -0.00629199 -0.08320796
v 0.02597999 -0.00507498 -0.08628696
v 0.02597999 -0.00671297 -0.08343100
v 0.02525597 -0.00532997 -0.08644396
v 0.02525597 -0.00697797 -0.08357197
v 0.02660095 0.00124794 -0.09380799
v 0.02597999 0.00089899 -0.09413295
v 0.02525597 0.00067899 -0.09433698
v 0.02738046 0.01063007 -0.09970003
v 0.02739197 0.01099294 -0.09961301
v 0.02707797 0.01026499 -0.10037300
v 0.02716398 0.01099699 -0.10024100
v 0.02660095 -0.00772595 -0.08027899
v 0.02525597 0.00810599 -0.10091300
v 0.02707797 0.00170398 -0.09338599
v 0.02737891 0.00970507 -0.09942013
v 0.02707797 0.00892699 -0.09978097
v 0.02660095 0.00856197 -0.10028400
v 0.02597999 0.00828195 -0.10067000
v 0.02737796 0.00223398 -0.09289300
v 0.02690094 0.01688796 -0.10049500
v 0.02707797 0.01099795 -0.10044690
v 0.02680897 0.01669895 -0.10077500
v 0.02525675 0.01100552 -0.10184470
v 0.02595835 0.01108086 -0.10156360
v 0.02585697 0.01689296 -0.10145900
v 0.02595835 0.01108086 -0.10156360
v 0.02577596 0.01670295 -0.10160800
v 0.02595835 0.01108086 -0.10156360
v 0.02585697 0.01689296 -0.10145900
v 0.02633500 0.01100194 -0.10127300
v 0.02633899 0.01670199 -0.10124900
v 0.02585697 0.01689296 -0.10145900
v 0.02660095 0.01100099 -0.10106800
v 0.02637499 0.01688897 -0.10098090
v 0.02660095 0.01100099 -0.10106800
v 0.02633899 0.01670199 -0.10124900
v 0.02660095 0.01100099 -0.10106800
v 0.02637499 0.01688897 -0.10098090
v 0.02680498 0.01099896 -0.10080200
v 0.02680897 0.01669895 -0.10077500
v 0.02637499 0.01688897 -0.10098090
v 0.02680897 0.01669895 -0.10077500
v 0.02660095 0.00931299 -0.10071600
v 0.02707797 0.00956494 -0.10014800
v 0.02735400 0.01677697 -0.09918600
v 0.02739197 0.01099294 -0.09961301
v -0.00168699 -0.01537996 -0.05375999
v -0.00104195 -0.01527100 -0.05424100
v 0.02723795 0.01686799 -0.09981501
v 0.02525597 0.00997996 -0.10174100
v 0.02660095 0.01013797 -0.10098090
v 0.02597999 0.01004093 -0.10144790
v 0.02597999 0.00911999 -0.10115200
v 0.02739900 0.01666295 -0.09958499
v 0.02739197 0.01099294 -0.09961301
v 0.02739900 0.01666295 -0.09958499
v 0.02729195 0.01685196 -0.09935396
v 0.02525597 0.00899899 -0.10142600
v 0.02736997 0.00084999 -0.07287096
v 0.02736997 0.00115597 -0.07522797
v 0.02736997 0.00829798 -0.08933198
v 0.02736997 0.01588094 -0.09397798
v 0.02736997 0.00910896 -0.08977496
v 0.02736997 0.00428599 -0.08415997
v 0.02736997 0.00322795 -0.08203196
v 0.02736997 0.00234997 -0.07982397
v 0.02736997 0.00165695 -0.07755100
v 0.02736997 0.00754994 -0.08878695
v -0.00737196 0.00357997 -0.08273398
v -0.00740999 0.00257999 -0.08045899
v -0.00740999 0.00472897 -0.08493596
v 0.02736997 0.00551695 -0.08619296
v 0.02736997 0.00691199 -0.08811700
v 0.02736997 0.01002395 -0.08997797
v 0.02736496 0.01094597 -0.09005397
v 0.02748000 0.01155698 -0.09032195
v 0.02730995 0.01142799 -0.09004795
v 0.02736997 0.01588094 -0.09397798
v -0.00913197 0.00069000 -0.06827998
v -0.01342195 0.00071699 -0.06540495
v -0.00740999 0.00180596 -0.07809698
v -0.00740999 0.00123799 -0.07567697
v 0.02736997 0.01555097 -0.09472197
v 0.02736997 0.01538497 -0.09551799
v 0.02736997 0.01635897 -0.09331995
v -0.01082599 0.01082295 -0.10183390
v -0.02046996 0.00014800 -0.02979999
v -0.02028727 0.00261617 -0.02960479
v -0.02045196 0.00250697 -0.02977097
v -0.02046573 -0.01774203 -0.02394562
v -0.02021497 -0.01783597 -0.02355098
v -0.02016997 -0.01697796 -0.02412497
v -0.02046996 -0.01715099 -0.02436995
v -0.02046996 -0.01401400 -0.02629899
v -0.02016997 -0.01387298 -0.02603399
v -0.02046996 -0.01066398 -0.02782696
v -0.02016997 -0.01055699 -0.02754598
v -0.02046996 -0.00715095 -0.02892899
v -0.02016997 -0.00707895 -0.02863800
v -0.02046996 -0.00352895 -0.02958995
v -0.02016997 -0.00349295 -0.02929198
v -0.02016997 0.00014600 -0.02949994
v -0.00647038 -0.00634503 -0.03370136
v -0.00646996 -0.00235397 -0.03597694
v -0.00646996 0.00003900 -0.03282594
v -0.00646984 0.00002471 -0.02979910
v -0.00646996 -0.00646096 -0.03285795
v -0.00650400 -0.00647998 -0.02905195
v -0.00646996 -0.00157195 -0.03564798
v -0.00646996 -0.00319499 -0.03609198
v -0.00646996 -0.00403696 -0.03598499
v -0.00646996 -0.00549799 -0.03515100
v -0.00646996 -0.00601798 -0.03448098
v -0.00646996 -0.00482196 -0.03566396
v -0.00646996 -0.00352895 -0.02958995
v -0.00646996 -0.00006800 -0.03366696
v -0.00646996 -0.00038900 -0.03445297
v -0.00646996 -0.00090200 -0.03512799
v -0.00281996 -0.01646399 -0.02463597
v -0.00663894 -0.01646399 -0.02463597
v -0.00272900 -0.01655799 -0.02455496
v -0.00663894 -0.01646399 -0.02463597
v -0.00676996 -0.01387298 -0.02603399
v -0.00646996 -0.01401400 -0.02629899
v -0.00676996 -0.01055699 -0.02754598
v -0.00646996 -0.01066398 -0.02782696
v -0.00663894 -0.01646399 -0.02463597
v -0.00676996 -0.01659500 -0.02438998
v -0.00676996 -0.00954896 -0.02791196
v -0.00646996 -0.01646298 -0.02483999
v -0.00646996 -0.00984699 -0.02812600
v -0.00281996 -0.00235397 -0.03597694
v -0.00646996 -0.00235397 -0.03597694
v -0.00281996 -0.00319499 -0.03609198
v -0.00646996 -0.00601798 -0.03448098
v -0.00281996 -0.00601798 -0.03448098
v -0.00646996 -0.00549799 -0.03515100
v -0.00646996 -0.00006800 -0.03366696
v -0.00281996 -0.00006800 -0.03366696
v -0.00646996 0.00003900 -0.03282594
v -0.00281996 0.00003900 -0.03282594
v -0.00281996 -0.00549799 -0.03515100
v -0.00646996 -0.00482196 -0.03566396
v -0.00281996 -0.00482196 -0.03566396
v -0.00646996 -0.00403696 -0.03598499
v -0.00281996 -0.00403696 -0.03598499
v -0.00646996 -0.00319499 -0.03609198
v -0.00646996 -0.00157195 -0.03564798
v -0.00281996 -0.00157195 -0.03564798
v -0.00646996 -0.00090200 -0.03512799
v -0.00281996 -0.00090200 -0.03512799
v -0.00646996 -0.00038900 -0.03445297
v -0.00281996 -0.00038900 -0.03445297
v -0.00646996 -0.00646096 -0.03285795
v -0.00281996 -0.00646096 -0.03285795
v -0.00647038 -0.00634503 -0.03370136
v -0.00281996 -0.00634599 -0.03369796
v -0.00650400 -0.00647998 -0.02905195
v -0.00281996 -0.00647998 -0.02901697
v -0.00646984 0.00002471 -0.02979910
v -0.00281996 0.00002400 -0.02979999
v -0.00646996 -0.00994599 -0.02819699
v -0.00646996 -0.00992697 -0.03200298
v -0.00281996 -0.00994599 -0.02819699
v -0.00281996 -0.00992697 -0.03200298
v -0.00281996 -0.01003396 -0.03284496
v -0.00281996 -0.01642698 -0.03203594
v -0.00646996 -0.01642698 -0.03203594
v -0.00281996 -0.01646399 -0.02463597
v -0.00646996 -0.01598399 -0.03365796
v -0.00281996 -0.01598399 -0.03365796
v -0.00646996 -0.01546400 -0.03432899
v -0.00281996 -0.01546400 -0.03432899
v -0.00646996 -0.01478797 -0.03484195
v -0.00281996 -0.01478797 -0.03484195
v -0.00646996 -0.01400297 -0.03516298
v -0.00281996 -0.01400297 -0.03516298
v -0.00646996 -0.01316100 -0.03526997
v -0.00281996 -0.01316100 -0.03526997
v -0.00646996 -0.01232099 -0.03515499
v -0.00281996 -0.01232099 -0.03515499
v -0.00646996 -0.01646298 -0.02483999
v -0.00646996 -0.01003396 -0.03284496
v -0.00281996 -0.01035499 -0.03363096
v -0.00646996 -0.01035499 -0.03363096
v -0.00646996 -0.01631200 -0.03287595
v -0.00281996 -0.01631200 -0.03287595
v -0.00281996 -0.01086795 -0.03430598
v -0.00646996 -0.01086795 -0.03430598
v -0.00281996 -0.01153796 -0.03482598
v -0.00646996 -0.01153796 -0.03482598
v -0.00663894 -0.01646399 -0.02463597
v -0.00646996 -0.01598399 -0.03365796
v -0.00646996 -0.01400297 -0.03516298
v -0.00646996 -0.01631200 -0.03287595
v -0.00646996 -0.01642698 -0.03203594
v -0.00646996 -0.01066398 -0.02782696
v -0.00646996 -0.00994599 -0.02819699
v -0.00646996 -0.00984699 -0.02812600
v -0.00646996 -0.00992697 -0.03200298
v -0.00646996 -0.01232099 -0.03515499
v -0.00646996 -0.01316100 -0.03526997
v -0.00646996 -0.01546400 -0.03432899
v -0.00646996 -0.01478797 -0.03484195
v -0.00646996 -0.01153796 -0.03482598
v -0.00646996 -0.01401400 -0.02629899
v -0.00646996 -0.01646298 -0.02483999
v -0.00646996 -0.01086795 -0.03430598
v -0.00646996 -0.01035499 -0.03363096
v -0.00646996 -0.01003396 -0.03284496
v -0.00676996 -0.00349295 -0.02929198
v -0.00676996 -0.00671196 -0.02872598
v -0.00650400 -0.00647998 -0.02905195
v -0.00646984 0.00002471 -0.02979910
v -0.00646996 -0.00352895 -0.02958995
v -0.00677436 0.00031804 -0.02949839
v -0.00676996 -0.00671196 -0.02872598
v -0.00272298 -0.00660795 -0.02892398
v -0.00650400 -0.00647998 -0.02905195
v -0.00281996 -0.00647998 -0.02901697
v -0.00281996 -0.00403696 -0.03598499
v -0.00251996 -0.00411296 -0.03627496
v -0.00281996 -0.00319499 -0.03609198
v -0.00281996 0.00003900 -0.03282594
v -0.00251996 0.00033900 -0.03282397
v -0.00281996 0.00002400 -0.02979999
v -0.00251996 0.00033900 -0.03282397
v -0.00281996 -0.00646096 -0.03285795
v -0.00251996 -0.00676095 -0.03285896
v -0.00281996 -0.00634599 -0.03369796
v -0.00251996 -0.00663596 -0.03377699
v -0.00281996 -0.00601798 -0.03448098
v -0.00251996 -0.00627697 -0.03463196
v -0.00251996 -0.00497097 -0.03592497
v -0.00281996 -0.00549799 -0.03515100
v -0.00251996 -0.00570899 -0.03536397
v -0.00272298 -0.00660795 -0.02892398
v -0.00251996 -0.00319397 -0.03639197
v -0.00281996 -0.00235397 -0.03597694
v -0.00251996 -0.00227499 -0.03626596
v -0.00281996 -0.00157195 -0.03564798
v -0.00251996 -0.00142097 -0.03590697
v -0.00281996 -0.00090200 -0.03512799
v -0.00251996 -0.00068800 -0.03533995
v -0.00281996 -0.00038900 -0.03445297
v -0.00251996 -0.00012800 -0.03460097
v -0.00281996 -0.00006800 -0.03366696
v -0.00251996 0.00022200 -0.03374397
v -0.00281996 -0.00482196 -0.03566396
v -0.00261897 -0.00674099 -0.02884799
v -0.00281996 -0.00647998 -0.02901697
v -0.00263899 -0.00958198 -0.02800899
v -0.00676996 -0.00954896 -0.02791196
v -0.00646996 -0.00984699 -0.02812600
v -0.00272798 -0.00976497 -0.02810496
v -0.00646996 -0.00994599 -0.02819699
v -0.00281996 -0.00994599 -0.02819699
v -0.00251996 -0.01567500 -0.03454196
v -0.00281996 -0.01546400 -0.03432899
v -0.00251996 -0.01624298 -0.03380995
v -0.00251996 -0.00974399 -0.03292095
v -0.00281996 -0.01003396 -0.03284496
v -0.00251996 -0.01009398 -0.03377896
v -0.00281996 -0.01598399 -0.03365796
v -0.00251996 -0.01660197 -0.03295499
v -0.00281996 -0.01631200 -0.03287595
v -0.00251996 -0.01672697 -0.03203696
v -0.00281996 -0.01642698 -0.03203594
v -0.00272900 -0.01655799 -0.02455496
v -0.00281996 -0.01646399 -0.02463597
v -0.00262898 -0.01665997 -0.02448397
v -0.00251996 -0.01138699 -0.03508496
v -0.00281996 -0.01153796 -0.03482598
v -0.00251996 -0.01224195 -0.03544396
v -0.00281996 -0.01086795 -0.03430598
v -0.00251996 -0.01065498 -0.03451699
v -0.00281996 -0.01035499 -0.03363096
v -0.00281996 -0.00994599 -0.02819699
v -0.00281996 -0.00992697 -0.03200298
v -0.00272798 -0.00976497 -0.02810496
v -0.00251996 -0.00962698 -0.03200197
v -0.00251996 -0.00962698 -0.03200197
v -0.00281996 -0.01478797 -0.03484195
v -0.00251996 -0.01493698 -0.03510296
v -0.00251996 -0.01407897 -0.03545296
v -0.00281996 -0.01400297 -0.03516298
v -0.00281996 -0.01316100 -0.03526997
v -0.00251996 -0.01315999 -0.03556996
v -0.00281996 -0.01232099 -0.03515499
v -0.00281996 -0.01171296 -0.03967595
v -0.00251996 -0.01150196 -0.03946298
v -0.00281996 -0.01238799 -0.03916299
v -0.00251996 -0.01223999 -0.03890299
v -0.00281996 -0.01317399 -0.03884196
v -0.00251996 -0.01147699 -0.04448294
v -0.00281996 -0.01168996 -0.04427200
v -0.00251996 -0.01220899 -0.04505097
v -0.00281996 -0.01117700 -0.04359698
v -0.00251996 -0.01091599 -0.04374498
v -0.00281996 -0.01085597 -0.04281097
v -0.00251996 -0.01056599 -0.04288697
v -0.00281996 -0.01074999 -0.04196995
v -0.00251996 -0.01045000 -0.04196798
v -0.00281996 -0.01086395 -0.04112899
v -0.00251996 -0.01057499 -0.04104995
v -0.00281996 -0.01482498 -0.04512900
v -0.00251996 -0.01490098 -0.04541897
v -0.00281996 -0.01398295 -0.04523599
v -0.00251996 -0.01309800 -0.03855198
v -0.00281996 -0.01401597 -0.03873598
v -0.00281996 -0.01236099 -0.04479199
v -0.00251996 -0.01306396 -0.04540997
v -0.00281996 -0.01314300 -0.04512095
v -0.00251996 -0.01398199 -0.04553598
v -0.00251996 -0.01742398 -0.04292094
v -0.00281996 -0.01713496 -0.04284197
v -0.00251996 -0.01754897 -0.04200297
v -0.00251996 -0.01575899 -0.04506897
v -0.00281996 -0.01561099 -0.04480797
v -0.00251996 -0.01649695 -0.04450798
v -0.00281996 -0.01628595 -0.04429495
v -0.00251996 -0.01706498 -0.04377597
v -0.00281996 -0.01680600 -0.04362499
v -0.00251996 -0.01493495 -0.03856098
v -0.00281996 -0.01485598 -0.03885096
v -0.00251996 -0.01401698 -0.03843599
v -0.00281996 -0.01724898 -0.04200196
v -0.00251996 -0.01743298 -0.04108399
v -0.00281996 -0.01714295 -0.04115998
v -0.00251996 -0.01708298 -0.04022598
v -0.00281996 -0.01682198 -0.04037499
v -0.00251996 -0.01652199 -0.03948795
v -0.00281996 -0.01630896 -0.03969895
v -0.00251996 -0.01578998 -0.03891998
v -0.00281996 -0.01563799 -0.03917896
v -0.00281996 -0.01119297 -0.04034698
v -0.00251996 -0.01093399 -0.04019498
v -0.02046996 -0.00352895 -0.02958995
v -0.02046996 -0.01403528 -0.03055042
v -0.02046996 -0.00715095 -0.02892899
v -0.02046996 -0.01066398 -0.02782696
v -0.02046996 -0.00709098 -0.04068595
v -0.02046996 -0.00828600 -0.04219096
v -0.02046996 -0.00562495 -0.03944396
v -0.02046996 -0.00394499 -0.03851199
v -0.02046996 0.00022800 -0.03674197
v -0.02046996 0.00222647 -0.03028541
v -0.02046996 0.00110197 -0.03574699
v -0.02046996 -0.00211596 -0.03792500
v -0.02046996 -0.00086800 -0.03748399
v -0.02046996 0.00014800 -0.02979999
v -0.02046197 0.00233894 -0.02990597
v -0.02046996 -0.01401400 -0.02629899
v -0.02046996 -0.01582598 -0.04685395
v -0.02046996 0.00169498 -0.03456395
v -0.02046996 0.00197095 -0.03326898
v -0.02046996 -0.01799595 -0.04531198
v -0.02046996 -0.01701200 -0.04622399
v -0.02046996 -0.01871496 -0.04417896
v -0.02046996 -0.01911896 -0.04289895
v -0.02046996 -0.00916397 -0.04389899
v -0.02046996 -0.00981498 -0.04507297
v -0.02046996 -0.01074498 -0.04604095
v -0.02046996 -0.01715099 -0.02436995
v -0.02046573 -0.01774203 -0.02394562
v -0.02046996 -0.01918196 -0.04155796
v -0.02046996 -0.01189100 -0.04673898
v -0.02046996 -0.01317799 -0.04711997
v -0.02046996 -0.01451897 -0.04715996
v -0.00263000 0.00032300 -0.02960896
v -0.00646984 0.00002471 -0.02979910
v -0.00281996 0.00002400 -0.02979999
v -0.00677436 0.00031804 -0.02949839
v -0.00263000 0.00032300 -0.02960896
v -0.00281996 -0.01086395 -0.04112899
v -0.00281996 -0.01119297 -0.04034698
v -0.00281996 -0.01074999 -0.04196995
v -0.00281996 -0.01238799 -0.03916299
v -0.00281996 -0.01171296 -0.03967595
v -0.00281996 -0.01563799 -0.03917896
v -0.00281996 -0.01401597 -0.03873598
v -0.00281996 -0.01317399 -0.03884196
v -0.00281996 -0.01485598 -0.03885096
v -0.00281996 -0.01561099 -0.04480797
v -0.00281996 -0.01724898 -0.04200196
v -0.00281996 -0.01682198 -0.04037499
v -0.00281996 -0.01630896 -0.03969895
v -0.00281996 -0.01714295 -0.04115998
v -0.00281996 -0.01680600 -0.04362499
v -0.00281996 -0.01713496 -0.04284197
v -0.00281996 -0.01628595 -0.04429495
v -0.00281996 -0.01236099 -0.04479199
v -0.00281996 -0.01398295 -0.04523599
v -0.00281996 -0.01482498 -0.04512900
v -0.00281996 -0.01314300 -0.04512095
v -0.00281996 -0.01117700 -0.04359698
v -0.00281996 -0.01168996 -0.04427200
v -0.00281996 -0.01085597 -0.04281097
v -0.00263000 0.00758594 -0.02981400
v -0.02635997 0.00669187 -0.04758661
v -0.02017581 0.00297296 -0.02949130
v -0.02017438 -0.01801121 -0.02336645
v 0.02736997 0.01002395 -0.08997797
v -0.00904900 0.00980395 -0.08995395
v 0.02717995 0.00982499 -0.08980995
v -0.02635997 0.00758696 -0.02981400
v -0.00263000 0.00790399 -0.03056395
v -0.00263000 0.00790095 -0.03034996
v -0.02635997 0.00742197 -0.02968698
v -0.00263000 0.00676632 -0.04753667
v 0.02690094 0.01688796 -0.10049500
v -0.02635997 0.00704896 -0.04688996
v -0.00263000 -0.02095776 -0.02182841
v -0.00263000 -0.02125996 -0.02216094
v -0.01032894 0.01056694 -0.09005200
v -0.00904900 0.00980395 -0.08995395
v -0.02635997 -0.01803231 -0.02359008
v -0.02045196 0.00250697 -0.02977097
v -0.02635997 0.00692797 -0.04727697
v -0.02635997 -0.02126896 -0.02219569
v -0.02634102 0.01565891 -0.09954321
v -0.02624797 0.01590096 -0.09979498
v -0.02619498 0.01589417 -0.09932631
v -0.02490240 0.01688319 -0.09929758
v -0.02466839 0.01683235 -0.09902566
v -0.02518510 0.01674753 -0.09915101
v -0.02493095 0.01693797 -0.09967321
v -0.02521878 0.01683944 -0.09956693
v -0.02533906 0.01679527 -0.09981501
v -0.02641397 0.01545494 -0.09979796
v -0.02644097 0.01524394 -0.09956997
v -0.02646994 0.01499158 -0.09981799
v -0.02469295 0.01655411 -0.09857690
v -0.02446997 0.01674497 -0.09884899
v 0.02647995 0.01602697 -0.09394800
v -0.02446997 0.01600295 -0.09399199
v 0.02647995 0.01572197 -0.09456896
v -0.02513152 0.01652389 -0.09868913
v -0.02496618 0.01670050 -0.09888017
v -0.02538406 0.01655471 -0.09894108
v -0.02574825 0.01625931 -0.09892344
v -0.02564448 0.01648688 -0.09916275
v -0.02599424 0.01609194 -0.09911060
v -0.02446997 0.01619195 -0.09370100
v -0.02460724 0.01693695 -0.09934777
v 0.02449995 0.01694995 -0.09091699
v -0.02446997 0.01694995 -0.09091699
v -0.02456271 0.01695263 -0.09208434
v 0.02647995 0.01553595 -0.09523499
v -0.02446997 0.01549398 -0.09552896
v 0.02647995 0.01547497 -0.09592497
v -0.02446997 0.01547497 -0.09592497
v -0.02446997 0.01549798 -0.09631997
v -0.02449285 0.01577877 -0.09442406
v -0.02446997 0.01565599 -0.09475600
v -0.02446997 0.01554697 -0.09518700
v -0.02491497 0.01689994 -0.09091699
v -0.02491945 0.01690244 -0.09216642
v 0.02628600 0.01695597 -0.09204399
v 0.02526199 0.01695197 -0.09112900
v 0.02560597 0.01695299 -0.09135895
v 0.02647995 0.01646596 -0.09844595
v -0.02446997 0.01621395 -0.09814095
v 0.02647995 0.01604598 -0.09789496
v -0.02446997 0.01581197 -0.09745997
v -0.02446997 0.01602196 -0.09785199
v 0.02647995 0.01644098 -0.09339398
v -0.02469050 0.01652812 -0.09326344
v 0.02647995 0.01554197 -0.09661298
v -0.02446997 0.01555395 -0.09666097
v 0.02647995 0.01573497 -0.09727799
v -0.02449107 0.01568204 -0.09713834
v -0.02481698 0.01618897 -0.09815895
v -0.02481698 0.01596897 -0.09782600
v -0.02599596 0.01606029 -0.09272855
v -0.02619612 0.01585710 -0.09252005
v -0.02620196 0.01538294 -0.09311300
v -0.02574789 0.01622813 -0.09292000
v -0.02600198 0.01561397 -0.09328097
v -0.02514958 0.01642906 -0.09322226
v -0.02515399 0.01609396 -0.09362995
v -0.02591598 0.01629096 -0.09932196
v -0.02481698 0.01578497 -0.09747195
v -0.02546000 0.01667994 -0.09937697
v -0.02546095 0.01638263 -0.09875571
v -0.02580296 0.01645499 -0.09950095
v -0.02567982 0.01658499 -0.09969836
v -0.02457720 0.01698815 -0.09977173
v -0.02610296 0.01612496 -0.09956800
v -0.02598398 0.01629495 -0.09978699
v -0.01407498 0.01099997 -0.10089700
v -0.01451998 0.01099997 -0.10094700
v -0.01251995 0.01098996 -0.09894698
v 0.02640205 0.01693695 -0.09234035
v 0.02648162 0.01677721 -0.09289216
v 0.02645295 0.01688796 -0.09256696
v -0.02446997 0.01671594 -0.09298795
v 0.02641552 0.01696252 -0.09942626
v -0.02446997 0.01099997 -0.10094700
v -0.01251995 0.01095998 -0.09294700
v -0.02462279 0.01690453 -0.09248018
v -0.02460050 0.01680481 -0.09280818
v 0.02627998 0.01699393 -0.09978801
v 0.02604395 0.01699596 -0.10016400
v 0.02532094 0.01699894 -0.10066300
v 0.02572697 0.01699799 -0.10048100
v -0.02627199 0.01586794 -0.10092300
v -0.02641999 0.01544499 -0.10092500
v -0.02537739 0.01653283 -0.09289014
v -0.02505910 0.01659464 -0.09304338
v -0.02546298 0.01635622 -0.09308046
v -0.02564400 0.01645720 -0.09267139
v 0.02648144 0.01681768 -0.09896099
v -0.02487874 0.01685798 -0.09252977
v -0.02569413 0.01653724 -0.09215325
v -0.02580296 0.01641994 -0.09233897
v -0.02634090 0.01562458 -0.09230160
v -0.02641397 0.01541697 -0.09205198
v -0.02644193 0.01518142 -0.09228235
v -0.02646994 0.01495301 -0.09201991
v -0.02517706 0.01672101 -0.09268105
v -0.01407498 0.01095098 -0.09099698
v -0.01451998 0.01095098 -0.09094697
v -0.01277500 0.01099395 -0.09978801
v -0.01256996 0.01099199 -0.09939199
v -0.01365196 0.01099896 -0.10074900
v -0.01327300 0.01099795 -0.10051100
v -0.02446997 0.01095098 -0.09094697
v 0.02447998 0.01699995 -0.10091700
v -0.01256996 0.01095795 -0.09250199
v -0.01370698 0.01095199 -0.09122800
v -0.01271796 0.01095598 -0.09207898
v -0.02533799 0.01114898 -0.09094595
v -0.02533799 0.01119798 -0.10094600
v -0.02571696 0.01138699 -0.09094500
v -0.02491497 0.01104998 -0.10094700
v -0.02491497 0.01100099 -0.09094697
v -0.02624797 0.01586198 -0.09204995
v -0.02627199 0.01581794 -0.09092295
v -0.02647000 0.01495099 -0.09092700
v -0.02641999 0.01539593 -0.09092497
v -0.02571696 0.01143598 -0.10094500
v -0.02647000 0.01295095 -0.09093695
v -0.02646994 0.01406788 -0.09334731
v -0.02646994 0.01340055 -0.09551864
v -0.02646994 0.01392036 -0.09820950
v -0.02647000 0.01299995 -0.10093700
v -0.02571696 0.01651394 -0.09091895
v -0.02533799 0.01675194 -0.09091800
v -0.02603399 0.01619696 -0.09092098
v -0.02597898 0.01626098 -0.09205299
v -0.02533626 0.01675885 -0.09201866
v -0.02603399 0.01175296 -0.10094300
v -0.02603399 0.01170396 -0.09094297
v -0.02647000 0.01499998 -0.10092700
v -0.02603399 0.01624697 -0.10092100
v -0.02571696 0.01656395 -0.10091900
v -0.02533799 0.01680195 -0.10091800
v -0.02446997 0.01699995 -0.10091700
v -0.02491497 0.01694995 -0.10091700
v -0.02641999 0.01255494 -0.10093900
v -0.02641999 0.01250594 -0.09093898
v -0.02627199 0.01213198 -0.10094100
v -0.02627199 0.01208299 -0.09094095
v -0.02634894 0.01415896 -0.09593099
v -0.02644056 0.01382631 -0.09627056
v -0.02634829 0.01422470 -0.09674984
v -0.02644008 0.01390606 -0.09485417
v -0.02634823 0.01421040 -0.09515661
v -0.02644026 0.01402097 -0.09738564
v -0.02634841 0.01451200 -0.09777808
v -0.02643954 0.01458024 -0.09869867
v -0.02634799 0.01501327 -0.09872800
v -0.02643972 0.01438283 -0.09349691
v -0.02620077 0.01447528 -0.09569108
v -0.02620196 0.01450395 -0.09643000
v -0.02620065 0.01464653 -0.09718525
v -0.02620196 0.01490199 -0.09787398
v -0.02620083 0.01462650 -0.09469783
v -0.02620071 0.01526832 -0.09854090
v -0.02600026 0.01492005 -0.09710156
v -0.02600198 0.01516199 -0.09775596
v -0.02600002 0.01550585 -0.09838169
v -0.02634894 0.01512694 -0.09292799
v -0.02634841 0.01469618 -0.09362423
v -0.02634894 0.01440298 -0.09435200
v -0.02546000 0.01664596 -0.09245997
v -0.02484393 0.01673841 -0.09288316
v -0.02523756 0.01679414 -0.09227693
v -0.02591598 0.01625698 -0.09251898
v -0.02610296 0.01608896 -0.09227496
v -0.02546995 0.01597499 -0.09354400
v -0.02515399 0.01587194 -0.09397298
v -0.02546995 0.01576399 -0.09794700
v -0.02515399 0.01589095 -0.09787195
v -0.02546995 0.01556795 -0.09757095
v -0.02481698 0.01563894 -0.09710097
v -0.02515399 0.01555299 -0.09713000
v -0.02515399 0.01570296 -0.09750998
v -0.02515399 0.01611697 -0.09821200
v -0.02546995 0.01574397 -0.09389895
v -0.02515399 0.01568698 -0.09433698
v -0.02546995 0.01555198 -0.09427696
v -0.02515399 0.01554095 -0.09471899
v -0.02546995 0.01540094 -0.09467297
v -0.02481698 0.01594996 -0.09401798
v -0.02481698 0.01576894 -0.09437400
v -0.02481698 0.01562696 -0.09474599
v -0.02481698 0.01552498 -0.09513199
v -0.02546995 0.01522797 -0.09550195
v -0.02515399 0.01537394 -0.09551697
v -0.02546995 0.01529198 -0.09508299
v -0.02575600 0.01536893 -0.09419596
v -0.02575600 0.01557093 -0.09380000
v -0.02575600 0.01521098 -0.09461200
v -0.02575600 0.01509696 -0.09504199
v -0.02575600 0.01502895 -0.09548199
v -0.02515399 0.01543694 -0.09511399
v -0.02515399 0.01535499 -0.09592497
v -0.02546995 0.01520699 -0.09592598
v -0.02515399 0.01537793 -0.09633296
v -0.02546995 0.01523196 -0.09634900
v -0.02515399 0.01544499 -0.09673595
v -0.02546995 0.01530098 -0.09676796
v -0.02546995 0.01541298 -0.09717595
v -0.02481698 0.01553297 -0.09671700
v -0.02481698 0.01546794 -0.09632295
v -0.02481698 0.01616698 -0.09368300
v -0.02481698 0.01544499 -0.09592497
v -0.02481698 0.01546394 -0.09552597
v -0.02600198 0.01514399 -0.09409600
v -0.02600198 0.01478797 -0.09639799
v -0.02575600 0.01503294 -0.09637099
v -0.02600198 0.01476097 -0.09592795
v -0.02575600 0.01500695 -0.09592700
v -0.02600198 0.01478296 -0.09545695
v -0.02600198 0.01485496 -0.09499198
v -0.02600198 0.01497596 -0.09453600
v -0.02600198 0.01535695 -0.09367597
v -0.02575600 0.01581299 -0.09342598
v -0.02620077 0.01498109 -0.09376341
v -0.02575600 0.01522397 -0.09723997
v -0.02575600 0.01510494 -0.09680998
v -0.02575600 0.01583796 -0.09841901
v -0.02546995 0.01599895 -0.09829998
v -0.02575600 0.01559197 -0.09804797
v -0.02575600 0.01538598 -0.09765398
v -0.01304197 0.00999594 -0.10014800
v -0.01365196 0.00999898 -0.10075400
v -0.01327300 0.00999796 -0.10051600
v -0.01407498 0.00999999 -0.10090200
v -0.01251995 0.00998998 -0.09895199
v -0.01451998 0.00995093 -0.09095197
v -0.01256996 0.00995797 -0.09250700
v -0.01271796 0.00995594 -0.09208399
v -0.01251995 0.00995994 -0.09295195
v -0.02446997 0.00995093 -0.09095197
v -0.02741199 0.01241499 -0.10094000
v -0.02746999 0.01295095 -0.09093695
v -0.02746999 0.01299995 -0.10093700
v -0.02741199 0.01236498 -0.09093999
v -0.02724200 0.01185196 -0.10094200
v -0.02474957 0.01730686 -0.09388786
v -0.02491188 0.01687389 -0.09441250
v -0.02532994 0.01680254 -0.09434944
v -0.02531498 0.01659995 -0.09474200
v -0.02571296 0.01652508 -0.09454387
v -0.02474206 0.01732385 -0.09793800
v -0.02531486 0.01682376 -0.09748697
v -0.02490472 0.01690036 -0.09743994
v -0.02530348 0.01721411 -0.09384506
v -0.02571594 0.01678097 -0.09412997
v -0.02570611 0.01714563 -0.09369301
v -0.02608662 0.01698076 -0.09356534
v -0.02489697 0.01650899 -0.09650200
v -0.02531224 0.01635569 -0.09607899
v -0.02489656 0.01644587 -0.09606593
v -0.02447098 0.01647502 -0.09604728
v -0.02489697 0.01645898 -0.09562700
v -0.02446997 0.01648896 -0.09562999
v -0.02531242 0.01645565 -0.09667593
v -0.02489733 0.01663172 -0.09691929
v -0.02531498 0.01661199 -0.09709596
v -0.02528190 0.01730841 -0.09806615
v -0.02571469 0.01670360 -0.09757649
v -0.02609199 0.01663398 -0.09782898
v -0.02570760 0.01711899 -0.09808200
v -0.02608329 0.01700371 -0.09826439
v -0.02608990 0.01636356 -0.09740281
v -0.02571415 0.01641047 -0.09701240
v -0.02609008 0.01604008 -0.09643864
v -0.02571594 0.01627397 -0.09655398
v -0.02571523 0.01620537 -0.09607839
v -0.02609008 0.01599901 -0.09575510
v -0.02571594 0.01621896 -0.09560197
v -0.02609026 0.01610255 -0.09507942
v -0.02571314 0.01630115 -0.09513515
v -0.02609199 0.01627594 -0.09459799
v -0.02609741 0.01650428 -0.09415900
v -0.02644622 0.01629370 -0.09399914
v -0.02643352 0.01596671 -0.09466493
v -0.02643299 0.01577961 -0.09537672
v -0.02609199 0.01616394 -0.09692597
v -0.02643495 0.01574194 -0.09592300
v -0.02643197 0.01578855 -0.09648507
v -0.02643495 0.01592099 -0.09700697
v -0.02643209 0.01613867 -0.09752410
v -0.02643495 0.01642799 -0.09798097
v -0.02642852 0.01681292 -0.09336429
v -0.02673697 0.01616299 -0.09367996
v -0.02673208 0.01660352 -0.09313708
v -0.02673554 0.01584565 -0.09419322
v -0.02673697 0.01562196 -0.09474498
v -0.02673512 0.01548016 -0.09533387
v -0.02673697 0.01543998 -0.09592497
v -0.02673524 0.01548802 -0.09652864
v -0.02673697 0.01563394 -0.09710299
v -0.02673572 0.01586437 -0.09765619
v -0.02673697 0.01618498 -0.09816199
v -0.02642875 0.01683950 -0.09847289
v -0.02699255 0.01578599 -0.09819591
v -0.02699398 0.01546794 -0.09761697
v -0.02699255 0.01524370 -0.09700930
v -0.02699238 0.01510101 -0.09615379
v -0.02699398 0.01511794 -0.09549099
v -0.02699273 0.01522982 -0.09485363
v -0.02699398 0.01545095 -0.09423297
v -0.02700066 0.01574712 -0.09365308
v -0.02698981 0.01636081 -0.09288299
v -0.02719897 0.01558196 -0.09325796
v -0.02719461 0.01608002 -0.09262573
v -0.02673101 0.01662939 -0.09869521
v -0.02698856 0.01639169 -0.09895455
v -0.02719795 0.01519936 -0.09387731
v -0.02719789 0.01486462 -0.09476500
v -0.02719897 0.01474398 -0.09545397
v -0.02719813 0.01472473 -0.09617471
v -0.02719897 0.01482594 -0.09687197
v -0.02719777 0.01503807 -0.09757441
v -0.02719753 0.01547741 -0.09840929
v -0.02734714 0.01514667 -0.09863799
v -0.02719283 0.01611876 -0.09921896
v -0.02734190 0.01581352 -0.09949231
v -0.02734738 0.01438462 -0.09672981
v -0.02734738 0.01466429 -0.09772360
v -0.02734738 0.01431971 -0.09569513
v -0.02734738 0.01447319 -0.09467154
v -0.02735477 0.01551359 -0.09265887
v -0.02734744 0.01483696 -0.09370321
v -0.02744072 0.01523607 -0.09233713
v -0.02743875 0.01445233 -0.09353661
v -0.02743905 0.01398444 -0.09486883
v -0.02743953 0.01390492 -0.09626078
v -0.02743923 0.01409918 -0.09736967
v -0.02743858 0.01464956 -0.09865772
v -0.02743995 0.01529896 -0.09951895
v -0.02746987 0.01497942 -0.09985971
v -0.02746981 0.01360994 -0.09734803
v -0.02746999 0.01346892 -0.09515357
v -0.02746999 0.01406788 -0.09334731
v -0.02514225 0.01744979 -0.09358596
v -0.02552229 0.01744306 -0.09336966
v -0.02584195 0.01741594 -0.09308600
v -0.02562224 0.01760125 -0.09288322
v -0.02604687 0.01743417 -0.09268051
v -0.02576297 0.01763296 -0.09245896
v -0.02596914 0.01754617 -0.09205275
v -0.02746993 0.01495164 -0.09202080
v -0.02446997 0.01766198 -0.09334999
v -0.02474558 0.01763719 -0.09337848
v -0.02555662 0.01774650 -0.09227150
v -0.02600002 0.01720964 -0.09331572
v -0.02617347 0.01742106 -0.09222215
v -0.02462667 0.01781213 -0.09295946
v -0.02490597 0.01776844 -0.09300577
v -0.02446997 0.01750898 -0.09361696
v -0.02521473 0.01765668 -0.09313112
v -0.02659696 0.01706695 -0.09206098
v -0.02638596 0.01723098 -0.09244799
v -0.02465200 0.01791107 -0.09254544
v -0.02492898 0.01787394 -0.09257900
v -0.02525949 0.01778447 -0.09267961
v -0.02654194 0.01703995 -0.09266000
v -0.02631783 0.01710391 -0.09305053
v -0.02528995 0.01783597 -0.09223395
v -0.02506130 0.01789826 -0.09212106
v -0.02677398 0.01685398 -0.09234899
v -0.02665495 0.01683598 -0.09288597
v -0.02696198 0.01662498 -0.09204596
v -0.02690094 0.01662695 -0.09259998
v -0.02723795 0.01610696 -0.09204798
v -0.02709597 0.01638394 -0.09230399
v -0.02459055 0.01795166 -0.09207803
v -0.02732598 0.01584196 -0.09230101
v -0.02740997 0.01553994 -0.09205096
v 0.02562999 0.01795297 -0.09131896
v 0.02616798 0.01795494 -0.09191197
v 0.02526897 0.01795196 -0.09111696
v 0.02488398 0.01795095 -0.09094995
v 0.02449995 0.01794999 -0.09091198
v 0.02630102 0.01795727 -0.09205955
v -0.02446997 0.01794999 -0.09091198
v -0.02447617 0.01692062 -0.09741437
v 0.02647995 0.01720196 -0.09776800
v 0.02647995 0.01685595 -0.09730297
v -0.02447444 0.01665639 -0.09689921
v 0.02647995 0.01661598 -0.09677499
v -0.02446997 0.01653897 -0.09649598
v 0.02647995 0.01649194 -0.09620898
v 0.02647995 0.01648896 -0.09562999
v -0.02447557 0.01656818 -0.09518307
v 0.02647995 0.01660794 -0.09506195
v -0.02446997 0.01671099 -0.09479099
v 0.02647995 0.01684296 -0.09453296
v 0.02647995 0.01718294 -0.09406399
v -0.02447497 0.01692682 -0.09438973
v 0.02647995 0.01753795 -0.09820801
v -0.02462047 0.01768219 -0.09847342
v -0.02446997 0.01753199 -0.09821200
v -0.02458000 0.01784050 -0.09885478
v 0.02648365 0.01784020 -0.09883511
v -0.02463400 0.01794284 -0.09927237
v 0.02645367 0.01794153 -0.09923833
v -0.02499455 0.01757192 -0.09835118
v 0.02627998 0.01799398 -0.09978199
v -0.02457964 0.01799100 -0.09979104
v 0.02638697 0.01798099 -0.09951400
v -0.02561485 0.01735371 -0.09833544
v -0.02536571 0.01759481 -0.09859877
v -0.02499067 0.01777487 -0.09878927
v -0.02599930 0.01723337 -0.09851115
v -0.02578127 0.01750516 -0.09880566
v -0.02545726 0.01772844 -0.09904843
v -0.02504664 0.01788288 -0.09921789
v -0.02632212 0.01712632 -0.09877860
v -0.02605438 0.01745849 -0.09913915
v -0.02576297 0.01766699 -0.09936797
v -0.02544206 0.01782733 -0.09955865
v -0.02503347 0.01793855 -0.09967195
v -0.02616822 0.01746195 -0.09962862
v -0.02596426 0.01758706 -0.09978973
v -0.02638596 0.01726496 -0.09938299
v -0.02654194 0.01707196 -0.09917300
v -0.02665495 0.01686596 -0.09894895
v -0.02690094 0.01665997 -0.09923696
v -0.02677398 0.01688897 -0.09948599
v -0.02659696 0.01710498 -0.09977197
v -0.02696198 0.01666295 -0.09979200
v -0.02709597 0.01641994 -0.09953600
v -0.02740997 0.01557898 -0.09979701
v -0.02561968 0.01776510 -0.09980821
v -0.02723795 0.01614594 -0.09979397
v 0.02604395 0.01799595 -0.10015900
v 0.02491098 0.01799994 -0.10080100
v 0.02447998 0.01799994 -0.10091200
v -0.02724200 0.01180195 -0.09094297
v -0.02696394 0.01133298 -0.10094500
v -0.02696394 0.01128399 -0.09094500
v -0.02659100 0.01087898 -0.10094700
v -0.02659100 0.01082897 -0.09094697
v -0.02613699 0.01050597 -0.10094900
v -0.02505499 0.01005798 -0.10095100
v -0.02561795 0.01017898 -0.09095096
v -0.02561795 0.01022797 -0.10095100
v -0.02505499 0.01000797 -0.09095197
v -0.02446997 0.00999999 -0.10095200
v -0.01451998 0.00999999 -0.10095200
v -0.02746999 0.01495099 -0.09092700
v -0.02746999 0.01499998 -0.10092700
v -0.02446997 0.01799994 -0.10091200
v -0.02741199 0.01553595 -0.09092396
v -0.02724200 0.01609897 -0.09092098
v -0.02613699 0.01045596 -0.09094899
v 0.02594900 0.01695394 -0.09154897
v 0.02617800 0.01695495 -0.09192395
v -0.02659100 0.01707196 -0.09091699
v -0.02696394 0.01661694 -0.09091895
v -0.02613699 0.01744496 -0.09091496
v -0.02561795 0.01772195 -0.09091299
v -0.02505499 0.01789295 -0.09091198
v -0.02613699 0.01749396 -0.10091500
v -0.02659100 0.01712095 -0.10091600
v -0.02741199 0.01558494 -0.10092400
v -0.02724200 0.01614797 -0.10092100
v -0.02696394 0.01666694 -0.10091900
v 0.02647995 0.01775896 -0.09312397
v 0.02647900 0.01785796 -0.09281599
v 0.02644264 0.01792442 -0.09249675
v -0.02561795 0.01777195 -0.10091300
v -0.02505499 0.01794195 -0.10091200
v 0.02647995 0.01751494 -0.09362000
v -0.02489602 0.01653444 -0.09519207
v -0.02489697 0.01668298 -0.09477895
v -0.02531480 0.01644682 -0.09516602
v -0.02531498 0.01636797 -0.09561800
v -0.01330995 0.00995296 -0.09142100
v -0.01407498 0.00995093 -0.09100198
v -0.01299399 0.00995397 -0.09173697
v -0.02641999 0.01255494 -0.10093900
v -0.02741199 0.01241499 -0.10094000
v -0.02647000 0.01299995 -0.10093700
v 0.02647995 0.01648896 -0.09562999
v 0.02647995 0.01547497 -0.09592497
v 0.02647995 0.01649194 -0.09620898
v -0.01304197 0.00999594 -0.10014800
v -0.01277500 0.01099395 -0.09978801
v -0.01276397 0.00999397 -0.09979999
v 0.02644264 0.01792442 -0.09249675
v 0.02645295 0.01688796 -0.09256696
v 0.02647900 0.01785796 -0.09281599
v 0.02647995 0.01554197 -0.09661298
v 0.02647995 0.01661598 -0.09677499
v 0.02647995 0.01573497 -0.09727799
v 0.02647995 0.01685595 -0.09730297
v 0.02647995 0.01604598 -0.09789496
v 0.02647995 0.01720196 -0.09776800
v 0.02647995 0.01646596 -0.09844595
v 0.02647995 0.01572197 -0.09456896
v 0.02647995 0.01553595 -0.09523499
v -0.01299399 0.00995397 -0.09173697
v -0.01330494 0.01095294 -0.09142100
v -0.01330995 0.00995296 -0.09142100
v -0.02724200 0.01185196 -0.10094200
v -0.01370698 0.01095199 -0.09122800
v -0.01365196 0.00995195 -0.09114998
v -0.01407498 0.01095098 -0.09099698
v -0.01451998 0.00999999 -0.10095200
v -0.01451998 0.01099997 -0.10094700
v -0.01407498 0.01099997 -0.10089700
v -0.01407498 0.00999999 -0.10090200
v -0.01295596 0.01099598 -0.10019400
v -0.01327300 0.00999796 -0.10051600
v -0.01327300 0.01099795 -0.10051100
v 0.02640205 0.01693695 -0.09234035
v 0.02449995 0.01694995 -0.09091699
v 0.02449995 0.01794999 -0.09091198
v -0.02446997 0.01694995 -0.09091699
v 0.02647995 0.01753795 -0.09820801
v 0.02648144 0.01681768 -0.09896099
v 0.02648365 0.01784020 -0.09883511
v -0.02446997 0.00995093 -0.09095197
v -0.02446997 0.01095098 -0.09094697
v -0.02505499 0.01000797 -0.09095197
v -0.02491497 0.01100099 -0.09094697
v -0.02561795 0.01017898 -0.09095096
v -0.02533799 0.01114898 -0.09094595
v -0.02613699 0.01045596 -0.09094899
v -0.02571696 0.01138699 -0.09094500
v -0.02659100 0.01082897 -0.09094697
v -0.02603399 0.01170396 -0.09094297
v -0.02603399 0.01619696 -0.09092098
v -0.02696394 0.01661694 -0.09091895
v -0.02627199 0.01581794 -0.09092295
v -0.02724200 0.01609897 -0.09092098
v -0.02641999 0.01539593 -0.09092497
v 0.02648162 0.01677721 -0.09289216
v 0.02630102 0.01795727 -0.09205955
v -0.02741199 0.01236498 -0.09093999
v -0.02641999 0.01250594 -0.09093898
v -0.02746999 0.01295095 -0.09093695
v -0.02627199 0.01208299 -0.09094095
v -0.02724200 0.01180195 -0.09094297
v -0.02446997 0.01794999 -0.09091198
v -0.02491497 0.01689994 -0.09091699
v -0.02505499 0.01789295 -0.09091198
v -0.02533799 0.01675194 -0.09091800
v 0.02641552 0.01696252 -0.09942626
v 0.02645367 0.01794153 -0.09923833
v -0.01451998 0.01095098 -0.09094697
v -0.02561795 0.01772195 -0.09091299
v -0.02571696 0.01651394 -0.09091895
v -0.01451998 0.00995093 -0.09095197
v 0.02647995 0.01718294 -0.09406399
v 0.02647995 0.01644098 -0.09339398
v 0.02647995 0.01684296 -0.09453296
v 0.02647995 0.01751494 -0.09362000
v 0.02647995 0.01775896 -0.09312397
v -0.01256996 0.01099199 -0.09939199
v -0.01256996 0.00999194 -0.09939700
v -0.01251995 0.01098996 -0.09894698
v -0.01251995 0.00998998 -0.09895199
v -0.02741199 0.01553595 -0.09092396
v -0.02647000 0.01495099 -0.09092700
v 0.02638697 0.01798099 -0.09951400
v 0.02627998 0.01699393 -0.09978801
v 0.02627998 0.01799398 -0.09978199
v 0.02604395 0.01699596 -0.10016400
v -0.01295596 0.01095396 -0.09169995
v -0.02746999 0.01495099 -0.09092700
v -0.02647000 0.01295095 -0.09093695
v -0.02533799 0.01680195 -0.10091800
v -0.02561795 0.01777195 -0.10091300
v -0.02491497 0.01694995 -0.10091700
v -0.02613699 0.01749396 -0.10091500
v -0.02571696 0.01656395 -0.10091900
v -0.02696394 0.01128399 -0.09094500
v 0.02532094 0.01699894 -0.10066300
v 0.02572697 0.01799798 -0.10047600
v 0.02572697 0.01699799 -0.10048100
v 0.02534794 0.01799899 -0.10071400
v -0.02746999 0.01499998 -0.10092700
v -0.02647000 0.01499998 -0.10092700
v -0.02746999 0.01299995 -0.10093700
v 0.02604395 0.01799595 -0.10015900
v -0.02613699 0.01744496 -0.09091496
v -0.02659100 0.01707196 -0.09091699
v 0.02492499 0.01699995 -0.10086700
v 0.02491098 0.01799994 -0.10080100
v 0.02447998 0.01699995 -0.10091700
v -0.02571696 0.01143598 -0.10094500
v -0.02659100 0.01087898 -0.10094700
v -0.02603399 0.01175296 -0.10094300
v -0.02696394 0.01133298 -0.10094500
v -0.02627199 0.01213198 -0.10094100
v -0.02446997 0.00999999 -0.10095200
v -0.02446997 0.01099997 -0.10094700
v -0.02505499 0.01005798 -0.10095100
v -0.02491497 0.01104998 -0.10094700
v -0.02533799 0.01119798 -0.10094600
v -0.02561795 0.01022797 -0.10095100
v -0.02505499 0.01794195 -0.10091200
v 0.02447998 0.01799994 -0.10091200
v -0.02446997 0.01799994 -0.10091200
v -0.02641999 0.01544499 -0.10092500
v -0.02741199 0.01558494 -0.10092400
v -0.02446997 0.01699995 -0.10091700
v -0.02659100 0.01712095 -0.10091600
v 0.02562999 0.01795297 -0.09131896
v 0.02594900 0.01695394 -0.09154897
v 0.02594900 0.01795399 -0.09154397
v 0.02560597 0.01695299 -0.09135895
v 0.02526897 0.01795196 -0.09111696
v -0.02613699 0.01050597 -0.10094900
v -0.02603399 0.01624697 -0.10092100
v -0.01251995 0.00995994 -0.09295195
v -0.01251995 0.01095998 -0.09294700
v -0.01256996 0.01095795 -0.09250199
v 0.02628600 0.01695597 -0.09204399
v -0.02627199 0.01586794 -0.10092300
v -0.02724200 0.01614797 -0.10092100
v -0.02696394 0.01666694 -0.10091900
v -0.01271796 0.00995594 -0.09208399
v -0.01271796 0.01095598 -0.09207898
v -0.01407498 0.00995093 -0.09100198
v 0.02647995 0.01660794 -0.09506195
v 0.02647995 0.01602697 -0.09394800
v -0.01365196 0.01099896 -0.10074900
v -0.01365196 0.00999898 -0.10075400
v 0.02526199 0.01695197 -0.09112900
v 0.02488398 0.01795095 -0.09094995
v 0.02488398 0.01695096 -0.09095495
v -0.01256996 0.00995797 -0.09250700
v 0.02617800 0.01695495 -0.09192395
v 0.02616798 0.01795494 -0.09191197
v 0.02534794 0.01799899 -0.10071400
v 0.02572697 0.01799798 -0.10047600
v -0.01330494 0.01095294 -0.09142100
v -0.01295596 0.01095396 -0.09169995
v -0.01276397 0.00999397 -0.09979999
v -0.01256996 0.00999194 -0.09939700
v 0.02492499 0.01699995 -0.10086700
v -0.01295596 0.01099598 -0.10019400
v 0.02561187 0.00085297 -0.07084369
v 0.02514845 0.00084993 -0.07060748
v 0.02621495 0.00086986 -0.07150256
v 0.02561187 0.00085297 -0.07084369
v 0.02557188 0.00185245 -0.07081204
v 0.02514845 0.00084993 -0.07060748
v 0.02636885 0.00188667 -0.07182276
v 0.02557188 0.00185245 -0.07081204
v 0.02589398 0.00185794 -0.07107698
v 0.02589398 0.00185794 -0.07107698
v 0.02613341 0.00186664 -0.07135999
v 0.02510154 0.00184977 -0.07058680
v 0.02467650 0.00184899 -0.07050055
v 0.02647995 0.00216794 -0.07453799
v -0.00651997 0.00216794 -0.07453799
v 0.02647489 0.00191772 -0.07231616
v 0.02647489 0.00191772 -0.07231616
v 0.02647757 0.00091687 -0.07236009
v 0.02647995 0.00216794 -0.07453799
v -0.00651217 0.00191677 -0.07230144
v -0.00625557 0.00186986 -0.07149881
v -0.00651997 0.00117999 -0.07468998
v 0.02647757 0.00091687 -0.07236009
v -0.00649989 0.00091117 -0.07224303
v 0.02647995 0.00117999 -0.07468998
v 0.02647995 0.00117999 -0.07468998
v 0.02647995 0.00157595 -0.07675600
v 0.02647995 0.00255096 -0.07653200
v -0.00651997 0.00157595 -0.07675600
v 0.02647995 0.00157595 -0.07675600
v 0.02647995 0.00255096 -0.07653200
v -0.00651997 0.00255096 -0.07653200
v 0.02647995 0.00307894 -0.07849299
v -0.00651997 0.00307894 -0.07849299
v 0.02647995 0.00307894 -0.07849299
v -0.00651997 0.00375098 -0.08040899
v -0.00651997 0.00375098 -0.08040899
v -0.00651997 0.00281996 -0.08077400
v -0.00651997 0.00307894 -0.07849299
v -0.00651997 0.00212395 -0.07878798
v -0.00651997 0.00255096 -0.07653200
v -0.00651997 0.00281996 -0.08077400
v 0.02647995 0.00212395 -0.07878798
v -0.00651997 0.00212395 -0.07878798
v 0.02647995 0.00281996 -0.08077400
v -0.00651997 0.00365996 -0.08270400
v -0.00651997 0.00365996 -0.08270400
v 0.02647995 0.00365996 -0.08270400
v -0.00651997 0.00463998 -0.08456599
v -0.00651997 0.00456196 -0.08227097
v -0.00651997 0.00463998 -0.08456599
v 0.02647995 0.00375098 -0.08040899
v -0.00651997 0.00456196 -0.08227097
v -0.00651997 0.00550795 -0.08406800
v 0.02647995 0.00456196 -0.08227097
v -0.00651997 0.00550795 -0.08406800
v -0.00651997 0.00575495 -0.08635097
v -0.00651997 0.00658297 -0.08578997
v 0.02647995 0.00550795 -0.08406800
v -0.00651997 0.00658297 -0.08578997
v 0.02647995 0.00463998 -0.08456599
v 0.02647995 0.00550795 -0.08406800
v 0.02647995 0.00365996 -0.08270400
v 0.02647995 0.00456196 -0.08227097
v 0.02647995 0.00658297 -0.08578997
v 0.02647995 0.00658297 -0.08578997
v 0.02647995 0.00575495 -0.08635097
v 0.02647995 0.00778294 -0.08742797
v 0.02647995 0.00778294 -0.08742797
v -0.00651997 0.00778294 -0.08742797
v -0.00651997 0.00699896 -0.08804798
v -0.00651997 0.00778294 -0.08742797
v -0.00651997 0.00762194 -0.08870500
v -0.00651997 0.00828195 -0.08795297
v -0.00651997 0.00828195 -0.08795297
v -0.00651997 0.00699896 -0.08804798
v 0.02647995 0.00575495 -0.08635097
v -0.00651997 0.00575495 -0.08635097
v 0.02647995 0.00699896 -0.08804798
v -0.00651997 0.00762194 -0.08870500
v 0.02647995 0.00699896 -0.08804798
v 0.02647995 0.00762194 -0.08870500
v 0.02647995 0.00828195 -0.08795297
v 0.02647995 0.00762194 -0.08870500
v 0.02647995 0.00828195 -0.08795297
v -0.00651997 0.00890297 -0.08840000
v 0.02647995 0.00890297 -0.08840000
v 0.02647995 0.00890297 -0.08840000
v -0.00650400 0.00919497 -0.08855599
v -0.00651395 0.00912040 -0.08961504
v -0.00651997 0.00890297 -0.08840000
v -0.00650400 0.00919497 -0.08855599
v -0.00651997 0.00835395 -0.08923798
v -0.00651395 0.00912040 -0.08961504
v 0.02647703 0.00908738 -0.08960247
v -0.00651997 0.00835395 -0.08923798
v 0.02647995 0.00835395 -0.08923798
v 0.02647703 0.00908738 -0.08960247
v 0.02647995 0.00835395 -0.08923798
v 0.02646398 0.00919497 -0.08855497
v 0.02646398 0.00919497 -0.08855497
v -0.00644100 0.00948799 -0.08867996
v 0.02640098 0.00948894 -0.08868098
v 0.02640098 0.00948894 -0.08868098
v -0.00631028 0.00984305 -0.08880132
v 0.02627772 0.00982767 -0.08879697
v 0.02636939 0.00961476 -0.08977532
v 0.02627772 0.00982767 -0.08879697
v -0.00641352 0.00960094 -0.08977133
v -0.00631028 0.00984305 -0.08880132
v -0.00620985 0.01001369 -0.08986401
v -0.00605798 0.01021897 -0.08888500
v -0.00605798 0.01021897 -0.08888500
v -0.00589925 0.01028305 -0.08990401
v -0.00591195 0.01032596 -0.08890098
v 0.02601021 0.01022869 -0.08888667
v 0.02615791 0.01002883 -0.08986830
v 0.02601021 0.01022869 -0.08888667
v 0.02585983 0.01028376 -0.08990424
v 0.02566593 0.01045536 -0.08892291
v 0.02569800 0.01053196 -0.08993196
v 0.02544957 0.01069682 -0.08894085
v 0.02531599 0.01049298 -0.08992898
v 0.02535045 0.01075053 -0.08994412
v 0.02569800 0.01053196 -0.08993196
v 0.02585983 0.01028376 -0.08990424
v 0.02535045 0.01075053 -0.08994412
v 0.02544957 0.01069682 -0.08894085
v 0.02499794 0.01087296 -0.08894699
v 0.02566593 0.01045536 -0.08892291
v 0.02499794 0.01087296 -0.08894699
v 0.02499794 0.01087796 -0.08994698
v 0.02472996 0.01087594 -0.08894497
v 0.02472996 0.01087594 -0.08894497
v 0.02469682 0.01093751 -0.08994692
v 0.02447998 0.01094096 -0.08894699
v -0.00452000 0.01094096 -0.08894699
v 0.02447998 0.01094096 -0.08894699
v 0.02499794 0.01087796 -0.08994698
v 0.02469682 0.01093751 -0.08994692
v -0.00452000 0.01094597 -0.08994698
v -0.00535196 0.01049298 -0.08992898
v -0.00452000 0.01094597 -0.08994698
v -0.00478196 0.01092797 -0.08994698
v -0.00478196 0.01092797 -0.08994698
v -0.00476998 0.01087594 -0.08894497
v -0.00452000 0.01094096 -0.08894699
v -0.00508857 0.01086431 -0.08894735
v -0.00569665 0.01046013 -0.08892220
v -0.00476998 0.01087594 -0.08894497
v -0.00508857 0.01086431 -0.08894735
v -0.00517923 0.01083827 -0.08994632
v -0.00551999 0.01067298 -0.08893901
v -0.00551999 0.01067298 -0.08893901
v -0.00551999 0.01067799 -0.08994096
v -0.00517923 0.01083827 -0.08994632
v -0.00551999 0.01067799 -0.08994096
v -0.00569665 0.01046013 -0.08892220
v -0.00573695 0.01053196 -0.08993196
v -0.00573695 0.01053196 -0.08993196
v -0.00589925 0.01028305 -0.08990401
v -0.00620985 0.01001369 -0.08986401
v 0.02615791 0.01002883 -0.08986830
v -0.00641352 0.00960094 -0.08977133
v 0.02636939 0.00961476 -0.08977532
v -0.00644100 0.00948799 -0.08867996
v 0.02647995 0.00463998 -0.08456599
v 0.02647995 0.00281996 -0.08077400
v 0.02647995 0.00375098 -0.08040899
v 0.02647995 0.00212395 -0.07878798
v -0.00651997 0.00157595 -0.07675600
v -0.00651997 0.00216794 -0.07453799
v -0.00651997 0.00117999 -0.07468998
v -0.00649989 0.00091117 -0.07224303
v -0.00651217 0.00191677 -0.07230144
v -0.00640965 0.00088655 -0.07182991
v -0.00514156 0.00084981 -0.07059180
v -0.00471646 0.00084902 -0.07050555
v -0.00561190 0.00085251 -0.07081711
v -0.00593400 0.00085800 -0.07108199
v -0.00617337 0.00086680 -0.07136493
v -0.00561190 0.00085251 -0.07081711
v -0.00565183 0.00185293 -0.07083863
v -0.00593400 0.00085800 -0.07108199
v -0.00518847 0.00184989 -0.07060247
v -0.00565183 0.00185293 -0.07083863
v -0.00518847 0.00184989 -0.07060247
v -0.00514156 0.00084981 -0.07059180
v -0.00471205 0.00184888 -0.07049822
v -0.00471205 0.00184888 -0.07049822
v -0.00471646 0.00084902 -0.07050555
v 0.02467209 0.00084891 -0.07050323
v 0.02467650 0.00184899 -0.07050055
v 0.02467209 0.00084891 -0.07050323
v 0.02510154 0.00184977 -0.07058680
v -0.00604063 0.00186098 -0.07118636
v -0.00604063 0.00186098 -0.07118636
v -0.00617337 0.00086680 -0.07136493
v -0.00625557 0.00186986 -0.07149881
v -0.00642455 0.00188982 -0.07186752
v -0.00640965 0.00088655 -0.07182991
v -0.00642455 0.00188982 -0.07186752
v 0.02638441 0.00088878 -0.07187199
v 0.02638441 0.00088878 -0.07187199
v 0.02636885 0.00188667 -0.07182276
v 0.02621495 0.00086986 -0.07150256
v 0.02613341 0.00186664 -0.07135999
v 0.02600067 0.00086103 -0.07119137
v 0.02600067 0.00086103 -0.07119137
v -0.00711495 0.00084400 -0.06937396
v -0.00694269 0.00184405 -0.06948620
v -0.00673497 0.00084400 -0.06954395
v -0.00637698 0.00184494 -0.06974798
v -0.00747162 0.00084232 -0.06911116
v -0.00746608 0.00184232 -0.06910979
v -0.00595897 0.00084599 -0.06979697
v 0.02144896 0.00081400 -0.06331199
v -0.00747162 0.00084232 -0.06911116
v -0.00673497 0.00084400 -0.06954395
v -0.00637698 0.00084500 -0.06975197
v -0.00835097 0.00083600 -0.06779497
v -0.00835097 0.00083600 -0.06779497
v -0.00835097 0.00183594 -0.06778997
v -0.00595897 0.00184596 -0.06979197
v -0.00637698 0.00084500 -0.06975197
v -0.00595897 0.00084599 -0.06979697
v 0.02379298 0.00184596 -0.06979197
v -0.00595897 0.00184596 -0.06979197
v 0.02144896 0.00181395 -0.06330698
v 0.02379298 0.00184596 -0.06979197
v -0.00637698 0.00184494 -0.06974798
v -0.00746608 0.00184232 -0.06910979
v 0.02144896 0.00181395 -0.06330698
v 0.02144896 0.00081400 -0.06331199
v 0.02245700 0.00081599 -0.06376397
v -0.00088800 0.00177294 -0.05517697
v 0.02245700 0.00181597 -0.06375896
v 0.02245700 0.00181597 -0.06375896
v -0.00088800 0.00177294 -0.05517697
v -0.00835097 0.00183594 -0.06778997
v -0.00156897 0.00177199 -0.05485397
v -0.00156897 0.00177199 -0.05485397
v -0.00156897 0.00077200 -0.05485796
v -0.00088800 0.00077300 -0.05518198
v -0.00156897 0.00077200 -0.05485796
v -0.00912899 0.00083099 -0.06689900
v -0.00088800 0.00077300 -0.05518198
v -0.00912899 0.00083099 -0.06689900
v -0.00912899 0.00183099 -0.06689399
v -0.01001799 0.00182694 -0.06610798
v -0.01001799 0.00082700 -0.06611299
v -0.01001799 0.00082700 -0.06611299
v -0.01100295 0.00182396 -0.06544595
v -0.01100295 0.00082399 -0.06545096
v -0.01100295 0.00082399 -0.06545096
v -0.00217700 0.00076900 -0.05441296
v -0.01206696 0.00082200 -0.06492400
v -0.01206696 0.00182199 -0.06491899
v -0.01206696 0.00082200 -0.06492400
v -0.01319098 0.00181997 -0.06453698
v -0.01319098 0.00082000 -0.06454199
v -0.01319098 0.00082000 -0.06454199
v -0.01206696 0.00182199 -0.06491899
v -0.01319098 0.00181997 -0.06453698
v -0.00269097 0.00176698 -0.05385595
v -0.01879894 0.00181198 -0.06303495
v -0.01879894 0.00081200 -0.06303995
v -0.01879894 0.00181198 -0.06303495
v -0.00309199 0.00176394 -0.05321794
v -0.01991397 0.00080999 -0.06266099
v -0.01991397 0.00180995 -0.06265598
v -0.01991397 0.00180995 -0.06265598
v -0.00340396 0.00176197 -0.05291396
v -0.00309199 0.00076400 -0.05322295
v -0.00309199 0.00176394 -0.05321794
v -0.00269097 0.00176698 -0.05385595
v -0.02096998 0.00180799 -0.06213599
v -0.02194899 0.00180495 -0.06148099
v -0.02283400 0.00180095 -0.06070494
v -0.02478498 0.00178599 -0.05778497
v -0.02516299 0.00178099 -0.05667096
v -0.02539294 0.00177497 -0.05551600
v -0.02547383 0.00176817 -0.05416256
v -0.02346998 0.00175798 -0.05211800
v -0.00487798 0.00175798 -0.05211800
v -0.00340396 0.00176197 -0.05291396
v -0.02360999 0.00179595 -0.05981999
v -0.02426397 0.00179094 -0.05884099
v -0.02539294 0.00177497 -0.05551600
v -0.02547484 0.00076836 -0.05419749
v -0.02547383 0.00176817 -0.05416256
v -0.02540194 0.00076500 -0.05360496
v -0.02547484 0.00076836 -0.05419749
v -0.02398794 0.00075800 -0.05219095
v -0.02540194 0.00076500 -0.05360496
v -0.02346998 0.00075800 -0.05212295
v -0.00309199 0.00076400 -0.05322295
v -0.00487798 0.00075800 -0.05212295
v -0.02398794 0.00175798 -0.05218595
v -0.02346998 0.00075800 -0.05212295
v -0.02346998 0.00175798 -0.05211800
v -0.00487798 0.00075800 -0.05212295
v -0.02398794 0.00075800 -0.05219095
v -0.02520197 0.00176299 -0.05311799
v -0.02398794 0.00175798 -0.05218595
v -0.02485799 0.00176096 -0.05272597
v -0.02446997 0.00175899 -0.05238598
v -0.02446997 0.00175899 -0.05238598
v -0.02540194 0.00176495 -0.05360096
v -0.02540194 0.00176495 -0.05360096
v -0.02520197 0.00076300 -0.05312299
v -0.02520197 0.00176299 -0.05311799
v -0.02488398 0.00076100 -0.05270898
v -0.02485799 0.00176096 -0.05272597
v -0.02445495 0.00075900 -0.05242198
v -0.02520197 0.00076300 -0.05312299
v -0.02445495 0.00075900 -0.05242198
v -0.02488398 0.00076100 -0.05270898
v -0.00487798 0.00175798 -0.05211800
v -0.00443995 0.00075800 -0.05217200
v -0.00340396 0.00076200 -0.05291897
v -0.00443995 0.00075800 -0.05217200
v -0.00443995 0.00175798 -0.05216699
v -0.00402295 0.00075900 -0.05231499
v -0.00402295 0.00175899 -0.05230998
v -0.00367999 0.00076000 -0.05258297
v -0.00367695 0.00175995 -0.05257999
v -0.00340396 0.00076200 -0.05291897
v -0.02539294 0.00077500 -0.05552095
v -0.02539294 0.00077500 -0.05552095
v -0.02516299 0.00078100 -0.05667597
v -0.02516299 0.00178099 -0.05667096
v -0.02516299 0.00078100 -0.05667597
v -0.02478498 0.00078600 -0.05778998
v -0.02478498 0.00178599 -0.05778497
v -0.02478498 0.00078600 -0.05778998
v -0.02426397 0.00079100 -0.05884599
v -0.02426397 0.00179094 -0.05884099
v -0.02426397 0.00079100 -0.05884599
v -0.02360999 0.00179595 -0.05981999
v -0.02360999 0.00079600 -0.05982500
v -0.02360999 0.00079600 -0.05982500
v -0.02283400 0.00080099 -0.06070995
v -0.02283400 0.00180095 -0.06070494
v -0.02283400 0.00080099 -0.06070995
v -0.02194899 0.00080500 -0.06148594
v -0.02194899 0.00180495 -0.06148099
v -0.02194899 0.00080500 -0.06148594
v -0.02096998 0.00080799 -0.06213998
v -0.02096998 0.00180799 -0.06213599
v -0.02096998 0.00080799 -0.06213998
v -0.01991397 0.00080999 -0.06266099
v -0.01879894 0.00081200 -0.06303995
v -0.00269097 0.00076700 -0.05386096
v -0.00269097 0.00076700 -0.05386096
v -0.00217700 0.00176895 -0.05440795
v -0.00217700 0.00076900 -0.05441296
v -0.00217700 0.00176895 -0.05440795
v -0.01001799 0.00182694 -0.06610798
v -0.01100295 0.00182396 -0.06544595
v -0.00912899 0.00183099 -0.06689399
v 0.02338999 0.00081900 -0.06435596
v 0.02338999 0.00181895 -0.06435096
v 0.02338999 0.00181895 -0.06435096
v 0.02422696 0.00082200 -0.06507700
v 0.02422696 0.00182199 -0.06507200
v 0.02422696 0.00182199 -0.06507200
v 0.02495199 0.00082599 -0.06591099
v 0.02495199 0.00182599 -0.06590598
v 0.02495199 0.00182599 -0.06590598
v 0.02554899 0.00083099 -0.06683999
v 0.02554899 0.00183099 -0.06683498
v 0.02554899 0.00183099 -0.06683498
v 0.02495199 0.00082599 -0.06591099
v 0.02379298 0.00084599 -0.06979697
v 0.02554899 0.00083099 -0.06683999
v 0.02573496 0.00083299 -0.06732100
v 0.02430397 0.00084500 -0.06972998
v 0.02573496 0.00083299 -0.06732100
v 0.02579200 0.00083600 -0.06783396
v 0.02430397 0.00084500 -0.06972998
v 0.02474498 0.00184399 -0.06947398
v 0.02473795 0.00084400 -0.06946498
v 0.02571594 0.00083799 -0.06834399
v 0.02379298 0.00084599 -0.06979697
v 0.02430397 0.00184494 -0.06972497
v 0.02473795 0.00084400 -0.06946498
v 0.02551198 0.00084099 -0.06881797
v 0.02551198 0.00084099 -0.06881797
v 0.02571594 0.00183797 -0.06833899
v 0.02571594 0.00083799 -0.06834399
v 0.02551198 0.00184095 -0.06881296
v 0.02519297 0.00084300 -0.06922399
v 0.02474498 0.00184399 -0.06947398
v 0.02571594 0.00183797 -0.06833899
v 0.02516394 0.00184298 -0.06917798
v 0.02516394 0.00184298 -0.06917798
v 0.02430397 0.00184494 -0.06972497
v 0.02579200 0.00183594 -0.06782895
v 0.02579200 0.00183594 -0.06782895
v 0.02573496 0.00183296 -0.06731599
v 0.02573496 0.00183296 -0.06731599
v 0.02579200 0.00083600 -0.06783396
v 0.02245700 0.00081599 -0.06376397
v 0.02338999 0.00081900 -0.06435596
v 0.02422696 0.00082200 -0.06507700
v -0.00711495 0.00084400 -0.06937396
v -0.00367695 0.00175995 -0.05257999
v -0.00443995 0.00175798 -0.05216699
v -0.00402295 0.00175899 -0.05230998
v -0.00367999 0.00076000 -0.05258297
v -0.00402295 0.00075900 -0.05231499
v 0.02519297 0.00084300 -0.06922399
v -0.00364494 0.00692397 -0.04502397
v -0.02494621 0.00719243 -0.04562669
v -0.02521097 0.00694096 -0.04506295
v -0.02527195 0.00654894 -0.04541796
v -0.02521097 0.00694096 -0.04506295
v -0.02516299 0.00662899 -0.04559695
v -0.02521097 0.00694096 -0.04506295
v -0.02527195 0.00654894 -0.04541796
v -0.02534496 0.00692397 -0.04502397
v -0.02516394 0.00707197 -0.04536199
v -0.02516394 0.00707197 -0.04536199
v -0.00458294 0.00719094 -0.04561996
v -0.02363801 0.00748098 -0.04619741
v -0.02433794 0.00739199 -0.04602795
v -0.02461296 0.00732088 -0.04588752
v -0.02400714 0.00745153 -0.04614090
v -0.02400714 0.00745153 -0.04614090
v -0.02404719 0.00700390 -0.04636460
v -0.02433794 0.00739199 -0.04602795
v -0.02433794 0.00695097 -0.04626196
v -0.02404719 0.00700390 -0.04636460
v -0.02497684 0.00673568 -0.04583096
v -0.02433794 0.00695097 -0.04626196
v -0.00534600 0.00703943 -0.04643225
v -0.00397074 0.00671172 -0.04578107
v -0.02363878 0.00704020 -0.04643368
v -0.02464133 0.00687021 -0.04610377
v -0.02527195 0.00654894 -0.04541796
v -0.02516299 0.00662899 -0.04559695
v -0.02540057 0.00641733 -0.04510992
v -0.02497684 0.00673568 -0.04583096
v -0.02494621 0.00719243 -0.04562669
v -0.02464133 0.00687021 -0.04610377
v -0.02540057 0.00641733 -0.04510992
v -0.02534496 0.00692397 -0.04502397
v -0.02545487 0.00677127 -0.04464924
v -0.00361556 0.00645173 -0.04519325
v -0.00364494 0.00692397 -0.04502397
v -0.00361556 0.00645173 -0.04519325
v -0.00374395 0.00697595 -0.04514294
v -0.00375402 0.00658297 -0.04549533
v -0.00375402 0.00658297 -0.04549533
v -0.02546656 0.00626904 -0.04473239
v -0.00352633 0.00628275 -0.04477047
v -0.00356996 0.00682896 -0.04479098
v -0.00352633 0.00628275 -0.04477047
v -0.00356996 0.00682896 -0.04479098
v -0.02545487 0.00677127 -0.04464924
v -0.00352359 0.00671393 -0.04449933
v -0.02534496 0.00692397 -0.04502397
v -0.00352359 0.00671393 -0.04449933
v -0.02546656 0.00626904 -0.04473239
v -0.02546995 0.00647295 -0.04379898
v -0.02546995 0.00647295 -0.04379898
v -0.00351995 0.00647295 -0.04379898
v -0.02546995 0.00599599 -0.04394996
v -0.02546995 0.00613296 -0.04253798
v -0.00351995 0.00613296 -0.04253798
v -0.02546995 0.00613296 -0.04253798
v -0.00351995 0.00613296 -0.04253798
v -0.00351995 0.00564498 -0.04264599
v -0.00351995 0.00647295 -0.04379898
v -0.00351995 0.00599599 -0.04394996
v -0.00351995 0.00564498 -0.04264599
v -0.02546995 0.00599599 -0.04394996
v -0.00351995 0.00599599 -0.04394996
v -0.00351995 0.00541299 -0.04131597
v -0.02546995 0.00564498 -0.04264599
v -0.00351995 0.00541299 -0.04131597
v -0.02546995 0.00541299 -0.04131597
v -0.02546995 0.00564498 -0.04264599
v -0.02546995 0.00590897 -0.04125195
v -0.02546995 0.00541299 -0.04131597
v -0.02546995 0.00580096 -0.03995096
v -0.00351995 0.00530094 -0.03996998
v -0.02546995 0.00530094 -0.03996998
v -0.02546995 0.00530094 -0.03996998
v -0.00351995 0.00530094 -0.03996998
v -0.00351995 0.00580096 -0.03995096
v -0.00351995 0.00531095 -0.03861898
v -0.00351995 0.00590897 -0.04125195
v -0.00351995 0.00531095 -0.03861898
v -0.00351995 0.00544196 -0.03727495
v -0.02546995 0.00531095 -0.03861898
v -0.00351995 0.00580996 -0.03864496
v -0.00351995 0.00544196 -0.03727495
v -0.02546995 0.00531095 -0.03861898
v -0.02546995 0.00580996 -0.03864496
v -0.02546995 0.00593698 -0.03734600
v -0.02546995 0.00544196 -0.03727495
v -0.02546995 0.00544196 -0.03727495
v -0.00351995 0.00593698 -0.03734600
v -0.02546995 0.00593698 -0.03734600
v -0.00351995 0.00617999 -0.03606295
v -0.02546995 0.00617999 -0.03606295
v -0.02546995 0.00580996 -0.03864496
v -0.02546995 0.00617999 -0.03606295
v -0.02546995 0.00569397 -0.03594797
v -0.02546995 0.00653797 -0.03480798
v -0.02546995 0.00653797 -0.03480798
v -0.00351995 0.00653797 -0.03480798
v -0.00351995 0.00653797 -0.03480798
v -0.00351995 0.00606298 -0.03464895
v -0.00351995 0.00617999 -0.03606295
v -0.00351995 0.00654894 -0.03338897
v -0.00351995 0.00700694 -0.03358900
v -0.00351995 0.00700694 -0.03358900
v -0.00352329 0.00689965 -0.03264153
v -0.00351995 0.00654894 -0.03338897
v -0.02546995 0.00606298 -0.03464895
v -0.00351995 0.00606298 -0.03464895
v -0.00352329 0.00689965 -0.03264153
v -0.02546995 0.00654894 -0.03338897
v -0.02546995 0.00654894 -0.03338897
v -0.02546995 0.00700694 -0.03358900
v -0.02546995 0.00606298 -0.03464895
v -0.02546620 0.00732100 -0.03291523
v -0.02546375 0.00691772 -0.03260439
v -0.02546375 0.00691772 -0.03260439
v -0.02546620 0.00732100 -0.03291523
v -0.02546995 0.00700694 -0.03358900
v -0.00353509 0.00739205 -0.03277456
v -0.00353509 0.00739205 -0.03277456
v -0.02539044 0.00710446 -0.03224951
v -0.00358891 0.00708735 -0.03228080
v -0.00358891 0.00708735 -0.03228080
v -0.02539044 0.00710446 -0.03224951
v -0.02541995 0.00746399 -0.03263998
v -0.02532130 0.00761592 -0.03235870
v -0.02532130 0.00761592 -0.03235870
v -0.00368148 0.00763088 -0.03233104
v -0.02541995 0.00746399 -0.03263998
v -0.00390947 0.00782794 -0.03198528
v -0.02509838 0.00781464 -0.03200614
v -0.00498337 0.00822389 -0.03136175
v -0.00457489 0.00813371 -0.03149908
v -0.00535548 0.00825959 -0.03130835
v -0.00420320 0.00799584 -0.03171521
v -0.00390947 0.00782794 -0.03198528
v -0.00375610 0.00729102 -0.03191715
v -0.00368148 0.00763088 -0.03233104
v -0.00375610 0.00729102 -0.03191715
v -0.00400889 0.00747705 -0.03160017
v -0.00465196 0.00773895 -0.03118896
v -0.00494862 0.00780332 -0.03109139
v -0.02502310 0.00744832 -0.03164684
v -0.02363443 0.00784463 -0.03102934
v -0.00434244 0.00764012 -0.03134226
v -0.00535899 0.00784552 -0.03102791
v -0.00400889 0.00747705 -0.03160017
v -0.00420320 0.00799584 -0.03171521
v -0.00434244 0.00764012 -0.03134226
v -0.00494862 0.00780332 -0.03109139
v -0.00498337 0.00822389 -0.03136175
v -0.00535899 0.00784552 -0.03102791
v -0.02363443 0.00784463 -0.03102934
v -0.02363097 0.00826055 -0.03130692
v -0.02400428 0.00780928 -0.03108239
v -0.02400428 0.00780928 -0.03108239
v -0.02391499 0.00823498 -0.03134495
v -0.02425378 0.00817668 -0.03143423
v -0.02391499 0.00823498 -0.03134495
v -0.02425378 0.00817668 -0.03143423
v -0.02363097 0.00826055 -0.03130692
v -0.02442169 0.00771725 -0.03122198
v -0.02442169 0.00771725 -0.03122198
v -0.02453297 0.00809497 -0.03155899
v -0.02479189 0.00757855 -0.03143960
v -0.02479189 0.00757855 -0.03143960
v -0.02482008 0.00797981 -0.03173989
v -0.02453297 0.00809497 -0.03155899
v -0.02482008 0.00797981 -0.03173989
v -0.02509838 0.00781464 -0.03200614
v -0.02502310 0.00744832 -0.03164684
v -0.02521532 0.00730789 -0.03188693
v -0.02521532 0.00730789 -0.03188693
v -0.00535548 0.00825959 -0.03130835
v -0.00457489 0.00813371 -0.03149908
v -0.00465196 0.00773895 -0.03118896
v -0.02546995 0.00569397 -0.03594797
v -0.00351995 0.00569397 -0.03594797
v -0.00351995 0.00569397 -0.03594797
v -0.00351995 0.00593698 -0.03734600
v -0.00351995 0.00580996 -0.03864496
v -0.02546995 0.00580096 -0.03995096
v -0.00351995 0.00580096 -0.03995096
v -0.00351995 0.00590897 -0.04125195
v -0.02546995 0.00590897 -0.04125195
v -0.00374395 0.00697595 -0.04514294
v -0.00382697 0.00707197 -0.04536199
v -0.00382697 0.00707197 -0.04536199
v -0.00401306 0.00717914 -0.04559522
v -0.00401306 0.00717914 -0.04559522
v -0.00397074 0.00671172 -0.04578107
v -0.00420082 0.00681794 -0.04599833
v -0.00434041 0.00730908 -0.04586374
v -0.00434041 0.00730908 -0.04586374
v -0.00420082 0.00681794 -0.04599833
v -0.00457036 0.00693363 -0.04622769
v -0.00457036 0.00693363 -0.04622769
v -0.00465196 0.00739199 -0.04602795
v -0.00465196 0.00739199 -0.04602795
v -0.00494975 0.00744700 -0.04613238
v -0.00494975 0.00744700 -0.04613238
v -0.00498426 0.00700951 -0.04637533
v -0.00498426 0.00700951 -0.04637533
v -0.00535428 0.00748169 -0.04619896
v -0.00534600 0.00703943 -0.04643225
v -0.02363878 0.00704020 -0.04643368
v -0.02363801 0.00748098 -0.04619741
v -0.00535428 0.00748169 -0.04619896
v -0.02461296 0.00732088 -0.04588752
v 0.02488398 0.01695096 -0.09095495
v 0.02594900 0.01795399 -0.09154397
v -0.01365196 0.00995195 -0.09114998
v -0.00591195 0.01032596 -0.08890098
v -0.00694269 0.00184405 -0.06948620
v 0.02551198 0.00184095 -0.06881296
vt 0.56458333 0.34821429
vt 0.56458333 0.34821429
vt 0.56458333 0.34821429
vt 0.56458333 0.34821429
vt 0.56458333 0.34821429
vt 0.56458333 0.34821429
vt 0.56458333 0.34821429
vt 0.56458333 0.34821429
vt 0.56458333 0.34821429
vt 0.56458333 0.34821429
vt 0.56458333 0.34821429
vt 0.56458333 0.34821429
vt 0.56458333 0.34821429
vt 0.56458333 0.34821429
vt 0.56458333 0.34821429
vt 0.56458333 0.34821429
vt 0.56458333 0.34821429
vt 0.56458333 0.34821429
vt 0.56458333 0.34821429
vt 0.56458333 0.34821429
vt 0.56458333 0.34821429
vt 0.56458333 0.34821429
vt 0.56458333 0.34821429
vt 0.56458333 0.34821429
vt 0.56458333 0.34821429
vt 0.56458333 0.34821429
vt 0.56458333 0.34821429
vt 0.56458333 0.34821429
vt 0.56458333 0.34821429
vt 0.56458333 0.34821429
vt 0.56458333 0.34821429
vt 0.56458333 0.34821429
vt 0.56458333 0.34821429
vt 0.56458333 0.34821429
vt 0.56458333 0.34821429
vt 0.56458333 0.34821429
vt 0.56458333 0.34821429
vt 0.56458333 0.34821429
vt 0.56458333 0.34821429
vt 0.56458333 0.34821429
vt 0.56458333 0.34821429
vt 0.56458333 0.34821429
vt 0.56458333 0.34821429
vt 0.56458333 0.34821429
vt 0.56458333 0.34821429
vt 0.56458333 0.34821429
vt 0.56458333 0.34821429
vt 0.56458333 0.34821429
vt 0.56458333 0.34821429
vt 0.56458333 0.34821429
vt 0.56458333 0.34821429
vt 0.56458333 0.34821429
vt 0.56458333 0.34821429
vt 0.56458333 0.34821429
vt 0.56458333 0.34821429
vt 0.56458333 0.34821429
vt 0.56458333 0.34821429
vt 0.56458333 0.34821429
vt 0.56458333 0.34821429
vt 0.56458333 0.34821429
vt 0.56458333 0.34821429
vt 0.56458333 0.34821429
vt 0.56458333 0.34821429
vt 0.56458333 0.34821429
vt 0.56458333 0.34821429
vt 0.56458333 0.34821429
vt 0.56458333 0.34821429
vt 0.56458333 0.34821429
vt 0.56458333 0.34821429
vt 0.56458333 0.34821429
vt 0.56458333 0.34821429
vt 0.56458333 0.34821429
vt 0.56458333 0.34821429
vt 0.56458333 0.34821429
vt 0.56458333 0.34821429
vt 0.56458333 0.34821429
vt 0.56458333 0.34821429
vt 0.56458333 0.34821429
vt 0.56458333 0.34821429
vt 0.56458333 0.34821429
vt 0.56458333 0.34821429
vt 0.56458333 0.34821429
vt 0.56458333 0.34821429
vt 0.56458333 0.34821429
vt 0.56458333 0.34821429
vt 0.56458333 0.34821429
vt 0.56458333 0.34821429
vt 0.56458333 0.34821429
vt 0.56458333 0.34821429
vt 0.56458333 0.34821429
vt 0.56458333 0.34821429
vt 0.56458333 0.34821429
vt 0.56458333 0.34821429
vt 0.56458333 0.34821429
vt 0.56458333 0.34821429
vt 0.56458333 0.34821429
vt 0.56458333 0.34821429
vt 0.56458333 0.34821429
vt 0.56458333 0.34821429
vt 0.56458333 0.34821429
vt 0.56458333 0.34821429
vt 0.56458333 0.34821429
vt 0.56458333 0.34821429
vt 0.56458333 0.34821429
vt 0.56458333 0.34821429
vt 0.56458333 0.34821429
vt 0.56458333 0.34821429
vt 0.56458333 0.34821429
vt 0.56458333 0.34821429
vt 0.56458333 0.34821429
vt 0.56458333 0.34821429
vt 0.56458333 0.34821429
vt 0.56458333 0.34821429
vt 0.56458333 0.34821429
vt 0.56458333 0.34821429
vt 0.56458333 0.34821429
vt 0.56458333 0.34821429
vt 0.56458333 0.34821429
vt 0.56458333 0.34821429
vt 0.56458333 0.34821429
vt 0.56458333 0.34821429
vt 0.56458333 0.34821429
vt 0.56458333 0.34821429
vt 0.56458333 0.34821429
vt 0.56458333 0.34821429
vt 0.56458333 0.34821429
vt 0.56458333 0.34821429
vt 0.56458333 0.34821429
vt 0.56458333 0.34821429
vt 0.56458333 0.34821429
vt 0.56458333 0.34821429
vt 0.56458333 0.34821429
vt 0.56458333 0.34821429
vt 0.56458333 0.34821429
vt 0.56458333 0.34821429
vt 0.56458333 0.34821429
vt 0.56458333 0.34821429
vt 0.56458333 0.34821429
vt 0.56458333 0.34821429
vt 0.56458333 0.34821429
vt 0.56458333 0.34821429
vt 0.56458333 0.34821429
vt 0.56458333 0.34821429
vt 0.56458333 0.34821429
vt 0.56458333 0.34821429
vt 0.56458333 0.34821429
vt 0.56458333 0.34821429
vt 0.56458333 0.34821429
vt 0.56458333 0.34821429
vt 0.56458333 0.34821429
vt 0.56458333 0.34821429
vt 0.56458333 0.34821429
vt 0.56458333 0.34821429
vt 0.56458333 0.34821429
vt 0.56458333 0.34821429
vt 0.56458333 0.34821429
vt 0.56458333 0.34821429
vt 0.56458333 0.34821429
vt 0.56458333 0.34821429
vt 0.56458333 0.34821429
vt 0.56458333 0.34821429
vt 0.56458333 0.34821429
vt 0.56458333 0.34821429
vt 0.56458333 0.34821429
vt 0.56458333 0.34821429
vt 0.56458333 0.34821429
vt 0.56458333 0.34821429
vt 0.56458333 0.34821429
vt 0.56458333 0.34821429
vt 0.56458333 0.34821429
vt 0.56458333 0.34821429
vt 0.56458333 0.34821429
vt 0.56458333 0.34821429
vt 0.56458333 0.34821429
vt 0.56458333 0.34821429
vt 0.56458333 0.34821429
vt 0.56458333 0.34821429
vt 0.56458333 0.34821429
vt 0.56458333 0.34821429
vt 0.56458333 0.34821429
vt 0.56458333 0.34821429
vt 0.56458333 0.34821429
vt 0.56458333 0.34821429
vt 0.56458333 0.34821429
vt 0.56458333 0.34821429
vt 0.56458333 0.34821429
vt 0.56458333 0.34821429
vt 0.56458333 0.34821429
vt 0.56458333 0.34821429
vt 0.56458333 0.34821429
vt 0.56458333 0.34821429
vt 0.56458333 0.34821429
vt 0.56458333 0.34821429
vt 0.56458333 0.34821429
vt 0.56458333 0.34821429
vt 0.56458333 0.34821429
vt 0.56458333 0.34821429
vt 0.56458333 0.34821429
vt 0.56458333 0.34821429
vt 0.56458333 0.34821429
vt 0.56458333 0.34821429
vt 0.56458333 0.34821429
vt 0.56458333 0.34821429
vt 0.56458333 0.34821429
vt 0.56458333 0.34821429
vt 0.56458333 0.34821429
vt 0.56458333 0.34821429
vt 0.56458333 0.34821429
vt 0.56458333 0.34821429
vt 0.56458333 0.34821429
vt 0.56458333 0.34821429
vt 0.56458333 0.34821429
vt 0.56458333 0.34821429
vt 0.56458333 0.34821429
vt 0.56458333 0.34821429
vt 0.56458333 0.34821429
vt 0.56458333 0.34821429
vt 0.56458333 0.34821429
vt 0.56458333 0.34821429
vt 0.56458333 0.34821429
vt 0.56458333 0.34821429
vt 0.56458333 0.34821429
vt 0.56458333 0.34821429
vt 0.56458333 0.34821429
vt 0.56458333 0.34821429
vt 0.56458333 0.34821429
vt 0.56458333 0.34821429
vt 0.56458333 0.34821429
vt 0.56458333 0.34821429
vt 0.56458333 0.34821429
vt 0.56458333 0.34821429
vt 0.56458333 0.34821429
vt 0.56458333 0.34821429
vt 0.56458333 0.34821429
vt 0.56458333 0.34821429
vt 0.56458333 0.34821429
vt 0.56458333 0.34821429
vt 0.56458333 0.34821429
vt 0.56458333 0.34821429
vt 0.56458333 0.34821429
vt 0.56458333 0.34821429
vt 0.56458333 0.34821429
vt 0.56458333 0.34821429
vt 0.56458333 0.34821429
vt 0.56458333 0.34821429
vt 0.56458333 0.34821429
vt 0.56458333 0.34821429
vt 0.56458333 0.34821429
vt 0.56458333 0.34821429
vt 0.56458333 0.34821429
vt 0.56458333 0.34821429
vt 0.56458333 0.34821429
vt 0.56458333 0.34821429
vt 0.56458333 0.34821429
vt 0.56458333 0.34821429
vt 0.56458333 0.34821429
vt 0.56458333 0.34821429
vt 0.56458333 0.34821429
vt 0.56458333 0.34821429
vt 0.56458333 0.34821429
vt 0.56458333 0.34821429
vt 0.56458333 0.34821429
vt 0.56458333 0.34821429
vt 0.56458333 0.34821429
vt 0.56458333 0.34821429
vt 0.56458333 0.34821429
vt 0.56458333 0.34821429
vt 0.56458333 0.34821429
vt 0.56458333 0.34821429
vt 0.56458333 0.34821429
vt 0.56458333 0.34821429
vt 0.56458333 0.34821429
vt 0.56458333 0.34821429
vt 0.56458333 0.34821429
vt 0.56458333 0.34821429
vt 0.56458333 0.34821429
vt 0.56458333 0.34821429
vt 0.56458333 0.34821429
vt 0.56458333 0.34821429
vt 0.56458333 0.34821429
vt 0.56458333 0.34821429
vt 0.56458333 0.34821429
vt 0.56458333 0.34821429
vt 0.56458333 0.34821429
vt 0.56458333 0.34821429
vt 0.56458333 0.34821429
vt 0.56458333 0.34821429
vt 0.56458333 0.34821429
vt 0.56458333 0.34821429
vt 0.56458333 0.34821429
vt 0.56458333 0.34821429
vt 0.56458333 0.34821429
vt 0.56458333 0.34821429
vt 0.56458333 0.34821429
vt 0.56458333 0.34821429
vt 0.56458333 0.34821429
vt 0.56458333 0.34821429
vt 0.56458333 0.34821429
vt 0.56458333 0.34821429
vt 0.56458333 0.34821429
vt 0.56458333 0.34821429
vt 0.56458333 0.34821429
vt 0.56458333 0.34821429
vt 0.56458333 0.34821429
vt 0.56458333 0.34821429
vt 0.56458333 0.34821429
vt 0.56458333 0.34821429
vt 0.56458333 0.34821429
vt 0.56458333 0.34821429
vt 0.56458333 0.34821429
vt 0.56458333 0.34821429
vt 0.56458333 0.34821429
vt 0.56458333 0.34821429
vt 0.56458333 0.34821429
vt 0.56458333 0.34821429
vt 0.56458333 0.34821429
vt 0.56458333 0.34821429
vt 0.56458333 0.34821429
vt 0.56458333 0.34821429
vt 0.56458333 0.34821429
vt 0.56458333 0.34821429
vt 0.56458333 0.34821429
vt 0.56458333 0.34821429
vt 0.56458333 0.34821429
vt 0.56458333 0.34821429
vt 0.56458333 0.34821429
vt 0.56458333 0.34821429
vt 0.56458333 0.34821429
vt 0.56458333 0.34821429
vt 0.56458333 0.34821429
vt 0.56458333 0.34821429
vt 0.56458333 0.34821429
vt 0.56458333 0.34821429
vt 0.56458333 0.34821429
vt 0.56458333 0.34821429
vt 0.56458333 0.34821429
vt 0.56458333 0.34821429
vt 0.56458333 0.34821429
vt 0.56458333 0.34821429
vt 0.56458333 0.34821429
vt 0.56458333 0.34821429
vt 0.56458333 0.34821429
vt 0.56458333 0.34821429
vt 0.56458333 0.34821429
vt 0.56458333 0.34821429
vt 0.56458333 0.34821429
vt 0.56458333 0.34821429
vt 0.56458333 0.34821429
vt 0.56458333 0.34821429
vt 0.56458333 0.34821429
vt 0.56458333 0.34821429
vt 0.56458333 0.34821429
vt 0.56458333 0.34821429
vt 0.56458333 0.34821429
vt 0.56458333 0.34821429
vt 0.56458333 0.34821429
vt 0.56458333 0.34821429
vt 0.56458333 0.34821429
vt 0.56458333 0.34821429
vt 0.56458333 0.34821429
vt 0.56458333 0.34821429
vt 0.56458333 0.34821429
vt 0.56458333 0.34821429
vt 0.56458333 0.34821429
vt 0.56458333 0.34821429
vt 0.56458333 0.34821429
vt 0.56458333 0.34821429
vt 0.56458333 0.34821429
vt 0.56458333 0.34821429
vt 0.56458333 0.34821429
vt 0.56458333 0.34821429
vt 0.56458333 0.34821429
vt 0.56458333 0.34821429
vt 0.56458333 0.34821429
vt 0.56458333 0.34821429
vt 0.56458333 0.34821429
vt 0.56458333 0.34821429
vt 0.56458333 0.34821429
vt 0.56458333 0.34821429
vt 0.56458333 0.34821429
vt 0.56458333 0.34821429
vt 0.56458333 0.34821429
vt 0.56458333 0.34821429
vt 0.56458333 0.34821429
vt 0.56458333 0.34821429
vt 0.56458333 0.34821429
vt 0.56458333 0.34821429
vt 0.56458333 0.34821429
vt 0.56458333 0.34821429
vt 0.56458333 0.34821429
vt 0.56458333 0.34821429
vt 0.56458333 0.34821429
vt 0.56458333 0.34821429
vt 0.56458333 0.34821429
vt 0.56458333 0.34821429
vt 0.56458333 0.34821429
vt 0.56458333 0.34821429
vt 0.56458333 0.34821429
vt 0.56458333 0.34821429
vt 0.56458333 0.34821429
vt 0.56458333 0.34821429
vt 0.56458333 0.34821429
vt 0.56458333 0.34821429
vt 0.56458333 0.34821429
vt 0.56458333 0.34821429
vt 0.56458333 0.34821429
vt 0.56458333 0.34821429
vt 0.56458333 0.34821429
vt 0.56458333 0.34821429
vt 0.56458333 0.34821429
vt 0.56458333 0.34821429
vt 0.56458333 0.34821429
vt 0.56458333 0.34821429
vt 0.56458333 0.34821429
vt 0.56458333 0.34821429
vt 0.56458333 0.34821429
vt 0.56458333 0.34821429
vt 0.56458333 0.34821429
vt 0.56458333 0.34821429
vt 0.56458333 0.34821429
vt 0.56458333 0.34821429
vt 0.56458333 0.34821429
vt 0.56458333 0.34821429
vt 0.56458333 0.34821429
vt 0.56458333 0.34821429
vt 0.56458333 0.34821429
vt 0.56458333 0.34821429
vt 0.56458333 0.34821429
vt 0.56458333 0.34821429
vt 0.56458333 0.34821429
vt 0.56458333 0.34821429
vt 0.56458333 0.34821429
vt 0.56458333 0.34821429
vt 0.56458333 0.34821429
vt 0.56458333 0.34821429
vt 0.56458333 0.34821429
vt 0.56458333 0.34821429
vt 0.56458333 0.34821429
vt 0.56458333 0.34821429
vt 0.56458333 0.34821429
vt 0.56458333 0.34821429
vt 0.56458333 0.34821429
vt 0.56458333 0.34821429
vt 0.56458333 0.34821429
vt 0.56458333 0.34821429
vt 0.56458333 0.34821429
vt 0.56458333 0.34821429
vt 0.56458333 0.34821429
vt 0.56458333 0.34821429
vt 0.56458333 0.34821429
vt 0.56458333 0.34821429
vt 0.56458333 0.34821429
vt 0.56458333 0.34821429
vt 0.56458333 0.34821429
vt 0.56458333 0.34821429
vt 0.56458333 0.34821429
vt 0.56458333 0.34821429
vt 0.56458333 0.34821429
vt 0.56458333 0.34821429
vt 0.56458333 0.34821429
vt 0.56458333 0.34821429
vt 0.56458333 0.34821429
vt 0.56458333 0.34821429
vt 0.56458333 0.34821429
vt 0.56458333 0.34821429
vt 0.56458333 0.34821429
vt 0.56458333 0.34821429
vt 0.56458333 0.34821429
vt 0.56458333 0.34821429
vt 0.56458333 0.34821429
vt 0.56458333 0.34821429
vt 0.56458333 0.34821429
vt 0.56458333 0.34821429
vt 0.56458333 0.34821429
vt 0.56458333 0.34821429
vt 0.56458333 0.34821429
vt 0.56458333 0.34821429
vt 0.56458333 0.34821429
vt 0.56458333 0.34821429
vt 0.56458333 0.34821429
vt 0.56458333 0.34821429
vt 0.56458333 0.34821429
vt 0.56458333 0.34821429
vt 0.56458333 0.34821429
vt 0.56458333 0.34821429
vt 0.56458333 0.34821429
vt 0.56458333 0.34821429
vt 0.56458333 0.34821429
vt 0.56458333 0.34821429
vt 0.56458333 0.34821429
vt 0.56458333 0.34821429
vt 0.56458333 0.34821429
vt 0.56458333 0.34821429
vt 0.56458333 0.34821429
vt 0.56458333 0.34821429
vt 0.56458333 0.34821429
vt 0.56458333 0.34821429
vt 0.56458333 0.34821429
vt 0.56458333 0.34821429
vt 0.56458333 0.34821429
vt 0.56458333 0.34821429
vt 0.56458333 0.34821429
vt 0.56458333 0.34821429
vt 0.56458333 0.34821429
vt 0.56458333 0.34821429
vt 0.56458333 0.34821429
vt 0.56458333 0.34821429
vt 0.56458333 0.34821429
vt 0.56458333 0.34821429
vt 0.56458333 0.34821429
vt 0.56458333 0.34821429
vt 0.56458333 0.34821429
vt 0.56458333 0.34821429
vt 0.56458333 0.34821429
vt 0.56458333 0.34821429
vt 0.56458333 0.34821429
vt 0.56458333 0.34821429
vt 0.56458333 0.34821429
vt 0.56458333 0.34821429
vt 0.56458333 0.34821429
vt 0.56458333 0.34821429
vt 0.56458333 0.34821429
vt 0.56458333 0.34821429
vt 0.56458333 0.34821429
vt 0.56458333 0.34821429
vt 0.56458333 0.34821429
vt 0.56458333 0.34821429
vt 0.56458333 0.34821429
vt 0.56458333 0.34821429
vt 0.56458333 0.34821429
vt 0.56458333 0.34821429
vt 0.56458333 0.34821429
vt 0.56458333 0.34821429
vt 0.56458333 0.34821429
vt 0.56458333 0.34821429
vt 0.56458333 0.34821429
vt 0.56458333 0.34821429
vt 0.56458333 0.34821429
vt 0.56458333 0.34821429
vt 0.56458333 0.34821429
vt 0.56458333 0.34821429
vt 0.56458333 0.34821429
vt 0.56458333 0.34821429
vt 0.56458333 0.34821429
vt 0.56458333 0.34821429
vt 0.56458333 0.34821429
vt 0.56458333 0.34821429
vt 0.56458333 0.34821429
vt 0.56458333 0.34821429
vt 0.56458333 0.34821429
vt 0.56458333 0.34821429
vt 0.56458333 0.34821429
vt 0.56458333 0.34821429
vt 0.56458333 0.34821429
vt 0.56458333 0.34821429
vt 0.56458333 0.34821429
vt 0.56458333 0.34821429
vt 0.56458333 0.34821429
vt 0.56458333 0.34821429
vt 0.56458333 0.34821429
vt 0.56458333 0.34821429
vt 0.56458333 0.34821429
vt 0.56458333 0.34821429
vt 0.56458333 0.34821429
vt 0.56458333 0.34821429
vt 0.56458333 0.34821429
vt 0.56458333 0.34821429
vt 0.56458333 0.34821429
vt 0.56458333 0.34821429
vt 0.56458333 0.34821429
vt 0.56458333 0.34821429
vt 0.56458333 0.34821429
vt 0.56458333 0.34821429
vt 0.56458333 0.34821429
vt 0.56458333 0.34821429
vt 0.56458333 0.34821429
vt 0.56458333 0.34821429
vt 0.56458333 0.34821429
vt 0.56458333 0.34821429
vt 0.56458333 0.34821429
vt 0.56458333 0.34821429
vt 0.56458333 0.34821429
vt 0.56458333 0.34821429
vt 0.56458333 0.34821429
vt 0.56458333 0.34821429
vt 0.56458333 0.34821429
vt 0.56458333 0.34821429
vt 0.56458333 0.34821429
vt 0.56458333 0.34821429
vt 0.56458333 0.34821429
vt 0.56458333 0.34821429
vt 0.56458333 0.34821429
vt 0.56458333 0.34821429
vt 0.56458333 0.34821429
vt 0.56458333 0.34821429
vt 0.56458333 0.34821429
vt 0.56458333 0.34821429
vt 0.56458333 0.34821429
vt 0.56458333 0.34821429
vt 0.56458333 0.34821429
vt 0.56458333 0.34821429
vt 0.56458333 0.34821429
vt 0.56458333 0.34821429
vt 0.56458333 0.34821429
vt 0.56458333 0.34821429
vt 0.56458333 0.34821429
vt 0.56458333 0.34821429
vt 0.56458333 0.34821429
vt 0.56458333 0.34821429
vt 0.56458333 0.34821429
vt 0.56458333 0.34821429
vt 0.56458333 0.34821429
vt 0.56458333 0.34821429
vt 0.56458333 0.34821429
vt 0.56458333 0.34821429
vt 0.56458333 0.34821429
vt 0.56458333 0.34821429
vt 0.56458333 0.34821429
vt 0.56458333 0.34821429
vt 0.56458333 0.34821429
vt 0.56458333 0.34821429
vt 0.56458333 0.34821429
vt 0.56458333 0.34821429
vt 0.56458333 0.34821429
vt 0.56458333 0.34821429
vt 0.56458333 0.34821429
vt 0.56458333 0.34821429
vt 0.56458333 0.34821429
vt 0.56458333 0.34821429
vt 0.56458333 0.34821429
vt 0.56458333 0.34821429
vt 0.56458333 0.34821429
vt 0.56458333 0.34821429
vt 0.56458333 0.34821429
vt 0.56458333 0.34821429
vt 0.56458333 0.34821429
vt 0.56458333 0.34821429
vt 0.56458333 0.34821429
vt 0.56458333 0.34821429
vt 0.56458333 0.34821429
vt 0.56458333 0.34821429
vt 0.56458333 0.34821429
vt 0.56458333 0.34821429
vt 0.56458333 0.34821429
vt 0.56458333 0.34821429
vt 0.56458333 0.34821429
vt 0.56458333 0.34821429
vt 0.56458333 0.34821429
vt 0.56458333 0.34821429
vt 0.56458333 0.34821429
vt 0.56458333 0.34821429
vt 0.56458333 0.34821429
vt 0.56458333 0.34821429
vt 0.56458333 0.34821429
vt 0.56458333 0.34821429
vt 0.56458333 0.34821429
vt 0.56458333 0.34821429
vt 0.56458333 0.34821429
vt 0.56458333 0.34821429
vt 0.56458333 0.34821429
vt 0.56458333 0.34821429
vt 0.56458333 0.34821429
vt 0.56458333 0.34821429
vt 0.56458333 0.34821429
vt 0.56458333 0.34821429
vt 0.56458333 0.34821429
vt 0.56458333 0.34821429
vt 0.56458333 0.34821429
vt 0.56458333 0.34821429
vt 0.56458333 0.34821429
vt 0.56458333 0.34821429
vt 0.56458333 0.34821429
vt 0.56458333 0.34821429
vt 0.56458333 0.34821429
vt 0.56458333 0.34821429
vt 0.56458333 0.34821429
vt 0.56458333 0.34821429
vt 0.56458333 0.34821429
vt 0.56458333 0.34821429
vt 0.56458333 0.34821429
vt 0.56458333 0.34821429
vt 0.56458333 0.34821429
vt 0.56458333 0.34821429
vt 0.56458333 0.34821429
vt 0.56458333 0.34821429
vt 0.56458333 0.34821429
vt 0.56458333 0.34821429
vt 0.56458333 0.34821429
vt 0.56458333 0.34821429
vt 0.56458333 0.34821429
vt 0.56458333 0.34821429
vt 0.56458333 0.34821429
vt 0.56458333 0.34821429
vt 0.56458333 0.34821429
vt 0.56458333 0.34821429
vt 0.56458333 0.34821429
vt 0.56458333 0.34821429
vt 0.56458333 0.34821429
vt 0.56458333 0.34821429
vt 0.56458333 0.34821429
vt 0.56458333 0.34821429
vt 0.56458333 0.34821429
vt 0.56458333 0.34821429
vt 0.56458333 0.34821429
vt 0.56458333 0.34821429
vt 0.56458333 0.34821429
vt 0.56458333 0.34821429
vt 0.56458333 0.34821429
vt 0.56458333 0.34821429
vt 0.56458333 0.34821429
vt 0.56458333 0.34821429
vt 0.56458333 0.34821429
vt 0.56458333 0.34821429
vt 0.56458333 0.34821429
vt 0.56458333 0.34821429
vt 0.56458333 0.34821429
vt 0.56458333 0.34821429
vt 0.56458333 0.34821429
vt 0.56458333 0.34821429
vt 0.56458333 0.34821429
vt 0.56458333 0.34821429
vt 0.56458333 0.34821429
vt 0.56458333 0.34821429
vt 0.56458333 0.34821429
vt 0.56458333 0.34821429
vt 0.56458333 0.34821429
vt 0.56458333 0.34821429
vt 0.56458333 0.34821429
vt 0.56458333 0.34821429
vt 0.56458333 0.34821429
vt 0.56458333 0.34821429
vt 0.56458333 0.34821429
vt 0.56458333 0.34821429
vt 0.56458333 0.34821429
vt 0.56458333 0.34821429
vt 0.56458333 0.34821429
vt 0.56458333 0.34821429
vt 0.56458333 0.34821429
vt 0.56458333 0.34821429
vt 0.56458333 0.34821429
vt 0.56458333 0.34821429
vt 0.56458333 0.34821429
vt 0.56458333 0.34821429
vt 0.56458333 0.34821429
vt 0.56458333 0.34821429
vt 0.56458333 0.34821429
vt 0.56458333 0.34821429
vt 0.56458333 0.34821429
vt 0.56458333 0.34821429
vt 0.56458333 0.34821429
vt 0.56458333 0.34821429
vt 0.56458333 0.34821429
vt 0.56458333 0.34821429
vt 0.56458333 0.34821429
vt 0.56458333 0.34821429
vt 0.56458333 0.34821429
vt 0.56458333 0.34821429
vt 0.56458333 0.34821429
vt 0.56458333 0.34821429
vt 0.56458333 0.34821429
vt 0.56458333 0.34821429
vt 0.56458333 0.34821429
vt 0.56458333 0.34821429
vt 0.56458333 0.34821429
vt 0.56458333 0.34821429
vt 0.56458333 0.34821429
vt 0.56458333 0.34821429
vt 0.56458333 0.34821429
vt 0.56458333 0.34821429
vt 0.56458333 0.34821429
vt 0.56458333 0.34821429
vt 0.56458333 0.34821429
vt 0.56458333 0.34821429
vt 0.56458333 0.34821429
vt 0.56458333 0.34821429
vt 0.56458333 0.34821429
vt 0.56458333 0.34821429
vt 0.56458333 0.34821429
vt 0.56458333 0.34821429
vt 0.56458333 0.34821429
vt 0.56458333 0.34821429
vt 0.56458333 0.34821429
vt 0.56458333 0.34821429
vt 0.56458333 0.34821429
vt 0.56458333 0.34821429
vt 0.56458333 0.34821429
vt 0.56458333 0.34821429
vt 0.56458333 0.34821429
vt 0.56458333 0.34821429
vt 0.56458333 0.34821429
vt 0.56458333 0.34821429
vt 0.56458333 0.34821429
vt 0.56458333 0.34821429
vt 0.56458333 0.34821429
vt 0.56458333 0.34821429
vt 0.56458333 0.34821429
vt 0.56458333 0.34821429
vt 0.56458333 0.34821429
vt 0.56458333 0.34821429
vt 0.56458333 0.34821429
vt 0.56458333 0.34821429
vt 0.56458333 0.34821429
vt 0.56458333 0.34821429
vt 0.56458333 0.34821429
vt 0.56458333 0.34821429
vt 0.56458333 0.34821429
vt 0.56458333 0.34821429
vt 0.56458333 0.34821429
vt 0.56458333 0.34821429
vt 0.56458333 0.34821429
vt 0.56458333 0.34821429
vt 0.56458333 0.34821429
vt 0.56458333 0.34821429
vt 0.56458333 0.34821429
vt 0.56458333 0.34821429
vt 0.56458333 0.34821429
vt 0.56458333 0.34821429
vt 0.56458333 0.34821429
vt 0.56458333 0.34821429
vt 0.56458333 0.34821429
vt 0.56458333 0.34821429
vt 0.56458333 0.34821429
vt 0.56458333 0.34821429
vt 0.56458333 0.34821429
vt 0.56458333 0.34821429
vt 0.56458333 0.34821429
vt 0.56458333 0.34821429
vt 0.56458333 0.34821429
vt 0.56458333 0.34821429
vt 0.56458333 0.34821429
vt 0.56458333 0.34821429
vt 0.56458333 0.34821429
vt 0.56458333 0.34821429
vt 0.56458333 0.34821429
vt 0.56458333 0.34821429
vt 0.56458333 0.34821429
vt 0.56458333 0.34821429
vt 0.56458333 0.34821429
vt 0.56458333 0.34821429
vt 0.56458333 0.34821429
vt 0.56458333 0.34821429
vt 0.56458333 0.34821429
vt 0.56458333 0.34821429
vt 0.56458333 0.34821429
vt 0.56458333 0.34821429
vt 0.56458333 0.34821429
vt 0.56458333 0.34821429
vt 0.56458333 0.34821429
vt 0.56458333 0.34821429
vt 0.56458333 0.34821429
vt 0.56458333 0.34821429
vt 0.56458333 0.34821429
vt 0.56458333 0.34821429
vt 0.56458333 0.34821429
vt 0.56458333 0.34821429
vt 0.56458333 0.34821429
vt 0.56458333 0.34821429
vt 0.56458333 0.34821429
vt 0.56458333 0.34821429
vt 0.56458333 0.34821429
vt 0.56458333 0.34821429
vt 0.56458333 0.34821429
vt 0.56458333 0.34821429
vt 0.56458333 0.34821429
vt 0.56458333 0.34821429
vt 0.56458333 0.34821429
vt 0.56458333 0.34821429
vt 0.56458333 0.34821429
vt 0.56458333 0.34821429
vt 0.56458333 0.34821429
vt 0.56458333 0.34821429
vt 0.56458333 0.34821429
vt 0.56458333 0.34821429
vt 0.56458333 0.34821429
vt 0.56458333 0.34821429
vt 0.56458333 0.34821429
vt 0.56458333 0.34821429
vt 0.56458333 0.34821429
vt 0.56458333 0.34821429
vt 0.56458333 0.34821429
vt 0.56458333 0.34821429
vt 0.56458333 0.34821429
vt 0.56458333 0.34821429
vt 0.56458333 0.34821429
vt 0.56458333 0.34821429
vt 0.56458333 0.34821429
vt 0.56458333 0.34821429
vt 0.56458333 0.34821429
vt 0.56458333 0.34821429
vt 0.56458333 0.34821429
vt 0.56458333 0.34821429
vt 0.56458333 0.34821429
vt 0.56458333 0.34821429
vt 0.56458333 0.34821429
vt 0.56458333 0.34821429
vt 0.56458333 0.34821429
vt 0.56458333 0.34821429
vt 0.56458333 0.34821429
vt 0.56458333 0.34821429
vt 0.56458333 0.34821429
vt 0.56458333 0.34821429
vt 0.56458333 0.34821429
vt 0.56458333 0.34821429
vt 0.56458333 0.34821429
vt 0.56458333 0.34821429
vt 0.56458333 0.34821429
vt 0.56458333 0.34821429
vt 0.56458333 0.34821429
vt 0.56458333 0.34821429
vt 0.56458333 0.34821429
vt 0.56458333 0.34821429
vt 0.56458333 0.34821429
vt 0.56458333 0.34821429
vt 0.56458333 0.34821429
vt 0.56458333 0.34821429
vt 0.56458333 0.34821429
vt 0.56458333 0.34821429
vt 0.56458333 0.34821429
vt 0.56458333 0.34821429
vt 0.56458333 0.34821429
vt 0.56458333 0.34821429
vt 0.56458333 0.34821429
vt 0.56458333 0.34821429
vt 0.56458333 0.34821429
vt 0.56458333 0.34821429
vt 0.56458333 0.34821429
vt 0.56458333 0.34821429
vt 0.56458333 0.34821429
vt 0.56458333 0.34821429
vt 0.56458333 0.34821429
vt 0.56458333 0.34821429
vt 0.56458333 0.34821429
vt 0.56458333 0.34821429
vt 0.56458333 0.34821429
vt 0.56458333 0.34821429
vt 0.56458333 0.34821429
vt 0.56458333 0.34821429
vt 0.56458333 0.34821429
vt 0.56458333 0.34821429
vt 0.56458333 0.34821429
vt 0.56458333 0.34821429
vt 0.56458333 0.34821429
vt 0.56458333 0.34821429
vt 0.56458333 0.34821429
vt 0.56458333 0.34821429
vt 0.56458333 0.34821429
vt 0.56458333 0.34821429
vt 0.56458333 0.34821429
vt 0.56458333 0.34821429
vt 0.56458333 0.34821429
vt 0.56458333 0.34821429
vt 0.56458333 0.34821429
vt 0.56458333 0.34821429
vt 0.56458333 0.34821429
vt 0.56458333 0.34821429
vt 0.56458333 0.34821429
vt 0.56458333 0.34821429
vt 0.56458333 0.34821429
vt 0.56458333 0.34821429
vt 0.56458333 0.34821429
vt 0.56458333 0.34821429
vt 0.56458333 0.34821429
vt 0.56458333 0.34821429
vt 0.56458333 0.34821429
vt 0.56458333 0.34821429
vt 0.56458333 0.34821429
vt 0.56458333 0.34821429
vt 0.56458333 0.34821429
vt 0.56458333 0.34821429
vt 0.56458333 0.34821429
vt 0.56458333 0.34821429
vt 0.56458333 0.34821429
vt 0.56458333 0.34821429
vt 0.56458333 0.34821429
vt 0.56458333 0.34821429
vt 0.56458333 0.34821429
vt 0.56458333 0.34821429
vt 0.56458333 0.34821429
vt 0.56458333 0.34821429
vt 0.56458333 0.34821429
vt 0.56458333 0.34821429
vt 0.56458333 0.34821429
vt 0.56458333 0.34821429
vt 0.56458333 0.34821429
vt 0.56458333 0.34821429
vt 0.56458333 0.34821429
vt 0.56458333 0.34821429
vt 0.56458333 0.34821429
vt 0.56458333 0.34821429
vt 0.56458333 0.34821429
vt 0.56458333 0.34821429
vt 0.56458333 0.34821429
vt 0.56458333 0.34821429
vt 0.56458333 0.34821429
vt 0.56458333 0.34821429
vt 0.56458333 0.34821429
vt 0.56458333 0.34821429
vt 0.56458333 0.34821429
vt 0.56458333 0.34821429
vt 0.56458333 0.34821429
vt 0.56458333 0.34821429
vt 0.56458333 0.34821429
vt 0.56458333 0.34821429
vt 0.56458333 0.34821429
vt 0.56458333 0.34821429
vt 0.56458333 0.34821429
vt 0.56458333 0.34821429
vt 0.56458333 0.34821429
vt 0.56458333 0.34821429
vt 0.56458333 0.34821429
vt 0.56458333 0.34821429
vt 0.56458333 0.34821429
vt 0.56458333 0.34821429
vt 0.56458333 0.34821429
vt 0.56458333 0.34821429
vt 0.56458333 0.34821429
vt 0.56458333 0.34821429
vt 0.56458333 0.34821429
vt 0.56458333 0.34821429
vt 0.56458333 0.34821429
vt 0.56458333 0.34821429
vt 0.56458333 0.34821429
vt 0.56458333 0.34821429
vt 0.56458333 0.34821429
vt 0.56458333 0.34821429
vt 0.56458333 0.34821429
vt 0.56458333 0.34821429
vt 0.56458333 0.34821429
vt 0.56458333 0.34821429
vt 0.56458333 0.34821429
vt 0.56458333 0.34821429
vt 0.56458333 0.34821429
vt 0.56458333 0.34821429
vt 0.56458333 0.34821429
vt 0.56458333 0.34821429
vt 0.56458333 0.34821429
vt 0.56458333 0.34821429
vt 0.56458333 0.34821429
vt 0.56458333 0.34821429
vt 0.56458333 0.34821429
vt 0.56458333 0.34821429
vt 0.56458333 0.34821429
vt 0.56458333 0.34821429
vt 0.56458333 0.34821429
vt 0.56458333 0.34821429
vt 0.56458333 0.34821429
vt 0.56458333 0.34821429
vt 0.56458333 0.34821429
vt 0.56458333 0.34821429
vt 0.56458333 0.34821429
vt 0.56458333 0.34821429
vt 0.56458333 0.34821429
vt 0.56458333 0.34821429
vt 0.56458333 0.34821429
vt 0.56458333 0.34821429
vt 0.56458333 0.34821429
vt 0.56458333 0.34821429
vt 0.56458333 0.34821429
vt 0.56458333 0.34821429
vt 0.56458333 0.34821429
vt 0.56458333 0.34821429
vt 0.56458333 0.34821429
vt 0.56458333 0.34821429
vt 0.56458333 0.34821429
vt 0.56458333 0.34821429
vt 0.56458333 0.34821429
vt 0.56458333 0.34821429
vt 0.56458333 0.34821429
vt 0.56458333 0.34821429
vt 0.56458333 0.34821429
vt 0.56458333 0.34821429
vt 0.56458333 0.34821429
vt 0.56458333 0.34821429
vt 0.56458333 0.34821429
vt 0.56458333 0.34821429
vt 0.56458333 0.34821429
vt 0.56458333 0.34821429
vt 0.56458333 0.34821429
vt 0.56458333 0.34821429
vt 0.56458333 0.34821429
vt 0.56458333 0.34821429
vt 0.56458333 0.34821429
vt 0.56458333 0.34821429
vt 0.56458333 0.34821429
vt 0.56458333 0.34821429
vt 0.56458333 0.34821429
vt 0.56458333 0.34821429
vt 0.56458333 0.34821429
vt 0.56458333 0.34821429
vt 0.56458333 0.34821429
vt 0.56458333 0.34821429
vt 0.56458333 0.34821429
vt 0.56458333 0.34821429
vt 0.56458333 0.34821429
vt 0.56458333 0.34821429
vt 0.56458333 0.34821429
vt 0.56458333 0.34821429
vt 0.16458333 0.34821429
vt 0.16458333 0.34821429
vt 0.16458333 0.34821429
vt 0.16458333 0.34821429
vt 0.16458333 0.34821429
vt 0.16458333 0.34821429
vt 0.16458333 0.34821429
vt 0.16458333 0.34821429
vt 0.16458333 0.34821429
vt 0.16458333 0.34821429
vt 0.16458333 0.34821429
vt 0.16458333 0.34821429
vt 0.16458333 0.34821429
vt 0.16458333 0.34821429
vt 0.16458333 0.34821429
vt 0.16458333 0.34821429
vt 0.16458333 0.34821429
vt 0.16458333 0.34821429
vt 0.16458333 0.34821429
vt 0.16458333 0.34821429
vt 0.16458333 0.34821429
vt 0.16458333 0.34821429
vt 0.16458333 0.34821429
vt 0.16458333 0.34821429
vt 0.16458333 0.34821429
vt 0.16458333 0.34821429
vt 0.16458333 0.34821429
vt 0.16458333 0.34821429
vt 0.16458333 0.34821429
vt 0.16458333 0.34821429
vt 0.16458333 0.34821429
vt 0.16458333 0.34821429
vt 0.16458333 0.34821429
vt 0.16458333 0.34821429
vt 0.16458333 0.34821429
vt 0.16458333 0.34821429
vt 0.16458333 0.34821429
vt 0.16458333 0.34821429
vt 0.16458333 0.34821429
vt 0.16458333 0.34821429
vt 0.16458333 0.34821429
vt 0.16458333 0.34821429
vt 0.16458333 0.34821429
vt 0.16458333 0.34821429
vt 0.16458333 0.34821429
vt 0.16458333 0.34821429
vt 0.16458333 0.34821429
vt 0.16458333 0.34821429
vt 0.16458333 0.34821429
vt 0.16458333 0.34821429
vt 0.16458333 0.34821429
vt 0.16458333 0.34821429
vt 0.16458333 0.34821429
vt 0.16458333 0.34821429
vt 0.16458333 0.34821429
vt 0.16458333 0.34821429
vt 0.16458333 0.34821429
vt 0.16458333 0.34821429
vt 0.16458333 0.34821429
vt 0.16458333 0.34821429
vt 0.16458333 0.34821429
vt 0.16458333 0.34821429
vt 0.16458333 0.34821429
vt 0.16458333 0.34821429
vt 0.16458333 0.34821429
vt 0.16458333 0.34821429
vt 0.16458333 0.34821429
vt 0.16458333 0.34821429
vt 0.16458333 0.34821429
vt 0.16458333 0.34821429
vt 0.16458333 0.34821429
vt 0.16458333 0.34821429
vt 0.16458333 0.34821429
vt 0.16458333 0.34821429
vt 0.16458333 0.34821429
vt 0.16458333 0.34821429
vt 0.16458333 0.34821429
vt 0.16458333 0.34821429
vt 0.16458333 0.34821429
vt 0.16458333 0.34821429
vt 0.16458333 0.34821429
vt 0.16458333 0.34821429
vt 0.16458333 0.34821429
vt 0.16458333 0.34821429
vt 0.16458333 0.34821429
vt 0.16458333 0.34821429
vt 0.16458333 0.34821429
vt 0.16458333 0.34821429
vt 0.16458333 0.34821429
vt 0.16458333 0.34821429
vt 0.16458333 0.34821429
vt 0.16458333 0.34821429
vt 0.16458333 0.34821429
vt 0.16458333 0.34821429
vt 0.16458333 0.34821429
vt 0.16458333 0.34821429
vt 0.16458333 0.34821429
vt 0.16458333 0.34821429
vt 0.16458333 0.34821429
vt 0.16458333 0.34821429
vt 0.16458333 0.34821429
vt 0.16458333 0.34821429
vt 0.16458333 0.34821429
vt 0.16458333 0.34821429
vt 0.16458333 0.34821429
vt 0.16458333 0.34821429
vt 0.16458333 0.34821429
vt 0.16458333 0.34821429
vt 0.16458333 0.34821429
vt 0.16458333 0.34821429
vt 0.16458333 0.34821429
vt 0.16458333 0.34821429
vt 0.16458333 0.34821429
vt 0.16458333 0.34821429
vt 0.16458333 0.34821429
vt 0.16458333 0.34821429
vt 0.16458333 0.34821429
vt 0.16458333 0.34821429
vt 0.16458333 0.34821429
vt 0.16458333 0.34821429
vt 0.16458333 0.34821429
vt 0.16458333 0.34821429
vt 0.16458333 0.34821429
vt 0.16458333 0.34821429
vt 0.16458333 0.34821429
vt 0.16458333 0.34821429
vt 0.16458333 0.34821429
vt 0.16458333 0.34821429
vt 0.16458333 0.34821429
vt 0.16458333 0.34821429
vt 0.16458333 0.34821429
vt 0.16458333 0.34821429
vt 0.16458333 0.34821429
vt 0.16458333 0.34821429
vt 0.16458333 0.34821429
vt 0.16458333 0.34821429
vt 0.16458333 0.34821429
vt 0.16458333 0.34821429
vt 0.16458333 0.34821429
vt 0.16458333 0.34821429
vt 0.16458333 0.34821429
vt 0.16458333 0.34821429
vt 0.16458333 0.34821429
vt 0.16458333 0.34821429
vt 0.16458333 0.34821429
vt 0.16458333 0.34821429
vt 0.16458333 0.34821429
vt 0.16458333 0.34821429
vt 0.16458333 0.34821429
vt 0.16458333 0.34821429
vt 0.16458333 0.34821429
vt 0.16458333 0.34821429
vt 0.16458333 0.34821429
vt 0.16458333 0.34821429
vt 0.16458333 0.34821429
vt 0.16458333 0.34821429
vt 0.16458333 0.34821429
vt 0.16458333 0.34821429
vt 0.16458333 0.34821429
vt 0.16458333 0.34821429
vt 0.16458333 0.34821429
vt 0.16458333 0.34821429
vt 0.16458333 0.34821429
vt 0.16458333 0.34821429
vt 0.16458333 0.34821429
vt 0.16458333 0.34821429
vt 0.16458333 0.34821429
vt 0.16458333 0.34821429
vt 0.16458333 0.34821429
vt 0.16458333 0.34821429
vt 0.16458333 0.34821429
vt 0.16458333 0.34821429
vt 0.16458333 0.34821429
vt 0.16458333 0.34821429
vt 0.16458333 0.34821429
vt 0.16458333 0.34821429
vt 0.16458333 0.34821429
vt 0.16458333 0.34821429
vt 0.16458333 0.34821429
vt 0.16458333 0.34821429
vt 0.16458333 0.34821429
vt 0.16458333 0.34821429
vt 0.16458333 0.34821429
vt 0.16458333 0.34821429
vt 0.16458333 0.34821429
vt 0.16458333 0.34821429
vt 0.16458333 0.34821429
vt 0.16458333 0.34821429
vt 0.16458333 0.34821429
vt 0.16458333 0.34821429
vt 0.16458333 0.34821429
vt 0.16458333 0.34821429
vt 0.16458333 0.34821429
vt 0.16458333 0.34821429
vt 0.16458333 0.34821429
vt 0.16458333 0.34821429
vt 0.16458333 0.34821429
vt 0.16458333 0.34821429
vt 0.16458333 0.34821429
vt 0.16458333 0.34821429
vt 0.16458333 0.34821429
vt 0.16458333 0.34821429
vt 0.16458333 0.34821429
vt 0.16458333 0.34821429
vt 0.16458333 0.34821429
vt 0.16458333 0.34821429
vt 0.16458333 0.34821429
vt 0.16458333 0.34821429
vt 0.16458333 0.34821429
vt 0.16458333 0.34821429
vt 0.16458333 0.34821429
vt 0.16458333 0.34821429
vt 0.16458333 0.34821429
vt 0.16458333 0.34821429
vt 0.16458333 0.34821429
vt 0.16458333 0.34821429
vt 0.16458333 0.34821429
vt 0.16458333 0.34821429
vt 0.16458333 0.34821429
vt 0.16458333 0.34821429
vt 0.16458333 0.34821429
vt 0.16458333 0.34821429
vt 0.16458333 0.34821429
vt 0.16458333 0.34821429
vt 0.16458333 0.34821429
vt 0.16458333 0.34821429
vt 0.16458333 0.34821429
vt 0.16458333 0.34821429
vt 0.16458333 0.34821429
vt 0.16458333 0.34821429
vt 0.16458333 0.34821429
vt 0.16458333 0.34821429
vt 0.16458333 0.34821429
vt 0.16458333 0.34821429
vt 0.16458333 0.34821429
vt 0.16458333 0.34821429
vt 0.16458333 0.34821429
vt 0.16458333 0.34821429
vt 0.16458333 0.34821429
vt 0.16458333 0.34821429
vt 0.16458333 0.34821429
vt 0.16458333 0.34821429
vt 0.16458333 0.34821429
vt 0.16458333 0.34821429
vt 0.16458333 0.34821429
vt 0.16458333 0.34821429
vt 0.16458333 0.34821429
vt 0.16458333 0.34821429
vt 0.16458333 0.34821429
vt 0.16458333 0.34821429
vt 0.16458333 0.34821429
vt 0.16458333 0.34821429
vt 0.16458333 0.34821429
vt 0.16458333 0.34821429
vt 0.16458333 0.34821429
vt 0.16458333 0.34821429
vt 0.16458333 0.34821429
vt 0.16458333 0.34821429
vt 0.16458333 0.34821429
vt 0.16458333 0.34821429
vt 0.16458333 0.34821429
vt 0.16458333 0.34821429
vt 0.16458333 0.34821429
vt 0.16458333 0.34821429
vt 0.16458333 0.34821429
vt 0.16458333 0.34821429
vt 0.16458333 0.34821429
vt 0.16458333 0.34821429
vt 0.16458333 0.34821429
vt 0.16458333 0.34821429
vt 0.16458333 0.34821429
vt 0.16458333 0.34821429
vt 0.16458333 0.34821429
vt 0.16458333 0.34821429
vt 0.16458333 0.34821429
vt 0.16458333 0.34821429
vt 0.16458333 0.34821429
vt 0.16458333 0.34821429
vt 0.16458333 0.34821429
vt 0.16458333 0.34821429
vt 0.16458333 0.34821429
vt 0.16458333 0.34821429
vt 0.16458333 0.34821429
vt 0.16458333 0.34821429
vt 0.16458333 0.34821429
vt 0.16458333 0.34821429
vt 0.16458333 0.34821429
vt 0.16458333 0.34821429
vt 0.16458333 0.34821429
vt 0.16458333 0.34821429
vt 0.16458333 0.34821429
vt 0.16458333 0.34821429
vt 0.16458333 0.34821429
vt 0.16458333 0.34821429
vt 0.16458333 0.34821429
vt 0.16458333 0.34821429
vt 0.16458333 0.34821429
vt 0.16458333 0.34821429
vt 0.16458333 0.34821429
vt 0.16458333 0.34821429
vt 0.16458333 0.34821429
vt 0.16458333 0.34821429
vt 0.16458333 0.34821429
vt 0.16458333 0.34821429
vt 0.16458333 0.34821429
vt 0.16458333 0.34821429
vt 0.16458333 0.34821429
vt 0.16458333 0.34821429
vt 0.16458333 0.34821429
vt 0.16458333 0.34821429
vt 0.16458333 0.34821429
vt 0.16458333 0.34821429
vt 0.16458333 0.34821429
vt 0.16458333 0.34821429
vt 0.16458333 0.34821429
vt 0.16458333 0.34821429
vt 0.16458333 0.34821429
vt 0.16458333 0.34821429
vt 0.16458333 0.34821429
vt 0.16458333 0.34821429
vt 0.16458333 0.34821429
vt 0.16458333 0.34821429
vt 0.16458333 0.34821429
vt 0.16458333 0.34821429
vt 0.16458333 0.34821429
vt 0.16458333 0.34821429
vt 0.16458333 0.34821429
vt 0.16458333 0.34821429
vt 0.16458333 0.34821429
vt 0.16458333 0.34821429
vt 0.16458333 0.34821429
vt 0.16458333 0.34821429
vt 0.16458333 0.34821429
vt 0.16458333 0.34821429
vt 0.16458333 0.34821429
vt 0.16458333 0.34821429
vt 0.16458333 0.34821429
vt 0.16458333 0.34821429
vt 0.16458333 0.34821429
vt 0.16458333 0.34821429
vt 0.16458333 0.34821429
vt 0.16458333 0.34821429
vt 0.16458333 0.34821429
vt 0.16458333 0.34821429
vt 0.16458333 0.34821429
vt 0.16458333 0.34821429
vt 0.16458333 0.34821429
vt 0.16458333 0.34821429
vt 0.16458333 0.34821429
vt 0.16458333 0.34821429
vt 0.16458333 0.34821429
vt 0.16458333 0.34821429
vt 0.16458333 0.34821429
vt 0.16458333 0.34821429
vt 0.16458333 0.34821429
vt 0.16458333 0.34821429
vt 0.16458333 0.34821429
vt 0.16458333 0.34821429
vt 0.16458333 0.34821429
vt 0.16458333 0.34821429
vt 0.16458333 0.34821429
vt 0.16458333 0.34821429
vt 0.16458333 0.34821429
vt 0.16458333 0.34821429
vt 0.16458333 0.34821429
vt 0.16458333 0.34821429
vt 0.16458333 0.34821429
vt 0.16458333 0.34821429
vt 0.16458333 0.34821429
vt 0.16458333 0.34821429
vt 0.16458333 0.34821429
vt 0.16458333 0.34821429
vt 0.16458333 0.34821429
vt 0.16458333 0.34821429
vt 0.16458333 0.34821429
vt 0.16458333 0.34821429
vt 0.16458333 0.34821429
vt 0.16458333 0.34821429
vt 0.16458333 0.34821429
vt 0.16458333 0.34821429
vt 0.16458333 0.34821429
vt 0.16458333 0.34821429
vt 0.16458333 0.34821429
vt 0.16458333 0.34821429
vt 0.16458333 0.34821429
vt 0.16458333 0.34821429
vt 0.16458333 0.34821429
vt 0.16458333 0.34821429
vt 0.16458333 0.34821429
vt 0.16458333 0.34821429
vt 0.16458333 0.34821429
vt 0.16458333 0.34821429
vt 0.16458333 0.34821429
vt 0.16458333 0.34821429
vt 0.16458333 0.34821429
vt 0.16458333 0.34821429
vt 0.16458333 0.34821429
vt 0.16458333 0.34821429
vt 0.16458333 0.34821429
vt 0.16458333 0.34821429
vt 0.16458333 0.34821429
vt 0.16458333 0.34821429
vt 0.16458333 0.34821429
vt 0.16458333 0.34821429
vt 0.16458333 0.34821429
vt 0.16458333 0.34821429
vt 0.16458333 0.34821429
vt 0.16458333 0.34821429
vt 0.16458333 0.34821429
vt 0.16458333 0.34821429
vt 0.16458333 0.34821429
vt 0.16458333 0.34821429
vt 0.16458333 0.34821429
vt 0.16458333 0.34821429
vt 0.16458333 0.34821429
vt 0.16458333 0.34821429
vt 0.16458333 0.34821429
vt 0.16458333 0.34821429
vt 0.16458333 0.34821429
vt 0.16458333 0.34821429
vt 0.16458333 0.34821429
vt 0.16458333 0.34821429
vt 0.16458333 0.34821429
vt 0.16458333 0.34821429
vt 0.16458333 0.34821429
vt 0.16458333 0.34821429
vt 0.16458333 0.34821429
vt 0.16458333 0.34821429
vt 0.16458333 0.34821429
vt 0.16458333 0.34821429
vt 0.16458333 0.34821429
vt 0.16458333 0.34821429
vt 0.16458333 0.34821429
vt 0.16458333 0.34821429
vt 0.16458333 0.34821429
vt 0.16458333 0.34821429
vt 0.16458333 0.34821429
vt 0.16458333 0.34821429
vt 0.16458333 0.34821429
vt 0.16458333 0.34821429
vt 0.16458333 0.34821429
vt 0.16458333 0.34821429
vt 0.16458333 0.34821429
vt 0.16458333 0.34821429
vt 0.16458333 0.34821429
vt 0.16458333 0.34821429
vt 0.16458333 0.34821429
vt 0.16458333 0.34821429
vt 0.16458333 0.34821429
vt 0.16458333 0.34821429
vt 0.16458333 0.34821429
vt 0.16458333 0.34821429
vt 0.16458333 0.34821429
vt 0.16458333 0.34821429
vt 0.16458333 0.34821429
vt 0.16458333 0.34821429
vt 0.16458333 0.34821429
vt 0.16458333 0.34821429
vt 0.16458333 0.34821429
vt 0.16458333 0.34821429
vt 0.16458333 0.34821429
vt 0.16458333 0.34821429
vt 0.16458333 0.34821429
vt 0.16458333 0.34821429
vt 0.16458333 0.34821429
vt 0.16458333 0.34821429
vt 0.16458333 0.34821429
vt 0.16458333 0.34821429
vt 0.16458333 0.34821429
vt 0.16458333 0.34821429
vt 0.16458333 0.34821429
vt 0.16458333 0.34821429
vt 0.16458333 0.34821429
vt 0.16458333 0.34821429
vt 0.16458333 0.34821429
vt 0.16458333 0.34821429
vt 0.16458333 0.34821429
vt 0.16458333 0.34821429
vt 0.16458333 0.34821429
vt 0.16458333 0.34821429
vt 0.16458333 0.34821429
vt 0.16458333 0.34821429
vt 0.16458333 0.34821429
vt 0.16458333 0.34821429
vt 0.16458333 0.34821429
vt 0.16458333 0.34821429
vt 0.16458333 0.34821429
vt 0.16458333 0.34821429
vt 0.16458333 0.34821429
vt 0.16458333 0.34821429
vt 0.16458333 0.34821429
vt 0.16458333 0.34821429
vt 0.16458333 0.34821429
vt 0.16458333 0.34821429
vt 0.16458333 0.34821429
vt 0.16458333 0.34821429
vt 0.16458333 0.34821429
vt 0.16458333 0.34821429
vt 0.16458333 0.34821429
vt 0.16458333 0.34821429
vt 0.16458333 0.34821429
vt 0.16458333 0.34821429
vt 0.16458333 0.34821429
vt 0.16458333 0.34821429
vt 0.16458333 0.34821429
vt 0.16458333 0.34821429
vt 0.16458333 0.34821429
vt 0.16458333 0.34821429
vt 0.16458333 0.34821429
vt 0.16458333 0.34821429
vt 0.16458333 0.34821429
vt 0.16458333 0.34821429
vt 0.16458333 0.34821429
vt 0.16458333 0.34821429
vt 0.16458333 0.34821429
vt 0.16458333 0.34821429
vt 0.16458333 0.34821429
vt 0.16458333 0.34821429
vt 0.16458333 0.34821429
vt 0.16458333 0.34821429
vt 0.16458333 0.34821429
vt 0.16458333 0.34821429
vt 0.16458333 0.34821429
vt 0.16458333 0.34821429
vt 0.16458333 0.34821429
vt 0.16458333 0.34821429
vt 0.16458333 0.34821429
vt 0.16458333 0.34821429
vt 0.16458333 0.34821429
vt 0.16458333 0.34821429
vt 0.16458333 0.34821429
vt 0.16458333 0.34821429
vt 0.16458333 0.34821429
vt 0.16458333 0.34821429
vt 0.16458333 0.34821429
vt 0.16458333 0.34821429
vt 0.16458333 0.34821429
vt 0.16458333 0.34821429
vt 0.16458333 0.34821429
vt 0.16458333 0.34821429
vt 0.16458333 0.34821429
vt 0.16458333 0.34821429
vt 0.16458333 0.34821429
vt 0.16458333 0.34821429
vt 0.16458333 0.34821429
vt 0.16458333 0.34821429
vt 0.16458333 0.34821429
vt 0.16458333 0.34821429
vt 0.16458333 0.34821429
vt 0.16458333 0.34821429
vt 0.16458333 0.34821429
vt 0.16458333 0.34821429
vt 0.16458333 0.34821429
vt 0.16458333 0.34821429
vt 0.16458333 0.34821429
vt 0.16458333 0.34821429
vt 0.16458333 0.34821429
vt 0.16458333 0.34821429
vt 0.16458333 0.34821429
vt 0.16458333 0.34821429
vt 0.16458333 0.34821429
vt 0.16458333 0.34821429
vt 0.16458333 0.34821429
vt 0.16458333 0.34821429
vt 0.16458333 0.34821429
vt 0.16458333 0.34821429
vt 0.16458333 0.34821429
vt 0.16458333 0.34821429
vt 0.16458333 0.34821429
vt 0.16458333 0.34821429
vt 0.16458333 0.34821429
vt 0.16458333 0.34821429
vt 0.16458333 0.34821429
vt 0.16458333 0.34821429
vt 0.16458333 0.34821429
vt 0.16458333 0.34821429
vt 0.16458333 0.34821429
vt 0.16458333 0.34821429
vt 0.16458333 0.34821429
vt 0.16458333 0.34821429
vt 0.16458333 0.34821429
vt 0.16458333 0.34821429
vt 0.16458333 0.34821429
vt 0.16458333 0.34821429
vt 0.16458333 0.34821429
vt 0.16458333 0.34821429
vt 0.16458333 0.34821429
vt 0.16458333 0.34821429
vt 0.16458333 0.34821429
vt 0.16458333 0.34821429
vt 0.16458333 0.34821429
vt 0.16458333 0.34821429
vt 0.16458333 0.34821429
vt 0.16458333 0.34821429
vt 0.16458333 0.34821429
vt 0.16458333 0.34821429
vt 0.16458333 0.34821429
vt 0.16458333 0.34821429
vt 0.16458333 0.34821429
vt 0.16458333 0.34821429
vt 0.16458333 0.34821429
vt 0.16458333 0.34821429
vt 0.16458333 0.34821429
vt 0.16458333 0.34821429
vt 0.16458333 0.34821429
vt 0.16458333 0.34821429
vt 0.16458333 0.34821429
vt 0.16458333 0.34821429
vt 0.16458333 0.34821429
vt 0.16458333 0.34821429
vt 0.16458333 0.34821429
vt 0.16458333 0.34821429
vt 0.16458333 0.34821429
vt 0.16458333 0.34821429
vt 0.16458333 0.34821429
vt 0.16458333 0.34821429
vt 0.16458333 0.34821429
vt 0.16458333 0.34821429
vt 0.16458333 0.34821429
vt 0.16458333 0.34821429
vt 0.16458333 0.34821429
vt 0.16458333 0.34821429
vt 0.16458333 0.34821429
vt 0.16458333 0.34821429
vt 0.16458333 0.34821429
vt 0.16458333 0.34821429
vt 0.16458333 0.34821429
vt 0.16458333 0.34821429
vt 0.16458333 0.34821429
vt 0.16458333 0.34821429
vt 0.16458333 0.34821429
vt 0.16458333 0.34821429
vt 0.16458333 0.34821429
vt 0.16458333 0.34821429
vt 0.16458333 0.34821429
vt 0.16458333 0.34821429
vt 0.16458333 0.34821429
vt 0.16458333 0.34821429
vt 0.16458333 0.34821429
vt 0.16458333 0.34821429
vt 0.16458333 0.34821429
vt 0.16458333 0.34821429
vt 0.16458333 0.34821429
vt 0.16458333 0.34821429
vt 0.16458333 0.34821429
vt 0.16458333 0.34821429
vt 0.16458333 0.34821429
vt 0.16458333 0.34821429
vt 0.16458333 0.34821429
vt 0.16458333 0.34821429
vt 0.16458333 0.34821429
vt 0.16458333 0.34821429
vt 0.16458333 0.34821429
vt 0.16458333 0.34821429
vt 0.16458333 0.34821429
vt 0.16458333 0.34821429
vt 0.16458333 0.34821429
vt 0.16458333 0.34821429
vt 0.16458333 0.34821429
vt 0.16458333 0.34821429
vt 0.16458333 0.34821429
vt 0.16458333 0.34821429
vt 0.16458333 0.34821429
vt 0.16458333 0.34821429
vt 0.16458333 0.34821429
vt 0.16458333 0.34821429
vt 0.16458333 0.34821429
vt 0.16458333 0.34821429
vt 0.16458333 0.34821429
vt 0.16458333 0.34821429
vt 0.16458333 0.34821429
vt 0.16458333 0.34821429
vt 0.16458333 0.34821429
vt 0.16458333 0.34821429
vt 0.16458333 0.34821429
vt 0.16458333 0.34821429
vt 0.16458333 0.34821429
vt 0.16458333 0.34821429
vt 0.16458333 0.34821429
vt 0.16458333 0.34821429
vt 0.16458333 0.34821429
vt 0.16458333 0.34821429
vt 0.16458333 0.34821429
vt 0.16458333 0.34821429
vt 0.16458333 0.34821429
vt 0.16458333 0.34821429
vt 0.16458333 0.34821429
vt 0.16458333 0.34821429
vt 0.16458333 0.34821429
vt 0.16458333 0.34821429
vt 0.16458333 0.34821429
vt 0.16458333 0.34821429
vt 0.16458333 0.34821429
vt 0.16458333 0.34821429
vt 0.16458333 0.34821429
vt 0.16458333 0.34821429
vt 0.16458333 0.34821429
vt 0.16458333 0.34821429
vt 0.16458333 0.34821429
vt 0.16458333 0.34821429
vt 0.16458333 0.34821429
vt 0.16458333 0.34821429
vt 0.16458333 0.34821429
vt 0.16458333 0.34821429
vt 0.16458333 0.34821429
vt 0.16458333 0.34821429
vt 0.16458333 0.34821429
vt 0.16458333 0.34821429
vt 0.16458333 0.34821429
vt 0.16458333 0.34821429
vt 0.16458333 0.34821429
vt 0.16458333 0.34821429
vt 0.16458333 0.34821429
vt 0.16458333 0.34821429
vt 0.16458333 0.34821429
vt 0.16458333 0.34821429
vt 0.16458333 0.34821429
vt 0.16458333 0.34821429
vt 0.16458333 0.34821429
vt 0.16458333 0.34821429
vt 0.16458333 0.34821429
vt 0.16458333 0.34821429
vt 0.16458333 0.34821429
vt 0.16458333 0.34821429
vt 0.16458333 0.34821429
vt 0.16458333 0.34821429
vt 0.16458333 0.34821429
vt 0.16458333 0.34821429
vt 0.16458333 0.34821429
vt 0.16458333 0.34821429
vt 0.16458333 0.34821429
vt 0.16458333 0.34821429
vt 0.16458333 0.34821429
vt 0.16458333 0.34821429
vt 0.16458333 0.34821429
vt 0.16458333 0.34821429
vt 0.16458333 0.34821429
vt 0.16458333 0.34821429
vt 0.16458333 0.34821429
vt 0.16458333 0.34821429
vt 0.16458333 0.34821429
vt 0.16458333 0.34821429
vt 0.16458333 0.34821429
vt 0.16458333 0.34821429
vt 0.16458333 0.34821429
vt 0.16458333 0.34821429
vt 0.16458333 0.34821429
vt 0.16458333 0.34821429
vt 0.16458333 0.34821429
vt 0.16458333 0.34821429
vt 0.16458333 0.34821429
vt 0.16458333 0.34821429
vt 0.16458333 0.34821429
vt 0.16458333 0.34821429
vt 0.16458333 0.34821429
vt 0.16458333 0.34821429
vt 0.16458333 0.34821429
vt 0.16458333 0.34821429
vt 0.16458333 0.34821429
vt 0.16458333 0.34821429
vt 0.16458333 0.34821429
vt 0.16458333 0.34821429
vt 0.16458333 0.34821429
vt 0.16458333 0.34821429
vt 0.16458333 0.34821429
vt 0.16458333 0.34821429
vt 0.16458333 0.34821429
vt 0.16458333 0.34821429
vt 0.16458333 0.34821429
vt 0.16458333 0.34821429
vt 0.16458333 0.34821429
vt 0.16458333 0.34821429
vt 0.16458333 0.34821429
vt 0.16458333 0.34821429
vt 0.16458333 0.34821429
vt 0.16458333 0.34821429
vt 0.16458333 0.34821429
vt 0.16458333 0.34821429
vt 0.16458333 0.34821429
vt 0.16458333 0.34821429
vt 0.16458333 0.34821429
vt 0.16458333 0.34821429
vt 0.16458333 0.34821429
vt 0.16458333 0.34821429
vt 0.16458333 0.34821429
vt 0.16458333 0.34821429
vt 0.16458333 0.34821429
vt 0.16458333 0.34821429
vt 0.16458333 0.34821429
vt 0.16458333 0.34821429
vt 0.16458333 0.34821429
vt 0.16458333 0.34821429
vt 0.16458333 0.34821429
vt 0.16458333 0.34821429
vt 0.16458333 0.34821429
vt 0.16458333 0.34821429
vt 0.16458333 0.34821429
vt 0.16458333 0.34821429
vt 0.16458333 0.34821429
vt 0.16458333 0.34821429
vt 0.16458333 0.34821429
vt 0.16458333 0.34821429
vt 0.16458333 0.34821429
vt 0.16458333 0.34821429
vt 0.16458333 0.34821429
vt 0.16458333 0.34821429
vt 0.16458333 0.34821429
vt 0.16458333 0.34821429
vt 0.16458333 0.34821429
vt 0.16458333 0.34821429
vt 0.16458333 0.34821429
vt 0.16458333 0.34821429
vt 0.16458333 0.34821429
vt 0.16458333 0.34821429
vt 0.16458333 0.34821429
vt 0.16458333 0.34821429
vt 0.16458333 0.34821429
vt 0.16458333 0.34821429
vt 0.16458333 0.34821429
vt 0.16458333 0.34821429
vt 0.16458333 0.34821429
vt 0.16458333 0.34821429
vt 0.16458333 0.34821429
vt 0.16458333 0.34821429
vt 0.16458333 0.34821429
vt 0.16458333 0.34821429
vt 0.16458333 0.34821429
vt 0.16458333 0.34821429
vt 0.16458333 0.34821429
vt 0.16458333 0.34821429
vt 0.16458333 0.34821429
vt 0.16458333 0.34821429
vt 0.16458333 0.34821429
vt 0.16458333 0.34821429
vt 0.16458333 0.34821429
vt 0.16458333 0.34821429
vt 0.16458333 0.34821429
vt 0.16458333 0.34821429
vt 0.16458333 0.34821429
vt 0.16458333 0.34821429
vt 0.16458333 0.34821429
vt 0.16458333 0.34821429
vt 0.16458333 0.34821429
vt 0.16458333 0.34821429
vt 0.16458333 0.34821429
vt 0.16458333 0.34821429
vt 0.16458333 0.34821429
vt 0.16458333 0.34821429
vt 0.16458333 0.34821429
vt 0.16458333 0.34821429
vt 0.16458333 0.34821429
vt 0.16458333 0.34821429
vt 0.16458333 0.34821429
vt 0.16458333 0.34821429
vt 0.16458333 0.34821429
vt 0.16458333 0.34821429
vt 0.16458333 0.34821429
vt 0.16458333 0.34821429
vt 0.16458333 0.34821429
vt 0.16458333 0.34821429
vt 0.16458333 0.34821429
vt 0.16458333 0.34821429
vt 0.16458333 0.34821429
vt 0.16458333 0.34821429
vt 0.16458333 0.34821429
vt 0.16458333 0.34821429
vt 0.16458333 0.34821429
vt 0.16458333 0.34821429
vt 0.16458333 0.34821429
vt 0.16458333 0.34821429
vt 0.16458333 0.34821429
vt 0.16458333 0.34821429
vt 0.16458333 0.34821429
vt 0.16458333 0.34821429
vt 0.16458333 0.34821429
vt 0.16458333 0.34821429
vt 0.16458333 0.34821429
vt 0.16458333 0.34821429
vt 0.16458333 0.34821429
vt 0.16458333 0.34821429
vt 0.16458333 0.34821429
vt 0.16458333 0.34821429
vt 0.16458333 0.34821429
vt 0.16458333 0.34821429
vt 0.16458333 0.34821429
vt 0.16458333 0.34821429
vt 0.16458333 0.34821429
vt 0.16458333 0.34821429
vt 0.16458333 0.34821429
vt 0.16458333 0.34821429
vt 0.16458333 0.34821429
vt 0.16458333 0.34821429
vt 0.16458333 0.34821429
vt 0.16458333 0.34821429
vt 0.16458333 0.34821429
vt 0.16458333 0.34821429
vt 0.16458333 0.34821429
vt 0.16458333 0.34821429
vt 0.16458333 0.34821429
vt 0.16458333 0.34821429
vt 0.16458333 0.34821429
vt 0.16458333 0.34821429
vt 0.16458333 0.34821429
vt 0.16458333 0.34821429
vt 0.16458333 0.34821429
vt 0.16458333 0.34821429
vt 0.16458333 0.34821429
vt 0.16458333 0.34821429
vt 0.16458333 0.34821429
vt 0.16458333 0.34821429
vt 0.16458333 0.34821429
vt 0.16458333 0.34821429
vt 0.16458333 0.34821429
vt 0.16458333 0.34821429
vt 0.16458333 0.34821429
vt 0.16458333 0.34821429
vt 0.16458333 0.34821429
vt 0.16458333 0.34821429
vt 0.16458333 0.34821429
vt 0.16458333 0.34821429
vt 0.16458333 0.34821429
vt 0.16458333 0.34821429
vt 0.16458333 0.34821429
vt 0.16458333 0.34821429
vt 0.16458333 0.34821429
vt 0.16458333 0.34821429
vt 0.16458333 0.34821429
vt 0.16458333 0.34821429
vt 0.16458333 0.34821429
vt 0.16458333 0.34821429
vt 0.16458333 0.34821429
vt 0.16458333 0.34821429
vt 0.16458333 0.34821429
vt 0.16458333 0.34821429
vt 0.16458333 0.34821429
vt 0.16458333 0.34821429
vt 0.16458333 0.34821429
vt 0.16458333 0.34821429
vt 0.16458333 0.34821429
vt 0.16458333 0.34821429
vt 0.16458333 0.34821429
vt 0.16458333 0.34821429
vt 0.16458333 0.34821429
vt 0.16458333 0.34821429
vt 0.16458333 0.34821429
vt 0.16458333 0.34821429
vt 0.16458333 0.34821429
vt 0.16458333 0.34821429
vt 0.16458333 0.34821429
vt 0.16458333 0.34821429
vt 0.16458333 0.34821429
vt 0.16458333 0.34821429
vt 0.16458333 0.34821429
vt 0.16458333 0.34821429
vt 0.16458333 0.34821429
vt 0.16458333 0.34821429
vt 0.16458333 0.34821429
vt 0.16458333 0.34821429
vt 0.16458333 0.34821429
vt 0.16458333 0.34821429
vt 0.16458333 0.34821429
vt 0.16458333 0.34821429
vt 0.16458333 0.34821429
vt 0.16458333 0.34821429
vt 0.16458333 0.34821429
vt 0.16458333 0.34821429
vt 0.16458333 0.34821429
vt 0.16458333 0.34821429
vt 0.16458333 0.34821429
vt 0.16458333 0.34821429
vt 0.16458333 0.34821429
vt 0.16458333 0.34821429
vt 0.16458333 0.34821429
vt 0.16458333 0.34821429
vt 0.16458333 0.34821429
vt 0.16458333 0.34821429
vt 0.16458333 0.34821429
vt 0.16458333 0.34821429
vt 0.16458333 0.34821429
vt 0.16458333 0.34821429
vt 0.16458333 0.34821429
vt 0.16458333 0.34821429
vt 0.16458333 0.34821429
vt 0.16458333 0.34821429
vt 0.16458333 0.34821429
vt 0.16458333 0.34821429
vt 0.16458333 0.34821429
vt 0.16458333 0.34821429
vt 0.16458333 0.34821429
vt 0.16458333 0.34821429
vt 0.16458333 0.34821429
vt 0.16458333 0.34821429
vt 0.16458333 0.34821429
vt 0.16458333 0.34821429
vt 0.16458333 0.34821429
vt 0.16458333 0.34821429
vt 0.16458333 0.34821429
vt 0.16458333 0.34821429
vt 0.16458333 0.34821429
vt 0.16458333 0.34821429
vt 0.16458333 0.34821429
vt 0.16458333 0.34821429
vt 0.16458333 0.34821429
vt 0.16458333 0.34821429
vt 0.16458333 0.34821429
vt 0.16458333 0.34821429
vt 0.16458333 0.34821429
vt 0.16458333 0.34821429
vt 0.16458333 0.34821429
vt 0.16458333 0.34821429
vt 0.16458333 0.34821429
vt 0.16458333 0.34821429
vt 0.16458333 0.34821429
vt 0.16458333 0.34821429
vt 0.16458333 0.34821429
vt 0.16458333 0.34821429
vt 0.16458333 0.34821429
vt 0.16458333 0.34821429
vt 0.16458333 0.34821429
vt 0.16458333 0.34821429
vt 0.16458333 0.34821429
vt 0.16458333 0.34821429
vt 0.16458333 0.34821429
vt 0.16458333 0.34821429
vt 0.16458333 0.34821429
vt 0.16458333 0.34821429
vt 0.16458333 0.34821429
vt 0.16458333 0.34821429
vt 0.16458333 0.34821429
vt 0.16458333 0.34821429
vt 0.16458333 0.34821429
vt 0.16458333 0.34821429
vt 0.16458333 0.34821429
vt 0.16458333 0.34821429
vt 0.16458333 0.34821429
vt 0.16458333 0.34821429
vt 0.16458333 0.34821429
vt 0.16458333 0.34821429
vt 0.16458333 0.34821429
vt 0.16458333 0.34821429
vt 0.16458333 0.34821429
vt 0.16458333 0.34821429
vt 0.16458333 0.34821429
vt 0.16458333 0.34821429
vt 0.16458333 0.34821429
vt 0.16458333 0.34821429
vt 0.16458333 0.34821429
vt 0.16458333 0.34821429
vt 0.16458333 0.34821429
vt 0.16458333 0.34821429
vt 0.16458333 0.34821429
vt 0.16458333 0.34821429
vt 0.16458333 0.34821429
vt 0.16458333 0.34821429
vt 0.16458333 0.34821429
vt 0.16458333 0.34821429
vt 0.16458333 0.34821429
vt 0.16458333 0.34821429
vt 0.16458333 0.34821429
vt 0.16458333 0.34821429
vt 0.16458333 0.34821429
vt 0.16458333 0.34821429
vt 0.16458333 0.34821429
vt 0.16458333 0.34821429
vt 0.16458333 0.34821429
vt 0.16458333 0.34821429
vt 0.16458333 0.34821429
vt 0.16458333 0.34821429
vt 0.16458333 0.34821429
vt 0.16458333 0.34821429
vt 0.16458333 0.34821429
vt 0.16458333 0.34821429
vt 0.16458333 0.34821429
vt 0.16458333 0.34821429
vt 0.16458333 0.34821429
vt 0.16458333 0.34821429
vt 0.16458333 0.34821429
vt 0.16458333 0.34821429
vt 0.16458333 0.34821429
vt 0.16458333 0.34821429
vt 0.16458333 0.34821429
vt 0.16458333 0.34821429
vt 0.16458333 0.34821429
vt 0.16458333 0.34821429
vt 0.16458333 0.34821429
vt 0.16458333 0.34821429
vt 0.16458333 0.34821429
vt 0.16458333 0.34821429
vt 0.16458333 0.34821429
vt 0.16458333 0.34821429
vt 0.16458333 0.34821429
vt 0.16458333 0.34821429
vt 0.16458333 0.34821429
vt 0.16458333 0.34821429
vt 0.16458333 0.34821429
vt 0.16458333 0.34821429
vt 0.16458333 0.34821429
vt 0.16458333 0.34821429
vt 0.16458333 0.34821429
vt 0.16458333 0.34821429
vt 0.16458333 0.34821429
vt 0.16458333 0.34821429
vt 0.16458333 0.34821429
vt 0.16458333 0.34821429
vt 0.16458333 0.34821429
vt 0.16458333 0.34821429
vt 0.16458333 0.34821429
vt 0.16458333 0.34821429
vt 0.16458333 0.34821429
vt 0.16458333 0.34821429
vt 0.16458333 0.34821429
vt 0.16458333 0.34821429
vt 0.16458333 0.34821429
vt 0.16458333 0.34821429
vt 0.16458333 0.34821429
vt 0.16458333 0.34821429
vt 0.16458333 0.34821429
vt 0.16458333 0.34821429
vt 0.16458333 0.34821429
vt 0.16458333 0.34821429
vt 0.16458333 0.34821429
vt 0.16458333 0.34821429
vt 0.16458333 0.34821429
vt 0.16458333 0.34821429
vt 0.16458333 0.34821429
vt 0.16458333 0.34821429
vt 0.16458333 0.34821429
vt 0.16458333 0.34821429
vt 0.16458333 0.34821429
vt 0.16458333 0.34821429
vt 0.16458333 0.34821429
vt 0.16458333 0.34821429
vt 0.16458333 0.34821429
vt 0.16458333 0.34821429
vt 0.16458333 0.34821429
vt 0.16458333 0.34821429
vt 0.16458333 0.34821429
vt 0.16458333 0.34821429
vt 0.16458333 0.34821429
vt 0.16458333 0.34821429
vt 0.16458333 0.34821429
vt 0.16458333 0.34821429
vt 0.16458333 0.34821429
vt 0.16458333 0.34821429
vt 0.16458333 0.34821429
vt 0.16458333 0.34821429
vt 0.16458333 0.34821429
vt 0.16458333 0.34821429
vt 0.16458333 0.34821429
vt 0.16458333 0.34821429
vt 0.16458333 0.34821429
vt 0.16458333 0.34821429
vt 0.16458333 0.34821429
vt 0.16458333 0.34821429
vt 0.16458333 0.34821429
vt 0.16458333 0.34821429
vt 0.16458333 0.34821429
vt 0.16458333 0.34821429
vt 0.16458333 0.34821429
vt 0.16458333 0.34821429
vt 0.16458333 0.34821429
vt 0.16458333 0.34821429
vt 0.16458333 0.34821429
vt 0.16458333 0.34821429
vt 0.16458333 0.34821429
vt 0.16458333 0.34821429
vt 0.16458333 0.34821429
vt 0.16458333 0.34821429
vt 0.16458333 0.34821429
vt 0.16458333 0.34821429
vt 0.16458333 0.34821429
vt 0.16458333 0.34821429
vt 0.16458333 0.34821429
vt 0.16458333 0.34821429
vt 0.16458333 0.34821429
vt 0.16458333 0.34821429
vt 0.16458333 0.34821429
vt 0.16458333 0.34821429
vt 0.16458333 0.34821429
vt 0.16458333 0.34821429
vt 0.16458333 0.34821429
vt 0.16458333 0.34821429
vt 0.16458333 0.34821429
vt 0.16458333 0.34821429
vt 0.16458333 0.34821429
vt 0.16458333 0.34821429
vt 0.16458333 0.34821429
vt 0.16458333 0.34821429
vt 0.16458333 0.34821429
vt 0.16458333 0.34821429
vt 0.16458333 0.34821429
vt 0.16458333 0.34821429
vt 0.16458333 0.34821429
vt 0.16458333 0.34821429
vt 0.16458333 0.34821429
vt 0.16458333 0.34821429
vt 0.16458333 0.34821429
vt 0.16458333 0.34821429
vt 0.16458333 0.34821429
vt 0.16458333 0.34821429
vt 0.16458333 0.34821429
vt 0.16458333 0.34821429
vt 0.16458333 0.34821429
vt 0.16458333 0.34821429
vt 0.16458333 0.34821429
vt 0.16458333 0.34821429
vt 0.16458333 0.34821429
vt 0.16458333 0.34821429
vt 0.16458333 0.34821429
vt 0.16458333 0.34821429
vt 0.16458333 0.34821429
vt 0.16458333 0.34821429
vt 0.16458333 0.34821429
vt 0.16458333 0.34821429
vt 0.16458333 0.34821429
vt 0.16458333 0.34821429
vt 0.16458333 0.34821429
vt 0.16458333 0.34821429
vt 0.16458333 0.34821429
vt 0.16458333 0.34821429
vt 0.16458333 0.34821429
vt 0.16458333 0.34821429
vt 0.16458333 0.34821429
vt 0.16458333 0.34821429
vt 0.16458333 0.34821429
vt 0.16458333 0.34821429
vt 0.16458333 0.34821429
vt 0.16458333 0.34821429
vt 0.16458333 0.34821429
vt 0.16458333 0.34821429
vt 0.16458333 0.34821429
vt 0.16458333 0.34821429
vt 0.16458333 0.34821429
vt 0.16458333 0.34821429
vt 0.16458333 0.34821429
vt 0.16458333 0.34821429
vt 0.16458333 0.34821429
vt 0.16458333 0.34821429
vt 0.16458333 0.34821429
vt 0.16458333 0.34821429
vt 0.16458333 0.34821429
vt 0.16458333 0.34821429
vt 0.16458333 0.34821429
vt 0.16458333 0.34821429
vt 0.16458333 0.34821429
vt 0.16458333 0.34821429
vt 0.16458333 0.34821429
vt 0.16458333 0.34821429
vt 0.16458333 0.34821429
vt 0.16458333 0.34821429
vt 0.16458333 0.34821429
vt 0.16458333 0.34821429
vt 0.16458333 0.34821429
vt 0.16458333 0.34821429
vt 0.16458333 0.34821429
vt 0.16458333 0.34821429
vt 0.16458333 0.34821429
vt 0.16458333 0.34821429
vt 0.16458333 0.34821429
vt 0.16458333 0.34821429
vt 0.16458333 0.34821429
vt 0.16458333 0.34821429
vt 0.16458333 0.34821429
vt 0.16458333 0.34821429
vt 0.16458333 0.34821429
vt 0.16458333 0.34821429
vt 0.16458333 0.34821429
vt 0.16458333 0.34821429
vt 0.16458333 0.34821429
vt 0.16458333 0.34821429
vt 0.16458333 0.34821429
vt 0.16458333 0.34821429
vt 0.16458333 0.34821429
vt 0.16458333 0.34821429
vt 0.16458333 0.34821429
vt 0.16458333 0.34821429
vt 0.16458333 0.34821429
vt 0.16458333 0.34821429
vt 0.16458333 0.34821429
vt 0.16458333 0.34821429
vt 0.16458333 0.34821429
vt 0.16458333 0.34821429
vt 0.16458333 0.34821429
vt 0.16458333 0.34821429
vt 0.16458333 0.34821429
vt 0.16458333 0.34821429
vt 0.16458333 0.34821429
vt 0.16458333 0.34821429
vt 0.16458333 0.34821429
vt 0.16458333 0.34821429
vt 0.16458333 0.34821429
vt 0.16458333 0.34821429
vt 0.16458333 0.34821429
vt 0.16458333 0.34821429
vt 0.16458333 0.34821429
vt 0.16458333 0.34821429
vt 0.16458333 0.34821429
vt 0.16458333 0.34821429
vt 0.16458333 0.34821429
vt 0.16458333 0.34821429
vt 0.16458333 0.34821429
vt 0.16458333 0.34821429
vt 0.16458333 0.34821429
vt 0.16458333 0.34821429
vt 0.16458333 0.34821429
vt 0.16458333 0.34821429
vt 0.16458333 0.34821429
vt 0.16458333 0.34821429
vt 0.16458333 0.34821429
vt 0.16458333 0.34821429
vt 0.16458333 0.34821429
vt 0.16458333 0.34821429
vt 0.16458333 0.34821429
vt 0.16458333 0.34821429
vt 0.16458333 0.34821429
vt 0.16458333 0.34821429
vt 0.16458333 0.34821429
vt 0.16458333 0.34821429
vt 0.16458333 0.34821429
vt 0.16458333 0.34821429
vt 0.16458333 0.34821429
vt 0.16458333 0.34821429
vt 0.16458333 0.34821429
vt 0.16458333 0.34821429
vt 0.16458333 0.34821429
vt 0.16458333 0.34821429
vt 0.16458333 0.34821429
vt 0.16458333 0.34821429
vt 0.16458333 0.34821429
vt 0.16458333 0.34821429
vt 0.16458333 0.34821429
vt 0.16458333 0.34821429
vt 0.16458333 0.34821429
vt 0.16458333 0.34821429
vt 0.16458333 0.34821429
vt 0.16458333 0.34821429
vt 0.16458333 0.34821429
vt 0.16458333 0.34821429
vt 0.16458333 0.34821429
vt 0.16458333 0.34821429
vt 0.16458333 0.34821429
vt 0.16458333 0.34821429
vt 0.16458333 0.34821429
vt 0.16458333 0.34821429
vt 0.16458333 0.34821429
vt 0.16458333 0.34821429
vt 0.16458333 0.34821429
vt 0.16458333 0.34821429
vt 0.16458333 0.34821429
vt 0.16458333 0.34821429
vt 0.16458333 0.34821429
vt 0.16458333 0.34821429
vt 0.16458333 0.34821429
vt 0.16458333 0.34821429
vt 0.16458333 0.34821429
vt 0.16458333 0.34821429
vt 0.16458333 0.34821429
vt 0.16458333 0.34821429
vt 0.16458333 0.34821429
vt 0.16458333 0.34821429
vt 0.16458333 0.34821429
vt 0.16458333 0.34821429
vt 0.16458333 0.34821429
vt 0.16458333 0.34821429
vt 0.16458333 0.34821429
vt 0.16458333 0.34821429
vt 0.16458333 0.34821429
vt 0.16458333 0.34821429
vt 0.16458333 0.34821429
vt 0.16458333 0.34821429
vt 0.16458333 0.34821429
vt 0.16458333 0.34821429
vt 0.16458333 0.34821429
vt 0.16458333 0.34821429
vt 0.16458333 0.34821429
vt 0.16458333 0.34821429
vt 0.16458333 0.34821429
vt 0.16458333 0.34821429
vt 0.16458333 0.34821429
vt 0.16458333 0.34821429
vt 0.16458333 0.34821429
vt 0.16458333 0.34821429
vt 0.16458333 0.34821429
vt 0.16458333 0.34821429
vt 0.16458333 0.34821429
vt 0.16458333 0.34821429
vt 0.16458333 0.34821429
vt 0.16458333 0.34821429
vt 0.16458333 0.34821429
vt 0.16458333 0.34821429
vt 0.16458333 0.34821429
vt 0.16458333 0.34821429
vt 0.16458333 0.34821429
vt 0.16458333 0.34821429
vt 0.16458333 0.34821429
vt 0.16458333 0.34821429
vt 0.16458333 0.34821429
vt 0.16458333 0.34821429
vt 0.16458333 0.34821429
vt 0.16458333 0.34821429
vt 0.16458333 0.34821429
vt 0.16458333 0.34821429
vt 0.16458333 0.34821429
vt 0.16458333 0.34821429
vt 0.16458333 0.34821429
vt 0.16458333 0.34821429
vt 0.16458333 0.34821429
vt 0.16458333 0.34821429
vt 0.16458333 0.34821429
vt 0.16458333 0.34821429
vt 0.16458333 0.34821429
vt 0.16458333 0.34821429
vt 0.16458333 0.34821429
vt 0.16458333 0.34821429
vt 0.16458333 0.34821429
vt 0.16458333 0.34821429
vt 0.16458333 0.34821429
vt 0.16458333 0.34821429
vt 0.16458333 0.34821429
vt 0.16458333 0.34821429
vt 0.16458333 0.34821429
vt 0.16458333 0.34821429
vt 0.16458333 0.34821429
vt 0.16458333 0.34821429
vt 0.16458333 0.34821429
vt 0.16458333 0.34821429
vt 0.16458333 0.34821429
vt 0.16458333 0.34821429
vt 0.16458333 0.34821429
vt 0.16458333 0.34821429
vt 0.16458333 0.34821429
vt 0.16458333 0.34821429
vt 0.16458333 0.34821429
vt 0.16458333 0.34821429
vt 0.16458333 0.34821429
vt 0.16458333 0.34821429
vt 0.16458333 0.34821429
vt 0.16458333 0.34821429
vt 0.16458333 0.34821429
vt 0.16458333 0.34821429
vt 0.16458333 0.34821429
vt 0.16458333 0.34821429
vt 0.16458333 0.34821429
vt 0.16458333 0.34821429
vt 0.16458333 0.34821429
vt 0.16458333 0.34821429
vt 0.16458333 0.34821429
vt 0.16458333 0.34821429
vt 0.16458333 0.34821429
vt 0.16458333 0.34821429
vt 0.16458333 0.34821429
vt 0.16458333 0.34821429
vt 0.16458333 0.34821429
vt 0.16458333 0.34821429
vt 0.16458333 0.34821429
vt 0.16458333 0.34821429
vt 0.16458333 0.34821429
vt 0.16458333 0.34821429
vt 0.16458333 0.34821429
vt 0.16458333 0.34821429
vt 0.16458333 0.34821429
vt 0.16458333 0.34821429
vt 0.16458333 0.34821429
vt 0.16458333 0.34821429
vt 0.16458333 0.34821429
vt 0.16458333 0.34821429
vt 0.16458333 0.34821429
vt 0.16458333 0.34821429
vt 0.16458333 0.34821429
vt 0.16458333 0.34821429
vt 0.16458333 0.34821429
vt 0.16458333 0.34821429
vt 0.16458333 0.34821429
vt 0.16458333 0.34821429
vt 0.16458333 0.34821429
vt 0.16458333 0.34821429
vt 0.16458333 0.34821429
vt 0.16458333 0.34821429
vt 0.16458333 0.34821429
vt 0.16458333 0.34821429
vt 0.16458333 0.34821429
vt 0.16458333 0.34821429
vt 0.16458333 0.34821429
vt 0.16458333 0.34821429
vt 0.16458333 0.34821429
vt 0.16458333 0.34821429
vt 0.16458333 0.34821429
vt 0.16458333 0.34821429
vt 0.16458333 0.34821429
vt 0.16458333 0.34821429
vt 0.16458333 0.34821429
vt 0.16458333 0.34821429
vt 0.16458333 0.34821429
vt 0.16458333 0.34821429
vt 0.16458333 0.34821429
vt 0.16458333 0.34821429
vt 0.16458333 0.34821429
vt 0.16458333 0.34821429
vt 0.16458333 0.34821429
vt 0.16458333 0.34821429
vt 0.16458333 0.34821429
vt 0.16458333 0.34821429
vt 0.16458333 0.34821429
vt 0.16458333 0.34821429
vt 0.16458333 0.34821429
vt 0.16458333 0.34821429
vt 0.16458333 0.34821429
vt 0.16458333 0.34821429
vt 0.16458333 0.34821429
vt 0.16458333 0.34821429
vt 0.16458333 0.34821429
vt 0.16458333 0.34821429
vt 0.16458333 0.34821429
vt 0.16458333 0.34821429
vt 0.16458333 0.34821429
vt 0.16458333 0.34821429
vt 0.16458333 0.34821429
vt 0.16458333 0.34821429
vt 0.16458333 0.34821429
vt 0.16458333 0.34821429
vt 0.16458333 0.34821429
vt 0.16458333 0.34821429
vt 0.16458333 0.34821429
vt 0.16458333 0.34821429
vt 0.16458333 0.34821429
vt 0.16458333 0.34821429
vt 0.16458333 0.34821429
vt 0.16458333 0.34821429
vt 0.16458333 0.34821429
vt 0.16458333 0.34821429
vt 0.16458333 0.34821429
vt 0.16458333 0.34821429
vt 0.16458333 0.34821429
vt 0.16458333 0.34821429
vt 0.16458333 0.34821429
vt 0.16458333 0.34821429
vt 0.16458333 0.34821429
vt 0.16458333 0.34821429
vt 0.16458333 0.34821429
vt 0.16458333 0.34821429
vt 0.16458333 0.34821429
vt 0.16458333 0.34821429
vt 0.16458333 0.34821429
vt 0.16458333 0.34821429
vt 0.16458333 0.34821429
vt 0.16458333 0.34821429
vt 0.16458333 0.34821429
vt 0.16458333 0.34821429
vt 0.16458333 0.34821429
vt 0.16458333 0.34821429
vt 0.16458333 0.34821429
vt 0.16458333 0.34821429
vt 0.16458333 0.34821429
vt 0.16458333 0.34821429
vt 0.16458333 0.34821429
vt 0.16458333 0.34821429
vt 0.16458333 0.34821429
vt 0.16458333 0.34821429
vt 0.16458333 0.34821429
vt 0.16458333 0.34821429
vt 0.16458333 0.34821429
vt 0.16458333 0.34821429
vt 0.16458333 0.34821429
vt 0.16458333 0.34821429
vt 0.16458333 0.34821429
vt 0.16458333 0.34821429
vt 0.16458333 0.34821429
vt 0.16458333 0.34821429
vt 0.16458333 0.34821429
vt 0.16458333 0.34821429
vt 0.16458333 0.34821429
vt 0.16458333 0.34821429
vt 0.16458333 0.34821429
vt 0.16458333 0.34821429
vt 0.16458333 0.34821429
vt 0.16458333 0.34821429
vt 0.16458333 0.34821429
vt 0.16458333 0.34821429
vt 0.16458333 0.34821429
vt 0.16458333 0.34821429
vt 0.16458333 0.34821429
vt 0.16458333 0.34821429
vt 0.16458333 0.34821429
vt 0.16458333 0.34821429
vt 0.16458333 0.34821429
vt 0.16458333 0.34821429
vt 0.16458333 0.34821429
vt 0.16458333 0.34821429
vt 0.16458333 0.34821429
vt 0.16458333 0.34821429
vt 0.16458333 0.34821429
vt 0.16458333 0.34821429
vt 0.16458333 0.34821429
vt 0.16458333 0.34821429
vt 0.16458333 0.34821429
vt 0.16458333 0.34821429
vt 0.16458333 0.34821429
vt 0.16458333 0.34821429
vt 0.16458333 0.34821429
vt 0.16458333 0.34821429
vt 0.16458333 0.34821429
vt 0.16458333 0.34821429
vt 0.16458333 0.34821429
vt 0.16458333 0.34821429
vt 0.16458333 0.34821429
vt 0.16458333 0.34821429
vt 0.16458333 0.34821429
vt 0.16458333 0.34821429
vt 0.16458333 0.34821429
vt 0.16458333 0.34821429
vt 0.16458333 0.34821429
vt 0.16458333 0.34821429
vt 0.16458333 0.34821429
vt 0.16458333 0.34821429
vt 0.16458333 0.34821429
vt 0.16458333 0.34821429
vt 0.16458333 0.34821429
vt 0.16458333 0.34821429
vt 0.16458333 0.34821429
vt 0.16458333 0.34821429
vt 0.16458333 0.34821429
vt 0.16458333 0.34821429
vt 0.16458333 0.34821429
vt 0.16458333 0.34821429
vt 0.16458333 0.34821429
vt 0.16458333 0.34821429
vt 0.16458333 0.34821429
vt 0.16458333 0.34821429
vt 0.16458333 0.34821429
vt 0.16458333 0.34821429
vt 0.16458333 0.34821429
vt 0.16458333 0.34821429
vt 0.16458333 0.34821429
vt 0.16458333 0.34821429
vt 0.16458333 0.34821429
vt 0.16458333 0.34821429
vt 0.16458333 0.34821429
vt 0.16458333 0.34821429
vt 0.16458333 0.34821429
vt 0.16458333 0.34821429
vt 0.16458333 0.34821429
vt 0.16458333 0.34821429
vt 0.16458333 0.34821429
vt 0.16458333 0.34821429
vt 0.16458333 0.34821429
vt 0.16458333 0.34821429
vt 0.16458333 0.34821429
vt 0.16458333 0.34821429
vt 0.16458333 0.34821429
vt 0.16458333 0.34821429
vt 0.16458333 0.34821429
vt 0.16458333 0.34821429
vt 0.16458333 0.34821429
vt 0.16458333 0.34821429
vt 0.16458333 0.34821429
vt 0.16458333 0.34821429
vt 0.16458333 0.34821429
vt 0.16458333 0.34821429
vt 0.16458333 0.34821429
vt 0.16458333 0.34821429
vt 0.16458333 0.34821429
vt 0.16458333 0.34821429
vt 0.16458333 0.34821429
vt 0.16458333 0.34821429
vt 0.16458333 0.34821429
vt 0.16458333 0.34821429
vt 0.16458333 0.34821429
vt 0.16458333 0.34821429
vt 0.16458333 0.34821429
vt 0.16458333 0.34821429
vt 0.16458333 0.34821429
vt 0.16458333 0.34821429
vt 0.16458333 0.34821429
vt 0.16458333 0.34821429
vt 0.16458333 0.34821429
vt 0.16458333 0.34821429
vt 0.16458333 0.34821429
vt 0.16458333 0.34821429
vt 0.16458333 0.34821429
vt 0.16458333 0.34821429
vt 0.16458333 0.34821429
vt 0.16458333 0.34821429
vt 0.16458333 0.34821429
vt 0.16458333 0.34821429
vt 0.16458333 0.34821429
vt 0.16458333 0.34821429
vt 0.16458333 0.34821429
vt 0.16458333 0.34821429
vt 0.16458333 0.34821429
vt 0.16458333 0.34821429
vt 0.16458333 0.34821429
vt 0.16458333 0.34821429
vt 0.16458333 0.34821429
vt 0.16458333 0.34821429
vt 0.16458333 0.34821429
vt 0.16458333 0.34821429
vt 0.16458333 0.34821429
vt 0.16458333 0.34821429
vt 0.16458333 0.34821429
vt 0.16458333 0.34821429
vt 0.16458333 0.34821429
vt 0.16458333 0.34821429
vt 0.16458333 0.34821429
vt 0.16458333 0.34821429
vt 0.16458333 0.34821429
vt 0.16458333 0.34821429
vt 0.16458333 0.34821429
vt 0.16458333 0.34821429
vt 0.16458333 0.34821429
vt 0.16458333 0.34821429
vt 0.16458333 0.34821429
vt 0.16458333 0.34821429
vt 0.16458333 0.34821429
vt 0.16458333 0.34821429
vt 0.16458333 0.34821429
vt 0.16458333 0.34821429
vt 0.16458333 0.34821429
vt 0.16458333 0.34821429
vt 0.16458333 0.34821429
vt 0.16458333 0.34821429
vt 0.16458333 0.34821429
vt 0.16458333 0.34821429
vt 0.16458333 0.34821429
vt 0.16458333 0.34821429
vt 0.16458333 0.34821429
vt 0.16458333 0.34821429
vt 0.16458333 0.34821429
vt 0.16458333 0.34821429
vt 0.16458333 0.34821429
vt 0.16458333 0.34821429
vt 0.16458333 0.34821429
vt 0.16458333 0.34821429
vt 0.16458333 0.34821429
vt 0.16458333 0.34821429
vt 0.16458333 0.34821429
vt 0.16458333 0.34821429
vt 0.16458333 0.34821429
vt 0.16458333 0.34821429
vt 0.16458333 0.34821429
vt 0.16458333 0.34821429
vt 0.16458333 0.34821429
vt 0.16458333 0.34821429
vt 0.16458333 0.34821429
vt 0.16458333 0.34821429
vt 0.16458333 0.34821429
vt 0.16458333 0.34821429
vt 0.16458333 0.34821429
vt 0.16458333 0.34821429
vt 0.16458333 0.34821429
vt 0.16458333 0.34821429
vt 0.16458333 0.34821429
vt 0.16458333 0.34821429
vt 0.16458333 0.34821429
vt 0.16458333 0.34821429
vt 0.16458333 0.34821429
vt 0.16458333 0.34821429
vt 0.16458333 0.34821429
vt 0.16458333 0.34821429
vt 0.16458333 0.34821429
vt 0.16458333 0.34821429
vt 0.16458333 0.34821429
vt 0.16458333 0.34821429
vt 0.16458333 0.34821429
vt 0.16458333 0.34821429
vt 0.16458333 0.34821429
vt 0.16458333 0.34821429
vt 0.16458333 0.34821429
vt 0.16458333 0.34821429
vt 0.16458333 0.34821429
vt 0.16458333 0.34821429
vt 0.16458333 0.34821429
vt 0.16458333 0.34821429
vt 0.16458333 0.34821429
vt 0.16458333 0.34821429
vt 0.16458333 0.34821429
vt 0.16458333 0.34821429
vt 0.16458333 0.34821429
vt 0.16458333 0.34821429
vt 0.16458333 0.34821429
vt 0.16458333 0.34821429
vt 0.16458333 0.34821429
vt 0.16458333 0.34821429
vt 0.16458333 0.34821429
vt 0.16458333 0.34821429
vt 0.16458333 0.34821429
vt 0.16458333 0.34821429
vt 0.16458333 0.34821429
vt 0.16458333 0.34821429
vt 0.16458333 0.34821429
vt 0.16458333 0.34821429
vt 0.16458333 0.34821429
vt 0.16458333 0.34821429
vt 0.16458333 0.34821429
vt 0.16458333 0.34821429
vt 0.16458333 0.34821429
vt 0.16458333 0.34821429
vt 0.16458333 0.34821429
vt 0.16458333 0.34821429
vt 0.16458333 0.34821429
vt 0.16458333 0.34821429
vt 0.16458333 0.34821429
vt 0.16458333 0.34821429
vt 0.16458333 0.34821429
vt 0.16458333 0.34821429
vt 0.16458333 0.34821429
vt 0.16458333 0.34821429
vt 0.16458333 0.34821429
vt 0.16458333 0.34821429
vt 0.16458333 0.34821429
vt 0.16458333 0.34821429
vt 0.16458333 0.34821429
vt 0.16458333 0.34821429
vt 0.16458333 0.34821429
vt 0.16458333 0.34821429
vt 0.16458333 0.34821429
vt 0.16458333 0.34821429
vt 0.16458333 0.34821429
vt 0.16458333 0.34821429
vt 0.16458333 0.34821429
vt 0.16458333 0.34821429
vt 0.16458333 0.34821429
vt 0.16458333 0.34821429
vt 0.16458333 0.34821429
vt 0.16458333 0.34821429
vt 0.16458333 0.34821429
vt 0.16458333 0.34821429
vt 0.16458333 0.34821429
vt 0.16458333 0.34821429
vt 0.16458333 0.34821429
vt 0.16458333 0.34821429
vt 0.16458333 0.34821429
vt 0.16458333 0.34821429
vt 0.16458333 0.34821429
vt 0.16458333 0.34821429
vt 0.16458333 0.34821429
vt 0.16458333 0.34821429
vt 0.16458333 0.34821429
vt 0.16458333 0.34821429
vt 0.16458333 0.34821429
vt 0.16458333 0.34821429
vt 0.16458333 0.34821429
vt 0.16458333 0.34821429
vt 0.16458333 0.34821429
vt 0.16458333 0.34821429
vt 0.16458333 0.34821429
vt 0.16458333 0.34821429
vt 0.16458333 0.34821429
vt 0.16458333 0.34821429
vt 0.16458333 0.34821429
vt 0.16458333 0.34821429
vt 0.16458333 0.34821429
vt 0.16458333 0.34821429
vt 0.16458333 0.34821429
vt 0.16458333 0.34821429
vt 0.16458333 0.34821429
vt 0.16458333 0.34821429
vt 0.16458333 0.34821429
vt 0.16458333 0.34821429
vt 0.16458333 0.34821429
vt 0.16458333 0.34821429
vt 0.16458333 0.34821429
vt 0.16458333 0.34821429
vt 0.16458333 0.34821429
vt 0.16458333 0.34821429
vt 0.16458333 0.34821429
vt 0.16458333 0.34821429
vt 0.16458333 0.34821429
vt 0.16458333 0.34821429
vt 0.16458333 0.34821429
vt 0.16458333 0.34821429
vt 0.16458333 0.34821429
vt 0.16458333 0.34821429
vt 0.16458333 0.34821429
vt 0.16458333 0.34821429
vt 0.16458333 0.34821429
vt 0.16458333 0.34821429
vt 0.16458333 0.34821429
vt 0.16458333 0.34821429
vt 0.16458333 0.34821429
vt 0.16458333 0.34821429
vt 0.16458333 0.34821429
vt 0.16458333 0.34821429
vt 0.16458333 0.34821429
vt 0.16458333 0.34821429
vt 0.16458333 0.34821429
vt 0.16458333 0.34821429
vt 0.16458333 0.34821429
vt 0.16458333 0.34821429
vt 0.16458333 0.34821429
vt 0.16458333 0.34821429
vt 0.16458333 0.34821429
vt 0.16458333 0.34821429
vt 0.16458333 0.34821429
vt 0.16458333 0.34821429
vt 0.16458333 0.34821429
vt 0.16458333 0.34821429
vt 0.16458333 0.34821429
vt 0.16458333 0.34821429
vt 0.16458333 0.34821429
vt 0.16458333 0.34821429
vt 0.16458333 0.34821429
vt 0.16458333 0.34821429
vt 0.16458333 0.34821429
vt 0.16458333 0.34821429
vt 0.16458333 0.34821429
vt 0.16458333 0.34821429
vt 0.16458333 0.34821429
vt 0.16458333 0.34821429
vt 0.16458333 0.34821429
vt 0.16458333 0.34821429
vt 0.16458333 0.34821429
vt 0.16458333 0.34821429
vt 0.16458333 0.34821429
vt 0.16458333 0.34821429
vt 0.16458333 0.34821429
vt 0.16458333 0.34821429
vt 0.16458333 0.34821429
vt 0.16458333 0.34821429
vt 0.16458333 0.34821429
vt 0.16458333 0.34821429
vt 0.16458333 0.34821429
vt 0.16458333 0.34821429
vt 0.16458333 0.34821429
vt 0.16458333 0.34821429
vt 0.16458333 0.34821429
vt 0.16458333 0.34821429
vt 0.16458333 0.34821429
vt 0.16458333 0.34821429
vt 0.16458333 0.34821429
vt 0.16458333 0.34821429
vt 0.16458333 0.34821429
vt 0.16458333 0.34821429
vt 0.16458333 0.34821429
vt 0.16458333 0.34821429
vt 0.16458333 0.34821429
vt 0.16458333 0.34821429
vt 0.16458333 0.34821429
vt 0.16458333 0.34821429
vt 0.16458333 0.34821429
vt 0.16458333 0.34821429
vt 0.16458333 0.34821429
vt 0.16458333 0.34821429
vt 0.16458333 0.34821429
vt 0.16458333 0.34821429
vt 0.16458333 0.34821429
vt 0.16458333 0.34821429
vt 0.16458333 0.34821429
vt 0.16458333 0.34821429
vt 0.16458333 0.34821429
vt 0.16458333 0.34821429
vt 0.16458333 0.34821429
vt 0.16458333 0.34821429
vt 0.16458333 0.34821429
vt 0.16458333 0.34821429
vt 0.16458333 0.34821429
vt 0.16458333 0.34821429
vt 0.16458333 0.34821429
vt 0.16458333 0.34821429
vt 0.16458333 0.34821429
vt 0.16458333 0.34821429
vt 0.16458333 0.34821429
vt 0.16458333 0.34821429
vt 0.16458333 0.34821429
vt 0.16458333 0.34821429
vt 0.16458333 0.34821429
vt 0.16458333 0.34821429
vt 0.16458333 0.34821429
vt 0.16458333 0.34821429
vt 0.16458333 0.34821429
vt 0.16458333 0.34821429
vt 0.16458333 0.34821429
vt 0.16458333 0.34821429
vt 0.16458333 0.34821429
vt 0.16458333 0.34821429
vt 0.16458333 0.34821429
vt 0.16458333 0.34821429
vt 0.16458333 0.34821429
vt 0.16458333 0.34821429
vt 0.16458333 0.34821429
vt 0.16458333 0.34821429
vt 0.16458333 0.34821429
vt 0.16458333 0.34821429
vt 0.16458333 0.34821429
vt 0.16458333 0.34821429
vt 0.16458333 0.34821429
vt 0.16458333 0.34821429
vt 0.16458333 0.34821429
vt 0.16458333 0.34821429
vt 0.16458333 0.34821429
vt 0.16458333 0.34821429
vt 0.16458333 0.34821429
vt 0.16458333 0.34821429
vt 0.16458333 0.34821429
vt 0.16458333 0.34821429
vt 0.16458333 0.34821429
vt 0.16458333 0.34821429
vt 0.16458333 0.34821429
vt 0.16458333 0.34821429
vt 0.16458333 0.34821429
vt 0.16458333 0.34821429
vt 0.16458333 0.34821429
vt 0.16458333 0.34821429
vt 0.16458333 0.34821429
vt 0.16458333 0.34821429
vt 0.16458333 0.34821429
vt 0.16458333 0.34821429
vt 0.16458333 0.34821429
vt 0.16458333 0.34821429
vt 0.16458333 0.34821429
vt 0.16458333 0.34821429
vt 0.16458333 0.34821429
vt 0.16458333 0.34821429
vt 0.16458333 0.34821429
vt 0.16458333 0.34821429
vt 0.16458333 0.34821429
vt 0.16458333 0.34821429
vt 0.16458333 0.34821429
vt 0.16458333 0.34821429
vt 0.16458333 0.34821429
vt 0.16458333 0.34821429
vt 0.16458333 0.34821429
vt 0.16458333 0.34821429
vt 0.16458333 0.34821429
vt 0.16458333 0.34821429
vt 0.16458333 0.34821429
vt 0.16458333 0.34821429
vt 0.16458333 0.34821429
vt 0.16458333 0.34821429
vt 0.16458333 0.34821429
vt 0.16458333 0.34821429
vt 0.16458333 0.34821429
vt 0.16458333 0.34821429
vt 0.16458333 0.34821429
vt 0.16458333 0.34821429
vt 0.16458333 0.34821429
vt 0.16458333 0.34821429
vt 0.16458333 0.34821429
vt 0.16458333 0.34821429
vt 0.16458333 0.34821429
vt 0.16458333 0.34821429
vt 0.16458333 0.34821429
vt 0.16458333 0.34821429
vt 0.16458333 0.34821429
vt 0.16458333 0.34821429
vt 0.16458333 0.34821429
vt 0.16458333 0.34821429
vt 0.16458333 0.34821429
vt 0.16458333 0.34821429
vt 0.16458333 0.34821429
vt 0.16458333 0.34821429
vt 0.16458333 0.34821429
vt 0.16458333 0.34821429
vt 0.16458333 0.34821429
vt 0.16458333 0.34821429
vt 0.16458333 0.34821429
vt 0.16458333 0.34821429
vt 0.16458333 0.34821429
vt 0.16458333 0.34821429
vt 0.16458333 0.34821429
vt 0.16458333 0.34821429
vt 0.16458333 0.34821429
vt 0.16458333 0.34821429
vt 0.16458333 0.34821429
vt 0.16458333 0.34821429
vt 0.16458333 0.34821429
vt 0.16458333 0.34821429
vt 0.16458333 0.34821429
vt 0.16458333 0.34821429
vt 0.16458333 0.34821429
vt 0.16458333 0.34821429
vt 0.16458333 0.34821429
vt 0.16458333 0.34821429
vt 0.16458333 0.34821429
vt 0.16458333 0.34821429
vt 0.16458333 0.34821429
vt 0.16458333 0.34821429
vt 0.16458333 0.34821429
vt 0.16458333 0.34821429
vt 0.16458333 0.34821429
vt 0.16458333 0.34821429
vt 0.16458333 0.34821429
vt 0.16458333 0.34821429
vt 0.16458333 0.34821429
vt 0.16458333 0.34821429
vt 0.16458333 0.34821429
vt 0.16458333 0.34821429
vt 0.16458333 0.34821429
vt 0.16458333 0.34821429
vt 0.16458333 0.34821429
vt 0.16458333 0.34821429
vt 0.16458333 0.34821429
vt 0.16458333 0.34821429
vt 0.16458333 0.34821429
vt 0.16458333 0.34821429
vt 0.16458333 0.34821429
vt 0.16458333 0.34821429
vt 0.16458333 0.34821429
vt 0.16458333 0.34821429
vt 0.16458333 0.34821429
vt 0.16458333 0.34821429
vt 0.16458333 0.34821429
vt 0.16458333 0.34821429
vt 0.16458333 0.34821429
vt 0.16458333 0.34821429
vt 0.16458333 0.34821429
vt 0.16458333 0.34821429
vt 0.16458333 0.34821429
vt 0.16458333 0.34821429
vt 0.16458333 0.34821429
vt 0.16458333 0.34821429
vt 0.16458333 0.34821429
vt 0.16458333 0.34821429
vt 0.16458333 0.34821429
vt 0.16458333 0.34821429
vt 0.16458333 0.34821429
vt 0.16458333 0.34821429
vt 0.16458333 0.34821429
vt 0.16458333 0.34821429
vt 0.16458333 0.34821429
vt 0.16458333 0.34821429
vt 0.16458333 0.34821429
vt 0.16458333 0.34821429
vt 0.16458333 0.34821429
vt 0.16458333 0.34821429
vt 0.16458333 0.34821429
vt 0.16458333 0.34821429
vt 0.16458333 0.34821429
vt 0.16458333 0.34821429
vt 0.16458333 0.34821429
vt 0.16458333 0.34821429
vt 0.16458333 0.34821429
vt 0.16458333 0.34821429
vt 0.16458333 0.34821429
vt 0.16458333 0.34821429
vt 0.16458333 0.34821429
vt 0.16458333 0.34821429
vt 0.16458333 0.34821429
vt 0.16458333 0.34821429
vt 0.16458333 0.34821429
vt 0.16458333 0.34821429
vt 0.16458333 0.34821429
vt 0.16458333 0.34821429
vt 0.16458333 0.34821429
vt 0.16458333 0.34821429
vt 0.16458333 0.34821429
vt 0.16458333 0.34821429
vt 0.16458333 0.34821429
vt 0.16458333 0.34821429
vt 0.16458333 0.34821429
vt 0.16458333 0.34821429
vt 0.16458333 0.34821429
vt 0.16458333 0.34821429
vt 0.16458333 0.34821429
vt 0.16458333 0.34821429
vt 0.16458333 0.34821429
vt 0.16458333 0.34821429
vt 0.16458333 0.34821429
vt 0.16458333 0.34821429
vt 0.16458333 0.34821429
vt 0.16458333 0.34821429
vt 0.16458333 0.34821429
vt 0.16458333 0.34821429
vt 0.16458333 0.34821429
vt 0.16458333 0.34821429
vt 0.16458333 0.34821429
vt 0.16458333 0.34821429
vt 0.16458333 0.34821429
vt 0.16458333 0.34821429
vt 0.16458333 0.34821429
vt 0.16458333 0.34821429
vt 0.16458333 0.34821429
vt 0.16458333 0.34821429
vt 0.16458333 0.34821429
vt 0.16458333 0.34821429
vt 0.16458333 0.34821429
vt 0.16458333 0.34821429
vt 0.16458333 0.34821429
vt 0.16458333 0.34821429
vt 0.16458333 0.34821429
vt 0.16458333 0.34821429
vt 0.16458333 0.34821429
vt 0.16458333 0.34821429
vt 0.16458333 0.34821429
vt 0.16458333 0.34821429
vt 0.16458333 0.34821429
vt 0.16458333 0.34821429
vt 0.16458333 0.34821429
vt 0.16458333 0.34821429
vt 0.16458333 0.34821429
vt 0.16458333 0.34821429
vt 0.16458333 0.34821429
vt 0.16458333 0.34821429
vt 0.16458333 0.34821429
vt 0.16458333 0.34821429
vt 0.16458333 0.34821429
vt 0.16458333 0.34821429
vt 0.16458333 0.34821429
vt 0.16458333 0.34821429
vt 0.16458333 0.34821429
vt 0.16458333 0.34821429
vt 0.16458333 0.34821429
vt 0.16458333 0.34821429
vt 0.16458333 0.34821429
vt 0.16458333 0.34821429
vt 0.16458333 0.34821429
vt 0.16458333 0.34821429
vt 0.16458333 0.34821429
vt 0.16458333 0.34821429
vt 0.16458333 0.34821429
vt 0.16458333 0.34821429
vt 0.16458333 0.34821429
vt 0.16458333 0.34821429
vt 0.16458333 0.34821429
vt 0.16458333 0.34821429
vt 0.16458333 0.34821429
vt 0.16458333 0.34821429
vt 0.16458333 0.34821429
vt 0.16458333 0.34821429
vt 0.16458333 0.34821429
vt 0.16458333 0.34821429
vt 0.16458333 0.34821429
vt 0.16458333 0.34821429
vt 0.16458333 0.34821429
vt 0.16458333 0.34821429
vt 0.16458333 0.34821429
vt 0.16458333 0.34821429
vt 0.16458333 0.34821429
vt 0.16458333 0.34821429
vt 0.16458333 0.34821429
vt 0.16458333 0.34821429
vt 0.16458333 0.34821429
vt 0.16458333 0.34821429
vt 0.16458333 0.34821429
vt 0.16458333 0.34821429
vt 0.16458333 0.34821429
vt 0.16458333 0.34821429
vt 0.16458333 0.34821429
vt 0.16458333 0.34821429
vt 0.16458333 0.34821429
vt 0.16458333 0.34821429
vt 0.16458333 0.34821429
vt 0.16458333 0.34821429
vt 0.16458333 0.34821429
vt 0.16458333 0.34821429
vt 0.16458333 0.34821429
vt 0.16458333 0.34821429
vt 0.16458333 0.34821429
vt 0.16458333 0.34821429
vt 0.16458333 0.34821429
vt 0.16458333 0.34821429
vt 0.16458333 0.34821429
vt 0.16458333 0.34821429
vt 0.16458333 0.34821429
vt 0.16458333 0.34821429
vt 0.16458333 0.34821429
vt 0.16458333 0.34821429
vt 0.16458333 0.34821429
vt 0.16458333 0.34821429
vt 0.16458333 0.34821429
vt 0.16458333 0.34821429
vt 0.16458333 0.34821429
vt 0.16458333 0.34821429
vt 0.16458333 0.34821429
vt 0.16458333 0.34821429
vt 0.16458333 0.34821429
vt 0.16458333 0.34821429
vt 0.16458333 0.34821429
vt 0.16458333 0.34821429
vt 0.16458333 0.34821429
vt 0.16458333 0.34821429
vt 0.16458333 0.34821429
vt 0.16458333 0.34821429
vt 0.16458333 0.34821429
vt 0.16458333 0.34821429
vt 0.16458333 0.34821429
vt 0.16458333 0.34821429
vt 0.16458333 0.34821429
vt 0.16458333 0.34821429
vt 0.16458333 0.34821429
vt 0.16458333 0.34821429
vt 0.16458333 0.34821429
vt 0.16458333 0.34821429
vt 0.16458333 0.34821429
vt 0.16458333 0.34821429
vt 0.16458333 0.34821429
vt 0.16458333 0.34821429
vt 0.16458333 0.34821429
vt 0.16458333 0.34821429
vt 0.16458333 0.34821429
vt 0.16458333 0.34821429
vt 0.16458333 0.34821429
vt 0.16458333 0.34821429
vt 0.16458333 0.34821429
vt 0.16458333 0.34821429
vt 0.16458333 0.34821429
vt 0.16458333 0.34821429
vt 0.16458333 0.34821429
vt 0.16458333 0.34821429
vt 0.16458333 0.34821429
vt 0.16458333 0.34821429
vt 0.16458333 0.34821429
vt 0.16458333 0.34821429
vt 0.16458333 0.34821429
vt 0.16458333 0.34821429
vt 0.16458333 0.34821429
vt 0.16458333 0.34821429
vt 0.16458333 0.34821429
vt 0.16458333 0.34821429
vt 0.16458333 0.34821429
vt 0.16458333 0.34821429
vt 0.16458333 0.34821429
vt 0.16458333 0.34821429
vt 0.16458333 0.34821429
vt 0.16458333 0.34821429
vt 0.16458333 0.34821429
vt 0.16458333 0.34821429
vt 0.16458333 0.34821429
vt 0.16458333 0.34821429
vt 0.16458333 0.34821429
vt 0.16458333 0.34821429
vt 0.16458333 0.34821429
vt 0.16458333 0.34821429
vt 0.16458333 0.34821429
vt 0.16458333 0.34821429
vt 0.16458333 0.34821429
vt 0.16458333 0.34821429
vt 0.16458333 0.34821429
vt 0.16458333 0.34821429
vt 0.16458333 0.34821429
vt 0.16458333 0.34821429
vt 0.16458333 0.34821429
vt 0.16458333 0.34821429
vt 0.16458333 0.34821429
vt 0.16458333 0.34821429
vt 0.16458333 0.34821429
vt 0.16458333 0.34821429
vt 0.16458333 0.34821429
vt 0.16458333 0.34821429
vt 0.16458333 0.34821429
vt 0.16458333 0.34821429
vt 0.16458333 0.34821429
vt 0.16458333 0.34821429
vt 0.16458333 0.34821429
vt 0.16458333 0.34821429
vt 0.16458333 0.34821429
vt 0.16458333 0.34821429
vt 0.16458333 0.34821429
vt 0.16458333 0.34821429
vt 0.16458333 0.34821429
vt 0.16458333 0.34821429
vt 0.16458333 0.34821429
vt 0.16458333 0.34821429
vt 0.16458333 0.34821429
vt 0.16458333 0.34821429
vt 0.16458333 0.34821429
vt 0.16458333 0.34821429
vt 0.16458333 0.34821429
vt 0.16458333 0.34821429
vt 0.16458333 0.34821429
vt 0.16458333 0.34821429
vt 0.16458333 0.34821429
vt 0.16458333 0.34821429
vt 0.16458333 0.34821429
vt 0.16458333 0.34821429
vt 0.16458333 0.34821429
vt 0.16458333 0.34821429
vt 0.16458333 0.34821429
vt 0.16458333 0.34821429
vt 0.16458333 0.34821429
vt 0.16458333 0.34821429
vt 0.16458333 0.34821429
vt 0.16458333 0.34821429
vt 0.16458333 0.34821429
vt 0.16458333 0.34821429
vt 0.16458333 0.34821429
vt 0.16458333 0.34821429
vt 0.16458333 0.34821429
vt 0.16458333 0.34821429
vt 0.16458333 0.34821429
vt 0.16458333 0.34821429
vt 0.16458333 0.34821429
vt 0.16458333 0.34821429
vt 0.16458333 0.34821429
vt 0.16458333 0.34821429
vt 0.16458333 0.34821429
vt 0.16458333 0.34821429
vt 0.16458333 0.34821429
vt 0.16458333 0.34821429
vt 0.16458333 0.34821429
vt 0.16458333 0.34821429
vt 0.16458333 0.34821429
vt 0.16458333 0.34821429
vt 0.16458333 0.34821429
vt 0.16458333 0.34821429
vt 0.16458333 0.34821429
vt 0.16458333 0.34821429
vt 0.16458333 0.34821429
vt 0.16458333 0.34821429
vt 0.16458333 0.34821429
vt 0.16458333 0.34821429
vt 0.16458333 0.34821429
vt 0.16458333 0.34821429
vt 0.16458333 0.34821429
vt 0.16458333 0.34821429
vt 0.16458333 0.34821429
vt 0.16458333 0.34821429
vt 0.16458333 0.34821429
vt 0.16458333 0.34821429
vt 0.16458333 0.34821429
vt 0.16458333 0.34821429
vt 0.16458333 0.34821429
vt 0.16458333 0.34821429
vt 0.16458333 0.34821429
vt 0.16458333 0.34821429
vt 0.16458333 0.34821429
vt 0.16458333 0.34821429
vt 0.16458333 0.34821429
vt 0.16458333 0.34821429
vt 0.16458333 0.34821429
vt 0.16458333 0.34821429
vt 0.16458333 0.34821429
vt 0.16458333 0.34821429
vt 0.16458333 0.34821429
vt 0.16458333 0.34821429
vt 0.16458333 0.34821429
vt 0.16458333 0.34821429
vt 0.16458333 0.34821429
vt 0.16458333 0.34821429
vt 0.16458333 0.34821429
vt 0.16458333 0.34821429
vt 0.16458333 0.34821429
vt 0.16458333 0.34821429
vt 0.16458333 0.34821429
vt 0.16458333 0.34821429
vt 0.16458333 0.34821429
vt 0.16458333 0.34821429
vt 0.16458333 0.34821429
vt 0.16458333 0.34821429
vt 0.16458333 0.34821429
vt 0.16458333 0.34821429
vt 0.16458333 0.34821429
vt 0.16458333 0.34821429
vt 0.16458333 0.34821429
vt 0.16458333 0.34821429
vt 0.16458333 0.34821429
vt 0.16458333 0.34821429
vt 0.16458333 0.34821429
vt 0.16458333 0.34821429
vt 0.16458333 0.34821429
vt 0.16458333 0.34821429
vt 0.16458333 0.34821429
vt 0.16458333 0.34821429
vt 0.16458333 0.34821429
vt 0.16458333 0.34821429
vt 0.16458333 0.34821429
vt 0.16458333 0.34821429
vt 0.16458333 0.34821429
vt 0.16458333 0.34821429
vt 0.16458333 0.34821429
vt 0.16458333 0.34821429
vt 0.16458333 0.34821429
vt 0.16458333 0.34821429
vt 0.16458333 0.34821429
vt 0.16458333 0.34821429
vt 0.16458333 0.34821429
vt 0.16458333 0.34821429
vt 0.16458333 0.34821429
vt 0.16458333 0.34821429
vt 0.16458333 0.34821429
vt 0.16458333 0.34821429
vt 0.16458333 0.34821429
vt 0.16458333 0.34821429
vt 0.16458333 0.34821429
vt 0.16458333 0.34821429
vt 0.16458333 0.34821429
vt 0.16458333 0.34821429
vt 0.16458333 0.34821429
vt 0.16458333 0.34821429
vt 0.16458333 0.34821429
vt 0.16458333 0.34821429
vt 0.16458333 0.34821429
vt 0.16458333 0.34821429
vt 0.16458333 0.34821429
vt 0.16458333 0.34821429
vt 0.16458333 0.34821429
vt 0.16458333 0.34821429
vt 0.16458333 0.34821429
vt 0.16458333 0.34821429
vt 0.16458333 0.34821429
vt 0.16458333 0.34821429
vt 0.16458333 0.34821429
vt 0.16458333 0.34821429
vt 0.16458333 0.34821429
vt 0.16458333 0.34821429
vt 0.16458333 0.34821429
vt 0.16458333 0.34821429
vt 0.16458333 0.34821429
vt 0.16458333 0.34821429
vt 0.16458333 0.34821429
vt 0.16458333 0.34821429
vt 0.16458333 0.34821429
vt 0.16458333 0.34821429
vt 0.16458333 0.34821429
vt 0.16458333 0.34821429
vt 0.16458333 0.34821429
vt 0.16458333 0.34821429
vt 0.16458333 0.34821429
vt 0.16458333 0.34821429
vt 0.16458333 0.34821429
vt 0.16458333 0.34821429
vt 0.16458333 0.34821429
vt 0.16458333 0.34821429
vt 0.16458333 0.34821429
vt 0.16458333 0.34821429
vt 0.16458333 0.34821429
vt 0.16458333 0.34821429
vt 0.16458333 0.34821429
vt 0.16458333 0.34821429
vt 0.16458333 0.34821429
vt 0.16458333 0.34821429
vt 0.16458333 0.34821429
vt 0.16458333 0.34821429
vt 0.16458333 0.34821429
vt 0.16458333 0.34821429
vt 0.16458333 0.34821429
vt 0.16458333 0.34821429
vt 0.16458333 0.34821429
vt 0.16458333 0.34821429
vt 0.16458333 0.34821429
vt 0.16458333 0.34821429
vt 0.16458333 0.34821429
vt 0.16458333 0.34821429
vt 0.16458333 0.34821429
vt 0.16458333 0.34821429
vt 0.16458333 0.34821429
vt 0.16458333 0.34821429
vt 0.16458333 0.34821429
vt 0.16458333 0.34821429
vt 0.16458333 0.34821429
vt 0.16458333 0.34821429
vt 0.16458333 0.34821429
vt 0.16458333 0.34821429
vt 0.16458333 0.34821429
vt 0.16458333 0.34821429
vt 0.16458333 0.34821429
vt 0.16458333 0.34821429
vt 0.16458333 0.34821429
vt 0.16458333 0.34821429
vt 0.16458333 0.34821429
vt 0.16458333 0.34821429
vt 0.16458333 0.34821429
vt 0.16458333 0.34821429
vt 0.16458333 0.34821429
vt 0.16458333 0.34821429
vt 0.16458333 0.34821429
vt 0.16458333 0.34821429
vt 0.16458333 0.34821429
vt 0.16458333 0.34821429
vt 0.16458333 0.34821429
vt 0.16458333 0.34821429
vt 0.16458333 0.34821429
vt 0.16458333 0.34821429
vt 0.16458333 0.34821429
vt 0.16458333 0.34821429
vt 0.16458333 0.34821429
vt 0.16458333 0.34821429
vt 0.16458333 0.34821429
vt 0.16458333 0.34821429
vt 0.16458333 0.34821429
vt 0.16458333 0.34821429
vt 0.16458333 0.34821429
vt 0.16458333 0.34821429
vt 0.16458333 0.34821429
vt 0.16458333 0.34821429
vt 0.16458333 0.34821429
vt 0.16458333 0.34821429
vt 0.16458333 0.34821429
vt 0.16458333 0.34821429
vt 0.16458333 0.34821429
vt 0.16458333 0.34821429
vt 0.16458333 0.34821429
vt 0.16458333 0.34821429
vt 0.16458333 0.34821429
vt 0.16458333 0.34821429
vt 0.16458333 0.34821429
vt 0.16458333 0.34821429
vt 0.16458333 0.34821429
vt 0.16458333 0.34821429
vt 0.16458333 0.34821429
vt 0.16458333 0.34821429
vt 0.16458333 0.34821429
vt 0.16458333 0.34821429
vt 0.16458333 0.34821429
vt 0.16458333 0.34821429
vt 0.16458333 0.34821429
vt 0.16458333 0.34821429
vt 0.16458333 0.34821429
vt 0.16458333 0.34821429
vt 0.16458333 0.34821429
vt 0.16458333 0.34821429
vt 0.16458333 0.34821429
vt 0.16458333 0.34821429
vt 0.16458333 0.34821429
vt 0.16458333 0.34821429
vt 0.16458333 0.34821429
vt 0.16458333 0.34821429
vt 0.16458333 0.34821429
vt 0.16458333 0.34821429
vt 0.16458333 0.34821429
vt 0.16458333 0.34821429
vt 0.16458333 0.34821429
vt 0.16458333 0.34821429
vt 0.16458333 0.34821429
vt 0.16458333 0.34821429
vt 0.16458333 0.34821429
vt 0.16458333 0.34821429
vt 0.16458333 0.34821429
vt 0.16458333 0.34821429
vt 0.16458333 0.34821429
vt 0.16458333 0.34821429
vt 0.16458333 0.34821429
vt 0.16458333 0.34821429
vt 0.16458333 0.34821429
vt 0.16458333 0.34821429
vt 0.16458333 0.34821429
vt 0.16458333 0.34821429
vt 0.16458333 0.34821429
vt 0.16458333 0.34821429
vt 0.16458333 0.34821429
vt 0.16458333 0.34821429
vt 0.16458333 0.34821429
vt 0.16458333 0.34821429
vt 0.16458333 0.34821429
vt 0.16458333 0.34821429
vt 0.16458333 0.34821429
vt 0.16458333 0.34821429
vt 0.16458333 0.34821429
vt 0.16458333 0.34821429
vt 0.16458333 0.34821429
vt 0.16458333 0.34821429
vt 0.16458333 0.34821429
vt 0.16458333 0.34821429
vt 0.16458333 0.34821429
vt 0.16458333 0.34821429
vt 0.16458333 0.34821429
vt 0.16458333 0.34821429
vt 0.16458333 0.34821429
vt 0.16458333 0.34821429
vt 0.16458333 0.34821429
vt 0.16458333 0.34821429
vt 0.16458333 0.34821429
vt 0.16458333 0.34821429
vt 0.16458333 0.34821429
vt 0.16458333 0.34821429
vt 0.16458333 0.34821429
vt 0.16458333 0.34821429
vt 0.16458333 0.34821429
vt 0.16458333 0.34821429
vt 0.16458333 0.34821429
vt 0.16458333 0.34821429
vt 0.16458333 0.34821429
vt 0.16458333 0.34821429
vt 0.16458333 0.34821429
vt 0.16458333 0.34821429
vt 0.16458333 0.34821429
vt 0.16458333 0.34821429
vt 0.16458333 0.34821429
vt 0.16458333 0.34821429
vt 0.16458333 0.34821429
vt 0.16458333 0.34821429
vt 0.16458333 0.34821429
vt 0.16458333 0.34821429
vt 0.16458333 0.34821429
vt 0.16458333 0.34821429
vt 0.16458333 0.34821429
vt 0.16458333 0.34821429
vt 0.16458333 0.34821429
vt 0.16458333 0.34821429
vt 0.16458333 0.34821429
vt 0.16458333 0.34821429
vt 0.16458333 0.34821429
vt 0.16458333 0.34821429
vt 0.16458333 0.34821429
vt 0.16458333 0.34821429
vt 0.16458333 0.34821429
vt 0.16458333 0.34821429
vt 0.16458333 0.34821429
vt 0.16458333 0.34821429
vt 0.16458333 0.34821429
vt 0.16458333 0.34821429
vt 0.16458333 0.34821429
vt 0.16458333 0.34821429
vt 0.16458333 0.34821429
vt 0.16458333 0.34821429
vt 0.16458333 0.34821429
vt 0.16458333 0.34821429
vt 0.16458333 0.34821429
vt 0.16458333 0.34821429
vt 0.16458333 0.34821429
vt 0.16458333 0.34821429
vt 0.16458333 0.34821429
vt 0.16458333 0.34821429
vt 0.16458333 0.34821429
vt 0.16458333 0.34821429
vt 0.16458333 0.34821429
vt 0.16458333 0.34821429
vt 0.16458333 0.34821429
vt 0.16458333 0.34821429
vt 0.16458333 0.34821429
vt 0.16458333 0.34821429
vt 0.16458333 0.34821429
vt 0.16458333 0.34821429
vt 0.16458333 0.34821429
vt 0.16458333 0.34821429
vt 0.16458333 0.34821429
vt 0.16458333 0.34821429
vt 0.16458333 0.34821429
vt 0.16458333 0.34821429
vt 0.16458333 0.34821429
vt 0.16458333 0.34821429
vt 0.16458333 0.34821429
vt 0.16458333 0.34821429
vt 0.16458333 0.34821429
vt 0.16458333 0.34821429
vt 0.16458333 0.34821429
vt 0.16458333 0.34821429
vt 0.16458333 0.34821429
vt 0.16458333 0.34821429
vt 0.16458333 0.34821429
vt 0.16458333 0.34821429
vt 0.16458333 0.34821429
vt 0.16458333 0.34821429
vt 0.16458333 0.34821429
vt 0.16458333 0.34821429
vt 0.16458333 0.34821429
vt 0.16458333 0.34821429
vt 0.16458333 0.34821429
vt 0.16458333 0.34821429
vt 0.16458333 0.34821429
vt 0.16458333 0.34821429
vt 0.16458333 0.34821429
vt 0.16458333 0.34821429
vt 0.16458333 0.34821429
vt 0.16458333 0.34821429
vt 0.16458333 0.34821429
vt 0.16458333 0.34821429
vt 0.16458333 0.34821429
vt 0.16458333 0.34821429
vt 0.16458333 0.34821429
vt 0.16458333 0.34821429
vt 0.16458333 0.34821429
vt 0.16458333 0.34821429
vt 0.16458333 0.34821429
vt 0.16458333 0.34821429
vt 0.16458333 0.34821429
vt 0.16458333 0.34821429
vt 0.16458333 0.34821429
vt 0.16458333 0.34821429
vt 0.16458333 0.34821429
vt 0.16458333 0.34821429
vt 0.16458333 0.34821429
vt 0.16458333 0.34821429
vt 0.16458333 0.34821429
vt 0.16458333 0.34821429
vt 0.16458333 0.34821429
vt 0.16458333 0.34821429
vt 0.16458333 0.34821429
vt 0.16458333 0.34821429
vt 0.16458333 0.34821429
vt 0.16458333 0.34821429
vt 0.16458333 0.34821429
vt 0.16458333 0.34821429
vt 0.16458333 0.34821429
vt 0.16458333 0.34821429
vt 0.16458333 0.34821429
vt 0.16458333 0.34821429
vt 0.16458333 0.34821429
vt 0.16458333 0.34821429
vt 0.16458333 0.34821429
vt 0.16458333 0.34821429
vt 0.16458333 0.34821429
vt 0.16458333 0.34821429
vt 0.16458333 0.34821429
vt 0.16458333 0.34821429
vt 0.16458333 0.34821429
vt 0.16458333 0.34821429
vt 0.16458333 0.34821429
vt 0.16458333 0.34821429
vt 0.16458333 0.34821429
vt 0.16458333 0.34821429
vt 0.16458333 0.34821429
vt 0.16458333 0.34821429
vt 0.16458333 0.34821429
vt 0.16458333 0.34821429
vt 0.16458333 0.34821429
vt 0.16458333 0.34821429
vt 0.16458333 0.34821429
vt 0.16458333 0.34821429
vt 0.16458333 0.34821429
vt 0.16458333 0.34821429
vt 0.16458333 0.34821429
vt 0.16458333 0.34821429
vt 0.16458333 0.34821429
vt 0.16458333 0.34821429
vt 0.16458333 0.34821429
vt 0.16458333 0.34821429
vt 0.16458333 0.34821429
vt 0.16458333 0.34821429
vt 0.16458333 0.34821429
vt 0.16458333 0.34821429
vt 0.16458333 0.34821429
vt 0.16458333 0.34821429
vt 0.16458333 0.34821429
vt 0.16458333 0.34821429
vt 0.16458333 0.34821429
vt 0.16458333 0.34821429
vt 0.16458333 0.34821429
vt 0.16458333 0.34821429
vt 0.16458333 0.34821429
vt 0.16458333 0.34821429
vt 0.16458333 0.34821429
vt 0.16458333 0.34821429
vt 0.16458333 0.34821429
vt 0.16458333 0.34821429
vt 0.16458333 0.34821429
vt 0.16458333 0.34821429
vt 0.16458333 0.34821429
vt 0.16458333 0.34821429
vt 0.16458333 0.34821429
vt 0.16458333 0.34821429
vt 0.16458333 0.34821429
vt 0.16458333 0.34821429
vt 0.16458333 0.34821429
vt 0.16458333 0.34821429
vt 0.16458333 0.34821429
vt 0.16458333 0.34821429
vt 0.16458333 0.34821429
vt 0.16458333 0.34821429
vt 0.16458333 0.34821429
vt 0.16458333 0.34821429
vt 0.16458333 0.34821429
vt 0.16458333 0.34821429
vt 0.16458333 0.34821429
vt 0.16458333 0.34821429
vt 0.16458333 0.34821429
vt 0.16458333 0.34821429
vt 0.16458333 0.34821429
vt 0.16458333 0.34821429
vt 0.16458333 0.34821429
vt 0.16458333 0.34821429
vt 0.16458333 0.34821429
vt 0.16458333 0.34821429
vt 0.16458333 0.34821429
vt 0.16458333 0.34821429
vt 0.16458333 0.34821429
vt 0.16458333 0.34821429
vt 0.16458333 0.34821429
vt 0.16458333 0.34821429
vt 0.16458333 0.34821429
vt 0.16458333 0.34821429
vt 0.16458333 0.34821429
vt 0.16458333 0.34821429
vt 0.16458333 0.34821429
vt 0.16458333 0.34821429
vt 0.16458333 0.34821429
vt 0.16458333 0.34821429
vt 0.16458333 0.34821429
vt 0.16458333 0.34821429
vt 0.16458333 0.34821429
vt 0.16458333 0.34821429
vt 0.16458333 0.34821429
vt 0.16458333 0.34821429
vt 0.16458333 0.34821429
vt 0.16458333 0.34821429
vt 0.16458333 0.34821429
vt 0.16458333 0.34821429
vt 0.16458333 0.34821429
vt 0.16458333 0.34821429
vt 0.16458333 0.34821429
vt 0.16458333 0.34821429
vt 0.16458333 0.34821429
vt 0.16458333 0.34821429
vt 0.16458333 0.34821429
vt 0.16458333 0.34821429
vt 0.16458333 0.34821429
vt 0.16458333 0.34821429
vt 0.16458333 0.34821429
vt 0.16458333 0.34821429
vt 0.16458333 0.34821429
vt 0.16458333 0.34821429
vt 0.16458333 0.34821429
vt 0.16458333 0.34821429
vt 0.16458333 0.34821429
vt 0.16458333 0.34821429
vt 0.16458333 0.34821429
vt 0.16458333 0.34821429
vt 0.16458333 0.34821429
vt 0.16458333 0.34821429
vt 0.16458333 0.34821429
vt 0.16458333 0.34821429
vt 0.16458333 0.34821429
vt 0.16458333 0.34821429
vt 0.16458333 0.34821429
vt 0.16458333 0.34821429
vt 0.16458333 0.34821429
vt 0.16458333 0.34821429
vt 0.16458333 0.34821429
vt 0.16458333 0.34821429
vt 0.16458333 0.34821429
vt 0.16458333 0.34821429
vt 0.16458333 0.34821429
vt 0.16458333 0.34821429
vt 0.16458333 0.34821429
vt 0.16458333 0.34821429
vt 0.16458333 0.34821429
vt 0.16458333 0.34821429
vt 0.16458333 0.34821429
vt 0.16458333 0.34821429
vt 0.16458333 0.34821429
vt 0.16458333 0.34821429
vt 0.16458333 0.34821429
vt 0.16458333 0.34821429
vt 0.16458333 0.34821429
vt 0.16458333 0.34821429
vt 0.16458333 0.34821429
vt 0.16458333 0.34821429
vt 0.16458333 0.34821429
vt 0.16458333 0.34821429
vt 0.16458333 0.34821429
vt 0.16458333 0.34821429
vt 0.16458333 0.34821429
vt 0.16458333 0.34821429
vt 0.16458333 0.34821429
vt 0.16458333 0.34821429
vt 0.16458333 0.34821429
vt 0.16458333 0.34821429
vt 0.16458333 0.34821429
vt 0.16458333 0.34821429
vt 0.16458333 0.34821429
vt 0.16458333 0.34821429
vt 0.16458333 0.34821429
vt 0.16458333 0.34821429
vt 0.16458333 0.34821429
vt 0.16458333 0.34821429
vt 0.16458333 0.34821429
vt 0.16458333 0.34821429
vt 0.16458333 0.34821429
vt 0.16458333 0.34821429
vt 0.16458333 0.34821429
vt 0.16458333 0.34821429
vt 0.16458333 0.34821429
vt 0.16458333 0.34821429
vt 0.16458333 0.34821429
vt 0.16458333 0.34821429
vt 0.16458333 0.34821429
vt 0.16458333 0.34821429
vt 0.16458333 0.34821429
vt 0.16458333 0.34821429
vt 0.16458333 0.34821429
vt 0.16458333 0.34821429
vt 0.16458333 0.34821429
vt 0.16458333 0.34821429
vt 0.16458333 0.34821429
vt 0.16458333 0.34821429
vt 0.16458333 0.34821429
vt 0.16458333 0.34821429
vt 0.16458333 0.34821429
vt 0.16458333 0.34821429
vt 0.16458333 0.34821429
vt 0.16458333 0.34821429
vt 0.16458333 0.34821429
vt 0.16458333 0.34821429
vt 0.16458333 0.34821429
vt 0.16458333 0.34821429
vt 0.16458333 0.34821429
vt 0.16458333 0.34821429
vt 0.16458333 0.34821429
vt 0.16458333 0.34821429
vt 0.16458333 0.34821429
vt 0.16458333 0.34821429
vt 0.16458333 0.34821429
vt 0.16458333 0.34821429
vt 0.16458333 0.34821429
vt 0.16458333 0.34821429
vt 0.16458333 0.34821429
vt 0.16458333 0.34821429
vt 0.16458333 0.34821429
vt 0.16458333 0.34821429
vt 0.16458333 0.34821429
vt 0.16458333 0.34821429
vt 0.16458333 0.34821429
vt 0.16458333 0.34821429
vt 0.16458333 0.34821429
vt 0.16458333 0.34821429
vt 0.16458333 0.34821429
vt 0.16458333 0.34821429
vt 0.16458333 0.34821429
vt 0.16458333 0.34821429
vt 0.16458333 0.34821429
vt 0.16458333 0.34821429
vt 0.16458333 0.34821429
vt 0.16458333 0.34821429
vt 0.16458333 0.34821429
vt 0.16458333 0.34821429
vt 0.16458333 0.34821429
vt 0.16458333 0.34821429
vt 0.16458333 0.34821429
vt 0.16458333 0.34821429
vt 0.16458333 0.34821429
vt 0.16458333 0.34821429
vt 0.16458333 0.34821429
vt 0.16458333 0.34821429
vt 0.16458333 0.34821429
vt 0.16458333 0.34821429
vt 0.16458333 0.34821429
vt 0.16458333 0.34821429
vt 0.16458333 0.34821429
vt 0.16458333 0.34821429
vt 0.16458333 0.34821429
vt 0.16458333 0.34821429
vt 0.16458333 0.34821429
vt 0.16458333 0.34821429
vt 0.16458333 0.34821429
vt 0.16458333 0.34821429
vt 0.16458333 0.34821429
vt 0.16458333 0.34821429
vt 0.16458333 0.34821429
vt 0.16458333 0.34821429
vt 0.16458333 0.34821429
vt 0.16458333 0.34821429
vt 0.16458333 0.34821429
vt 0.16458333 0.34821429
vt 0.16458333 0.34821429
vt 0.16458333 0.34821429
vt 0.16458333 0.34821429
vt 0.16458333 0.34821429
vt 0.16458333 0.34821429
vt 0.16458333 0.34821429
vt 0.16458333 0.34821429
vt 0.16458333 0.34821429
vt 0.16458333 0.34821429
vt 0.16458333 0.34821429
vt 0.16458333 0.34821429
vt 0.16458333 0.34821429
vt 0.16458333 0.34821429
vt 0.16458333 0.34821429
vt 0.16458333 0.34821429
vt 0.16458333 0.34821429
vt 0.16458333 0.34821429
vt 0.16458333 0.34821429
vt 0.16458333 0.34821429
vt 0.16458333 0.34821429
vt 0.16458333 0.34821429
vt 0.16458333 0.34821429
vt 0.16458333 0.34821429
vt 0.16458333 0.34821429
vt 0.16458333 0.34821429
vt 0.16458333 0.34821429
vt 0.16458333 0.34821429
vt 0.16458333 0.34821429
vt 0.16458333 0.34821429
vt 0.16458333 0.34821429
vt 0.16458333 0.34821429
vt 0.16458333 0.34821429
vt 0.16458333 0.34821429
vt 0.16458333 0.34821429
vt 0.16458333 0.34821429
vt 0.16458333 0.34821429
vt 0.16458333 0.34821429
vt 0.16458333 0.34821429
vt 0.16458333 0.34821429
vt 0.16458333 0.34821429
vt 0.16458333 0.34821429
vt 0.16458333 0.34821429
vt 0.16458333 0.34821429
vt 0.16458333 0.34821429
vt 0.16458333 0.34821429
vt 0.16458333 0.34821429
vt 0.16458333 0.34821429
vt 0.16458333 0.34821429
vt 0.16458333 0.34821429
vt 0.16458333 0.34821429
vt 0.16458333 0.34821429
vt 0.16458333 0.34821429
vt 0.16458333 0.34821429
vt 0.16458333 0.34821429
vt 0.16458333 0.34821429
vt 0.16458333 0.34821429
vt 0.16458333 0.34821429
vt 0.16458333 0.34821429
vt 0.16458333 0.34821429
vt 0.16458333 0.34821429
vt 0.16458333 0.34821429
vt 0.16458333 0.34821429
vt 0.16458333 0.34821429
vt 0.16458333 0.34821429
vt 0.16458333 0.34821429
vt 0.16458333 0.34821429
vt 0.16458333 0.34821429
vt 0.16458333 0.34821429
vt 0.16458333 0.34821429
vt 0.16458333 0.34821429
vt 0.16458333 0.34821429
vt 0.16458333 0.34821429
vt 0.16458333 0.34821429
vt 0.16458333 0.34821429
vt 0.16458333 0.34821429
vt 0.16458333 0.34821429
vt 0.16458333 0.34821429
vt 0.16458333 0.34821429
vt 0.16458333 0.34821429
vt 0.16458333 0.34821429
vt 0.16458333 0.34821429
vt 0.16458333 0.34821429
vt 0.16458333 0.34821429
vt 0.16458333 0.34821429
vt 0.16458333 0.34821429
vt 0.16458333 0.34821429
vt 0.16458333 0.34821429
vt 0.16458333 0.34821429
vt 0.16458333 0.34821429
vt 0.16458333 0.34821429
vt 0.16458333 0.34821429
vt 0.16458333 0.34821429
vt 0.16458333 0.34821429
vt 0.16458333 0.34821429
vt 0.16458333 0.34821429
vt 0.16458333 0.34821429
f 1/1 2/2 3/3
f 4/4 3/3 2/2
f 5/5 6/6 7/7
f 3/3 4/4 8/8
f 9/9 10/10 11/11
f 10/10 9/9 12/12
f 13/13 14/14 15/15
f 16/16 15/15 14/14
f 17/17 15/15 16/16
f 18/18 19/19 20/20
f 21/21 22/22 23/23
f 24/24 25/25 26/26
f 23/23 27/27 28/28
f 29/29 28/28 27/27
f 30/30 31/31 32/32
f 31/31 30/30 33/33
f 34/34 33/33 30/30
f 33/33 34/34 35/35
f 36/36 35/35 34/34
f 35/35 36/36 18/18
f 19/19 18/18 36/36
f 12/12 37/37 38/38
f 20/20 19/19 39/39
f 40/40 39/39 19/19
f 41/41 39/39 40/40
f 39/39 41/41 42/42
f 43/43 42/42 41/41
f 2/2 1/1 7/7
f 44/44 45/45 46/46
f 45/45 44/44 47/47
f 48/48 47/47 44/44
f 47/47 48/48 49/49
f 50/50 49/49 48/48
f 49/49 50/50 51/51
f 52/52 51/51 50/50
f 53/53 54/54 55/55
f 56/56 57/57 58/58
f 59/59 60/60 61/61
f 60/60 59/59 62/62
f 63/63 62/62 59/59
f 62/62 63/63 64/64
f 65/65 64/64 63/63
f 66/66 67/67 68/68
f 69/69 68/68 67/67
f 70/70 71/71 72/72
f 73/73 70/70 72/72
f 70/70 73/73 74/74
f 75/75 74/74 73/73
f 74/74 75/75 76/76
f 61/61 76/76 75/75
f 76/76 61/61 60/60
f 54/54 53/53 77/77
f 78/78 67/67 79/79
f 80/80 55/55 54/54
f 55/55 80/80 81/81
f 82/82 81/81 80/80
f 46/46 81/81 82/82
f 81/81 46/46 83/83
f 45/45 83/83 46/46
f 84/84 85/85 86/86
f 85/85 84/84 87/87
f 58/58 87/87 84/84
f 88/88 89/89 90/90
f 89/89 88/88 91/91
f 92/92 91/91 88/88
f 91/91 92/92 93/93
f 87/87 58/58 57/57
f 94/94 95/95 96/96
f 57/57 56/56 97/97
f 98/98 97/97 56/56
f 97/97 98/98 99/99
f 100/100 99/99 98/98
f 72/72 99/99 100/100
f 99/99 72/72 71/71
f 101/101 102/102 103/103
f 104/104 101/101 105/105
f 106/106 105/105 101/101
f 105/105 106/106 107/107
f 108/108 107/107 106/106
f 107/107 108/108 109/109
f 110/110 111/111 108/108
f 66/66 79/79 67/67
f 112/112 113/113 110/110
f 52/52 114/114 51/51
f 115/115 51/51 114/114
f 65/65 116/116 64/64
f 117/117 64/64 116/116
f 118/118 119/119 86/86
f 120/120 86/86 119/119
f 118/118 86/86 85/85
f 121/121 122/122 123/123
f 124/124 121/121 125/125
f 126/126 125/125 121/121
f 125/125 126/126 127/127
f 128/128 127/127 126/126
f 127/127 128/128 129/129
f 130/130 131/131 128/128
f 95/95 132/132 92/92
f 133/133 134/134 130/130
f 96/96 95/95 135/135
f 136/136 137/137 95/95
f 138/138 139/139 136/136
f 140/140 138/138 141/141
f 142/142 141/141 138/138
f 142/142 143/143 141/141
f 144/144 145/145 146/146
f 145/145 144/144 147/147
f 148/148 147/147 144/144
f 147/147 148/148 149/149
f 150/150 149/149 148/148
f 149/149 150/150 151/151
f 152/152 151/151 150/150
f 153/153 110/110 113/113
f 154/154 155/155 156/156
f 113/113 112/112 157/157
f 115/115 157/157 112/112
f 115/115 114/114 157/157
f 158/158 78/78 79/79
f 78/78 159/159 160/160
f 90/90 161/161 162/162
f 163/163 90/90 89/89
f 164/164 165/165 166/166
f 165/165 164/164 167/167
f 168/168 167/167 164/164
f 167/167 168/168 31/31
f 32/32 31/31 168/168
f 169/169 144/144 146/146
f 170/170 171/171 169/169
f 172/172 130/130 134/134
f 27/27 23/23 22/22
f 134/134 133/133 173/173
f 174/174 173/173 133/133
f 174/174 175/175 173/173
f 176/176 177/177 178/178
f 177/177 176/176 179/179
f 103/103 179/179 176/176
f 179/179 103/103 102/102
f 180/180 181/181 182/182
f 183/183 184/184 185/185
f 184/184 183/183 186/186
f 123/123 186/186 183/183
f 186/186 123/123 187/187
f 188/188 189/189 190/190
f 189/189 188/188 191/191
f 192/192 191/191 188/188
f 191/191 192/192 193/193
f 194/194 195/195 192/192
f 196/196 194/194 21/21
f 22/22 21/21 194/194
f 197/197 14/14 13/13
f 146/146 145/145 169/169
f 166/166 169/169 145/145
f 169/169 166/166 165/165
f 198/198 199/199 200/200
f 199/199 198/198 201/201
f 38/38 201/201 198/198
f 202/202 8/8 4/4
f 8/8 202/202 203/203
f 204/204 203/203 202/202
f 205/205 203/203 204/204
f 203/203 205/205 206/206
f 197/197 206/206 205/205
f 14/14 197/197 205/205
f 151/151 207/207 155/155
f 208/208 209/209 210/210
f 155/155 154/154 182/182
f 180/180 182/182 154/154
f 211/211 212/212 213/213
f 212/212 211/211 214/214
f 215/215 214/214 211/211
f 216/216 214/214 215/215
f 217/217 218/218 219/219
f 220/220 219/219 218/218
f 219/219 220/220 221/221
f 222/222 221/221 220/220
f 142/142 223/223 143/143
f 224/224 143/143 223/223
f 141/141 143/143 224/224
f 225/225 171/171 170/170
f 171/171 225/225 226/226
f 42/42 43/43 227/227
f 199/199 227/227 43/43
f 200/200 199/199 43/43
f 228/228 186/186 187/187
f 229/229 184/184 228/228
f 230/230 231/231 232/232
f 231/231 230/230 233/233
f 234/234 233/233 230/230
f 233/233 234/234 235/235
f 185/185 184/184 236/236
f 177/177 237/237 178/178
f 237/237 177/177 238/238
f 179/179 238/238 177/177
f 238/238 179/179 239/239
f 240/240 235/235 234/234
f 235/235 240/240 241/241
f 215/215 241/241 240/240
f 242/242 243/243 244/244
f 245/245 244/244 243/243
f 246/246 245/245 243/243
f 247/247 245/245 246/246
f 245/245 247/247 248/248
f 224/224 248/248 247/247
f 223/223 142/142 249/249
f 250/250 251/251 252/252
f 251/251 250/250 253/253
f 253/253 250/250 254/254
f 255/255 254/254 250/250
f 256/256 226/226 225/225
f 226/226 256/256 187/187
f 228/228 257/257 256/256
f 258/258 259/259 260/260
f 259/259 258/258 261/261
f 262/262 261/261 258/258
f 261/261 262/262 229/229
f 236/236 229/229 262/262
f 229/229 236/236 184/184
f 211/211 263/263 264/264
f 263/263 211/211 213/213
f 265/265 266/266 267/267
f 266/266 265/265 268/268
f 239/239 269/269 270/270
f 239/239 270/270 242/242
f 243/243 242/242 270/270
f 271/271 272/272 273/273
f 272/272 271/271 274/274
f 275/275 274/274 271/271
f 274/274 275/275 237/237
f 178/178 237/237 275/275
f 260/260 276/276 258/258
f 252/252 258/258 276/276
f 258/258 252/252 251/251
f 277/277 278/278 279/279
f 278/278 277/277 280/280
f 281/281 280/280 277/277
f 282/282 283/283 284/284
f 283/283 282/282 285/285
f 223/223 254/254 255/255
f 254/254 223/223 249/249
f 190/190 286/286 287/287
f 286/286 189/189 288/288
f 288/288 189/189 231/231
f 231/231 191/191 193/193
f 264/264 267/267 266/266
f 267/267 264/264 263/263
f 221/221 222/222 289/289
f 290/290 289/289 222/222
f 289/289 290/290 291/291
f 292/292 291/291 290/290
f 273/273 268/268 265/265
f 268/268 273/273 272/272
f 293/293 294/294 295/295
f 294/294 293/293 296/296
f 297/297 296/296 293/293
f 296/296 297/297 281/281
f 280/280 281/281 297/297
f 283/283 298/298 284/284
f 279/279 284/284 298/298
f 284/284 279/279 278/278
f 299/299 300/300 301/301
f 300/300 299/299 180/180
f 181/181 180/180 299/299
f 302/302 303/303 304/304
f 303/303 302/302 305/305
f 285/285 282/282 286/286
f 287/287 286/286 282/282
f 306/306 307/307 308/308
f 309/309 308/308 307/307
f 308/308 309/309 310/310
f 311/311 310/310 309/309
f 310/310 311/311 312/312
f 313/313 312/312 311/311
f 314/314 312/312 313/313
f 315/315 314/314 313/313
f 314/314 315/315 316/316
f 317/317 316/316 315/315
f 316/316 317/317 318/318
f 304/304 318/318 317/317
f 295/295 291/291 292/292
f 291/291 295/295 319/319
f 294/294 319/319 295/295
f 320/320 321/321 322/322
f 323/323 324/324 321/321
f 325/325 323/323 216/216
f 212/212 216/216 323/323
f 212/212 214/214 216/216
f 175/175 174/174 326/326
f 305/305 326/326 174/174
f 301/301 300/300 327/327
f 328/328 327/327 300/300
f 327/327 328/328 329/329
f 26/26 329/329 328/328
f 329/329 26/26 25/25
f 326/326 305/305 302/302
f 25/25 24/24 306/306
f 307/307 306/306 24/24
f 28/28 29/29 330/330
f 331/331 330/330 29/29
f 330/330 331/331 332/332
f 117/117 332/332 331/331
f 117/117 116/116 332/332
f 333/333 120/120 119/119
f 120/120 333/333 334/334
f 335/335 336/336 337/337
f 338/338 335/335 339/339
f 340/340 339/339 335/335
f 339/339 340/340 341/341
f 210/210 342/342 340/340
f 343/343 210/210 209/209
f 318/318 304/304 303/303
f 209/209 208/208 320/320
f 321/321 320/320 208/208
f 68/68 69/69 344/344
f 345/345 344/344 69/69
f 344/344 345/345 346/346
f 347/347 346/346 345/345
f 346/346 347/347 348/348
f 77/77 348/348 347/347
f 348/348 77/77 53/53
f 15/15 17/17 349/349
f 350/350 349/349 17/17
f 349/349 350/350 351/351
f 352/352 351/351 350/350
f 351/351 352/352 353/353
f 354/354 353/353 352/352
f 353/353 354/354 355/355
f 37/37 12/12 9/9
f 218/218 217/217 355/355
f 6/6 11/11 10/10
f 201/201 38/38 37/37
f 7/7 1/1 5/5
f 218/218 355/355 354/354
f 6/6 5/5 11/11
f 356/356 357/357 358/358
f 356/356 358/358 359/359
f 360/360 359/359 358/358
f 361/361 362/362 363/363
f 364/364 363/363 362/362
f 365/365 366/366 367/367
f 365/365 368/368 366/366
f 358/358 367/367 369/369
f 367/367 358/358 370/370
f 364/364 370/370 358/358
f 370/370 364/364 371/371
f 372/372 371/371 364/364
f 373/373 374/374 363/363
f 373/373 363/363 375/375
f 359/359 360/360 374/374
f 376/376 377/377 378/378
f 379/379 380/380 381/381
f 382/382 383/383 384/384
f 385/385 383/383 382/382
f 383/383 385/385 386/386
f 387/387 386/386 385/385
f 384/384 388/388 382/382
f 389/389 382/382 388/388
f 390/390 391/391 392/392
f 367/367 393/393 369/369
f 393/393 367/367 366/366
f 394/394 376/376 395/395
f 381/381 396/396 397/397
f 380/380 396/396 381/381
f 378/378 377/377 379/379
f 398/398 378/378 381/381
f 378/378 398/398 399/399
f 363/363 399/399 398/398
f 399/399 363/363 360/360
f 400/400 397/397 401/401
f 395/395 401/401 397/397
f 401/401 395/395 402/402
f 403/403 402/402 395/395
f 395/395 404/404 394/394
f 404/404 395/395 397/397
f 397/397 396/396 404/404
f 395/395 376/376 378/378
f 389/389 392/392 382/382
f 391/391 382/382 392/392
f 382/382 391/391 405/405
f 406/406 405/405 391/391
f 405/405 406/406 407/407
f 408/408 407/407 406/406
f 409/409 400/400 410/410
f 400/400 409/409 397/397
f 411/411 397/397 409/409
f 397/397 411/411 381/381
f 412/412 381/381 411/411
f 381/381 412/412 398/398
f 413/413 398/398 412/412
f 398/398 413/413 363/363
f 414/414 363/363 413/413
f 363/363 364/364 375/375
f 375/375 364/364 357/357
f 360/360 415/415 416/416
f 415/415 360/360 417/417
f 418/418 417/417 360/360
f 360/360 358/358 418/418
f 399/399 416/416 419/419
f 360/360 416/416 399/399
f 420/420 421/421 378/378
f 399/399 420/420 378/378
f 422/422 378/378 423/423
f 421/421 423/423 378/378
f 424/424 425/425 426/426
f 395/395 425/425 424/424
f 395/395 427/427 425/425
f 422/422 428/428 429/429
f 430/430 428/428 422/422
f 431/431 428/428 430/430
f 432/432 428/428 431/431
f 428/428 432/432 426/426
f 433/433 426/426 432/432
f 434/434 426/426 433/433
f 424/424 426/426 434/434
f 378/378 427/427 395/395
f 427/427 378/378 435/435
f 378/378 429/429 435/435
f 422/422 429/429 378/378
f 395/395 436/436 437/437
f 436/436 395/395 424/424
f 395/395 437/437 403/403
f 438/438 439/439 440/440
f 441/441 442/442 438/438
f 442/442 441/441 443/443
f 410/410 443/443 441/441
f 409/409 444/444 445/445
f 444/444 409/409 441/441
f 410/410 441/441 409/409
f 405/405 446/446 447/447
f 446/446 405/405 448/448
f 411/411 448/448 405/405
f 448/448 411/411 449/449
f 450/450 449/449 411/411
f 411/411 451/451 450/450
f 451/451 411/411 452/452
f 445/445 452/452 411/411
f 411/411 409/409 445/445
f 385/385 453/453 454/454
f 453/453 385/385 455/455
f 382/382 455/455 385/385
f 455/455 382/382 456/456
f 457/457 456/456 382/382
f 382/382 458/458 457/457
f 458/458 382/382 447/447
f 405/405 447/447 382/382
f 387/387 385/385 459/459
f 460/460 459/459 385/385
f 385/385 461/461 460/460
f 461/461 385/385 462/462
f 463/463 462/462 385/385
f 385/385 464/464 463/463
f 464/464 385/385 465/465
f 454/454 465/465 385/385
f 363/363 466/466 467/467
f 466/466 363/363 468/468
f 414/414 468/468 363/363
f 469/469 470/470 364/364
f 364/364 470/470 372/372
f 372/372 470/470 471/471
f 472/472 471/471 470/470
f 471/471 472/472 473/473
f 474/474 473/473 472/472
f 362/362 469/469 364/364
f 413/413 475/475 414/414
f 475/475 413/413 476/476
f 477/477 476/476 413/413
f 413/413 478/478 477/477
f 478/478 413/413 479/479
f 480/480 479/479 413/413
f 363/363 467/467 361/361
f 481/481 413/413 482/482
f 413/413 481/481 480/480
f 483/483 480/480 481/481
f 484/484 483/483 481/481
f 485/485 474/474 472/472
f 474/474 485/485 486/486
f 487/487 486/486 485/485
f 486/486 487/487 488/488
f 489/489 488/488 487/487
f 488/488 489/489 490/490
f 491/491 490/490 489/489
f 492/492 493/493 484/484
f 493/493 492/492 494/494
f 494/494 491/491 489/489
f 492/492 495/495 496/496
f 495/495 492/492 481/481
f 484/484 481/481 492/492
f 494/494 492/492 491/491
f 497/497 498/498 499/499
f 498/498 497/497 500/500
f 501/501 500/500 497/497
f 502/502 503/503 501/501
f 504/504 505/505 506/506
f 505/505 504/504 507/507
f 508/508 507/507 504/504
f 507/507 508/508 509/509
f 497/497 509/509 508/508
f 509/509 497/497 510/510
f 499/499 510/510 497/497
f 511/511 512/512 513/513
f 514/514 513/513 512/512
f 513/513 514/514 506/506
f 515/515 506/506 514/514
f 506/506 515/515 516/516
f 517/517 516/516 515/515
f 506/506 518/518 504/504
f 518/518 506/506 519/519
f 516/516 519/519 506/506
f 515/515 520/520 517/517
f 521/521 517/517 520/520
f 522/522 523/523 524/524
f 522/522 525/525 526/526
f 522/522 527/527 528/528
f 527/527 524/524 529/529
f 520/520 530/530 521/521
f 531/531 521/521 530/530
f 521/521 531/531 532/532
f 533/533 532/532 531/531
f 532/532 533/533 534/534
f 535/535 534/534 533/533
f 534/534 535/535 536/536
f 537/537 536/536 535/535
f 527/527 537/537 535/535
f 522/522 528/528 538/538
f 539/539 538/538 528/528
f 528/528 540/540 539/539
f 540/540 528/528 390/390
f 390/390 528/528 391/391
f 541/541 391/391 528/528
f 406/406 542/542 543/543
f 542/542 406/406 544/544
f 391/391 544/544 406/406
f 541/541 544/544 391/391
f 543/543 545/545 406/406
f 546/546 406/406 545/545
f 547/547 548/548 549/549
f 548/548 547/547 550/550
f 545/545 550/550 547/547
f 550/550 545/545 551/551
f 552/552 551/551 545/545
f 549/549 553/553 547/547
f 547/547 553/553 554/554
f 555/555 554/554 553/553
f 552/552 545/545 543/543
f 408/408 406/406 546/546
f 412/412 556/556 557/557
f 411/411 556/556 412/412
f 556/556 411/411 558/558
f 559/559 558/558 411/411
f 560/560 561/561 405/405
f 562/562 405/405 561/561
f 405/405 562/562 411/411
f 559/559 411/411 562/562
f 560/560 405/405 407/407
f 482/482 412/412 557/557
f 412/412 482/482 413/413
f 546/546 545/545 563/563
f 547/547 563/563 545/545
f 563/563 547/547 564/564
f 565/565 564/564 547/547
f 547/547 566/566 567/567
f 566/566 547/547 568/568
f 481/481 568/568 547/547
f 568/568 481/481 569/569
f 570/570 569/569 481/481
f 481/481 571/571 570/570
f 571/571 481/481 572/572
f 573/573 572/572 481/481
f 482/482 573/573 481/481
f 547/547 567/567 565/565
f 574/574 512/512 575/575
f 576/576 575/575 512/512
f 575/575 576/576 577/577
f 512/512 578/578 579/579
f 578/578 512/512 580/580
f 511/511 580/580 512/512
f 580/580 511/511 581/581
f 582/582 581/581 511/511
f 581/581 582/582 583/583
f 584/584 582/582 585/585
f 586/586 555/555 553/553
f 555/555 586/586 587/587
f 588/588 587/587 586/586
f 589/589 577/577 576/576
f 512/512 590/590 576/576
f 590/590 512/512 591/591
f 579/579 591/591 512/512
f 588/588 512/512 587/587
f 547/547 554/554 592/592
f 593/593 594/594 595/595
f 596/596 597/597 598/598
f 597/597 596/596 599/599
f 595/595 599/599 596/596
f 600/600 547/547 592/592
f 547/547 600/600 481/481
f 601/601 481/481 600/600
f 602/602 603/603 604/604
f 605/605 604/604 603/603
f 604/604 605/605 606/606
f 607/607 606/606 605/605
f 606/606 607/607 608/608
f 609/609 608/608 607/607
f 610/610 611/611 481/481
f 612/612 481/481 611/611
f 481/481 612/612 604/604
f 602/602 604/604 612/612
f 481/481 613/613 610/610
f 613/613 481/481 614/614
f 615/615 614/614 481/481
f 615/615 481/481 616/616
f 601/601 616/616 481/481
f 617/617 618/618 492/492
f 618/618 617/617 598/598
f 596/596 598/598 617/617
f 609/609 589/589 576/576
f 607/607 589/589 609/609
f 492/492 496/496 617/617
f 481/481 604/604 495/495
f 419/419 420/420 399/399
f 619/619 620/620 621/621
f 622/622 623/623 624/624
f 625/625 626/626 627/627
f 628/628 627/627 626/626
f 629/629 627/627 628/628
f 621/621 620/620 630/630
f 631/631 632/632 633/633
f 634/634 635/635 636/636
f 635/635 634/634 637/637
f 638/638 637/637 634/634
f 639/639 640/640 641/641
f 642/642 641/641 640/640
f 642/642 643/643 644/644
f 645/645 646/646 647/647
f 632/632 631/631 648/648
f 649/649 637/637 638/638
f 648/648 631/631 624/624
f 650/650 651/651 622/622
f 622/622 652/652 650/650
f 650/650 652/652 653/653
f 654/654 653/653 652/652
f 653/653 654/654 655/655
f 636/636 635/635 656/656
f 657/657 658/658 659/659
f 627/627 629/629 635/635
f 660/660 635/635 629/629
f 637/637 661/661 662/662
f 661/661 637/637 649/649
f 660/660 656/656 635/635
f 663/663 664/664 665/665
f 666/666 667/667 658/658
f 667/667 666/666 668/668
f 668/668 666/666 669/669
f 623/623 622/622 651/651
f 670/670 671/671 672/672
f 673/673 665/665 674/674
f 658/658 674/674 665/665
f 674/674 658/658 657/657
f 672/672 675/675 676/676
f 677/677 678/678 679/679
f 678/678 677/677 680/680
f 625/625 670/670 626/626
f 676/676 681/681 682/682
f 683/683 684/684 685/685
f 682/682 685/685 684/684
f 681/681 685/685 682/682
f 663/663 686/686 687/687
f 688/688 689/689 690/690
f 691/691 684/684 683/683
f 678/678 680/680 692/692
f 671/671 662/662 672/672
f 661/661 672/672 662/662
f 672/672 661/661 678/678
f 679/679 678/678 661/661
f 693/693 694/694 695/695
f 672/672 696/696 675/675
f 647/647 646/646 697/697
f 646/646 695/695 697/697
f 697/697 695/695 694/694
f 678/678 696/696 672/672
f 694/694 693/693 698/698
f 699/699 700/700 701/701
f 701/701 700/700 702/702
f 640/640 702/702 700/700
f 702/702 640/640 639/639
f 703/703 704/704 644/644
f 691/691 705/705 684/684
f 684/684 705/705 680/680
f 692/692 680/680 705/705
f 641/641 642/642 706/706
f 644/644 706/706 642/642
f 706/706 644/644 704/704
f 707/707 708/708 663/663
f 680/680 709/709 684/684
f 710/710 684/684 709/709
f 710/710 711/711 684/684
f 712/712 684/684 711/711
f 684/684 712/712 644/644
f 713/713 714/714 644/644
f 644/644 715/715 703/703
f 716/716 699/699 701/701
f 645/645 647/647 717/717
f 693/693 699/699 716/716
f 718/718 719/719 720/720
f 721/721 722/722 723/723
f 722/722 721/721 724/724
f 724/724 721/721 725/725
f 726/726 727/727 724/724
f 728/728 724/724 727/727
f 724/724 728/728 729/729
f 730/730 731/731 726/726
f 732/732 733/733 734/734
f 735/735 736/736 737/737
f 697/697 738/738 647/647
f 739/739 647/647 738/738
f 647/647 739/739 730/730
f 643/643 740/740 644/644
f 727/727 726/726 731/731
f 644/644 740/740 647/647
f 741/741 724/724 742/742
f 724/724 741/741 720/720
f 720/720 741/741 743/743
f 744/744 745/745 720/720
f 726/726 746/746 747/747
f 720/720 748/748 749/749
f 720/720 749/749 724/724
f 750/750 724/724 749/749
f 724/724 750/750 751/751
f 752/752 753/753 744/744
f 745/745 744/744 753/753
f 748/748 720/720 745/745
f 754/754 752/752 744/744
f 752/752 754/754 755/755
f 756/756 684/684 757/757
f 758/758 619/619 759/759
f 760/760 761/761 632/632
f 684/684 756/756 762/762
f 730/730 726/726 647/647
f 747/747 647/647 726/726
f 647/647 747/747 763/763
f 751/751 764/764 724/724
f 746/746 724/724 764/764
f 621/621 632/632 761/761
f 765/765 737/737 736/736
f 766/766 767/767 621/621
f 768/768 621/621 767/767
f 621/621 768/768 755/755
f 682/682 769/769 770/770
f 771/771 770/770 769/769
f 717/717 647/647 740/740
f 716/716 698/698 693/693
f 754/754 772/772 759/759
f 773/773 658/658 774/774
f 667/667 774/774 658/658
f 775/775 664/664 687/687
f 687/687 664/664 663/663
f 772/772 754/754 776/776
f 659/659 658/658 773/773
f 777/777 778/778 744/744
f 779/779 744/744 778/778
f 744/744 779/779 754/754
f 754/754 779/779 780/780
f 669/669 666/666 781/781
f 782/782 663/663 708/708
f 663/663 782/782 626/626
f 626/626 782/782 783/783
f 665/665 673/673 663/663
f 663/663 673/673 707/707
f 781/781 666/666 784/784
f 785/785 775/775 786/786
f 787/787 786/786 788/788
f 732/732 723/723 789/789
f 619/619 655/655 654/654
f 655/655 619/619 790/790
f 758/758 790/790 619/619
f 780/780 776/776 754/754
f 765/765 736/736 719/719
f 723/723 732/732 734/734
f 789/789 723/723 722/722
f 720/720 791/791 744/744
f 792/792 744/744 791/791
f 744/744 792/792 777/777
f 786/786 775/775 687/687
f 784/784 785/785 781/781
f 736/736 735/735 733/733
f 733/733 735/735 734/734
f 715/715 644/644 712/712
f 742/742 724/724 725/725
f 718/718 720/720 743/743
f 793/793 788/788 786/786
f 787/787 794/794 786/786
f 795/795 786/786 794/794
f 786/786 795/795 781/781
f 632/632 688/688 770/770
f 796/796 684/684 797/797
f 684/684 796/796 682/682
f 798/798 682/682 796/796
f 682/682 798/798 769/769
f 763/763 799/799 647/647
f 800/800 647/647 799/799
f 621/621 759/759 619/619
f 759/759 621/621 754/754
f 755/755 754/754 621/621
f 648/648 801/801 632/632
f 688/688 632/632 801/801
f 762/762 797/797 684/684
f 690/690 770/770 688/688
f 770/770 690/690 682/682
f 676/676 682/682 690/690
f 793/793 786/786 802/802
f 801/801 802/802 786/786
f 802/802 801/801 803/803
f 648/648 803/803 801/801
f 803/803 648/648 623/623
f 624/624 623/623 648/648
f 620/620 619/619 654/654
f 729/729 722/722 724/724
f 783/783 628/628 626/626
f 621/621 630/630 804/804
f 633/633 632/632 804/804
f 644/644 757/757 684/684
f 805/805 806/806 770/770
f 724/724 746/746 726/726
f 800/800 807/807 647/647
f 808/808 647/647 807/807
f 647/647 808/808 644/644
f 809/809 644/644 808/808
f 644/644 809/809 713/713
f 714/714 810/810 644/644
f 757/757 644/644 810/810
f 770/770 771/771 805/805
f 770/770 806/806 632/632
f 632/632 811/811 760/760
f 811/811 632/632 812/812
f 813/813 812/812 632/632
f 621/621 761/761 766/766
f 632/632 806/806 813/813
f 814/814 686/686 663/663
f 815/815 816/816 801/801
f 817/817 815/815 786/786
f 814/814 663/663 690/690
f 690/690 689/689 814/814
f 688/688 816/816 689/689
f 801/801 816/816 688/688
f 687/687 817/817 786/786
f 817/817 687/687 686/686
f 818/818 819/819 820/820
f 821/821 822/822 823/823
f 824/824 825/825 826/826
f 825/825 824/824 822/822
f 827/827 822/822 824/824
f 827/827 828/828 822/822
f 829/829 819/819 830/830
f 831/831 832/832 833/833
f 832/832 834/834 835/835
f 836/836 837/837 838/838
f 838/838 837/837 839/839
f 840/840 839/839 837/837
f 839/839 840/840 841/841
f 841/841 840/840 842/842
f 835/835 843/843 844/844
f 845/845 844/844 843/843
f 846/846 835/835 847/847
f 843/843 835/835 846/846
f 847/847 835/835 834/834
f 834/834 832/832 831/831
f 820/820 819/819 848/848
f 837/837 826/826 825/825
f 826/826 837/837 836/836
f 849/849 833/833 832/832
f 850/850 821/821 851/851
f 823/823 851/851 821/821
f 822/822 828/828 823/823
f 818/818 830/830 819/819
f 822/822 821/821 848/848
f 819/819 829/829 849/849
f 833/833 849/849 829/829
f 852/852 844/844 845/845
f 842/842 844/844 852/852
f 844/844 842/842 840/840
f 821/821 820/820 848/848
f 853/853 854/854 855/855
f 856/856 857/857 858/858
f 854/854 853/853 859/859
f 860/860 861/861 862/862
f 863/863 864/864 865/865
f 866/866 863/863 860/860
f 867/867 855/855 854/854
f 855/855 867/867 868/868
f 868/868 867/867 869/869
f 857/857 869/869 867/867
f 869/869 857/857 870/870
f 870/870 857/857 856/856
f 864/864 863/863 866/866
f 861/861 860/860 863/863
f 871/871 872/872 873/873
f 874/874 873/873 872/872
f 875/875 876/876 877/877
f 876/876 878/878 877/877
f 879/879 880/880 881/881
f 879/879 876/876 875/875
f 877/877 878/878 882/882
f 883/883 884/884 882/882
f 875/875 885/885 879/879
f 880/880 885/885 886/886
f 885/885 887/887 886/886
f 887/887 885/885 888/888
f 873/873 889/889 861/861
f 889/889 873/873 874/874
f 890/890 879/879 881/881
f 879/879 890/890 871/871
f 872/872 871/871 890/890
f 862/862 861/861 889/889
f 882/882 884/884 891/891
f 865/865 858/858 857/857
f 858/858 865/865 892/892
f 854/854 882/882 878/878
f 891/891 893/893 882/882
f 892/892 865/865 864/864
f 894/894 895/895 896/896
f 895/895 894/894 897/897
f 898/898 899/899 900/900
f 901/901 898/898 902/902
f 901/901 902/902 903/903
f 904/904 903/903 902/902
f 905/905 906/906 907/907
f 908/908 909/909 910/910
f 909/909 908/908 911/911
f 912/912 911/911 908/908
f 904/904 911/911 912/912
f 911/911 904/904 902/902
f 907/907 913/913 898/898
f 906/906 913/913 907/907
f 902/902 898/898 913/913
f 900/900 914/914 898/898
f 915/915 897/897 894/894
f 916/916 917/917 918/918
f 918/918 917/917 919/919
f 919/919 917/917 920/920
f 897/897 920/920 917/917
f 920/920 897/897 915/915
f 917/917 916/916 909/909
f 906/906 905/905 921/921
f 922/922 921/921 905/905
f 923/923 922/922 924/924
f 910/910 909/909 916/916
f 922/922 925/925 924/924
f 926/926 927/927 928/928
f 928/928 927/927 929/929
f 930/930 929/929 927/927
f 929/929 930/930 931/931
f 925/925 922/922 932/932
f 933/933 898/898 914/914
f 896/896 895/895 934/934
f 934/934 895/895 926/926
f 927/927 926/926 895/895
f 935/935 936/936 937/937
f 936/936 935/935 938/938
f 939/939 940/940 941/941
f 942/942 941/941 940/940
f 941/941 942/942 943/943
f 944/944 943/943 942/942
f 945/945 946/946 947/947
f 948/948 947/947 946/946
f 947/947 948/948 949/949
f 949/949 950/950 951/951
f 951/951 950/950 952/952
f 953/953 952/952 950/950
f 952/952 953/953 954/954
f 937/937 954/954 953/953
f 954/954 937/937 936/936
f 940/940 939/939 955/955
f 956/956 955/955 939/939
f 957/957 958/958 959/959
f 960/960 959/959 958/958
f 959/959 960/960 961/961
f 962/962 961/961 960/960
f 938/938 963/963 964/964
f 965/965 964/964 963/963
f 964/964 965/965 966/966
f 935/935 967/967 938/938
f 963/963 938/938 967/967
f 968/968 969/969 970/970
f 969/969 968/968 971/971
f 972/972 971/971 968/968
f 971/971 972/972 956/956
f 955/955 956/956 972/972
f 973/973 974/974 975/975
f 976/976 975/975 974/974
f 977/977 975/975 976/976
f 978/978 977/977 976/976
f 950/950 949/949 979/979
f 948/948 979/979 949/949
f 980/980 981/981 982/982
f 944/944 982/982 981/981
f 943/943 944/944 981/981
f 983/983 984/984 985/985
f 984/984 983/983 986/986
f 987/987 986/986 983/983
f 958/958 957/957 973/973
f 974/974 973/973 957/957
f 988/988 986/986 987/987
f 989/989 988/988 987/987
f 990/990 991/991 992/992
f 991/991 990/990 945/945
f 946/946 945/945 990/990
f 961/961 962/962 993/993
f 962/962 994/994 993/993
f 970/970 966/966 965/965
f 966/966 970/970 969/969
f 995/995 996/996 997/997
f 996/996 998/998 997/997
f 988/988 997/997 998/998
f 997/997 988/988 989/989
f 999/999 1000/1000 1001/1001
f 1000/1000 999/999 1002/1002
f 1003/1003 1002/1002 999/999
f 1002/1002 1003/1003 1004/1004
f 1005/1005 1004/1004 1003/1003
f 977/977 978/978 980/980
f 981/981 980/980 978/978
f 1006/1006 1007/1007 1008/1008
f 985/985 1008/1008 1007/1007
f 1008/1008 985/985 984/984
f 996/996 995/995 994/994
f 993/993 994/994 995/995
f 1007/1007 1006/1006 1005/1005
f 1004/1004 1005/1005 1006/1006
f 1001/1001 992/992 991/991
f 992/992 1001/1001 1000/1000
f 1009/1009 1010/1010 1011/1011
f 1012/1012 1013/1013 1014/1014
f 1015/1015 1013/1013 1012/1012
f 1011/1011 1010/1010 1016/1016
f 1017/1017 1014/1014 1018/1018
f 1014/1014 1013/1013 1018/1018
f 1019/1019 1020/1020 1021/1021
f 1022/1022 1023/1023 1024/1024
f 1023/1023 1022/1022 1020/1020
f 1020/1020 1022/1022 1021/1021
f 1025/1025 1026/1026 1027/1027
f 1028/1028 1027/1027 1026/1026
f 1027/1027 1028/1028 1029/1029
f 1023/1023 1030/1030 1014/1014
f 1012/1012 1014/1014 1030/1030
f 1029/1029 1031/1031 1032/1032
f 1031/1031 1029/1029 1028/1028
f 1030/1030 1023/1023 1033/1033
f 1034/1034 1035/1035 1026/1026
f 1036/1036 1037/1037 1038/1038
f 1039/1039 1035/1035 1034/1034
f 1040/1040 1041/1041 1039/1039
f 1035/1035 1039/1039 1041/1041
f 1042/1042 1019/1019 1043/1043
f 1020/1020 1019/1019 1042/1042
f 1044/1044 1045/1045 1046/1046
f 1047/1047 1045/1045 1044/1044
f 1045/1045 1047/1047 1048/1048
f 1049/1049 1048/1048 1047/1047
f 1016/1016 1048/1048 1049/1049
f 1050/1050 1051/1051 1052/1052
f 1038/1038 1052/1052 1051/1051
f 1034/1034 1026/1026 1025/1025
f 1020/1020 1033/1033 1023/1023
f 1053/1053 1016/1016 1049/1049
f 1011/1011 1016/1016 1053/1053
f 1054/1054 1055/1055 1009/1009
f 1056/1056 1009/1009 1055/1055
f 1031/1031 1057/1057 1032/1032
f 1057/1057 1031/1031 1058/1058
f 1055/1055 1058/1058 1031/1031
f 1058/1058 1055/1055 1059/1059
f 1060/1060 1061/1061 1062/1062
f 1061/1061 1060/1060 1063/1063
f 1063/1063 1060/1060 1064/1064
f 1043/1043 1041/1041 1040/1040
f 1041/1041 1043/1043 1019/1019
f 1065/1065 1066/1066 1050/1050
f 1051/1051 1050/1050 1066/1066
f 1012/1012 1067/1067 1015/1015
f 1036/1036 1067/1067 1012/1012
f 1038/1038 1067/1067 1036/1036
f 1068/1068 1069/1069 1056/1056
f 1068/1068 1056/1056 1023/1023
f 1070/1070 1023/1023 1056/1056
f 1052/1052 1038/1038 1037/1037
f 1024/1024 1023/1023 1070/1070
f 1055/1055 1054/1054 1059/1059
f 1071/1071 1072/1072 1073/1073
f 1072/1072 1071/1071 1074/1074
f 1074/1074 1071/1071 1075/1075
f 1076/1076 1075/1075 1071/1071
f 1075/1075 1076/1076 1061/1061
f 1071/1071 1073/1073 1077/1077
f 1046/1046 1077/1077 1073/1073
f 1045/1045 1077/1077 1046/1046
f 1066/1066 1064/1064 1060/1060
f 1064/1064 1066/1066 1065/1065
f 1078/1078 1014/1014 1017/1017
f 1009/1009 1069/1069 1010/1010
f 1014/1014 1078/1078 1076/1076
f 1076/1076 1078/1078 1061/1061
f 1062/1062 1061/1061 1078/1078
f 878/878 857/857 867/867
f 878/878 873/873 857/857
f 873/873 863/863 857/857
f 863/863 865/865 857/857
f 873/873 861/861 863/863
f 878/878 879/879 873/873
f 646/646 717/717 693/693
f 717/717 642/642 693/693
f 642/642 700/700 693/693
f 717/717 643/643 642/642
f 717/717 740/740 643/643
f 646/646 645/645 717/717
f 373/373 357/357 359/359
f 375/375 357/357 373/373
f 817/817 814/814 816/816
f 817/817 686/686 814/814
f 658/658 775/775 785/785
f 664/664 775/775 665/665
f 429/429 425/425 435/435
f 429/429 426/426 425/425
f 429/429 428/428 426/426
f 627/627 637/637 671/671
f 637/637 662/662 671/671
f 630/630 654/654 804/804
f 654/654 624/624 804/804
f 624/624 633/633 804/804
f 652/652 622/622 654/654
f 544/544 549/549 552/552
f 549/549 550/550 552/552
f 550/550 551/551 552/552
f 549/549 548/548 550/550
f 544/544 530/530 549/549
f 530/530 512/512 549/549
f 588/588 553/553 549/549
f 544/544 527/527 530/530
f 527/527 533/533 530/530
f 533/533 531/531 530/530
f 527/527 535/535 533/533
f 541/541 528/528 527/527
f 1018/1018 1013/1013 1015/1015
f 1015/1015 1078/1078 1018/1018
f 1015/1015 1051/1051 1078/1078
f 1015/1015 1067/1067 1051/1051
f 1051/1051 1060/1060 1078/1078
f 911/911 913/913 917/917
f 913/913 927/927 917/917
f 927/927 895/895 917/917
f 913/913 921/921 927/927
f 911/911 902/902 913/913
f 718/718 743/743 719/719
f 743/743 737/737 719/719
f 743/743 721/721 737/737
f 721/721 734/734 737/737
f 734/734 735/735 737/737
f 721/721 723/723 734/734
f 743/743 742/742 721/721
f 743/743 741/741 742/742
f 1021/1021 1041/1041 1019/1019
f 1021/1021 1026/1026 1041/1041
f 1021/1021 1056/1056 1026/1026
f 1021/1021 1024/1024 1056/1056
f 1056/1056 1031/1031 1026/1026
f 600/600 592/592 601/601
f 592/592 615/615 601/601
f 592/592 587/587 615/615
f 554/554 555/555 587/587
f 587/587 605/605 615/615
f 587/587 577/577 605/605
f 587/587 574/574 577/577
f 587/587 1079/1079 574/574
f 574/574 575/575 577/577
f 589/589 607/607 605/605
f 605/605 611/611 615/615
f 605/605 602/602 611/611
f 605/605 603/603 602/602
f 602/602 612/612 611/611
f 611/611 613/613 615/615
f 611/611 610/610 613/613
f 613/613 614/614 615/615
f 615/615 616/616 601/601
f 1016/1016 1045/1045 1048/1048
f 1016/1016 1071/1071 1045/1045
f 1016/1016 1023/1023 1071/1071
f 1016/1016 1069/1069 1023/1023
f 1023/1023 1014/1014 1071/1071
f 837/837 822/822 840/840
f 822/822 832/832 840/840
f 832/832 835/835 840/840
f 822/822 819/819 832/832
f 678/678 676/676 675/675
f 678/678 683/683 676/676
f 683/683 681/681 676/676
f 683/683 685/685 681/681
f 678/678 705/705 683/683
f 705/705 691/691 683/683
f 556/556 569/569 573/573
f 556/556 546/546 569/569
f 556/556 561/561 546/546
f 559/559 562/562 561/561
f 561/561 407/407 546/546
f 561/561 560/560 407/407
f 546/546 565/565 569/569
f 563/563 564/564 565/565
f 565/565 566/566 569/569
f 565/565 567/567 566/566
f 566/566 568/568 569/569
f 569/569 571/571 573/573
f 569/569 570/570 571/571
f 571/571 572/572 573/573
f 478/478 479/479 480/480
f 483/483 414/414 478/478
f 414/414 476/476 478/478
f 476/476 477/477 478/478
f 414/414 475/475 476/476
f 483/483 470/470 414/414
f 470/470 361/361 414/414
f 361/361 466/466 414/414
f 466/466 468/468 414/414
f 361/361 467/467 466/466
f 469/469 362/362 361/361
f 483/483 489/489 470/470
f 489/489 485/485 470/470
f 485/485 472/472 470/470
f 489/489 487/487 485/485
f 483/483 493/493 489/489
f 493/493 494/494 489/489
f 483/483 484/484 493/493
f 394/394 379/379 376/376
f 394/394 396/396 379/379
f 394/394 404/404 396/396
f 587/587 512/512 1079/1079
f 854/854 859/859 1080/1080
f 543/543 542/542 544/544
f 556/556 558/558 559/559
f 626/626 670/670 663/663
f 585/585 1081/1081 584/584
f 512/512 574/574 1079/1079
f 1081/1081 1082/1082 584/584
f 1083/1083 525/525 522/522
f 1082/1082 1081/1081 1084/1084
f 921/921 1085/1085 930/930
f 407/407 408/408 546/546
f 1086/1086 497/497 1087/1087
f 690/690 670/670 672/672
f 169/169 171/171 144/144
f 215/215 240/240 325/325
f 325/325 216/216 215/215
f 224/224 247/247 1088/1088
f 140/140 141/141 224/224
f 228/228 184/184 186/186
f 239/239 179/179 102/102
f 286/286 190/190 189/189
f 193/193 232/232 231/231
f 231/231 189/189 191/191
f 364/364 358/358 357/357
f 379/379 381/381 378/378
f 360/360 363/363 374/374
f 420/420 1089/1089 421/421
f 440/440 1090/1090 438/438
f 438/438 442/442 439/439
f 501/501 497/497 1086/1086
f 1086/1086 502/502 501/501
f 1091/1091 523/523 526/526
f 523/523 522/522 526/526
f 527/527 522/522 524/524
f 527/527 529/529 537/537
f 584/584 583/583 582/582
f 595/595 596/596 1092/1092
f 1092/1092 1093/1093 595/595
f 1093/1093 593/593 595/595
f 632/632 621/621 804/804
f 786/786 781/781 785/785
f 736/736 791/791 719/719
f 791/791 720/720 719/719
f 690/690 672/672 676/676
f 801/801 786/786 815/815
f 670/670 690/690 663/663
f 820/820 1094/1094 1095/1095
f 1095/1095 1096/1096 820/820
f 1096/1096 818/818 820/820
f 882/882 854/854 1080/1080
f 882/882 1080/1080 883/883
f 880/880 879/879 885/885
f 901/901 899/899 898/898
f 923/923 921/921 922/922
f 1009/1009 1056/1056 1069/1069
f 854/854 878/878 867/867
f 873/873 879/879 871/871
f 879/879 878/878 876/876
f 695/695 646/646 693/693
f 693/693 700/700 699/699
f 700/700 642/642 640/640
f 374/374 373/373 359/359
f 357/357 356/356 359/359
f 816/816 815/815 817/817
f 689/689 816/816 814/814
f 658/658 785/785 784/784
f 666/666 658/658 784/784
f 658/658 665/665 775/775
f 435/435 425/425 427/427
f 627/627 671/671 670/670
f 635/635 637/637 627/627
f 627/627 670/670 625/625
f 633/633 624/624 631/631
f 654/654 622/622 624/624
f 654/654 630/630 620/620
f 552/552 543/543 544/544
f 549/549 512/512 588/588
f 588/588 586/586 553/553
f 512/512 530/530 520/520
f 520/520 515/515 514/514
f 520/520 514/514 512/512
f 527/527 544/544 541/541
f 1051/1051 1067/1067 1038/1038
f 1060/1060 1051/1051 1066/1066
f 1060/1060 1062/1062 1078/1078
f 1018/1018 1078/1078 1017/1017
f 909/909 911/911 917/917
f 917/917 895/895 897/897
f 927/927 921/921 930/930
f 921/921 913/913 906/906
f 719/719 737/737 765/765
f 721/721 742/742 725/725
f 1021/1021 1022/1022 1024/1024
f 1056/1056 1024/1024 1070/1070
f 1031/1031 1056/1056 1055/1055
f 1031/1031 1028/1028 1026/1026
f 1026/1026 1035/1035 1041/1041
f 587/587 592/592 554/554
f 577/577 589/589 605/605
f 1069/1069 1016/1016 1010/1010
f 1023/1023 1069/1069 1068/1068
f 1014/1014 1076/1076 1071/1071
f 1045/1045 1071/1071 1077/1077
f 840/840 835/835 844/844
f 832/832 819/819 849/849
f 819/819 822/822 848/848
f 822/822 837/837 825/825
f 675/675 696/696 678/678
f 705/705 678/678 692/692
f 557/557 556/556 573/573
f 573/573 482/482 557/557
f 556/556 559/559 561/561
f 546/546 563/563 565/565
f 478/478 480/480 483/483
f 470/470 469/469 361/361
f 376/376 379/379 377/377
f 396/396 380/380 379/379
f 585/585 1097/1097 1081/1081
f 921/921 923/923 1085/1085
f 930/930 1085/1085 931/931
f 1098/1098 1099/1099 1100/1100
f 1101/1101 1102/1102 1103/1103
f 1104/1104 1105/1105 1106/1106
f 1107/1107 1104/1104 1108/1108
f 1109/1109 1110/1110 1111/1111
f 1112/1112 1113/1113 1114/1114
f 1115/1115 1114/1114 1113/1113
f 1114/1114 1115/1115 1116/1116
f 1117/1117 1116/1116 1115/1115
f 1116/1116 1117/1117 1118/1118
f 1119/1119 1118/1118 1117/1117
f 1118/1118 1119/1119 1120/1120
f 1121/1121 1120/1120 1119/1119
f 1120/1120 1121/1121 1122/1122
f 1123/1123 1122/1122 1121/1121
f 1124/1124 1125/1125 1126/1126
f 1127/1127 1126/1126 1125/1125
f 1126/1126 1127/1127 1109/1109
f 1110/1110 1109/1109 1127/1127
f 1128/1128 1111/1111 1129/1129
f 1130/1130 1131/1131 1113/1113
f 1132/1132 1113/1113 1131/1131
f 1113/1113 1132/1132 1115/1115
f 1133/1133 1115/1115 1132/1132
f 1115/1115 1133/1133 1117/1117
f 1134/1134 1117/1117 1133/1133
f 1117/1117 1134/1134 1119/1119
f 1135/1135 1119/1119 1134/1134
f 1119/1119 1135/1135 1121/1121
f 1124/1124 1121/1121 1135/1135
f 1121/1121 1124/1124 1123/1123
f 1136/1136 1127/1127 1137/1137
f 1127/1127 1136/1136 1110/1110
f 1138/1138 1110/1110 1136/1136
f 1139/1139 1114/1114 1140/1140
f 1141/1141 1142/1142 1140/1140
f 1143/1143 1142/1142 1141/1141
f 1142/1142 1143/1143 1144/1144
f 1145/1145 1144/1144 1143/1143
f 1146/1146 1144/1144 1145/1145
f 1122/1122 1123/1123 1147/1147
f 1148/1148 1147/1147 1123/1123
f 1147/1147 1148/1148 1149/1149
f 1128/1128 1149/1149 1148/1148
f 1149/1149 1128/1128 1150/1150
f 1129/1129 1150/1150 1128/1128
f 1150/1150 1129/1129 1151/1151
f 1116/1116 1140/1140 1114/1114
f 1140/1140 1116/1116 1141/1141
f 1118/1118 1141/1141 1116/1116
f 1141/1141 1118/1118 1143/1143
f 1120/1120 1143/1143 1118/1118
f 1143/1143 1120/1120 1145/1145
f 1122/1122 1145/1145 1120/1120
f 1145/1145 1122/1122 1146/1146
f 1126/1126 1123/1123 1124/1124
f 1123/1123 1126/1126 1148/1148
f 1109/1109 1148/1148 1126/1126
f 1148/1148 1109/1109 1128/1128
f 1111/1111 1128/1128 1109/1109
f 1152/1152 1153/1153 1154/1154
f 1155/1155 1139/1139 1140/1140
f 1139/1139 1112/1112 1114/1114
f 1112/1112 1130/1130 1113/1113
f 1130/1130 1156/1156 1131/1131
f 1156/1156 1157/1157 1152/1152
f 1158/1158 1159/1159 1160/1160
f 1154/1154 1160/1160 1159/1159
f 1160/1160 1154/1154 1153/1153
f 1161/1161 1162/1162 1163/1163
f 1153/1153 1157/1157 1164/1164
f 1156/1156 1152/1152 1131/1131
f 1154/1154 1131/1131 1152/1152
f 1131/1131 1154/1154 1132/1132
f 1159/1159 1132/1132 1154/1154
f 1132/1132 1159/1159 1133/1133
f 1165/1165 1133/1133 1159/1159
f 1133/1133 1165/1165 1134/1134
f 1166/1166 1134/1134 1165/1165
f 1134/1134 1166/1166 1135/1135
f 1167/1167 1135/1135 1166/1166
f 1135/1135 1167/1167 1124/1124
f 1125/1125 1124/1124 1167/1167
f 1157/1157 1153/1153 1152/1152
f 1155/1155 1140/1140 1142/1142
f 1168/1168 1159/1159 1158/1158
f 1159/1159 1168/1168 1165/1165
f 1165/1165 1168/1168 1166/1166
f 1169/1169 1166/1166 1168/1168
f 1166/1166 1169/1169 1167/1167
f 1170/1170 1167/1167 1169/1169
f 1137/1137 1167/1167 1170/1170
f 1167/1167 1137/1137 1125/1125
f 1125/1125 1137/1137 1127/1127
f 1171/1171 1172/1172 1173/1173
f 1172/1172 1174/1174 1175/1175
f 1175/1175 1173/1173 1172/1172
f 1174/1174 1176/1176 1177/1177
f 1178/1178 1177/1177 1176/1176
f 1171/1171 1179/1179 1180/1180
f 1179/1179 1171/1171 1173/1173
f 1175/1175 1174/1174 1177/1177
f 1181/1181 1182/1182 1183/1183
f 1178/1178 1183/1183 1182/1182
f 1183/1183 1178/1178 1176/1176
f 1144/1144 1146/1146 1184/1184
f 1185/1185 1184/1184 1146/1146
f 1186/1186 1184/1184 1185/1185
f 1184/1184 1186/1186 1187/1187
f 1188/1188 1187/1187 1186/1186
f 1189/1189 1187/1187 1188/1188
f 1187/1187 1189/1189 1190/1190
f 1147/1147 1146/1146 1122/1122
f 1146/1146 1147/1147 1185/1185
f 1149/1149 1185/1185 1147/1147
f 1185/1185 1149/1149 1186/1186
f 1150/1150 1186/1186 1149/1149
f 1186/1186 1150/1150 1188/1188
f 1151/1151 1188/1188 1150/1150
f 1188/1188 1151/1151 1189/1189
f 1191/1191 1192/1192 1193/1193
f 1194/1194 1195/1195 1196/1196
f 1197/1197 1198/1198 1196/1196
f 1199/1199 1200/1200 1193/1193
f 1201/1201 1202/1202 1203/1203
f 1204/1204 1205/1205 1206/1206
f 1207/1207 1206/1206 1205/1205
f 1206/1206 1207/1207 1208/1208
f 1209/1209 1208/1208 1207/1207
f 1205/1205 1203/1203 1202/1202
f 1202/1202 1201/1201 1210/1210
f 1211/1211 1210/1210 1201/1201
f 1212/1212 1213/1213 1214/1214
f 1215/1215 1216/1216 1217/1217
f 1218/1218 1219/1219 1220/1220
f 1220/1220 1221/1221 1222/1222
f 1210/1210 1211/1211 1223/1223
f 1224/1224 1217/1217 1216/1216
f 1223/1223 1216/1216 1210/1210
f 1225/1225 1210/1210 1216/1216
f 1210/1210 1225/1225 1202/1202
f 1202/1202 1225/1225 1209/1209
f 1215/1215 1209/1209 1225/1225
f 1209/1209 1215/1215 1226/1226
f 1227/1227 1226/1226 1215/1215
f 1226/1226 1227/1227 1228/1228
f 1208/1208 1209/1209 1229/1229
f 1226/1226 1229/1229 1209/1209
f 1228/1228 1229/1229 1226/1226
f 1215/1215 1225/1225 1216/1216
f 1205/1205 1202/1202 1207/1207
f 1209/1209 1207/1207 1202/1202
f 1230/1230 1231/1231 1232/1232
f 1233/1233 1234/1234 1235/1235
f 1236/1236 1235/1235 1234/1234
f 1235/1235 1236/1236 1237/1237
f 1238/1238 1239/1239 1240/1240
f 1239/1239 1238/1238 1241/1241
f 1242/1242 1241/1241 1238/1238
f 1241/1241 1242/1242 1243/1243
f 1230/1230 1243/1243 1242/1242
f 1243/1243 1230/1230 1244/1244
f 1245/1245 1244/1244 1230/1230
f 1246/1246 1232/1232 1231/1231
f 1234/1234 1233/1233 1231/1231
f 1231/1231 1230/1230 1247/1247
f 1242/1242 1247/1247 1230/1230
f 1247/1247 1242/1242 1248/1248
f 1238/1238 1248/1248 1242/1242
f 1248/1248 1238/1238 1249/1249
f 1240/1240 1249/1249 1238/1238
f 1249/1249 1240/1240 1250/1250
f 1251/1251 1252/1252 1253/1253
f 1252/1252 1251/1251 1254/1254
f 1255/1255 1254/1254 1251/1251
f 1254/1254 1255/1255 1256/1256
f 1239/1239 1256/1256 1255/1255
f 1256/1256 1239/1239 1257/1257
f 1218/1218 1258/1258 1259/1259
f 1260/1260 1261/1261 1262/1262
f 1214/1214 1260/1260 1212/1212
f 1263/1263 1259/1259 1264/1264
f 1258/1258 1264/1264 1259/1259
f 1258/1258 1218/1218 1220/1220
f 1265/1265 1250/1250 1240/1240
f 1250/1250 1265/1265 1266/1266
f 1267/1267 1268/1268 1234/1234
f 1236/1236 1234/1234 1268/1268
f 1246/1246 1231/1231 1233/1233
f 1203/1203 1264/1264 1201/1201
f 1206/1206 1269/1269 1204/1204
f 1270/1270 1271/1271 1272/1272
f 1272/1272 1271/1271 1204/1204
f 1273/1273 1224/1224 1222/1222
f 1216/1216 1222/1222 1224/1224
f 1223/1223 1222/1222 1216/1216
f 1222/1222 1223/1223 1220/1220
f 1211/1211 1220/1220 1223/1223
f 1220/1220 1211/1211 1258/1258
f 1201/1201 1258/1258 1211/1211
f 1258/1258 1201/1201 1264/1264
f 1272/1272 1204/1204 1269/1269
f 1264/1264 1203/1203 1274/1274
f 1205/1205 1274/1274 1203/1203
f 1274/1274 1205/1205 1275/1275
f 1204/1204 1275/1275 1205/1205
f 1275/1275 1204/1204 1271/1271
f 1276/1276 1277/1277 1278/1278
f 1270/1270 1279/1279 1280/1280
f 1281/1281 1282/1282 1283/1283
f 1282/1282 1281/1281 1284/1284
f 1285/1285 1280/1280 1286/1286
f 1280/1280 1285/1285 1270/1270
f 1270/1270 1285/1285 1271/1271
f 1287/1287 1286/1286 1288/1288
f 1280/1280 1288/1288 1286/1286
f 1289/1289 1288/1288 1280/1280
f 1280/1280 1290/1290 1289/1289
f 1290/1290 1280/1280 1279/1279
f 1279/1279 1270/1270 1283/1283
f 1272/1272 1283/1283 1270/1270
f 1283/1283 1272/1272 1281/1281
f 1291/1291 1292/1292 1293/1293
f 1292/1292 1289/1289 1290/1290
f 1294/1294 1208/1208 1229/1229
f 1269/1269 1206/1206 1294/1294
f 1208/1208 1294/1294 1206/1206
f 1287/1287 1262/1262 1286/1286
f 1271/1271 1295/1295 1275/1275
f 1295/1295 1271/1271 1285/1285
f 1285/1285 1296/1296 1295/1295
f 1297/1297 1295/1295 1296/1296
f 1295/1295 1297/1297 1263/1263
f 1261/1261 1263/1263 1297/1297
f 1263/1263 1261/1261 1259/1259
f 1296/1296 1286/1286 1262/1262
f 1285/1285 1286/1286 1296/1296
f 1296/1296 1262/1262 1297/1297
f 1297/1297 1262/1262 1261/1261
f 1227/1227 1215/1215 1217/1217
f 1298/1298 1224/1224 1299/1299
f 1299/1299 1300/1300 1298/1298
f 1241/1241 1257/1257 1239/1239
f 1261/1261 1260/1260 1218/1218
f 1301/1301 1218/1218 1260/1260
f 1218/1218 1259/1259 1261/1261
f 1274/1274 1263/1263 1264/1264
f 1263/1263 1274/1274 1295/1295
f 1275/1275 1295/1295 1274/1274
f 1302/1302 1164/1164 1303/1303
f 1304/1304 1305/1305 1306/1306
f 1307/1307 1308/1308 1309/1309
f 1310/1310 1309/1309 1308/1308
f 1311/1311 1312/1312 1313/1313
f 1314/1314 1313/1313 1312/1312
f 1315/1315 1314/1314 1316/1316
f 1317/1317 1309/1309 1310/1310
f 1306/1306 1317/1317 1318/1318
f 1304/1304 1319/1319 1305/1305
f 1319/1319 1304/1304 1320/1320
f 1321/1321 1322/1322 1316/1316
f 1309/1309 1317/1317 1323/1323
f 1323/1323 1317/1317 1321/1321
f 1324/1324 1325/1325 1306/1306
f 1306/1306 1325/1325 1304/1304
f 1326/1326 1327/1327 1328/1328
f 1329/1329 1311/1311 1330/1330
f 1311/1311 1329/1329 1331/1331
f 1332/1332 1333/1333 1322/1322
f 1319/1319 1320/1320 1334/1334
f 1335/1335 1336/1336 1337/1337
f 1338/1338 1337/1337 1336/1336
f 1334/1334 1337/1337 1338/1338
f 1337/1337 1334/1334 1320/1320
f 1327/1327 1326/1326 1339/1339
f 1313/1313 1330/1330 1311/1311
f 1340/1340 1328/1328 1327/1327
f 1328/1328 1340/1340 1341/1341
f 1307/1307 1312/1312 1311/1311
f 1338/1338 1342/1342 1343/1343
f 1331/1331 1344/1344 1345/1345
f 1346/1346 1345/1345 1344/1344
f 1345/1345 1308/1308 1307/1307
f 1346/1346 1308/1308 1345/1345
f 1308/1308 1346/1346 1347/1347
f 1331/1331 1345/1345 1311/1311
f 1307/1307 1311/1311 1345/1345
f 1348/1348 1349/1349 1350/1350
f 1351/1351 1352/1352 1353/1353
f 1354/1354 1332/1332 1355/1355
f 1322/1322 1355/1355 1332/1332
f 1317/1317 1306/1306 1321/1321
f 1321/1321 1355/1355 1322/1322
f 1333/1333 1316/1316 1322/1322
f 1316/1316 1333/1333 1356/1356
f 1307/1307 1309/1309 1312/1312
f 1323/1323 1312/1312 1309/1309
f 1312/1312 1323/1323 1314/1314
f 1314/1314 1323/1323 1316/1316
f 1321/1321 1316/1316 1323/1323
f 1356/1356 1357/1357 1315/1315
f 1358/1358 1359/1359 1360/1360
f 1361/1361 1362/1362 1363/1363
f 1364/1364 1365/1365 1366/1366
f 1365/1365 1364/1364 1367/1367
f 1368/1368 1364/1364 1369/1369
f 1366/1366 1369/1369 1364/1364
f 1369/1369 1366/1366 1370/1370
f 1361/1361 1370/1370 1366/1366
f 1370/1370 1361/1361 1371/1371
f 1363/1363 1371/1371 1361/1361
f 1371/1371 1363/1363 1372/1372
f 1373/1373 1372/1372 1363/1363
f 1372/1372 1373/1373 1374/1374
f 1375/1375 1376/1376 1377/1377
f 1234/1234 1231/1231 1267/1267
f 1362/1362 1361/1361 1378/1378
f 1268/1268 1377/1377 1376/1376
f 1377/1377 1268/1268 1267/1267
f 1366/1366 1378/1378 1361/1361
f 1378/1378 1366/1366 1365/1365
f 1266/1266 1379/1379 1250/1250
f 1380/1380 1250/1250 1379/1379
f 1250/1250 1380/1380 1249/1249
f 1375/1375 1249/1249 1380/1380
f 1249/1249 1375/1375 1248/1248
f 1377/1377 1248/1248 1375/1375
f 1381/1381 1369/1369 1257/1257
f 1257/1257 1241/1241 1381/1381
f 1243/1243 1381/1381 1241/1241
f 1381/1381 1243/1243 1382/1382
f 1244/1244 1382/1382 1243/1243
f 1253/1253 1266/1266 1251/1251
f 1265/1265 1251/1251 1266/1266
f 1251/1251 1265/1265 1255/1255
f 1240/1240 1255/1255 1265/1265
f 1255/1255 1240/1240 1239/1239
f 1383/1383 1374/1374 1373/1373
f 1374/1374 1383/1383 1384/1384
f 1385/1385 1384/1384 1383/1383
f 1369/1369 1381/1381 1382/1382
f 1386/1386 1385/1385 1387/1387
f 1370/1370 1257/1257 1369/1369
f 1257/1257 1370/1370 1256/1256
f 1371/1371 1256/1256 1370/1370
f 1256/1256 1371/1371 1254/1254
f 1372/1372 1254/1254 1371/1371
f 1254/1254 1372/1372 1252/1252
f 1374/1374 1252/1252 1372/1372
f 1252/1252 1374/1374 1384/1384
f 1384/1384 1253/1253 1252/1252
f 1248/1248 1377/1377 1247/1247
f 1267/1267 1247/1247 1377/1377
f 1247/1247 1267/1267 1231/1231
f 1388/1388 1389/1389 1390/1390
f 1382/1382 1391/1391 1369/1369
f 1310/1310 1392/1392 1317/1317
f 1393/1393 1394/1394 1395/1395
f 1390/1390 1395/1395 1394/1394
f 1367/1367 1389/1389 1388/1388
f 1232/1232 1245/1245 1230/1230
f 1396/1396 1390/1390 1389/1389
f 1395/1395 1390/1390 1396/1396
f 1343/1343 1334/1334 1338/1338
f 1355/1355 1334/1334 1343/1343
f 1334/1334 1355/1355 1319/1319
f 1319/1319 1355/1355 1305/1305
f 1321/1321 1305/1305 1355/1355
f 1305/1305 1321/1321 1306/1306
f 1376/1376 1375/1375 1397/1397
f 1383/1383 1387/1387 1385/1385
f 1380/1380 1379/1379 1398/1398
f 1387/1387 1383/1383 1399/1399
f 1373/1373 1399/1399 1383/1383
f 1397/1397 1380/1380 1398/1398
f 1380/1380 1397/1397 1375/1375
f 1399/1399 1373/1373 1362/1362
f 1363/1363 1362/1362 1373/1373
f 1400/1400 1283/1283 1282/1282
f 1401/1401 1237/1237 1402/1402
f 1403/1403 1402/1402 1237/1237
f 1402/1402 1403/1403 1404/1404
f 1405/1405 1404/1404 1403/1403
f 1404/1404 1405/1405 1406/1406
f 1407/1407 1406/1406 1405/1405
f 1406/1406 1407/1407 1408/1408
f 1388/1388 1365/1365 1367/1367
f 1390/1390 1394/1394 1409/1409
f 1386/1386 1387/1387 1410/1410
f 1410/1410 1387/1387 1411/1411
f 1412/1412 1413/1413 1414/1414
f 1388/1388 1415/1415 1365/1365
f 1416/1416 1365/1365 1415/1415
f 1378/1378 1365/1365 1416/1416
f 1162/1162 1417/1417 1418/1418
f 1417/1417 1412/1412 1419/1419
f 1420/1420 1421/1421 1422/1422
f 1421/1421 1420/1420 1423/1423
f 1424/1424 1423/1423 1420/1420
f 1423/1423 1424/1424 1425/1425
f 1362/1362 1425/1425 1424/1424
f 1426/1426 1390/1390 1409/1409
f 1422/1422 1427/1427 1420/1420
f 1420/1420 1427/1427 1424/1424
f 1424/1424 1427/1427 1411/1411
f 1422/1422 1421/1421 1426/1426
f 1394/1394 1426/1426 1409/1409
f 1415/1415 1425/1425 1416/1416
f 1421/1421 1390/1390 1426/1426
f 1390/1390 1421/1421 1415/1415
f 1423/1423 1415/1415 1421/1421
f 1425/1425 1415/1415 1423/1423
f 1362/1362 1416/1416 1425/1425
f 1416/1416 1362/1362 1378/1378
f 1415/1415 1388/1388 1390/1390
f 1387/1387 1399/1399 1411/1411
f 1411/1411 1399/1399 1424/1424
f 1362/1362 1424/1424 1399/1399
f 1428/1428 1429/1429 1430/1430
f 1431/1431 1284/1284 1430/1430
f 1284/1284 1432/1432 1433/1433
f 1434/1434 1433/1433 1432/1432
f 1433/1433 1434/1434 1428/1428
f 1228/1228 1428/1428 1434/1434
f 1277/1277 1291/1291 1278/1278
f 1293/1293 1278/1278 1291/1291
f 1278/1278 1293/1293 1435/1435
f 1436/1436 1435/1435 1293/1293
f 1435/1435 1436/1436 1437/1437
f 1400/1400 1437/1437 1436/1436
f 1437/1437 1400/1400 1438/1438
f 1282/1282 1438/1438 1400/1400
f 1438/1438 1282/1282 1431/1431
f 1284/1284 1431/1431 1282/1282
f 1432/1432 1284/1284 1281/1281
f 1269/1269 1281/1281 1272/1272
f 1281/1281 1269/1269 1432/1432
f 1294/1294 1432/1432 1269/1269
f 1432/1432 1294/1294 1434/1434
f 1229/1229 1434/1434 1294/1294
f 1434/1434 1229/1229 1228/1228
f 1290/1290 1293/1293 1292/1292
f 1293/1293 1290/1290 1436/1436
f 1279/1279 1436/1436 1290/1290
f 1436/1436 1279/1279 1400/1400
f 1283/1283 1400/1400 1279/1279
f 1439/1439 1262/1262 1287/1287
f 1440/1440 1441/1441 1442/1442
f 1443/1443 1260/1260 1440/1440
f 1440/1440 1262/1262 1439/1439
f 1260/1260 1262/1262 1440/1440
f 1433/1433 1430/1430 1284/1284
f 1430/1430 1433/1433 1428/1428
f 1182/1182 1276/1276 1178/1178
f 1278/1278 1178/1178 1276/1276
f 1178/1178 1278/1278 1177/1177
f 1435/1435 1177/1177 1278/1278
f 1177/1177 1435/1435 1175/1175
f 1437/1437 1175/1175 1435/1435
f 1175/1175 1437/1437 1173/1173
f 1438/1438 1173/1173 1437/1437
f 1173/1173 1438/1438 1179/1179
f 1431/1431 1179/1179 1438/1438
f 1179/1179 1431/1431 1180/1180
f 1430/1430 1180/1180 1431/1431
f 1180/1180 1430/1430 1429/1429
f 1444/1444 1445/1445 1446/1446
f 1447/1447 1444/1444 1448/1448
f 1445/1445 1449/1449 1450/1450
f 1449/1449 1451/1451 1452/1452
f 1453/1453 1454/1454 1455/1455
f 1456/1456 1457/1457 1458/1458
f 1459/1459 1460/1460 1461/1461
f 1462/1462 1463/1463 1464/1464
f 1465/1465 1466/1466 1467/1467
f 1468/1468 1469/1469 1470/1470
f 1471/1471 1472/1472 1470/1470
f 1473/1473 1474/1474 1475/1475
f 1476/1476 1477/1477 1475/1475
f 1478/1478 1479/1479 1480/1480
f 1481/1481 1482/1482 1483/1483
f 1484/1484 1485/1485 1486/1486
f 1487/1487 1488/1488 1489/1489
f 1490/1490 1491/1491 1492/1492
f 1492/1492 1491/1491 1488/1488
f 1487/1487 1493/1493 1488/1488
f 1494/1494 1488/1488 1493/1493
f 1488/1488 1494/1494 1492/1492
f 1495/1495 1492/1492 1494/1494
f 1492/1492 1495/1495 1496/1496
f 1497/1497 1496/1496 1495/1495
f 1491/1491 1489/1489 1488/1488
f 1498/1498 1493/1493 1499/1499
f 1493/1493 1498/1498 1494/1494
f 1494/1494 1498/1498 1495/1495
f 1500/1500 1495/1495 1498/1498
f 1495/1495 1500/1500 1497/1497
f 1501/1501 1487/1487 1489/1489
f 1487/1487 1501/1501 1493/1493
f 1489/1489 1502/1502 1501/1501
f 1490/1490 1496/1496 1503/1503
f 1496/1496 1490/1490 1492/1492
f 1504/1504 1505/1505 1506/1506
f 1507/1507 1504/1504 1508/1508
f 1509/1509 1510/1510 1511/1511
f 1512/1512 1513/1513 1514/1514
f 1515/1515 1516/1516 1517/1517
f 1516/1516 1515/1515 1499/1499
f 1518/1518 1515/1515 1519/1519
f 1517/1517 1519/1519 1515/1515
f 1519/1519 1517/1517 1520/1520
f 1521/1521 1520/1520 1517/1517
f 1520/1520 1521/1521 1512/1512
f 1513/1513 1522/1522 1514/1514
f 1523/1523 1521/1521 1516/1516
f 1517/1517 1516/1516 1521/1521
f 1513/1513 1512/1512 1521/1521
f 1303/1303 1501/1501 1502/1502
f 1524/1524 1525/1525 1526/1526
f 1526/1526 1525/1525 1527/1527
f 1528/1528 1529/1529 1530/1530
f 1531/1531 1532/1532 1533/1533
f 1534/1534 1137/1137 1170/1170
f 1139/1139 1155/1155 1535/1535
f 1112/1112 1139/1139 1536/1536
f 1130/1130 1112/1112 1537/1537
f 1139/1139 1535/1535 1536/1536
f 1531/1531 1536/1536 1535/1535
f 1536/1536 1531/1531 1533/1533
f 1513/1513 1538/1538 1522/1522
f 1539/1539 1533/1533 1540/1540
f 1533/1533 1539/1539 1541/1541
f 1542/1542 1541/1541 1539/1539
f 1541/1541 1542/1542 1543/1543
f 1513/1513 1543/1543 1542/1542
f 1112/1112 1536/1536 1537/1537
f 1533/1533 1537/1537 1536/1536
f 1537/1537 1533/1533 1544/1544
f 1541/1541 1544/1544 1533/1533
f 1544/1544 1541/1541 1545/1545
f 1546/1546 1169/1169 1547/1547
f 1548/1548 1429/1429 1549/1549
f 1550/1550 1160/1160 1551/1551
f 1160/1160 1550/1550 1158/1158
f 1552/1552 1158/1158 1550/1550
f 1158/1158 1552/1552 1168/1168
f 1547/1547 1168/1168 1552/1552
f 1168/1168 1547/1547 1169/1169
f 1543/1543 1545/1545 1541/1541
f 1169/1169 1546/1546 1170/1170
f 1534/1534 1170/1170 1546/1546
f 1429/1429 1548/1548 1553/1553
f 1138/1138 1553/1553 1548/1548
f 1553/1553 1138/1138 1554/1554
f 1136/1136 1554/1554 1138/1138
f 1554/1554 1136/1136 1534/1534
f 1137/1137 1534/1534 1136/1136
f 1493/1493 1555/1555 1499/1499
f 1499/1499 1555/1555 1556/1556
f 1557/1557 1556/1556 1555/1555
f 1556/1556 1557/1557 1156/1156
f 1157/1157 1156/1156 1557/1557
f 1555/1555 1493/1493 1501/1501
f 1557/1557 1164/1164 1157/1157
f 1164/1164 1557/1557 1303/1303
f 1555/1555 1303/1303 1557/1557
f 1501/1501 1303/1303 1555/1555
f 1558/1558 1559/1559 1560/1560
f 1545/1545 1543/1543 1559/1559
f 1513/1513 1559/1559 1543/1543
f 1559/1559 1513/1513 1523/1523
f 1516/1516 1559/1559 1523/1523
f 1544/1544 1130/1130 1537/1537
f 1130/1130 1544/1544 1561/1561
f 1545/1545 1561/1561 1544/1544
f 1561/1561 1545/1545 1558/1558
f 1559/1559 1558/1558 1545/1545
f 1507/1507 1524/1524 1562/1562
f 1516/1516 1560/1560 1559/1559
f 1561/1561 1156/1156 1130/1130
f 1156/1156 1561/1561 1556/1556
f 1558/1558 1556/1556 1561/1561
f 1560/1560 1556/1556 1558/1558
f 1556/1556 1560/1560 1499/1499
f 1516/1516 1499/1499 1560/1560
f 1513/1513 1521/1521 1523/1523
f 1563/1563 1511/1511 1564/1564
f 1564/1564 1511/1511 1565/1565
f 1496/1496 1565/1565 1511/1511
f 1497/1497 1565/1565 1496/1496
f 1565/1565 1497/1497 1566/1566
f 1515/1515 1498/1498 1499/1499
f 1498/1498 1515/1515 1500/1500
f 1518/1518 1500/1500 1515/1515
f 1566/1566 1500/1500 1518/1518
f 1524/1524 1507/1507 1525/1525
f 1530/1530 1525/1525 1507/1507
f 1510/1510 1503/1503 1511/1511
f 1511/1511 1503/1503 1496/1496
f 1514/1514 1567/1567 1512/1512
f 1500/1500 1566/1566 1497/1497
f 1568/1568 1512/1512 1567/1567
f 1512/1512 1568/1568 1520/1520
f 1520/1520 1568/1568 1519/1519
f 1569/1569 1519/1519 1568/1568
f 1519/1519 1569/1569 1518/1518
f 1570/1570 1518/1518 1569/1569
f 1518/1518 1570/1570 1566/1566
f 1571/1571 1566/1566 1570/1570
f 1566/1566 1571/1571 1565/1565
f 1564/1564 1565/1565 1571/1571
f 1509/1509 1564/1564 1525/1525
f 1524/1524 1572/1572 1562/1562
f 1573/1573 1572/1572 1568/1568
f 1524/1524 1568/1568 1572/1572
f 1568/1568 1524/1524 1569/1569
f 1526/1526 1569/1569 1524/1524
f 1569/1569 1526/1526 1570/1570
f 1527/1527 1570/1570 1526/1526
f 1570/1570 1527/1527 1571/1571
f 1525/1525 1571/1571 1527/1527
f 1571/1571 1525/1525 1564/1564
f 1574/1574 1575/1575 1576/1576
f 1575/1575 1577/1577 1578/1578
f 1577/1577 1579/1579 1580/1580
f 1581/1581 1582/1582 1583/1583
f 1582/1582 1584/1584 1585/1585
f 1586/1586 1581/1581 1587/1587
f 1588/1588 1589/1589 1590/1590
f 1329/1329 1330/1330 1591/1591
f 1329/1329 1344/1344 1331/1331
f 1592/1592 1593/1593 1594/1594
f 1595/1595 1596/1596 1597/1597
f 1598/1598 1599/1599 1600/1600
f 1601/1601 1602/1602 1603/1603
f 1604/1604 1605/1605 1606/1606
f 1607/1607 1608/1608 1609/1609
f 1610/1610 1611/1611 1612/1612
f 1613/1613 1614/1614 1615/1615
f 1616/1616 1613/1613 1617/1617
f 1618/1618 1619/1619 1620/1620
f 1621/1621 1622/1622 1623/1623
f 1624/1624 1625/1625 1626/1626
f 1627/1627 1628/1628 1629/1629
f 1630/1630 1631/1631 1632/1632
f 1633/1633 1634/1634 1635/1635
f 1634/1634 1636/1636 1637/1637
f 1638/1638 1633/1633 1639/1639
f 1640/1640 1641/1641 1642/1642
f 1643/1643 1644/1644 1645/1645
f 1644/1644 1640/1640 1646/1646
f 1647/1647 1648/1648 1649/1649
f 1650/1650 1651/1651 1652/1652
f 1653/1653 1652/1652 1651/1651
f 1652/1652 1653/1653 1654/1654
f 1655/1655 1654/1654 1653/1653
f 1654/1654 1655/1655 1656/1656
f 1657/1657 1656/1656 1655/1655
f 1656/1656 1657/1657 1658/1658
f 1659/1659 1660/1660 1661/1661
f 1662/1662 1661/1661 1660/1660
f 1661/1661 1662/1662 1663/1663
f 1664/1664 1663/1663 1662/1662
f 1663/1663 1664/1664 1647/1647
f 1648/1648 1647/1647 1664/1664
f 1651/1651 1650/1650 1665/1665
f 1666/1666 1649/1649 1648/1648
f 1649/1649 1666/1666 1667/1667
f 1668/1668 1667/1667 1666/1666
f 1667/1667 1668/1668 1669/1669
f 1659/1659 1651/1651 1665/1665
f 1651/1651 1659/1659 1653/1653
f 1661/1661 1653/1653 1659/1659
f 1653/1653 1661/1661 1655/1655
f 1668/1668 1666/1666 1670/1670
f 1648/1648 1670/1670 1666/1666
f 1670/1670 1648/1648 1664/1664
f 1656/1656 1671/1671 1654/1654
f 1672/1672 1658/1658 1657/1657
f 1658/1658 1672/1672 1673/1673
f 1674/1674 1673/1673 1672/1672
f 1675/1675 1676/1676 1677/1677
f 1650/1650 1677/1677 1676/1676
f 1677/1677 1650/1650 1678/1678
f 1652/1652 1678/1678 1650/1650
f 1678/1678 1652/1652 1679/1679
f 1654/1654 1679/1679 1652/1652
f 1679/1679 1654/1654 1671/1671
f 1671/1671 1656/1656 1680/1680
f 1658/1658 1680/1680 1656/1656
f 1680/1680 1658/1658 1673/1673
f 1316/1316 1356/1356 1315/1315
f 1549/1549 1675/1675 1681/1681
f 1663/1663 1655/1655 1661/1661
f 1655/1655 1663/1663 1657/1657
f 1647/1647 1657/1657 1663/1663
f 1657/1657 1647/1647 1672/1672
f 1649/1649 1672/1672 1647/1647
f 1672/1672 1649/1649 1674/1674
f 1682/1682 1674/1674 1649/1649
f 1676/1676 1665/1665 1650/1650
f 1683/1683 1684/1684 1685/1685
f 1686/1686 1687/1687 1458/1458
f 1458/1458 1687/1687 1688/1688
f 1689/1689 1690/1690 1687/1687
f 1691/1691 1689/1689 1692/1692
f 1693/1693 1689/1689 1694/1694
f 1695/1695 1696/1696 1689/1689
f 1697/1697 1698/1698 1699/1699
f 1700/1700 1699/1699 1698/1698
f 1685/1685 1701/1701 1702/1702
f 1701/1701 1685/1685 1684/1684
f 1684/1684 1683/1683 1703/1703
f 1704/1704 1463/1463 1705/1705
f 1706/1706 1705/1705 1463/1463
f 1707/1707 1708/1708 1704/1704
f 1464/1464 1704/1704 1708/1708
f 1704/1704 1464/1464 1463/1463
f 1709/1709 1710/1710 1707/1707
f 1711/1711 1707/1707 1712/1712
f 1707/1707 1711/1711 1713/1713
f 1714/1714 1715/1715 1716/1716
f 1717/1717 1718/1718 1460/1460
f 1703/1703 1719/1719 1720/1720
f 1721/1721 1649/1649 1667/1667
f 1665/1665 1722/1722 1659/1659
f 1660/1660 1659/1659 1722/1722
f 1719/1719 1703/1703 1683/1683
f 1723/1723 1720/1720 1719/1719
f 1720/1720 1723/1723 1724/1724
f 1724/1724 1723/1723 1725/1725
f 1726/1726 1725/1725 1723/1723
f 1727/1727 1728/1728 1729/1729
f 1673/1673 1730/1730 1680/1680
f 1721/1721 1682/1682 1649/1649
f 1731/1731 1732/1732 1733/1733
f 1176/1176 1734/1734 1183/1183
f 1734/1734 1176/1176 1735/1735
f 1174/1174 1735/1735 1176/1176
f 1735/1735 1174/1174 1736/1736
f 1174/1174 1172/1172 1736/1736
f 1736/1736 1172/1172 1737/1737
f 1738/1738 1739/1739 1740/1740
f 1739/1739 1738/1738 1741/1741
f 1733/1733 1741/1741 1738/1738
f 1741/1741 1733/1733 1732/1732
f 1742/1742 1743/1743 1744/1744
f 1732/1732 1731/1731 1745/1745
f 1746/1746 1745/1745 1731/1731
f 1547/1547 1552/1552 1747/1747
f 1551/1551 1748/1748 1749/1749
f 1181/1181 1183/1183 1750/1750
f 1734/1734 1750/1750 1183/1183
f 1751/1751 1752/1752 1662/1662
f 1753/1753 1754/1754 1755/1755
f 1756/1756 1757/1757 1758/1758
f 1734/1734 1744/1744 1750/1750
f 1744/1744 1734/1734 1742/1742
f 1735/1735 1742/1742 1734/1734
f 1742/1742 1735/1735 1759/1759
f 1736/1736 1759/1759 1735/1735
f 1759/1759 1736/1736 1758/1758
f 1737/1737 1758/1758 1736/1736
f 1758/1758 1737/1737 1756/1756
f 1760/1760 1756/1756 1737/1737
f 1745/1745 1746/1746 1761/1761
f 1749/1749 1761/1761 1746/1746
f 1762/1762 1664/1664 1763/1763
f 1764/1764 1755/1755 1754/1754
f 1755/1755 1764/1764 1765/1765
f 1766/1766 1765/1765 1764/1764
f 1765/1765 1766/1766 1767/1767
f 1768/1768 1767/1767 1766/1766
f 1767/1767 1768/1768 1769/1769
f 1770/1770 1769/1769 1768/1768
f 1769/1769 1770/1770 1771/1771
f 1747/1747 1771/1771 1770/1770
f 1772/1772 1750/1750 1773/1773
f 1744/1744 1773/1773 1750/1750
f 1773/1773 1744/1744 1743/1743
f 1677/1677 1681/1681 1675/1675
f 1681/1681 1677/1677 1774/1774
f 1678/1678 1774/1774 1677/1677
f 1774/1774 1678/1678 1775/1775
f 1679/1679 1775/1775 1678/1678
f 1775/1775 1679/1679 1776/1776
f 1671/1671 1776/1776 1679/1679
f 1776/1776 1671/1671 1729/1729
f 1680/1680 1729/1729 1671/1671
f 1729/1729 1680/1680 1727/1727
f 1730/1730 1727/1727 1680/1680
f 1664/1664 1762/1762 1670/1670
f 1777/1777 1670/1670 1762/1762
f 1670/1670 1777/1777 1668/1668
f 1718/1718 1717/1717 1709/1709
f 1778/1778 1669/1669 1777/1777
f 1668/1668 1777/1777 1669/1669
f 1779/1779 1780/1780 1722/1722
f 1660/1660 1722/1722 1780/1780
f 1751/1751 1660/1660 1780/1780
f 1660/1660 1751/1751 1662/1662
f 1763/1763 1664/1664 1752/1752
f 1662/1662 1752/1752 1664/1664
f 1781/1781 1782/1782 1783/1783
f 1472/1472 1784/1784 1470/1470
f 1784/1784 1472/1472 1471/1471
f 1785/1785 1786/1786 1787/1787
f 1788/1788 1787/1787 1789/1789
f 1787/1787 1788/1788 1790/1790
f 1791/1791 1790/1790 1792/1792
f 1790/1790 1793/1793 1470/1470
f 1794/1794 1787/1787 1475/1475
f 1795/1795 1475/1475 1787/1787
f 1796/1796 1797/1797 1798/1798
f 1799/1799 1798/1798 1797/1797
f 1783/1783 1605/1605 1800/1800
f 1790/1790 1470/1470 1784/1784
f 1606/1606 1783/1783 1801/1801
f 1783/1783 1606/1606 1605/1605
f 1802/1802 1803/1803 1804/1804
f 1602/1602 1805/1805 1599/1599
f 1805/1805 1602/1602 1806/1806
f 1807/1807 1808/1808 1809/1809
f 1806/1806 1601/1601 1801/1801
f 1600/1600 1805/1805 1608/1608
f 1810/1810 1608/1608 1811/1811
f 1623/1623 1246/1246 1621/1621
f 1233/1233 1621/1621 1246/1246
f 1812/1812 1813/1813 1814/1814
f 1235/1235 1622/1622 1233/1233
f 1815/1815 1816/1816 1483/1483
f 1709/1709 1717/1717 1817/1817
f 1461/1461 1718/1718 1818/1818
f 1687/1687 1819/1819 1820/1820
f 1475/1475 1795/1795 1473/1473
f 1473/1473 1795/1795 1474/1474
f 1800/1800 1474/1474 1795/1795
f 1474/1474 1800/1800 1605/1605
f 1698/1698 1697/1697 1821/1821
f 1822/1822 1821/1821 1697/1697
f 1823/1823 1822/1822 1824/1824
f 1825/1825 1822/1822 1815/1815
f 1816/1816 1826/1826 1822/1822
f 1622/1622 1235/1235 1401/1401
f 1483/1483 1816/1816 1827/1827
f 1828/1828 1829/1829 1816/1816
f 1827/1827 1830/1830 1478/1478
f 1831/1831 1832/1832 1833/1833
f 1705/1705 1479/1479 1830/1830
f 1479/1479 1705/1705 1706/1706
f 1834/1834 1810/1810 1609/1609
f 1609/1609 1810/1810 1607/1607
f 1798/1798 1607/1607 1810/1810
f 1607/1607 1798/1798 1799/1799
f 1696/1696 1695/1695 1471/1471
f 1784/1784 1471/1471 1695/1695
f 1630/1630 1244/1244 1835/1835
f 1237/1237 1401/1401 1235/1235
f 1836/1836 1837/1837 1838/1838
f 1839/1839 1838/1838 1837/1837
f 1840/1840 1841/1841 1842/1842
f 1628/1628 1364/1364 1629/1629
f 1368/1368 1629/1629 1364/1364
f 1843/1843 1844/1844 1845/1845
f 1382/1382 1845/1845 1391/1391
f 1845/1845 1846/1846 1847/1847
f 1632/1632 1848/1848 1630/1630
f 1244/1244 1630/1630 1382/1382
f 1245/1245 1849/1849 1244/1244
f 1618/1618 1245/1245 1850/1850
f 1232/1232 1850/1850 1245/1245
f 1850/1850 1232/1232 1851/1851
f 1246/1246 1852/1852 1232/1232
f 1389/1389 1367/1367 1627/1627
f 1364/1364 1627/1627 1367/1367
f 1853/1853 1854/1854 1855/1855
f 1854/1854 1856/1856 1857/1857
f 1858/1858 1859/1859 1860/1860
f 1861/1861 1862/1862 1863/1863
f 1862/1862 1858/1858 1864/1864
f 1865/1865 1866/1866 1867/1867
f 1797/1797 1868/1868 1869/1869
f 1868/1868 1870/1870 1869/1869
f 1869/1869 1870/1870 1853/1853
f 1871/1871 1872/1872 1870/1870
f 1868/1868 1797/1797 1796/1796
f 1873/1873 1699/1699 1700/1700
f 1699/1699 1873/1873 1874/1874
f 1874/1874 1873/1873 1875/1875
f 1876/1876 1875/1875 1873/1873
f 1877/1877 1878/1878 1879/1879
f 1880/1880 1881/1881 1882/1882
f 1883/1883 1884/1884 1885/1885
f 1886/1886 1887/1887 1888/1888
f 1302/1302 1303/1303 1502/1502
f 1160/1160 1153/1153 1551/1551
f 1551/1551 1153/1153 1748/1748
f 1164/1164 1748/1748 1153/1153
f 1748/1748 1164/1164 1889/1889
f 1889/1889 1164/1164 1302/1302
f 1890/1890 1891/1891 1892/1892
f 1893/1893 1894/1894 1895/1895
f 1896/1896 1897/1897 1898/1898
f 1899/1899 1900/1900 1901/1901
f 1902/1902 1903/1903 1904/1904
f 1905/1905 1906/1906 1904/1904
f 1907/1907 1908/1908 1909/1909
f 1910/1910 1911/1911 1909/1909
f 1912/1912 1913/1913 1914/1914
f 1915/1915 1916/1916 1917/1917
f 1291/1291 1918/1918 1292/1292
f 1919/1919 1292/1292 1918/1918
f 1292/1292 1919/1919 1289/1289
f 1920/1920 1289/1289 1919/1919
f 1439/1439 1287/1287 1921/1921
f 1922/1922 1923/1923 1924/1924
f 1918/1918 1925/1925 1926/1926
f 1927/1927 1920/1920 1928/1928
f 1921/1921 1929/1929 1928/1928
f 1930/1930 1931/1931 1926/1926
f 1288/1288 1921/1921 1287/1287
f 1932/1932 1933/1933 1934/1934
f 1935/1935 1440/1440 1936/1936
f 1937/1937 1936/1936 1440/1440
f 1933/1933 1938/1938 1939/1939
f 1940/1940 1937/1937 1941/1941
f 1942/1942 1943/1943 1944/1944
f 1945/1945 1946/1946 1947/1947
f 1948/1948 1949/1949 1950/1950
f 1951/1951 1952/1952 1953/1953
f 1954/1954 1955/1955 1951/1951
f 1956/1956 1957/1957 1958/1958
f 1959/1959 1958/1958 1957/1957
f 1958/1958 1959/1959 1960/1960
f 1961/1961 1960/1960 1959/1959
f 1960/1960 1961/1961 1962/1962
f 1963/1963 1962/1962 1961/1961
f 1962/1962 1963/1963 1964/1964
f 1965/1965 1966/1966 1967/1967
f 1968/1968 1967/1967 1966/1966
f 1953/1953 1945/1945 1951/1951
f 1969/1969 1970/1970 1971/1971
f 1972/1972 1951/1951 1955/1955
f 1951/1951 1972/1972 1973/1973
f 1974/1974 1975/1975 1976/1976
f 1977/1977 1978/1978 1972/1972
f 1979/1979 1972/1972 1978/1978
f 1972/1972 1979/1979 1973/1973
f 1980/1980 1973/1973 1979/1979
f 1973/1973 1980/1980 1981/1981
f 1965/1965 1982/1982 1983/1983
f 1984/1984 1983/1983 1982/1982
f 1985/1985 1986/1986 1987/1987
f 1988/1988 1987/1987 1986/1986
f 1989/1989 1990/1990 1991/1991
f 1952/1952 1989/1989 1992/1992
f 1993/1993 1994/1994 1995/1995
f 1983/1983 1996/1996 1997/1997
f 1972/1972 1998/1998 1977/1977
f 1999/1999 1977/1977 1998/1998
f 1977/1977 1999/1999 2000/2000
f 2001/2001 2000/2000 1999/1999
f 2000/2000 2001/2001 2002/2002
f 1994/1994 2003/2003 2004/2004
f 2005/2005 2006/2006 2007/2007
f 2008/2008 2007/2007 2006/2006
f 2007/2007 2008/2008 2009/2009
f 2010/2010 2009/2009 2008/2008
f 2009/2009 2010/2010 2011/2011
f 2012/2012 2013/2013 2014/2014
f 2013/2013 2012/2012 2015/2015
f 2016/2016 2015/2015 2012/2012
f 2015/2015 2016/2016 1956/1956
f 2017/2017 1956/1956 2016/2016
f 1956/1956 2017/2017 1957/1957
f 1921/1921 1288/1288 1929/1929
f 1929/1929 1288/1288 1928/1928
f 1289/1289 1928/1928 1288/1288
f 1928/1928 1289/1289 1927/1927
f 1920/1920 1927/1927 1289/1289
f 2013/2013 2018/2018 2019/2019
f 2020/2020 2021/2021 2022/2022
f 1931/1931 1181/1181 2023/2023
f 1181/1181 1931/1931 1182/1182
f 1182/1182 1931/1931 1276/1276
f 1930/1930 1276/1276 1931/1931
f 1276/1276 1930/1930 1277/1277
f 1926/1926 1277/1277 1930/1930
f 1277/1277 1926/1926 1291/1291
f 1926/1926 1925/1925 1291/1291
f 1918/1918 1291/1291 1925/1925
f 1995/1995 1994/1994 2004/2004
f 2024/2024 2025/2025 2026/2026
f 1965/1965 1983/1983 1966/1966
f 1997/1997 1966/1966 1983/1983
f 1966/1966 1997/1997 2027/2027
f 2027/2027 2028/2028 1966/1966
f 2000/2000 1966/1966 2028/2028
f 1966/1966 2000/2000 2029/2029
f 2009/2009 2011/2011 2030/2030
f 2031/2031 2030/2030 2011/2011
f 2030/2030 2031/2031 2032/2032
f 1976/1976 1975/1975 1981/1981
f 2033/2033 1981/1981 1975/1975
f 1981/1981 2033/2033 1973/1973
f 2034/2034 2026/2026 2025/2025
f 1984/1984 2035/2035 1983/1983
f 2025/2025 2024/2024 2036/2036
f 2037/2037 2036/2036 2024/2024
f 2036/2036 2037/2037 2038/2038
f 2039/2039 2038/2038 2037/2037
f 2038/2038 2039/2039 1976/1976
f 1976/1976 2039/2039 1974/1974
f 2013/2013 2015/2015 1966/1966
f 1987/1987 1988/1988 2040/2040
f 2034/2034 2040/2040 1988/1988
f 2040/2040 2034/2034 2025/2025
f 1962/1962 1964/1964 1993/1993
f 1994/1994 1993/1993 1964/1964
f 2032/2032 2031/2031 2041/2041
f 2021/2021 2020/2020 2042/2042
f 2002/2002 2029/2029 2000/2000
f 1985/1985 2005/2005 1986/1986
f 2007/2007 1986/1986 2005/2005
f 1986/1986 2007/2007 2043/2043
f 2043/2043 2044/2044 1986/1986
f 2045/2045 1986/1986 2044/2044
f 1986/1986 2045/2045 2046/2046
f 2046/2046 2047/2047 1986/1986
f 2048/2048 1986/1986 2047/2047
f 1986/1986 2048/2048 2021/2021
f 2022/2022 2021/2021 2048/2048
f 2003/2003 2049/2049 2004/2004
f 2050/2050 2041/2041 2031/2031
f 2041/2041 2050/2050 1983/1983
f 1996/1996 1983/1983 2050/2050
f 2051/2051 1966/1966 2015/2015
f 1966/1966 2051/2051 1968/1968
f 2052/2052 2053/2053 2054/2054
f 2055/2055 2054/2054 2053/2053
f 2054/2054 2055/2055 2056/2056
f 2052/2052 2054/2054 2057/2057
f 2058/2058 2057/2057 2054/2054
f 2057/2057 2058/2058 1984/1984
f 2035/2035 1984/1984 2058/2058
f 2059/2059 2060/2060 2061/2061
f 2062/2062 2063/2063 1763/1763
f 1762/1762 1763/1763 2063/2063
f 1778/1778 1777/1777 2064/2064
f 2065/2065 2066/2066 2067/2067
f 2066/2066 2065/2065 2064/2064
f 2068/2068 2069/2069 2070/2070
f 2069/2069 2068/2068 2059/2059
f 2060/2060 2059/2059 2068/2068
f 2063/2063 2062/2062 2071/2071
f 2072/2072 2061/2061 2060/2060
f 2061/2061 2072/2072 2073/2073
f 2074/2074 2073/2073 2072/2072
f 2073/2073 2074/2074 2075/2075
f 2076/2076 2075/2075 2074/2074
f 2075/2075 2076/2076 2077/2077
f 2078/2078 2077/2077 2076/2076
f 2079/2079 2077/2077 2078/2078
f 2077/2077 2079/2079 2080/2080
f 2081/2081 2080/2080 2079/2079
f 2082/2082 2083/2083 2084/2084
f 2083/2083 2082/2082 2085/2085
f 2086/2086 2085/2085 2082/2082
f 2085/2085 2086/2086 2087/2087
f 2067/2067 2087/2087 2086/2086
f 2087/2087 2067/2067 2088/2088
f 2066/2066 2088/2088 2067/2067
f 1778/1778 2064/2064 2065/2065
f 2068/2068 2089/2089 2060/2060
f 2090/2090 2060/2060 2089/2089
f 2060/2060 2090/2090 2072/2072
f 2091/2091 2072/2072 2090/2090
f 2092/2092 2080/2080 2081/2081
f 2080/2080 2092/2092 2062/2062
f 2071/2071 2062/2062 2092/2092
f 2093/2093 2094/2094 2095/2095
f 2096/2096 2097/2097 2098/2098
f 2098/2098 2099/2099 2096/2096
f 2100/2100 2096/2096 2099/2099
f 2096/2096 2100/2100 2101/2101
f 2102/2102 2101/2101 2100/2100
f 2101/2101 2102/2102 2103/2103
f 2104/2104 1394/1394 2105/2105
f 1393/1393 2105/2105 1394/1394
f 2105/2105 1393/1393 2106/2106
f 2106/2106 2107/2107 2108/2108
f 2109/2109 1310/1310 2110/2110
f 1308/1308 2110/2110 1310/1310
f 2101/2101 2111/2111 2112/2112
f 2113/2113 2101/2101 2103/2103
f 2114/2114 2070/2070 2069/2069
f 2089/2089 2115/2115 2090/2090
f 2090/2090 2115/2115 2091/2091
f 2070/2070 2114/2114 2116/2116
f 2117/2117 2084/2084 2083/2083
f 2095/2095 2094/2094 2118/2118
f 2116/2116 2094/2094 2119/2119
f 2120/2120 2121/2121 2122/2122
f 2123/2123 1780/1780 1779/1779
f 1780/1780 2123/2123 2124/2124
f 2125/2125 2124/2124 2123/2123
f 2124/2124 2125/2125 2126/2126
f 2127/2127 2124/2124 2126/2126
f 2124/2124 2127/2127 1751/1751
f 1751/1751 2127/2127 2128/2128
f 2129/2129 2130/2130 2123/2123
f 2124/2124 1751/1751 1780/1780
f 1779/1779 2129/2129 2123/2123
f 2093/2093 2130/2130 2129/2129
f 2069/2069 2131/2131 2114/2114
f 2132/2132 2093/2093 2131/2131
f 2093/2093 2132/2132 2130/2130
f 2133/2133 2130/2130 2132/2132
f 2134/2134 2130/2130 2133/2133
f 2130/2130 2134/2134 2123/2123
f 2114/2114 2095/2095 2135/2135
f 2095/2095 2114/2114 2131/2131
f 2131/2131 2069/2069 2132/2132
f 2136/2136 2133/2133 2132/2132
f 2133/2133 2136/2136 2134/2134
f 2137/2137 2134/2134 2136/2136
f 2083/2083 2081/2081 2117/2117
f 2081/2081 2083/2083 2092/2092
f 2085/2085 2092/2092 2083/2083
f 2092/2092 2085/2085 2071/2071
f 2088/2088 2066/2066 2138/2138
f 2064/2064 2138/2138 2066/2066
f 2138/2138 2064/2064 1777/1777
f 2065/2065 2067/2067 2086/2086
f 2079/2079 2117/2117 2081/2081
f 2139/2139 2070/2070 2140/2140
f 2070/2070 2139/2139 2068/2068
f 2072/2072 2091/2091 2141/2141
f 2142/2142 2141/2141 2091/2091
f 2141/2141 2142/2142 2143/2143
f 2144/2144 2143/2143 2142/2142
f 2143/2143 2144/2144 2145/2145
f 2146/2146 2145/2145 2144/2144
f 2145/2145 2146/2146 2117/2117
f 2084/2084 2117/2117 2146/2146
f 2087/2087 2071/2071 2085/2085
f 2071/2071 2087/2087 2063/2063
f 2088/2088 2063/2063 2087/2087
f 2063/2063 2088/2088 1762/1762
f 2138/2138 1762/1762 2088/2088
f 1762/1762 2138/2138 1777/1777
f 1763/1763 1752/1752 2128/2128
f 1308/1308 1347/1347 2147/2147
f 2128/2128 1752/1752 1751/1751
f 2141/2141 2074/2074 2072/2072
f 2074/2074 2141/2141 2076/2076
f 2143/2143 2076/2076 2141/2141
f 2076/2076 2143/2143 2078/2078
f 2145/2145 2078/2078 2143/2143
f 2078/2078 2145/2145 2079/2079
f 2117/2117 2079/2079 2145/2145
f 2148/2148 2149/2149 2150/2150
f 1854/1854 2151/2151 2152/2152
f 2153/2153 2152/2152 2151/2151
f 2150/2150 2149/2149 1584/1584
f 1643/1643 1584/1584 2149/2149
f 1584/1584 1643/1643 1585/1585
f 1645/1645 1585/1585 1643/1643
f 1585/1585 1645/1645 1582/1582
f 2154/2154 2155/2155 2156/2156
f 2152/2152 1855/1855 1854/1854
f 2149/2149 2148/2148 2157/2157
f 2157/2157 2148/2148 2158/2158
f 2159/2159 2158/2158 2148/2148
f 2158/2158 2159/2159 2160/2160
f 2161/2161 2160/2160 2159/2159
f 2160/2160 2161/2161 2162/2162
f 2163/2163 2162/2162 2161/2161
f 2162/2162 2163/2163 2164/2164
f 2165/2165 2164/2164 2163/2163
f 1191/1191 2065/2065 1192/1192
f 1192/1192 2065/2065 2086/2086
f 2166/2166 2167/2167 2168/2168
f 2169/2169 2170/2170 2171/2171
f 2172/2172 2171/2171 2170/2170
f 2171/2171 2172/2172 2173/2173
f 2174/2174 2173/2173 2172/2172
f 2173/2173 2174/2174 2175/2175
f 1644/1644 1582/1582 1645/1645
f 1582/1582 1644/1644 1583/1583
f 1646/1646 1583/1583 1644/1644
f 1583/1583 1646/1646 1581/1581
f 1640/1640 1581/1581 1646/1646
f 1581/1581 1640/1640 2176/2176
f 2168/2168 2176/2176 1640/1640
f 2176/2176 2168/2168 2167/2167
f 2167/2167 2166/2166 2177/2177
f 2178/2178 2177/2177 2166/2166
f 2177/2177 2178/2178 2179/2179
f 2180/2180 2179/2179 2178/2178
f 2179/2179 2180/2180 1577/1577
f 1633/1633 1577/1577 2180/2180
f 1577/1577 1633/1633 1578/1578
f 2164/2164 2165/2165 2181/2181
f 2152/2152 2181/2181 2165/2165
f 2181/2181 2152/2152 2153/2153
f 2151/2151 2182/2182 2153/2153
f 2144/2144 1197/1197 2146/2146
f 2183/2183 2089/2089 2139/2139
f 2122/2122 2184/2184 2185/2185
f 2186/2186 2187/2187 2188/2188
f 1198/1198 2189/2189 1196/1196
f 2091/2091 1196/1196 2189/2189
f 1196/1196 2091/2091 1194/1194
f 1194/1194 2091/2091 2115/2115
f 2190/2190 2191/2191 2192/2192
f 2146/2146 2192/2192 2191/2191
f 2192/2192 2146/2146 1197/1197
f 1197/1197 2144/2144 1198/1198
f 2193/2193 2194/2194 2195/2195
f 2196/2196 1101/1101 2197/2197
f 1103/1103 2197/2197 1101/1101
f 2197/2197 1103/1103 1190/1190
f 2198/2198 1190/1190 1103/1103
f 2084/2084 2191/2191 2190/2190
f 2199/2199 2200/2200 2188/2188
f 2183/2183 2188/2188 2200/2200
f 2201/2201 2202/2202 2203/2203
f 2202/2202 2201/2201 2204/2204
f 2205/2205 2204/2204 2201/2201
f 2204/2204 2205/2205 2206/2206
f 2207/2207 2206/2206 2205/2205
f 2206/2206 2207/2207 2208/2208
f 2209/2209 2210/2210 2207/2207
f 2155/2155 2154/2154 2211/2211
f 2189/2189 1198/1198 2144/2144
f 2203/2203 2202/2202 2212/2212
f 1192/1192 2086/2086 1193/1193
f 1193/1193 2086/2086 2190/2190
f 2082/2082 2190/2190 2086/2086
f 2190/2190 2082/2082 2084/2084
f 2213/2213 1778/1778 2214/2214
f 2065/2065 2214/2214 1778/1778
f 2214/2214 2065/2065 1191/1191
f 1858/1858 1909/1909 1864/1864
f 2215/2215 2216/2216 2217/2217
f 2218/2218 2217/2217 2216/2216
f 2217/2217 2219/2219 2220/2220
f 2221/2221 1916/1916 2222/2222
f 2223/2223 2221/2221 2224/2224
f 2225/2225 2226/2226 1898/1898
f 1924/1924 1898/1898 1922/1922
f 2227/2227 2228/2228 2229/2229
f 2230/2230 2231/2231 2232/2232
f 2233/2233 2234/2234 2231/2231
f 1862/1862 1910/1910 1863/1863
f 1910/1910 1862/1862 1911/1911
f 1864/1864 1911/1911 1862/1862
f 1911/1911 1864/1864 1909/1909
f 1909/1909 1858/1858 1907/1907
f 1860/1860 1907/1907 1858/1858
f 1907/1907 1860/1860 1908/1908
f 1859/1859 1908/1908 1860/1860
f 1908/1908 1859/1859 2235/2235
f 2235/2235 1859/1859 2236/2236
f 1906/1906 1895/1895 1904/1904
f 1894/1894 1904/1904 1895/1895
f 1904/1904 1894/1894 1902/1902
f 2237/2237 1902/1902 1894/1894
f 2238/2238 2239/2239 2240/2240
f 2239/2239 2238/2238 2241/2241
f 2225/2225 2242/2242 2226/2226
f 2243/2243 2147/2147 1347/1347
f 2147/2147 2243/2243 2096/2096
f 2244/2244 2096/2096 2243/2243
f 2096/2096 2244/2244 2245/2245
f 2245/2245 2246/2246 2096/2096
f 2097/2097 2096/2096 2246/2246
f 2232/2232 2247/2247 2248/2248
f 2110/2110 2249/2249 2250/2250
f 2251/2251 2250/2250 2249/2249
f 2250/2250 2251/2251 2252/2252
f 2253/2253 2254/2254 2255/2255
f 2242/2242 1924/1924 1881/1881
f 2256/2256 2241/2241 2238/2238
f 2257/2257 2250/2250 2252/2252
f 2110/2110 1308/1308 2147/2147
f 2250/2250 2109/2109 2110/2110
f 1902/1902 2237/2237 1903/1903
f 1903/1903 2237/2237 1861/1861
f 2258/2258 2248/2248 2216/2216
f 2232/2232 2216/2216 2215/2215
f 2259/2259 2260/2260 2261/2261
f 2262/2262 2240/2240 2239/2239
f 2263/2263 2175/2175 2174/2174
f 2175/2175 2263/2263 2264/2264
f 2265/2265 2264/2264 2263/2263
f 2264/2264 2265/2265 2266/2266
f 2267/2267 2266/2266 2265/2265
f 2266/2266 2267/2267 2268/2268
f 2212/2212 2268/2268 2267/2267
f 2269/2269 2270/2270 2260/2260
f 2271/2271 2260/2260 2270/2270
f 2272/2272 2273/2273 2274/2274
f 2261/2261 2274/2274 2273/2273
f 2274/2274 2261/2261 2260/2260
f 2240/2240 2262/2262 2275/2275
f 2260/2260 2259/2259 2269/2269
f 2170/2170 2169/2169 2276/2276
f 2260/2260 2276/2276 2169/2169
f 1635/1635 1578/1578 1633/1633
f 1578/1578 1635/1635 1575/1575
f 1634/1634 1575/1575 1635/1635
f 1575/1575 1634/1634 1576/1576
f 1637/1637 1576/1576 1634/1634
f 1576/1576 1637/1637 1574/1574
f 1636/1636 1574/1574 1637/1637
f 1574/1574 1636/1636 2155/2155
f 2156/2156 2155/2155 1636/1636
f 2268/2268 2212/2212 2202/2202
f 2276/2276 2260/2260 2277/2277
f 2241/2241 2256/2256 2278/2278
f 2279/2279 2278/2278 2256/2256
f 2278/2278 2279/2279 2280/2280
f 2281/2281 2278/2278 2235/2235
f 1893/1893 2224/2224 2221/2221
f 2224/2224 1893/1893 1905/1905
f 1895/1895 1905/1905 1893/1893
f 1905/1905 1895/1895 1906/1906
f 2281/2281 2235/2235 2236/2236
f 1903/1903 1861/1861 2282/2282
f 1863/1863 2282/2282 1861/1861
f 2282/2282 1863/1863 1910/1910
f 2131/2131 2093/2093 2095/2095
f 2271/2271 2277/2277 2260/2260
f 2283/2283 2284/2284 2275/2275
f 2285/2285 2275/2275 2284/2284
f 2275/2275 2285/2285 2274/2274
f 2286/2286 2274/2274 2285/2285
f 2274/2274 2286/2286 2272/2272
f 2280/2280 2287/2287 2278/2278
f 2288/2288 2278/2278 2287/2287
f 2278/2278 2288/2288 2289/2289
f 2289/2289 2290/2290 2278/2278
f 2291/2291 2278/2278 2290/2290
f 2278/2278 2291/2291 2235/2235
f 2292/2292 1758/1758 1757/1757
f 1340/1340 1379/1379 1266/1266
f 2293/2293 2294/2294 2295/2295
f 2294/2294 2293/2293 1407/1407
f 2295/2295 2296/2296 2297/2297
f 2296/2296 2295/2295 2294/2294
f 2297/2297 2298/2298 2299/2299
f 2299/2299 2298/2298 2300/2300
f 2301/2301 2300/2300 2298/2298
f 2302/2302 1379/1379 1340/1340
f 2300/2300 2301/2301 2303/2303
f 1398/1398 2303/2303 2301/2301
f 1236/1236 1268/1268 2304/2304
f 2305/2305 2304/2304 1268/1268
f 2306/2306 2304/2304 2305/2305
f 2307/2307 2308/2308 2309/2309
f 1385/1385 1341/1341 1384/1384
f 1253/1253 1340/1340 1266/1266
f 1340/1340 1253/1253 1341/1341
f 1384/1384 1341/1341 1253/1253
f 2308/2308 2310/2310 2311/2311
f 2312/2312 2311/2311 2310/2310
f 2311/2311 2312/2312 2313/2313
f 2314/2314 2313/2313 2312/2312
f 2315/2315 2316/2316 2308/2308
f 2315/2315 2308/2308 2317/2317
f 2316/2316 2309/2309 2308/2308
f 2304/2304 2306/2306 1403/1403
f 1379/1379 2303/2303 1398/1398
f 2303/2303 1379/1379 2302/2302
f 1407/1407 2293/2293 1408/1408
f 2318/2318 1408/1408 2293/2293
f 1408/1408 2318/2318 2319/2319
f 2320/2320 2319/2319 2318/2318
f 2319/2319 2320/2320 2321/2321
f 2321/2321 2322/2322 2319/2319
f 2323/2323 2319/2319 2322/2322
f 2319/2319 2324/2324 2325/2325
f 2298/2298 2326/2326 2301/2301
f 2327/2327 2298/2298 2328/2328
f 2298/2298 2327/2327 2326/2326
f 2329/2329 2326/2326 2327/2327
f 2326/2326 2329/2329 2330/2330
f 1376/1376 2330/2330 2329/2329
f 2296/2296 2328/2328 2298/2298
f 1398/1398 2301/2301 2331/2331
f 2331/2331 1397/1397 1398/1398
f 1376/1376 1397/1397 2330/2330
f 1407/1407 2306/2306 2294/2294
f 1405/1405 1403/1403 2306/2306
f 2327/2327 1268/1268 2329/2329
f 1268/1268 2327/2327 2305/2305
f 2328/2328 2305/2305 2327/2327
f 2305/2305 2328/2328 2306/2306
f 2294/2294 2306/2306 2328/2328
f 1341/1341 1385/1385 2332/2332
f 2306/2306 1407/1407 1405/1405
f 1237/1237 1236/1236 2304/2304
f 2331/2331 2330/2330 1397/1397
f 2330/2330 2331/2331 2326/2326
f 2301/2301 2326/2326 2331/2331
f 1376/1376 2329/2329 1268/1268
f 1888/1888 2333/2333 1886/1886
f 2334/2334 1427/1427 2335/2335
f 1422/1422 2335/2335 1427/1427
f 2336/2336 1562/1562 2337/2337
f 2338/2338 1562/1562 2339/2339
f 1562/1562 2338/2338 1504/1504
f 2340/2340 2341/2341 2342/2342
f 2343/2343 2342/2342 2341/2341
f 2342/2342 2344/2344 2345/2345
f 2346/2346 2347/2347 2348/2348
f 2338/2338 2349/2349 1504/1504
f 1838/1838 1839/1839 2350/2350
f 2351/2351 2350/2350 1839/1839
f 1514/1514 1522/1522 2352/2352
f 2353/2353 2354/2354 2355/2355
f 1542/1542 1890/1890 2356/2356
f 2357/2357 1538/1538 2358/2358
f 2359/2359 2358/2358 1542/1542
f 2360/2360 2361/2361 1892/1892
f 1514/1514 2352/2352 2362/2362
f 2363/2363 2364/2364 2365/2365
f 2366/2366 1427/1427 2334/2334
f 1427/1427 2366/2366 1411/1411
f 1411/1411 2366/2366 1410/1410
f 2367/2367 1410/1410 2366/2366
f 2332/2332 1410/1410 2367/2367
f 1410/1410 2332/2332 1386/1386
f 1837/1837 1836/1836 2368/2368
f 1837/1837 2368/2368 2369/2369
f 2370/2370 2369/2369 2368/2368
f 2369/2369 2370/2370 2363/2363
f 2364/2364 2363/2363 2370/2370
f 1339/1339 2365/2365 2364/2364
f 2365/2365 1339/1339 1326/1326
f 2350/2350 2351/2351 1888/1888
f 2371/2371 1888/1888 2351/2351
f 1888/1888 2372/2372 2333/2333
f 1394/1394 2104/2104 1426/1426
f 2373/2373 1426/1426 2104/2104
f 1426/1426 2335/2335 1422/1422
f 2335/2335 1426/1426 2373/2373
f 1490/1490 2314/2314 2374/2374
f 1302/1302 1489/1489 2375/2375
f 2308/2308 2307/2307 2310/2310
f 2376/2376 2377/2377 2378/2378
f 2379/2379 2377/2377 2380/2380
f 2375/2375 1491/1491 2374/2374
f 2376/2376 2381/2381 2377/2377
f 2382/2382 2377/2377 2381/2381
f 2377/2377 2382/2382 2308/2308
f 2383/2383 2308/2308 2382/2382
f 2308/2308 2383/2383 2317/2317
f 1489/1489 1491/1491 2375/2375
f 1563/1563 2313/2313 2314/2314
f 1490/1490 1503/1503 2314/2314
f 2384/2384 2385/2385 2386/2386
f 1386/1386 2332/2332 1385/1385
f 1535/1535 2387/2387 1531/1531
f 2388/2388 1562/1562 1572/1572
f 2360/2360 2389/2389 2362/2362
f 2390/2390 2391/2391 2392/2392
f 2393/2393 2394/2394 2390/2390
f 2362/2362 2395/2395 1572/1572
f 1489/1489 1302/1302 1502/1502
f 2396/2396 2387/2387 1155/1155
f 1155/1155 2387/2387 1535/1535
f 2397/2397 1531/1531 2387/2387
f 2397/2397 2398/2398 1531/1531
f 2399/2399 1531/1531 2398/2398
f 1531/1531 2400/2400 1532/1532
f 2401/2401 2402/2402 2403/2403
f 1532/1532 1901/1901 1539/1539
f 2404/2404 2405/2405 1901/1901
f 2406/2406 1542/1542 1539/1539
f 2407/2407 2408/2408 2409/2409
f 1491/1491 1490/1490 2374/2374
f 1728/1728 2196/2196 1729/1729
f 1548/1548 1549/1549 1681/1681
f 1729/1729 2410/2410 2411/2411
f 2410/2410 1729/1729 2196/2196
f 2411/2411 1776/1776 1729/1729
f 2062/2062 2127/2127 2080/2080
f 2127/2127 2062/2062 2128/2128
f 1763/1763 2128/2128 2062/2062
f 2196/2196 2197/2197 2410/2410
f 1774/1774 2412/2412 1681/1681
f 2412/2412 1774/1774 2413/2413
f 1110/1110 1681/1681 1111/1111
f 1681/1681 1110/1110 1548/1548
f 1775/1775 2413/2413 1774/1774
f 2412/2412 1111/1111 1681/1681
f 1111/1111 2412/2412 1129/1129
f 2413/2413 1129/1129 2412/2412
f 1129/1129 2413/2413 1151/1151
f 2411/2411 1151/1151 2413/2413
f 1151/1151 2411/2411 1189/1189
f 2410/2410 1189/1189 2411/2411
f 1189/1189 2410/2410 1190/1190
f 2197/2197 1190/1190 2410/2410
f 1138/1138 1548/1548 1110/1110
f 2123/2123 2134/2134 2125/2125
f 2137/2137 2125/2125 2134/2134
f 2125/2125 2137/2137 2126/2126
f 2091/2091 2189/2189 2142/2142
f 2413/2413 1775/1775 2411/2411
f 1776/1776 2411/2411 1775/1775
f 2059/2059 2132/2132 2069/2069
f 2132/2132 2059/2059 2136/2136
f 2061/2061 2136/2136 2059/2059
f 2073/2073 2136/2136 2061/2061
f 2136/2136 2073/2073 2137/2137
f 2075/2075 2137/2137 2073/2073
f 2077/2077 2137/2137 2075/2075
f 2137/2137 2077/2077 2126/2126
f 2080/2080 2126/2126 2077/2077
f 2126/2126 2080/2080 2127/2127
f 2142/2142 2189/2189 2144/2144
f 2191/2191 2084/2084 2146/2146
f 2304/2304 1403/1403 1237/1237
f 2294/2294 2328/2328 2296/2296
f 2283/2283 2275/2275 2262/2262
f 2414/2414 2415/2415 2416/2416
f 1876/1876 1702/1702 1875/1875
f 1701/1701 1875/1875 1702/1702
f 1875/1875 1701/1701 1879/1879
f 1878/1878 1877/1877 2415/2415
f 2417/2417 1865/1865 2418/2418
f 2419/2419 2418/2418 1865/1865
f 2418/2418 2419/2419 2420/2420
f 2421/2421 2420/2420 2419/2419
f 2420/2420 2421/2421 2422/2422
f 2416/2416 2422/2422 2421/2421
f 2422/2422 2416/2416 2415/2415
f 2423/2423 2424/2424 2425/2425
f 2424/2424 2423/2423 1412/1412
f 1444/1444 1412/1412 2423/2423
f 1412/1412 1444/1444 1419/1419
f 1446/1446 1419/1419 1444/1444
f 1419/1419 1446/1446 1417/1417
f 1445/1445 1417/1417 1446/1446
f 1417/1417 1445/1445 1418/1418
f 1450/1450 1418/1418 1445/1445
f 1418/1418 1450/1450 1162/1162
f 1449/1449 1162/1162 1450/1450
f 1865/1865 1867/1867 2419/2419
f 2426/2426 2427/2427 2428/2428
f 2429/2429 2428/2428 2427/2427
f 2428/2428 2429/2429 2430/2430
f 2415/2415 2414/2414 1878/1878
f 1879/1879 1878/1878 2414/2414
f 1867/1867 1866/1866 2431/2431
f 2151/2151 2432/2432 2433/2433
f 2434/2434 2433/2433 2432/2432
f 2433/2433 2434/2434 2435/2435
f 2419/2419 2435/2435 2434/2434
f 2435/2435 2419/2419 1867/1867
f 1162/1162 1449/1449 2436/2436
f 2437/2437 2427/2427 2426/2426
f 2438/2438 2439/2439 2440/2440
f 2441/2441 2440/2440 2439/2439
f 2440/2440 2441/2441 2442/2442
f 2443/2443 2442/2442 2441/2441
f 2200/2200 2199/2199 2444/2444
f 2445/2445 2444/2444 2199/2199
f 2446/2446 2447/2447 2448/2448
f 1725/1725 1726/1726 2446/2446
f 2447/2447 2446/2446 1726/1726
f 1549/1549 1227/1227 1675/1675
f 1217/1217 1675/1675 1227/1227
f 2449/2449 2450/2450 2451/2451
f 2451/2451 2450/2450 2094/2094
f 2094/2094 2093/2093 2451/2451
f 2451/2451 2093/2093 2452/2452
f 2452/2452 1779/1779 2453/2453
f 1298/1298 1676/1676 1224/1224
f 1676/1676 1298/1298 1300/1300
f 1227/1227 1549/1549 1228/1228
f 2093/2093 2129/2129 2452/2452
f 2454/2454 2455/2455 2456/2456
f 2457/2457 2436/2436 1449/1449
f 2436/2436 2457/2457 2458/2458
f 2448/2448 2458/2458 2457/2457
f 2458/2458 2448/2448 2447/2447
f 1429/1429 1428/1428 1549/1549
f 1428/1428 1228/1228 1549/1549
f 2441/2441 2459/2459 2443/2443
f 2460/2460 2456/2456 2455/2455
f 2456/2456 2460/2460 2461/2461
f 2462/2462 2461/2461 2460/2460
f 2461/2461 2462/2462 2463/2463
f 2464/2464 2463/2463 2462/2462
f 2455/2455 2454/2454 2465/2465
f 2425/2425 2465/2465 2454/2454
f 2465/2465 2425/2425 2424/2424
f 2466/2466 2467/2467 2468/2468
f 2469/2469 2470/2470 2471/2471
f 2472/2472 2471/2471 2470/2470
f 2471/2471 2472/2472 2473/2473
f 2473/2473 2472/2472 2474/2474
f 2468/2468 2475/2475 2476/2476
f 2475/2475 2468/2468 2467/2467
f 2467/2467 2466/2466 2477/2477
f 2478/2478 2477/2477 2466/2466
f 2477/2477 2478/2478 2479/2479
f 2480/2480 2479/2479 2478/2478
f 2479/2479 2480/2480 2481/2481
f 2482/2482 2481/2481 2480/2480
f 2481/2481 2482/2482 2483/2483
f 2484/2484 2483/2483 2482/2482
f 2483/2483 2484/2484 2485/2485
f 2486/2486 2487/2487 2488/2488
f 2489/2489 2474/2474 2490/2490
f 2474/2474 2489/2489 2491/2491
f 2492/2492 2493/2493 2494/2494
f 2493/2493 2495/2495 2494/2494
f 2496/2496 2494/2494 2495/2495
f 2487/2487 2486/2486 2497/2497
f 2498/2498 2499/2499 2500/2500
f 1740/1740 2486/2486 2501/2501
f 2501/2501 2486/2486 2488/2488
f 2473/2473 2474/2474 2491/2491
f 2502/2502 2503/2503 2445/2445
f 2426/2426 2504/2504 2437/2437
f 2505/2505 2437/2437 2504/2504
f 2437/2437 2505/2505 2471/2471
f 2438/2438 2506/2506 2439/2439
f 2507/2507 2439/2439 2506/2506
f 2439/2439 2507/2507 2508/2508
f 2509/2509 2508/2508 2507/2507
f 2508/2508 2509/2509 2510/2510
f 2444/2444 2445/2445 2503/2503
f 2511/2511 2512/2512 2513/2513
f 2502/2502 2514/2514 2503/2503
f 2515/2515 2503/2503 2514/2514
f 2503/2503 2515/2515 2516/2516
f 2516/2516 2517/2517 2503/2503
f 2518/2518 2503/2503 2517/2517
f 2503/2503 2518/2518 2519/2519
f 2459/2459 2519/2519 2518/2518
f 2519/2519 2459/2459 2441/2441
f 2510/2510 2509/2509 2500/2500
f 2511/2511 2500/2500 2509/2509
f 2513/2513 2500/2500 2511/2511
f 2500/2500 2513/2513 2498/2498
f 2469/2469 2471/2471 2505/2505
f 2520/2520 2484/2484 2496/2496
f 2494/2494 2496/2496 2484/2484
f 2502/2502 2521/2521 2522/2522
f 2476/2476 2522/2522 2521/2521
f 2522/2522 2476/2476 2523/2523
f 2523/2523 2476/2476 2475/2475
f 2524/2524 2430/2430 2429/2429
f 2430/2430 2524/2524 2525/2525
f 2526/2526 2525/2525 2524/2524
f 2525/2525 2526/2526 2511/2511
f 2512/2512 2511/2511 2526/2526
f 2527/2527 2528/2528 2529/2529
f 2529/2529 1768/1768 2527/2527
f 1766/1766 2527/2527 1768/1768
f 2527/2527 1766/1766 2530/2530
f 1764/1764 2530/2530 1766/1766
f 2530/2530 1764/1764 1754/1754
f 1754/1754 1772/1772 2530/2530
f 2531/2531 2530/2530 1772/1772
f 2530/2530 2531/2531 2527/2527
f 2528/2528 2527/2527 2531/2531
f 1172/1172 1171/1171 1737/1737
f 2532/2532 2529/2529 2528/2528
f 2529/2529 2532/2532 2533/2533
f 2534/2534 2533/2533 2532/2532
f 2533/2533 2534/2534 2535/2535
f 2536/2536 2535/2535 2534/2534
f 1767/1767 2537/2537 1765/1765
f 2537/2537 1767/1767 2538/2538
f 1769/1769 2538/2538 1767/1767
f 2538/2538 1769/1769 2539/2539
f 1771/1771 2539/2539 1769/1769
f 2539/2539 1771/1771 1551/1551
f 2536/2536 1757/1757 1546/1546
f 1180/1180 1553/1553 1760/1760
f 1553/1553 1180/1180 1429/1429
f 2540/2540 2541/2541 2486/2486
f 2542/2542 2543/2543 2540/2540
f 2535/2535 2536/2536 1547/1547
f 1546/1546 1547/1547 2536/2536
f 1534/1534 1546/1546 1757/1757
f 1550/1550 1551/1551 1771/1771
f 1757/1757 2536/2536 2292/2292
f 2534/2534 2292/2292 2536/2536
f 2292/2292 2534/2534 2544/2544
f 2532/2532 2544/2544 2534/2534
f 2544/2544 2532/2532 1743/1743
f 2528/2528 1743/1743 2532/2532
f 1743/1743 2528/2528 1773/1773
f 2531/2531 1773/1773 2528/2528
f 1773/1773 2531/2531 1772/1772
f 1761/1761 2545/2545 1745/1745
f 1765/1765 2546/2546 1755/1755
f 2546/2546 1765/1765 2537/2537
f 2486/2486 1740/1740 2547/2547
f 1739/1739 2547/2547 1740/1740
f 2547/2547 1739/1739 2548/2548
f 1741/1741 2548/2548 1739/1739
f 2548/2548 1741/1741 2549/2549
f 1732/1732 2549/2549 1741/1741
f 2549/2549 1732/1732 2550/2550
f 1745/1745 2550/2550 1732/1732
f 2550/2550 1745/1745 2545/2545
f 2551/2551 1755/1755 2546/2546
f 2545/2545 1761/1761 1302/1302
f 1889/1889 1302/1302 1761/1761
f 1749/1749 1748/1748 1761/1761
f 1889/1889 1761/1761 1748/1748
f 1743/1743 1742/1742 2544/2544
f 1759/1759 2544/2544 1742/1742
f 2544/2544 1759/1759 2292/2292
f 1758/1758 2292/2292 1759/1759
f 1746/1746 2538/2538 1749/1749
f 1747/1747 1552/1552 1771/1771
f 1550/1550 1771/1771 1552/1552
f 1747/1747 2535/2535 1547/1547
f 2535/2535 1747/1747 2533/2533
f 1770/1770 2533/2533 1747/1747
f 2533/2533 1770/1770 2529/2529
f 1768/1768 2529/2529 1770/1770
f 1749/1749 2539/2539 1551/1551
f 2539/2539 1749/1749 2538/2538
f 2538/2538 1746/1746 2537/2537
f 1731/1731 2537/2537 1746/1746
f 2537/2537 1731/1731 2546/2546
f 1733/1733 2546/2546 1731/1731
f 2546/2546 1733/1733 2551/2551
f 1738/1738 2551/2551 1733/1733
f 2551/2551 1738/1738 1753/1753
f 1740/1740 1753/1753 1738/1738
f 1755/1755 2551/2551 1753/1753
f 2552/2552 2553/2553 2554/2554
f 2555/2555 1592/1592 2556/2556
f 1594/1594 2556/2556 1592/1592
f 2557/2557 2558/2558 2559/2559
f 2560/2560 2561/2561 2562/2562
f 2563/2563 2562/2562 2564/2564
f 2562/2562 2563/2563 2565/2565
f 2566/2566 2567/2567 2568/2568
f 2569/2569 2570/2570 2571/2571
f 2572/2572 2571/2571 2573/2573
f 2571/2571 2574/2574 2553/2553
f 2553/2553 2552/2552 2543/2543
f 1610/1610 2543/2543 2552/2552
f 2549/2549 2575/2575 2548/2548
f 2576/2576 2548/2548 2575/2575
f 2548/2548 2576/2576 2547/2547
f 2497/2497 2486/2486 2577/2577
f 2541/2541 2577/2577 2486/2486
f 2577/2577 2578/2578 1595/1595
f 1779/1779 2452/2452 2129/2129
f 2543/2543 1610/1610 1612/1612
f 2453/2453 1779/1779 1722/1722
f 2453/2453 1722/1722 2579/2579
f 1665/1665 2579/2579 1722/1722
f 2579/2579 1665/1665 2580/2580
f 2543/2543 2581/2581 2540/2540
f 2580/2580 1665/1665 1300/1300
f 1676/1676 1300/1300 1665/1665
f 2463/2463 2464/2464 2451/2451
f 2449/2449 2451/2451 2464/2464
f 1224/1224 1676/1676 1217/1217
f 1675/1675 1217/1217 1676/1676
f 2374/2374 2555/2555 2582/2582
f 2553/2553 2542/2542 2571/2571
f 2583/2583 2571/2571 2542/2542
f 2571/2571 2583/2583 2569/2569
f 2565/2565 2583/2583 2562/2562
f 2584/2584 2562/2562 2583/2583
f 2562/2562 2584/2584 2560/2560
f 2582/2582 2556/2556 2584/2584
f 2556/2556 2582/2582 2555/2555
f 2543/2543 2542/2542 2553/2553
f 2555/2555 2374/2374 2314/2314
f 2547/2547 2540/2540 2486/2486
f 1737/1737 1171/1171 1760/1760
f 1180/1180 1760/1760 1171/1171
f 1534/1534 1757/1757 1554/1554
f 1756/1756 1554/1554 1757/1757
f 1554/1554 1756/1756 1553/1553
f 1760/1760 1553/1553 1756/1756
f 2585/2585 2584/2584 2575/2575
f 2540/2540 1612/1612 2578/2578
f 2586/2586 2578/2578 2581/2581
f 2587/2587 2588/2588 2589/2589
f 2312/2312 1592/1592 2314/2314
f 2555/2555 2314/2314 1592/1592
f 2540/2540 2547/2547 2542/2542
f 2576/2576 2542/2542 2547/2547
f 2542/2542 2576/2576 2583/2583
f 2575/2575 2583/2583 2576/2576
f 2583/2583 2575/2575 2584/2584
f 2089/2089 1195/1195 2115/2115
f 2584/2584 2585/2585 2582/2582
f 2590/2590 2582/2582 2585/2585
f 2582/2582 2590/2590 2374/2374
f 2375/2375 2374/2374 2590/2590
f 1302/1302 2375/2375 2545/2545
f 2590/2590 2545/2545 2375/2375
f 2545/2545 2590/2590 2550/2550
f 2585/2585 2550/2550 2590/2590
f 2550/2550 2585/2585 2549/2549
f 2575/2575 2549/2549 2585/2585
f 2591/2591 1750/1750 2592/2592
f 2593/2593 2594/2594 2595/2595
f 2596/2596 2597/2597 1772/1772
f 2598/2598 1772/1772 2597/2597
f 2599/2599 1772/1772 2598/2598
f 1772/1772 2599/2599 1750/1750
f 2592/2592 1750/1750 2599/2599
f 1772/1772 2593/2593 2600/2600
f 1750/1750 2591/2591 1181/1181
f 2601/2601 1144/1144 2602/2602
f 2603/2603 1144/1144 2601/2601
f 1144/1144 2603/2603 1142/1142
f 2396/2396 1142/1142 2603/2603
f 1155/1155 1142/1142 2396/2396
f 2023/2023 1181/1181 2591/2591
f 1325/1325 2594/2594 1304/1304
f 2594/2594 1320/1320 1304/1304
f 1104/1104 1682/1682 1108/1108
f 1772/1772 2604/2604 2596/2596
f 2604/2604 1772/1772 2605/2605
f 2600/2600 2605/2605 1772/1772
f 2594/2594 2606/2606 2595/2595
f 2606/2606 2594/2594 2607/2607
f 1324/1324 2607/2607 2594/2594
f 2608/2608 2609/2609 2610/2610
f 2611/2611 1673/1673 1105/1105
f 1099/1099 1728/1728 1100/1100
f 1727/1727 1100/1100 1728/1728
f 1100/1100 1727/1727 1098/1098
f 1730/1730 1098/1098 1727/1727
f 1098/1098 1730/1730 2611/2611
f 1673/1673 2611/2611 1730/1730
f 1728/1728 1099/1099 2196/2196
f 1674/1674 1105/1105 1673/1673
f 1105/1105 1674/1674 1106/1106
f 1106/1106 1674/1674 1104/1104
f 1682/1682 1104/1104 1674/1674
f 2139/2139 2185/2185 2183/2183
f 1195/1195 2089/2089 2183/2183
f 1194/1194 2115/2115 1195/1195
f 1721/1721 1108/1108 1682/1682
f 1108/1108 1721/1721 1107/1107
f 1667/1667 1107/1107 1721/1721
f 1107/1107 1667/1667 2612/2612
f 1669/1669 2612/2612 1667/1667
f 1778/1778 2213/2213 1669/1669
f 2612/2612 1669/1669 2213/2213
f 1144/1144 1184/1184 2602/2602
f 2602/2602 1184/1184 2613/2613
f 1187/1187 2613/2613 1184/1184
f 2613/2613 1187/1187 2614/2614
f 2614/2614 1187/1187 2198/2198
f 1190/1190 2198/2198 1187/1187
f 1102/1102 2196/2196 1099/1099
f 1754/1754 2594/2594 1772/1772
f 2594/2594 1754/1754 2615/2615
f 1753/1753 2615/2615 1754/1754
f 2615/2615 1753/1753 2616/2616
f 1740/1740 2616/2616 1753/1753
f 2616/2616 1740/1740 2501/2501
f 1320/1320 2594/2594 1337/1337
f 2617/2617 1337/1337 2594/2594
f 1335/1335 1337/1337 2617/2617
f 2409/2409 2618/2618 2407/2407
f 2619/2619 2620/2620 2621/2621
f 2622/2622 2623/2623 2624/2624
f 2624/2624 2625/2625 2622/2622
f 2625/2625 2624/2624 2626/2626
f 2627/2627 2626/2626 2624/2624
f 2626/2626 2627/2627 2628/2628
f 2629/2629 2628/2628 2627/2627
f 2628/2628 2629/2629 2630/2630
f 2631/2631 2630/2630 2629/2629
f 2630/2630 2631/2631 2632/2632
f 2633/2633 2632/2632 2631/2631
f 2632/2632 2633/2633 2619/2619
f 2634/2634 2619/2619 2633/2633
f 2635/2635 2636/2636 2637/2637
f 2637/2637 2638/2638 2635/2635
f 2639/2639 2635/2635 2640/2640
f 2641/2641 2637/2637 2636/2636
f 2636/2636 2635/2635 2642/2642
f 2642/2642 2635/2635 2643/2643
f 2644/2644 2635/2635 2645/2645
f 2646/2646 2635/2635 2644/2644
f 2643/2643 2635/2635 2646/2646
f 2647/2647 2635/2635 2638/2638
f 2648/2648 2637/2637 2649/2649
f 2649/2649 2637/2637 2650/2650
f 2640/2640 2635/2635 2647/2647
f 2650/2650 2637/2637 2641/2641
f 2651/2651 2652/2652 2653/2653
f 2415/2415 2653/2653 2654/2654
f 2653/2653 2415/2415 1877/1877
f 2655/2655 2656/2656 2657/2657
f 2658/2658 2657/2657 2656/2656
f 2656/2656 2655/2655 2659/2659
f 2660/2660 2659/2659 2655/2655
f 2657/2657 2658/2658 2661/2661
f 2659/2659 2662/2662 2656/2656
f 2663/2663 2661/2661 2658/2658
f 2664/2664 2665/2665 2666/2666
f 2667/2667 2668/2668 2669/2669
f 2670/2670 2671/2671 2672/2672
f 2673/2673 2672/2672 2671/2671
f 2669/2669 2674/2674 2675/2675
f 2676/2676 2675/2675 2674/2674
f 2675/2675 2676/2676 2677/2677
f 2678/2678 2677/2677 2676/2676
f 2677/2677 2678/2678 2679/2679
f 2666/2666 2679/2679 2678/2678
f 2679/2679 2666/2666 2665/2665
f 2674/2674 2669/2669 2668/2668
f 2665/2665 2664/2664 2680/2680
f 2681/2681 2680/2680 2664/2664
f 2680/2680 2681/2681 2682/2682
f 2683/2683 2682/2682 2681/2681
f 2682/2682 2683/2683 2684/2684
f 2685/2685 2684/2684 2683/2683
f 2684/2684 2685/2685 2670/2670
f 2671/2671 2670/2670 2685/2685
f 2686/2686 2687/2687 2688/2688
f 2689/2689 2688/2688 2687/2687
f 2688/2688 2689/2689 2667/2667
f 2668/2668 2667/2667 2689/2689
f 2690/2690 2691/2691 2686/2686
f 2687/2687 2686/2686 2691/2691
f 2692/2692 2672/2672 2693/2693
f 2673/2673 2693/2693 2672/2672
f 2694/2694 2695/2695 2696/2696
f 2697/2697 2695/2695 2698/2698
f 2699/2699 2700/2700 2701/2701
f 2702/2702 2703/2703 2704/2704
f 2705/2705 2704/2704 2703/2703
f 2704/2704 2705/2705 2706/2706
f 2707/2707 2706/2706 2705/2705
f 2706/2706 2707/2707 2708/2708
f 2709/2709 2708/2708 2707/2707
f 2708/2708 2709/2709 2710/2710
f 2711/2711 2710/2710 2709/2709
f 2710/2710 2711/2711 2712/2712
f 2713/2713 2712/2712 2711/2711
f 2714/2714 2701/2701 2700/2700
f 2697/2697 2696/2696 2695/2695
f 2715/2715 2698/2698 2695/2695
f 2698/2698 2715/2715 2716/2716
f 2717/2717 2716/2716 2715/2715
f 2700/2700 2699/2699 2718/2718
f 2719/2719 2718/2718 2699/2699
f 2718/2718 2719/2719 2702/2702
f 2716/2716 2717/2717 2720/2720
f 2720/2720 2721/2721 2722/2722
f 2723/2723 2722/2722 2721/2721
f 2722/2722 2723/2723 2713/2713
f 2712/2712 2713/2713 2723/2723
f 2703/2703 2702/2702 2719/2719
f 2701/2701 2714/2714 2724/2724
f 2721/2721 2720/2720 2717/2717
f 2725/2725 2726/2726 2727/2727
f 2728/2728 2727/2727 2726/2726
f 2729/2729 2730/2730 2731/2731
f 2728/2728 2732/2732 2730/2730
f 2733/2733 2726/2726 2734/2734
f 2735/2735 2726/2726 2725/2725
f 2736/2736 2726/2726 2735/2735
f 2737/2737 2726/2726 2733/2733
f 2738/2738 2739/2739 2728/2728
f 2738/2738 2728/2728 2729/2729
f 2729/2729 2728/2728 2730/2730
f 2740/2740 2726/2726 2737/2737
f 2726/2726 2740/2740 2732/2732
f 2741/2741 2732/2732 2740/2740
f 2742/2742 2732/2732 2741/2741
f 2743/2743 2744/2744 2745/2745
f 2746/2746 2743/2743 2747/2747
f 2745/2745 2747/2747 2743/2743
f 2746/2746 2748/2748 2743/2743
f 2749/2749 2750/2750 2751/2751
f 2752/2752 2751/2751 2750/2750
f 2750/2750 2431/2431 1866/1866
f 2753/2753 2754/2754 2755/2755
f 2756/2756 2757/2757 2758/2758
f 1993/1993 2758/2758 2759/2759
f 2760/2760 2761/2761 2762/2762
f 2763/2763 2762/2762 2761/2761
f 2762/2762 2763/2763 2764/2764
f 2765/2765 2764/2764 2763/2763
f 2754/2754 2753/2753 2766/2766
f 2764/2764 2765/2765 2767/2767
f 2768/2768 2767/2767 2765/2765
f 2760/2760 2769/2769 2761/2761
f 2770/2770 2755/2755 2754/2754
f 2755/2755 2770/2770 2771/2771
f 2772/2772 2771/2771 2770/2770
f 2771/2771 2772/2772 2773/2773
f 2774/2774 2773/2773 2772/2772
f 2773/2773 2774/2774 2775/2775
f 2776/2776 2775/2775 2774/2774
f 2775/2775 2776/2776 2777/2777
f 2778/2778 2777/2777 2776/2776
f 2777/2777 2778/2778 2779/2779
f 2780/2780 2779/2779 2778/2778
f 2767/2767 2768/2768 2781/2781
f 2766/2766 2781/2781 2768/2768
f 2781/2781 2766/2766 2753/2753
f 2757/2757 2756/2756 2780/2780
f 2779/2779 2780/2780 2756/2756
f 2782/2782 2761/2761 2769/2769
f 2769/2769 2760/2760 2783/2783
f 2784/2784 2785/2785 2786/2786
f 2784/2784 2786/2786 2787/2787
f 2788/2788 2787/2787 2786/2786
f 2787/2787 2788/2788 2789/2789
f 2790/2790 2791/2791 2792/2792
f 2793/2793 2794/2794 2795/2795
f 2796/2796 2792/2792 2791/2791
f 2792/2792 2796/2796 2797/2797
f 2798/2798 2797/2797 2796/2796
f 2797/2797 2798/2798 2799/2799
f 2800/2800 2799/2799 2798/2798
f 2801/2801 2800/2800 2802/2802
f 2800/2800 2801/2801 2799/2799
f 2803/2803 2799/2799 2801/2801
f 2804/2804 2805/2805 2806/2806
f 2805/2805 2804/2804 2807/2807
f 2808/2808 2807/2807 2804/2804
f 2807/2807 2808/2808 2809/2809
f 2795/2795 2809/2809 2808/2808
f 2809/2809 2795/2795 2794/2794
f 2810/2810 2811/2811 2812/2812
f 2813/2813 2811/2811 2793/2793
f 2794/2794 2793/2793 2811/2811
f 2812/2812 2814/2814 2056/2056
f 2791/2791 2790/2790 2815/2815
f 2816/2816 2815/2815 2790/2790
f 2817/2817 2818/2818 2816/2816
f 2818/2818 2817/2817 2819/2819
f 2820/2820 2819/2819 2817/2817
f 2819/2819 2820/2820 2821/2821
f 2806/2806 2821/2821 2820/2820
f 2821/2821 2806/2806 2805/2805
f 2813/2813 2812/2812 2811/2811
f 2815/2815 2816/2816 2818/2818
f 2822/2822 2823/2823 2824/2824
f 2825/2825 2824/2824 2823/2823
f 2824/2824 2825/2825 2826/2826
f 2827/2827 2828/2828 2829/2829
f 2828/2828 2827/2827 2830/2830
f 2831/2831 2830/2830 2827/2827
f 2830/2830 2831/2831 2832/2832
f 2833/2833 2832/2832 2831/2831
f 2832/2832 2833/2833 2834/2834
f 2835/2835 2834/2834 2833/2833
f 2834/2834 2835/2835 2836/2836
f 2837/2837 2836/2836 2835/2835
f 2838/2838 2839/2839 2840/2840
f 2826/2826 2841/2841 2842/2842
f 2841/2841 2826/2826 2825/2825
f 2843/2843 2829/2829 2828/2828
f 2829/2829 2843/2843 2844/2844
f 2845/2845 2844/2844 2843/2843
f 2844/2844 2845/2845 2846/2846
f 2840/2840 2846/2846 2845/2845
f 2846/2846 2840/2840 2839/2839
f 2847/2847 2848/2848 2849/2849
f 2839/2839 2838/2838 2850/2850
f 2851/2851 2850/2850 2838/2838
f 2850/2850 2851/2851 2852/2852
f 2853/2853 2852/2852 2851/2851
f 2852/2852 2853/2853 2854/2854
f 2855/2855 2854/2854 2853/2853
f 2854/2854 2855/2855 2847/2847
f 2848/2848 2847/2847 2855/2855
f 2856/2856 2857/2857 2858/2858
f 2859/2859 2849/2849 2848/2848
f 2849/2849 2859/2859 2860/2860
f 2861/2861 2860/2860 2859/2859
f 2860/2860 2861/2861 2862/2862
f 2863/2863 2862/2862 2861/2861
f 2862/2862 2863/2863 2864/2864
f 2865/2865 2864/2864 2863/2863
f 2864/2864 2865/2865 2866/2866
f 2867/2867 2866/2866 2865/2865
f 2866/2866 2867/2867 2856/2856
f 2857/2857 2856/2856 2867/2867
f 2842/2842 2858/2858 2857/2857
f 2858/2858 2842/2842 2841/2841
f 2836/2836 2837/2837 2868/2868
f 2869/2869 2868/2868 2837/2837
f 2868/2868 2869/2869 2822/2822
f 2823/2823 2822/2822 2869/2869
f 2870/2870 2871/2871 2872/2872
f 2872/2872 2871/2871 2873/2873
f 2871/2871 2874/2874 2875/2875
f 2874/2874 2871/2871 2876/2876
f 2876/2876 2871/2871 2877/2877
f 2878/2878 2879/2879 2880/2880
f 2877/2877 2871/2871 2881/2881
f 2881/2881 2879/2879 2882/2882
f 2883/2883 2884/2884 2879/2879
f 2883/2883 2879/2879 2870/2870
f 2873/2873 2871/2871 2885/2885
f 2871/2871 2875/2875 2886/2886
f 2882/2882 2879/2879 2878/2878
f 2880/2880 2879/2879 2887/2887
f 2887/2887 2879/2879 2888/2888
f 2889/2889 2886/2886 2890/2890
f 2891/2891 2886/2886 2889/2889
f 2892/2892 2886/2886 2891/2891
f 2893/2893 2886/2886 2875/2875
f 2894/2894 2886/2886 2893/2893
f 2895/2895 2886/2886 2894/2894
f 2896/2896 2871/2871 2897/2897
f 2885/2885 2871/2871 2896/2896
f 2898/2898 2886/2886 2892/2892
f 2886/2886 2898/2898 2871/2871
f 2897/2897 2871/2871 2898/2898
f 2870/2870 2879/2879 2871/2871
f 2899/2899 2886/2886 2895/2895
f 2900/2900 2886/2886 2899/2899
f 2901/2901 2886/2886 2900/2900
f 2902/2902 2903/2903 2904/2904
f 2905/2905 2903/2903 2906/2906
f 2907/2907 2908/2908 2909/2909
f 2908/2908 2910/2910 2909/2909
f 2908/2908 2911/2911 2910/2910
f 2910/2910 2912/2912 2909/2909
f 2910/2910 2913/2913 2912/2912
f 2910/2910 2914/2914 2913/2913
f 2913/2913 2915/2915 2912/2912
f 2912/2912 2916/2916 2909/2909
f 2912/2912 2917/2917 2916/2916
f 2912/2912 2918/2918 2917/2917
f 2912/2912 2919/2919 2918/2918
f 2918/2918 2920/2920 2917/2917
f 2917/2917 2921/2921 2916/2916
f 2917/2917 2922/2922 2921/2921
f 2921/2921 2923/2923 2916/2916
f 2916/2916 2924/2924 2909/2909
f 2916/2916 2925/2925 2924/2924
f 2916/2916 2926/2926 2925/2925
f 2925/2925 2927/2927 2924/2924
f 2924/2924 2928/2928 2909/2909
f 2924/2924 2929/2929 2928/2928
f 2928/2928 2930/2930 2909/2909
f 2726/2726 2732/2732 2728/2728
f 2049/2049 2931/2931 2004/2004
f 2499/2499 2932/2932 2500/2500
f 2933/2933 2620/2620 2634/2634
f 2624/2624 2623/2623 2934/2934
f 2935/2935 2936/2936 2937/2937
f 2474/2474 2938/2938 2490/2490
f 2939/2939 2940/2940 2003/2003
f 2938/2938 2474/2474 2941/2941
f 2013/2013 2942/2942 2018/2018
f 1393/1393 2943/2943 2107/2107
f 2944/2944 2499/2499 2498/2498
f 2021/2021 2945/2945 2946/2946
f 1562/1562 1504/1504 1507/1507
f 2945/2945 2021/2021 2042/2042
f 1994/1994 2939/2939 2003/2003
f 2014/2014 2013/2013 2019/2019
f 2068/2068 2139/2139 2089/2089
f 2106/2106 1393/1393 2107/2107
f 2101/2101 2113/2113 2111/2111
f 1854/1854 2432/2432 2151/2151
f 2110/2110 2947/2947 2249/2249
f 2948/2948 1923/1923 2250/2250
f 2298/2298 2297/2297 2296/2296
f 2319/2319 2323/2323 2324/2324
f 2379/2379 2378/2378 2377/2377
f 1879/1879 2414/2414 1875/1875
f 2484/2484 2520/2520 2485/2485
f 2520/2520 2949/2949 2485/2485
f 2502/2502 2522/2522 2514/2514
f 2593/2593 1772/1772 2594/2594
f 2881/2881 2871/2871 2879/2879
f 2883/2883 2950/2950 2884/2884
f 2499/2499 2951/2951 2932/2932
f 2619/2619 2634/2634 2620/2620
f 2492/2492 2494/2494 2952/2952
f 2953/2953 2954/2954 2955/2955
f 2956/2956 2957/2957 2958/2958
f 2959/2959 2960/2960 2961/2961
f 2962/2962 2954/2954 2953/2953
f 2953/2953 2963/2963 2962/2962
f 2964/2964 2962/2962 2963/2963
f 2965/2965 2957/2957 2966/2966
f 2967/2967 2968/2968 2969/2969
f 2970/2970 2971/2971 2965/2965
f 2971/2971 2970/2970 2972/2972
f 2973/2973 2974/2974 2972/2972
f 2974/2974 2973/2973 2975/2975
f 2968/2968 2967/2967 2976/2976
f 2977/2977 2957/2957 2956/2956
f 2978/2978 2979/2979 2980/2980
f 2981/2981 2982/2982 2983/2983
f 2984/2984 2983/2983 2982/2982
f 2983/2983 2984/2984 2985/2985
f 2968/2968 2986/2986 2969/2969
f 2969/2969 2986/2986 2981/2981
f 2987/2987 2981/2981 2986/2986
f 2981/2981 2987/2987 2988/2988
f 2980/2980 2989/2989 2990/2990
f 2982/2982 2981/2981 2988/2988
f 2991/2991 2978/2978 2980/2980
f 2992/2992 2978/2978 2993/2993
f 2965/2965 2994/2994 2995/2995
f 2996/2996 2995/2995 2994/2994
f 2997/2997 2998/2998 2996/2996
f 2999/2999 2976/2976 2967/2967
f 2976/2976 2999/2999 3000/3000
f 2983/2983 2985/2985 3001/3001
f 3002/3002 3001/3001 2985/2985
f 3001/3001 3002/3002 3003/3003
f 3003/3003 3002/3002 3004/3004
f 2957/2957 2971/2971 2958/2958
f 2971/2971 2957/2957 2965/2965
f 3005/3005 2998/2998 3006/3006
f 3007/3007 3008/3008 3009/3009
f 3010/3010 3007/3007 3011/3011
f 3000/3000 3012/3012 3013/3013
f 2965/2965 2995/2995 3005/3005
f 2998/2998 3005/3005 2995/2995
f 3014/3014 2975/2975 2955/2955
f 3006/3006 2998/2998 3015/3015
f 2958/2958 2972/2972 2974/2974
f 2972/2972 2958/2958 2971/2971
f 3016/3016 2961/2961 2960/2960
f 2972/2972 3017/3017 2973/2973
f 3017/3017 2972/2972 2970/2970
f 3018/3018 3019/3019 3016/3016
f 2961/2961 3016/3016 3019/3019
f 3020/3020 2977/2977 2959/2959
f 2956/2956 2959/2959 2977/2977
f 2959/2959 2956/2956 2960/2960
f 2958/2958 2960/2960 2956/2956
f 2960/2960 2958/2958 3016/3016
f 3021/3021 2955/2955 2954/2954
f 2975/2975 3014/3014 2974/2974
f 2954/2954 3022/3022 3021/3021
f 3021/3021 3022/3022 3018/3018
f 3018/3018 3022/3022 3019/3019
f 2996/2996 2998/2998 2995/2995
f 2955/2955 3021/3021 3014/3014
f 3018/3018 3014/3014 3021/3021
f 3014/3014 3018/3018 2974/2974
f 3016/3016 2974/2974 3018/3018
f 2974/2974 3016/3016 2958/2958
f 3023/3023 3024/3024 3025/3025
f 2991/2991 2980/2980 3026/3026
f 3027/3027 3028/3028 3029/3029
f 2957/2957 2977/2977 3030/3030
f 3025/3025 3031/3031 3032/3032
f 3031/3031 3025/3025 3024/3024
f 3033/3033 3026/3026 2980/2980
f 3026/3026 3033/3033 3028/3028
f 3029/3029 3028/3028 3034/3034
f 3034/3034 3028/3028 3033/3033
f 3027/3027 3029/3029 2999/2999
f 3000/3000 2999/2999 3029/3029
f 3035/3035 2977/2977 3020/3020
f 3036/3036 3037/3037 3038/3038
f 3039/3039 2954/2954 3040/3040
f 3041/3041 3012/3012 3042/3042
f 3012/3012 3041/3041 3043/3043
f 3044/3044 3043/3043 3041/3041
f 3043/3043 3044/3044 3010/3010
f 3030/3030 3045/3045 2957/2957
f 2957/2957 3045/3045 2966/2966
f 2966/2966 3045/3045 2965/2965
f 2994/2994 2965/2965 3045/3045
f 2980/2980 2990/2990 3046/3046
f 3044/3044 3047/3047 3048/3048
f 3000/3000 3042/3042 3012/3012
f 3049/3049 3050/3050 3051/3051
f 3051/3051 3050/3050 3052/3052
f 3042/3042 3053/3053 3041/3041
f 3054/3054 3032/3032 3055/3055
f 3035/3035 3030/3030 2977/2977
f 3056/3056 3025/3025 3057/3057
f 3058/3058 3025/3025 3059/3059
f 3025/3025 3058/3058 3023/3023
f 3060/3060 3032/3032 3031/3031
f 3060/3060 3055/3055 3032/3032
f 3035/3035 3061/3061 3036/3036
f 3032/3032 3054/3054 3062/3062
f 3062/3062 3063/3063 3064/3064
f 3065/3065 3066/3066 3067/3067
f 3066/3066 3065/3065 3068/3068
f 3069/3069 3068/3068 3065/3065
f 3068/3068 3069/3069 3031/3031
f 3060/3060 3031/3031 3069/3069
f 3050/3050 3070/3070 3071/3071
f 3072/3072 3052/3052 3073/3073
f 3050/3050 3073/3073 3052/3052
f 3073/3073 3050/3050 3071/3071
f 3074/3074 3067/3067 3066/3066
f 3075/3075 3052/3052 3072/3072
f 3052/3052 3075/3075 3076/3076
f 3076/3076 3075/3075 3077/3077
f 3078/3078 3077/3077 3079/3079
f 3080/3080 3047/3047 3081/3081
f 2997/2997 2996/2996 3004/3004
f 3003/3003 3004/3004 2996/2996
f 3071/3071 3070/3070 3082/3082
f 3083/3083 3082/3082 3070/3070
f 3047/3047 3082/3082 3083/3083
f 3082/3082 3047/3047 3080/3080
f 3084/3084 3081/3081 3047/3047
f 2990/2990 3081/3081 3084/3084
f 3081/3081 2990/2990 2989/2989
f 2989/2989 2980/2980 2979/2979
f 3085/3085 3086/3086 3074/3074
f 3067/3067 3074/3074 3086/3086
f 2962/2962 3040/3040 2954/2954
f 2964/2964 3087/3087 2962/2962
f 3040/3040 2962/2962 3087/3087
f 2954/2954 3088/3088 3022/3022
f 3088/3088 2954/2954 3039/3039
f 3089/3089 3019/3019 3088/3088
f 3022/3022 3088/3088 3019/3019
f 3090/3090 2961/2961 3089/3089
f 3020/3020 3091/3091 3035/3035
f 3061/3061 3035/3035 3091/3091
f 3092/3092 2959/2959 3090/3090
f 3079/3079 3075/3075 3093/3093
f 3094/3094 3093/3093 3075/3075
f 3093/3093 3094/3094 3095/3095
f 3096/3096 3095/3095 3094/3094
f 3095/3095 3096/3096 3085/3085
f 3086/3086 3085/3085 3096/3096
f 3089/3089 2961/2961 3019/3019
f 2961/2961 3090/3090 2959/2959
f 2959/2959 3092/3092 3020/3020
f 3091/3091 3020/3020 3092/3092
f 3087/3087 2964/2964 3079/3079
f 3079/3079 2964/2964 3078/3078
f 3097/3097 3098/3098 3099/3099
f 3100/3100 3077/3077 3098/3098
f 3101/3101 3100/3100 3097/3097
f 3098/3098 3097/3097 3100/3100
f 3077/3077 3100/3100 3076/3076
f 3102/3102 3099/3099 3098/3098
f 3099/3099 3102/3102 3103/3103
f 3104/3104 3103/3103 3102/3102
f 3103/3103 3104/3104 3105/3105
f 3102/3102 3078/3078 3104/3104
f 2964/2964 3104/3104 3078/3078
f 3104/3104 2964/2964 2963/2963
f 3051/3051 3052/3052 3106/3106
f 3076/3076 3106/3106 3052/3052
f 3106/3106 3076/3076 3100/3100
f 3097/3097 3107/3107 3101/3101
f 3107/3107 3097/3097 3108/3108
f 3099/3099 3108/3108 3097/3097
f 3108/3108 3099/3099 3109/3109
f 3103/3103 3109/3109 3099/3099
f 3109/3109 3103/3103 3110/3110
f 3111/3111 3101/3101 3107/3107
f 3110/3110 3103/3103 3112/3112
f 3105/3105 3112/3112 3103/3103
f 3113/3113 3109/3109 3114/3114
f 3110/3110 3114/3114 3109/3109
f 3114/3114 3110/3110 3115/3115
f 3112/3112 3115/3115 3110/3110
f 3115/3115 3112/3112 2975/2975
f 2955/2955 2975/2975 3112/3112
f 3105/3105 3104/3104 2953/2953
f 3112/3112 3105/3105 2955/2955
f 2953/2953 2955/2955 3105/3105
f 3051/3051 3116/3116 3049/3049
f 3116/3116 3051/3051 3117/3117
f 3106/3106 3117/3117 3051/3051
f 3117/3117 3106/3106 3118/3118
f 3100/3100 3118/3118 3106/3106
f 3118/3118 3100/3100 3101/3101
f 3101/3101 3111/3111 3118/3118
f 3119/3119 3041/3041 3053/3053
f 3048/3048 3047/3047 3083/3083
f 3034/3034 3120/3120 3000/3000
f 3041/3041 3119/3119 3044/3044
f 3047/3047 3044/3044 3119/3119
f 3121/3121 2990/2990 3084/3084
f 2990/2990 3121/3121 3046/3046
f 3044/3044 3048/3048 3122/3122
f 3007/3007 3123/3123 3008/3008
f 3070/3070 3008/3008 3123/3123
f 3008/3008 3070/3070 3049/3049
f 3122/3122 3083/3083 3123/3123
f 3083/3083 3122/3122 3048/3048
f 3053/3053 3046/3046 3121/3121
f 3122/3122 3010/3010 3044/3044
f 3010/3010 3122/3122 3007/3007
f 3123/3123 3007/3007 3122/3122
f 3033/3033 3046/3046 3034/3034
f 3120/3120 3034/3034 3046/3046
f 3083/3083 3070/3070 3123/3123
f 3070/3070 3050/3050 3049/3049
f 3119/3119 3084/3084 3047/3047
f 3098/3098 3077/3077 3102/3102
f 3078/3078 3102/3102 3077/3077
f 3046/3046 3053/3053 3120/3120
f 3042/3042 3120/3120 3053/3053
f 3120/3120 3042/3042 3000/3000
f 3046/3046 3033/3033 2980/2980
f 3000/3000 3029/3029 3034/3034
f 2963/2963 2953/2953 3104/3104
f 3053/3053 3121/3121 3119/3119
f 3084/3084 3119/3119 3121/3121
f 3013/3013 3124/3124 3125/3125
f 3126/3126 3127/3127 3128/3128
f 3129/3129 3130/3130 3015/3015
f 3131/3131 3015/3015 3130/3130
f 3015/3015 3131/3131 3006/3006
f 3127/3127 3006/3006 3131/3131
f 3006/3006 3127/3127 3005/3005
f 3132/3132 3005/3005 3127/3127
f 3005/3005 3132/3132 2965/2965
f 2970/2970 2965/2965 3132/3132
f 3012/3012 3043/3043 3013/3013
f 3124/3124 3013/3013 3043/3043
f 3131/3131 3128/3128 3127/3127
f 3133/3133 3125/3125 3124/3124
f 3125/3125 3133/3133 3134/3134
f 3135/3135 3134/3134 3133/3133
f 3134/3134 3135/3135 3136/3136
f 3137/3137 3136/3136 3135/3135
f 3138/3138 3125/3125 3139/3139
f 3134/3134 3139/3139 3125/3125
f 3139/3139 3134/3134 3140/3140
f 3136/3136 3140/3140 3134/3134
f 3140/3140 3136/3136 3141/3141
f 3142/3142 3143/3143 3144/3144
f 3145/3145 3135/3135 3146/3146
f 3135/3135 3145/3145 3137/3137
f 3147/3147 3137/3137 3145/3145
f 3137/3137 3147/3147 3144/3144
f 3148/3148 3144/3144 3147/3147
f 3144/3144 3148/3148 3142/3142
f 3149/3149 3142/3142 3148/3148
f 3136/3136 3137/3137 3150/3150
f 3144/3144 3150/3150 3137/3137
f 3150/3150 3144/3144 3143/3143
f 3150/3150 3141/3141 3136/3136
f 3143/3143 3142/3142 3151/3151
f 3152/3152 3151/3151 3142/3142
f 3151/3151 3152/3152 3153/3153
f 3154/3154 3153/3153 3152/3152
f 3153/3153 3154/3154 3155/3155
f 3156/3156 3155/3155 3154/3154
f 3155/3155 3156/3156 3130/3130
f 3157/3157 3130/3130 3156/3156
f 3130/3130 3157/3157 3131/3131
f 3128/3128 3131/3131 3157/3157
f 3158/3158 3002/3002 3159/3159
f 3013/3013 3160/3160 3000/3000
f 3160/3160 3013/3013 3138/3138
f 3125/3125 3138/3138 3013/3013
f 2998/2998 2997/2997 3015/3015
f 3004/3004 3015/3015 2997/2997
f 3015/3015 3004/3004 3129/3129
f 3129/3129 3004/3004 3158/3158
f 3004/3004 3002/3002 3158/3158
f 2986/2986 2968/2968 3138/3138
f 2985/2985 3159/3159 3002/3002
f 3159/3159 2985/2985 3161/3161
f 2984/2984 3161/3161 2985/2985
f 3161/3161 2984/2984 3162/3162
f 2984/2984 2982/2982 3162/3162
f 2988/2988 3162/3162 2982/2982
f 3162/3162 2988/2988 3141/3141
f 3008/3008 3049/3049 3116/3116
f 3141/3141 2988/2988 3140/3140
f 3141/3141 3150/3150 3162/3162
f 3143/3143 3162/3162 3150/3150
f 3162/3162 3143/3143 3161/3161
f 3151/3151 3161/3161 3143/3143
f 3161/3161 3151/3151 3159/3159
f 3153/3153 3159/3159 3151/3151
f 3159/3159 3153/3153 3158/3158
f 3155/3155 3158/3158 3153/3153
f 3158/3158 3155/3155 3129/3129
f 3130/3130 3129/3129 3155/3155
f 3116/3116 3009/3009 3008/3008
f 2988/2988 2987/2987 3140/3140
f 2986/2986 3140/3140 2987/2987
f 3140/3140 2986/2986 3139/3139
f 3139/3139 2986/2986 3138/3138
f 3160/3160 2976/2976 3000/3000
f 2976/2976 3160/3160 2968/2968
f 3138/3138 2968/2968 3160/3160
f 3145/3145 3163/3163 3147/3147
f 3142/3142 3149/3149 3152/3152
f 3164/3164 3165/3165 3166/3166
f 3167/3167 3166/3166 3165/3165
f 3166/3166 3167/3167 3168/3168
f 3149/3149 3168/3168 3167/3167
f 3168/3168 3149/3149 3169/3169
f 3148/3148 3169/3169 3149/3149
f 3169/3169 3148/3148 3170/3170
f 3147/3147 3170/3170 3148/3148
f 3170/3170 3147/3147 3163/3163
f 3167/3167 3152/3152 3149/3149
f 3163/3163 3145/3145 3171/3171
f 3146/3146 3171/3171 3145/3145
f 3171/3171 3146/3146 3011/3011
f 3172/3172 3011/3011 3146/3146
f 3011/3011 3172/3172 3010/3010
f 3173/3173 3171/3171 3009/3009
f 3011/3011 3009/3009 3171/3171
f 3009/3009 3011/3011 3007/3007
f 3174/3174 3157/3157 3175/3175
f 3127/3127 3126/3126 3132/3132
f 2973/2973 3017/3017 3176/3176
f 3177/3177 3176/3176 3017/3017
f 3133/3133 3146/3146 3135/3135
f 3176/3176 3177/3177 3178/3178
f 3126/3126 3178/3178 3177/3177
f 3178/3178 3126/3126 3179/3179
f 3128/3128 3179/3179 3126/3126
f 3179/3179 3128/3128 3174/3174
f 3157/3157 3174/3174 3128/3128
f 2975/2975 2973/2973 3115/3115
f 3177/3177 3132/3132 3126/3126
f 3132/3132 3177/3177 2970/2970
f 3017/3017 2970/2970 3177/3177
f 3043/3043 3010/3010 3124/3124
f 3156/3156 3175/3175 3157/3157
f 3175/3175 3156/3156 3165/3165
f 3154/3154 3165/3165 3156/3156
f 3165/3165 3154/3154 3167/3167
f 3152/3152 3167/3167 3154/3154
f 3163/3163 3173/3173 3170/3170
f 3168/3168 3107/3107 3166/3166
f 3172/3172 3124/3124 3010/3010
f 3124/3124 3172/3172 3133/3133
f 3146/3146 3133/3133 3172/3172
f 3107/3107 3168/3168 3111/3111
f 3169/3169 3111/3111 3168/3168
f 3170/3170 3111/3111 3169/3169
f 3111/3111 3170/3170 3173/3173
f 3176/3176 3115/3115 2973/2973
f 3171/3171 3173/3173 3163/3163
f 3118/3118 3111/3111 3117/3117
f 3173/3173 3117/3117 3111/3111
f 3117/3117 3173/3173 3116/3116
f 3009/3009 3116/3116 3173/3173
f 3115/3115 3178/3178 3114/3114
f 3179/3179 3114/3114 3178/3178
f 3114/3114 3179/3179 3113/3113
f 3174/3174 3113/3113 3179/3179
f 3175/3175 3113/3113 3174/3174
f 3113/3113 3175/3175 3164/3164
f 3165/3165 3164/3164 3175/3175
f 3109/3109 3113/3113 3108/3108
f 3164/3164 3108/3108 3113/3113
f 3108/3108 3164/3164 3107/3107
f 3166/3166 3107/3107 3164/3164
f 3178/3178 3115/3115 3176/3176
f 3180/3180 3181/3181 3182/3182
f 3183/3183 3181/3181 3184/3184
f 3185/3185 3186/3186 3187/3187
f 3186/3186 3185/3185 3188/3188
f 3189/3189 3188/3188 3185/3185
f 3184/3184 3188/3188 3189/3189
f 3190/3190 3191/3191 3192/3192
f 3191/3191 3190/3190 3193/3193
f 3194/3194 3193/3193 3190/3190
f 3195/3195 3196/3196 3197/3197
f 3198/3198 3199/3199 3197/3197
f 3200/3200 3201/3201 3202/3202
f 3197/3197 3203/3203 3195/3195
f 3204/3204 3203/3203 3197/3197
f 3203/3203 3204/3204 3205/3205
f 3206/3206 3205/3205 3204/3204
f 3207/3207 3208/3208 3209/3209
f 3210/3210 3211/3211 3212/3212
f 3211/3211 3210/3210 3209/3209
f 3213/3213 3214/3214 3215/3215
f 3202/3202 3215/3215 3214/3214
f 3216/3216 3217/3217 3201/3201
f 3218/3218 3219/3219 3220/3220
f 3219/3219 3218/3218 3217/3217
f 3221/3221 3217/3217 3218/3218
f 3217/3217 3221/3221 3222/3222
f 3204/3204 3197/3197 3199/3199
f 3222/3222 3223/3223 3224/3224
f 3224/3224 3223/3223 3225/3225
f 3226/3226 3225/3225 3223/3223
f 3225/3225 3226/3226 3227/3227
f 3228/3228 3227/3227 3226/3226
f 3227/3227 3228/3228 3229/3229
f 3230/3230 3229/3229 3228/3228
f 3229/3229 3230/3230 3199/3199
f 3225/3225 3213/3213 3224/3224
f 3224/3224 3213/3213 3222/3222
f 3199/3199 3231/3231 3204/3204
f 3206/3206 3204/3204 3231/3231
f 3206/3206 3231/3231 3232/3232
f 3230/3230 3232/3232 3231/3231
f 3232/3232 3230/3230 3233/3233
f 3228/3228 3233/3233 3230/3230
f 3233/3233 3228/3228 3234/3234
f 3226/3226 3234/3234 3228/3228
f 3235/3235 3222/3222 3221/3221
f 3223/3223 3222/3222 3235/3235
f 3223/3223 3236/3236 3226/3226
f 3236/3236 3223/3223 3237/3237
f 3235/3235 3237/3237 3223/3223
f 3237/3237 3235/3235 3238/3238
f 3221/3221 3238/3238 3235/3235
f 3238/3238 3221/3221 3239/3239
f 3218/3218 3239/3239 3221/3221
f 3239/3239 3218/3218 3240/3240
f 3220/3220 3240/3240 3218/3218
f 3231/3231 3199/3199 3230/3230
f 3241/3241 3242/3242 3243/3243
f 3242/3242 3232/3232 3244/3244
f 3233/3233 3244/3244 3232/3232
f 3244/3244 3233/3233 3245/3245
f 3234/3234 3245/3245 3233/3233
f 3245/3245 3234/3234 3246/3246
f 3234/3234 3226/3226 3236/3236
f 3247/3247 3237/3237 3248/3248
f 3238/3238 3248/3248 3237/3237
f 3248/3248 3238/3238 3249/3249
f 3239/3239 3249/3249 3238/3238
f 3249/3249 3239/3239 3250/3250
f 3240/3240 3250/3250 3239/3239
f 3250/3250 3240/3240 3251/3251
f 3252/3252 3251/3251 3240/3240
f 3232/3232 3241/3241 3206/3206
f 3242/3242 3241/3241 3232/3232
f 3251/3251 3253/3253 3250/3250
f 3254/3254 3250/3250 3253/3253
f 3255/3255 3250/3250 3254/3254
f 3250/3250 3255/3255 3249/3249
f 3249/3249 3255/3255 3248/3248
f 3256/3256 3248/3248 3255/3255
f 3248/3248 3256/3256 3247/3247
f 3257/3257 3247/3247 3256/3256
f 3236/3236 3246/3246 3234/3234
f 3246/3246 3236/3236 3247/3247
f 3237/3237 3247/3247 3236/3236
f 3246/3246 3258/3258 3245/3245
f 3259/3259 3245/3245 3258/3258
f 3245/3245 3259/3259 3244/3244
f 3260/3260 3244/3244 3259/3259
f 3244/3244 3260/3260 3242/3242
f 3243/3243 3242/3242 3260/3260
f 3260/3260 3261/3261 3243/3243
f 3262/3262 3261/3261 3260/3260
f 3261/3261 3262/3262 3263/3263
f 3220/3220 3252/3252 3240/3240
f 3253/3253 3264/3264 3265/3265
f 3264/3264 3253/3253 3251/3251
f 3262/3262 3260/3260 3266/3266
f 3259/3259 3266/3266 3260/3260
f 3258/3258 3266/3266 3259/3259
f 3266/3266 3258/3258 3267/3267
f 3257/3257 3267/3267 3258/3258
f 3267/3267 3257/3257 3268/3268
f 3256/3256 3268/3268 3257/3257
f 3268/3268 3256/3256 3269/3269
f 3247/3247 3257/3257 3246/3246
f 3258/3258 3246/3246 3257/3257
f 3270/3270 3255/3255 3271/3271
f 3254/3254 3271/3271 3255/3255
f 3253/3253 3271/3271 3254/3254
f 3271/3271 3253/3253 3272/3272
f 3265/3265 3272/3272 3253/3253
f 3273/3273 3274/3274 3275/3275
f 3274/3274 3273/3273 3272/3272
f 3252/3252 3264/3264 3251/3251
f 3276/3276 3271/3271 3277/3277
f 3271/3271 3276/3276 3270/3270
f 3270/3270 3276/3276 3269/3269
f 3278/3278 3269/3269 3276/3276
f 3269/3269 3278/3278 3268/3268
f 3279/3279 3268/3268 3278/3278
f 3268/3268 3279/3279 3267/3267
f 3255/3255 3269/3269 3256/3256
f 3269/3269 3255/3255 3270/3270
f 3280/3280 3266/3266 3281/3281
f 3266/3266 3280/3280 3262/3262
f 3263/3263 3262/3262 3280/3280
f 3265/3265 3274/3274 3272/3272
f 3281/3281 3282/3282 3280/3280
f 3277/3277 3272/3272 3273/3273
f 3272/3272 3277/3277 3271/3271
f 3279/3279 3283/3283 3281/3281
f 3283/3283 3279/3279 3284/3284
f 3278/3278 3284/3284 3279/3279
f 3284/3284 3278/3278 3285/3285
f 3276/3276 3285/3285 3278/3278
f 3285/3285 3276/3276 3286/3286
f 3277/3277 3286/3286 3276/3276
f 3281/3281 3267/3267 3279/3279
f 3267/3267 3281/3281 3266/3266
f 3273/3273 3287/3287 3277/3277
f 3275/3275 3287/3287 3273/3273
f 3288/3288 3289/3289 3287/3287
f 3290/3290 3287/3287 3289/3289
f 3282/3282 3281/3281 3283/3283
f 3286/3286 3290/3290 3285/3285
f 3291/3291 3285/3285 3290/3290
f 3285/3285 3291/3291 3284/3284
f 3292/3292 3284/3284 3291/3291
f 3284/3284 3292/3292 3283/3283
f 3286/3286 3277/3277 3287/3287
f 3275/3275 3288/3288 3287/3287
f 3216/3216 3219/3219 3217/3217
f 3200/3200 3216/3216 3201/3201
f 3287/3287 3290/3290 3286/3286
f 3195/3195 3203/3203 3293/3293
f 3294/3294 3293/3293 3203/3203
f 3294/3294 3295/3295 3296/3296
f 3297/3297 3296/3296 3295/3295
f 3296/3296 3297/3297 3298/3298
f 3299/3299 3298/3298 3297/3297
f 3300/3300 3283/3283 3292/3292
f 3283/3283 3300/3300 3282/3282
f 3301/3301 3195/3195 3302/3302
f 3302/3302 3195/3195 3293/3293
f 3296/3296 3298/3298 3303/3303
f 3299/3299 3303/3303 3298/3298
f 3203/3203 3205/3205 3294/3294
f 3304/3304 3294/3294 3205/3205
f 3294/3294 3304/3304 3295/3295
f 3297/3297 3295/3295 3304/3304
f 3297/3297 3305/3305 3299/3299
f 3302/3302 3306/3306 3301/3301
f 3306/3306 3302/3302 3307/3307
f 3195/3195 3301/3301 3308/3308
f 3307/3307 3302/3302 3309/3309
f 3293/3293 3309/3309 3302/3302
f 3309/3309 3293/3293 3294/3294
f 3310/3310 3305/3305 3311/3311
f 3307/3307 3312/3312 3306/3306
f 3312/3312 3307/3307 3313/3313
f 3313/3313 3307/3307 3314/3314
f 3309/3309 3314/3314 3307/3307
f 3310/3310 3311/3311 3315/3315
f 3316/3316 3315/3315 3311/3311
f 3316/3316 3304/3304 3206/3206
f 3205/3205 3206/3206 3304/3304
f 3296/3296 3303/3303 3314/3314
f 3317/3317 3314/3314 3303/3303
f 3318/3318 3314/3314 3317/3317
f 3297/3297 3311/3311 3305/3305
f 3311/3311 3297/3297 3316/3316
f 3304/3304 3316/3316 3297/3297
f 3315/3315 3319/3319 3310/3310
f 3319/3319 3315/3315 3320/3320
f 3316/3316 3320/3320 3315/3315
f 3320/3320 3316/3316 3241/3241
f 3206/3206 3241/3241 3316/3316
f 3321/3321 3319/3319 3322/3322
f 3320/3320 3322/3322 3319/3319
f 3314/3314 3309/3309 3296/3296
f 3294/3294 3296/3296 3309/3309
f 3323/3323 3321/3321 3324/3324
f 3322/3322 3324/3324 3321/3321
f 3324/3324 3322/3322 3261/3261
f 3243/3243 3261/3261 3322/3322
f 3323/3323 3324/3324 3263/3263
f 3261/3261 3263/3263 3324/3324
f 3314/3314 3318/3318 3313/3313
f 3325/3325 3313/3313 3318/3318
f 3313/3313 3325/3325 3312/3312
f 3326/3326 3280/3280 3327/3327
f 3282/3282 3327/3327 3280/3280
f 3323/3323 3326/3326 3327/3327
f 3326/3326 3323/3323 3263/3263
f 3319/3319 3321/3321 3310/3310
f 3318/3318 3317/3317 3303/3303
f 3322/3322 3320/3320 3243/3243
f 3241/3241 3243/3243 3320/3320
f 3327/3327 3282/3282 3300/3300
f 3263/3263 3280/3280 3326/3326
f 3328/3328 3329/3329 3330/3330
f 3331/3331 3329/3329 3332/3332
f 3332/3332 3333/3333 3334/3334
f 3325/3325 3334/3334 3333/3333
f 3335/3335 3336/3336 3200/3200
f 3337/3337 3338/3338 3339/3339
f 3340/3340 3339/3339 3338/3338
f 3339/3339 3340/3340 3341/3341
f 3210/3210 3341/3341 3340/3340
f 3341/3341 3210/3210 3342/3342
f 3212/3212 3342/3342 3210/3210
f 3343/3343 3342/3342 3212/3212
f 3342/3342 3343/3343 3344/3344
f 3345/3345 3344/3344 3343/3343
f 3344/3344 3345/3345 3346/3346
f 3195/3195 3347/3347 3348/3348
f 3349/3349 3350/3350 3351/3351
f 3350/3350 3349/3349 3352/3352
f 3353/3353 3352/3352 3349/3349
f 3352/3352 3353/3353 3354/3354
f 3355/3355 3354/3354 3353/3353
f 3200/3200 3336/3336 3351/3351
f 3349/3349 3351/3351 3336/3336
f 3336/3336 3335/3335 3337/3337
f 3338/3338 3337/3337 3335/3335
f 3216/3216 3200/3200 3356/3356
f 3348/3348 3346/3346 3345/3345
f 3346/3346 3348/3348 3347/3347
f 3356/3356 3200/3200 3350/3350
f 3351/3351 3350/3350 3200/3200
f 3354/3354 3357/3357 3358/3358
f 3354/3354 3359/3359 3357/3357
f 3359/3359 3354/3354 3355/3355
f 3356/3356 3360/3360 3216/3216
f 3360/3360 3356/3356 3361/3361
f 3361/3361 3356/3356 3362/3362
f 3350/3350 3362/3362 3356/3356
f 3360/3360 3220/3220 3219/3219
f 3220/3220 3360/3360 3363/3363
f 3363/3363 3360/3360 3364/3364
f 3361/3361 3364/3364 3360/3360
f 3219/3219 3216/3216 3360/3360
f 3365/3365 3362/3362 3366/3366
f 3352/3352 3366/3366 3362/3362
f 3366/3366 3352/3352 3354/3354
f 3363/3363 3252/3252 3220/3220
f 3364/3364 3367/3367 3363/3363
f 3367/3367 3364/3364 3368/3368
f 3365/3365 3368/3368 3364/3364
f 3368/3368 3365/3365 3369/3369
f 3369/3369 3365/3365 3370/3370
f 3366/3366 3370/3370 3365/3365
f 3370/3370 3366/3366 3371/3371
f 3354/3354 3371/3371 3366/3366
f 3364/3364 3361/3361 3365/3365
f 3362/3362 3365/3365 3361/3361
f 3372/3372 3369/3369 3373/3373
f 3369/3369 3372/3372 3368/3368
f 3374/3374 3368/3368 3372/3372
f 3375/3375 3368/3368 3374/3374
f 3368/3368 3375/3375 3367/3367
f 3376/3376 3367/3367 3375/3375
f 3264/3264 3367/3367 3376/3376
f 3367/3367 3264/3264 3252/3252
f 3252/3252 3363/3363 3367/3367
f 3376/3376 3265/3265 3264/3264
f 3265/3265 3376/3376 3377/3377
f 3375/3375 3377/3377 3376/3376
f 3377/3377 3375/3375 3378/3378
f 3374/3374 3378/3378 3375/3375
f 3378/3378 3374/3374 3379/3379
f 3380/3380 3381/3381 3377/3377
f 3274/3274 3377/3377 3381/3381
f 3377/3377 3274/3274 3265/3265
f 3371/3371 3354/3354 3358/3358
f 3275/3275 3382/3382 3288/3288
f 3371/3371 3383/3383 3370/3370
f 3383/3383 3373/3373 3370/3370
f 3379/3379 3374/3374 3372/3372
f 3380/3380 3378/3378 3379/3379
f 3378/3378 3380/3380 3377/3377
f 3384/3384 3381/3381 3380/3380
f 3289/3289 3288/3288 3382/3382
f 3382/3382 3275/3275 3384/3384
f 3369/3369 3370/3370 3373/3373
f 3385/3385 3386/3386 3387/3387
f 3387/3387 3357/3357 3385/3385
f 3193/3193 3194/3194 3388/3388
f 3389/3389 3388/3388 3194/3194
f 3388/3388 3389/3389 3390/3390
f 3391/3391 3390/3390 3389/3389
f 3390/3390 3391/3391 3392/3392
f 3393/3393 3392/3392 3391/3391
f 3394/3394 3395/3395 3396/3396
f 3395/3395 3394/3394 3397/3397
f 3398/3398 3397/3397 3394/3394
f 3398/3398 3189/3189 3397/3397
f 3291/3291 3290/3290 3192/3192
f 3381/3381 3384/3384 3274/3274
f 3274/3274 3384/3384 3275/3275
f 3291/3291 3191/3191 3292/3292
f 3184/3184 3399/3399 3183/3183
f 3399/3399 3184/3184 3398/3398
f 3189/3189 3398/3398 3184/3184
f 3191/3191 3300/3300 3292/3292
f 3400/3400 3300/3300 3191/3191
f 3192/3192 3289/3289 3401/3401
f 3357/3357 3387/3387 3358/3358
f 3402/3402 3358/3358 3387/3387
f 3403/3403 3327/3327 3400/3400
f 3300/3300 3400/3400 3327/3327
f 3404/3404 3323/3323 3403/3403
f 3327/3327 3403/3403 3323/3323
f 3392/3392 3393/3393 3405/3405
f 3396/3396 3405/3405 3393/3393
f 3405/3405 3396/3396 3395/3395
f 3406/3406 2993/2993 3407/3407
f 3321/3321 3408/3408 3310/3310
f 3408/3408 3321/3321 3409/3409
f 3410/3410 3310/3310 3408/3408
f 3303/3303 3299/3299 3411/3411
f 3411/3411 3299/3299 3410/3410
f 3305/3305 3410/3410 3299/3299
f 3289/3289 3192/3192 3290/3290
f 3325/3325 3318/3318 3412/3412
f 3334/3334 3325/3325 3412/3412
f 3382/3382 3401/3401 3289/3289
f 3323/3323 3409/3409 3321/3321
f 3413/3413 3372/3372 3373/3373
f 3414/3414 3372/3372 3413/3413
f 3401/3401 3382/3382 3415/3415
f 3415/3415 3382/3382 3416/3416
f 3384/3384 3416/3416 3382/3382
f 3416/3416 3380/3380 3417/3417
f 3310/3310 3410/3410 3305/3305
f 3418/3418 3306/3306 3419/3419
f 3419/3419 3312/3312 3420/3420
f 3312/3312 3419/3419 3306/3306
f 3333/3333 3420/3420 3312/3312
f 3325/3325 3333/3333 3312/3312
f 3380/3380 3416/3416 3384/3384
f 3409/3409 3323/3323 3404/3404
f 3413/3413 3373/3373 3421/3421
f 3422/3422 3371/3371 3358/3358
f 3371/3371 3422/3422 3383/3383
f 3303/3303 3411/3411 3318/3318
f 3412/3412 3318/3318 3411/3411
f 3195/3195 3348/3348 3196/3196
f 3347/3347 3195/3195 3423/3423
f 3308/3308 3423/3423 3195/3195
f 3301/3301 3423/3423 3308/3308
f 3423/3423 3301/3301 3418/3418
f 3306/3306 3418/3418 3301/3301
f 3424/3424 3198/3198 3425/3425
f 3198/3198 3424/3424 3426/3426
f 3345/3345 3196/3196 3348/3348
f 3196/3196 3345/3345 3425/3425
f 3343/3343 3425/3425 3345/3345
f 3425/3425 3343/3343 3424/3424
f 3212/3212 3424/3424 3343/3343
f 3372/3372 3414/3414 3379/3379
f 3373/3373 3383/3383 3421/3421
f 3209/3209 3340/3340 3207/3207
f 3338/3338 3207/3207 3340/3340
f 3207/3207 3338/3338 3214/3214
f 3335/3335 3214/3214 3338/3338
f 3214/3214 3335/3335 3202/3202
f 3200/3200 3202/3202 3335/3335
f 3421/3421 3383/3383 3422/3422
f 3422/3422 3358/3358 3402/3402
f 3425/3425 3197/3197 3196/3196
f 3197/3197 3425/3425 3198/3198
f 3426/3426 3199/3199 3198/3198
f 3199/3199 3426/3426 3229/3229
f 3211/3211 3426/3426 3424/3424
f 3426/3426 3211/3211 3427/3427
f 3209/3209 3427/3427 3211/3211
f 3427/3427 3209/3209 3208/3208
f 3424/3424 3212/3212 3211/3211
f 3379/3379 3417/3417 3380/3380
f 3417/3417 3379/3379 3414/3414
f 3340/3340 3209/3209 3210/3210
f 3427/3427 3229/3229 3426/3426
f 3229/3229 3427/3427 3227/3227
f 3208/3208 3227/3227 3427/3427
f 3227/3227 3208/3208 3225/3225
f 3213/3213 3225/3225 3208/3208
f 3208/3208 3207/3207 3213/3213
f 3214/3214 3213/3213 3207/3207
f 3215/3215 3222/3222 3213/3213
f 3201/3201 3222/3222 3215/3215
f 3222/3222 3201/3201 3217/3217
f 3428/3428 3429/3429 3430/3430
f 3187/3187 3429/3429 3185/3185
f 3215/3215 3202/3202 3201/3201
f 3431/3431 3432/3432 3433/3433
f 3434/3434 3435/3435 3436/3436
f 3437/3437 3438/3438 3439/3439
f 3440/3440 3441/3441 3442/3442
f 3443/3443 3436/3436 3435/3435
f 3436/3436 3443/3443 3444/3444
f 3445/3445 3444/3444 3443/3443
f 3444/3444 3445/3445 3446/3446
f 3447/3447 3446/3446 3445/3445
f 3446/3446 3447/3447 3448/3448
f 3449/3449 3448/3448 3447/3447
f 3450/3450 3451/3451 3434/3434
f 3435/3435 3434/3434 3451/3451
f 3452/3452 3453/3453 3454/3454
f 3432/3432 3431/3431 3455/3455
f 3456/3456 3454/3454 3453/3453
f 3454/3454 3456/3456 3457/3457
f 3458/3458 3457/3457 3456/3456
f 3459/3459 3460/3460 3461/3461
f 3459/3459 3461/3461 3462/3462
f 3463/3463 3464/3464 3465/3465
f 3464/3464 3463/3463 3437/3437
f 3438/3438 3437/3437 3463/3463
f 3441/3441 3440/3440 3466/3466
f 3467/3467 3468/3468 3469/3469
f 3470/3470 3471/3471 3472/3472
f 3473/3473 3474/3474 3475/3475
f 3476/3476 3475/3475 3474/3474
f 3475/3475 3476/3476 3477/3477
f 3478/3478 3477/3477 3476/3476
f 3477/3477 3478/3478 3479/3479
f 3480/3480 3479/3479 3478/3478
f 3479/3479 3480/3480 3481/3481
f 3482/3482 3481/3481 3480/3480
f 3483/3483 3484/3484 3485/3485
f 3486/3486 3485/3485 3484/3484
f 3485/3485 3486/3486 3487/3487
f 3488/3488 3442/3442 3441/3441
f 3489/3489 3466/3466 3440/3440
f 3490/3490 3491/3491 3492/3492
f 3491/3491 3490/3490 3493/3493
f 3494/3494 3493/3493 3490/3490
f 3495/3495 3469/3469 3468/3468
f 3469/3469 3495/3495 3496/3496
f 3497/3497 3496/3496 3495/3495
f 3496/3496 3497/3497 3498/3498
f 3499/3499 3472/3472 3471/3471
f 3472/3472 3499/3499 3500/3500
f 3474/3474 3473/3473 3501/3501
f 3502/3502 3498/3498 3497/3497
f 3498/3498 3502/3502 3503/3503
f 3504/3504 3501/3501 3473/3473
f 3505/3505 3506/3506 3507/3507
f 3506/3506 3505/3505 3488/3488
f 3508/3508 3488/3488 3505/3505
f 3488/3488 3508/3508 3509/3509
f 3510/3510 3439/3439 3438/3438
f 3439/3439 3510/3510 3511/3511
f 3512/3512 3511/3511 3510/3510
f 3511/3511 3512/3512 3513/3513
f 3487/3487 3514/3514 3515/3515
f 3516/3516 3517/3517 3518/3518
f 3519/3519 3518/3518 3517/3517
f 3453/3453 3452/3452 3520/3520
f 3521/3521 3515/3515 3514/3514
f 3515/3515 3521/3521 3522/3522
f 3492/3492 3522/3522 3521/3521
f 3522/3522 3492/3492 3491/3491
f 3523/3523 3524/3524 3525/3525
f 3524/3524 3523/3523 3526/3526
f 3527/3527 3526/3526 3523/3523
f 3517/3517 3516/3516 3499/3499
f 3528/3528 3482/3482 3494/3494
f 3529/3529 3530/3530 3531/3531
f 3530/3530 3529/3529 3532/3532
f 3533/3533 3534/3534 3535/3535
f 3518/3518 3519/3519 3536/3536
f 3502/3502 3537/3537 3503/3503
f 3538/3538 3503/3503 3537/3537
f 3503/3503 3538/3538 3483/3483
f 3484/3484 3483/3483 3538/3538
f 3539/3539 3532/3532 3529/3529
f 3532/3532 3539/3539 3540/3540
f 3541/3541 3540/3540 3539/3539
f 3514/3514 3487/3487 3486/3486
f 3482/3482 3528/3528 3481/3481
f 3542/3542 3543/3543 3544/3544
f 3545/3545 3544/3544 3543/3543
f 3455/3455 3546/3546 3545/3545
f 3547/3547 3548/3548 3459/3459
f 3500/3500 3499/3499 3516/3516
f 3460/3460 3459/3459 3548/3548
f 3549/3549 3550/3550 3547/3547
f 3548/3548 3547/3547 3550/3550
f 3550/3550 3549/3549 3551/3551
f 3552/3552 3551/3551 3549/3549
f 3553/3553 3525/3525 3524/3524
f 3551/3551 3552/3552 3542/3542
f 3554/3554 3541/3541 3555/3555
f 3493/3493 3494/3494 3482/3482
f 3534/3534 3533/3533 3556/3556
f 3557/3557 3556/3556 3533/3533
f 3540/3540 3541/3541 3554/3554
f 3525/3525 3553/3553 3558/3558
f 3526/3526 3527/3527 3559/3559
f 3560/3560 3561/3561 3562/3562
f 3561/3561 3560/3560 3563/3563
f 3564/3564 3563/3563 3560/3560
f 3552/3552 3565/3565 3542/3542
f 3566/3566 3559/3559 3527/3527
f 3543/3543 3542/3542 3565/3565
f 3567/3567 3568/3568 3569/3569
f 3466/3466 3489/3489 3570/3570
f 3558/3558 3555/3555 3541/3541
f 3546/3546 3455/3455 3431/3431
f 3531/3531 3536/3536 3519/3519
f 3536/3536 3531/3531 3530/3530
f 3535/3535 3433/3433 3432/3432
f 3433/3433 3535/3535 3534/3534
f 3556/3556 3557/3557 3571/3571
f 3572/3572 3571/3571 3557/3557
f 3571/3571 3572/3572 3566/3566
f 3573/3573 3566/3566 3572/3572
f 3566/3566 3573/3573 3559/3559
f 3555/3555 3558/3558 3553/3553
f 3448/3448 3449/3449 3470/3470
f 3471/3471 3470/3470 3449/3449
f 3520/3520 3574/3574 3575/3575
f 3574/3574 3520/3520 3452/3452
f 3501/3501 3576/3576 3458/3458
f 3576/3576 3501/3501 3504/3504
f 3442/3442 3488/3488 3509/3509
f 3434/3434 3577/3577 3450/3450
f 3450/3450 3577/3577 3578/3578
f 3507/3507 3578/3578 3577/3577
f 3578/3578 3507/3507 3506/3506
f 3579/3579 3462/3462 3461/3461
f 3462/3462 3579/3579 3580/3580
f 3465/3465 3580/3580 3579/3579
f 3580/3580 3465/3465 3464/3464
f 3581/3581 3582/3582 3583/3583
f 3567/3567 3569/3569 3584/3584
f 3575/3575 3584/3584 3569/3569
f 3584/3584 3575/3575 3574/3574
f 3567/3567 3513/3513 3568/3568
f 3512/3512 3568/3568 3513/3513
f 3583/3583 3468/3468 3467/3467
f 3468/3468 3583/3583 3582/3582
f 3562/3562 3585/3585 3586/3586
f 3582/3582 3581/3581 3564/3564
f 3563/3563 3564/3564 3581/3581
f 3585/3585 3562/3562 3561/3561
f 3570/3570 3489/3489 3585/3585
f 3489/3489 3586/3586 3585/3585
f 3457/3457 3458/3458 3576/3576
f 3544/3544 3545/3545 3546/3546
f 3587/3587 3386/3386 3588/3588
f 3064/3064 3589/3589 3590/3590
f 3184/3184 3591/3591 3592/3592
f 3593/3593 3037/3037 3061/3061
f 3059/3059 3056/3056 3594/3594
f 3595/3595 3596/3596 3597/3597
f 3598/3598 3599/3599 3600/3600
f 3601/3601 3602/3602 3603/3603
f 3599/3599 3598/3598 3604/3604
f 3603/3603 3605/3605 3601/3601
f 3606/3606 3601/3601 3607/3607
f 3606/3606 3602/3602 3601/3601
f 3608/3608 3609/3609 3610/3610
f 3611/3611 3612/3612 3613/3613
f 3614/3614 3610/3610 3609/3609
f 3610/3610 3614/3614 3615/3615
f 3615/3615 3601/3601 3610/3610
f 3616/3616 3617/3617 3618/3618
f 3617/3617 3616/3616 3619/3619
f 3620/3620 3613/3613 3612/3612
f 3621/3621 3622/3622 3620/3620
f 3619/3619 3623/3623 3624/3624
f 3623/3623 3619/3619 3616/3616
f 3613/3613 3620/3620 3622/3622
f 3625/3625 3626/3626 3608/3608
f 3627/3627 3628/3628 3625/3625
f 3622/3622 3621/3621 3629/3629
f 3626/3626 3625/3625 3628/3628
f 3628/3628 3627/3627 3630/3630
f 3631/3631 3632/3632 3633/3633
f 3633/3633 3634/3634 3635/3635
f 3634/3634 3633/3633 3632/3632
f 3636/3636 3637/3637 3638/3638
f 3637/3637 3636/3636 3639/3639
f 3640/3640 3639/3639 3636/3636
f 3632/3632 3631/3631 3641/3641
f 3639/3639 3640/3640 3642/3642
f 3643/3643 3642/3642 3640/3640
f 3641/3641 3644/3644 3645/3645
f 3644/3644 3641/3641 3631/3631
f 3630/3630 3646/3646 3647/3647
f 3648/3648 3645/3645 3644/3644
f 3649/3649 3647/3647 3646/3646
f 3647/3647 3649/3649 3650/3650
f 3645/3645 3648/3648 3651/3651
f 3652/3652 3651/3651 3648/3648
f 3653/3653 3650/3650 3649/3649
f 3650/3650 3653/3653 3654/3654
f 3655/3655 3656/3656 3657/3657
f 3658/3658 3657/3657 3656/3656
f 3656/3656 3655/3655 3659/3659
f 3660/3660 3654/3654 3653/3653
f 3661/3661 3659/3659 3655/3655
f 3659/3659 3661/3661 3662/3662
f 3663/3663 3664/3664 3660/3660
f 3654/3654 3660/3660 3664/3664
f 3665/3665 3666/3666 3667/3667
f 3668/3668 3667/3667 3666/3666
f 3664/3664 3663/3663 3669/3669
f 3666/3666 3665/3665 3652/3652
f 3651/3651 3652/3652 3665/3665
f 3670/3670 3671/3671 3672/3672
f 3671/3671 3670/3670 3673/3673
f 3674/3674 3673/3673 3670/3670
f 3675/3675 3662/3662 3661/3661
f 3676/3676 3677/3677 3675/3675
f 3673/3673 3674/3674 3678/3678
f 3662/3662 3675/3675 3677/3677
f 3679/3679 3669/3669 3663/3663
f 3669/3669 3679/3679 3680/3680
f 3677/3677 3676/3676 3681/3681
f 3682/3682 3680/3680 3679/3679
f 3683/3683 3680/3680 3682/3682
f 3684/3684 3685/3685 3686/3686
f 3687/3687 3685/3685 3684/3684
f 3685/3685 3687/3687 3668/3668
f 3688/3688 3689/3689 3690/3690
f 3689/3689 3691/3691 3690/3690
f 3690/3690 3678/3678 3674/3674
f 3678/3678 3690/3690 3691/3691
f 3667/3667 3668/3668 3687/3687
f 3692/3692 3681/3681 3693/3693
f 3693/3693 3681/3681 3676/3676
f 3681/3681 3692/3692 3694/3694
f 3682/3682 3695/3695 3696/3696
f 3694/3694 3692/3692 3697/3697
f 3698/3698 3696/3696 3695/3695
f 3696/3696 3698/3698 3699/3699
f 3700/3700 3699/3699 3698/3698
f 3701/3701 3697/3697 3692/3692
f 3702/3702 3697/3697 3701/3701
f 3703/3703 3704/3704 3705/3705
f 3706/3706 3705/3705 3704/3704
f 3699/3699 3700/3700 3707/3707
f 3705/3705 3706/3706 3708/3708
f 3709/3709 3708/3708 3706/3706
f 3710/3710 3707/3707 3700/3700
f 3702/3702 3711/3711 3712/3712
f 3713/3713 3712/3712 3711/3711
f 3712/3712 3713/3713 3714/3714
f 3714/3714 3715/3715 3716/3716
f 3715/3715 3714/3714 3713/3713
f 3717/3717 3718/3718 3719/3719
f 3719/3719 3720/3720 3717/3717
f 3721/3721 3716/3716 3715/3715
f 3722/3722 3723/3723 3724/3724
f 3716/3716 3721/3721 3725/3725
f 3726/3726 3725/3725 3721/3721
f 3725/3725 3726/3726 3727/3727
f 3728/3728 3724/3724 3723/3723
f 3729/3729 3727/3727 3726/3726
f 3724/3724 3730/3730 3731/3731
f 3727/3727 3729/3729 3732/3732
f 3733/3733 3717/3717 3734/3734
f 3735/3735 3734/3734 3736/3736
f 3717/3717 3736/3736 3734/3734
f 3729/3729 3737/3737 3732/3732
f 3736/3736 3738/3738 3735/3735
f 3739/3739 3740/3740 3737/3737
f 3741/3741 3732/3732 3737/3737
f 3741/3741 3737/3737 3740/3740
f 3740/3740 3739/3739 3742/3742
f 3743/3743 3744/3744 3745/3745
f 3731/3731 3743/3743 3724/3724
f 3746/3746 3742/3742 3739/3739
f 3747/3747 3743/3743 3745/3745
f 3742/3742 3746/3746 3748/3748
f 3736/3736 3749/3749 3750/3750
f 3751/3751 3748/3748 3746/3746
f 3748/3748 3751/3751 3752/3752
f 3749/3749 3736/3736 3753/3753
f 3754/3754 3752/3752 3751/3751
f 3755/3755 3753/3753 3736/3736
f 3754/3754 3708/3708 3709/3709
f 3752/3752 3754/3754 3709/3709
f 3738/3738 3736/3736 3750/3750
f 3755/3755 3736/3736 3756/3756
f 3733/3733 3718/3718 3717/3717
f 3756/3756 3757/3757 3758/3758
f 3711/3711 3702/3702 3701/3701
f 3759/3759 3688/3688 3757/3757
f 3758/3758 3757/3757 3688/3688
f 3703/3703 3760/3760 3704/3704
f 3684/3684 3760/3760 3703/3703
f 3689/3689 3688/3688 3759/3759
f 3760/3760 3684/3684 3686/3686
f 3683/3683 3682/3682 3696/3696
f 3761/3761 3672/3672 3671/3671
f 3642/3642 3643/3643 3761/3761
f 3672/3672 3761/3761 3643/3643
f 3657/3657 3658/3658 3762/3762
f 3763/3763 3762/3762 3658/3658
f 3646/3646 3630/3630 3627/3627
f 3629/3629 3764/3764 3763/3763
f 3762/3762 3763/3763 3764/3764
f 3764/3764 3629/3629 3621/3621
f 3624/3624 3638/3638 3637/3637
f 3765/3765 3635/3635 3634/3634
f 3638/3638 3624/3624 3623/3623
f 3635/3635 3765/3765 3766/3766
f 3609/3609 3608/3608 3626/3626
f 3767/3767 3766/3766 3765/3765
f 3768/3768 3769/3769 3767/3767
f 3766/3766 3767/3767 3769/3769
f 3618/3618 3617/3617 3597/3597
f 3597/3597 3770/3770 3618/3618
f 3771/3771 3770/3770 3772/3772
f 3770/3770 3773/3773 3774/3774
f 3774/3774 3775/3775 3770/3770
f 3771/3771 3773/3773 3770/3770
f 3776/3776 3777/3777 3778/3778
f 3777/3777 3776/3776 3779/3779
f 3780/3780 3781/3781 3615/3615
f 3782/3782 3779/3779 3776/3776
f 3615/3615 3781/3781 3783/3783
f 3779/3779 3782/3782 3784/3784
f 3785/3785 3784/3784 3782/3782
f 3785/3785 3786/3786 3784/3784
f 3787/3787 3784/3784 3786/3786
f 3607/3607 3615/3615 3783/3783
f 3772/3772 3597/3597 3788/3788
f 3597/3597 3596/3596 3788/3788
f 3600/3600 3789/3789 3786/3786
f 3787/3787 3786/3786 3789/3789
f 3790/3790 3778/3778 3777/3777
f 3791/3791 3780/3780 3615/3615
f 3778/3778 3790/3790 3792/3792
f 3793/3793 3792/3792 3790/3790
f 3794/3794 3795/3795 3793/3793
f 3792/3792 3793/3793 3795/3795
f 3795/3795 3794/3794 3768/3768
f 3615/3615 3614/3614 3796/3796
f 3769/3769 3768/3768 3794/3794
f 3612/3612 3611/3611 3797/3797
f 3617/3617 3798/3798 3597/3597
f 3799/3799 3797/3797 3611/3611
f 3797/3797 3799/3799 3800/3800
f 3800/3800 3801/3801 3802/3802
f 3801/3801 3800/3800 3799/3799
f 3803/3803 3595/3595 3597/3597
f 3802/3802 3604/3604 3598/3598
f 3604/3604 3802/3802 3801/3801
f 3789/3789 3600/3600 3599/3599
f 3804/3804 3805/3805 3806/3806
f 3807/3807 3806/3806 3805/3805
f 3805/3805 3808/3808 3809/3809
f 3808/3808 3805/3805 3804/3804
f 3810/3810 3811/3811 3812/3812
f 3810/3810 3813/3813 3814/3814
f 3815/3815 3812/3812 3811/3811
f 3816/3816 3817/3817 3808/3808
f 3809/3809 3808/3808 3817/3817
f 3818/3818 3819/3819 3807/3807
f 3818/3818 3820/3820 3819/3819
f 3806/3806 3807/3807 3819/3819
f 3818/3818 3821/3821 3820/3820
f 3822/3822 3823/3823 3824/3824
f 3825/3825 3826/3826 3822/3822
f 3823/3823 3822/3822 3826/3826
f 3827/3827 3828/3828 3829/3829
f 3827/3827 3830/3830 3828/3828
f 3827/3827 3829/3829 3831/3831
f 3832/3832 3824/3824 3823/3823
f 3823/3823 3826/3826 3833/3833
f 3833/3833 3834/3834 3835/3835
f 3836/3836 3837/3837 3830/3830
f 3838/3838 3830/3830 3837/3837
f 3838/3838 3828/3828 3830/3830
f 3834/3834 3833/3833 3826/3826
f 3839/3839 3840/3840 3841/3841
f 3841/3841 3815/3815 3811/3811
f 3815/3815 3841/3841 3840/3840
f 3842/3842 3843/3843 3816/3816
f 3843/3843 3842/3842 3844/3844
f 3845/3845 3844/3844 3842/3842
f 3840/3840 3839/3839 3846/3846
f 3844/3844 3845/3845 3847/3847
f 3848/3848 3847/3847 3845/3845
f 3849/3849 3846/3846 3839/3839
f 3850/3850 3851/3851 3849/3849
f 3850/3850 3849/3849 3839/3839
f 3847/3847 3848/3848 3852/3852
f 3853/3853 3852/3852 3848/3848
f 3852/3852 3853/3853 3854/3854
f 3851/3851 3850/3850 3855/3855
f 3856/3856 3854/3854 3853/3853
f 3857/3857 3858/3858 3859/3859
f 3860/3860 3859/3859 3858/3858
f 3856/3856 3861/3861 3854/3854
f 3862/3862 3854/3854 3861/3861
f 3859/3859 3860/3860 3863/3863
f 3862/3862 3861/3861 3864/3864
f 3865/3865 3863/3863 3860/3860
f 3862/3862 3864/3864 3866/3866
f 3867/3867 3868/3868 3869/3869
f 3869/3869 3868/3868 3870/3870
f 3863/3863 3865/3865 3871/3871
f 3871/3871 3872/3872 3863/3863
f 3873/3873 3863/3863 3872/3872
f 3863/3863 3874/3874 3875/3875
f 3875/3875 3876/3876 3863/3863
f 3876/3876 3877/3877 3863/3863
f 3863/3863 3877/3877 3878/3878
f 3878/3878 3879/3879 3863/3863
f 3879/3879 3880/3880 3863/3863
f 3863/3863 3873/3873 3881/3881
f 3881/3881 3882/3882 3863/3863
f 3874/3874 3863/3863 3882/3882
f 3883/3883 3884/3884 3885/3885
f 3885/3885 3884/3884 3886/3886
f 3887/3887 3888/3888 3889/3889
f 3888/3888 3887/3887 3890/3890
f 3891/3891 3892/3892 3887/3887
f 3892/3892 3890/3890 3887/3887
f 3893/3893 3894/3894 3895/3895
f 3894/3894 3896/3896 3895/3895
f 3894/3894 3893/3893 3897/3897
f 3898/3898 3899/3899 3878/3878
f 3899/3899 3900/3900 3901/3901
f 3902/3902 3897/3897 3893/3893
f 3878/3878 3903/3903 3898/3898
f 3904/3904 3905/3905 3906/3906
f 3907/3907 3906/3906 3905/3905
f 3906/3906 3907/3907 3908/3908
f 3909/3909 3908/3908 3907/3907
f 3908/3908 3909/3909 3902/3902
f 3897/3897 3902/3902 3909/3909
f 3910/3910 3911/3911 3912/3912
f 3910/3910 3889/3889 3888/3888
f 3905/3905 3904/3904 3886/3886
f 3903/3903 3878/3878 3877/3877
f 3885/3885 3886/3886 3904/3904
f 3913/3913 3896/3896 3914/3914
f 3913/3913 3895/3895 3896/3896
f 3892/3892 3915/3915 3916/3916
f 3913/3913 3914/3914 3917/3917
f 3918/3918 3917/3917 3914/3914
f 3917/3917 3918/3918 3919/3919
f 3920/3920 3919/3919 3918/3918
f 3919/3919 3920/3920 3921/3921
f 3922/3922 3921/3921 3920/3920
f 3921/3921 3922/3922 3867/3867
f 3868/3868 3867/3867 3922/3922
f 3887/3887 3923/3923 3891/3891
f 3884/3884 3883/3883 3924/3924
f 3925/3925 3891/3891 3923/3923
f 3924/3924 3926/3926 3927/3927
f 3926/3926 3924/3924 3883/3883
f 3891/3891 3925/3925 3928/3928
f 3927/3927 3929/3929 3930/3930
f 3929/3929 3927/3927 3926/3926
f 3928/3928 3931/3931 3891/3891
f 3930/3930 3932/3932 3933/3933
f 3932/3932 3930/3930 3929/3929
f 3934/3934 3933/3933 3932/3932
f 3935/3935 3891/3891 3931/3931
f 3933/3933 3934/3934 3936/3936
f 3891/3891 3935/3935 3937/3937
f 3936/3936 3938/3938 3939/3939
f 3938/3938 3936/3936 3934/3934
f 3937/3937 3940/3940 3891/3891
f 3939/3939 3941/3941 3942/3942
f 3941/3941 3939/3939 3938/3938
f 3943/3943 3891/3891 3940/3940
f 3942/3942 3944/3944 3945/3945
f 3944/3944 3942/3942 3941/3941
f 3866/3866 3945/3945 3944/3944
f 3891/3891 3943/3943 3946/3946
f 3945/3945 3866/3866 3864/3864
f 3891/3891 3947/3947 3948/3948
f 3949/3949 3870/3870 3868/3868
f 3947/3947 3891/3891 3946/3946
f 3870/3870 3949/3949 3950/3950
f 3948/3948 3855/3855 3850/3850
f 3951/3951 3950/3950 3949/3949
f 3855/3855 3948/3948 3947/3947
f 3859/3859 3952/3952 3857/3857
f 3835/3835 3953/3953 3952/3952
f 3950/3950 3951/3951 3836/3836
f 3952/3952 3954/3954 3857/3857
f 3954/3954 3952/3952 3953/3953
f 3837/3837 3836/3836 3951/3951
f 3953/3953 3835/3835 3955/3955
f 3834/3834 3955/3955 3835/3835
f 3817/3817 3816/3816 3843/3843
f 3956/3956 3831/3831 3829/3829
f 3831/3831 3956/3956 3957/3957
f 3824/3824 3832/3832 3958/3958
f 3959/3959 3957/3957 3956/3956
f 3957/3957 3959/3959 3960/3960
f 3824/3824 3958/3958 3961/3961
f 3962/3962 3960/3960 3959/3959
f 3960/3960 3962/3962 3963/3963
f 3961/3961 3964/3964 3824/3824
f 3965/3965 3963/3963 3962/3962
f 3966/3966 3824/3824 3964/3964
f 3963/3963 3965/3965 3967/3967
f 3968/3968 3969/3969 3970/3970
f 3967/3967 3965/3965 3971/3971
f 3970/3970 3972/3972 3973/3973
f 3972/3972 3970/3970 3969/3969
f 3972/3972 3974/3974 3973/3973
f 3975/3975 3976/3976 3977/3977
f 3974/3974 3972/3972 3978/3978
f 3979/3979 3980/3980 3975/3975
f 3976/3976 3975/3975 3980/3980
f 3978/3978 3981/3981 3982/3982
f 3983/3983 3984/3984 3985/3985
f 3984/3984 3983/3983 3986/3986
f 3987/3987 3986/3986 3983/3983
f 3988/3988 3989/3989 3990/3990
f 3986/3986 3987/3987 3991/3991
f 3977/3977 3991/3991 3987/3987
f 3991/3991 3977/3977 3976/3976
f 3992/3992 3993/3993 3989/3989
f 3994/3994 3985/3985 3984/3984
f 3993/3993 3992/3992 3995/3995
f 3996/3996 3997/3997 3994/3994
f 3985/3985 3994/3994 3997/3997
f 3967/3967 3971/3971 3996/3996
f 3997/3997 3996/3996 3971/3971
f 3966/3966 3995/3995 3992/3992
f 3824/3824 3966/3966 3992/3992
f 3980/3980 3979/3979 3821/3821
f 3998/3998 3969/3969 3999/3999
f 4000/4000 3999/3999 3969/3969
f 3968/3968 4000/4000 3969/3969
f 3969/3969 3998/3998 3810/3810
f 3979/3979 3820/3820 3821/3821
f 3811/3811 3810/3810 3998/3998
f 3812/3812 4001/4001 3813/3813
f 4002/4002 4003/4003 4004/4004
f 3916/3916 4005/4005 4006/4006
f 3982/3982 3981/3981 4007/4007
f 4008/4008 4009/4009 4010/4010
f 4011/4011 4012/4012 4013/4013
f 4014/4014 4015/4015 4016/4016
f 4017/4017 4013/4013 4012/4012
f 4009/4009 4018/4018 4010/4010
f 4019/4019 4020/4020 4009/4009
f 4008/4008 4019/4019 4009/4009
f 4009/4009 4021/4021 4022/4022
f 4021/4021 4009/4009 4023/4023
f 4009/4009 4020/4020 4023/4023
f 4024/4024 4025/4025 4026/4026
f 4027/4027 4028/4028 4029/4029
f 4030/4030 4026/4026 4025/4025
f 4029/4029 4031/4031 4032/4032
f 4031/4031 4029/4029 4033/4033
f 4034/4034 4027/4027 4029/4029
f 4029/4029 4035/4035 4036/4036
f 4029/4029 4028/4028 4033/4033
f 4032/4032 4037/4037 4029/4029
f 4035/4035 4029/4029 4037/4037
f 4038/4038 4039/4039 4040/4040
f 4041/4041 4042/4042 4011/4011
f 4042/4042 4041/4041 4043/4043
f 4032/4032 4044/4044 4037/4037
f 4045/4045 4046/4046 4047/4047
f 4044/4044 4032/4032 4048/4048
f 4049/4049 4047/4047 4046/4046
f 4044/4044 4050/4050 4037/4037
f 4051/4051 4050/4050 4044/4044
f 4046/4046 4052/4052 4053/4053
f 4052/4052 4046/4046 4045/4045
f 4054/4054 4055/4055 4056/4056
f 4055/4055 4010/4010 4057/4057
f 4058/4058 4053/4053 4052/4052
f 4059/4059 4043/4043 4041/4041
f 4060/4060 4056/4056 4055/4055
f 4043/4043 4059/4059 4061/4061
f 4060/4060 4062/4062 4056/4056
f 4063/4063 4061/4061 4059/4059
f 4064/4064 4065/4065 4060/4060
f 4061/4061 4063/4063 4066/4066
f 4062/4062 4060/4060 4065/4065
f 4067/4067 4068/4068 4069/4069
f 4070/4070 4069/4069 4068/4068
f 4069/4069 4070/4070 4058/4058
f 4071/4071 4072/4072 4073/4073
f 4073/4073 4050/4050 4051/4051
f 4053/4053 4058/4058 4070/4070
f 4050/4050 4073/4073 4072/4072
f 4074/4074 4075/4075 4071/4071
f 4068/4068 4067/4067 4076/4076
f 4072/4072 4071/4071 4075/4075
f 4075/4075 4074/4074 4077/4077
f 4078/4078 4066/4066 4063/4063
f 4066/4066 4078/4078 4079/4079
f 4080/4080 4079/4079 4078/4078
f 4079/4079 4080/4080 4081/4081
f 4077/4077 4082/4082 4083/4083
f 4084/4084 4081/4081 4080/4080
f 4082/4082 4077/4077 4074/4074
f 4085/4085 4086/4086 4087/4087
f 4086/4086 4085/4085 4088/4088
f 4076/4076 4088/4088 4085/4085
f 4089/4089 4083/4083 4082/4082
f 4090/4090 4091/4091 4089/4089
f 4087/4087 4092/4092 4093/4093
f 4092/4092 4087/4087 4086/4086
f 4083/4083 4089/4089 4091/4091
f 4094/4094 4095/4095 4084/4084
f 4095/4095 4094/4094 4096/4096
f 4091/4091 4090/4090 4097/4097
f 4098/4098 4096/4096 4094/4094
f 4099/4099 4100/4100 4101/4101
f 4102/4102 4101/4101 4100/4100
f 4100/4100 4099/4099 4103/4103
f 4096/4096 4098/4098 4104/4104
f 4104/4104 4105/4105 4106/4106
f 4105/4105 4104/4104 4098/4098
f 4107/4107 4108/4108 4102/4102
f 4101/4101 4102/4102 4108/4108
f 4109/4109 4110/4110 4111/4111
f 4110/4110 4109/4109 4112/4112
f 4108/4108 4107/4107 4113/4113
f 4114/4114 4112/4112 4109/4109
f 4112/4112 4114/4114 4115/4115
f 4116/4116 4117/4117 4118/4118
f 4119/4119 4120/4120 4116/4116
f 4117/4117 4116/4116 4120/4120
f 4121/4121 4122/4122 4123/4123
f 4122/4122 4121/4121 4124/4124
f 4120/4120 4119/4119 4125/4125
f 4126/4126 4124/4124 4121/4121
f 4127/4127 4113/4113 4128/4128
f 4113/4113 4127/4127 4129/4129
f 4130/4130 4115/4115 4114/4114
f 4131/4131 4119/4119 4132/4132
f 4115/4115 4130/4130 4133/4133
f 4125/4125 4119/4119 4131/4131
f 4134/4134 4135/4135 4126/4126
f 4135/4135 4134/4134 4136/4136
f 4137/4137 4138/4138 4139/4139
f 4138/4138 4137/4137 4140/4140
f 4141/4141 4140/4140 4137/4137
f 4140/4140 4142/4142 4143/4143
f 4140/4140 4141/4141 4144/4144
f 4144/4144 4142/4142 4140/4140
f 4145/4145 4140/4140 4143/4143
f 4146/4146 4147/4147 4148/4148
f 4149/4149 4150/4150 4132/4132
f 4133/4133 4148/4148 4147/4147
f 4151/4151 4152/4152 4150/4150
f 4153/4153 4132/4132 4150/4150
f 4150/4150 4154/4154 4153/4153
f 4155/4155 4151/4151 4150/4150
f 4154/4154 4150/4150 4156/4156
f 4150/4150 4152/4152 4156/4156
f 4157/4157 4158/4158 4159/4159
f 4160/4160 4161/4161 4162/4162
f 4163/4163 4162/4162 4164/4164
f 4163/4163 4164/4164 4165/4165
f 4153/4153 4154/4154 4166/4166
f 4167/4167 4165/4165 4164/4164
f 4168/4168 4169/4169 4141/4141
f 4170/4170 4165/4165 4167/4167
f 4171/4171 4141/4141 4169/4169
f 4165/4165 4170/4170 4172/4172
f 4166/4166 4173/4173 4153/4153
f 4172/4172 4174/4174 4175/4175
f 4174/4174 4172/4172 4170/4170
f 4176/4176 4153/4153 4173/4173
f 4177/4177 4175/4175 4174/4174
f 4178/4178 4141/4141 4179/4179
f 4180/4180 4181/4181 4177/4177
f 4175/4175 4177/4177 4181/4181
f 4181/4181 4180/4180 4182/4182
f 4131/4131 4153/4153 4183/4183
f 4182/4182 4136/4136 4134/4134
f 4136/4136 4182/4182 4180/4180
f 4141/4141 4178/4178 4168/4168
f 4171/4171 4144/4144 4141/4141
f 4184/4184 4164/4164 4162/4162
f 4159/4159 4185/4185 4186/4186
f 4185/4185 4159/4159 4158/4158
f 4184/4184 4162/4162 4161/4161
f 4147/4147 4146/4146 4157/4157
f 4186/4186 4185/4185 4160/4160
f 4153/4153 4131/4131 4132/4132
f 4158/4158 4157/4157 4146/4146
f 4161/4161 4160/4160 4185/4185
f 4148/4148 4133/4133 4130/4130
f 4129/4129 4139/4139 4138/4138
f 4139/4139 4129/4129 4127/4127
f 4124/4124 4126/4126 4135/4135
f 4128/4128 4113/4113 4107/4107
f 4106/4106 4123/4123 4122/4122
f 4187/4187 4118/4118 4117/4117
f 4123/4123 4106/4106 4105/4105
f 4118/4118 4187/4187 4188/4188
f 4189/4189 4111/4111 4110/4110
f 4111/4111 4189/4189 4190/4190
f 4188/4188 4097/4097 4090/4090
f 4093/4093 4190/4190 4189/4189
f 4097/4097 4188/4188 4187/4187
f 4191/4191 4103/4103 4099/4099
f 4190/4190 4093/4093 4092/4092
f 4103/4103 4191/4191 4192/4192
f 4081/4081 4084/4084 4095/4095
f 4193/4193 4192/4192 4191/4191
f 4194/4194 4195/4195 4193/4193
f 4065/4065 4064/4064 4194/4194
f 4088/4088 4076/4076 4067/4067
f 4195/4195 4194/4194 4064/4064
f 4192/4192 4193/4193 4195/4195
f 4019/4019 4196/4196 4197/4197
f 4047/4047 4049/4049 4198/4198
f 4197/4197 4199/4199 4019/4019
f 4198/4198 4049/4049 4200/4200
f 4201/4201 4200/4200 4049/4049
f 4202/4202 4200/4200 4201/4201
f 4199/4199 4203/4203 4019/4019
f 4200/4200 4202/4202 4204/4204
f 4205/4205 4032/4032 4206/4206
f 4207/4207 4204/4204 4202/4202
f 4204/4204 4207/4207 4208/4208
f 4019/4019 4203/4203 4209/4209
f 4209/4209 4210/4210 4019/4019
f 4208/4208 4207/4207 4211/4211
f 4212/4212 4211/4211 4207/4207
f 4213/4213 4206/4206 4032/4032
f 4211/4211 4212/4212 4214/4214
f 4215/4215 4214/4214 4212/4212
f 4032/4032 4031/4031 4213/4213
f 4215/4215 4216/4216 4214/4214
f 4217/4217 4214/4214 4216/4216
f 4020/4020 4019/4019 4218/4218
f 4019/4019 4210/4210 4218/4218
f 4219/4219 4040/4040 4039/4039
f 4040/4040 4219/4219 4030/4030
f 4217/4217 4216/4216 4024/4024
f 4025/4025 4024/4024 4216/4216
f 4039/4039 4038/4038 4017/4017
f 4013/4013 4017/4017 4038/4038
f 4026/4026 4030/4030 4219/4219
f 4008/4008 4010/4010 4054/4054
f 2991/2991 3407/3407 2978/2978
f 4220/4220 2978/2978 2992/2992
f 2978/2978 3407/3407 2993/2993
f 3036/3036 3061/3061 3037/3037
f 3056/3056 3059/3059 3025/3025
f 3062/3062 3054/3054 3063/3063
f 3075/3075 3079/3079 3077/3077
f 3180/3180 3184/3184 3181/3181
f 4221/4221 3329/3329 3328/3328
f 3329/3329 3331/3331 3330/3330
f 3332/3332 3329/3329 3333/3333
f 3362/3362 3350/3350 3352/3352
f 3385/3385 3588/3588 3386/3386
f 3192/3192 3191/3191 3291/3291
f 4222/4222 3429/3429 3428/3428
f 3429/3429 3187/3187 3430/3430
f 3064/3064 3063/3063 3589/3589
f 3184/3184 3180/3180 3591/3591
f 3615/3615 3607/3607 3601/3601
f 4223/4223 3707/3707 3743/3743
f 3707/3707 3710/3710 3743/3743
f 3724/3724 3743/3743 3710/3710
f 3724/3724 3728/3728 3730/3730
f 3731/3731 3744/3744 3743/3743
f 3736/3736 3717/3717 3756/3756
f 3720/3720 3757/3757 3717/3717
f 3757/3757 3756/3756 3717/3717
f 3597/3597 3772/3772 3770/3770
f 3826/3826 3825/3825 4224/4224
f 3810/3810 3812/3812 3813/3813
f 3879/3879 4003/4003 3880/3880
f 3899/3899 3898/3898 3900/3900
f 3910/3910 3888/3888 3911/3911
f 3892/3892 3891/3891 3915/3915
f 3978/3978 3972/3972 3981/3981
f 3992/3992 3989/3989 3988/3988
f 3989/3989 4225/4225 3990/3990
f 4002/4002 3880/3880 4003/4003
f 3916/3916 3915/3915 4005/4005
f 4008/4008 4196/4196 4019/4019
f 4055/4055 4054/4054 4010/4010

