<?xml version="1.0" encoding="utf-8"?>
<COLLADA xmlns="http://www.collada.org/2005/11/COLLADASchema" version="1.4.1" xmlns:xsi="http://www.w3.org/2001/XMLSchema-instance">
  <asset>
    <contributor>
      <author>Blender User</author>
      <authoring_tool>Blender 4.3.2 commit date:2024-12-16, commit time:21:10, hash:32f5fdce0a0a</authoring_tool>
    </contributor>
    <created>2026-06-17T20:01:19</created>
    <modified>2026-06-17T20:01:19</modified>
    <unit name="meter" meter="1"/>
    <up_axis>Z_UP</up_axis>
  </asset>
  <library_effects>
    <effect id="Opaque_38_83_143__007-effect">
      <profile_COMMON>
        <technique sid="common">
          <lambert>
            <emission>
              <color sid="emission">0 0 0 1</color>
            </emission>
            <diffuse>
              <color sid="diffuse">0.14902 0.32549 0.560784 1</color>
            </diffuse>
            <index_of_refraction>
              <float sid="ior">1.5</float>
            </index_of_refraction>
          </lambert>
        </technique>
      </profile_COMMON>
    </effect>
    <effect id="Opaque_63_63_63__009-effect">
      <profile_COMMON>
        <technique sid="common">
          <lambert>
            <emission>
              <color sid="emission">0 0 0 1</color>
            </emission>
            <diffuse>
              <color sid="diffuse">0.247059 0.247059 0.247059 1</color>
            </diffuse>
            <index_of_refraction>
              <float sid="ior">1.5</float>
            </index_of_refraction>
          </lambert>
        </technique>
      </profile_COMMON>
    </effect>
  </library_effects>
  <library_images/>
  <library_materials>
    <material id="Opaque_38_83_143__007-material" name="Opaque(38,83,143).007">
      <instance_effect url="#Opaque_38_83_143__007-effect"/>
    </material>
    <material id="Opaque_63_63_63__009-material" name="Opaque(63,63,63).009">
      <instance_effect url="#Opaque_63_63_63__009-effect"/>
    </material>
  </library_materials>
  <library_geometries>
    <geometry id="calf-mesh" name="calf">
      <mesh>
        <source id="calf-mesh-positions">
          <float_array id="calf-mesh-positions-array" count="10857">-0.03033399 -0.04449999 -0.194458 -0.02967399 -0.04449999 -0.191491 -0.02832597 -0.04449999 -0.1851519 -0.026977 -0.04449999 -0.178368 -0.02564996 -0.04449999 -0.17116 -0.02437096 -0.04449999 -0.163549 -0.02286499 -0.04449999 -0.153459 -0.02149999 -0.04449999 -0.142903 -0.02029895 -0.04449999 -0.131995 -0.01928299 -0.04449999 -0.120845 -0.01819497 -0.04449999 -0.104872 -0.01756495 -0.04449999 -0.09031999 -0.01728397 -0.04449999 -0.07555598 -0.01743996 -0.04449999 -0.05899995 -0.01771098 -0.04449999 -0.05094498 -0.01810896 -0.04449999 -0.04321295 -0.01852196 -0.04449999 -0.037238 -0.01899898 -0.04449999 -0.03164297 -0.01952397 -0.04449999 -0.02647 -0.02007997 -0.04449999 -0.02175998 -0.02043998 -0.04449999 -0.01903796 -0.02092999 -0.04449999 -0.01562595 -0.021402 -0.04449999 -0.01256996 -0.02184098 -0.04449999 -0.009844958 -0.02222996 -0.04449999 -0.00742799 -0.02255398 -0.04449999 -0.005284965 -0.02279597 -0.04449999 -0.00337398 -0.023 -0.04449999 0 -0.02749997 -0.03999996 0 -0.027269 -0.03999996 -0.00386399 -0.02667498 -0.03999996 -0.008129954 -0.02628195 -0.03999996 -0.01056694 -0.025846 -0.03999996 -0.01327598 -0.02537995 -0.03999996 -0.01629197 -0.02489799 -0.03999996 -0.01964998 -0.024544 -0.03999996 -0.022327 -0.02399694 -0.03999996 -0.02696198 -0.02347898 -0.03999996 -0.03206098 -0.02300798 -0.03999996 -0.03758299 -0.02259999 -0.03999996 -0.04348695 -0.02220696 -0.03999996 -0.05113595 -0.02193796 -0.03999996 -0.05911397 -0.02178394 -0.03999996 -0.07552897 -0.02206295 -0.03999996 -0.09017795 -0.02268898 -0.03999996 -0.104624 -0.02376794 -0.03999996 -0.12048 -0.02477598 -0.03999996 -0.1315439 -0.02596896 -0.03999996 -0.142369 -0.02732199 -0.03999996 -0.152839 -0.02881497 -0.03999996 -0.16284 -0.03008198 -0.03999996 -0.170379 -0.03139597 -0.03999996 -0.17752 -0.03273296 -0.03999996 -0.184243 -0.03406995 -0.03999996 -0.190527 -0.03549599 -0.03999996 -0.196865 -0.03385096 -0.04022395 -0.190575 -0.03251397 -0.04022395 -0.184289 -0.03117597 -0.04022395 -0.1775619 -0.02986097 -0.04022395 -0.170417 -0.02859395 -0.04022395 -0.1628749 -0.02758395 -0.04022395 -0.1562629 -0.02574598 -0.04022395 -0.142395 -0.02493095 -0.04022395 -0.135209 -0.02354496 -0.04022395 -0.120498 -0.02295297 -0.04022395 -0.11257 -0.02246499 -0.04022395 -0.104637 -0.02210998 -0.04022395 -0.09742295 -0.02183896 -0.04022395 -0.09018498 -0.02165395 -0.04022395 -0.08288598 -0.02155995 -0.04022395 -0.07552999 -0.021577 -0.04022395 -0.06688898 -0.02173399 -0.04022395 -0.05833798 -0.021999 -0.04022395 -0.05075299 -0.02237695 -0.04022395 -0.043473 -0.02432197 -0.04022395 -0.02229899 -0.02467596 -0.04022395 -0.01961898 -0.02591997 -0.04022395 -0.01140195 -0.02635395 -0.04022395 -0.00871998 -0.02672594 -0.04022395 -0.006309986 -0.02419596 -0.04022395 -0.127898 -0.02663195 -0.04022395 -0.149425 -0.02293598 -0.04022395 -0.03567999 -0.023597 -0.04022395 -0.02858895 -0.02531695 -0.04022395 -0.01521694 -0.02712595 -0.04022395 -0.003054976 0.023 -0.04449999 0 0.02279597 -0.04449999 -0.003374993 0.02255398 -0.04449999 -0.005285978 0.02222996 -0.04449999 -0.007428944 0.02184098 -0.04449999 -0.009845972 0.021402 -0.04449999 -0.01256996 0.02092999 -0.04449999 -0.01562595 0.02043998 -0.04449999 -0.01903796 0.02007997 -0.04449999 -0.02175998 0.01952397 -0.04449999 -0.02647 0.01899898 -0.04449999 -0.03164297 0.01852196 -0.04449999 -0.037238 0.01810896 -0.04449999 -0.04321295 0.01771098 -0.04449999 -0.05094498 0.01743996 -0.04449999 -0.05899995 0.01728397 -0.04449999 -0.07555598 0.01756495 -0.04449999 -0.09031999 0.01819497 -0.04449999 -0.104872 0.01928299 -0.04449999 -0.120845 0.02029895 -0.04449999 -0.131995 0.02149999 -0.04449999 -0.142903 0.02286499 -0.04449999 -0.153459 0.02437096 -0.04449999 -0.163549 0.02564996 -0.04449999 -0.17116 0.026977 -0.04449999 -0.178368 0.02832597 -0.04449999 -0.1851519 0.02967399 -0.04449999 -0.191491 0.03033399 -0.04449999 -0.194458 0.03549599 -0.03999996 -0.196865 0.03406995 -0.03999996 -0.190527 0.03273296 -0.03999996 -0.184243 0.03139597 -0.03999996 -0.17752 0.03008198 -0.03999996 -0.170379 0.02881497 -0.03999996 -0.16284 0.02732199 -0.03999996 -0.152839 0.02596896 -0.03999996 -0.142369 0.02477598 -0.03999996 -0.1315439 0.02376794 -0.03999996 -0.12048 0.02268898 -0.03999996 -0.104624 0.02206295 -0.03999996 -0.09017795 0.02178394 -0.03999996 -0.07552897 0.02193796 -0.03999996 -0.05911397 0.02220696 -0.03999996 -0.05113595 0.02259999 -0.03999996 -0.04348695 0.02300798 -0.03999996 -0.03758299 0.02347898 -0.03999996 -0.03206098 0.02399694 -0.03999996 -0.02696198 0.024544 -0.03999996 -0.022327 0.02489799 -0.03999996 -0.01964998 0.02537995 -0.03999996 -0.01629197 0.025846 -0.03999996 -0.01327598 0.02628296 -0.03999996 -0.01056796 0.02667498 -0.03999996 -0.008129954 0.027269 -0.03999996 -0.00386399 0.02749997 -0.03999996 0 0.02508497 -0.04224997 -0.003116965 0.02468997 -0.04224997 -0.00623095 0.02411699 -0.04224997 -0.009866952 0.02342396 -0.04224997 -0.01419794 0.02266895 -0.04224997 -0.01934397 0.02231198 -0.04224997 -0.022044 0.02175998 -0.04224997 -0.02671599 0.02123898 -0.04224997 -0.03185194 0.02076494 -0.04224997 -0.03740996 0.02035498 -0.04224997 -0.04334998 0.01995897 -0.04224997 -0.05103999 0.01968896 -0.04224997 -0.05905699 0.01953399 -0.04224997 -0.07554298 0.01981395 -0.04224997 -0.090249 0.02044194 -0.04224997 -0.104748 0.02152597 -0.04224997 -0.120662 0.02291697 -0.04224997 -0.135424 0.02462399 -0.04224997 -0.149691 0.02659296 -0.04224997 -0.163195 0.027866 -0.04224997 -0.170769 0.02918595 -0.04224997 -0.177944 0.03052997 -0.04224997 -0.184698 0.03187197 -0.04224997 -0.191009 0 -0.04449999 0.008749961 -0.002840995 -0.04449999 0.008275985 -0.005373954 -0.04449999 0.006904959 -0.007324993 -0.04449999 0.004785954 -0.008481979 -0.04449999 0.002147972 -0.00871998 -0.04449999 -7.23e-4 -0.00801295 -0.04449999 -0.003514945 -0.006437957 -0.04449999 -0.005925953 -0.004164993 -0.04449999 -0.007694959 -0.001439988 -0.04449999 -0.00863099 0.001439988 -0.04449999 -0.00863099 0.004164993 -0.04449999 -0.007694959 0.006437957 -0.04449999 -0.005925953 0.00801295 -0.04449999 -0.003514945 0.00871998 -0.04449999 -7.23e-4 0.008481979 -0.04449999 0.002147972 0.007324993 -0.04449999 0.004785954 0.005373954 -0.04449999 0.006904959 0.002840995 -0.04449999 0.008275985 0 -0.04149997 0.00575 0.002199947 -0.04149997 0.005311965 0.00406599 -0.04149997 0.00406599 0.005311965 -0.04149997 0.002199947 0.00575 -0.04149997 0 0.005311965 -0.04149997 -0.002199947 0.00406599 -0.04149997 -0.00406599 0.002199947 -0.04149997 -0.005311965 0 -0.04149997 -0.00575 -0.002199947 -0.04149997 -0.005311965 -0.00406599 -0.04149997 -0.00406599 -0.005311965 -0.04149997 -0.002199947 -0.00575 -0.04149997 0 -0.005311965 -0.04149997 0.002199947 -0.00406599 -0.04149997 0.00406599 -0.002199947 -0.04149997 0.005311965 -0.01711595 -0.04449999 -0.188295 -0.01161599 -0.04449999 -0.186201 -0.005869984 -0.04449999 -0.1849279 0 -0.04449999 -0.1845 0.005869984 -0.04449999 -0.1849279 0.01161599 -0.04449999 -0.186201 0.01711595 -0.04449999 -0.188295 0.02255797 -0.04449999 0.004486978 0.02124899 -0.04449999 0.008801996 0.01912397 -0.04449999 0.01277798 0.01626294 -0.04449999 0.01626294 0.01277798 -0.04449999 0.01912397 0.008801996 -0.04449999 0.02124899 0.004486978 -0.04449999 0.02255797 0 -0.04449999 0.023 -0.004486978 -0.04449999 0.02255797 -0.008801996 -0.04449999 0.02124899 -0.01277798 -0.04449999 0.01912397 -0.01626294 -0.04449999 0.01626294 -0.01912397 -0.04449999 0.01277798 -0.02124899 -0.04449999 0.008801996 -0.02255797 -0.04449999 0.004486978 0 -0.03999996 0.00575 0.002199947 -0.03999996 0.005311965 0.00406599 -0.03999996 0.00406599 0.005311965 -0.03999996 0.002199947 0.00575 -0.03999996 0 0.005311965 -0.03999996 -0.002199947 0.00406599 -0.03999996 -0.00406599 0.002199947 -0.03999996 -0.005311965 0 -0.03999996 -0.00575 -0.002199947 -0.03999996 -0.005311965 -0.00406599 -0.03999996 -0.00406599 -0.005311965 -0.03999996 -0.002199947 -0.00575 -0.03999996 0 -0.005311965 -0.03999996 0.002199947 -0.00406599 -0.03999996 0.00406599 -0.002199947 -0.03999996 0.005311965 0.02703195 -0.03999996 0.005052983 0.02564299 -0.03999996 0.009933948 0.02338099 -0.03999996 0.01447695 0.02032297 -0.03999996 0.01852697 0.01657199 -0.03999996 0.02194499 0.01225799 -0.03999996 0.02461695 0.00752598 -0.03999996 0.02644997 0.002536952 -0.03999996 0.02738296 -0.002536952 -0.03999996 0.02738296 -0.00752598 -0.03999996 0.02644997 -0.01225799 -0.03999996 0.02461695 -0.01657199 -0.03999996 0.02194499 -0.02032297 -0.03999996 0.01852697 -0.02338099 -0.03999996 0.01447695 -0.02564299 -0.03999996 0.009933948 -0.02703195 -0.03999996 0.005052983 -0.01711595 -0.03999996 -0.188295 -0.01161599 -0.03999996 -0.186201 -0.005869984 -0.03999996 -0.1849279 0 -0.03999996 -0.1845 0.005869984 -0.03999996 -0.1849279 0.01161599 -0.03999996 -0.186201 0.01711595 -0.03999996 -0.188295 0 -0.01199996 -0.253 -0.005144953 -0.01199996 -0.252523 -0.01011496 -0.01199996 -0.251109 -0.01473999 -0.01199996 -0.2488059 -0.01886296 -0.01199996 -0.245692 -0.02234399 -0.01199996 -0.241874 -0.025065 -0.01199996 -0.2374809 -0.02693098 -0.01199996 -0.232663 -0.02788096 -0.01199996 -0.227584 -0.02788096 -0.01199996 -0.222416 -0.02693098 -0.01199996 -0.217337 -0.025065 -0.01199996 -0.212519 -0.02234399 -0.01199996 -0.208126 -0.01886296 -0.01199996 -0.204308 -0.01473999 -0.01199996 -0.201194 -0.01011496 -0.01199996 -0.198891 -0.005144953 -0.01199996 -0.197477 0 -0.01199996 -0.197 0.005144953 -0.01199996 -0.197477 0.01011496 -0.01199996 -0.198891 0.01473999 -0.01199996 -0.201194 0.01886296 -0.01199996 -0.204308 0.02234399 -0.01199996 -0.208126 0.025065 -0.01199996 -0.212519 0.02693098 -0.01199996 -0.217337 0.02788096 -0.01199996 -0.222416 0.02788096 -0.01199996 -0.227584 0.02693098 -0.01199996 -0.232663 0.025065 -0.01199996 -0.2374809 0.02234399 -0.01199996 -0.241874 0.01886296 -0.01199996 -0.245692 0.01473999 -0.01199996 -0.2488059 0.01011496 -0.01199996 -0.251109 0.005144953 -0.01199996 -0.252523 0 -0.002999961 -0.253 0.005144953 -0.002999961 -0.252523 0.01011496 -0.002999961 -0.251109 0.01473999 -0.002999961 -0.2488059 0.01886296 -0.002999961 -0.245692 0.02234399 -0.002999961 -0.241874 0.025065 -0.002999961 -0.2374809 0.02693098 -0.002999961 -0.232663 0.02788096 -0.002999961 -0.227584 0.02788096 -0.002999961 -0.222416 0.02693098 -0.002999961 -0.217337 0.025065 -0.002999961 -0.212519 0.02234399 -0.002999961 -0.208126 0.01886296 -0.002999961 -0.204308 0.01473999 -0.002999961 -0.201194 0.01011496 -0.002999961 -0.198891 0.005144953 -0.002999961 -0.197477 0 -0.002999961 -0.197 -0.005144953 -0.002999961 -0.197477 -0.01011496 -0.002999961 -0.198891 -0.01473999 -0.002999961 -0.201194 -0.01886296 -0.002999961 -0.204308 -0.02234399 -0.002999961 -0.208126 -0.025065 -0.002999961 -0.212519 -0.02693098 -0.002999961 -0.217337 -0.02788096 -0.002999961 -0.222416 -0.02788096 -0.002999961 -0.227584 -0.02693098 -0.002999961 -0.232663 -0.025065 -0.002999961 -0.2374809 -0.02234399 -0.002999961 -0.241874 -0.01886296 -0.002999961 -0.245692 -0.01473999 -0.002999961 -0.2488059 -0.01011496 -0.002999961 -0.251109 -0.005144953 -0.002999961 -0.252523 -0.00999999 -0.01199996 -0.188132 -0.00999999 -0.01899999 -0.188132 -0.009690999 -0.02054297 -0.18805 -0.008818984 -0.02183794 -0.1878319 -0.007524967 -0.02269798 -0.187548 -0.005999982 -0.023 -0.187274 -0.002006947 -0.023 -0.186853 0.002006947 -0.023 -0.186853 0.005999982 -0.023 -0.187274 0.007524967 -0.02269798 -0.187548 0.008818984 -0.02183794 -0.1878319 0.009690999 -0.02054297 -0.18805 0.00999999 -0.01899999 -0.188132 0.00999999 -0.01199996 -0.188132 0.005043983 -0.01199996 -0.187134 0 -0.01199996 -0.1868 -0.005043983 -0.01199996 -0.187134 0.03109496 -0.01199996 -0.242 0.03087395 -0.01199996 -0.242825 0.03026998 -0.01199996 -0.243429 0.02944499 -0.01199996 -0.24365 0.02862 -0.01199996 -0.243429 0.02801597 -0.01199996 -0.242825 0.02779495 -0.01199996 -0.242 0.02801597 -0.01199996 -0.2411749 0.02862 -0.01199996 -0.240571 0.02944499 -0.01199996 -0.24035 0.03026998 -0.01199996 -0.240571 0.03087395 -0.01199996 -0.2411749 0.03109496 -0.01199996 -0.208 0.03087395 -0.01199996 -0.208825 0.03026998 -0.01199996 -0.209429 0.02944499 -0.01199996 -0.20965 0.02862 -0.01199996 -0.209429 0.02801597 -0.01199996 -0.208825 0.02779495 -0.01199996 -0.208 0.02801597 -0.01199996 -0.207175 0.02862 -0.01199996 -0.206571 0.02944499 -0.01199996 -0.20635 0.03026998 -0.01199996 -0.206571 0.03087395 -0.01199996 -0.207175 -0.02779495 -0.01199996 -0.208 -0.02801597 -0.01199996 -0.208825 -0.02862 -0.01199996 -0.209429 -0.02944499 -0.01199996 -0.20965 -0.03026998 -0.01199996 -0.209429 -0.03087395 -0.01199996 -0.208825 -0.03109496 -0.01199996 -0.208 -0.03087395 -0.01199996 -0.207175 -0.03026998 -0.01199996 -0.206571 -0.02944499 -0.01199996 -0.20635 -0.02862 -0.01199996 -0.206571 -0.02801597 -0.01199996 -0.207175 -0.02779495 -0.01199996 -0.242 -0.02801597 -0.01199996 -0.242825 -0.02862 -0.01199996 -0.243429 -0.02944499 -0.01199996 -0.24365 -0.03026998 -0.01199996 -0.243429 -0.03087395 -0.01199996 -0.242825 -0.03109496 -0.01199996 -0.242 -0.03087395 -0.01199996 -0.2411749 -0.03026998 -0.01199996 -0.240571 -0.02944499 -0.01199996 -0.24035 -0.02862 -0.01199996 -0.240571 -0.02801597 -0.01199996 -0.2411749 0.001649975 -0.01199996 -0.259 0.001428961 -0.01199996 -0.259825 8.25e-4 -0.01199996 -0.260429 0 -0.01199996 -0.26065 -8.25e-4 -0.01199996 -0.260429 -0.001428961 -0.01199996 -0.259825 -0.001649975 -0.01199996 -0.259 -0.001428961 -0.01199996 -0.258175 -8.25e-4 -0.01199996 -0.257571 0 -0.01199996 -0.25735 8.25e-4 -0.01199996 -0.257571 0.001428961 -0.01199996 -0.258175 -0.00999999 -0.01199996 -0.1977789 0.00999999 -0.01199996 -0.1977789 0.01471096 -0.01199996 -0.200008 0.018947 -0.01199996 -0.203045 0.02257096 -0.01199996 -0.206791 0.02546596 -0.01199996 -0.211126 0.027538 -0.01199996 -0.215908 0.02872097 -0.01199996 -0.220984 0.02897596 -0.01199996 -0.22619 0.02829498 -0.01199996 -0.231358 0.02669996 -0.01199996 -0.23632 0.02424198 -0.01199996 -0.240916 0.02100199 -0.01199996 -0.244998 0.01708298 -0.01199996 -0.248435 0.01261198 -0.01199996 -0.251114 0.007734 -0.01199996 -0.25295 0.002605974 -0.01199996 -0.253883 -0.002605974 -0.01199996 -0.253883 -0.007734 -0.01199996 -0.25295 -0.01261198 -0.01199996 -0.251114 -0.01708298 -0.01199996 -0.248435 -0.02100199 -0.01199996 -0.244998 -0.02424198 -0.01199996 -0.240916 -0.02669996 -0.01199996 -0.23632 -0.02829498 -0.01199996 -0.231358 -0.02897596 -0.01199996 -0.22619 -0.02872097 -0.01199996 -0.220984 -0.027538 -0.01199996 -0.215908 -0.02546596 -0.01199996 -0.211126 -0.02257096 -0.01199996 -0.206791 -0.018947 -0.01199996 -0.203045 -0.01471096 -0.01199996 -0.200008 0 -0.05632495 -0.201 0.004681944 -0.05632495 -0.201461 0.009183943 -0.05632495 -0.202827 0.01333397 -0.05632495 -0.205045 0.01697099 -0.05632495 -0.208029 0.01995497 -0.05632495 -0.211666 0.02217298 -0.05632495 -0.215816 0.02353894 -0.05632495 -0.220318 0.02399998 -0.05632495 -0.225 0.02353894 -0.05632495 -0.229682 0.02217298 -0.05632495 -0.234184 0.01995497 -0.05632495 -0.238334 0.01697099 -0.05632495 -0.241971 0.01333397 -0.05632495 -0.244955 0.009183943 -0.05632495 -0.247173 0.004681944 -0.05632495 -0.248539 0 -0.05632495 -0.249 -0.004681944 -0.05632495 -0.248539 -0.009183943 -0.05632495 -0.247173 -0.01333397 -0.05632495 -0.244955 -0.01697099 -0.05632495 -0.241971 -0.01995497 -0.05632495 -0.238334 -0.02217298 -0.05632495 -0.234184 -0.02353894 -0.05632495 -0.229682 -0.02399998 -0.05632495 -0.225 -0.02353894 -0.05632495 -0.220318 -0.02217298 -0.05632495 -0.215816 -0.01995497 -0.05632495 -0.211666 -0.01697099 -0.05632495 -0.208029 -0.01333397 -0.05632495 -0.205045 -0.009183943 -0.05632495 -0.202827 -0.004681944 -0.05632495 -0.201461 0 -0.05432498 -0.199 -0.004920959 -0.05432498 -0.19947 -0.009662985 -0.05432498 -0.200862 -0.01405698 -0.05432498 -0.203127 -0.01794195 -0.05432498 -0.206183 -0.02117896 -0.05432498 -0.209919 -0.02364999 -0.05432498 -0.214199 -0.025267 -0.05432498 -0.21887 -0.02597099 -0.05432498 -0.223763 -0.02573496 -0.05432498 -0.2287 -0.02456998 -0.05432498 -0.2335039 -0.02251696 -0.05432498 -0.238 -0.01964896 -0.05432498 -0.242026 -0.01607197 -0.05432498 -0.245437 -0.01191395 -0.05432498 -0.2481099 -0.007324993 -0.05432498 -0.249947 -0.00247097 -0.05432498 -0.250882 0.00247097 -0.05432498 -0.250882 0.007324993 -0.05432498 -0.249947 0.01191395 -0.05432498 -0.2481099 0.01607197 -0.05432498 -0.245437 0.01964896 -0.05432498 -0.242026 0.02251696 -0.05432498 -0.238 0.02456998 -0.05432498 -0.2335039 0.02573496 -0.05432498 -0.2287 0.02597099 -0.05432498 -0.223763 0.025267 -0.05432498 -0.21887 0.02364999 -0.05432498 -0.214199 0.02117896 -0.05432498 -0.209919 0.01794195 -0.05432498 -0.206183 0.01405698 -0.05432498 -0.203127 0.009662985 -0.05432498 -0.200862 0.004920959 -0.05432498 -0.19947 0 -0.04899996 -0.199 -0.004920959 -0.04899996 -0.19947 -0.009662985 -0.04899996 -0.200862 -0.01405698 -0.04899996 -0.203127 -0.01794195 -0.04899996 -0.206183 -0.02117896 -0.04899996 -0.209919 -0.02364999 -0.04899996 -0.214199 -0.025267 -0.04899996 -0.21887 -0.02597099 -0.04899996 -0.223763 -0.02573496 -0.04899996 -0.2287 -0.02456998 -0.04899996 -0.2335039 -0.02251696 -0.04899996 -0.238 -0.01964896 -0.04899996 -0.242026 -0.01607197 -0.04899996 -0.245437 -0.01191395 -0.04899996 -0.2481099 -0.007324993 -0.04899996 -0.249947 -0.00247097 -0.04899996 -0.250882 0.00247097 -0.04899996 -0.250882 0.007324993 -0.04899996 -0.249947 0.01191395 -0.04899996 -0.2481099 0.01607197 -0.04899996 -0.245437 0.01964896 -0.04899996 -0.242026 0.02251696 -0.04899996 -0.238 0.02456998 -0.04899996 -0.2335039 0.02573496 -0.04899996 -0.2287 0.02597099 -0.04899996 -0.223763 0.025267 -0.04899996 -0.21887 0.02364999 -0.04899996 -0.214199 0.02117896 -0.04899996 -0.209919 0.01794195 -0.04899996 -0.206183 0.01405698 -0.04899996 -0.203127 0.009662985 -0.04899996 -0.200862 0.004920959 -0.04899996 -0.19947 0 -0.04899996 -0.1885 0.005854964 -0.04899996 -0.188973 0.01155799 -0.04899996 -0.190378 0.01696199 -0.04899996 -0.192681 0.02192699 -0.04899996 -0.19582 0.02632397 -0.04899996 -0.199716 0.03003895 -0.04899996 -0.204266 0.03297597 -0.04899996 -0.209353 0.03505897 -0.04899996 -0.214845 0.03623396 -0.04899996 -0.2206 0.03646999 -0.04899996 -0.2264699 0.03576195 -0.04899996 -0.2323009 0.03412795 -0.04899996 -0.2379429 0.03160995 -0.04899996 -0.24325 0.02827298 -0.04899996 -0.248084 0.02420395 -0.04899996 -0.252321 0.019508 -0.04899996 -0.255849 0.01430696 -0.04899996 -0.258579 0.008735001 -0.04899996 -0.260439 0.002936959 -0.04899996 -0.261382 -0.002936959 -0.04899996 -0.261382 -0.008735001 -0.04899996 -0.260439 -0.01430696 -0.04899996 -0.258579 -0.019508 -0.04899996 -0.255849 -0.02420395 -0.04899996 -0.252321 -0.02827298 -0.04899996 -0.248084 -0.03160995 -0.04899996 -0.24325 -0.03412795 -0.04899996 -0.2379429 -0.03576195 -0.04899996 -0.2323009 -0.03646999 -0.04899996 -0.2264699 -0.03623396 -0.04899996 -0.2206 -0.03505897 -0.04899996 -0.214845 -0.03297597 -0.04899996 -0.209353 -0.03003895 -0.04899996 -0.204266 -0.02632397 -0.04899996 -0.199716 -0.02192699 -0.04899996 -0.19582 -0.01696199 -0.04899996 -0.192681 -0.01155799 -0.04899996 -0.190378 -0.005854964 -0.04899996 -0.188973 0 -0.04499995 -0.1845 -0.006181955 -0.04499995 -0.184975 -0.01221996 -0.04499995 -0.186387 -0.01797097 -0.04499995 -0.188705 -0.02329999 -0.04499995 -0.191874 -0.02808398 -0.04499995 -0.195819 -0.03220897 -0.04499995 -0.200448 -0.03557997 -0.04499995 -0.2056519 -0.03811597 -0.04499995 -0.21131 -0.03975898 -0.04499995 -0.217289 -0.04047 -0.04499995 -0.223449 -0.04023295 -0.04499995 -0.229645 -0.03905194 -0.04499995 -0.235732 -0.03695595 -0.04499995 -0.241567 -0.03399395 -0.04499995 -0.247014 -0.03023499 -0.04499995 -0.251946 -0.02576798 -0.04499995 -0.256245 -0.02069598 -0.04499995 -0.259813 -0.01513999 -0.04499995 -0.262564 -0.009227991 -0.04499995 -0.264435 -0.003099977 -0.04499995 -0.265381 0.003099977 -0.04499995 -0.265381 0.009227991 -0.04499995 -0.264435 0.01513999 -0.04499995 -0.262564 0.02069598 -0.04499995 -0.259813 0.02576798 -0.04499995 -0.256245 0.03023499 -0.04499995 -0.251946 0.03399395 -0.04499995 -0.247014 0.03695595 -0.04499995 -0.241567 0.03905194 -0.04499995 -0.235732 0.04023295 -0.04499995 -0.229645 0.04047 -0.04499995 -0.223449 0.03975898 -0.04499995 -0.217289 0.03811597 -0.04499995 -0.21131 0.03557997 -0.04499995 -0.2056519 0.03220897 -0.04499995 -0.200448 0.02808398 -0.04499995 -0.195819 0.02329999 -0.04499995 -0.191874 0.01797097 -0.04499995 -0.188705 0.01221996 -0.04499995 -0.186387 0.006181955 -0.04499995 -0.184975 0.01099997 -0.01199996 -0.1092 0.01009994 -0.01199996 -0.109441 0.009440958 -0.01199996 -0.1101 0.009199976 -0.01199996 -0.111 0.009440958 -0.01199996 -0.1119 0.01009994 -0.01199996 -0.112559 0.01099997 -0.01199996 -0.1128 0.01189994 -0.01199996 -0.112559 0.01255899 -0.01199996 -0.1119 0.01279997 -0.01199996 -0.111 0.01255899 -0.01199996 -0.1101 0.01189994 -0.01199996 -0.109441 -0.01099997 -0.01199996 -0.09219998 -0.01189994 -0.01199996 -0.09244096 -0.01255899 -0.01199996 -0.09309995 -0.01279997 -0.01199996 -0.09399998 -0.01255899 -0.01199996 -0.09489995 -0.01189994 -0.01199996 -0.095559 -0.01099997 -0.01199996 -0.09579998 -0.01009994 -0.01199996 -0.095559 -0.009440958 -0.01199996 -0.09489995 -0.009199976 -0.01199996 -0.09399998 -0.009440958 -0.01199996 -0.09309995 -0.01009994 -0.01199996 -0.09244096 0.01099997 -0.01199996 -0.09219998 0.01009994 -0.01199996 -0.09244096 0.009440958 -0.01199996 -0.09309995 0.009199976 -0.01199996 -0.09399998 0.009440958 -0.01199996 -0.09489995 0.01009994 -0.01199996 -0.095559 0.01099997 -0.01199996 -0.09579998 0.01189994 -0.01199996 -0.095559 0.01255899 -0.01199996 -0.09489995 0.01279997 -0.01199996 -0.09399998 0.01255899 -0.01199996 -0.09309995 0.01189994 -0.01199996 -0.09244096 -0.01099997 -0.01199996 -0.1092 -0.01189994 -0.01199996 -0.109441 -0.01255899 -0.01199996 -0.1101 -0.01279997 -0.01199996 -0.111 -0.01255899 -0.01199996 -0.1119 -0.01189994 -0.01199996 -0.112559 -0.01099997 -0.01199996 -0.1128 -0.01009994 -0.01199996 -0.112559 -0.009440958 -0.01199996 -0.1119 -0.009199976 -0.01199996 -0.111 -0.009440958 -0.01199996 -0.1101 -0.01009994 -0.01199996 -0.109441 0.01099997 -0.01799994 -0.1092 0.01009994 -0.01799994 -0.109441 0.009440958 -0.01799994 -0.1101 0.009199976 -0.01799994 -0.111 0.009440958 -0.01799994 -0.1119 0.01009994 -0.01799994 -0.112559 0.01099997 -0.01799994 -0.1128 0.01189994 -0.01799994 -0.112559 0.01255899 -0.01799994 -0.1119 0.01279997 -0.01799994 -0.111 0.01255899 -0.01799994 -0.1101 0.01189994 -0.01799994 -0.109441 -0.01099997 -0.01799994 -0.09219998 -0.01189994 -0.01799994 -0.09244096 -0.01255899 -0.01799994 -0.09309995 -0.01279997 -0.01799994 -0.09399998 -0.01255899 -0.01799994 -0.09489995 -0.01189994 -0.01799994 -0.095559 -0.01099997 -0.01799994 -0.09579998 -0.01009994 -0.01799994 -0.095559 -0.009440958 -0.01799994 -0.09489995 -0.009199976 -0.01799994 -0.09399998 -0.009440958 -0.01799994 -0.09309995 -0.01009994 -0.01799994 -0.09244096 0.01099997 -0.01799994 -0.09219998 0.01009994 -0.01799994 -0.09244096 0.009440958 -0.01799994 -0.09309995 0.009199976 -0.01799994 -0.09399998 0.009440958 -0.01799994 -0.09489995 0.01009994 -0.01799994 -0.095559 0.01099997 -0.01799994 -0.09579998 0.01189994 -0.01799994 -0.095559 0.01255899 -0.01799994 -0.09489995 0.01279997 -0.01799994 -0.09399998 0.01255899 -0.01799994 -0.09309995 0.01189994 -0.01799994 -0.09244096 -0.01099997 -0.01799994 -0.1092 -0.01189994 -0.01799994 -0.109441 -0.01255899 -0.01799994 -0.1101 -0.01279997 -0.01799994 -0.111 -0.01255899 -0.01799994 -0.1119 -0.01189994 -0.01799994 -0.112559 -0.01099997 -0.01799994 -0.1128 -0.01009994 -0.01799994 -0.112559 -0.009440958 -0.01799994 -0.1119 -0.009199976 -0.01799994 -0.111 -0.009440958 -0.01799994 -0.1101 -0.01009994 -0.01799994 -0.109441 0.01099997 -0.01799994 -0.1075 0.009249985 -0.01799994 -0.107969 0.007968962 -0.01799994 -0.10925 0.007499992 -0.01799994 -0.111 0.007968962 -0.01799994 -0.11275 0.009249985 -0.01799994 -0.114031 0.01099997 -0.01799994 -0.1145 0.01274996 -0.01799994 -0.114031 0.01403099 -0.01799994 -0.11275 0.01449996 -0.01799994 -0.111 0.01403099 -0.01799994 -0.10925 0.01274996 -0.01799994 -0.107969 -0.01099997 -0.01799994 -0.09049999 -0.01274996 -0.01799994 -0.09096896 -0.01403099 -0.01799994 -0.09224998 -0.01449996 -0.01799994 -0.09399998 -0.01403099 -0.01799994 -0.09574997 -0.01274996 -0.01799994 -0.09703099 -0.01099997 -0.01799994 -0.09749996 -0.009249985 -0.01799994 -0.09703099 -0.007968962 -0.01799994 -0.09574997 -0.007499992 -0.01799994 -0.09399998 -0.007968962 -0.01799994 -0.09224998 -0.009249985 -0.01799994 -0.09096896 0.01099997 -0.01799994 -0.09049999 0.009249985 -0.01799994 -0.09096896 0.007968962 -0.01799994 -0.09224998 0.007499992 -0.01799994 -0.09399998 0.007968962 -0.01799994 -0.09574997 0.009249985 -0.01799994 -0.09703099 0.01099997 -0.01799994 -0.09749996 0.01274996 -0.01799994 -0.09703099 0.01403099 -0.01799994 -0.09574997 0.01449996 -0.01799994 -0.09399998 0.01403099 -0.01799994 -0.09224998 0.01274996 -0.01799994 -0.09096896 -0.01099997 -0.01799994 -0.1075 -0.01274996 -0.01799994 -0.107969 -0.01403099 -0.01799994 -0.10925 -0.01449996 -0.01799994 -0.111 -0.01403099 -0.01799994 -0.11275 -0.01274996 -0.01799994 -0.114031 -0.01099997 -0.01799994 -0.1145 -0.009249985 -0.01799994 -0.114031 -0.007968962 -0.01799994 -0.11275 -0.007499992 -0.01799994 -0.111 -0.007968962 -0.01799994 -0.10925 -0.009249985 -0.01799994 -0.107969 0.008962988 -0.02482497 -0.01110297 0.008810997 -0.02482497 -0.009366989 0.008359968 -0.02482497 -0.007682979 0.007622957 -0.02482497 -0.006102979 0.006514966 -0.02482497 -0.004183948 0.006208956 -0.02482497 -0.003436982 0.006112992 -0.02482497 -0.002634942 0.006234943 -0.02482497 -0.001835942 0.006473958 -0.02482497 5.76e-4 0.005812942 -0.02482497 0.002907991 0.004342973 -0.02482497 0.004835963 0.00226897 -0.02482497 0.006090998 -1.2e-4 -0.02482497 0.006498992 -0.002492964 -0.02482497 0.006002962 -0.004518985 -0.02482497 0.00467199 -0.005916953 -0.02482497 0.00269097 -0.006490945 -0.02482497 3.36e-4 -0.006162941 -0.02482497 -0.002065956 -0.004976987 -0.02482497 -0.004180967 -0.003098964 -0.02482497 -0.005713999 -7.9e-4 -0.02482497 -0.006451964 1.19e-4 -0.02482497 -0.006712973 9.01e-4 -0.02482497 -0.007244944 0.00147897 -0.02482497 -0.007992982 0.002150952 -0.02482497 -0.009513974 0.002561986 -0.02482497 -0.01112496 0.002699971 -0.02482497 -0.01278096 0.002699971 -0.02482497 -0.02505499 0.003985941 -0.02482497 -0.02488297 0.005260944 -0.02482497 -0.02464497 0.006521999 -0.02482497 -0.02434098 0.008962988 -0.02482497 -0.023687 0.01099997 -0.01399999 -0.1145 0.01274996 -0.01399999 -0.114031 0.01403099 -0.01399999 -0.11275 0.01449996 -0.01399999 -0.111 0.01403099 -0.01399999 -0.10925 0.01274996 -0.01399999 -0.107969 0.01099997 -0.01399999 -0.1075 0.009249985 -0.01399999 -0.107969 0.007968962 -0.01399999 -0.10925 0.007499992 -0.01399999 -0.111 0.007968962 -0.01399999 -0.11275 0.009249985 -0.01399999 -0.114031 -0.01099997 -0.01399999 -0.09749996 -0.009249985 -0.01399999 -0.09703099 -0.007968962 -0.01399999 -0.09574997 -0.007499992 -0.01399999 -0.09399998 -0.007968962 -0.01399999 -0.09224998 -0.009249985 -0.01399999 -0.09096896 -0.01099997 -0.01399999 -0.09049999 -0.01274996 -0.01399999 -0.09096896 -0.01403099 -0.01399999 -0.09224998 -0.01449996 -0.01399999 -0.09399998 -0.01403099 -0.01399999 -0.09574997 -0.01274996 -0.01399999 -0.09703099 0.01099997 -0.01399999 -0.09749996 0.01274996 -0.01399999 -0.09703099 0.01403099 -0.01399999 -0.09574997 0.01449996 -0.01399999 -0.09399998 0.01403099 -0.01399999 -0.09224998 0.01274996 -0.01399999 -0.09096896 0.01099997 -0.01399999 -0.09049999 0.009249985 -0.01399999 -0.09096896 0.007968962 -0.01399999 -0.09224998 0.007499992 -0.01399999 -0.09399998 0.007968962 -0.01399999 -0.09574997 0.009249985 -0.01399999 -0.09703099 -0.01099997 -0.01399999 -0.1145 -0.009249985 -0.01399999 -0.114031 -0.007968962 -0.01399999 -0.11275 -0.007499992 -0.01399999 -0.111 -0.007968962 -0.01399999 -0.10925 -0.009249985 -0.01399999 -0.107969 -0.01099997 -0.01399999 -0.1075 -0.01274996 -0.01399999 -0.107969 -0.01403099 -0.01399999 -0.10925 -0.01449996 -0.01399999 -0.111 -0.01403099 -0.01399999 -0.11275 -0.01274996 -0.01399999 -0.114031 -0.01511496 -0.03399997 -0.05499994 -0.01320099 -0.03399997 -0.055381 -0.01157897 -0.03399997 -0.05646395 -0.01049494 -0.03399997 -0.05808699 -0.01011496 -0.03399997 -0.06 -0.01049494 -0.03399997 -0.06191295 -0.01157897 -0.03399997 -0.06353598 -0.01320099 -0.03399997 -0.064619 -0.01511496 -0.03399997 -0.06499999 -0.01511496 -0.01349997 -0.06499999 -0.01320099 -0.01349997 -0.064619 -0.01157897 -0.01349997 -0.06353598 -0.01049494 -0.01349997 -0.06191295 -0.01011496 -0.01349997 -0.06 -0.01049494 -0.01349997 -0.05808699 -0.01157897 -0.01349997 -0.05646395 -0.01320099 -0.01349997 -0.055381 -0.01511496 -0.01349997 -0.05499994 -0.01649099 -0.03399997 -0.06499999 -0.01649099 -0.01349997 -0.06499999 -0.01764595 -0.03399997 -0.06523197 -0.01861995 -0.03399997 -0.06588798 -0.01926398 -0.03399997 -0.06687098 -0.01949095 -0.03399997 -0.06802397 -0.01949095 -0.01349997 -0.06802397 -0.01926398 -0.01349997 -0.06687098 -0.01861995 -0.01349997 -0.06588798 -0.01764595 -0.01349997 -0.06523197 -0.01948398 -0.03399997 -0.07554298 -0.02003896 -0.03399997 -0.09756898 -0.020392 -0.03399997 -0.104751 -0.02147597 -0.03399997 -0.120667 -0.02356696 -0.03399997 -0.141649 -0.02356696 -0.01349997 -0.141649 -0.02147597 -0.01349997 -0.120667 -0.020392 -0.01349997 -0.104751 -0.02003896 -0.01349997 -0.09756898 -0.01948398 -0.01349997 -0.07554298 -0.023449 -0.03399997 -0.142899 -0.02282899 -0.03399997 -0.143993 -0.021815 -0.03399997 -0.144734 -0.02058696 -0.03399997 -0.145 -0.02058696 -0.01349997 -0.145 -0.021815 -0.01349997 -0.144734 -0.02282899 -0.01349997 -0.143993 -0.023449 -0.01349997 -0.142899 -0.02007198 -0.03399997 -0.145 -0.02007198 -0.01349997 -0.145 -0.01815897 -0.03399997 -0.145381 -0.01653695 -0.03399997 -0.146464 -0.01545298 -0.03399997 -0.148087 -0.01507198 -0.03399997 -0.15 -0.01545298 -0.03399997 -0.151913 -0.01653695 -0.03399997 -0.153536 -0.01815897 -0.03399997 -0.154619 -0.02007198 -0.03399997 -0.155 -0.02007198 -0.01349997 -0.155 -0.01815897 -0.01349997 -0.154619 -0.01653695 -0.01349997 -0.153536 -0.01545298 -0.01349997 -0.151913 -0.01507198 -0.01349997 -0.15 -0.01545298 -0.01349997 -0.148087 -0.01653695 -0.01349997 -0.146464 -0.01815897 -0.01349997 -0.145381 -0.02270895 -0.03399997 -0.155 -0.02270895 -0.01349997 -0.155 -0.02375495 -0.03399997 -0.155189 -0.02466797 -0.03399997 -0.1557289 -0.025334 -0.03399997 -0.156556 -0.02567696 -0.03399997 -0.157561 -0.02567696 -0.01349997 -0.157561 -0.025334 -0.01349997 -0.156556 -0.02466797 -0.01349997 -0.1557289 -0.02375495 -0.01349997 -0.155189 -0.02654397 -0.03399997 -0.163202 -0.027884 -0.03399997 -0.17116 -0.02927595 -0.03399997 -0.178674 -0.02927595 -0.01349997 -0.178674 -0.02784699 -0.01349997 -0.170949 -0.02654397 -0.01349997 -0.163202 -0.026102 -0.01349997 -0.160383 -0.02937197 -0.03399997 -0.180185 -0.02908897 -0.03399997 -0.181672 -0.02844196 -0.03399997 -0.183039 -0.02747398 -0.03399997 -0.184202 -0.02624595 -0.03399997 -0.185087 -0.02483499 -0.03399997 -0.185634 -0.02333199 -0.03399997 -0.18581 -0.02183198 -0.03399997 -0.185608 -0.02183198 -0.01349997 -0.185608 -0.02354794 -0.01349997 -0.185808 -0.02525097 -0.01349997 -0.185514 -0.02679896 -0.01349997 -0.184746 -0.02806198 -0.01349997 -0.183566 -0.02893996 -0.01349997 -0.182079 -0.02935397 -0.01349997 -0.180401 0.02183198 -0.03399997 -0.185608 0.02333199 -0.03399997 -0.18581 0.02483499 -0.03399997 -0.185634 0.02624595 -0.03399997 -0.185087 0.02747398 -0.03399997 -0.184202 0.02844196 -0.03399997 -0.183039 0.02908897 -0.03399997 -0.181672 0.02937197 -0.03399997 -0.180185 0.02927595 -0.03399997 -0.178674 0.02927595 -0.01349997 -0.178674 0.02937197 -0.01349997 -0.180185 0.02908897 -0.01349997 -0.181672 0.02844196 -0.01349997 -0.183039 0.02747398 -0.01349997 -0.184202 0.02624595 -0.01349997 -0.185087 0.02483499 -0.01349997 -0.185634 0.02333199 -0.01349997 -0.18581 0.02183198 -0.01349997 -0.185608 0.027884 -0.03399997 -0.17116 0.02654397 -0.03399997 -0.163202 0.02610498 -0.03399997 -0.160404 0.02567696 -0.03399997 -0.157561 0.02567696 -0.01349997 -0.157561 0.026102 -0.01349997 -0.160383 0.02654397 -0.01349997 -0.163202 0.02784699 -0.01349997 -0.170949 0.025334 -0.03399997 -0.156556 0.02466797 -0.03399997 -0.1557289 0.02375495 -0.03399997 -0.155189 0.02270895 -0.03399997 -0.155 0.02270895 -0.01349997 -0.155 0.02375495 -0.01349997 -0.155189 0.02466797 -0.01349997 -0.1557289 0.025334 -0.01349997 -0.156556 0.02007198 -0.03399997 -0.155 0.02007198 -0.01349997 -0.155 0.01815897 -0.03399997 -0.154619 0.01653695 -0.03399997 -0.153536 0.01545298 -0.03399997 -0.151913 0.01507198 -0.03399997 -0.15 0.01545298 -0.03399997 -0.148087 0.01653695 -0.03399997 -0.146464 0.01815897 -0.03399997 -0.145381 0.02007198 -0.03399997 -0.145 0.02007198 -0.01349997 -0.145 0.01815897 -0.01349997 -0.145381 0.01653695 -0.01349997 -0.146464 0.01545298 -0.01349997 -0.148087 0.01507198 -0.01349997 -0.15 0.01545298 -0.01349997 -0.151913 0.01653695 -0.01349997 -0.153536 0.01815897 -0.01349997 -0.154619 0.02058696 -0.03399997 -0.145 0.02058696 -0.01349997 -0.145 0.021815 -0.03399997 -0.144734 0.02282899 -0.03399997 -0.143993 0.023449 -0.03399997 -0.142899 0.02356696 -0.03399997 -0.141649 0.02356696 -0.01349997 -0.141649 0.023449 -0.01349997 -0.142899 0.02282899 -0.01349997 -0.143993 0.021815 -0.01349997 -0.144734 0.02243697 -0.03399997 -0.131265 0.02147597 -0.03399997 -0.120667 0.020392 -0.03399997 -0.104751 0.02003896 -0.03399997 -0.09756898 0.01948398 -0.03399997 -0.07554298 0.01949095 -0.03399997 -0.06802397 0.01949095 -0.01349997 -0.06802397 0.01948398 -0.01349997 -0.07554298 0.02003896 -0.01349997 -0.09756898 0.020392 -0.01349997 -0.104751 0.02147597 -0.01349997 -0.120667 0.01926398 -0.03399997 -0.06687098 0.01861995 -0.03399997 -0.06588798 0.01764595 -0.03399997 -0.06523197 0.01649099 -0.03399997 -0.06499999 0.01649099 -0.01349997 -0.06499999 0.01748698 -0.01349997 -0.06517195 0.01836997 -0.01349997 -0.06566196 0.01919496 -0.01349997 -0.06671595 0.01511496 -0.03399997 -0.06499999 0.01511496 -0.01349997 -0.06499999 0.01320099 -0.03399997 -0.064619 0.01157897 -0.03399997 -0.06353598 0.01049494 -0.03399997 -0.06191295 0.01011496 -0.03399997 -0.06 0.01049494 -0.03399997 -0.05808699 0.01157897 -0.03399997 -0.05646395 0.01320099 -0.03399997 -0.055381 0.01511496 -0.03399997 -0.05499994 0.01511496 -0.01349997 -0.05499994 0.01320099 -0.01349997 -0.055381 0.01157897 -0.01349997 -0.05646395 0.01049494 -0.01349997 -0.05808699 0.01011496 -0.01349997 -0.06 0.01049494 -0.01349997 -0.06191295 0.01157897 -0.01349997 -0.06353598 0.01320099 -0.01349997 -0.064619 0.01686698 -0.03399997 -0.05499994 0.01686698 -0.01349997 -0.05499994 0.01798796 -0.03399997 -0.05478197 0.01894497 -0.03399997 -0.05416297 0.01959794 -0.03399997 -0.05322796 0.01986497 -0.03399997 -0.05211997 0.01986497 -0.01349997 -0.05211997 0.01959794 -0.01349997 -0.05322796 0.01894497 -0.01349997 -0.05416297 0.01798796 -0.01349997 -0.05478197 0.02030497 -0.03399997 -0.043347 0.02084898 -0.03399997 -0.03572195 0.021492 -0.03399997 -0.02875697 0.021492 -0.01349997 -0.02875697 0.02092695 -0.01349997 -0.03478997 0.02030497 -0.01349997 -0.043347 0.02006196 -0.01349997 -0.04773199 0.02146399 -0.03399997 -0.027309 0.02109199 -0.03399997 -0.02590996 0.02039498 -0.03399997 -0.02464199 0.01941394 -0.03399997 -0.02357697 0.01820796 -0.03399997 -0.02277594 0.01684397 -0.03399997 -0.02228999 0.01540398 -0.03399997 -0.02214497 0.01396995 -0.03399997 -0.02234596 0.01396995 -0.01349997 -0.02234596 0.01540398 -0.01349997 -0.022143 0.01684397 -0.01349997 -0.02228897 0.01820796 -0.01349997 -0.02277499 0.01941496 -0.01349997 -0.02357596 0.02039498 -0.01349997 -0.02464097 0.02109199 -0.01349997 -0.02590894 0.02146399 -0.01349997 -0.027309 0.008962988 -0.03399997 -0.023687 0.006521999 -0.01349997 -0.02434098 0.008962988 -0.03399997 -0.01110297 0.008810997 -0.03399997 -0.009366989 0.008359968 -0.03399997 -0.007682979 0.007622957 -0.03399997 -0.006102979 0.006514966 -0.03399997 -0.004183948 0.006208956 -0.03399997 -0.003436982 0.006112992 -0.03399997 -0.002634942 0.006234943 -0.03399997 -0.001835942 0.006473958 -0.03399997 5.76e-4 0.005812942 -0.03399997 0.002907991 0.004342973 -0.03399997 0.004835963 0.00226897 -0.03399997 0.006090998 -1.2e-4 -0.03399997 0.006498992 -0.002492964 -0.03399997 0.006002962 -0.004518985 -0.03399997 0.00467199 -0.005916953 -0.03399997 0.00269097 -0.006490945 -0.03399997 3.36e-4 -0.006162941 -0.03399997 -0.002065956 -0.004976987 -0.03399997 -0.004180967 -0.003098964 -0.03399997 -0.005713999 -7.9e-4 -0.03399997 -0.006451964 1.19e-4 -0.03399997 -0.006712973 9.01e-4 -0.03399997 -0.007244944 0.00147897 -0.03399997 -0.007992982 0.002150952 -0.03399997 -0.009513974 0.002561986 -0.03399997 -0.01112496 0.002699971 -0.03399997 -0.01278096 0.002699971 -0.03399997 -0.02505499 -3.96e-4 -0.03399997 -0.02519696 -0.003484964 -0.03399997 -0.02495795 -0.006521999 -0.03399997 -0.02434098 -0.006521999 -0.01349997 -0.02434098 -0.002195954 -0.01349997 -0.02510398 0.002195954 -0.01349997 -0.02510398 -0.01396995 -0.03399997 -0.02234596 -0.01396995 -0.01349997 -0.02234596 -0.01540398 -0.03399997 -0.02214497 -0.01684397 -0.03399997 -0.02228999 -0.01820796 -0.03399997 -0.02277594 -0.01941394 -0.03399997 -0.02357697 -0.02039498 -0.03399997 -0.02464199 -0.02109199 -0.03399997 -0.02590996 -0.02146399 -0.03399997 -0.027309 -0.021492 -0.03399997 -0.02875697 -0.021492 -0.01349997 -0.02875697 -0.02146399 -0.01349997 -0.027309 -0.02109199 -0.01349997 -0.02590996 -0.02039498 -0.01349997 -0.02464199 -0.01941394 -0.01349997 -0.02357697 -0.01820796 -0.01349997 -0.02277594 -0.01684397 -0.01349997 -0.02228999 -0.01540398 -0.01349997 -0.02214497 -0.02084898 -0.03399997 -0.03572195 -0.02030497 -0.03399997 -0.043347 -0.02006494 -0.03399997 -0.04767096 -0.01986497 -0.03399997 -0.05211997 -0.01986497 -0.01349997 -0.05211997 -0.02006196 -0.01349997 -0.04773199 -0.02030497 -0.01349997 -0.043347 -0.02072298 -0.01349997 -0.03731095 -0.01959794 -0.03399997 -0.05322796 -0.01894497 -0.03399997 -0.05416297 -0.01798796 -0.03399997 -0.05478197 -0.01686698 -0.03399997 -0.05499994 -0.01686698 -0.01349997 -0.05499994 -0.01798796 -0.01349997 -0.05478197 -0.01894497 -0.01349997 -0.05416297 -0.01959794 -0.01349997 -0.05322796 0.01099997 -0.01199996 -0.1165 0.01323699 -0.01199996 -0.116024 0.01508694 -0.01199996 -0.11468 0.016231 -0.01199996 -0.1127 0.01646995 -0.01199996 -0.110425 0.01576298 -0.01199996 -0.10825 0.01423299 -0.01199996 -0.10655 0.01214396 -0.01199996 -0.10562 0.009855985 -0.01199996 -0.10562 0.007766962 -0.01199996 -0.10655 0.00623697 -0.01199996 -0.10825 0.005529999 -0.01199996 -0.110425 0.005768954 -0.01199996 -0.1127 0.006912946 -0.01199996 -0.11468 0.008762955 -0.01199996 -0.116024 0.01099997 -0.01299995 -0.114768 0.01099997 -0.01226794 -0.1155 0.009710967 -0.01299995 -0.114541 0.009460985 -0.01226794 -0.115229 0.008577942 -0.01299995 -0.1138859 0.008106946 -0.01226794 -0.1144469 0.007288992 -0.01299995 -0.111654 0.006567955 -0.01226794 -0.111781 0.007102966 -0.01226794 -0.11325 0.00773698 -0.01299995 -0.112884 0.007288992 -0.01299995 -0.110346 0.006567955 -0.01226794 -0.110219 0.008577942 -0.01299995 -0.108114 0.008106946 -0.01226794 -0.107553 0.007102966 -0.01226794 -0.10875 0.00773698 -0.01299995 -0.109116 0.009710967 -0.01299995 -0.107459 0.009460985 -0.01226794 -0.106771 0.01228898 -0.01299995 -0.107459 0.01253896 -0.01226794 -0.106771 0.01099997 -0.01226794 -0.1065 0.01099997 -0.01299995 -0.107232 0.01342195 -0.01299995 -0.108114 0.01389294 -0.01226794 -0.107553 0.01471096 -0.01299995 -0.110346 0.015432 -0.01226794 -0.110219 0.01489698 -0.01226794 -0.10875 0.01426297 -0.01299995 -0.109116 0.01471096 -0.01299995 -0.111654 0.015432 -0.01226794 -0.111781 0.01342195 -0.01299995 -0.1138859 0.01389294 -0.01226794 -0.1144469 0.01489698 -0.01226794 -0.11325 0.01426297 -0.01299995 -0.112884 0.01228898 -0.01299995 -0.114541 0.01253896 -0.01226794 -0.115229 -0.01099997 -0.01199996 -0.0995 -0.008762955 -0.01199996 -0.09902399 -0.006912946 -0.01199996 -0.09767997 -0.005768954 -0.01199996 -0.09569996 -0.005529999 -0.01199996 -0.09342497 -0.00623697 -0.01199996 -0.09125 -0.007766962 -0.01199996 -0.08954995 -0.009855985 -0.01199996 -0.08862 -0.01214396 -0.01199996 -0.08862 -0.01423299 -0.01199996 -0.08954995 -0.01576298 -0.01199996 -0.09125 -0.01646995 -0.01199996 -0.09342497 -0.016231 -0.01199996 -0.09569996 -0.01508694 -0.01199996 -0.09767997 -0.01323699 -0.01199996 -0.09902399 -0.01099997 -0.01299995 -0.097768 -0.01099997 -0.01226794 -0.09849995 -0.01228898 -0.01299995 -0.09754097 -0.01253896 -0.01226794 -0.09822899 -0.01342195 -0.01299995 -0.09688597 -0.01389294 -0.01226794 -0.09744697 -0.01471096 -0.01299995 -0.09465396 -0.015432 -0.01226794 -0.09478098 -0.01489698 -0.01226794 -0.09624999 -0.01426297 -0.01299995 -0.09588396 -0.01471096 -0.01299995 -0.09334599 -0.015432 -0.01226794 -0.09321898 -0.01342195 -0.01299995 -0.09111398 -0.01389294 -0.01226794 -0.09055298 -0.01489698 -0.01226794 -0.09174996 -0.01426297 -0.01299995 -0.09211599 -0.01228898 -0.01299995 -0.09045898 -0.01253896 -0.01226794 -0.08977097 -0.009710967 -0.01299995 -0.09045898 -0.009460985 -0.01226794 -0.08977097 -0.01099997 -0.01226794 -0.08950001 -0.01099997 -0.01299995 -0.09023195 -0.008577942 -0.01299995 -0.09111398 -0.008106946 -0.01226794 -0.09055298 -0.007288992 -0.01299995 -0.09334599 -0.006567955 -0.01226794 -0.09321898 -0.007102966 -0.01226794 -0.09174996 -0.00773698 -0.01299995 -0.09211599 -0.007288992 -0.01299995 -0.09465396 -0.006567955 -0.01226794 -0.09478098 -0.008577942 -0.01299995 -0.09688597 -0.008106946 -0.01226794 -0.09744697 -0.007102966 -0.01226794 -0.09624999 -0.00773698 -0.01299995 -0.09588396 -0.009710967 -0.01299995 -0.09754097 -0.009460985 -0.01226794 -0.09822899 0.01099997 -0.01199996 -0.0995 0.01323699 -0.01199996 -0.09902399 0.01508694 -0.01199996 -0.09767997 0.016231 -0.01199996 -0.09569996 0.01646995 -0.01199996 -0.09342497 0.01576298 -0.01199996 -0.09125 0.01423299 -0.01199996 -0.08954995 0.01214396 -0.01199996 -0.08862 0.009855985 -0.01199996 -0.08862 0.007766962 -0.01199996 -0.08954995 0.00623697 -0.01199996 -0.09125 0.005529999 -0.01199996 -0.09342497 0.005768954 -0.01199996 -0.09569996 0.006912946 -0.01199996 -0.09767997 0.008762955 -0.01199996 -0.09902399 0.01099997 -0.01299995 -0.097768 0.01099997 -0.01226794 -0.09849995 0.009710967 -0.01299995 -0.09754097 0.009460985 -0.01226794 -0.09822899 0.008577942 -0.01299995 -0.09688597 0.008106946 -0.01226794 -0.09744697 0.007288992 -0.01299995 -0.09465396 0.006567955 -0.01226794 -0.09478098 0.007102966 -0.01226794 -0.09624999 0.00773698 -0.01299995 -0.09588396 0.007288992 -0.01299995 -0.09334599 0.006567955 -0.01226794 -0.09321898 0.008577942 -0.01299995 -0.09111398 0.008106946 -0.01226794 -0.09055298 0.007102966 -0.01226794 -0.09174996 0.00773698 -0.01299995 -0.09211599 0.009710967 -0.01299995 -0.09045898 0.009460985 -0.01226794 -0.08977097 0.01228898 -0.01299995 -0.09045898 0.01253896 -0.01226794 -0.08977097 0.01099997 -0.01226794 -0.08950001 0.01099997 -0.01299995 -0.09023195 0.01342195 -0.01299995 -0.09111398 0.01389294 -0.01226794 -0.09055298 0.01471096 -0.01299995 -0.09334599 0.015432 -0.01226794 -0.09321898 0.01489698 -0.01226794 -0.09174996 0.01426297 -0.01299995 -0.09211599 0.01471096 -0.01299995 -0.09465396 0.015432 -0.01226794 -0.09478098 0.01342195 -0.01299995 -0.09688597 0.01389294 -0.01226794 -0.09744697 0.01489698 -0.01226794 -0.09624999 0.01426297 -0.01299995 -0.09588396 0.01228898 -0.01299995 -0.09754097 0.01253896 -0.01226794 -0.09822899 -0.01099997 -0.01199996 -0.1165 -0.008762955 -0.01199996 -0.116024 -0.006912946 -0.01199996 -0.11468 -0.005768954 -0.01199996 -0.1127 -0.005529999 -0.01199996 -0.110425 -0.00623697 -0.01199996 -0.10825 -0.007766962 -0.01199996 -0.10655 -0.009855985 -0.01199996 -0.10562 -0.01214396 -0.01199996 -0.10562 -0.01423299 -0.01199996 -0.10655 -0.01576298 -0.01199996 -0.10825 -0.01646995 -0.01199996 -0.110425 -0.016231 -0.01199996 -0.1127 -0.01508694 -0.01199996 -0.11468 -0.01323699 -0.01199996 -0.116024 -0.01099997 -0.01299995 -0.114768 -0.01099997 -0.01226794 -0.1155 -0.01228898 -0.01299995 -0.114541 -0.01253896 -0.01226794 -0.115229 -0.01342195 -0.01299995 -0.1138859 -0.01389294 -0.01226794 -0.1144469 -0.01471096 -0.01299995 -0.111654 -0.015432 -0.01226794 -0.111781 -0.01489698 -0.01226794 -0.11325 -0.01426297 -0.01299995 -0.112884 -0.01471096 -0.01299995 -0.110346 -0.015432 -0.01226794 -0.110219 -0.01342195 -0.01299995 -0.108114 -0.01389294 -0.01226794 -0.107553 -0.01489698 -0.01226794 -0.10875 -0.01426297 -0.01299995 -0.109116 -0.01228898 -0.01299995 -0.107459 -0.01253896 -0.01226794 -0.106771 -0.009710967 -0.01299995 -0.107459 -0.009460985 -0.01226794 -0.106771 -0.01099997 -0.01226794 -0.1065 -0.01099997 -0.01299995 -0.107232 -0.008577942 -0.01299995 -0.108114 -0.008106946 -0.01226794 -0.107553 -0.007288992 -0.01299995 -0.110346 -0.006567955 -0.01226794 -0.110219 -0.007102966 -0.01226794 -0.10875 -0.00773698 -0.01299995 -0.109116 -0.007288992 -0.01299995 -0.111654 -0.006567955 -0.01226794 -0.111781 -0.008577942 -0.01299995 -0.1138859 -0.008106946 -0.01226794 -0.1144469 -0.007102966 -0.01226794 -0.11325 -0.00773698 -0.01299995 -0.112884 -0.009710967 -0.01299995 -0.114541 -0.009460985 -0.01226794 -0.115229 -0.02188396 -0.01274996 -0.185414 -0.022026 -0.01220095 -0.184884 -0.02221995 -0.01199996 -0.184159 -0.02334499 -0.01199996 -0.184311 -0.02447199 -0.01199996 -0.1841779 -0.02552998 -0.01199996 -0.183768 -0.02645099 -0.01199996 -0.183104 -0.02717697 -0.01199996 -0.182232 -0.02766299 -0.01199996 -0.181207 -0.027875 -0.01199996 -0.180092 -0.027803 -0.01199996 -0.178959 -0.02853995 -0.01220095 -0.178817 -0.02907896 -0.01274996 -0.178712 -0.02804797 -0.01204299 -0.181145 -0.02395099 -0.01204299 -0.184628 -0.02399796 -0.01220798 -0.1850309 -0.02403795 -0.01247996 -0.185371 -0.02406096 -0.01273697 -0.185562 -0.02407896 -0.01310396 -0.185715 -0.02569699 -0.01204299 -0.184076 -0.02588897 -0.01220798 -0.1844339 -0.02605199 -0.01247996 -0.184736 -0.026142 -0.01273697 -0.1849049 -0.02621495 -0.01310396 -0.185042 -0.02651596 -0.01204299 -0.183516 -0.02677798 -0.01220798 -0.183826 -0.02699899 -0.01247996 -0.184088 -0.02712297 -0.01273697 -0.184234 -0.02722299 -0.01310396 -0.1843529 -0.02769798 -0.01204299 -0.182031 -0.028059 -0.01220798 -0.182217 -0.028364 -0.01247996 -0.182374 -0.02853399 -0.01273697 -0.182461 -0.02867197 -0.01310396 -0.182532 -0.02843898 -0.01220798 -0.181257 -0.028768 -0.01247996 -0.181351 -0.02895295 -0.01273697 -0.181403 -0.02910196 -0.01310396 -0.181446 -0.02930998 -0.01310396 -0.180295 -0.02915495 -0.01273697 -0.1802819 -0.02896398 -0.01247996 -0.180267 -0.02862298 -0.01220798 -0.180239 -0.02821797 -0.01204299 -0.180206 -0.02419298 -0.01199996 -0.157781 -0.02493494 -0.01220095 -0.157671 -0.025478 -0.01274996 -0.157591 -0.02636998 -0.01199996 -0.17121 -0.02506297 -0.01199996 -0.163439 -0.02461898 -0.01199996 -0.160611 -0.02650195 -0.013152 -0.163209 -0.02633899 -0.01274496 -0.163235 -0.02606999 -0.01240098 -0.163278 -0.02581799 -0.01220995 -0.163318 -0.02545398 -0.01205396 -0.163376 -0.02743899 -0.013152 -0.168859 -0.02727699 -0.01274496 -0.168887 -0.02700799 -0.01240098 -0.168933 -0.02675795 -0.01220995 -0.168976 -0.02639394 -0.01205396 -0.169039 -0.02402096 -0.01199996 -0.157278 -0.02368795 -0.01199996 -0.156865 -0.02323198 -0.01199996 -0.156595 -0.02270895 -0.01199996 -0.1565 -0.02270895 -0.01220095 -0.15575 -0.02270895 -0.01274996 -0.155201 -0.02440196 -0.01204299 -0.157258 -0.02477395 -0.01220798 -0.157095 -0.02508699 -0.01247996 -0.156958 -0.02526295 -0.01273697 -0.156881 -0.02540498 -0.01310497 -0.156818 -0.02414697 -0.01204299 -0.1568379 -0.02446198 -0.01220798 -0.156583 -0.024728 -0.01247996 -0.156368 -0.02487695 -0.01273697 -0.156248 -0.02499794 -0.01310497 -0.15615 -0.02386999 -0.01204299 -0.156559 -0.02412396 -0.01220798 -0.156243 -0.02433896 -0.01247996 -0.1559759 -0.02445995 -0.01273697 -0.155827 -0.02455699 -0.01310497 -0.155706 -0.02306598 -0.01204299 -0.156184 -0.02314394 -0.01220798 -0.155786 -0.02320998 -0.01247996 -0.15545 -0.023247 -0.01273697 -0.1552619 -0.02327698 -0.01310497 -0.15511 -0.02007198 -0.01199996 -0.1565 -0.02007198 -0.01220095 -0.15575 -0.02007198 -0.01274996 -0.155201 -0.01784896 -0.01199996 -0.156108 -0.01589399 -0.01199996 -0.154979 -0.01444298 -0.01199996 -0.15325 -0.01367098 -0.01199996 -0.151129 -0.01367098 -0.01199996 -0.148871 -0.01444298 -0.01199996 -0.14675 -0.01589399 -0.01199996 -0.145021 -0.01784896 -0.01199996 -0.143892 -0.02007198 -0.01199996 -0.1435 -0.02007198 -0.01220095 -0.14425 -0.02007198 -0.01274996 -0.1447989 -0.01810497 -0.01220095 -0.155403 -0.01829296 -0.01274996 -0.154887 -0.01637595 -0.01220095 -0.1544049 -0.01672899 -0.01274996 -0.153984 -0.01509195 -0.01220095 -0.152875 -0.01556795 -0.01274996 -0.1526 -0.01440894 -0.01220095 -0.1509979 -0.01494997 -0.01274996 -0.150903 -0.01440894 -0.01220095 -0.149002 -0.01494997 -0.01274996 -0.149097 -0.01509195 -0.01220095 -0.147125 -0.01556795 -0.01274996 -0.1474 -0.01637595 -0.01220095 -0.145595 -0.01672899 -0.01274996 -0.146016 -0.01810497 -0.01220095 -0.1445969 -0.01829296 -0.01274996 -0.145113 -0.02058696 -0.01199996 -0.1435 -0.02058696 -0.01220095 -0.14425 -0.02058696 -0.01274996 -0.1447989 -0.0212 -0.01199996 -0.143365 -0.02170795 -0.01199996 -0.142996 -0.022017 -0.01199996 -0.142451 -0.02207696 -0.01199996 -0.141824 -0.02282196 -0.01220095 -0.141736 -0.02336698 -0.01274996 -0.141672 -0.02229398 -0.01204395 -0.142718 -0.02330195 -0.01310497 -0.143142 -0.02116495 -0.01204395 -0.143756 -0.02129197 -0.01220798 -0.14414 -0.02139794 -0.01247996 -0.144464 -0.02145797 -0.01273798 -0.144647 -0.02150595 -0.01310497 -0.144793 -0.02168595 -0.01204395 -0.143486 -0.02192598 -0.01220798 -0.143811 -0.02212899 -0.01247996 -0.144086 -0.02224296 -0.01273798 -0.14424 -0.02233499 -0.01310497 -0.1443639 -0.02201896 -0.01204395 -0.143173 -0.02233296 -0.01220798 -0.1434299 -0.02259695 -0.01247996 -0.143647 -0.02274596 -0.01273798 -0.143769 -0.02286499 -0.01310497 -0.143867 -0.02242696 -0.01204395 -0.142201 -0.02282994 -0.01220798 -0.142244 -0.02316999 -0.01247996 -0.1422809 -0.02336198 -0.01273798 -0.142302 -0.02351498 -0.01310497 -0.142319 -0.02315998 -0.01273798 -0.143082 -0.02298295 -0.01247996 -0.1430079 -0.02266699 -0.01220798 -0.142875 -0.017991 -0.01199996 -0.06801199 -0.01874095 -0.01220095 -0.06801795 -0.01928997 -0.01274996 -0.06802195 -0.01998096 -0.01199996 -0.120789 -0.01889395 -0.01199996 -0.104833 -0.01826 -0.01199996 -0.09019595 -0.01798397 -0.01199996 -0.07555198 -0.01971697 -0.013152 -0.09014999 -0.01944196 -0.013152 -0.07554399 -0.01927697 -0.01274496 -0.07554399 -0.01900398 -0.01240098 -0.07554596 -0.01874995 -0.01220995 -0.07554799 -0.01838099 -0.01205396 -0.07554996 -0.01953297 -0.013152 -0.08284598 -0.01936799 -0.01274496 -0.08284997 -0.01909595 -0.01240098 -0.08285498 -0.01884096 -0.01220995 -0.08285999 -0.01847296 -0.01205396 -0.08286696 -0.02034997 -0.013152 -0.104753 -0.02018499 -0.01274496 -0.104762 -0.01991295 -0.01240098 -0.104777 -0.01965898 -0.01220995 -0.104791 -0.01929098 -0.01205396 -0.104811 -0.01892995 -0.01205396 -0.09749895 -0.01929897 -0.01220995 -0.09748297 -0.019553 -0.01240098 -0.09747195 -0.01982599 -0.01274496 -0.09745997 -0.01998996 -0.013152 -0.09745299 -0.02083897 -0.013152 -0.112716 -0.020675 -0.01274496 -0.112727 -0.02040296 -0.01240098 -0.112746 -0.02014899 -0.01220995 -0.112763 -0.01978099 -0.01205396 -0.112788 -0.022385 -0.013152 -0.131174 -0.02222096 -0.01274496 -0.13119 -0.02194899 -0.01240098 -0.131217 -0.02169597 -0.01220995 -0.131242 -0.02132898 -0.01205396 -0.131279 -0.02037596 -0.01205396 -0.120756 -0.02074396 -0.01220995 -0.120726 -0.020998 -0.01240098 -0.120706 -0.02126896 -0.01274496 -0.120684 -0.02143394 -0.013152 -0.12067 -0.01955199 -0.01274496 -0.09015595 -0.01927995 -0.01240098 -0.090164 -0.01902496 -0.01220995 -0.09017199 -0.01865696 -0.01205396 -0.09018397 -0.01787799 -0.01199996 -0.06743496 -0.01755499 -0.01199996 -0.066944 -0.01706796 -0.01199996 -0.06661599 -0.01649099 -0.01199996 -0.0665 -0.01649099 -0.01220095 -0.06575 -0.01649099 -0.01274996 -0.06520098 -0.01735097 -0.01204299 -0.06636101 -0.01785898 -0.01310497 -0.065391 -0.01826298 -0.01204299 -0.067474 -0.01865094 -0.01220798 -0.06735897 -0.01897895 -0.01247996 -0.06726199 -0.01916295 -0.01273697 -0.06720697 -0.01931095 -0.01310497 -0.06716299 -0.01803195 -0.01204299 -0.06697899 -0.01836895 -0.01220798 -0.06675499 -0.01865398 -0.01247996 -0.06656599 -0.01881396 -0.01273697 -0.06645995 -0.01894295 -0.01310497 -0.06637495 -0.01775497 -0.01204299 -0.066648 -0.01803195 -0.01220798 -0.066352 -0.01826596 -0.01247996 -0.06610196 -0.01839697 -0.01273697 -0.065961 -0.01850295 -0.01310497 -0.06584799 -0.016882 -0.01204299 -0.06619095 -0.01696795 -0.01220798 -0.065795 -0.01703995 -0.01247996 -0.06545996 -0.01708096 -0.01273697 -0.06527197 -0.01711297 -0.01310497 -0.06512099 -0.01778697 -0.01273697 -0.06552797 -0.01769798 -0.01247996 -0.06569796 -0.01753896 -0.01220798 -0.06600195 -0.01511496 -0.01199996 -0.0665 -0.01511496 -0.01220095 -0.06575 -0.01511496 -0.01274996 -0.06520098 -0.01289194 -0.01199996 -0.06610798 -0.01093697 -0.01199996 -0.06497895 -0.00948596 -0.01199996 -0.06325 -0.008712947 -0.01199996 -0.06112897 -0.008712947 -0.01199996 -0.05887097 -0.00948596 -0.01199996 -0.05674999 -0.01093697 -0.01199996 -0.05502098 -0.01289194 -0.01199996 -0.05389195 -0.01511496 -0.01199996 -0.05349999 -0.01511496 -0.01220095 -0.05425 -0.01511496 -0.01274996 -0.05479896 -0.01314795 -0.01220095 -0.06540298 -0.013336 -0.01274996 -0.06488698 -0.01141899 -0.01220095 -0.06440496 -0.01177197 -0.01274996 -0.06398397 -0.01013499 -0.01220095 -0.06287497 -0.01061099 -0.01274996 -0.06259995 -0.009451985 -0.01220095 -0.06099796 -0.009992957 -0.01274996 -0.06090295 -0.009451985 -0.01220095 -0.05900198 -0.009992957 -0.01274996 -0.05909699 -0.01013499 -0.01220095 -0.05712497 -0.01061099 -0.01274996 -0.05739998 -0.01141899 -0.01220095 -0.05559498 -0.01177197 -0.01274996 -0.05601596 -0.01314795 -0.01220095 -0.05459696 -0.013336 -0.01274996 -0.05511295 -0.01686698 -0.01199996 -0.05349999 -0.01686698 -0.01220095 -0.05425 -0.01686698 -0.01274996 -0.05479896 -0.01742595 -0.01199996 -0.05338895 -0.01790595 -0.01199996 -0.05308097 -0.01823395 -0.01199996 -0.052616 -0.01836597 -0.01199996 -0.05205994 -0.01911497 -0.01220095 -0.05208998 -0.01966398 -0.01274996 -0.05211198 -0.01848399 -0.01204299 -0.05290096 -0.01943999 -0.01310497 -0.05343395 -0.01738995 -0.01204299 -0.05377298 -0.01750499 -0.01220798 -0.05416196 -0.01760196 -0.01247996 -0.05448997 -0.01765596 -0.01273697 -0.05467396 -0.01769995 -0.01310497 -0.05482196 -0.01787096 -0.01204299 -0.05355197 -0.01809096 -0.01220798 -0.05389195 -0.01827698 -0.01247996 -0.05417895 -0.01838195 -0.01273697 -0.05434 -0.01846498 -0.01310497 -0.05447 -0.018197 -0.01204299 -0.05328696 -0.01848798 -0.01220798 -0.05356895 -0.01873397 -0.01247996 -0.05380696 -0.01887297 -0.01273697 -0.05394095 -0.01898396 -0.01310497 -0.054048 -0.01866096 -0.01204299 -0.05245298 -0.01905494 -0.01220798 -0.05255198 -0.01938694 -0.01247996 -0.05263495 -0.01957297 -0.01273697 -0.05268198 -0.01972299 -0.01310497 -0.05271995 -0.01930499 -0.01273697 -0.05335897 -0.01913696 -0.01247996 -0.05326497 -0.01883798 -0.01220798 -0.05309897 -0.01999896 -0.01199996 -0.02860295 -0.02074497 -0.01220095 -0.02867996 -0.02129197 -0.01274996 -0.02873694 -0.01856398 -0.01199996 -0.04765695 -0.01880794 -0.01199996 -0.04325598 -0.01932698 -0.01199996 -0.035923 -0.01994895 -0.013152 -0.04919195 -0.01884597 -0.01205396 -0.05009496 -0.02067095 -0.013152 -0.03741097 -0.02050697 -0.01274496 -0.03739798 -0.020235 -0.01240098 -0.03737699 -0.01998096 -0.01220995 -0.03735798 -0.01961398 -0.01205396 -0.03732895 -0.01978397 -0.01274496 -0.04918497 -0.01951199 -0.01240098 -0.04917198 -0.01925694 -0.01220995 -0.04916 -0.01888895 -0.01205396 -0.04914295 -0.01920396 -0.01205396 -0.04328 -0.01957195 -0.01220995 -0.04330199 -0.01982599 -0.01240098 -0.04331797 -0.02009797 -0.01274496 -0.04333394 -0.020262 -0.013152 -0.04334396 -0.01921397 -0.01220995 -0.05011099 -0.01946794 -0.01240098 -0.05012196 -0.01974099 -0.01274496 -0.050134 -0.01990497 -0.013152 -0.05014199 -0.019979 -0.01199996 -0.02751797 -0.01969999 -0.01199996 -0.02646797 -0.01917797 -0.01199996 -0.02551597 -0.01844197 -0.01199996 -0.02471697 -0.01753699 -0.01199996 -0.024118 -0.01651495 -0.01199996 -0.02375197 -0.01543396 -0.01199996 -0.02364295 -0.01435899 -0.01199996 -0.02379494 -0.01416397 -0.01220095 -0.02306997 -0.01402199 -0.01274996 -0.02253997 -0.01558399 -0.01204299 -0.02329295 -0.01559698 -0.01310396 -0.02219694 -0.02021998 -0.01204299 -0.02693098 -0.02061295 -0.01220798 -0.026829 -0.02094495 -0.01247996 -0.02674394 -0.02113097 -0.01273596 -0.02669596 -0.021281 -0.01310396 -0.02665698 -0.01950597 -0.01204299 -0.02537298 -0.01983898 -0.01220798 -0.025141 -0.02012097 -0.01247996 -0.02494496 -0.02027797 -0.01273596 -0.024836 -0.02040594 -0.01310396 -0.02474695 -0.018996 -0.01204299 -0.02475595 -0.01928699 -0.01220798 -0.02447199 -0.01953297 -0.01247996 -0.02423298 -0.01966995 -0.01273596 -0.02409899 -0.01978099 -0.01310396 -0.02398997 -0.01743495 -0.01204299 -0.02368396 -0.01759499 -0.01220798 -0.02331095 -0.01773095 -0.01247996 -0.02299594 -0.01780599 -0.01273596 -0.02281999 -0.01786696 -0.01310396 -0.022677 -0.01652896 -0.01204299 -0.02339696 -0.01661294 -0.01220798 -0.02299898 -0.01668399 -0.01247996 -0.02266395 -0.01672399 -0.01273596 -0.02247595 -0.01675599 -0.01310396 -0.02232396 -0.01559495 -0.01273596 -0.02235198 -0.01559299 -0.01247996 -0.02254396 -0.01558899 -0.01220798 -0.02288597 -0.006909966 -0.01199996 -0.02578997 -0.006715953 -0.01220095 -0.02506595 -0.006573975 -0.01274996 -0.024535 -0.002326965 -0.01199996 -0.02659797 0.002326965 -0.01199996 -0.02659797 0.006909966 -0.01199996 -0.02578997 0.006715953 -0.01220095 -0.02506595 0.006573975 -0.01274996 -0.024535 -0.002261996 -0.01220095 -0.02585095 -0.002213954 -0.01274996 -0.02530395 0.002261996 -0.01220095 -0.02585095 0.002213954 -0.01274996 -0.02530395 0.01435899 -0.01199996 -0.02379494 0.01416397 -0.01220095 -0.02306997 0.01402199 -0.01274996 -0.02253997 0.01543396 -0.01199996 -0.02364295 0.016514 -0.01199996 -0.02375197 0.01753699 -0.01199996 -0.02411699 0.01844197 -0.01199996 -0.02471697 0.01917695 -0.01199996 -0.02551597 0.01969999 -0.01199996 -0.02646696 0.019979 -0.01199996 -0.02751696 0.01999896 -0.01199996 -0.02860295 0.02074497 -0.01220095 -0.02867996 0.02129197 -0.01274996 -0.02873694 0.02030098 -0.01204299 -0.02731394 0.02138096 -0.01310396 -0.02712696 0.01597499 -0.01204299 -0.02331197 0.01601296 -0.01220798 -0.02290797 0.01604497 -0.01247996 -0.02256697 0.01606297 -0.01273596 -0.022376 0.01607698 -0.01310396 -0.02222096 0.017627 -0.01204299 -0.02377098 0.01780295 -0.01220798 -0.023404 0.01795095 -0.01247996 -0.02309596 0.01803499 -0.01273596 -0.02292299 0.01810199 -0.01310396 -0.02278298 0.01831698 -0.01204299 -0.024176 0.01854997 -0.01220798 -0.023844 0.01874798 -0.01247996 -0.02356296 0.01885795 -0.01273596 -0.02340698 0.01894795 -0.01310396 -0.02327996 0.01962095 -0.01204299 -0.02554798 0.01996499 -0.01220798 -0.02533096 0.02025395 -0.01247996 -0.02514696 0.02041596 -0.01273596 -0.02504497 0.02054798 -0.01310396 -0.02496194 0.02004897 -0.01204299 -0.02639698 0.020428 -0.01220798 -0.02625095 0.02074795 -0.01247996 -0.02612799 0.02092695 -0.01273596 -0.02605897 0.02107095 -0.01310396 -0.026003 0.02122795 -0.01273596 -0.02715396 0.02103894 -0.01247996 -0.02718698 0.02070099 -0.01220798 -0.02724498 0.01836597 -0.01199996 -0.05205994 0.01911497 -0.01220095 -0.05208998 0.01966398 -0.01274996 -0.05211198 0.01932698 -0.01199996 -0.035923 0.01880794 -0.01199996 -0.04325598 0.01856398 -0.01199996 -0.04765695 0.02062296 -0.013152 -0.03803795 0.020262 -0.013152 -0.04334396 0.02009797 -0.01274496 -0.04333394 0.01982599 -0.01240098 -0.04331797 0.01957195 -0.01220995 -0.04330199 0.01920396 -0.01205396 -0.04328 0.02045899 -0.01274496 -0.03802496 0.02018696 -0.01240098 -0.03800499 0.01993298 -0.01220995 -0.03798598 0.01956599 -0.01205396 -0.03795796 0.018233 -0.01199996 -0.05261397 0.01790595 -0.01199996 -0.05308097 0.01742798 -0.01199996 -0.05339097 0.01686698 -0.01199996 -0.05349999 0.01686698 -0.01220095 -0.05425 0.01686698 -0.01274996 -0.05479896 0.01770299 -0.01204299 -0.05365097 0.018197 -0.01310497 -0.05462795 0.01861798 -0.01204299 -0.05259394 0.01900094 -0.01220798 -0.052724 0.01932495 -0.01247996 -0.05283397 0.01950699 -0.01273697 -0.05289494 0.01965397 -0.01310497 -0.05294495 0.018377 -0.01204299 -0.05306595 0.01870799 -0.01220798 -0.05329895 0.01898795 -0.01247996 -0.053496 0.01914399 -0.01273697 -0.05360698 0.01927095 -0.01310497 -0.05369597 0.01809996 -0.01204299 -0.05337995 0.01836997 -0.01220798 -0.05368298 0.01859796 -0.01247996 -0.05393797 0.01872599 -0.01273697 -0.05408096 0.01882898 -0.01310497 -0.05419695 0.01724797 -0.01204299 -0.05381095 0.017331 -0.01220798 -0.05420798 0.01740097 -0.01247996 -0.05454295 0.01744097 -0.01273697 -0.05473095 0.01747298 -0.01310497 -0.05488198 0.01812696 -0.01273697 -0.05448997 0.01804 -0.01247996 -0.05431896 0.01788598 -0.01220798 -0.05401295 0.01511496 -0.01199996 -0.05349999 0.01511496 -0.01220095 -0.05425 0.01511496 -0.01274996 -0.05479896 0.01289194 -0.01199996 -0.05389195 0.01093697 -0.01199996 -0.05502098 0.00948596 -0.01199996 -0.05674999 0.008712947 -0.01199996 -0.05887097 0.008712947 -0.01199996 -0.06112897 0.00948596 -0.01199996 -0.06325 0.01093697 -0.01199996 -0.06497895 0.01289194 -0.01199996 -0.06610798 0.01511496 -0.01199996 -0.0665 0.01511496 -0.01220095 -0.06575 0.01511496 -0.01274996 -0.06520098 0.01314795 -0.01220095 -0.05459696 0.013336 -0.01274996 -0.05511295 0.01141899 -0.01220095 -0.05559498 0.01177197 -0.01274996 -0.05601596 0.01013499 -0.01220095 -0.05712497 0.01061099 -0.01274996 -0.05739998 0.009451985 -0.01220095 -0.05900198 0.009992957 -0.01274996 -0.05909699 0.009451985 -0.01220095 -0.06099796 0.009992957 -0.01274996 -0.06090295 0.01013499 -0.01220095 -0.06287497 0.01061099 -0.01274996 -0.06259995 0.01141899 -0.01220095 -0.06440496 0.01177197 -0.01274996 -0.06398397 0.01314795 -0.01220095 -0.06540298 0.013336 -0.01274996 -0.06488698 0.01649099 -0.01199996 -0.0665 0.01649099 -0.01220095 -0.06575 0.01649099 -0.01274996 -0.06520098 0.01706796 -0.01199996 -0.06661599 0.01755499 -0.01199996 -0.066944 0.01787799 -0.01199996 -0.06743496 0.017991 -0.01199996 -0.06801199 0.01874095 -0.01220095 -0.06801795 0.01928997 -0.01274996 -0.06802195 0.01743996 -0.01204299 -0.06641095 0.01903796 -0.01310497 -0.06652998 0.01698297 -0.01204299 -0.06621599 0.01709097 -0.01220798 -0.06582498 0.01718199 -0.01247996 -0.06549495 0.01723295 -0.01273697 -0.06531 0.01727396 -0.01310497 -0.06516098 0.01764798 -0.01220798 -0.06606298 0.01782399 -0.01247996 -0.06576895 0.01792198 -0.01273697 -0.06560295 0.01800197 -0.01310497 -0.06547099 0.01809096 -0.01204299 -0.06707596 0.01844197 -0.01220798 -0.06687396 0.01873797 -0.01247996 -0.06670296 0.01890397 -0.01273697 -0.06660699 0.01850295 -0.01310497 -0.06584799 0.01839697 -0.01273697 -0.065961 0.01826596 -0.01247996 -0.06610196 0.01803195 -0.01220798 -0.066352 0.01775497 -0.01204299 -0.066648 0.01829296 -0.01204299 -0.06758296 0.01868695 -0.01220798 -0.067492 0.01902097 -0.01247996 -0.06741499 0.01920795 -0.01273697 -0.06737196 0.01935797 -0.01310497 -0.06733697 0.02207696 -0.01199996 -0.141824 0.02282196 -0.01220095 -0.141736 0.02336698 -0.01274996 -0.141672 0.01798397 -0.01199996 -0.07555198 0.01826 -0.01199996 -0.09019595 0.01889395 -0.01199996 -0.104833 0.01998096 -0.01199996 -0.120789 0.01944196 -0.013152 -0.07554399 0.019584 -0.013152 -0.08528095 0.02083897 -0.013152 -0.112716 0.022385 -0.013152 -0.131174 0.02222096 -0.01274496 -0.13119 0.02194899 -0.01240098 -0.131217 0.02169597 -0.01220995 -0.131242 0.02132898 -0.01205396 -0.131279 0.020675 -0.01274496 -0.112727 0.02040296 -0.01240098 -0.112746 0.02014899 -0.01220995 -0.112763 0.01978099 -0.01205396 -0.112788 0.02037596 -0.01205396 -0.120756 0.02074396 -0.01220995 -0.120726 0.020998 -0.01240098 -0.120706 0.02126896 -0.01274496 -0.120684 0.02143394 -0.013152 -0.12067 0.01988899 -0.013152 -0.09501898 0.01972496 -0.01274496 -0.09502595 0.01945197 -0.01240098 -0.09503597 0.019198 -0.01220995 -0.09504598 0.01882898 -0.01205396 -0.095061 0.01929098 -0.01205396 -0.104811 0.01965898 -0.01220995 -0.104791 0.01991295 -0.01240098 -0.104777 0.02018499 -0.01274496 -0.104762 0.02034997 -0.013152 -0.104753 0.01943498 -0.013152 -0.07052999 0.01927 -0.01274496 -0.07052898 0.01899695 -0.01240098 -0.07052797 0.01874297 -0.01220995 -0.07052695 0.01837396 -0.01205396 -0.070526 0.01838099 -0.01205396 -0.07554996 0.01874995 -0.01220995 -0.07554799 0.01900398 -0.01240098 -0.07554596 0.01927697 -0.01274496 -0.07554399 0.01852399 -0.01205396 -0.08530598 0.01889199 -0.01220995 -0.08529698 0.01914697 -0.01240098 -0.08529096 0.01941996 -0.01274496 -0.085285 0.022017 -0.01199996 -0.142451 0.02170795 -0.01199996 -0.142996 0.0212 -0.01199996 -0.143365 0.02058696 -0.01199996 -0.1435 0.02058696 -0.01220095 -0.14425 0.02058696 -0.01274996 -0.1447989 0.022246 -0.01204395 -0.142823 0.02322596 -0.01310497 -0.14331 0.02241098 -0.01204395 -0.142316 0.02280998 -0.01220798 -0.142386 0.02314698 -0.01247996 -0.142444 0.02333694 -0.01273798 -0.142477 0.02348899 -0.01310497 -0.142503 0.02260899 -0.01220798 -0.143004 0.022915 -0.01247996 -0.143156 0.02308797 -0.01273798 -0.143241 0.02157998 -0.01204395 -0.143558 0.021797 -0.01220798 -0.143899 0.02197998 -0.01247996 -0.144187 0.02208298 -0.01273798 -0.144349 0.02216595 -0.01310497 -0.144479 0.02286499 -0.01310497 -0.143867 0.02274596 -0.01273798 -0.143769 0.02259695 -0.01247996 -0.143647 0.02233296 -0.01220798 -0.1434299 0.02201896 -0.01204395 -0.143173 0.021043 -0.01204395 -0.143792 0.02114295 -0.01220798 -0.1441839 0.021227 -0.01247996 -0.144515 0.02127397 -0.01273798 -0.144702 0.02131199 -0.01310497 -0.144851 0.02007198 -0.01199996 -0.1435 0.02007198 -0.01220095 -0.14425 0.02007198 -0.01274996 -0.1447989 0.01784896 -0.01199996 -0.143892 0.01589399 -0.01199996 -0.145021 0.01444298 -0.01199996 -0.14675 0.01367098 -0.01199996 -0.148871 0.01367098 -0.01199996 -0.151129 0.01444298 -0.01199996 -0.15325 0.01589399 -0.01199996 -0.154979 0.01784896 -0.01199996 -0.156108 0.02007198 -0.01199996 -0.1565 0.02007198 -0.01220095 -0.15575 0.02007198 -0.01274996 -0.155201 0.01810497 -0.01220095 -0.1445969 0.01829296 -0.01274996 -0.145113 0.01637595 -0.01220095 -0.145595 0.01672899 -0.01274996 -0.146016 0.01509195 -0.01220095 -0.147125 0.01556795 -0.01274996 -0.1474 0.01440894 -0.01220095 -0.149002 0.01494997 -0.01274996 -0.149097 0.01440894 -0.01220095 -0.1509979 0.01494997 -0.01274996 -0.150903 0.01509195 -0.01220095 -0.152875 0.01556795 -0.01274996 -0.1526 0.01637595 -0.01220095 -0.1544049 0.01672899 -0.01274996 -0.153984 0.01810497 -0.01220095 -0.155403 0.01829296 -0.01274996 -0.154887 0.02270895 -0.01199996 -0.1565 0.02270895 -0.01220095 -0.15575 0.02270895 -0.01274996 -0.155201 0.02323096 -0.01199996 -0.156596 0.02368795 -0.01199996 -0.156865 0.02402299 -0.01199996 -0.157277 0.02419298 -0.01199996 -0.157781 0.02493494 -0.01220095 -0.157671 0.025478 -0.01274996 -0.157591 0.02319496 -0.01204299 -0.156216 0.02330195 -0.01220798 -0.155825 0.02339196 -0.01247996 -0.155495 0.02344197 -0.01273697 -0.15531 0.02348297 -0.01310497 -0.15516 0.02364796 -0.01204299 -0.156408 0.02385395 -0.01220798 -0.156058 0.024028 -0.01247996 -0.155764 0.02412497 -0.01273697 -0.155598 0.02420395 -0.01310497 -0.155465 0.02396398 -0.01204299 -0.156641 0.02423995 -0.01220798 -0.156343 0.02447199 -0.01247996 -0.156091 0.02460294 -0.01273697 -0.15595 0.02470797 -0.01310497 -0.155836 0.02445298 -0.01204299 -0.1573809 0.02483499 -0.01220798 -0.1572459 0.02515798 -0.01247996 -0.157131 0.02533894 -0.01273697 -0.157067 0.02548497 -0.01310497 -0.157015 0.027803 -0.01199996 -0.178959 0.02853995 -0.01220095 -0.178817 0.02907896 -0.01274996 -0.178712 0.02461898 -0.01199996 -0.160611 0.02506297 -0.01199996 -0.163439 0.02636998 -0.01199996 -0.17121 0.02723598 -0.013152 -0.167668 0.02707397 -0.01274496 -0.167695 0.02680498 -0.01240098 -0.167741 0.02655398 -0.01220995 -0.167783 0.02618998 -0.01205396 -0.167845 0.02545398 -0.01205396 -0.163376 0.02581799 -0.01220995 -0.163318 0.02606999 -0.01240098 -0.163278 0.02633899 -0.01274496 -0.163235 0.02650195 -0.013152 -0.163209 0.027875 -0.01199996 -0.180092 0.02766299 -0.01199996 -0.181207 0.02717697 -0.01199996 -0.182232 0.02645099 -0.01199996 -0.183104 0.02552998 -0.01199996 -0.183768 0.02447199 -0.01199996 -0.1841779 0.02334499 -0.01199996 -0.184311 0.02221995 -0.01199996 -0.184159 0.022026 -0.01220095 -0.184884 0.02188396 -0.01274996 -0.185414 0.02823197 -0.01204299 -0.179935 0.028638 -0.01220798 -0.179946 0.02898097 -0.01247996 -0.179954 0.02917295 -0.01273697 -0.1799589 0.02932798 -0.01310396 -0.1799629 0.02809399 -0.01204299 -0.1809729 0.02848798 -0.01220798 -0.18107 0.02882099 -0.01247996 -0.181152 0.02900695 -0.01273697 -0.181198 0.02915799 -0.01310396 -0.181235 0.02787595 -0.01204299 -0.181645 0.028252 -0.01220798 -0.181798 0.02856898 -0.01247996 -0.181928 0.02874696 -0.01273697 -0.182 0.02889096 -0.01310396 -0.182059 0.02722299 -0.01204299 -0.182775 0.02754396 -0.01220798 -0.183023 0.02781599 -0.01247996 -0.183232 0.02796697 -0.01273697 -0.18335 0.02809 -0.01310396 -0.183444 0.02629399 -0.01204299 -0.183693 0.02653795 -0.01220798 -0.184018 0.02674299 -0.01247996 -0.184292 0.02685797 -0.01273697 -0.184446 0.02695095 -0.01310396 -0.18457 0.02515298 -0.01204299 -0.184329 0.02530097 -0.01220798 -0.184707 0.02542597 -0.01247996 -0.185026 0.025496 -0.01273697 -0.185205 0.02555197 -0.01310396 -0.185349 0.02388298 -0.01204299 -0.184635 0.023925 -0.01220798 -0.185039 0.02395999 -0.01247996 -0.18538 0.02397996 -0.01273697 -0.18557 0.02399599 -0.01310396 -0.185725 0.01169896 -0.01199996 -0.18134 0.01150494 -0.01220095 -0.182065 0.01136195 -0.01274996 -0.182595 0.01130998 -0.01349997 -0.182789 -0.01130998 -0.03399997 -0.182789 -0.01130998 -0.01349997 -0.182789 -0.005999982 -0.023 -0.1817139 -0.002005994 -0.023 -0.1813459 0.002005994 -0.023 -0.1813459 0.005999982 -0.023 -0.1817139 0.01130998 -0.03399997 -0.182789 0.005703985 -0.03399997 -0.181674 0 -0.03399997 -0.1813 -0.005703985 -0.03399997 -0.181674 -0.01136195 -0.01274996 -0.182595 -0.01150494 -0.01220095 -0.182065 -0.01169896 -0.01199996 -0.18134 -0.01351195 -0.01799994 -0.1870999 -0.01441198 -0.01799994 -0.186859 -0.01506996 -0.01799994 -0.1862 -0.01531195 -0.01799994 -0.1852999 -0.01506996 -0.01799994 -0.1844 -0.01441198 -0.01799994 -0.183741 -0.01351195 -0.01799994 -0.1835 -0.01261198 -0.01799994 -0.183741 -0.01195299 -0.01799994 -0.1844 -0.01171195 -0.01799994 -0.1852999 -0.01195299 -0.01799994 -0.1862 -0.01261198 -0.01799994 -0.186859 0.01351195 -0.01799994 -0.1870999 0.01261198 -0.01799994 -0.186859 0.01195299 -0.01799994 -0.1862 0.01171195 -0.01799994 -0.1852999 0.01195299 -0.01799994 -0.1844 0.01261198 -0.01799994 -0.183741 0.01351195 -0.01799994 -0.1835 0.01441198 -0.01799994 -0.183741 0.01506996 -0.01799994 -0.1844 0.01531195 -0.01799994 -0.1852999 0.01506996 -0.01799994 -0.1862 0.01441198 -0.01799994 -0.186859 -0.01110899 -0.01199996 -0.181186 -0.010517 -0.01199996 -0.18104 -0.009922981 -0.01199996 -0.180903 -0.009326994 -0.01199996 -0.179274 -0.008210957 -0.01199996 -0.177946 -0.006707966 -0.01199996 -0.17708 -0.004999995 -0.01199996 -0.176779 0.004999995 -0.01199996 -0.176779 0.006707966 -0.01199996 -0.17708 0.008210957 -0.01199996 -0.177946 0.009326994 -0.01199996 -0.179274 0.009922981 -0.01199996 -0.180903 0.010517 -0.01199996 -0.18104 0.01110899 -0.01199996 -0.181186 0.00999999 -0.01225495 -0.181779 0.00999999 -0.01279497 -0.182278 0.00999999 -0.01349997 -0.18246 0.01043796 -0.01349997 -0.182565 0.01087498 -0.01349997 -0.182675 0.009981989 -0.01206296 -0.181358 0.00752598 -0.02269697 -0.181953 0.00882095 -0.02183496 -0.1822 0.009691953 -0.02053999 -0.182388 0.00999999 -0.01899999 -0.18246 -0.00999999 -0.01899999 -0.18246 -0.009691953 -0.02053999 -0.182388 -0.00882095 -0.02183496 -0.1822 -0.00752598 -0.02269697 -0.181953 -0.00999999 -0.01349997 -0.18246 -0.01043796 -0.01349997 -0.182565 -0.01087498 -0.01349997 -0.182675 -0.00999999 -0.01225495 -0.181779 -0.009981989 -0.01206398 -0.1813589 -0.00999999 -0.01279497 -0.182278 0.001649975 -0.002999961 -0.259 0.001428961 -0.002999961 -0.259825 8.25e-4 -0.002999961 -0.260429 0 -0.002999961 -0.26065 -8.25e-4 -0.002999961 -0.260429 -0.001428961 -0.002999961 -0.259825 -0.001649975 -0.002999961 -0.259 -0.001428961 -0.002999961 -0.258175 -8.25e-4 -0.002999961 -0.257571 0 -0.002999961 -0.25735 8.25e-4 -0.002999961 -0.257571 0.001428961 -0.002999961 -0.258175 -0.02779495 -0.002999961 -0.242 -0.02801597 -0.002999961 -0.242825 -0.02862 -0.002999961 -0.243429 -0.02944499 -0.002999961 -0.24365 -0.03026998 -0.002999961 -0.243429 -0.03087395 -0.002999961 -0.242825 -0.03109496 -0.002999961 -0.242 -0.03087395 -0.002999961 -0.2411749 -0.03026998 -0.002999961 -0.240571 -0.02944499 -0.002999961 -0.24035 -0.02862 -0.002999961 -0.240571 -0.02801597 -0.002999961 -0.2411749 -0.02779495 -0.002999961 -0.208 -0.02801597 -0.002999961 -0.208825 -0.02862 -0.002999961 -0.209429 -0.02944499 -0.002999961 -0.20965 -0.03026998 -0.002999961 -0.209429 -0.03087395 -0.002999961 -0.208825 -0.03109496 -0.002999961 -0.208 -0.03087395 -0.002999961 -0.207175 -0.03026998 -0.002999961 -0.206571 -0.02944499 -0.002999961 -0.20635 -0.02862 -0.002999961 -0.206571 -0.02801597 -0.002999961 -0.207175 -0.01351195 -0.007999956 -0.1870999 -0.01441198 -0.007999956 -0.186859 -0.01506996 -0.007999956 -0.1862 -0.01531195 -0.007999956 -0.1852999 -0.01506996 -0.007999956 -0.1844 -0.01441198 -0.007999956 -0.183741 -0.01351195 -0.007999956 -0.1835 -0.01261198 -0.007999956 -0.183741 -0.01195299 -0.007999956 -0.1844 -0.01171195 -0.007999956 -0.1852999 -0.01195299 -0.007999956 -0.1862 -0.01261198 -0.007999956 -0.186859 0.01351195 -0.007999956 -0.1870999 0.01261198 -0.007999956 -0.186859 0.01195299 -0.007999956 -0.1862 0.01171195 -0.007999956 -0.1852999 0.01195299 -0.007999956 -0.1844 0.01261198 -0.007999956 -0.183741 0.01351195 -0.007999956 -0.1835 0.01441198 -0.007999956 -0.183741 0.01506996 -0.007999956 -0.1844 0.01531195 -0.007999956 -0.1852999 0.01506996 -0.007999956 -0.1862 0.01441198 -0.007999956 -0.186859 -0.00999999 -0.007999956 -0.181779 -0.009618997 -0.007999956 -0.179865 -0.008535981 -0.007999956 -0.178243 -0.006912946 -0.007999956 -0.177159 -0.004999995 -0.007999956 -0.176779 0.004999995 -0.007999956 -0.176779 0.006912946 -0.007999956 -0.177159 0.008535981 -0.007999956 -0.178243 0.009618997 -0.007999956 -0.179865 0.00999999 -0.007999956 -0.181779 0.03109496 -0.002999961 -0.208 0.03087395 -0.002999961 -0.208825 0.03026998 -0.002999961 -0.209429 0.02944499 -0.002999961 -0.20965 0.02862 -0.002999961 -0.209429 0.02801597 -0.002999961 -0.208825 0.02779495 -0.002999961 -0.208 0.02801597 -0.002999961 -0.207175 0.02862 -0.002999961 -0.206571 0.02944499 -0.002999961 -0.20635 0.03026998 -0.002999961 -0.206571 0.03087395 -0.002999961 -0.207175 0.00999999 -0.007999956 -0.1977789 -0.00999999 -0.007999956 -0.1977789 0.03109496 -0.002999961 -0.242 0.03087395 -0.002999961 -0.242825 0.03026998 -0.002999961 -0.243429 0.02944499 -0.002999961 -0.24365 0.02862 -0.002999961 -0.243429 0.02801597 -0.002999961 -0.242825 0.02779495 -0.002999961 -0.242 0.02801597 -0.002999961 -0.2411749 0.02862 -0.002999961 -0.240571 0.02944499 -0.002999961 -0.24035 0.03026998 -0.002999961 -0.240571 0.03087395 -0.002999961 -0.2411749 0.002999961 -0.002999961 -0.259 0.002597987 -0.002999961 -0.2605 0.00149995 -0.002999961 -0.261598 0 -0.002999961 -0.262 -0.00149995 -0.002999961 -0.261598 -0.002597987 -0.002999961 -0.2605 -0.002999961 -0.002999961 -0.259 -0.002597987 -0.002999961 -0.2575 -0.00149995 -0.002999961 -0.256402 0 -0.002999961 -0.256 0.00149995 -0.002999961 -0.256402 0.002597987 -0.002999961 -0.2575 -0.02644497 -0.002999961 -0.242 -0.026847 -0.002999961 -0.2434999 -0.02794498 -0.002999961 -0.244598 -0.02944499 -0.002999961 -0.245 -0.030945 -0.002999961 -0.244598 -0.03204298 -0.002999961 -0.2434999 -0.03244495 -0.002999961 -0.242 -0.03204298 -0.002999961 -0.2405 -0.030945 -0.002999961 -0.2394019 -0.02944499 -0.002999961 -0.239 -0.02794498 -0.002999961 -0.2394019 -0.026847 -0.002999961 -0.2405 -0.02644497 -0.002999961 -0.208 -0.026847 -0.002999961 -0.2095 -0.02794498 -0.002999961 -0.210598 -0.02944499 -0.002999961 -0.211 -0.030945 -0.002999961 -0.210598 -0.03204298 -0.002999961 -0.2095 -0.03244495 -0.002999961 -0.208 -0.03204298 -0.002999961 -0.2064999 -0.030945 -0.002999961 -0.205402 -0.02944499 -0.002999961 -0.205 -0.02794498 -0.002999961 -0.205402 -0.026847 -0.002999961 -0.2064999 -0.01417297 -0.007999956 -0.199699 -0.017991 -0.007999956 -0.202255 -0.02135699 -0.007999956 -0.205382 -0.01716595 -0.007999956 -0.181611 -0.016478 -0.007999956 -0.179493 -0.01523196 -0.007999956 -0.1776469 -0.01352697 -0.007999956 -0.176216 -0.01149195 -0.007999956 -0.17531 -0.009286999 -0.007999956 -0.175 0.009286999 -0.007999956 -0.175 0.01149195 -0.007999956 -0.17531 0.01352697 -0.007999956 -0.176216 0.01523196 -0.007999956 -0.1776469 0.016478 -0.007999956 -0.179493 0.01716595 -0.007999956 -0.181611 0.02135699 -0.007999956 -0.205382 0.017991 -0.007999956 -0.202255 0.01417297 -0.007999956 -0.199699 0.03244495 -0.002999961 -0.208 0.03204298 -0.002999961 -0.2095 0.030945 -0.002999961 -0.210598 0.02944499 -0.002999961 -0.211 0.02794498 -0.002999961 -0.210598 0.026847 -0.002999961 -0.2095 0.02644497 -0.002999961 -0.208 0.026847 -0.002999961 -0.2064999 0.02794498 -0.002999961 -0.205402 0.02944499 -0.002999961 -0.205 0.030945 -0.002999961 -0.205402 0.03204298 -0.002999961 -0.2064999 0.02135699 -0.002499997 -0.205382 0.02449297 -0.002499997 -0.209473 0.02685499 -0.002499997 -0.214055 0.02836894 -0.002499997 -0.218982 0.02898597 -0.002499997 -0.2240999 0.02868795 -0.002499997 -0.229246 0.02748298 -0.002499997 -0.2342579 0.02540999 -0.002499997 -0.238977 0.02253395 -0.002499997 -0.243255 0.01894599 -0.002499997 -0.246956 0.014759 -0.002499997 -0.249963 0.01010596 -0.002499997 -0.252182 0.005133986 -0.002499997 -0.253542 0 -0.002499997 -0.254 -0.005133986 -0.002499997 -0.253542 -0.01010596 -0.002499997 -0.252182 -0.014759 -0.002499997 -0.249963 -0.01894599 -0.002499997 -0.246956 -0.02253395 -0.002499997 -0.243255 -0.02540999 -0.002499997 -0.238977 -0.02748298 -0.002499997 -0.2342579 -0.02868795 -0.002499997 -0.229246 -0.02898597 -0.002499997 -0.2240999 -0.02836894 -0.002499997 -0.218982 -0.02685499 -0.002499997 -0.214055 -0.02449297 -0.002499997 -0.209473 -0.02135699 -0.002499997 -0.205382 0.03244495 -0.002999961 -0.242 0.03204298 -0.002999961 -0.2434999 0.030945 -0.002999961 -0.244598 0.02944499 -0.002999961 -0.245 0.02794498 -0.002999961 -0.244598 0.026847 -0.002999961 -0.2434999 0.02644497 -0.002999961 -0.242 0.026847 -0.002999961 -0.2405 0.02794498 -0.002999961 -0.2394019 0.02944499 -0.002999961 -0.239 0.030945 -0.002999961 -0.2394019 0.03204298 -0.002999961 -0.2405 0.001595973 0 -0.25646 0.002641975 0 -0.257578 0.002998948 0 -0.259067 0.00257498 0 -0.260539 0.001480996 0 -0.261609 0 0 -0.262 -0.001480996 0 -0.261609 -0.00257498 0 -0.260539 -0.002998948 0 -0.259067 -0.002641975 0 -0.257578 -0.001595973 0 -0.25646 -8.5e-4 -3.65e-4 -0.256123 0 -5e-4 -0.256 8.5e-4 -3.65e-4 -0.256123 -0.02804297 0 -0.2393479 -0.02737897 -3.65e-4 -0.239825 -0.026847 -5e-4 -0.2405 -0.026528 -3.65e-4 -0.241298 -0.02644699 0 -0.242112 -0.02689296 0 -0.243577 -0.02800297 0 -0.244631 -0.02948999 0 -0.245 -0.03096395 0 -0.244587 -0.03204298 0 -0.2434999 -0.03244495 0 -0.242022 -0.03206497 0 -0.240539 -0.03100299 0 -0.239436 -0.02953398 0 -0.239001 -0.02644699 0 -0.207888 -0.026528 -3.65e-4 -0.208702 -0.026847 -5e-4 -0.2095 -0.02737897 -3.65e-4 -0.210175 -0.02804297 0 -0.2106519 -0.02953398 0 -0.210999 -0.03100299 0 -0.210564 -0.03206497 0 -0.209461 -0.03244495 0 -0.207978 -0.03204298 0 -0.2064999 -0.03096395 0 -0.205413 -0.02948999 0 -0.205 -0.02800297 0 -0.2053689 -0.02689296 0 -0.206423 -0.02061694 0 -0.201184 -0.01716595 0 -0.181611 -0.016478 0 -0.179493 -0.01523196 0 -0.1776469 -0.01352697 0 -0.176216 -0.01149195 0 -0.17531 -0.009286999 0 -0.175 0.009286999 0 -0.175 0.01149195 0 -0.17531 0.01352697 0 -0.176216 0.01523196 0 -0.1776469 0.016478 0 -0.179493 0.01716595 0 -0.181611 0.02061694 0 -0.201184 0.02644699 0 -0.207888 0.02689296 0 -0.206423 0.02800297 0 -0.2053689 0.02948999 0 -0.205 0.03096395 0 -0.205413 0.03204298 0 -0.2064999 0.03244495 0 -0.207978 0.03206497 0 -0.209461 0.03100299 0 -0.210564 0.02953398 0 -0.210999 0.02804297 0 -0.2106519 0.02737897 -3.65e-4 -0.210175 0.026847 -5e-4 -0.2095 0.026528 -3.65e-4 -0.208702 0.02804297 0 -0.2393479 0.02737897 -3.65e-4 -0.239825 0.026847 -5e-4 -0.2405 0.026528 -3.65e-4 -0.241298 0.02644699 0 -0.242112 0.02343297 0 -0.246051 0.01983696 0 -0.249469 0.01574999 0 -0.25228 0.01127195 0 -0.254414 0.006514966 0 -0.255819 -0.006514966 0 -0.255819 -0.01127195 0 -0.254414 -0.01574999 0 -0.25228 -0.01983696 0 -0.249469 -0.02343297 0 -0.246051 -0.02994698 0 -0.234768 -0.03110897 0 -0.229945 -0.03149998 0 -0.225 -0.03110897 0 -0.220055 -0.02994698 0 -0.215232 -0.02471798 0 -0.205473 -0.02276897 0 -0.203232 0.02276897 0 -0.203232 0.02471798 0 -0.205473 0.02994698 0 -0.215232 0.03110897 0 -0.220055 0.03149998 0 -0.225 0.03110897 0 -0.229945 0.02994698 0 -0.234768 0.02953398 0 -0.239001 0.03100299 0 -0.239436 0.03206497 0 -0.240539 0.03244495 0 -0.242022 0.03204298 0 -0.2434999 0.03096395 0 -0.244587 0.02948999 0 -0.245 0.02800297 0 -0.244631 0.02689296 0 -0.243577 0.02749997 0 0 0.027269 0 -0.003867983 0.02667498 0 -0.008132994 0.02628195 0 -0.01056897 0.025846 0 -0.01327496 0.02537995 0 -0.01629197 0.02489799 0 -0.01964998 0.024544 0 -0.02232795 0.02400195 0 -0.02690696 0.02348899 0 -0.03194099 0.02302199 0 -0.03739398 0.02261698 0 -0.04322296 0.02259999 0 -0.04348695 0.02220898 0 -0.05110394 0.02193999 0 -0.05905097 0.02178394 0 -0.07539999 0.02178394 0 -0.07552897 0.02206295 0 -0.09017896 0.02268898 0 -0.104624 0.02376794 0 -0.12048 0.02377396 0 -0.120553 0.024782 0 -0.1315979 0.02597296 0 -0.142404 0.02732497 0 -0.152855 0.02881497 0 -0.1628389 0.02885699 0 -0.163101 0.03011494 0 -0.170565 0.03141897 0 -0.177637 0.032745 0 -0.184299 0.03406995 0 -0.190527 0.035694 0 -0.197727 0.03750497 0 -0.205548 0.03902697 0 -0.212529 0.040093 0 -0.218904 0.04049998 0 -0.225 0.040048 0 -0.231036 0.03870099 0 -0.2369379 0.03648895 0 -0.242572 0.033463 0 -0.2478139 0.02968895 0 -0.252547 0.02525097 0 -0.256664 0.02024996 0 -0.260074 0.01479595 0 -0.2627 0.009011983 0 -0.264485 0.003026962 0 -0.265387 -0.003026962 0 -0.265387 -0.009011983 0 -0.264485 -0.01479595 0 -0.2627 -0.02024996 0 -0.260074 -0.02525097 0 -0.256664 -0.02968895 0 -0.252547 -0.033463 0 -0.2478139 -0.03648895 0 -0.242572 -0.03870099 0 -0.2369379 -0.040048 0 -0.231036 -0.04049998 0 -0.225 -0.040093 0 -0.218899 -0.03902697 0 -0.212527 -0.03750497 0 -0.205547 -0.035694 0 -0.197727 -0.03406995 0 -0.190527 -0.032745 0 -0.184299 -0.03141897 0 -0.177637 -0.03011494 0 -0.170565 -0.02885699 0 -0.163101 -0.02881497 0 -0.1628389 -0.02732497 0 -0.152855 -0.02597296 0 -0.142404 -0.024782 0 -0.1315979 -0.02377396 0 -0.120553 -0.02376794 0 -0.12048 -0.02268898 0 -0.104624 -0.02206295 0 -0.09017896 -0.02178394 0 -0.07552897 -0.02178394 0 -0.07539999 -0.02193999 0 -0.05905097 -0.02220797 0 -0.05110394 -0.02259999 0 -0.04348695 -0.02261698 0 -0.04322296 -0.02302199 0 -0.03739398 -0.02348899 0 -0.03194099 -0.02400195 0 -0.02690696 -0.024544 0 -0.02232795 -0.02489799 0 -0.01964998 -0.02537995 0 -0.01629197 -0.025846 0 -0.01327496 -0.02628195 0 -0.01056897 -0.02667498 0 -0.008132994 -0.027269 0 -0.003867983 -0.02749997 0 0 -0.02703195 0 0.005052983 -0.02564299 0 0.009933948 -0.02338099 0 0.01447695 -0.02032297 0 0.01852697 -0.01657199 0 0.02194499 -0.01225799 0 0.02461695 -0.00752598 0 0.02644997 -0.002536952 0 0.02738296 0.002536952 0 0.02738296 0.00752598 0 0.02644997 0.01225799 0 0.02461695 0.01657199 0 0.02194499 0.02032297 0 0.01852697 0.02338099 0 0.01447695 0.02564299 0 0.009933948 0.02703195 0 0.005052983 -0.04395997 -0.006333947 -0.225 -0.04354298 -0.006339967 -0.21855 -0.04249697 -0.006330966 -0.211976 -0.04107397 -0.006299972 -0.204962 -0.03943198 -0.006257951 -0.197218 -0.03795999 -0.006213963 -0.190024 -0.03598999 -0.006143987 -0.179553 -0.03504496 -0.006107985 -0.174084 -0.03411698 -0.006070971 -0.168364 -0.03321599 -0.00603497 -0.162402 -0.03208899 -0.005990982 -0.1542519 -0.03106498 -0.005953967 -0.146051 -0.02926695 -0.005901992 -0.128949 -0.02801299 -0.005879998 -0.113356 -0.02707499 -0.005870997 -0.09618598 -0.02654194 -0.005885958 -0.07550096 -0.02654796 -0.005920946 -0.062379 -0.02683496 -0.005973994 -0.04975897 -0.02709394 -0.006005942 -0.04349899 -0.02763396 -0.006057977 -0.03445297 -0.02812397 -0.006097972 -0.02833098 -0.02866095 -0.006133973 -0.02284997 -0.02899795 -0.006154954 -0.01986199 -0.02940195 -0.006176948 -0.01661795 -0.029796 -0.006198942 -0.01369297 -0.03052496 -0.006234943 -0.00862497 -0.03109198 -0.006244957 -0.004209995 -0.03133195 -0.00623697 0 -0.02910596 -0.003122985 -0.004698991 -0.02824097 -0.003109991 -0.01072895 -0.02664297 -0.003068983 -0.02224898 -0.02507597 -0.002937972 -0.104493 -0.02613896 -0.002943992 -0.120287 -0.02985095 -0.002995967 -0.154573 -0.03099697 -0.003016948 -0.16249 -0.03430497 -0.003077983 -0.181721 -0.03654998 -0.003114998 -0.1928 -0.04219299 -0.003167986 -0.223178 -0.04162895 -0.003170967 -0.217311 -0.04055595 -0.003163993 -0.211206 -0.03914797 -0.003147959 -0.204605 -0.03752797 -0.003127992 -0.197304 -0.03605198 -0.003106951 -0.190443 -0.03598195 -0.003105998 -0.190108 -0.03296899 -0.003053963 -0.17447 -0.03166699 -0.003029942 -0.166766 -0.03103697 -0.003017961 -0.162751 -0.02878099 -0.002976953 -0.146342 -0.02779895 -0.002961993 -0.137857 -0.02638798 -0.002945959 -0.12331 -0.02524697 -0.002937972 -0.1075 -0.02468299 -0.002935945 -0.09628498 -0.024212 -0.002939999 -0.07970196 -0.02416199 -0.002942979 -0.07538598 -0.02420794 -0.002960979 -0.06233495 -0.024441 -0.002979993 -0.05276095 -0.02484095 -0.003001987 -0.04362398 -0.02485597 -0.003002941 -0.04336094 -0.02504098 -0.003011941 -0.04022598 -0.025581 -0.003033995 -0.03284198 -0.02620398 -0.003054976 -0.02619194 -0.02660298 -0.003066956 -0.02258896 -0.02692794 -0.003075957 -0.01992899 -0.02725195 -0.003084957 -0.01747494 -0.02783799 -0.003099977 -0.01337796 -0.02860897 -0.003117978 -0.008320987 -0.02933198 -0.003120958 -0.002332985 0.03133195 -0.00623697 0 -0.03085595 -0.00623697 0.00544095 -0.02944195 -0.00623697 0.01071596 -0.027134 -0.00623697 0.01566594 -0.024001 -0.00623697 0.02013999 -0.02013999 -0.00623697 0.024001 -0.01566594 -0.00623697 0.027134 -0.01071596 -0.00623697 0.02944195 -0.00544095 -0.00623697 0.03085595 0 -0.00623697 0.03133195 0.00544095 -0.00623697 0.03085595 0.01071596 -0.00623697 0.02944195 0.01566594 -0.00623697 0.027134 0.02013999 -0.00623697 0.024001 0.024001 -0.00623697 0.02013999 0.027134 -0.00623697 0.01566594 0.02944195 -0.00623697 0.01071596 0.03085595 -0.00623697 0.00544095 0.04395997 -0.006333947 -0.225 0.03109198 -0.006244957 -0.004209995 0.03052496 -0.006234943 -0.008623957 0.029796 -0.006198942 -0.01369297 0.02940195 -0.006176948 -0.01661795 0.02899795 -0.006154954 -0.01986199 0.02866095 -0.006133973 -0.02284997 0.02812397 -0.006097972 -0.02833098 0.02763396 -0.006057977 -0.03445297 0.02709394 -0.006005942 -0.04349899 0.02665698 -0.00594598 -0.05598998 0.02654194 -0.005885958 -0.07550096 0.02707499 -0.005870997 -0.09618598 0.02801299 -0.005879998 -0.113356 0.02926695 -0.005901992 -0.128949 0.03106498 -0.005953967 -0.146051 0.03208899 -0.005990982 -0.1542519 0.03321599 -0.00603497 -0.162402 0.03411698 -0.006070971 -0.168364 0.03504496 -0.006107985 -0.174084 0.03598999 -0.006143987 -0.179553 0.03795999 -0.006213963 -0.190024 0.03943198 -0.006257951 -0.197218 0.04107397 -0.006299972 -0.204961 0.04249697 -0.006330966 -0.211975 0.04326599 -0.006339967 -0.216502 0.04354196 -0.006339967 -0.218547 0.02910697 -0.003122985 -0.004698991 0.02692794 -0.00307697 -0.01992899 0.02504098 -0.003011941 -0.04022598 0.024643 -0.002991974 -0.04761397 0.02417999 -0.002956986 -0.06449699 0.02507597 -0.002937972 -0.104493 0.02613896 -0.002943992 -0.120287 0.03430497 -0.003077983 -0.181721 0.03654998 -0.003114998 -0.1928 0.041821 -0.003170967 -0.218758 0.04107099 -0.003167986 -0.213899 0.04005599 -0.003158986 -0.208784 0.03885495 -0.003144979 -0.203285 0.03752797 -0.003127992 -0.197304 0.03598195 -0.003105998 -0.190108 0.03296995 -0.003053963 -0.17447 0.03166699 -0.003029942 -0.166766 0.03099697 -0.003016948 -0.16249 0.03103697 -0.003017961 -0.162751 0.02985095 -0.002995967 -0.154573 0.02878099 -0.002976953 -0.146342 0.02779895 -0.002961993 -0.137857 0.02638798 -0.002945959 -0.12331 0.02524697 -0.002938985 -0.1075 0.02468299 -0.002935945 -0.09628498 0.024212 -0.002939999 -0.07970196 0.02416199 -0.002943992 -0.07538598 0.02434498 -0.00297296 -0.05591595 0.02485597 -0.003002941 -0.04336094 0.02484095 -0.003002941 -0.04362398 0.025581 -0.003033995 -0.03284198 0.02620398 -0.003055989 -0.02619194 0.02660298 -0.00306797 -0.02258896 0.02664297 -0.003068983 -0.02224898 0.02725195 -0.003084957 -0.01747494 0.02783799 -0.003099977 -0.01337796 0.02824097 -0.003109991 -0.01072895 0.02860897 -0.003117978 -0.008320987 0.02933198 -0.003120958 -0.002332985 0.03605198 -0.003106951 -0.190443 0.043513 -0.006333947 -0.231256 0.04218 -0.006333947 -0.237385 0.03998798 -0.006333947 -0.2432619 0.03698199 -0.006333947 -0.248767 0.03322297 -0.006333947 -0.253788 0.02878797 -0.006333947 -0.258223 0.02376699 -0.006333947 -0.261982 0.01826196 -0.006333947 -0.264988 0.01238495 -0.006333947 -0.26718 0.006255984 -0.006333947 -0.268513 0 -0.006333947 -0.26896 -0.006255984 -0.006333947 -0.268513 -0.01238495 -0.006333947 -0.26718 -0.01826196 -0.006333947 -0.264988 -0.02376699 -0.006333947 -0.261982 -0.02878797 -0.006333947 -0.258223 -0.03322297 -0.006333947 -0.253788 -0.03698199 -0.006333947 -0.248767 -0.03998798 -0.006333947 -0.2432619 -0.04218 -0.006333947 -0.237385 -0.043513 -0.006333947 -0.231256 -0.04490095 -0.01313799 -0.225 -0.04521596 -0.01999998 -0.225 -0.04490095 -0.02686196 -0.225 -0.04395997 -0.03366595 -0.225 -0.04354298 -0.03365999 -0.21855 -0.04249697 -0.03366899 -0.211976 -0.04107397 -0.03369998 -0.204962 -0.03943198 -0.03374195 -0.197218 -0.03795999 -0.03378599 -0.190024 -0.03598999 -0.03385597 -0.179553 -0.03504496 -0.03389197 -0.174084 -0.03411698 -0.03392899 -0.168364 -0.03321599 -0.03396499 -0.162402 -0.03208899 -0.03400897 -0.1542519 -0.03106498 -0.03404599 -0.146051 -0.02926695 -0.03409796 -0.128949 -0.02801299 -0.03411996 -0.113356 -0.02707499 -0.03412896 -0.09618598 -0.02654194 -0.034114 -0.07550096 -0.02665698 -0.03405398 -0.05598998 -0.02709394 -0.03399395 -0.04349899 -0.02763396 -0.03394198 -0.03445297 -0.02812397 -0.03390198 -0.02833098 -0.02866095 -0.03386598 -0.02284997 -0.02899795 -0.03384494 -0.01986199 -0.02940195 -0.03382295 -0.01661795 -0.029796 -0.03380095 -0.01369297 -0.03052496 -0.03376495 -0.00862497 -0.03109198 -0.033755 -0.004209995 -0.03133195 -0.03376299 0 -0.03252995 -0.02692794 0 -0.03293097 -0.01999998 0 -0.03252995 -0.01307195 0 -0.03080397 -0.02977097 -0.01268398 -0.030411 -0.008225977 -0.01269197 -0.02781498 -0.02992898 -0.06076496 -0.02743297 -0.008076965 -0.05193299 -0.04062294 -0.02974396 -0.199263 -0.04027795 -0.008252978 -0.199274 -0.04390597 -0.02967697 -0.216495 -0.04361295 -0.008323967 -0.216498 -0.03139698 -0.008267998 -0.00545597 -0.03179997 -0.01047295 -0.005451977 -0.03211897 -0.01268899 -0.005448997 -0.03235399 -0.01491498 -0.00544697 -0.03255695 -0.01862496 -0.005444943 -0.03252696 -0.02233898 -0.005444943 -0.03226298 -0.02604496 -0.005447983 -0.03176695 -0.02973097 -0.005451977 -0.03095096 -0.008252978 -0.008835971 -0.03136396 -0.01045799 -0.008829951 -0.03169095 -0.01267695 -0.008824944 -0.03193199 -0.01490598 -0.008821964 -0.032139 -0.01862198 -0.008818984 -0.03210794 -0.02234297 -0.008818984 -0.03183895 -0.02605599 -0.008822977 -0.03132998 -0.02974599 -0.008830964 -0.02982199 -0.008196949 -0.01720398 -0.03027099 -0.01040595 -0.01719295 -0.03062498 -0.01263195 -0.01718395 -0.03088599 -0.01487195 -0.01717698 -0.03111195 -0.01861298 -0.01717096 -0.03107798 -0.02235996 -0.01717197 -0.03078496 -0.02609497 -0.01717996 -0.03023296 -0.02979797 -0.01719397 -0.031331 -0.02607399 -0.01267296 -0.03161096 -0.02235096 -0.01266795 -0.03164297 -0.01861798 -0.012667 -0.03142696 -0.01488995 -0.01267099 -0.03117799 -0.01265496 -0.012676 -0.03083896 -0.01043295 -0.01268297 -0.02922397 -0.008169949 -0.02249598 -0.02969598 -0.01037895 -0.02248096 -0.03006899 -0.012609 -0.02246898 -0.03034394 -0.01485496 -0.02246099 -0.03058195 -0.01860797 -0.02245295 -0.03054594 -0.02236795 -0.02245396 -0.03023797 -0.026115 -0.02246397 -0.029657 -0.02982497 -0.02248197 -0.02878797 -0.008149981 -0.02708196 -0.02927899 -0.01036 -0.02706497 -0.02966797 -0.01259195 -0.02705198 -0.02995395 -0.01484197 -0.02704197 -0.03020197 -0.01860398 -0.02703297 -0.03016495 -0.02237397 -0.02703499 -0.02984297 -0.02612894 -0.02704596 -0.02923798 -0.02984499 -0.027067 -0.02838397 -0.008130967 -0.03213495 -0.02889597 -0.01034098 -0.03211498 -0.02930098 -0.01257598 -0.03209996 -0.02959895 -0.01482999 -0.03208899 -0.02985697 -0.01859998 -0.03207898 -0.02981895 -0.02237999 -0.03207999 -0.02948296 -0.02614396 -0.03209298 -0.02885299 -0.02986299 -0.03211694 -0.02802699 -0.008111953 -0.03761196 -0.02855795 -0.01032298 -0.03758996 -0.028979 -0.01256096 -0.03757196 -0.02928894 -0.01481896 -0.03755998 -0.029558 -0.01859694 -0.037548 -0.02951794 -0.02238595 -0.03754997 -0.02916896 -0.02615696 -0.03756499 -0.02851396 -0.029881 -0.03759199 -0.02800798 -0.01028996 -0.05190598 -0.02846395 -0.01253199 -0.05188399 -0.02879995 -0.01479697 -0.05186897 -0.02909195 -0.01859098 -0.05185496 -0.02904796 -0.02239698 -0.05185699 -0.02866995 -0.02618199 -0.05187499 -0.02796 -0.02991497 -0.05190795 -0.02823299 -0.02989697 -0.04344898 -0.02891296 -0.026169 -0.043419 -0.02927398 -0.02239096 -0.04340296 -0.02931594 -0.01859396 -0.043401 -0.02903699 -0.01480799 -0.04341298 -0.02871495 -0.01254695 -0.043428 -0.028279 -0.01030796 -0.04344695 -0.02772796 -0.008095979 -0.04347097 -0.027278 -0.008048951 -0.07533097 -0.02789396 -0.01026296 -0.07529795 -0.02838397 -0.01250898 -0.07527196 -0.02874499 -0.01477998 -0.075253 -0.02905899 -0.01858597 -0.07523697 -0.02901196 -0.02240496 -0.075239 -0.02860599 -0.02620196 -0.07526099 -0.02784299 -0.02994197 -0.07530099 -0.02854996 -0.02619194 -0.06072896 -0.02894198 -0.02240097 -0.06070899 -0.02898699 -0.018588 -0.06070697 -0.02868497 -0.01478797 -0.06072199 -0.028337 -0.01251995 -0.06073898 -0.02786499 -0.01027595 -0.060763 -0.02726995 -0.008062958 -0.06079196 -0.02759897 -0.008044958 -0.08992201 -0.02822399 -0.01025897 -0.08988797 -0.02871996 -0.01250594 -0.08986097 -0.02908694 -0.01477795 -0.089841 -0.02940398 -0.01858496 -0.08982396 -0.02935695 -0.02240598 -0.089827 -0.02894496 -0.02620398 -0.08984899 -0.02817195 -0.02994596 -0.08989095 -0.02821296 -0.008046984 -0.104323 -0.02883595 -0.01026099 -0.104289 -0.02933096 -0.01250797 -0.104262 -0.02969598 -0.01477897 -0.104241 -0.03001296 -0.01858597 -0.104224 -0.02996498 -0.02240496 -0.104227 -0.02955394 -0.02620297 -0.104249 -0.02878397 -0.029944 -0.104292 -0.02925199 -0.008050978 -0.120127 -0.02986896 -0.01026499 -0.120093 -0.03035795 -0.01251095 -0.120066 -0.03071999 -0.01478099 -0.120046 -0.03103297 -0.01858597 -0.120029 -0.03098595 -0.02240395 -0.1200309 -0.03057998 -0.02619999 -0.120054 -0.02981698 -0.02993994 -0.120096 -0.03054696 -0.008060991 -0.134788 -0.03114795 -0.01027399 -0.134755 -0.03162598 -0.012519 -0.134729 -0.03197795 -0.01478695 -0.13471 -0.03228294 -0.018588 -0.134693 -0.03223794 -0.02240097 -0.134696 -0.03184199 -0.02619296 -0.134717 -0.03109794 -0.02993094 -0.1347579 -0.03208899 -0.008080959 -0.148961 -0.03266298 -0.01029294 -0.148931 -0.03311794 -0.01253497 -0.148907 -0.033454 -0.01479899 -0.148889 -0.03374499 -0.01859098 -0.148874 -0.03370195 -0.02239495 -0.148876 -0.033324 -0.02617895 -0.148896 -0.03261494 -0.02991199 -0.1489329 -0.03382694 -0.008111 -0.162371 -0.03436195 -0.01032197 -0.162344 -0.03478598 -0.01255995 -0.1623229 -0.03509896 -0.01481795 -0.162307 -0.03536999 -0.01859694 -0.162293 -0.03532898 -0.02238595 -0.162295 -0.03497797 -0.02615696 -0.162313 -0.03431695 -0.02988296 -0.162347 -0.03493595 -0.008132994 -0.169893 -0.03544294 -0.01034396 -0.169868 -0.03584498 -0.01257896 -0.169849 -0.03614097 -0.01483196 -0.169834 -0.03639799 -0.018601 -0.169822 -0.03635895 -0.02237898 -0.169824 -0.036026 -0.02614098 -0.16984 -0.03539997 -0.02986097 -0.16987 -0.03608196 -0.008157968 -0.17702 -0.03655999 -0.01036798 -0.176998 -0.03693896 -0.0126 -0.176981 -0.03721797 -0.01484799 -0.176968 -0.03745895 -0.01860499 -0.176957 -0.03742295 -0.02237194 -0.176958 -0.03710997 -0.02612298 -0.176973 -0.03652 -0.02983599 -0.177 -0.03724896 -0.008183956 -0.183732 -0.03769695 -0.01039296 -0.183712 -0.03805196 -0.01262199 -0.183697 -0.03831398 -0.01486498 -0.183686 -0.03853994 -0.01861 -0.183676 -0.03850597 -0.02236294 -0.183677 -0.038212 -0.02610397 -0.18369 -0.03766 -0.02981096 -0.183714 -0.03880298 -0.02978497 -0.1899909 -0.03931897 -0.026084 -0.18997 -0.03959298 -0.02235496 -0.18996 -0.03962498 -0.01861494 -0.189958 -0.03941398 -0.01488196 -0.189967 -0.03916895 -0.01264399 -0.189976 -0.03883796 -0.01041895 -0.189989 -0.03841799 -0.008210957 -0.190006 -0.03935998 -0.008232951 -0.194784 -0.03975695 -0.01043999 -0.194769 -0.04007095 -0.01266199 -0.1947579 -0.04030197 -0.01489496 -0.19475 -0.04050195 -0.018619 -0.194742 -0.04047197 -0.02234899 -0.194744 -0.04021298 -0.02606898 -0.194753 -0.03972399 -0.02976399 -0.194771 -0.040654 -0.01045995 -0.199262 -0.04095196 -0.01267898 -0.199252 -0.04117095 -0.01490795 -0.199245 -0.04135996 -0.01862299 -0.199239 -0.04133194 -0.02234196 -0.19924 -0.04108595 -0.02605396 -0.199248 -0.04148399 -0.029724 -0.203488 -0.04192495 -0.026039 -0.203476 -0.04215896 -0.022336 -0.203469 -0.04218596 -0.01862597 -0.203468 -0.042005 -0.01492094 -0.203473 -0.04179698 -0.01269596 -0.203479 -0.04151296 -0.01047897 -0.203487 -0.04115498 -0.008273959 -0.2034969 -0.04197496 -0.008292973 -0.207478 -0.04231899 -0.01049697 -0.2074699 -0.04258996 -0.01271098 -0.207464 -0.04278999 -0.01493197 -0.207459 -0.04296195 -0.01862996 -0.207455 -0.04293596 -0.02233099 -0.207455 -0.04271197 -0.02602595 -0.2074609 -0.04228997 -0.029706 -0.207471 -0.04287898 -0.008313 -0.212104 -0.043208 -0.01051598 -0.212098 -0.04346895 -0.01272696 -0.212094 -0.04365998 -0.01494395 -0.21209 -0.04382497 -0.01863294 -0.212087 -0.04380095 -0.02232497 -0.212088 -0.04358595 -0.026012 -0.212092 -0.043181 -0.02968698 -0.212099 -0.04429996 -0.02600497 -0.21649 -0.04450899 -0.02232199 -0.216488 -0.04453295 -0.01863497 -0.216487 -0.04437196 -0.01494997 -0.216489 -0.04418599 -0.01273494 -0.2164919 -0.04393297 -0.010526 -0.216495 -0.04411399 -0.008322 -0.220761 -0.044429 -0.01052397 -0.220759 -0.04467898 -0.01273399 -0.220758 -0.04486197 -0.01494896 -0.220757 -0.04501998 -0.01863396 -0.2207559 -0.04499697 -0.02232295 -0.2207559 -0.04479098 -0.02600699 -0.220757 -0.04440295 -0.029679 -0.220759 -0.03085595 -0.03376299 0.00544095 -0.02944195 -0.03376299 0.01071596 -0.027134 -0.03376299 0.01566594 -0.024001 -0.03376299 0.02013999 -0.02013999 -0.03376299 0.024001 -0.01566594 -0.03376299 0.027134 -0.01071596 -0.03376299 0.02944195 -0.00544095 -0.03376299 0.03085595 0 -0.03376299 0.03133195 0.00544095 -0.03376299 0.03085595 0.01071596 -0.03376299 0.02944195 0.01566594 -0.03376299 0.027134 0.02013999 -0.03376299 0.024001 0.024001 -0.03376299 0.02013999 0.027134 -0.03376299 0.01566594 0.02944195 -0.03376299 0.01071596 0.03085595 -0.03376299 0.00544095 0.03133195 -0.03376299 0 0.03252995 -0.02692794 0 0.03293097 -0.01999998 0 0.03252995 -0.01307195 0 0.03208595 -0.01307195 0.005353987 0.03248196 -0.01999998 0.005419969 0.03208595 -0.02692794 0.005353987 0.03076797 -0.01307195 0.01056295 0.031147 -0.01999998 0.01069295 0.03076797 -0.02692794 0.01056295 0.02860897 -0.01307195 0.01548296 0.02896195 -0.01999998 0.01567399 0.02860897 -0.02692794 0.01548296 0.025671 -0.01307195 0.01997995 0.02598798 -0.01999998 0.02022695 0.025671 -0.02692794 0.01997995 0.02203196 -0.01307195 0.02393299 0.02230399 -0.01999998 0.02422797 0.02203196 -0.02692794 0.02393299 0.01779198 -0.01307195 0.027233 0.01801198 -0.01999998 0.02756899 0.01779198 -0.02692794 0.027233 0.01306694 -0.01307195 0.02978998 0.01322799 -0.01999998 0.03015798 0.01306694 -0.02692794 0.02978998 0.007985949 -0.01307195 0.03153496 0.008083999 -0.01999998 0.03192394 0.007985949 -0.02692794 0.03153496 0.002685964 -0.01307195 0.03241896 0.002718985 -0.01999998 0.03281897 0.002685964 -0.02692794 0.03241896 -0.002685964 -0.01307195 0.03241896 -0.002718985 -0.01999998 0.03281897 -0.002685964 -0.02692794 0.03241896 -0.007985949 -0.01307195 0.03153496 -0.008083999 -0.01999998 0.03192394 -0.007985949 -0.02692794 0.03153496 -0.01306694 -0.01307195 0.02978998 -0.01322799 -0.01999998 0.03015798 -0.01306694 -0.02692794 0.02978998 -0.01779198 -0.01307195 0.027233 -0.01801198 -0.01999998 0.02756899 -0.01779198 -0.02692794 0.027233 -0.02203196 -0.01307195 0.02393299 -0.02230399 -0.01999998 0.02422797 -0.02203196 -0.02692794 0.02393299 -0.025671 -0.01307195 0.01997995 -0.02598798 -0.01999998 0.02022695 -0.025671 -0.02692794 0.01997995 -0.02860897 -0.01307195 0.01548296 -0.02896195 -0.01999998 0.01567399 -0.02860897 -0.02692794 0.01548296 -0.03076797 -0.01307195 0.01056295 -0.031147 -0.01999998 0.01069295 -0.03076797 -0.02692794 0.01056295 -0.03208595 -0.01307195 0.005353987 -0.03248196 -0.01999998 0.005419969 -0.03208595 -0.02692794 0.005353987 0.03109198 -0.033755 -0.004209995 0.03052496 -0.03376495 -0.00862497 0.029796 -0.03380095 -0.01369297 0.02940195 -0.03382295 -0.01661795 0.02899795 -0.03384494 -0.01986199 0.02866095 -0.03386598 -0.02284997 0.02812397 -0.03390198 -0.02833098 0.02763396 -0.03394198 -0.03445297 0.02709394 -0.03399395 -0.04349899 0.02665698 -0.03405398 -0.05599099 0.02654194 -0.034114 -0.07550096 0.02707499 -0.03412896 -0.09618598 0.02801299 -0.03411996 -0.113356 0.02926695 -0.03409796 -0.128949 0.03012096 -0.03407597 -0.137597 0.03106498 -0.03404599 -0.146051 0.03208899 -0.03400897 -0.1542519 0.03321599 -0.03396499 -0.162402 0.03411698 -0.03392899 -0.168364 0.03504496 -0.03389197 -0.174084 0.03598999 -0.03385597 -0.179553 0.036942 -0.03382098 -0.184758 0.03795999 -0.03378599 -0.190024 0.03936195 -0.03374397 -0.196882 0.04107397 -0.03369998 -0.204961 0.04160296 -0.03368699 -0.207487 0.04249697 -0.03366899 -0.211975 0.04326599 -0.03365999 -0.216502 0.04354196 -0.03365999 -0.218547 0.04395997 -0.03366595 -0.225 0.04490095 -0.02686196 -0.225 0.04521596 -0.01999998 -0.225 0.04490095 -0.01313799 -0.225 0.030411 -0.008225977 -0.01269197 0.03080397 -0.02977097 -0.01268398 0.02726995 -0.008062958 -0.06079196 0.02781498 -0.02992898 -0.06076496 0.04027795 -0.008252978 -0.199274 0.04062294 -0.02974396 -0.199263 0.04411399 -0.008322 -0.220761 0.044429 -0.01052397 -0.220759 0.04467898 -0.01273399 -0.220758 0.04486197 -0.01494896 -0.220757 0.04501998 -0.01863396 -0.2207559 0.04499697 -0.02232295 -0.2207559 0.04479098 -0.02600699 -0.220757 0.04440295 -0.029679 -0.220759 0.04361295 -0.008323967 -0.216498 0.04393297 -0.010526 -0.216495 0.04418599 -0.01273494 -0.2164919 0.04437196 -0.01494997 -0.216489 0.04453295 -0.01863497 -0.216487 0.04450899 -0.02232199 -0.216488 0.04429996 -0.02600497 -0.21649 0.04390597 -0.02967697 -0.216495 0.04287898 -0.008313 -0.212104 0.043208 -0.01051598 -0.212098 0.04346895 -0.01272696 -0.212094 0.04365998 -0.01494395 -0.21209 0.04382497 -0.01863294 -0.212087 0.04380095 -0.02232497 -0.212088 0.04358595 -0.026012 -0.212092 0.043181 -0.02968698 -0.212099 0.04197496 -0.008292973 -0.207478 0.04231899 -0.01049697 -0.2074699 0.04258996 -0.01271098 -0.207464 0.04278999 -0.01493197 -0.207459 0.04296195 -0.01862996 -0.207455 0.04293596 -0.02233099 -0.207455 0.04271197 -0.02602595 -0.2074609 0.04228997 -0.029706 -0.207471 0.04115498 -0.008273959 -0.2034969 0.04151296 -0.01047897 -0.203487 0.04179698 -0.01269596 -0.203479 0.042005 -0.01492094 -0.203473 0.04218596 -0.01862597 -0.203468 0.04215896 -0.022336 -0.203469 0.04192495 -0.026039 -0.203476 0.04148399 -0.029724 -0.203488 0.03935998 -0.008232951 -0.194784 0.03975695 -0.01043999 -0.194769 0.04007095 -0.01266199 -0.1947579 0.04030197 -0.01489496 -0.19475 0.04050195 -0.018619 -0.194742 0.04047197 -0.02234899 -0.194744 0.04021298 -0.02606898 -0.194753 0.03972399 -0.02976399 -0.194771 0.04108595 -0.02605396 -0.199248 0.04133194 -0.02234196 -0.19924 0.04135996 -0.01862299 -0.199239 0.04117095 -0.01490795 -0.199245 0.04095196 -0.01267898 -0.199252 0.040654 -0.01045995 -0.199262 0.03724896 -0.008183956 -0.183732 0.03769695 -0.01039296 -0.183712 0.03805196 -0.01262199 -0.183697 0.03831398 -0.01486498 -0.183686 0.03853994 -0.01861 -0.183676 0.03850597 -0.02236294 -0.183677 0.038212 -0.02610397 -0.18369 0.03766 -0.02981096 -0.183714 0.03880298 -0.02978497 -0.1899909 0.03931897 -0.026084 -0.18997 0.03959298 -0.02235496 -0.18996 0.03962498 -0.01861494 -0.189958 0.03941398 -0.01488196 -0.189967 0.03916895 -0.01264399 -0.189976 0.03883796 -0.01041895 -0.189989 0.03841799 -0.008210957 -0.190006 0.03608196 -0.008157968 -0.17702 0.03655999 -0.01036798 -0.176998 0.03693896 -0.0126 -0.176981 0.03721797 -0.01484799 -0.176968 0.03745895 -0.01860499 -0.176957 0.03742295 -0.02237194 -0.176958 0.03710997 -0.02612298 -0.176973 0.03652 -0.02983599 -0.177 0.03493595 -0.008132994 -0.169893 0.03544294 -0.01034396 -0.169868 0.03584498 -0.01257896 -0.169849 0.03614097 -0.01483196 -0.169834 0.03639799 -0.018601 -0.169822 0.03635895 -0.02237898 -0.169824 0.036026 -0.02614098 -0.16984 0.03539997 -0.02986097 -0.16987 0.03382694 -0.008111 -0.162371 0.03436195 -0.01032197 -0.162344 0.03478598 -0.01255995 -0.1623229 0.03509896 -0.01481795 -0.162307 0.03536999 -0.01859694 -0.162293 0.03532898 -0.02238595 -0.162295 0.03497797 -0.02615696 -0.162313 0.03431695 -0.02988296 -0.162347 0.03208899 -0.008080959 -0.148961 0.03266298 -0.01029294 -0.148931 0.03311794 -0.01253497 -0.148907 0.033454 -0.01479899 -0.148889 0.03374499 -0.01859098 -0.148874 0.03370195 -0.02239495 -0.148876 0.033324 -0.02617895 -0.148896 0.03261494 -0.02991199 -0.1489329 0.03054696 -0.008060991 -0.134788 0.03114795 -0.01027399 -0.134755 0.03162598 -0.012519 -0.134729 0.03197795 -0.01478695 -0.13471 0.03228294 -0.018588 -0.134693 0.03223794 -0.02240097 -0.134696 0.03184199 -0.02619296 -0.134717 0.03109794 -0.02993094 -0.1347579 0.02925199 -0.008050978 -0.120127 0.02986896 -0.01026499 -0.120093 0.03035795 -0.01251095 -0.120066 0.03071999 -0.01478099 -0.120046 0.03103297 -0.01858597 -0.120029 0.03098595 -0.02240395 -0.1200309 0.03057998 -0.02619999 -0.120054 0.02981698 -0.02993994 -0.120096 0.02821296 -0.008046984 -0.104323 0.02883595 -0.01026099 -0.104289 0.02933096 -0.01250797 -0.104262 0.02969598 -0.01477897 -0.104241 0.03001296 -0.01858597 -0.104224 0.02996498 -0.02240496 -0.104227 0.02955394 -0.02620297 -0.104249 0.02878397 -0.029944 -0.104292 0.02759897 -0.008044958 -0.08992201 0.02822399 -0.01025897 -0.08988797 0.02871996 -0.01250594 -0.08986097 0.02908694 -0.01477795 -0.089841 0.02940398 -0.01858496 -0.08982396 0.02935695 -0.02240598 -0.089827 0.02894496 -0.02620398 -0.08984899 0.02817195 -0.02994596 -0.08989095 0.027278 -0.008048951 -0.07533097 0.02789396 -0.01026296 -0.07529795 0.02838397 -0.01250898 -0.07527196 0.02874499 -0.01477998 -0.075253 0.02905899 -0.01858597 -0.07523697 0.02901196 -0.02240496 -0.075239 0.02860599 -0.02620196 -0.07526099 0.02784299 -0.02994197 -0.07530099 0.02854996 -0.02619194 -0.06072896 0.02894198 -0.02240097 -0.06070899 0.02898699 -0.018588 -0.06070697 0.02868497 -0.01478797 -0.06072199 0.028337 -0.01251995 -0.06073898 0.02786499 -0.01027595 -0.060763 0.02743297 -0.008076965 -0.05193299 0.02800798 -0.01028996 -0.05190598 0.02846395 -0.01253199 -0.05188399 0.02879995 -0.01479697 -0.05186897 0.02909195 -0.01859098 -0.05185496 0.02904796 -0.02239698 -0.05185699 0.02866995 -0.02618199 -0.05187499 0.02796 -0.02991497 -0.05190795 0.02823299 -0.02989697 -0.04344898 0.02891296 -0.026169 -0.043419 0.02927398 -0.02239096 -0.04340296 0.02931594 -0.01859396 -0.043401 0.02903699 -0.01480799 -0.04341298 0.02871495 -0.01254695 -0.043428 0.028279 -0.01030796 -0.04344695 0.02772796 -0.008095979 -0.04347097 0.02802699 -0.008111953 -0.03761196 0.02855795 -0.01032298 -0.03758996 0.028979 -0.01256096 -0.03757196 0.02928894 -0.01481896 -0.03755998 0.029558 -0.01859694 -0.037548 0.02951794 -0.02238595 -0.03754997 0.02916896 -0.02615696 -0.03756499 0.02851396 -0.029881 -0.03759199 0.02838397 -0.008130967 -0.03213495 0.02889597 -0.01034098 -0.03211498 0.02930098 -0.01257598 -0.03209996 0.02959895 -0.01482999 -0.03208899 0.02985697 -0.01859998 -0.03207898 0.02981895 -0.02237999 -0.03207999 0.02948296 -0.02614396 -0.03209298 0.02885299 -0.02986299 -0.03211694 0.02878797 -0.008149981 -0.02708196 0.02927899 -0.01036 -0.02706497 0.02966797 -0.01259195 -0.02705198 0.02995395 -0.01484197 -0.02704197 0.03020197 -0.01860398 -0.02703297 0.03016495 -0.02237397 -0.02703499 0.02984297 -0.02612894 -0.02704596 0.02923798 -0.02984499 -0.027067 0.02922397 -0.008169949 -0.02249598 0.02969598 -0.01037895 -0.02248096 0.03006899 -0.012609 -0.02246898 0.03034394 -0.01485496 -0.02246099 0.03058195 -0.01860797 -0.02245295 0.03054594 -0.02236795 -0.02245396 0.03023797 -0.026115 -0.02246397 0.029657 -0.02982497 -0.02248197 0.02982199 -0.008196949 -0.01720398 0.03027099 -0.01040595 -0.01719295 0.03062498 -0.01263195 -0.01718395 0.03088599 -0.01487195 -0.01717698 0.03111195 -0.01861298 -0.01717096 0.03107798 -0.02235996 -0.01717197 0.03078496 -0.02609497 -0.01717996 0.03023296 -0.02979797 -0.01719397 0.03083896 -0.01043295 -0.01268297 0.03117799 -0.01265496 -0.012676 0.03142696 -0.01488995 -0.01267099 0.03164297 -0.01861798 -0.012667 0.03161096 -0.02235096 -0.01266795 0.031331 -0.02607399 -0.01267296 0.03139698 -0.008267998 -0.00545597 0.03179997 -0.01047295 -0.005451977 0.03211897 -0.01268899 -0.005448997 0.03235399 -0.01491498 -0.00544697 0.03255695 -0.01862496 -0.005444943 0.03252696 -0.02233898 -0.005444943 0.03226298 -0.02604496 -0.005447983 0.03176695 -0.02973097 -0.005451977 0.03132998 -0.02974599 -0.008830964 0.03183895 -0.02605599 -0.008822977 0.03210794 -0.02234297 -0.008818984 0.032139 -0.01862198 -0.008818984 0.03193199 -0.01490598 -0.008821964 0.03169095 -0.01267695 -0.008824944 0.03136396 -0.01045799 -0.008829951 0.03095096 -0.008252978 -0.008835971 0.043513 -0.03366595 -0.231256 0.04218 -0.03366595 -0.237385 0.03998798 -0.03366595 -0.2432619 0.03698199 -0.03366595 -0.248767 0.03322297 -0.03366595 -0.253788 0.02878797 -0.03366595 -0.258223 0.02376699 -0.03366595 -0.261982 0.01826196 -0.03366595 -0.264988 0.01238495 -0.03366595 -0.26718 0.006255984 -0.03366595 -0.268513 0 -0.03366595 -0.26896 -0.006255984 -0.03366595 -0.268513 -0.01238495 -0.03366595 -0.26718 -0.01826196 -0.03366595 -0.264988 -0.02376699 -0.03366595 -0.261982 -0.02878797 -0.03366595 -0.258223 -0.03322297 -0.03366595 -0.253788 -0.03698199 -0.03366595 -0.248767 -0.03998798 -0.03366595 -0.2432619 -0.04218 -0.03366595 -0.237385 -0.043513 -0.03366595 -0.231256 -0.04444396 -0.01313799 -0.2313899 -0.04475599 -0.01999998 -0.231435 -0.04444396 -0.02686196 -0.2313899 -0.04308199 -0.01313799 -0.23765 -0.04338395 -0.01999998 -0.237739 -0.04308199 -0.02686196 -0.23765 -0.04084396 -0.01313799 -0.2436529 -0.04112994 -0.01999998 -0.2437829 -0.04084396 -0.02686196 -0.2436529 -0.03777295 -0.01313799 -0.249275 -0.03803795 -0.01999998 -0.249446 -0.03777295 -0.02686196 -0.249275 -0.03393399 -0.01313799 -0.254404 -0.03417199 -0.01999998 -0.25461 -0.03393399 -0.02686196 -0.254404 -0.02940398 -0.01313799 -0.258934 -0.02960997 -0.01999998 -0.259172 -0.02940398 -0.02686196 -0.258934 -0.024275 -0.01313799 -0.262773 -0.02444595 -0.01999998 -0.263038 -0.024275 -0.02686196 -0.262773 -0.01865297 -0.01313799 -0.265844 -0.01878297 -0.01999998 -0.26613 -0.01865297 -0.02686196 -0.265844 -0.01264995 -0.01313799 -0.268082 -0.012739 -0.01999998 -0.268384 -0.01264995 -0.02686196 -0.268082 -0.006389975 -0.01313799 -0.269444 -0.006434977 -0.01999998 -0.269756 -0.006389975 -0.02686196 -0.269444 0 -0.01313799 -0.269901 0 -0.01999998 -0.270216 0 -0.02686196 -0.269901 0.006389975 -0.01313799 -0.269444 0.006434977 -0.01999998 -0.269756 0.006389975 -0.02686196 -0.269444 0.01264995 -0.01313799 -0.268082 0.012739 -0.01999998 -0.268384 0.01264995 -0.02686196 -0.268082 0.01865297 -0.01313799 -0.265844 0.01878297 -0.01999998 -0.26613 0.01865297 -0.02686196 -0.265844 0.024275 -0.01313799 -0.262773 0.02444595 -0.01999998 -0.263038 0.024275 -0.02686196 -0.262773 0.02940398 -0.01313799 -0.258934 0.02960997 -0.01999998 -0.259172 0.02940398 -0.02686196 -0.258934 0.03393399 -0.01313799 -0.254404 0.03417199 -0.01999998 -0.25461 0.03393399 -0.02686196 -0.254404 0.03777295 -0.01313799 -0.249275 0.03803795 -0.01999998 -0.249446 0.03777295 -0.02686196 -0.249275 0.04084396 -0.01313799 -0.2436529 0.04112994 -0.01999998 -0.2437829 0.04084396 -0.02686196 -0.2436529 0.04308199 -0.01313799 -0.23765 0.04338395 -0.01999998 -0.237739 0.04308199 -0.02686196 -0.23765 0.04444396 -0.01313799 -0.2313899 0.04475599 -0.01999998 -0.231435 0.04444396 -0.02686196 -0.2313899 -0.04049998 -0.03999996 -0.225 -0.040093 -0.03999996 -0.218899 -0.03902697 -0.03999996 -0.212527 -0.03750497 -0.03999996 -0.205547 -0.035694 -0.03999996 -0.197727 -0.03406995 -0.03999996 -0.190527 -0.032745 -0.03999996 -0.184299 -0.03141897 -0.03999996 -0.177637 -0.03011494 -0.03999996 -0.170565 -0.02885699 -0.03999996 -0.163101 -0.02881497 -0.03999996 -0.1628389 -0.02732497 -0.03999996 -0.152855 -0.02597296 -0.03999996 -0.142404 -0.024782 -0.03999996 -0.1315979 -0.02377396 -0.03999996 -0.120553 -0.02376794 -0.03999996 -0.12048 -0.02268898 -0.03999996 -0.104624 -0.02206295 -0.03999996 -0.09017896 -0.02178394 -0.03999996 -0.07552897 -0.02178394 -0.03999996 -0.07539999 -0.02193999 -0.03999996 -0.05905097 -0.02220898 -0.03999996 -0.05110394 -0.02259999 -0.03999996 -0.04348695 -0.02261698 -0.03999996 -0.04322296 -0.02302199 -0.03999996 -0.03739398 -0.02348899 -0.03999996 -0.03194099 -0.02400195 -0.03999996 -0.02690696 -0.024544 -0.03999996 -0.02232795 -0.02489799 -0.03999996 -0.01964998 -0.02537995 -0.03999996 -0.01629197 -0.025846 -0.03999996 -0.01327496 -0.02628195 -0.03999996 -0.01056897 -0.02667498 -0.03999996 -0.00813198 -0.027269 -0.03999996 -0.003867983 -0.02749997 -0.03999996 0 -0.02910697 -0.03687697 -0.004698991 -0.02692794 -0.03692299 -0.01992899 -0.02504098 -0.03698796 -0.04022598 -0.024643 -0.03700798 -0.04761397 -0.02417999 -0.03704196 -0.06449699 -0.02507698 -0.03706198 -0.104493 -0.02613896 -0.03705596 -0.120287 -0.03430497 -0.03692096 -0.181721 -0.03655099 -0.03688496 -0.1928 -0.04219299 -0.03683197 -0.223178 -0.04162895 -0.03682899 -0.217311 -0.04055595 -0.03683495 -0.211206 -0.03914797 -0.03685098 -0.204605 -0.03752899 -0.03687095 -0.197304 -0.03598195 -0.03689396 -0.190108 -0.03296995 -0.03694498 -0.17447 -0.03166794 -0.03696995 -0.166766 -0.03099697 -0.03698295 -0.16249 -0.03103697 -0.03698199 -0.162751 -0.02985095 -0.03700399 -0.154573 -0.02878195 -0.03702199 -0.146342 -0.02779895 -0.03703695 -0.137857 -0.026389 -0.037054 -0.12331 -0.02524799 -0.03706097 -0.1075 -0.02468299 -0.03706395 -0.09628498 -0.024212 -0.03705996 -0.07970196 -0.02416294 -0.03705596 -0.07538598 -0.02434498 -0.037027 -0.05591595 -0.02485597 -0.03699594 -0.04336094 -0.02484095 -0.03699696 -0.04362398 -0.025581 -0.03696596 -0.03284198 -0.02620398 -0.03694397 -0.02619194 -0.02660298 -0.03693199 -0.02258896 -0.02664297 -0.03693097 -0.02224999 -0.02725195 -0.036915 -0.01747494 -0.027839 -0.03689998 -0.01337796 -0.02824097 -0.03688997 -0.01072895 -0.02860897 -0.03688198 -0.008320987 -0.02933198 -0.036879 -0.002332985 -0.03605198 -0.03689199 -0.190443 -0.02703195 -0.03999996 0.005052983 -0.02564299 -0.03999996 0.009933948 -0.02338099 -0.03999996 0.01447695 -0.02032297 -0.03999996 0.01852697 -0.01657199 -0.03999996 0.02194499 -0.01225799 -0.03999996 0.02461695 -0.00752598 -0.03999996 0.02644997 -0.002536952 -0.03999996 0.02738296 0.002536952 -0.03999996 0.02738296 0.00752598 -0.03999996 0.02644997 0.01225799 -0.03999996 0.02461695 0.01657199 -0.03999996 0.02194499 0.02032297 -0.03999996 0.01852697 0.02338099 -0.03999996 0.01447695 0.02564299 -0.03999996 0.009933948 0.02703195 -0.03999996 0.005052983 0.02749997 -0.03999996 0 0.04049998 -0.03999996 -0.225 0.027269 -0.03999996 -0.003867983 0.02667498 -0.03999996 -0.008132994 0.02628195 -0.03999996 -0.01056897 0.025846 -0.03999996 -0.01327496 0.02537995 -0.03999996 -0.01629197 0.02489799 -0.03999996 -0.01964998 0.024544 -0.03999996 -0.02232795 0.02400195 -0.03999996 -0.02690696 0.02348899 -0.03999996 -0.03194099 0.02302199 -0.03999996 -0.03739398 0.02261698 -0.03999996 -0.04322296 0.02259999 -0.03999996 -0.04348695 0.02220797 -0.03999996 -0.05110394 0.02193999 -0.03999996 -0.05905097 0.02178394 -0.03999996 -0.07539999 0.02178394 -0.03999996 -0.07552897 0.02206295 -0.03999996 -0.09017896 0.02268898 -0.03999996 -0.104624 0.02376794 -0.03999996 -0.12048 0.02377396 -0.03999996 -0.120553 0.024782 -0.03999996 -0.1315979 0.02597296 -0.03999996 -0.142404 0.02732497 -0.03999996 -0.152855 0.02881497 -0.03999996 -0.1628389 0.02885699 -0.03999996 -0.163101 0.03011494 -0.03999996 -0.170565 0.03141897 -0.03999996 -0.177637 0.032745 -0.03999996 -0.184299 0.03406995 -0.03999996 -0.190527 0.035694 -0.03999996 -0.197727 0.03750497 -0.03999996 -0.205548 0.03902697 -0.03999996 -0.212529 0.040093 -0.03999996 -0.218904 0.02910697 -0.03687697 -0.004698991 0.02824097 -0.03688997 -0.01072895 0.02664297 -0.03693097 -0.02224898 0.024643 -0.03700798 -0.04761499 0.02415996 -0.03704595 -0.06666797 0.02507597 -0.03706198 -0.104493 0.02613896 -0.03705596 -0.120287 0.02985095 -0.03700399 -0.154573 0.03099697 -0.03698295 -0.16249 0.03598195 -0.03689396 -0.190108 0.03654998 -0.03688496 -0.1928 0.04182195 -0.03682899 -0.218758 0.04107099 -0.03683096 -0.213899 0.04005599 -0.03684097 -0.208784 0.03885495 -0.03685498 -0.203285 0.03752899 -0.03687095 -0.197304 0.03605198 -0.03689295 -0.190443 0.03464096 -0.03691595 -0.1834599 0.03313499 -0.036942 -0.175402 0.03166699 -0.03696995 -0.166766 0.03103697 -0.03698199 -0.162751 0.02878099 -0.03702294 -0.146342 0.02779895 -0.03703796 -0.137857 0.026389 -0.037054 -0.12331 0.02524799 -0.03706097 -0.1075 0.02468299 -0.03706395 -0.09628498 0.024212 -0.03705996 -0.07970196 0.02416199 -0.03705596 -0.07538598 0.02431696 -0.03702896 -0.05697697 0.02485597 -0.03699696 -0.04336094 0.02504098 -0.03698796 -0.04022598 0.025581 -0.03696596 -0.03284198 0.02620398 -0.03694397 -0.02619194 0.02660298 -0.03693199 -0.02258896 0.02692794 -0.03692299 -0.01992899 0.02725195 -0.036915 -0.01747494 0.027839 -0.03689998 -0.01337796 0.02860897 -0.03688198 -0.008320987 0.02933198 -0.036879 -0.002332985 0.02484095 -0.03699696 -0.04362398 0.040048 -0.03999996 -0.231036 0.03870099 -0.03999996 -0.2369379 0.03648895 -0.03999996 -0.242572 0.033463 -0.03999996 -0.2478139 0.02968895 -0.03999996 -0.252547 0.02525097 -0.03999996 -0.256664 0.02024996 -0.03999996 -0.260074 0.01479595 -0.03999996 -0.2627 0.009011983 -0.03999996 -0.264485 0.003026962 -0.03999996 -0.265387 -0.003026962 -0.03999996 -0.265387 -0.009011983 -0.03999996 -0.264485 -0.01479595 -0.03999996 -0.2627 -0.02024996 -0.03999996 -0.260074 -0.02525097 -0.03999996 -0.256664 -0.02968895 -0.03999996 -0.252547 -0.033463 -0.03999996 -0.2478139 -0.03648895 -0.03999996 -0.242572 -0.03870099 -0.03999996 -0.2369379 -0.040048 -0.03999996 -0.231036 -0.040048 -0.03999996 -0.218964 -0.03870099 -0.03999996 -0.213062 -0.03648895 -0.03999996 -0.207428 -0.033463 -0.03999996 -0.202186 -0.02968895 -0.03999996 -0.197453 -0.02525097 -0.03999996 -0.193336 -0.02024996 -0.03999996 -0.189926 -0.01479595 -0.03999996 -0.1873 -0.009011983 -0.03999996 -0.185515 -0.003026962 -0.03999996 -0.184613 0.003026962 -0.03999996 -0.184613 0.009011983 -0.03999996 -0.185515 0.01479595 -0.03999996 -0.1873 0.02024996 -0.03999996 -0.189926 0.02525097 -0.03999996 -0.193336 0.02968895 -0.03999996 -0.197453 0.033463 -0.03999996 -0.202186 0.03648895 -0.03999996 -0.207428 0.03870099 -0.03999996 -0.213062 0.040048 -0.03999996 -0.218964</float_array>
          <technique_common>
            <accessor source="#calf-mesh-positions-array" count="3619" stride="3">
              <param name="X" type="float"/>
              <param name="Y" type="float"/>
              <param name="Z" type="float"/>
            </accessor>
          </technique_common>
        </source>
        <source id="calf-mesh-normals">
          <float_array id="calf-mesh-normals-array" count="13878">-0.6906987 -0.707107 0.1514437 -0.6906947 -0.707107 0.1514617 -0.6898699 -0.7071214 0.1551097 -0.6907155 -0.7070797 0.1514942 -0.6891677 -0.7071035 0.1582803 -0.692443 -0.707199 0.1428017 -0.6926047 -0.7071 0.1425074 -0.6945254 -0.7070752 0.1329631 -0.6945145 -0.7070853 0.1329658 -0.696219 -0.7072907 0.1225522 -0.6963868 -0.7071175 0.1225979 -0.6982496 -0.7071067 0.1115693 -0.6983312 -0.7070271 0.1115629 -0.6997118 -0.707096 0.1020716 -0.7003229 -0.7071405 0.09746915 -0.7003583 -0.7071056 0.09746837 -0.7009721 -0.7071067 0.09294295 -0.7020823 -0.7071184 0.08404743 -0.7019193 -0.7072824 0.08402884 -0.7030903 -0.7071084 0.0752452 -0.702119 -0.7070816 0.08405125 -0.7035644 -0.7070931 0.07082861 -0.7047817 -0.7070974 0.05741089 -0.7039918 -0.7070967 0.06640768 -0.703545 -0.7071117 0.07083439 -0.7060695 -0.7070755 0.03886163 -0.7054535 -0.7071298 0.04798918 -0.7049964 -0.7068901 0.0573287 -0.7047571 -0.7071221 0.05740886 -0.706744 -0.7071202 0.02222615 -0.7064356 -0.7071136 0.03064393 -0.706085 -0.707062 0.0388242 -0.7060184 -0.7071268 0.03885573 -0.7070708 -0.7071299 0.004277586 -0.7069591 -0.7071242 0.01357966 -0.7066679 -0.7071976 0.02218371 -0.7067199 -0.7071444 0.02222412 -0.7069087 -0.7070794 -0.01785892 -0.7070689 -0.7071088 -0.007120847 -0.7070951 -0.7071049 0.004394531 -0.7070989 -0.7071018 0.004272162 -0.7068762 -0.7070824 -0.01898795 -0.7066507 -0.7069222 -0.03009617 -0.7064236 -0.7071295 -0.03055387 -0.7058132 -0.7070935 -0.04297196 -0.7058892 -0.7070169 -0.04298436 -0.7050049 -0.707106 -0.05449104 -0.7050002 -0.7071114 -0.05448204 -0.7046779 -0.7071307 -0.05826956 -0.7040117 -0.7071344 -0.06579083 -0.704057 -0.7070889 -0.06579518 -0.7032774 -0.7071196 -0.07336831 -0.7029191 -0.707062 -0.07725423 -0.7028694 -0.7071151 -0.07722055 -0.7014624 -0.7071125 -0.08912074 -0.701446 -0.7071259 -0.08914339 -0.7004479 -0.7071831 -0.09625351 -0.7004968 -0.7071372 -0.09623545 -0.6993147 -0.707102 -0.104718 -0.699351 -0.7070841 -0.1045959 -0.6989226 -0.7071377 -0.1070685 -0.6983437 -0.7071225 -0.1108784 -0.6983591 -0.7071217 -0.1107857 -0.6980044 -0.7071306 -0.1129441 -0.6979653 -0.7071059 -0.113339 -0.6982824 -0.7070457 -0.1117503 -0.6984284 -0.7071323 -0.11028 -0.6997215 -0.7071083 -0.1019203 -0.7029044 -0.7071154 -0.07689797 -0.7029066 -0.7071064 -0.07696133 -0.7041209 -0.7070992 -0.06499552 -0.7071076 -0.7071061 -1.25948e-5 -0.7071061 -0.7071075 -1.22605e-5 -0.7014786 -0.707108 -0.08902883 -0.7005496 -0.7071105 -0.09604656 -0.6979649 -0.7071059 -0.1133418 -0.6984454 -0.707111 -0.1103092 -0.7001928 -0.7070966 -0.09871417 -0.7058578 -0.7070457 -0.04302507 -0.7064855 -0.7070949 -0.02991968 -0.7068918 -0.7070958 -0.01787948 -0.6980411 -0.7072589 0.111909 -0.6960244 -0.7074843 0.1225404 -0.6945448 -0.7070554 0.1329669 -0.6925869 -0.7070779 0.1427034 0.7071084 -0.7071052 2.33311e-5 0.7071051 -0.7071085 1.59775e-5 0.703712 -0.7071037 -0.06923764 0.7029013 -0.7071072 -0.07700198 0.6995328 -0.7070978 -0.1032786 0.7001774 -0.7071062 -0.09875547 0.6984613 -0.7071014 -0.1102704 0.6979779 -0.7070971 -0.1133164 0.6979653 -0.7071071 -0.113332 0.6983742 -0.7071538 -0.1104854 0.6987445 -0.7070976 -0.1084858 0.6993163 -0.7070979 -0.1047351 0.700533 -0.7071052 -0.09620696 0.7005252 -0.7071033 -0.09627783 0.7014716 -0.7071059 -0.08910012 0.7014735 -0.7071084 -0.08906549 0.7028881 -0.7071015 -0.07717406 0.7029593 -0.7070336 -0.07714682 0.7040916 -0.7070598 -0.06573784 0.7040908 -0.70706 -0.06574422 0.7050741 -0.7070438 -0.05440199 0.7050627 -0.7070559 -0.05439382 0.7058757 -0.7070578 -0.04252946 0.7057975 -0.7071136 -0.04289692 0.7064638 -0.7071095 -0.03008663 0.7064716 -0.7071022 -0.03007292 0.7068801 -0.7071071 -0.01789087 0.706882 -0.7071062 -0.01785331 0.7070958 -0.7071047 0.004312217 0.7070949 -0.7071059 0.00426203 0.7067588 -0.707101 0.02236562 0.7067592 -0.7071007 0.02236109 0.7060399 -0.7071059 0.03884673 0.7059469 -0.7071728 0.03931617 0.7047718 -0.7071085 0.05739736 0.7047762 -0.7071036 0.05740249 0.7035493 -0.7071085 0.0708248 0.7030529 -0.7070891 0.07577371 0.7020963 -0.7071045 0.08404815 0.7009612 -0.7071214 0.09291225 0.700336 -0.7071247 0.09748929 0.6982577 -0.7071146 0.1114689 0.6982712 -0.7071027 0.111459 0.6963632 -0.7070877 0.1229033 0.696384 -0.7071242 0.1225751 0.6945194 -0.7070776 0.1329819 0.6945698 -0.7070205 0.1330226 0.6926109 -0.7070869 0.1425427 0.6925586 -0.7071493 0.1424873 0.6906673 -0.707208 0.1511147 0.6907001 -0.7071075 0.1514351 0.6898649 -0.7071239 0.1551207 0.6891688 -0.7071081 0.1582553 0.6906916 -0.7071053 0.1514835 0.6926457 -0.7070451 0.1425805 0.6944561 -0.7071499 0.1329284 0.696388 -0.7071188 0.1225845 0.698246 -0.7070976 0.1116497 0.7003681 -0.7070948 0.0974763 0.7020936 -0.7071072 0.0840485 0.7035794 -0.7070789 0.07082003 0.7047807 -0.7071009 0.05738067 0.7059513 -0.707169 0.03930544 0.706745 -0.7071251 0.02203673 0.7070969 -0.707105 0.004071235 0.7068811 -0.7071065 -0.01787889 0.7064762 -0.707097 -0.03008741 0.7058218 -0.707086 -0.04295414 0.7050609 -0.7070553 -0.05442452 0.7040654 -0.7070848 -0.06575101 0.7028228 -0.7071642 -0.0771954 0.7014738 -0.7071083 -0.089064 0.7005445 -0.7071067 -0.09611195 0.6993288 -0.7070928 -0.1046857 0.6984801 -0.7070383 -0.1105553 0.6979615 -0.7071056 -0.1133648 0.6984478 -0.7071076 -0.1103166 0.7029035 -0.7071074 -0.07697939 -0.2295938 -0.7071041 -0.6687978 0 -0.7071057 -0.7071079 -6.3784e-7 -0.7071129 -0.7071008 0.2295937 -0.7071041 -0.6687979 0.2705919 -0.7071179 -0.6532722 0.4343148 -0.7071051 -0.5580081 0.4999961 -0.7071112 -0.4999976 0.5919692 -0.7071028 -0.3867532 0.6532709 -0.7071182 -0.2705942 0.6854596 -0.7071167 -0.1735836 0.7070952 -0.7071185 1.45659e-6 0.7046994 -0.7070985 0.05839979 0.6532744 -0.7071132 0.2705984 0.6475391 -0.7071094 0.2840588 0.5202525 -0.7071045 0.4788954 0.4999985 -0.7071086 0.4999988 0.3365436 -0.7071087 0.6218808 0.2705972 -0.7071078 0.6532807 0.1163861 -0.7071054 0.6974642 1.18278e-6 -0.7071194 0.7070942 -0.1163865 -0.7071055 0.6974641 -0.2705966 -0.7071079 0.6532809 -0.3365437 -0.7071089 0.6218805 -0.4999997 -0.7071085 0.499998 -0.5202525 -0.7071044 0.4788954 -0.6532747 -0.7071135 0.2705971 -0.6475391 -0.7071095 0.2840588 -0.7046993 -0.7070986 0.05839991 -0.7070952 -0.7071185 1.35577e-6 -0.6854595 -0.7071166 -0.1735845 -0.6532712 -0.7071183 -0.2705929 -0.5919694 -0.7071028 -0.386753 -0.4999976 -0.7071113 -0.4999961 -0.4343248 -0.7070738 -0.5580401 -0.2705913 -0.7071179 -0.6532723 0 -1 0 0 -1 1.15778e-6 0 -1 -3.42676e-7 0 -1 -3.73315e-7 0 -1 3.57568e-7 0 -1 2.05816e-7 0 -1 0 0 -1 0 0 -1 -1.71308e-6 0 -1 1.80436e-6 0 -1 0 0 -1 0 0 -1 0 0 -1 9.31961e-7 0 -1 3.92921e-7 0 -1 -5.86552e-7 0 -1 -4.48026e-7 0 -1 1.24249e-6 0 -1 -2.64147e-7 0 -1 -3.39305e-7 0 -1 5.23413e-7 0 -1 0 0 -1 0 0 -1 0 0 -1 0 0 -1 0 0 -1 0 0 -1 0 0 -1 2.88046e-7 0 -1 -1.74662e-7 0 -1 0 0 -1 -2.36741e-7 0 -1 2.28929e-7 0 -1 0 0 -1 0 0 -1 0 0 -1 0 0 -1 -2.4292e-7 0 -1 3.92388e-7 0 -1 -2.23845e-7 0 -1 0 0 -1 -3.75127e-7 0 -1 2.66811e-7 0 -1 -1.62642e-7 0 -1 0 0 -1 0 0 -1 0 0 -1 0 0 -1 -3.55818e-7 0 -1 0 0 -1 0 0 -1 -5.4564e-7 0 -1 0 0 -1 7.73548e-7 0 -1 -4.63582e-7 0 -1 -6.3707e-7 0 -1 9.06242e-7 0 -1 -2.27217e-7 0 -1 -2.65029e-7 0 -1 1.21904e-6 0 -1 -1.72871e-6 0 -1 0 0 -1 0 0 -1 0 0 -1 2.08567e-7 0 -1 -3.01611e-7 0 -1 3.57555e-7 0 -1 -4.59606e-7 0 -1 0 0 -1 -5.75449e-7 0 -1 2.36981e-7 0 -1 0 0 -1 3.90943e-7 0 -1 0 0 -1 1.20492e-7 0 -1 0 0.3826235 0 -0.9239044 0.3826216 0 -0.9239052 1.94417e-6 0 -1 -8.89869e-7 0 -1 -0.3826207 0 -0.9239056 -0.382624 0 -0.9239042 -0.7071056 0 -0.707108 -0.7071082 0 -0.7071055 -0.9239044 0 -0.3826237 -0.9239056 0 -0.3826208 -1 0 -1.42186e-6 -1 0 1.42186e-6 -0.9239053 0 0.3826217 -0.9239042 0 0.3826239 -0.7071075 0 0.7071061 -0.7071061 0 0.7071075 -0.3826235 0 0.9239044 -0.3826216 0 0.9239052 -1.94417e-6 0 1 8.89869e-7 0 1 0.3826207 0 0.9239056 0.382624 0 0.9239042 0.7071056 0 0.707108 0.7071082 0 0.7071055 0.9239044 0 0.3826237 0.9239056 0 0.3826208 1 0 1.42186e-6 1 0 -1.42186e-6 0.9239053 0 -0.3826217 0.9239042 0 -0.3826239 0.7071075 0 -0.7071061 0.7071061 0 -0.7071075 -0.6951013 -0.7070807 0.129889 -0.6934942 -0.7071346 0.1379369 -0.6593635 -0.7071017 0.2554353 -0.6532891 -0.7070983 0.270602 -0.6011865 -0.7071141 0.3722427 -0.5879122 -0.7071378 0.3928302 -0.5225775 -0.7070859 0.4763846 -0.4999885 -0.7071223 0.4999895 -0.4261372 -0.7070937 0.5642921 -0.3928534 -0.7070962 0.5879467 -0.3151935 -0.7070917 0.6329885 -0.2705875 -0.7071329 0.6532576 -0.1935181 -0.7070812 0.6801374 -0.1379495 -0.7071043 0.6935225 -0.06524604 -0.7070851 0.704112 5.35336e-7 -0.70712 0.7070936 0.06524676 -0.7070851 0.7041119 0.1379505 -0.7071044 0.6935223 0.1935182 -0.7070811 0.6801375 0.2706018 -0.707098 0.6532894 0.3151936 -0.7070916 0.6329886 0.3928536 -0.7070962 0.5879467 0.4261373 -0.7070937 0.5642921 0.5000145 -0.7070875 0.500013 0.5225459 -0.7071201 0.4763687 0.5879412 -0.707103 0.3928493 0.6011864 -0.7071141 0.3722428 0.653258 -0.7071332 0.2705858 0.6594004 -0.70707 0.2554278 0.6934941 -0.7071346 0.137937 0.6951013 -0.7070807 0.129889 0.4225879 -2.83834e-5 -0.906322 0.4225984 -2.70003e-6 -0.9063171 0.4225871 -2.49488e-5 -0.9063223 0.4226208 0 -0.9063067 0.28682 0 -0.9579845 0.2868174 0 -0.9579853 0.1448965 0 -0.9894469 0.1448929 0 -0.9894474 2.19e-6 0 -1 -2.23518e-6 0 -1 -0.1448929 0 -0.9894474 -0.1448964 0 -0.9894469 -0.2868176 0 -0.9579853 -0.28682 0 -0.9579845 -0.4225955 0 -0.9063184 -0.4226074 -2.70402e-6 -0.9063129 -0.4225879 -2.83834e-5 -0.906322 -0.4225871 -2.49488e-5 -0.9063223 0 1 0 0 1 1.75447e-7 0 1 5.44188e-7 0 1 3.7441e-7 0 1 -4.77399e-7 0 1 2.09276e-7 0 1 -4.29413e-7 0 1 1.20651e-7 0 1 2.41224e-7 0 1 0 0 1 0 0 1 0 0 1 0 0 1 0 0 1 -4.29413e-7 0 1 -4.774e-7 0 1 1.75448e-7 0 1 3.7441e-7 0 1 5.44188e-7 0 1 0 0 1 0 0 1 0 0 1 0 0 1 3.10225e-7 0 1 -2.95859e-7 0 1 0 0 1 1.31527e-7 0 1 0 0 1 5.77213e-7 0 1 0 0 1 -7.8688e-7 0 1 0 0 1 -5.87893e-7 0 1 4.47224e-7 0 1 0 0 1 2.42582e-7 0 1 -7.8063e-7 0 1 0 0 1 3.32566e-7 0 1 -7.06212e-7 0 1 0 0 1 0 0 1 6.33553e-7 0 1 3.34093e-7 0 1 0 0 1 -2.95665e-7 0 1 -1.46935e-6 0 1 0 0 1 -3.79203e-7 0 1 0 0 1 -7.84534e-7 0 1 -2.84269e-7 0 1 3.13495e-7 0 1 -1.70601e-7 0 1 2.16271e-7 0 1 -4.66082e-7 0 1 2.11953e-7 0 1 1.63379e-7 0 1 0 0 1 -6.0186e-7 0 1 0 0 1 -1.9491e-7 0 1 4.88762e-7 0 1 6.11301e-7 0 1 1.70113e-7 0 1 -1.73551e-6 0 1 1.37257e-7 0 1 0 0 1 0 0 1 -1.85705e-7 0 1 0 0 1 0 0 1 -2.2692e-7 0 1 0 0 1 2.71643e-7 -0.1837592 0 -0.9829714 -0.1837668 0 -0.9829699 7.19297e-6 0 -1 -7.18821e-6 0 -1 0.1837669 0 -0.9829699 0.1837592 0 -0.9829713 0.3612376 0 -0.9324739 0.3612365 0 -0.9324742 0.5264634 0 -0.8501979 0.5264624 0 -0.8501984 0.6736984 0 -0.7390065 0.6736975 0 -0.7390072 0.7979527 0 -0.6027201 0.7979499 0 -0.6027238 0.8951484 0 -0.4457683 0.8951464 0 -0.4457725 0.9618234 0 -0.273671 0.9618232 0 -0.2736721 0.9957293 0 -0.09232145 0.9957292 0 -0.09232246 0.9957292 0 0.09232246 0.9957293 0 0.09232139 0.9618228 0 0.2736729 0.9618235 0 0.2736708 0.8951474 0 0.4457703 0.8951488 0 0.4457675 0.7979507 0 0.6027227 0.7979505 0 0.602723 0.6736968 0 0.7390079 0.6736978 0 0.7390069 0.5264636 0 0.8501977 0.5264668 0 0.8501958 0.3612343 0 0.9324751 0.3612368 0 0.9324741 0.1837626 0 0.9829708 0.1837668 0 0.9829699 -2.20076e-6 0 1 2.20076e-6 0 1 -0.1837669 0 0.9829699 -0.1837626 0 0.9829708 -0.3612368 0 0.9324741 -0.3612343 0 0.9324751 -0.5264668 0 0.8501958 -0.5264636 0 0.8501978 -0.6736978 0 0.7390069 -0.6736968 0 0.7390079 -0.7979506 0 0.602723 -0.7979507 0 0.6027227 -0.8951489 0 0.4457675 -0.8951474 0 0.4457703 -0.9618235 0 0.2736708 -0.9618228 0 0.273673 -0.9957293 0 0.09232139 -0.9957292 0 0.09232246 -0.9957292 0 -0.09232246 -0.9957293 0 -0.09232145 -0.9618232 0 -0.2736721 -0.9618234 0 -0.2736711 -0.8951464 0 -0.4457725 -0.8951484 0 -0.4457683 -0.79795 0 -0.6027238 -0.7979528 0 -0.6027202 -0.6736975 0 -0.7390072 -0.6736983 0 -0.7390065 -0.5264624 0 -0.8501984 -0.5264634 0 -0.8501979 -0.3612365 0 -0.9324742 -0.3612375 0 -0.9324738 -0.2617888 0 0.9651253 -0.2536907 -4.98258e-7 0.9672854 -0.2617736 6.12857e-6 0.9651293 -0.2308519 4.09782e-6 0.9729889 -0.1969661 5.16698e-6 0.9804104 -0.1320456 1.35303e-5 0.9912437 -0.1570562 2.58995e-7 0.9875897 -0.05255734 -5.03852e-5 0.998618 2.65193e-7 -2.04644e-5 1 0.05255728 -5.03927e-5 0.9986179 0.1320459 -8.3819e-6 0.9912437 0.1570562 9.4506e-7 0.9875897 0.1969855 -7.09668e-6 0.9804064 0.2308503 7.39656e-6 0.9729893 0.2617431 9.01148e-6 0.9651377 0.2536877 -1.60886e-7 0.9672862 0.2617866 1.81391e-7 0.9651259 0 1 0 0 1 5.51394e-7 0 1 4.85472e-7 0 1 -1.76227e-7 0 1 -4.56837e-7 0 1 4.06834e-7 0 1 1.77243e-7 0 1 1.601e-7 0 1 -1.99216e-7 0 1 0 0 1 2.74762e-7 0 1 0 0 1 1.39857e-7 0 1 0 0 1 0 0 1 -5.85568e-7 0 1 0 0 1 2.748e-7 0 1 1.77149e-6 0 1 2.49467e-7 0 1 3.32622e-7 0 1 2.36199e-6 0 1 3.664e-7 0 1 0 0 1 -5.85567e-7 0 1 0 0 1 0 0 1 1.30848e-7 0 1 0 0 1 3.53972e-7 0 1 -2.02909e-7 0 1 0 0 1 1.22245e-7 0 1 0 0 1 0 0 1 0 0 1 0 0 1 0 0 1 8.00305e-7 0 1 6.8294e-7 0 1 0 0 1 0 0 1 0 0.1379497 -0.7071076 0.6935191 0.133795 -0.7070999 0.6943404 0 -0.7071055 0.7071082 0 -0.707106 0.7071076 -0.133795 -0.7071 0.6943404 0.2627754 -0.7070906 0.6564846 0.270601 -0.7071304 0.6532546 0.3822641 -0.7070822 0.5949026 0.3928467 -0.707096 0.5879513 0.4879544 -0.7070963 0.5117766 0.5000002 -0.7071061 0.5000008 0.5759916 -0.7071012 0.4101728 0.5879393 -0.7071016 0.3928546 0.6432116 -0.7070882 0.2937775 0.6532874 -0.7070959 0.2706124 0.6871757 -0.7071048 0.1667104 0.6935232 -0.7071027 0.1379546 0.706293 -0.7071207 0.03362387 0.7071086 -0.707105 1.4127e-6 0.6999251 -0.7070938 -0.100615 0.693515 -0.707111 -0.1379533 0.6682401 -0.7070901 -0.2312549 0.6532808 -0.7071074 -0.2705984 0.6123746 -0.7071055 -0.3535524 0.5879195 -0.7071201 -0.3928509 0.5344135 -0.7070945 -0.4630547 0.4999949 -0.7071105 -0.4999997 0.4371262 -0.7070903 -0.5558274 0.3928442 -0.7071099 -0.5879363 0.3240179 -0.707104 -0.6285033 0.2705736 -0.7071369 -0.6532592 0.1992329 -0.7070813 -0.6784853 0.1379314 -0.7071475 -0.6934821 0.06721657 -0.7070991 -0.7039125 -2.10392e-7 -0.7071302 -0.7070834 -0.06721663 -0.7070991 -0.7039124 -0.1379312 -0.7071475 -0.6934821 -0.199233 -0.7070812 -0.6784855 -0.2705739 -0.7071367 -0.6532592 -0.3240181 -0.707104 -0.6285032 -0.392844 -0.7071099 -0.5879365 -0.4371262 -0.7070903 -0.5558273 -0.4999951 -0.7071105 -0.4999997 -0.5344135 -0.7070946 -0.4630546 -0.5879195 -0.7071202 -0.3928507 -0.6124135 -0.7070799 -0.3535361 -0.6532807 -0.7071074 -0.2705983 -0.6682401 -0.70709 -0.2312551 -0.6935151 -0.707111 -0.1379534 -0.6999251 -0.7070938 -0.1006147 -0.7071084 -0.7071052 1.96346e-6 -0.706293 -0.7071207 0.03362375 -0.6935228 -0.707103 0.1379547 -0.6871754 -0.7071052 0.1667101 -0.6532871 -0.7070962 0.2706124 -0.6432057 -0.7071115 0.293734 -0.5879392 -0.7071017 0.3928547 -0.5759915 -0.7071012 0.4101727 -0.5000001 -0.7071062 0.5000007 -0.4879543 -0.7070964 0.5117765 -0.3928488 -0.7071268 0.5879128 -0.3822865 -0.7071028 0.5948637 -0.270601 -0.7071305 0.6532546 -0.2627755 -0.7070906 0.6564845 -0.1379486 -0.7071425 0.6934838 -0.1892311 0 0.9819326 -0.1892235 0 0.9819341 -4.9314e-6 0 1 4.9314e-6 0 1 0.1892238 0 0.9819341 0.189231 0 0.9819326 0.3716036 0 0.9283916 0.3716081 0 0.9283897 0.5406695 0 0.8412352 0.5406765 0 0.8412306 0.6901363 0 0.7236796 0.6901444 0 0.7236717 0.8145895 0 0.5800378 0.8145934 0 0.5800324 0.9096191 0 0.4154433 0.9096208 0 0.4154397 0.9717914 0 0.2358422 0.9717927 0 0.2358369 0.9988688 0 0.04755073 0.9988692 0 0.04754525 0.989816 0 -0.1423525 0.9898154 0 -0.1423568 0.945023 0 -0.3270039 0.9450219 0 -0.3270071 0.8659938 0 -0.5000548 0.8659909 0 -0.5000599 0.7557084 0 -0.6549083 0.7557038 0 -0.6549136 0.618234 0 -0.7859941 0.6182311 0 -0.7859964 0.4582759 0 -0.8888101 0.4582746 0 -0.8888108 0.2816655 0 -0.9595127 0.2816667 0 -0.9595124 0.09500539 0 -0.9954769 0.09500461 0 -0.9954769 -0.09500473 0 -0.9954769 -0.09500539 0 -0.9954769 -0.2816669 0 -0.9595124 -0.2816653 0 -0.9595128 -0.4582751 0 -0.8888104 -0.4582757 0 -0.8888101 -0.6182315 0 -0.7859961 -0.6182336 0 -0.7859945 -0.7557041 0 -0.6549133 -0.7557082 0 -0.6549085 -0.8659909 0 -0.5000599 -0.8659936 0 -0.5000553 -0.9450221 0 -0.3270067 -0.945023 0 -0.3270039 -0.9898154 0 -0.1423567 -0.989816 0 -0.1423529 -0.9988692 0 0.04754525 -0.998869 0 0.04755067 -0.9717928 0 0.2358367 -0.9717914 0 0.2358422 -0.9096208 0 0.4154396 -0.909619 0 0.4154435 -0.8145939 0 0.5800317 -0.8145896 0 0.5800379 -0.6901447 0 0.7236714 -0.6901357 0 0.72368 -0.540677 0 0.8412303 -0.5406692 0 0.8412354 -0.3716083 0 0.9283896 -0.3716031 0 0.9283918 0.1134164 -0.7071386 0.6979196 0.1079336 -0.7071044 0.6988231 0 -0.7071477 0.7070659 0 -0.7071081 0.7071055 -0.1079735 -0.707121 0.6988002 0.2133472 -0.7071048 0.6741557 0.2239152 -0.7071177 0.670706 0.3137562 -0.7071006 0.6336923 0.3286083 -0.7071088 0.62611 0.406813 -0.7070937 0.5783786 0.4247867 -0.7071112 0.5652876 0.4903303 -0.7071082 0.5094843 0.5099603 -0.7071183 0.4898205 0.5623663 -0.7070901 0.4286816 0.5819181 -0.7071331 0.4016642 0.621219 -0.7070836 0.3378164 0.6388321 -0.7071113 0.303129 0.6654801 -0.7071141 0.2390102 0.679199 -0.7070963 0.1967326 0.694191 -0.7070876 0.1346328 0.701935 -0.7071232 0.08522969 0.7066137 -0.707081 0.02708524 0.7065255 -0.7071146 -0.02847218 0.7024471 -0.707101 -0.08109456 0.6928101 -0.7071136 -0.1414377 0.6818561 -0.7070786 -0.1873824 0.6611537 -0.7071098 -0.2507423 0.6452448 -0.707098 -0.2892606 0.6123548 -0.707129 -0.3535398 0.5935196 -0.7071089 -0.3843587 0.547716 -0.7071254 -0.4471923 0.5279064 -0.7070783 -0.470484 0.4689087 -0.7070887 -0.5292924 0.4498958 -0.7070878 -0.5455462 0.3779122 -0.7071372 -0.5976115 0.361344 -0.7070937 -0.6078231 0.277156 -0.7071273 -0.6505041 0.2643379 -0.7071271 -0.6558176 0.1692218 -0.7071064 -0.6865599 0.1610468 -0.7070484 -0.6885831 0.05691063 -0.7070861 -0.7048338 0.0539537 -0.7071053 -0.7050469 -0.05691069 -0.707086 -0.7048338 -0.0539546 -0.7071054 -0.7050468 -0.1611045 -0.7070966 -0.6885201 -0.1692219 -0.7071064 -0.6865599 -0.2643246 -0.7070979 -0.6558545 -0.2771561 -0.7071273 -0.6505041 -0.361344 -0.7070937 -0.6078233 -0.3779261 -0.7071026 -0.5976436 -0.4498958 -0.7070876 -0.5455464 -0.4689084 -0.7070885 -0.5292927 -0.5279061 -0.7070785 -0.4704842 -0.5477161 -0.7071255 -0.4471921 -0.5935193 -0.7071091 -0.3843586 -0.6123549 -0.707129 -0.3535394 -0.6452445 -0.7070981 -0.2892609 -0.6611537 -0.7071098 -0.2507422 -0.6818561 -0.7070785 -0.1873826 -0.6928102 -0.7071135 -0.1414375 -0.7024472 -0.7071009 -0.08109444 -0.7065256 -0.7071146 -0.02847141 -0.7066137 -0.707081 0.02708578 -0.701935 -0.7071233 0.08522987 -0.6941577 -0.7071223 0.1346222 -0.6791987 -0.7070964 0.1967331 -0.6654803 -0.7071141 0.2390101 -0.6388321 -0.7071112 0.3031292 -0.6212192 -0.7070834 0.3378162 -0.581918 -0.7071331 0.4016644 -0.5623665 -0.70709 0.4286813 -0.5099606 -0.7071183 0.4898203 -0.4903306 -0.707108 0.5094843 -0.424787 -0.7071111 0.5652876 -0.4068131 -0.7070934 0.578379 -0.3286086 -0.7071087 0.62611 -0.3137494 -0.7070696 0.6337302 -0.2239247 -0.7070829 0.6707396 -0.213347 -0.7071047 0.6741558 -0.1134165 -0.7071384 0.6979197 0.4999237 0 -0.8660694 0.499933 0 -0.8660641 -9.93845e-6 0 -1 9.93845e-6 0 -1 -0.4999327 0 -0.8660643 -0.4999234 0 -0.8660696 -0.866068 0 -0.4999263 -0.8660659 0 -0.4999299 -1 0 5.99058e-7 -1 0 -3.56489e-6 -0.8660634 0 0.4999342 -0.8660643 0 0.4999326 -0.4999257 0 0.8660683 -0.4999352 0 0.8660629 9.95814e-6 0 1 -9.95814e-6 0 1 0.4999354 0 0.8660627 0.499926 0 0.8660682 0.8660643 0 0.4999328 0.8660633 0 0.4999344 1 0 -3.57471e-6 1 0 6.18699e-7 0.8660659 0 -0.49993 0.8660679 0 -0.4999265 0.4999263 0 -0.866068 0.4999258 0 -0.8660683 8.2002e-6 0 -1 -8.2002e-6 0 -1 -0.4999261 0 -0.8660681 -0.4999266 0 -0.8660678 -0.8660675 0 -0.499927 -0.8660622 0 -0.4999365 -1 0 6.2852e-7 -1 0 -3.57471e-6 -0.8660671 0 0.4999279 -0.8660646 0 0.4999322 -0.4999318 0 0.8660648 -0.4999275 0 0.8660673 8.74036e-7 0 1 -8.74036e-7 0 1 0.4999272 0 0.8660675 0.4999316 0 0.866065 0.8660646 0 0.4999321 0.8660671 0 0.4999277 1 0 -3.56489e-6 1 0 5.99058e-7 0.8660622 0 -0.4999364 0.8660677 0 -0.4999269 0.4999266 0 -0.8660678 0.499926 0 -0.8660681 -0.4999256 0 -0.8660683 -0.4999264 0 -0.8660679 -0.8660677 0 -0.4999269 -0.8660622 0 -0.4999362 -0.8660671 0 0.4999279 -0.8660647 0 0.4999321 -0.4999315 0 0.866065 -0.4999273 0 0.8660674 0.4999276 0 0.8660672 0.4999318 0 0.8660649 0.8660646 0 0.4999321 0.866067 0 0.499928 0.8660675 0 -0.4999271 0.4999234 0 -0.8660697 0.4999328 0 -0.8660642 -0.4999331 0 -0.866064 -0.4999237 0 -0.8660696 -0.8660679 0 -0.4999264 -0.8660659 0 -0.4999302 -0.8660634 0 0.4999343 -0.8660642 0 0.4999328 -0.4999261 0 0.8660681 -0.4999353 0 0.8660628 0.4999351 0 0.866063 0.4999257 0 0.8660684 0.8660643 0 0.4999327 0.8660635 0 0.4999341 0.8660659 0 -0.49993 0.866068 0 -0.4999263 0 -1 0 0 -1 -8.91468e-7 0 -1 0 0 -1 2.02889e-7 0 -1 -2.02889e-7 0 -1 2.47849e-7 0 -1 0 0 -1 1.18863e-6 0 -1 4.45735e-7 0 -1 1.47882e-7 0 -1 2.12785e-7 0 -1 -1.47882e-7 0 -1 -4.45734e-7 0 -1 -1.18862e-6 0 -1 -2.12785e-7 0 -1 8.91468e-7 0 -1 0 0 -1 0 0 -1 -2.02889e-7 0 -1 2.02889e-7 0 -1 -2.47849e-7 0 -1 0 0 -1 0 0 -1 -8.91468e-7 0 -1 0 0 -1 2.47846e-7 0 -1 0 0 -1 1.18863e-6 0 -1 4.45734e-7 0 -1 1.47883e-7 0 -1 2.12784e-7 0 -1 -1.47883e-7 0 -1 -4.45734e-7 0 -1 -1.18862e-6 0 -1 -2.12784e-7 0 -1 8.9147e-7 0 -1 0 0 -1 0 0 -1 -2.47846e-7 0 -1 0 0 -1 1.50776e-6 0 -1 1.52156e-7 0 -1 0 0 -1 -1.91024e-7 0 -1 0 0 -1 -3.59957e-7 0 -1 7.51828e-7 0 -1 0 0 -1 1.66272e-6 0 -1 2.23237e-7 0 -1 -7.88424e-7 0 -1 2.50662e-7 0 -1 0 0 -1 -1.36024e-7 0 -1 0 0 -1 0 0 -1 0 0 -1 -8.4538e-7 0 -1 0 0 -1 2.29249e-7 0 -1 0 0 -1 1.28518e-7 0 -1 0 0 -1 0 0 -1 0 0 -1 0 0 -1 -1.37599e-7 0 -1 -2.31449e-7 0.5000077 -1.45435e-5 -0.866021 0.5000246 0 -0.8660113 -5.43939e-6 -2.34842e-5 -1 8.42672e-6 0 -1 -0.500003 -1.28001e-5 -0.8660238 -0.5000145 0 -0.8660171 -0.8660247 -1.23531e-5 -0.5000013 -0.8660113 0 -0.5000245 -1 -1.73301e-5 3.90084e-6 -1 0 -6.1187e-6 -0.8660302 -1.24276e-5 0.4999917 -0.8660163 0 0.5000159 -0.5000118 -1.5974e-5 0.8660186 -0.5000249 0 0.8660111 5.38025e-6 -2.55704e-5 1 -8.42672e-6 0 1 0.5000015 -1.47671e-5 0.8660246 0.5000143 0 0.8660172 0.8660255 -1.34706e-5 0.4999998 0.866011 0 0.5000251 1 -1.81496e-5 -3.20375e-6 1 0 7.50351e-6 0.8660299 -6.13928e-5 -0.4999923 0.8660164 0 -0.5000158 0.5000341 -1.62274e-5 -0.8660057 0.5000224 0 -0.8660125 -3.9814e-6 -2.55257e-5 -1 5.61781e-6 0 -1 -0.5000006 -1.51247e-5 -0.8660251 -0.500016 0 -0.8660162 -0.8660253 -1.47373e-5 -0.5000003 -0.8660125 0 -0.5000222 -1 -1.77473e-5 3.21772e-6 -1 0 -6.1678e-6 -0.8660298 -6.12885e-5 0.4999924 -0.8660164 0 0.5000158 -0.5000125 -1.47373e-5 0.8660183 -0.5000246 0 0.8660113 5.46826e-6 -2.34395e-5 1 0.5000023 -1.30683e-5 0.8660242 0.5000145 0 0.8660171 0.8660249 -1.22935e-5 0.500001 0.8660109 0 0.5000251 1 -1.67936e-5 -3.63682e-6 1 0 6.69816e-6 0.866031 -1.37836e-5 -0.4999904 0.8660161 0 -0.500016 0.5000075 -1.64509e-5 -0.8660211 0.5000221 0 -0.8660126 -3.97861e-6 -2.55257e-5 -1 -0.5000006 -1.48267e-5 -0.8660251 -0.5000163 0 -0.866016 -0.8660252 -1.42753e-5 -0.5000006 -0.8660126 0 -0.5000222 -1 -1.67489e-5 3.14508e-6 -0.8660296 -6.1065e-5 0.4999927 -0.5000123 -1.4469e-5 0.8660183 5.45941e-6 -2.34246e-5 1 0.5000022 -1.32918e-5 0.8660242 0.8660249 -1.25319e-5 0.5000009 1 -1.77175e-5 -3.63216e-6 1 0 6.74727e-6 0.8660312 -1.40518e-5 -0.4999901 0.8660162 0 -0.500016 0.4999814 -1.43796e-5 -0.8660362 0.5000249 0 -0.8660111 -5.43008e-6 -2.34842e-5 -1 -0.5000031 -1.30832e-5 -0.8660236 -0.5000143 0 -0.8660172 -0.8660249 -1.24723e-5 -0.500001 -0.8660114 0 -0.5000245 -1 -1.81496e-5 3.97395e-6 -0.8660304 -1.28597e-5 0.4999913 -0.5000119 -1.63913e-5 0.8660187 5.37978e-6 -2.55853e-5 1 0.5000016 -1.46478e-5 0.8660245 0.8660254 -1.31726e-5 0.5 1 -1.72555e-5 -3.21446e-6 1 0 7.4544e-6 0.8660297 -6.11246e-5 -0.4999924 0.8660163 0 -0.5000159 3.23728e-5 -2.6971e-5 1 2.64496e-6 0 1 0.3826887 -3.94136e-5 0.9238774 0.3825963 0 0.9239156 0.7071135 -2.35885e-5 0.7071002 0.7070569 0 0.7071567 0.9238801 -2.72542e-5 0.3826821 0.9239665 0 0.3824735 1 -1.07586e-5 -5.27129e-7 1 0 -1.81827e-6 0.9238841 -3.78937e-5 -0.3826726 0.9239665 0 -0.3824735 0.7071042 -3.84301e-5 -0.7071095 0.7070571 0 -0.7071565 0.3826807 -5.06789e-5 -0.9238808 0.3825917 0 -0.9239175 2.08386e-5 -3.1516e-5 -1 1.83582e-5 0 -1 1.2733e-5 0 -1 2.82601e-5 -3.96669e-5 -1 0.383386 0 -0.9235883 0.3835058 2.28729e-4 -0.9235385 0.7143303 -1.4932e-7 -0.6998088 0.7143308 5.75241e-4 -0.699808 0.9251584 0 -0.3795814 0.9250777 2.60379e-4 -0.379778 0.9999691 4.6043e-5 0.007867336 0.9999691 -3.36394e-5 0.007867038 0.999982 0 -0.006013035 0.9999818 -1.08629e-5 -0.006038606 0.9990578 0 -0.04340207 0.9990539 -2.09883e-5 -0.04348933 0.9984881 0 -0.0549696 0.998489 -2.84873e-5 -0.05495446 0.9966969 0 -0.08121162 0.9966987 -7.46548e-6 -0.0811901 0.9931223 0 -0.1170819 0.993119 -2.85432e-5 -0.1171103 0.9540899 0 0.2995204 0.9543285 2.96671e-4 0.2987593 0.7477956 0 0.6639291 0.7445889 8.04365e-4 0.6675229 0.4091548 0 0.912465 0.4110353 3.355e-4 0.9116194 3.17767e-5 0 1 2.77173e-5 -1.50278e-5 1 2.51383e-5 0 1 2.45643e-5 -3.38256e-5 1 0.3826909 -1.74046e-5 0.9238765 0.3826405 0 0.9238973 0.7071027 -3.61502e-5 0.7071109 0.7070542 0 0.7071593 0.9238758 -5.59837e-5 0.3826924 0.9238697 0 0.3827072 1 -4.0859e-5 1.22627e-5 1 0 -2.25372e-6 0.9238771 -2.02358e-5 -0.3826894 0.9238696 0 -0.3827076 0.7071107 -4.673e-5 -0.7071029 0.7070546 0 -0.7071591 0.3826897 -3.30359e-5 -0.923877 0.3826379 0 -0.9238985 2.21634e-5 -1.86265e-6 -1 1.92523e-5 0 -1 3.4906e-5 0 -1 2.15917e-5 -2.14353e-5 -1 0.3476653 0 -0.9376187 0.3477079 2.00354e-4 -0.937603 0.6569105 0 -0.7539685 0.6568874 4.09838e-4 -0.7539886 0.8753658 0 -0.4834613 0.8752699 2.30648e-4 -0.4836347 0.9892365 -5.01897e-6 -0.1463253 0.9892388 -1.25915e-6 -0.1463103 0.9883893 8.6464e-6 -0.1519429 0.9874589 -1.36353e-5 -0.1578769 0.9874712 -2.97949e-5 -0.1577995 0.9847549 -5.63264e-6 -0.1739477 0.9847228 -2.39155e-5 -0.1741297 0.9818369 -1.39177e-5 -0.1897271 0.9818394 0 -0.1897145 0.998043 4.13425e-5 0.06253337 0.9951707 2.25399e-4 0.09815967 0.9511715 1.02108e-5 0.3086631 0.9258261 4.81628e-4 0.3779498 0.8421133 4.13765e-5 0.5393008 0.779708 6.01396e-4 0.626143 0.6829552 4.88944e-7 0.7304603 0.5700608 6.00502e-4 0.8216024 0.4767003 8.1672e-5 0.8790659 0.3096573 5.00605e-4 0.9508481 0.2396668 4.56575e-5 0.9708552 0.02798742 2.26811e-4 0.9996083 -0.007876515 4.19939e-5 0.999969 -0.2588046 -1.11014e-5 0.9659297 -0.2588233 0 0.9659247 0.258815 0 0.965927 0.007953584 0 0.9999684 0.2587935 -2.53916e-5 0.9659327 0.007586538 1.53244e-4 0.9999713 -0.239618 0 0.9708673 -0.2397582 4.70243e-4 0.9708325 -0.4769371 0 0.8789376 -0.4766513 5.74261e-4 0.8790924 -0.6828629 0 0.7305465 -0.682914 6.28263e-4 0.7304986 -0.8420847 0 0.5393455 -0.8420611 6.06969e-4 0.5393819 -0.9511614 0 0.3086943 -0.9511479 4.20257e-4 0.3087353 -0.9980595 0 0.06226867 -0.9980358 1.56425e-4 0.06264734 -0.9818364 2.58809e-5 -0.1897292 -0.9818387 -4.11123e-5 -0.1897183 -0.9847228 -2.39215e-5 -0.1741297 -0.9847559 -2.95229e-7 -0.1739422 -0.9874708 -2.72578e-5 -0.1578021 -0.9874709 2.9318e-6 -0.1578015 -0.9883909 4.57099e-6 -0.1519329 -0.9883892 -1.42641e-5 -0.1519435 -0.989235 3.57178e-6 -0.146336 -0.9892402 -2.68892e-5 -0.1463013 -0.8753796 0 -0.4834363 -0.8760378 2.09123e-4 -0.4822424 -0.6568825 0 -0.753993 -0.6533159 5.90846e-4 -0.7570853 -0.3475812 0 -0.93765 -0.349188 2.38948e-4 -0.9370527 -9.46224e-6 0 -1 -2.32405e-5 -2.89232e-5 -1 -1.28895e-6 0 -1 -7.30915e-6 -1.52141e-5 -1 -0.3826861 -2.41101e-5 -0.9238786 -0.3826402 0 -0.9238975 -0.7071179 -3.08603e-5 -0.7070957 -0.7070564 0 -0.7071573 -0.9238756 -9.52184e-6 -0.3826928 -0.9238713 0 -0.3827033 -1 -4.08739e-5 -1.35463e-5 -1 0 2.38914e-6 -0.9238856 -1.74642e-5 0.3826689 -0.9238699 0 0.3827067 -0.7071115 -5.08577e-5 0.7071021 -0.7070578 0 0.7071558 -0.3826898 -2.61664e-5 0.923877 -0.3826473 0 0.9238946 -1.4222e-5 -3.88771e-5 1 -2.49669e-5 0 1 -3.84673e-5 0 1 -2.1331e-5 -2.19047e-5 1 -0.4091489 0 0.9124677 -0.4110278 3.34229e-4 0.9116228 -0.7477757 0 0.6639515 -0.7445923 8.0806e-4 0.667519 -0.9540906 0 0.2995183 -0.9543267 2.8513e-4 0.2987652 -0.9931225 0 -0.1170808 -0.9931201 -4.14625e-5 -0.1171002 -0.9950571 -4.53994e-5 -0.09930455 -0.9966982 -2.33985e-5 -0.08119595 -0.996698 0 -0.08119797 -0.9984881 0 -0.05496799 -0.9984892 -2.57194e-5 -0.0549488 -0.999058 0 -0.04339736 -0.9990544 -2.24151e-5 -0.04347872 -0.9999817 0 -0.006056368 -0.9999817 -3.7726e-5 -0.006046593 -0.9999685 0 0.00794059 -0.999969 -7.85291e-6 0.007882416 -0.9251446 1.15401e-5 -0.3796149 -0.9030894 3.25523e-4 -0.4294526 -0.7143647 2.68687e-7 -0.6997736 -0.6281076 5.16906e-4 -0.7781263 -0.383358 3.81307e-6 -0.9235998 -0.3317425 2.00052e-4 -0.9433701 -2.02656e-5 -4.75143e-6 -1 -2.20644e-5 -2.51159e-5 -1 -2.6688e-5 0 -1 -1.73451e-5 -7.16746e-6 -1 -0.3826876 -4.12762e-5 -0.9238779 -0.3825948 0 -0.9239163 -0.7071129 -2.25753e-5 -0.7071007 -0.7070546 0 -0.7071589 -0.9238807 -2.78056e-5 -0.3826808 -0.9238303 2.05658e-7 -0.3828024 -1 -1.07586e-5 4.09083e-7 -1 0 1.27666e-6 -0.9238834 -3.7685e-5 0.3826739 -0.9239661 0 0.3824745 -0.7071062 -3.9354e-5 0.7071074 -0.7070562 0 0.7071574 -0.3826814 -4.88907e-5 0.9238805 -0.382594 0 0.9239166 -2.94396e-5 -4.3422e-5 1 -2.12193e-5 0 1 -9.16421e-6 0 1 -2.93404e-5 -3.52785e-5 1 -0.3724209 0 0.928064 -0.3725064 2.45132e-4 0.9280297 -0.6970186 0 0.7170532 -0.6970115 5.44574e-4 0.7170597 -0.9110034 0 0.4123988 -0.9109629 2.40415e-4 0.4124885 -0.9992048 -1.65182e-6 0.03987288 -0.9992026 -4.0777e-5 0.03992682 -0.9987562 1.80108e-5 0.04986155 -0.9981431 -1.57278e-4 0.06091219 -0.9981454 -7.89761e-7 0.06087571 -0.99668 -1.25684e-4 0.08141994 -0.9964293 -1.97231e-5 0.08443212 -0.9947251 -1.58838e-4 0.1025778 -0.9947153 -2.17408e-5 0.1026713 -0.9902645 7.19726e-5 -0.1391988 -0.99027 0 -0.1391593 -0.9285987 1.20795e-5 -0.3710858 -0.928662 5.06982e-4 -0.3709269 -0.8112071 -6.50738e-7 -0.5847589 -0.8112663 4.64216e-4 -0.5846768 -0.6499138 -8.0367e-7 -0.760008 -0.6498642 5.94005e-4 -0.7600501 -0.4477742 5.65966e-5 -0.8941467 -0.4470884 6.1509e-4 -0.8944897 -0.2187665 3.15194e-6 -0.9757773 -0.2197111 5.58332e-4 -0.9755648 0.01912766 1.65582e-4 -0.999817 0.01859086 6.12514e-6 -0.9998272 0.258786 1.67411e-6 -0.9659347 0.2588146 -5.20498e-5 -0.965927 0.2587071 0 -0.9659558 0.2587364 -1.89292e-6 -0.965948 0.2588172 -4.92334e-5 -0.9659263 0.2588181 0 -0.9659261 -1 0 0 -1 0 -1.39214e-5 -1 0 -4.52995e-6 -0.9848127 0 -0.17362 -0.9848128 0 -0.1736199 -0.9396934 0 -0.3420183 -0.8660199 0 -0.5000094 -0.8660262 0 -0.4999988 -0.9396933 0 -0.3420183 -0.8660353 3.22732e-5 -0.499983 -0.8660437 0 -0.4999684 -0.9680124 0 -0.2509026 -0.967925 0 -0.2512395 -0.9998689 0 0.01619267 -0.9592665 0 0.282503 -0.9592611 0 0.2825213 -0.999869 0 0.01619273 -0.9960667 0 -0.08860641 -0.9960675 0 -0.08859843 -0.8943521 0 -0.4473639 -0.8943556 0 -0.4473568 -0.6681864 0 -0.743994 -0.6681926 0 -0.7439885 -0.3491425 0 -0.9370697 -0.3491503 0 -0.9370667 0.01845347 0 -0.9998298 0.01844525 0 -0.9998299 0.3835673 0 -0.9235129 0.3835597 0 -0.9235162 0.6952418 0 -0.7187759 0.6952359 0 -0.7187817 0.9102928 0 -0.4139649 0.9102895 0 -0.4139724 0.998665 0 -0.0516538 0.9986647 0 -0.0516619 0.9481627 0 0.3177853 0.9481654 0 0.3177776 0.7657207 0 0.6431733 0.7657259 0 0.6431673 0.4767672 0 0.8790297 0.4767742 0 0.8790258 0.1215688 0 0.9925831 0.1215547 6.58378e-5 0.9925847 0.4245791 0 0.9053909 0.4245788 0 0.905391 0.6853954 0 0.7281711 0.8778949 0 0.4788534 0.8778939 1.43995e-6 0.4788555 0.685396 0 0.7281706 0.9450956 0 0.326794 0.9450957 0 0.326794 0.9861764 0 0.1656992 1 0 7.22706e-6 1 0 3.40417e-5 0.9861764 0 0.1656991 1 0 0 0.1071231 -5.8306e-6 -0.9942458 0.1071331 2.87103e-6 -0.9942448 0.08715039 -3.10351e-5 -0.9961952 -0.01568692 -5.26081e-5 -0.999877 -0.0871647 -1.72555e-5 -0.996194 -0.1383156 -1.05761e-5 -0.9903883 -0.2588051 -4.78327e-5 -0.9659296 -0.258832 0 -0.9659224 0.1581706 1.8463e-5 -0.9874118 0.2087652 7.67759e-6 -0.9779658 -0.2588185 0 -0.9659261 -0.2588083 -4.55379e-5 -0.9659287 -0.01862072 0 -0.9998267 -0.01892226 1.05359e-4 -0.999821 0.2187074 0 -0.9757905 0.2188993 5.01025e-4 -0.9757474 0.4474471 0 -0.8943104 0.4479011 4.54865e-4 -0.894083 0.6499038 0 -0.7600165 0.6487309 6.40467e-4 -0.7610176 0.8111767 0 -0.5848012 0.8119284 6.20533e-4 -0.5837568 0.9286119 0 -0.3710524 0.928394 4.83915e-4 -0.3715969 0.9902698 0 -0.1391608 0.9902986 2.1331e-4 -0.138956 0.9947199 0 0.1026273 0.9947209 -2.12044e-5 0.1026169 0.9966526 -1.86307e-4 0.08175319 0.9970112 -3.10838e-5 0.07725739 0.9981433 -3.66426e-6 0.06090962 0.9981454 -2.62521e-5 0.06087553 0.9987576 3.57506e-6 0.0498327 0.9987554 -1.05463e-5 0.04987704 0.9992045 -5.46269e-6 0.03987902 0.9992024 -3.56436e-5 0.03993105 0.9110423 0 0.4123127 0.9117826 2.8364e-4 0.4106733 0.6970209 0 0.7170509 0.6921924 8.51203e-4 0.7217125 0.3724239 0 0.9280627 0.3743504 3.10287e-4 0.9272873 1.24574e-5 0 1 1.85228e-5 -1.87978e-5 1 -0.2961904 -0.5000161 -0.8137906 -1.19362e-6 -0.4999883 -0.8660322 0.2961959 -0.5000043 -0.8137959 3.12831e-6 -0.8660379 -0.4999784 0.1710068 -0.8660258 -0.4698469 -4.10527e-6 -1 -1.86116e-5 6.03125e-6 -1 -3.75696e-5 -0.5566692 -0.4999938 -0.6634197 -0.7500075 -0.4999853 -0.4330167 -0.852854 -0.500023 -0.1503904 -0.4923796 -0.8660399 -0.08681708 -0.4923922 -0.8660321 0.08682441 -3.23206e-5 -1 3.50922e-6 -3.04952e-5 -1 8.46386e-6 -0.433016 -0.8660233 0.2500016 -0.3213849 -0.8660374 0.3830026 -0.7500117 -0.4999776 0.4330185 -0.556671 -0.4999954 0.663417 -0.8528508 -0.500028 0.1503921 -0.2961965 -0.5000051 0.8137952 -5.23869e-7 -0.4999899 0.8660314 0.2961886 -0.5000153 0.8137919 0.1710114 -0.866025 0.4698467 0.3213908 -0.8660305 0.3830134 1.54832e-5 -1 2.7582e-5 8.93325e-6 -1 -1.8999e-6 0.4330117 -0.8660173 0.2500302 0.4923758 -0.8660413 0.08682459 0.7500078 -0.4999838 0.4330179 0.8528532 -0.5000237 0.1503919 0.5566691 -0.4999952 0.6634187 0.8528519 -0.5000268 -0.1503901 0.7500118 -0.4999785 -0.4330172 0.5566688 -0.4999946 -0.6634194 0.3213952 -0.866024 -0.3830243 8.74884e-6 -1 -8.51974e-6 0.4330033 -0.8660308 -0.2499974 3.51202e-5 -1 2.95788e-6 0.4924094 -0.866022 -0.08682775 3.77148e-5 -1 3.75509e-6 1.23568e-5 -1 4.9619e-5 2.15881e-6 -0.8660274 0.4999966 -1.11721e-5 -1 4.96916e-5 -0.1710082 -0.8660297 0.469839 -1.5473e-5 -1 2.77013e-5 -1.47335e-5 -1 2.63005e-6 -0.4330156 -0.8660243 -0.2499991 -2.91988e-5 -1 -4.28026e-5 -0.3214011 -0.8660212 -0.3830258 -1.86861e-5 -1 -3.87691e-5 -0.1710168 -0.8660173 -0.4698588 -0.2961918 -0.5000164 -0.81379 -6.39277e-7 -0.4999898 -0.8660314 0.2961933 -0.500005 -0.8137965 3.25032e-7 -0.8660374 -0.4999794 0.171009 -0.8660261 -0.4698455 -4.42192e-6 -1 -3.39821e-5 -6.38328e-6 -1 -1.08536e-5 -0.5566727 -0.4999938 -0.6634168 -0.7499879 -0.500024 -0.4330062 -0.8528532 -0.5000241 -0.1503912 -0.492379 -0.8660404 -0.0868166 -0.4923936 -0.8660312 0.08682447 -4.41521e-5 -1 4.59701e-6 -4.38467e-5 -1 1.60523e-5 -0.4330163 -0.866023 0.2500027 -0.3213844 -0.8660373 0.3830035 -0.749991 -0.5000185 0.433007 -0.5566725 -0.4999928 0.6634176 -0.8528524 -0.5000258 0.1503903 -0.2961984 -0.5000024 0.8137962 -1.50548e-6 -0.4999857 0.8660337 0.2961924 -0.5000144 0.813791 0.1710121 -0.8660241 0.4698479 0.3213915 -0.8660302 0.3830133 1.71531e-5 -1 3.02196e-5 4.70132e-5 -1 2.01687e-5 0.4329796 -0.8660388 0.2500112 0.4923765 -0.866041 0.08682489 0.7500077 -0.4999839 0.4330181 0.8528541 -0.5000224 0.1503911 0.556669 -0.499994 0.6634196 0.8528748 -0.4999899 -0.1503815 0.7499911 -0.5000193 -0.4330061 0.556671 -0.4999952 -0.6634172 0.321396 -0.8660238 -0.3830239 1.22655e-5 -1 -1.11647e-5 0.4330046 -0.8660306 -0.2499961 4.20082e-5 -1 1.28895e-6 0.4924085 -0.8660224 -0.08682811 2.93478e-5 -1 2.99886e-6 1.06432e-5 -1 4.25708e-5 -1.0354e-6 -0.8660274 0.4999969 -5.4203e-6 -1 2.35699e-5 -0.1710075 -0.8660292 0.4698403 -9.41753e-6 -1 1.94535e-5 -4.42862e-5 -1 -6.7763e-6 -0.4330157 -0.8660243 -0.2499989 -2.78279e-5 -1 -4.10303e-5 -0.3214004 -0.8660214 -0.383026 -3.97116e-6 -1 -6.09644e-6 -0.1709944 -0.8660397 -0.4698257 -0.2961918 -0.5000162 -0.81379 5.09874e-6 -0.4999896 -0.8660315 0.2961933 -0.5000049 -0.8137965 3.27826e-7 -0.8660375 -0.4999793 0.1710091 -0.8660263 -0.4698452 -4.42937e-6 -1 -3.39225e-5 -6.40936e-6 -1 -1.06823e-5 -0.5566728 -0.4999935 -0.663417 -0.7499878 -0.5000243 -0.4330058 -0.8528534 -0.5000237 -0.1503916 -0.4923791 -0.8660404 -0.0868169 -0.4923934 -0.8660314 0.08682447 -5.05298e-5 -1 5.58794e-6 -1.83731e-5 -1 1.31875e-6 -0.4330159 -0.8660232 0.2500023 -0.3213844 -0.8660374 0.3830032 -0.7499907 -0.5000191 0.433007 -0.8528524 -0.5000255 0.1503906 -0.2961984 -0.5000025 0.8137961 -1.50281e-6 -0.5000259 0.8660106 0.2961925 -0.5000143 0.813791 0.1710121 -0.8660241 0.469848 0.3213915 -0.8660303 0.3830133 9.45199e-6 -1 1.94311e-5 4.28557e-5 -1 1.79112e-5 0.4329798 -0.8660386 0.2500113 0.4924157 -0.8660188 0.08682388 0.750008 -0.4999834 0.4330183 0.852854 -0.500023 0.1503907 0.5566689 -0.4999942 0.6634197 0.852875 -0.4999898 -0.150381 0.7499913 -0.5000189 -0.4330061 0.5566708 -0.4999954 -0.6634171 0.3213961 -0.8660237 -0.3830243 3.56641e-5 -1 -3.23653e-5 0.4330047 -0.8660304 -0.2499968 4.64488e-5 -1 -2.75671e-7 0.4924085 -0.8660225 -0.08682787 4.41447e-5 -1 4.64544e-6 6.59749e-6 -1 2.3488e-5 -9.99076e-7 -0.8660272 0.499997 -9.45106e-6 -1 4.2662e-5 -0.1710075 -0.8660292 0.4698404 -1.71252e-5 -1 3.01972e-5 -1.91182e-5 -1 1.68011e-6 -0.4330158 -0.8660242 -0.2499989 -4.44055e-6 -1 -1.99638e-5 -0.3214003 -0.8660214 -0.3830258 -3.96371e-6 -1 -6.21378e-6 -0.171019 -0.8660175 -0.4698575 4.52007e-6 -0.4999885 -0.8660321 0.2961958 -0.5000044 -0.8137958 3.12273e-6 -0.8660379 -0.4999785 0.1710108 -0.8660261 -0.469845 -4.10527e-6 -1 -1.86339e-5 8.51415e-6 -1 -4.32339e-5 -0.5566692 -0.4999939 -0.6634196 -0.7500078 -0.4999846 -0.4330171 -0.8528537 -0.5000237 -0.1503899 -0.492379 -0.8660403 -0.08681678 -0.4923921 -0.8660323 0.08682429 -3.77148e-5 -1 3.8445e-6 -9.86457e-6 -1 -3.43099e-6 -0.4330164 -0.8660231 0.250002 -0.3213849 -0.8660373 0.3830029 -0.7499915 -0.5000177 0.4330071 -0.5566707 -0.4999958 0.6634168 -0.8528751 -0.4999897 0.1503811 -0.2961964 -0.5000051 0.8137952 -5.54719e-7 -0.4999897 0.8660314 0.2961885 -0.5000153 0.8137919 0.1710113 -0.866025 0.4698467 0.3213908 -0.8660305 0.3830134 1.54832e-5 -1 2.77013e-5 2.95714e-5 -1 1.0021e-5 0.4330115 -0.8660175 0.25003 0.492376 -0.8660413 0.08682477 0.7499874 -0.5000242 0.4330067 0.8528538 -0.5000227 0.1503923 0.5566692 -0.4999951 0.6634187 0.8528521 -0.5000261 -0.1503906 0.7499909 -0.5000196 -0.4330058 0.556669 -0.4999945 -0.6634193 0.321395 -0.8660242 -0.3830239 3.16938e-5 -1 -2.89231e-5 0.4330031 -0.8660312 -0.2499968 2.20276e-5 -1 7.37607e-6 0.4924098 -0.8660218 -0.08682805 1.39773e-5 -1 1.33365e-6 1.23493e-5 -1 4.95724e-5 2.11503e-6 -0.8660276 0.4999964 -1.11721e-5 -1 4.97065e-5 -0.1710082 -0.8660297 0.4698389 -1.54516e-5 -1 2.75671e-5 -3.3021e-5 -1 -3.48315e-6 -0.4330158 -0.8660242 -0.2499994 -9.16421e-7 -1 -1.72677e-5 -0.3214012 -0.866021 -0.383026 -1.62572e-5 -1 -3.30843e-5 -0.1710169 -0.8660174 -0.4698585 -0.2243433 -0.4985685 0.8373169 0.1120243 -0.2642112 0.9579369 0.4588295 -0.2643223 0.8482979 0.6240622 -0.2642712 0.735328 0.85678 -0.264301 0.4428015 0.9277566 -0.264288 0.2634761 0.9612433 -0.2642874 0.07850849 0.8514811 -0.4979047 -0.1645327 0.8592795 -0.5066677 0.07019066 0.727018 -0.684047 0.05936878 0.7016651 -0.684069 0.1992883 0.4839417 -0.8642419 0.137428 0.4469735 -0.8642047 0.2310088 0.2131299 -0.9707954 0.1101453 0.1552503 -0.9707916 0.1829235 9.79751e-6 -1 4.91366e-6 1.13249e-5 -1 1.9595e-5 6.54161e-6 -1 2.09175e-5 0.114282 -0.9708029 0.210906 3.91528e-6 -1 3.66345e-5 0.02786374 -0.9707701 0.2383888 -6.2054e-6 -1 2.45944e-5 -6.44662e-6 -1 4.6432e-5 -0.1291108 -0.866738 0.4817633 0.05843067 -0.8641541 0.4998238 0.08474165 -0.6839448 0.7245954 0.3472292 -0.6840567 0.6414814 0.41026 -0.5068428 0.7581538 0.5578467 -0.5067709 0.6572598 0.1001498 -0.5066045 0.8563422 1.11014e-5 -1 -3.72436e-6 0.2307944 -0.9707931 0.06553447 0.5014232 -0.8642334 0.04093217 0.48887 -0.8672264 -0.09446984 3.28496e-5 -1 -7.32019e-7 0.2392172 -0.97077 0.01951694 5.22211e-5 -1 -8.38935e-6 0.2395923 -0.8642218 0.4423984 0.3256151 -0.8641695 0.3836482 0.4720667 -0.6839727 0.5561785 0.7658196 -0.5068036 0.3958163 0.6480169 -0.6840303 0.3349279 0.8292831 -0.5067675 0.2355341 2.66731e-6 -1 2.8247e-6 3.99724e-5 -1 9.50694e-6 0.2620187 -0.9641537 -0.04188227 0.4925584 -0.8672263 -0.07283502 0.5020137 -0.861131 -0.08022254 0.6756139 -0.7293081 -0.1079612 0.5010655 -0.8611028 -0.08622878 0.6742677 -0.7293133 -0.1160401 0.8521131 -0.502389 -0.1466584 0.9571058 -0.2383646 -0.1647146 0.9589983 -0.2384049 -0.1532496 0.8578952 -0.4979113 -0.1268866 0.8538051 -0.502397 -0.1364338 0.2615607 -0.9641264 -0.0452364 9.90927e-7 -1 -5.0136e-6 -3.09199e-6 -1 4.98258e-6 0.8817886 -0.2639918 -0.390842 0.7884347 -0.5061808 -0.3495022 0.6670729 -0.6837933 -0.2957034 0.6725587 -0.5061581 -0.5398786 0.5691058 -0.68369 -0.4568223 0.5436275 -0.5065172 -0.6692605 0.4599282 -0.6840248 -0.5661945 0.1672878 -0.5064377 -0.8458934 0.141524 -0.6840946 -0.7155318 -3.82325e-5 -0.4987102 -0.8667688 1.58658e-5 -0.8667606 -0.4987247 0.09757906 -0.8641859 -0.4936205 0.04659014 -0.9707026 -0.2357243 0.1514656 -0.9707155 -0.1864658 7.41705e-6 -1 -3.25944e-5 1.2558e-5 -1 -1.76057e-5 0.1875426 -0.9706555 -0.1505184 2.32905e-5 -1 -1.20103e-5 0.2198331 -0.970662 -0.0974099 0.4603042 -0.8640047 -0.2039997 5.19305e-6 -1 -4.43235e-5 0.1871079 -0.264194 -0.946146 0.6080929 -0.264021 -0.7486761 0.7521858 -0.2639428 -0.6037805 0.3927391 -0.8639358 -0.3152319 0.3173032 -0.8641357 -0.3906254 3.28496e-5 -0.5000032 -0.8660237 3.09087e-5 -0.8660314 -0.4999899 7.54371e-7 -1 -4.28724e-5 0.2961987 -0.5000017 -0.8137965 0.1710104 -0.8660199 -0.4698563 7.44536e-5 -1 1.46627e-5 0.3213797 -0.8660382 -0.3830052 -1.14739e-5 -1 -4.11272e-5 0.4329972 -0.8660357 -0.2499914 3.30508e-5 -1 1.95801e-5 0.4923832 -0.8660374 -0.08682328 3.40044e-5 -1 1.14156e-4 0.4924007 -0.8660274 0.08682227 3.15756e-5 -1 -1.17352e-4 0.4330222 -0.8660188 0.2500067 4.96656e-5 -1 -8.91089e-6 0.3213785 -0.8660408 0.3830002 -2.23443e-5 -1 4.12911e-5 0.1710093 -0.8660308 0.4698367 8.85352e-5 -1 -8.83639e-6 3.57698e-6 -0.8660286 0.4999946 -4.18723e-6 -1 1.32422e-5 3.89945e-5 -0.4999994 0.8660258 0.2961797 -0.5000237 0.81379 0.5566631 -0.5000101 0.6634126 0.750007 -0.4999894 0.433013 0.8528692 -0.4999986 0.1503854 0.8528703 -0.4999964 -0.1503856 0.7499951 -0.5000082 -0.4330119 0.5566598 -0.5000144 -0.663412 1.96062e-5 -0.4987027 0.8667732 -5.41285e-6 -0.8667233 0.4987893 8.49273e-6 -1 5.39106e-5 0.3078953 -0.2634353 0.9142223 0.2754558 -0.5052 0.8178614 0.2330052 -0.6834128 0.6918494 0.5090443 -0.5051403 0.696927 0.4307006 -0.6832334 0.5896517 0.6635146 -0.5058503 0.5512386 0.5611692 -0.683912 0.4662119 0.7961485 -0.5058631 0.3320397 0.6732939 -0.6839797 0.2807974 0.8573843 -0.5057452 0.09546685 0.7250108 -0.6839911 0.08071941 0.8612404 -0.4979402 -0.1015899 0.4945239 -0.8672051 -0.05832153 0.5005319 -0.8639241 0.05570465 0.2396136 -0.9705023 0.02665847 0.2224506 -0.9705229 0.09274268 9.31509e-6 -1 1.55345e-6 1.94497e-5 -1 1.55121e-5 0.1853896 -0.9705199 0.1540187 0.1424072 -0.9704084 0.1950075 0.38745 -0.8638675 0.3218935 0.2974958 -0.8634629 0.4073429 0.1608583 -0.8635713 0.47788 0.07702159 -0.9704176 0.2288178 -6.91041e-6 -1 -2.22307e-6 3.31476e-5 -1 -2.98023e-6 0.958657 -0.2637909 0.1067294 0.890254 -0.2638323 0.3712685 0.7419286 -0.2637916 0.6164056 0.5690089 -0.2633426 0.7790248 0.4648433 -0.8639168 0.1938257 2.35066e-5 -1 8.34138e-7 2.63005e-5 -1 7.75186e-6 0.2653858 -0.9641411 -0.001588344 0.4979533 -0.8671951 0.003917396 0.5084496 -0.8610869 -0.002949655 0.6841722 -0.7293089 -0.004134416 0.5083562 -0.8610934 -0.009611964 0.6840456 -0.7293247 -0.01293438 0.508193 -0.8610959 -0.01593559 0.6838308 -0.7293255 -0.02144312 0.5079745 -0.86109 -0.02204442 0.6835311 -0.7293185 -0.02966195 0.5076953 -0.8610836 -0.0279389 0.6831535 -0.7293064 -0.03759664 0.5072659 -0.8610984 -0.0345087 0.6826154 -0.7293008 -0.04643964 0.5067592 -0.8610987 -0.04128307 0.6819317 -0.7293033 -0.05555182 0.5059481 -0.8610897 -0.05041217 0.6808187 -0.7293038 -0.06783831 0.8603453 -0.5024508 -0.08572834 0.96638 -0.2384083 -0.09628713 0.967962 -0.2383936 -0.07885462 0.968923 -0.2384158 -0.06592589 0.9697062 -0.2383745 -0.0533635 0.9702562 -0.2383913 -0.04210358 0.9706795 -0.2384427 -0.03043955 0.8638115 -0.5024188 -0.03748595 0.8641245 -0.5025483 -0.0270937 0.8671728 -0.4979611 0.006804108 0.8645925 -0.5024468 -0.005214214 0.8644598 -0.5024363 -0.01634508 0.9711477 -0.2384066 -0.005866587 0.9709916 -0.2384079 -0.01836031 0.2641736 -0.9641166 -0.02630037 6.08713e-6 -1 7.28294e-7 3.241e-6 -1 5.50365e-6 0.2648432 -0.9641232 -0.018018 0.2645393 -0.964134 -0.02155995 5.46128e-6 -1 5.60144e-6 0.2652084 -0.9641225 -0.01150935 0.2649779 -0.9641441 -0.01458781 0.2654201 -0.9641198 -0.00501877 0.2653507 -0.9641162 -0.008321225 0.8632742 -0.502493 -0.04752492 0.8625806 -0.5025044 -0.05868631 0.8617628 -0.5024291 -0.07021433 0.9231624 -0.2637274 -0.279677 0.8256481 -0.5056903 -0.2501646 0.6985039 -0.6836018 -0.2116153 0.7212511 -0.5056388 -0.4734198 0.6102786 -0.6834467 -0.4005756 0.5924553 -0.506204 -0.6267012 0.5011565 -0.6839559 -0.5301383 0.3985395 -0.5061864 -0.7648147 0.3370857 -0.6840479 -0.6468784 0.1837976 -0.5060824 -0.8426738 0.1554335 -0.6840321 -0.7126995 -2.0299e-5 -0.4987314 -0.8667567 -3.84601e-6 -0.866734 -0.4987709 0.1072664 -0.8640142 -0.491908 0.05126053 -0.9705808 -0.2352561 0.1112152 -0.9705969 -0.2134781 8.43406e-6 -1 -3.89833e-5 2.90945e-6 -1 -1.02632e-5 0.1653645 -0.9705926 -0.1749414 0.2014994 -0.9705209 -0.1322394 0.3459214 -0.8639586 -0.3659425 0.4214174 -0.8636602 -0.2765837 0.482294 -0.8637437 -0.1460801 0.2306592 -0.9705237 -0.06985801 2.87364e-5 -1 -1.86861e-5 -2.2091e-6 -1 -8.3819e-6 0.205509 -0.2640059 -0.942373 0.4457007 -0.2640426 -0.8553553 0.6625746 -0.2639837 -0.7009333 0.8064172 -0.2636549 -0.529318 0.2326384 -0.8640036 -0.4465168 3.38629e-5 -0.5000005 -0.866025 1.88276e-5 -0.8660281 -0.4999955 -7.52509e-7 -1 -2.52496e-5 0.2961753 -0.5000275 -0.8137892 0.1710145 -0.86602 -0.4698548 7.48336e-5 -1 1.23829e-5 0.321378 -0.8660387 -0.3830054 0 -1 -5.61625e-5 0.4329975 -0.8660355 -0.2499912 5.84573e-5 -1 -6.482e-7 0.4923994 -0.8660278 -0.08682584 3.12701e-5 -1 6.69416e-5 0.4923985 -0.8660289 0.08682078 3.69474e-5 -1 -8.64528e-5 0.4330101 -0.8660274 0.2499978 1.95056e-5 -1 -1.29268e-6 0.321404 -0.8660178 0.3830311 -4.98444e-6 -1 6.07595e-5 0.1710091 -0.8660293 0.4698395 8.95336e-5 -1 -7.7486e-6 2.46579e-5 -0.866032 0.4999886 -3.20561e-6 -1 2.81643e-5 1.1404e-5 -0.5000085 0.8660205 0.296183 -0.5000168 0.813793 0.5566691 -0.4999995 0.6634156 0.7499995 -0.5000002 0.4330134 0.8528593 -0.500015 0.1503868 0.8528622 -0.5000113 -0.1503822 0.7499876 -0.5000173 -0.4330145 0.5566639 -0.5000079 -0.6634135 -3.01786e-5 -0.4987331 0.8667557 -1.70991e-5 -0.8667151 0.4988035 -3.84264e-6 -1 8.42111e-6 0.2778723 -0.2638521 0.9236716 0.2485105 -0.505859 0.8260444 0.2102549 -0.6836525 0.6988649 0.4657978 -0.5058236 0.7260682 0.3941261 -0.6835343 0.6143661 0.6167014 -0.5063018 0.6027753 0.5216866 -0.6839787 0.509918 0.754206 -0.5063056 0.4181244 0.6379439 -0.6840651 0.3536701 0.8358718 -0.5062231 0.2122656 0.7069981 -0.6840481 0.1795329 0.8665053 -0.4979643 0.03464156 0.4975703 -0.8671961 0.01987463 0.4879101 -0.8640592 0.1238769 0.2332254 -0.9706192 0.05919814 0.2104048 -0.9706338 0.1166192 9.78448e-6 -1 3.2112e-6 1.24611e-5 -1 6.19516e-6 0.1720289 -0.9706354 0.1681458 0.1300498 -0.9705549 0.2027571 0.3600416 -0.8640151 0.3519206 0.2720904 -0.8637372 0.4241756 0.1450904 -0.8638326 0.4824336 0.0693444 -0.9705626 0.2306504 -1.65962e-6 -1 9.28296e-6 4.62383e-5 -1 2.65986e-6 0.9348343 -0.2640827 0.2373718 0.8435388 -0.2640946 0.4676501 0.6897389 -0.2640764 0.6741839 0.5208415 -0.2637452 0.8118883 0.4402937 -0.8640472 0.2440576 2.71648e-5 -1 -3.16789e-6 4.36008e-5 -1 -5.51529e-6 0.2646483 -0.9641271 0.02050501 0.4953465 -0.8671899 0.05112165 0.5069532 -0.8610878 0.03906792 0.6821725 -0.729299 0.05257034 0.5075358 -0.8610746 0.03095602 0.6829054 -0.7293186 0.04165112 0.5078904 -0.861097 0.02365279 0.683456 -0.7292976 0.03182899 0.5079421 -0.8610963 0.02253979 0.6835031 -0.7293174 0.03032994 0.8637598 -0.5024459 0.03830313 0.9702152 -0.2383886 0.04305112 0.9701172 -0.2383952 0.04517161 0.9693719 -0.2383756 0.05912196 0.9682996 -0.2383871 0.07461696 0.8630504 -0.5023699 0.05261874 0.8620671 -0.5024214 0.0664314 0.8626216 -0.4979557 0.08901786 0.2652068 -0.9641189 0.01184445 8.61287e-6 -1 -3.53949e-6 1.46925e-5 -1 1.06616e-4 0.2649252 -0.9641335 0.01616382 0.265141 -0.9641298 0.01240688 0.8636795 -0.5024325 0.04024404 0.9339969 -0.2644805 -0.2402078 0.7922937 -0.2644689 -0.5498426 0.689674 -0.2644631 -0.6740988 0.3815746 -0.2644371 -0.8857054 0.1987039 -0.2644623 -0.9437035 0.01191651 -0.2644291 -0.9643315 0.17761 -0.5069876 -0.8434562 0.0106492 -0.5068556 -0.8619652 0.1502938 -0.6841131 -0.7137234 0.00902462 -0.6840634 -0.7293668 0.1036419 -0.8642458 -0.4922779 0.006205081 -0.8642433 -0.5030359 0.04940658 -0.9708174 -0.2346754 0.002961277 -0.9708038 -0.2398567 -3.31923e-6 -1 4.53368e-6 1.59815e-6 -1 4.8494e-6 0.706405 -0.6840921 -0.181687 0.8347937 -0.5069715 -0.2147079 0.2322735 -0.9708153 -0.05972266 0.4871883 -0.8642647 -0.1252764 0.599256 -0.684085 -0.4158365 0.708108 -0.5070561 -0.4914033 0.6163741 -0.5070534 -0.6024782 5.05149e-6 -1 5.37746e-6 1.80751e-5 -1 -1.65924e-5 0.1970219 -0.9708213 -0.1367053 1.58367e-5 -1 -9.03197e-6 0.1714665 -0.9708313 -0.167588 1.84327e-5 -1 -2.96086e-5 0.0948922 -0.9708148 -0.2202593 1.78814e-7 -1 3.89293e-7 -1.03563e-5 -1 -4.02704e-5 -0.12913 -0.8667152 -0.481799 -0.224352 -0.4987344 -0.8372158 0.4133123 -0.8642413 -0.2868098 0.3597693 -0.8642299 -0.3516712 0.199048 -0.8642209 -0.4620631 0.5216163 -0.6840772 -0.5098577 0.3410317 -0.507003 -0.7916093 0.2886 -0.6840454 -0.6699193 -0.2241365 -0.5000034 -0.8365163 -0.1293895 -0.8660274 -0.4829649 -2.52528e-6 -1 -3.1949e-5 -0.07547855 -0.500009 -0.8627248 0.07547962 -0.4999964 -0.8627319 0.224151 -0.500003 -0.8365127 0.04357779 -0.866031 -0.4980878 0.1293874 -0.8660275 -0.4829652 -5.7593e-6 -1 -1.38432e-5 -7.06408e-6 -1 -1.83922e-5 -0.04357749 -0.866022 -0.4981036 -5.3809e-5 -1 -8.97795e-6 0.2243402 -0.4986152 -0.83729 0.1291052 -0.8667072 -0.4818201 1.26464e-5 -1 -4.53857e-5 -0.08936738 -0.2644516 -0.9602494 -0.417488 -0.2644758 -0.8693425 -0.5564659 -0.2644529 -0.7876614 -0.8141682 -0.2644471 -0.5169119 -0.9003619 -0.2644662 -0.3455519 -0.9502899 -0.2644349 -0.1643885 -0.8047055 -0.507009 -0.3088541 -0.849412 -0.506861 -0.1469397 -0.6809487 -0.6841063 -0.2613568 -0.7187471 -0.6840629 -0.1243406 -0.4696565 -0.8642551 -0.1802383 -0.4957345 -0.864233 -0.08572512 -0.2238983 -0.9708176 -0.08592391 -0.2364087 -0.9707936 -0.04087495 -3.66531e-5 -1 -1.17347e-5 -2.63434e-5 -1 -2.0694e-6 -0.06759536 -0.6841064 -0.7262433 -0.07988774 -0.5069534 -0.8582636 -0.0222097 -0.9708138 -0.2388042 -0.04659664 -0.864251 -0.5008984 -0.3157886 -0.6840785 -0.6575061 -0.3731451 -0.507062 -0.7769499 -0.4973278 -0.5070568 -0.7039592 6.68317e-6 -1 -3.75658e-5 -5.32344e-6 -1 -1.61417e-5 -0.1038002 -0.9708271 -0.2161487 5.67175e-7 -1 2.02213e-6 -0.1383591 -0.9708269 -0.1958363 -2.74368e-5 -1 -2.2375e-5 -0.2024651 -0.9708156 -0.1285497 -1.26341e-5 -1 -3.53903e-6 -4.56497e-5 -1 6.52298e-6 -0.4953377 -0.8671938 0.05114179 -0.8626087 -0.4979717 0.08905279 -0.2177851 -0.864241 -0.4534946 -0.2902785 -0.8642362 -0.4108944 -0.4247378 -0.8642222 -0.2696625 -0.4208651 -0.6840727 -0.5957493 -0.7276552 -0.5070013 -0.4620257 -0.6157993 -0.6840451 -0.3909904 -3.34904e-6 -1 3.35043e-7 -1.12206e-5 -1 -9.88878e-6 -0.2649677 -0.9641219 0.01615655 -0.4975705 -0.867196 0.01987332 -0.5075282 -0.861079 0.03095483 -0.682904 -0.7293199 0.04165005 -0.6822605 -0.7293021 0.05137258 -0.8621799 -0.5024248 0.06492465 -0.9684184 -0.2384301 0.07291817 -0.9693644 -0.2384061 0.05912244 -0.8665036 -0.4979689 0.03461956 -0.8630268 -0.5024043 0.05267584 -0.5070025 -0.8610988 0.03817707 -0.2647417 -0.9641132 0.01993888 -3.78862e-6 -1 6.21704e-6 3.14415e-6 -1 -1.86358e-6 -0.9118513 -0.2638381 0.3145104 -0.8154659 -0.5058563 0.2812911 -0.689911 -0.6836582 0.23798 -0.7068856 -0.5058312 0.4944164 -0.598143 -0.6835193 0.4183614 -0.5776786 -0.5063151 0.6402598 -0.4886724 -0.6839874 0.5416277 -0.3876782 -0.5063211 0.7702888 -0.3279256 -0.6840428 0.6515752 -0.1787243 -0.5062249 0.8436788 -0.1511625 -0.6840498 0.7136006 4.20996e-5 -0.4987408 0.8667513 9.16605e-5 -0.8667362 0.4987668 -0.104281 -0.8640694 0.4924528 -0.04983198 -0.9706191 0.2354049 -0.108128 -0.9706324 0.2148977 -5.70714e-6 -1 2.28249e-5 -5.69969e-7 -1 -4.57093e-6 -0.1611518 -0.9706327 0.1786124 -0.1974056 -0.9705541 0.1380425 -0.3372676 -0.8640102 0.3738141 -0.4129776 -0.8637357 0.2888079 -0.476272 -0.8638232 0.1642395 -0.2277073 -0.9705609 0.07849198 -1.55771e-5 -1 1.07661e-6 5.61029e-6 -1 2.66358e-5 -0.1998627 -0.2640944 0.9435619 -0.4335955 -0.2641066 0.8615351 -0.6460924 -0.2640675 0.7161237 -0.7904472 -0.2637498 0.5528376 -0.2262782 -0.8640548 0.4496749 -3.63737e-5 -0.5000008 0.8660249 -2.65129e-5 -0.8660305 0.4999912 -1.53854e-6 -1 5.24079e-5 -0.2962059 -0.4999916 0.8138001 -0.1710106 -0.8660196 0.4698569 -8.02986e-5 -1 2.11596e-6 -0.3213789 -0.8660384 0.3830054 -5.43147e-6 -1 6.29201e-5 -0.4329969 -0.866036 0.2499911 -5.16176e-5 -1 -3.70294e-6 -0.4924 -0.8660275 0.08682548 -5.8651e-5 -1 -6.20913e-5 -0.4923998 -0.8660281 -0.0868209 -2.55406e-5 -1 8.85278e-5 -0.4330104 -0.8660272 -0.2499979 -2.56971e-5 -1 -2.99886e-6 -0.3214032 -0.8660179 -0.3830311 1.05649e-5 -1 -5.39124e-5 -0.1710093 -0.8660296 -0.469839 -8.45678e-5 -1 2.21655e-5 -7.3014e-6 -0.866026 -0.4999991 1.38208e-6 -1 -5.29987e-5 -4.14085e-5 -0.5000023 -0.8660241 -0.2961826 -0.5000185 -0.8137919 -0.5566704 -0.5000009 -0.6634134 -0.7500007 -0.4999993 -0.4330126 -0.8528589 -0.5000157 -0.1503871 -0.8528616 -0.5000109 0.150387 -0.7499862 -0.5000185 0.4330152 -0.556665 -0.5000082 0.6634123 -6.69435e-6 -0.4987261 -0.8667597 2.74917e-5 -0.8667265 -0.498784 -1.84961e-6 -1 -2.80879e-5 -0.2573306 -0.263992 -0.9295641 -0.2301361 -0.5060824 -0.8312149 -0.1946305 -0.6840015 -0.703037 -0.4405192 -0.5062512 -0.7413856 -0.3726074 -0.6840654 -0.6270713 -0.5924485 -0.5061956 -0.6267143 -0.5011652 -0.6839681 -0.5301142 -0.7482964 -0.505545 -0.4295076 -0.633171 -0.6833856 -0.3634263 -0.8391392 -0.5058153 -0.1999906 -0.7098515 -0.6837302 -0.1691861 -0.8671746 -0.4979577 0.006822586 -0.4979578 -0.8671925 0.003910303 -0.4900504 -0.8638387 -0.1167621 -0.2343785 -0.9705413 -0.05582487 -0.2090952 -0.9705064 -0.1199862 -2.74451e-5 -1 -8.50484e-6 -1.112e-5 -1 -6.42985e-6 -0.1653694 -0.9705937 -0.1749312 -0.1229151 -0.9706091 -0.2069055 -0.345906 -0.8639706 -0.3659285 -0.2571334 -0.8640315 -0.4328189 -0.1343134 -0.8639973 -0.4852508 -0.06420791 -0.9705764 -0.2320755 -3.94136e-6 -1 -1.48783e-5 -2.77758e-5 -1 1.12019e-5 -0.9383003 -0.2638074 -0.2236027 -0.8366206 -0.2635998 -0.4801886 -0.6626104 -0.263984 -0.7008994 -0.492672 -0.2640468 -0.8291885 -0.4372545 -0.8636218 -0.2509304 -6.02007e-6 -1 5.34114e-7 -1.39251e-5 -1 -1.84495e-6 -0.2641718 -0.9641164 -0.02632153 -0.4945311 -0.8672021 -0.05830687 -0.505947 -0.8610896 -0.0504238 -0.6808184 -0.729304 -0.06783825 -0.6819314 -0.7293033 -0.05555403 -0.8617627 -0.5024291 -0.07021433 -0.8626275 -0.502424 -0.05868595 -0.968923 -0.2384158 -0.0659247 -0.9696977 -0.2384088 -0.05336391 -0.8612422 -0.4979398 -0.101577 -0.8603681 -0.5024117 -0.08572781 -0.9679622 -0.2383935 -0.07885283 -0.966386 -0.2384088 -0.09622502 -0.9709027 -0.2384217 -0.02243167 -0.9704111 -0.238408 -0.03826361 -0.863293 -0.5024639 -0.04748928 -0.6826125 -0.7293009 -0.04648131 -0.5067592 -0.8610987 -0.04128193 -0.9711477 -0.2384067 -0.005870342 -0.9711613 -0.2384035 0.003101527 -0.8646202 -0.5024185 0.002759516 -0.684175 -0.7293147 0.002184092 -0.6841791 -0.7293023 -0.004134118 -0.5084512 -0.8610854 -0.003070235 -0.6840084 -0.7293029 -0.01580327 -0.5083211 -0.8610876 -0.01174581 -0.6836706 -0.7292928 -0.02695494 -0.50805 -0.8610947 -0.0200327 -0.5076788 -0.8610935 -0.02793902 -0.2651176 -0.9641056 -0.01459532 -0.2648882 -0.9641107 -0.01802039 -2.82377e-6 -1 3.68478e-6 -0.5084599 -0.8610842 0.001625001 -0.2654225 -0.9641309 -0.00161761 -0.2653969 -0.9641197 -0.006132423 -0.2652514 -0.9641226 -0.01045787 -0.2654568 -0.9641224 8.92154e-4 -2.83867e-5 -1 -8.19843e-6 -3.71486e-5 -1 -4.08525e-6 -0.2646281 -0.9641098 -0.02155143 -0.5072641 -0.8610984 -0.03453558 -0.6831468 -0.7293126 -0.03759664 -0.8638319 -0.502629 -0.03403711 -0.8643395 -0.5025126 -0.01996117 -0.8646173 -0.5024042 -0.005214512 -0.9502103 -0.2637807 0.1658924 -0.8498507 -0.5057046 0.1483802 -0.7186765 -0.6839306 0.1254717 -0.7736912 -0.505948 0.3813378 -0.6542817 -0.6840409 0.322496 -0.6634989 -0.5058723 0.5512374 -0.5611737 -0.683901 0.4662227 -0.4614797 -0.5050142 0.7293813 -0.3904547 -0.6831577 0.6171231 -0.2194701 -0.5053785 0.8345211 -0.1856107 -0.6836299 0.7058321 1.98444e-5 -0.4987088 0.8667697 2.60975e-5 -0.8667397 0.4987608 -0.1281606 -0.8636934 0.487451 -0.06134718 -0.9704485 0.2333802 -0.1291232 -0.9703893 0.2041367 -1.75126e-5 -1 3.31495e-5 -1.24685e-5 -1 1.5609e-5 -0.1853999 -0.9705162 0.1540307 -0.2161651 -0.9705293 0.1065155 -0.3874525 -0.8638578 0.3219168 -0.4517225 -0.8639432 0.2225964 -0.4961657 -0.8638992 0.08659058 -0.2375438 -0.970493 0.04143053 -1.95317e-5 -1 3.63961e-6 9.18284e-6 -1 4.67896e-5 -0.2453228 -0.2635662 0.9329254 -0.5157968 -0.2632582 0.81526 -0.7419345 -0.2637961 0.6163966 -0.8651825 -0.2638496 0.4264301 -0.2697204 -0.8633993 0.4263715 -2.81706e-5 -0.5000054 0.8660224 -2.38419e-5 -0.8660263 0.4999985 4.19095e-7 -1 3.74918e-5 -0.2961995 -0.4999985 0.8137981 -0.1710126 -0.8660217 0.4698523 -7.97026e-5 -1 1.03563e-6 -0.3213811 -0.8660374 0.3830059 1.14366e-5 -1 4.35337e-5 -0.4329954 -0.8660367 0.2499914 -4.72143e-5 -1 -1.29454e-5 -0.4923858 -0.8660362 0.08681929 -2.71499e-5 -1 -1.13659e-4 -0.4923989 -0.8660286 -0.08682096 -3.92795e-5 -1 1.18017e-4 -0.4329897 -0.8660406 -0.2499875 -3.41386e-5 -1 1.51284e-5 -0.3213788 -0.866041 -0.3829996 2.16365e-5 -1 -3.8676e-5 -0.171008 -0.86603 -0.4698387 -8.38377e-5 -1 2.43858e-5 -5.63159e-7 -0.8660279 -0.4999958 3.00072e-6 -1 -3.32733e-5 1.70339e-6 -0.4999967 -0.8660274 -0.2961762 -0.5000277 -0.8137888 -0.5566635 -0.5000061 -0.6634152 -0.7499809 -0.5000262 -0.4330156 -0.8528686 -0.4999994 -0.1503854 -0.8528718 -0.499994 0.1503856 -0.7499932 -0.5000087 0.4330146 -0.5566563 -0.5000182 0.663412 -9.39518e-6 -0.4987019 -0.8667736 1.30096e-5 -0.8667321 -0.498774 -5.94463e-6 -1 -1.74558e-5 -0.2576517 -0.264013 -0.9294692 -0.2304019 -0.5061532 -0.8310981 -0.1949314 -0.6837929 -0.7031565 -0.4356769 -0.5061453 -0.7443136 -0.3686708 -0.683677 -0.6298156 -0.5825484 -0.506519 -0.6356697 -0.4928357 -0.684026 -0.5377932 -0.812312 -0.5064384 -0.2892568 -0.6871429 -0.6840862 -0.2446645 -0.8578962 -0.4979146 -0.1268678 -0.4925827 -0.8672107 -0.07285457 -0.474033 -0.8641857 -0.168748 -0.226385 -0.9706999 -0.08056998 -0.1623206 -0.9707115 -0.177119 -2.90573e-7 -1 4.4629e-6 -7.41333e-7 -1 -8.57189e-6 -0.1214553 -0.9706597 -0.207529 -2.22772e-6 -1 -1.52215e-5 -0.06420665 -0.9706639 -0.2317095 -0.1344618 -0.8640084 -0.4851901 -3.54797e-5 -1 1.55345e-6 -0.9085937 -0.2641858 -0.3235173 -0.6516035 -0.2641865 -0.7110685 -0.4872454 -0.2639594 -0.8324167 -0.2543849 -0.8639324 -0.4346367 -0.3400055 -0.864134 -0.3710376 -3.72533e-5 -1 -1.44646e-5 -0.4888684 -0.8672264 -0.09447783 -3.90783e-5 -1 7.54371e-7 -0.2617591 -0.9641101 -0.04443055 -3.19034e-5 -1 -5.90924e-6 -0.2620317 -0.9641504 -0.04187452 -1.64658e-6 -1 -4.66593e-6 -0.5020256 -0.861124 -0.08022278 -0.6756212 -0.7293009 -0.107964 -0.6745689 -0.7293017 -0.1143503 -0.852475 -0.5023908 -0.1445332 -0.8514797 -0.4979071 -0.1645327 -0.9575166 -0.2383637 -0.1623111 -0.5012455 -0.8611233 -0.08496975 -0.9590017 -0.2383923 -0.1532484 -0.8537843 -0.5024427 -0.1363959 -0.9641083 -0.264294 0.02537387 -0.8618501 -0.506655 0.02270102 -0.7291632 -0.6840704 0.01920467 -0.8373881 -0.5067517 0.2049002 -0.708529 -0.6840518 0.1733779 -0.7980911 -0.5068368 0.3258331 -0.6753054 -0.6840763 0.2756851 -0.6821168 -0.5066891 0.5272409 -0.5772334 -0.6839109 0.44617 -0.5182482 -0.5067974 0.6888943 -0.4385352 -0.6840137 0.5829341 -0.3135012 -0.5068111 0.8030315 -0.2652755 -0.6840353 0.6795033 -0.08826929 -0.5066195 0.8576394 -0.07469886 -0.6839398 0.7257042 0.2243583 -0.4985629 0.8373163 0.1290596 -0.8668001 0.481665 -0.05147898 -0.8641572 0.5005821 -0.02455687 -0.9707684 0.2387591 -0.08724784 -0.9707926 0.2234941 8.12113e-7 -1 4.8168e-6 -1.6395e-5 -1 1.82465e-5 -0.1442216 -0.970796 0.1917164 -3.92273e-6 -1 1.52364e-6 -0.1898541 -0.970784 0.146744 -8.40798e-6 -1 1.55345e-6 -0.2221096 -0.9707966 0.09067243 -9.72673e-6 -1 -3.71039e-6 -0.2330969 -0.9707809 0.05701214 -3.48985e-5 -1 2.64682e-6 -0.2398937 -0.9707787 0.006309688 -0.5029141 -0.8642351 0.01322937 2.1413e-5 -1 4.36231e-5 -6.64499e-6 -1 1.51796e-5 -0.09871768 -0.26421 0.9593998 -0.3507311 -0.2642962 0.8984071 -0.5797915 -0.264295 0.7707076 -0.763084 -0.2642101 0.5898269 -0.8928906 -0.2643362 0.3645173 -0.9368081 -0.2642987 0.2292094 -0.4886859 -0.8642302 0.119551 -0.4657631 -0.864239 0.1901462 -0.398211 -0.8641149 0.307788 -0.3024822 -0.8641943 0.4020857 -0.1829692 -0.8642001 0.4687009 0.2588103 -3.10093e-5 0.9659283 0.2241165 -0.4999945 0.8365271 0.1293838 -0.8660284 0.4829643 -3.44515e-4 -1 1.38618e-4 -0.2587922 -2.41399e-6 0.9659331 -0.2588235 -3.84301e-5 0.9659247 4.82923e-5 1 -2.15881e-6 2.99801e-5 1 1.62981e-7 0 1 0 0 1 0 0 1 1.33899e-7 0 1 1.72907e-7 -3.00012e-5 1 -1.3141e-6 -4.8281e-5 1 -2.99886e-7 0.2588079 -7.21542e-7 0.9659289 0 1 0 0 1 0 0 1 0 0 1 -1.94907e-7 0 1 0 0 1 -1.07731e-6 0 1 3.40361e-7 0 1 2.01216e-6 0 1 1.53541e-5 0 1 -4.16117e-7 0 1 -5.79544e-7 0 1 3.27475e-7 0 1 -5.02715e-7 0 1 4.22612e-7 0 1 0 0 1 0 0 1 1.17087e-6 0 1 -2.2761e-7 0 1 -1.32131e-7 0 1 0 0 1 0 0 1 0 0 1 0 0 1 0 0 1 -1.75028e-6 0 1 0 0 1 -1.55469e-6 0 1 0 0 1 2.5596e-7 0 1 0 0 1 0 0 1 0 0 1 -1.94907e-7 0 1 0 0 1 -5.96363e-7 0 1 0 0 1 -5.02714e-7 0 1 4.22613e-7 0 1 0 0 1 0 0 1 5.60721e-7 0 1 0 0 1 0 0 1 2.42181e-6 0 1 -1.64423e-6 0 1 2.52462e-7 0 1 -2.7102e-7 0 1 -3.24319e-7 0 1 8.0139e-7 0 1 -2.35695e-7 0 1 0 0 1 -1.20825e-7 0 1 -2.25306e-7 0 1 0 0 1 0 0 1 0 0 1 2.31225e-7 0 1 0 0 1 0 0 1 8.45577e-7 0 1 6.3814e-7 0 1 -1.86541e-6 0 1 -3.45181e-6 0 1 2.05563e-7 0 1 0 0 1 2.36063e-6 0 1 4.84774e-7 0 1 0 0 1 -2.20926e-7 0 1 7.67701e-6 0 1 -1.09126e-6 0 1 2.39287e-7 0 1 0 0 1 2.9716e-7 0 1 0 0 1 0 0 1 0 0 1 0 0 1 0 0 1 0 0 1 0 0 1 1.75268e-7 0 1 0 0 1 -5.3002e-7 0 1 -1.10479e-6 0 1 2.39725e-7 0 1 3.51256e-7 0 1 -4.52916e-7 0 1 2.81616e-6 0 1 0 0 1 -2.11454e-7 0 1 0 0 1 0 0 1 0 0 1 -2.14265e-7 0 1 -1.37429e-7 0 1 -8.14552e-7 0 1 -1.80622e-6 0 1 0 0 1 0 0 1 -2.29822e-7 0 1 -1.25833e-7 0 1 1.31764e-7 0 1 -3.09891e-7 0 1 0 0 1 0 0 1 0 0 1 9.98357e-7 0 1 -7.97306e-7 0 1 1.79917e-6 0 1 0 0 1 1.79661e-7 0 1 2.08543e-7 0 1 -2.12978e-7 0 1 0 0 1 0 0 1 0 0 1 -1.31742e-7 0 1 1.39124e-6 0 1 -4.7164e-6 0 1 -1.33423e-7 0 1 0 0 1 -2.7651e-7 0 1 1.89323e-7 0 1 0 0 1 2.06614e-6 0 1 6.17759e-7 0 1 2.85147e-7 0 1 3.66791e-6 0 1 0 0 1 0 0 1 2.42799e-7 -0.2241199 -0.4999955 0.8365256 -0.1293981 -0.8660271 0.482963 -7.65175e-6 -1 2.76864e-5 -1.15633e-5 -1 3.08305e-5 0 -1 0 -7.61077e-6 -1 2.96049e-5 -6.86199e-6 -1 2.66731e-5 0 -1 0 0 -1 0 0 -1 0 0 -1 0 0 -1 -1.32983e-7 -7.78586e-6 -1 5.07459e-5 1.37947e-5 -1 4.10229e-5 1.1716e-6 -1 -6.92624e-6 0.2011131 -0.4703728 0.8592457 0.1257926 -0.829855 0.5436148 0.06401032 -0.957904 0.2798619 0.2288368 -2.53841e-5 0.9734649 0.2388573 -5.12265e-5 0.9710547 0.2488607 -2.08989e-5 0.9685393 -1 3.38256e-5 7.47236e-7 -1 5.09786e-6 -2.25054e-6 -0.9229376 0.3849496 -2.78436e-7 -0.9226561 0.3856242 1.95112e-7 -0.705321 0.7088881 6.39819e-7 -0.7047908 0.7094151 -7.63452e-7 -0.381492 0.9243722 3.08501e-7 -0.3811433 0.924516 -1.03749e-6 1 3.53977e-5 -3.18173e-6 1 4.74053e-5 1.55158e-6 0.9226563 0.3856235 2.90864e-7 0.9229493 0.3849217 5.18747e-7 0.705321 0.7088881 8.0769e-7 0.7047911 0.709415 -4.61238e-7 0.381492 0.9243722 0 0.3811435 0.924516 -9.26666e-7 -0.1305266 -1.22236e-5 0.9914448 -0.1722049 9.51951e-6 0.9850612 -0.2018743 -1.12415e-5 0.9794114 -0.2217954 -3.13588e-6 0.9750933 0 -1.75582e-5 1 -0.04595011 5.50721e-5 0.9989438 -0.1373158 2.53087e-7 0.9905274 0.04595011 5.50725e-5 0.9989438 0.1305259 -1.87987e-6 0.991445 0.1373124 -2.23969e-7 0.9905279 0.1722185 6.11413e-7 0.9850589 0.2018882 -2.06567e-5 0.9794086 0.2217942 -3.53763e-6 0.9750936 0.2288608 0 0.9734592 -0.2288399 -5.27594e-7 0.9734641 -0.2488448 -1.84917e-5 0.9685434 -0.2288349 -2.54415e-5 0.9734653 -0.2388653 -5.11514e-5 0.9710528 -0.06421786 -0.9576302 0.2807502 -0.1257931 -0.8298552 0.5436143 -0.2011147 -0.4703719 0.8592457 -0.8660298 0 -0.4999925 -0.8660488 0 -0.4999595 -1 0 -8.50482e-6 -1 0 9.59488e-6 -0.8660454 0 0.4999653 -0.8660438 0 0.4999684 -0.4999695 0 0.866043 -0.4999902 0 0.8660311 2.58091e-5 0 1 -2.57796e-5 0 1 0.4999904 0 0.8660311 0.4999695 0 0.8660432 0.8660438 0 0.4999682 0.8660454 0 0.4999653 1 0 9.59488e-6 1 0 -8.49499e-6 0.8660489 0 -0.4999594 0.8660297 0 -0.4999925 0.4999684 0 -0.8660437 0.4999717 0 -0.8660417 -2.58091e-5 0 -1 2.57796e-5 0 -1 -0.4999718 0 -0.8660417 -0.4999683 0 -0.8660438 -0.866043 0 -0.4999696 -0.8660346 0 -0.4999842 -1 0 -9.54578e-6 -1 0 1.23742e-6 -0.8660383 0 0.4999777 -0.866043 0 0.4999697 -0.4999769 0 0.8660387 -0.4999675 0 0.8660443 -2.95311e-5 0 1 2.89615e-5 0 1 0.4999679 0 0.8660439 0.4999772 0 0.8660385 0.8660433 0 0.4999689 0.8660387 0 0.4999771 1 0 1.23742e-6 1 0 -9.56542e-6 0.8660351 0 -0.4999834 0.8660433 0 -0.499969 0.4999773 0 -0.8660385 0.4999679 0 -0.866044 2.89615e-5 0 -1 -2.9482e-5 0 -1 -0.4999676 0 -0.8660442 -0.4999768 0 -0.8660388 -0.8660407 0 -0.4999738 -0.8660436 0 -0.4999686 -1 0 1.7481e-6 -1 0 -5.91211e-6 -0.8660401 0 0.4999746 -0.8660402 0 0.4999744 -0.4999724 0 0.8660414 -0.4999574 0 0.86605 -1.57721e-5 0 1 1.52025e-5 0 1 0.4999579 0 0.8660498 0.4999728 0 0.8660412 0.8660406 0 0.4999737 0.8660405 0 0.499974 1 0 -5.90229e-6 1 0 1.75792e-6 0.8660441 0 -0.4999679 0.8660409 0 -0.4999732 0.4999815 0 -0.8660361 0.4999697 0 -0.8660429 1.47312e-6 0 -1 -2.03291e-6 0 -1 -0.4999694 0 -0.8660432 -0.499981 0 -0.8660364 -0.4999281 0 0.8660669 -0.4999296 0 0.8660661 -1.29729e-5 0 1 1.32184e-5 0 1 0.4999554 0 0.8660511 0.4998403 0 0.8661177 0.8660003 0 0.5000436 0.8659937 0 0.500055 1 0 -4.74464e-6 1 0 -2.08253e-6 0.8659951 0 -0.5000526 0.8659964 0 -0.5000504 0.4998366 0 -0.8661198 0.499957 0 -0.8660503 -9.48661e-6 0 -1 9.72231e-6 0 -1 -0.4999312 0 -0.8660652 -0.4999243 0 -0.8660691 -0.8660657 0 -0.4999303 -0.8660644 0 -0.4999325 -1 0 -2.17034e-6 -1 0 -4.72368e-6 -0.866063 0 0.4999349 -0.8660696 0 0.4999235 -0.499954 0 0.866052 -0.4998418 0 0.8661168 -1.32282e-5 0 1 1.29729e-5 0 1 0.4999297 0 0.866066 0.4999281 0 0.8660671 0.8660696 0 0.4999235 0.866063 0 0.4999349 1 0 -4.71386e-6 1 0 -2.17034e-6 0.8660644 0 -0.4999324 0.8660657 0 -0.4999303 0.4999243 0 -0.8660691 0.4999311 0 -0.8660652 -9.75177e-6 0 -1 9.47679e-6 0 -1 -0.4998434 0 -0.8661159 -0.4998366 0 -0.8661198 -0.8659964 0 -0.5000504 -0.865995 0 -0.5000527 -1 0 -2.08253e-6 -1 0 -4.74464e-6 -0.8659937 0 0.500055 -0.8660003 0 0.5000436 0.9238796 1.53072e-5 -0.3826833 0.9845283 1.73692e-7 -0.1752259 1 -6.78375e-6 -9.80133e-6 0.9964753 -2.80039e-5 -0.08388698 1 -3.47383e-7 -3.13483e-6 0.8654264 1.14255e-5 -0.5010362 0.7071049 -2.03857e-5 -0.7071087 0.6421779 -3.83705e-6 -0.7665557 0.3826825 -6.51553e-6 -0.92388 0.3416403 5.1742e-6 -0.9398309 2.37525e-5 6.71251e-7 -1 2.06456e-5 0 -1 -1.17049e-5 0 -1 -4.43261e-6 5.09666e-7 -1 -0.3416404 5.2182e-6 -0.9398308 -0.3826824 -6.49504e-6 -0.9238801 -0.6421779 -3.89898e-6 -0.7665558 -0.7071048 -2.03857e-5 -0.7071088 -0.865426 1.135e-5 -0.501037 -0.9238796 1.52253e-5 -0.3826833 -0.984529 -3.92974e-4 -0.175221 -1 1.62981e-7 -1.02222e-5 -0.9964492 4.10713e-7 -0.08419609 -1 4.27477e-7 -9.94187e-6 -0.866041 0 -0.4999732 -0.8660439 0 -0.4999679 -0.8660405 0 0.499974 -0.8660407 0 0.4999738 -0.4999728 0 0.8660411 -0.4999579 0 0.8660498 -1.52025e-5 0 1 1.57721e-5 0 1 0.4999575 0 0.86605 0.4999723 0 0.8660415 0.8660402 0 0.4999743 0.86604 0 0.4999747 0.8660436 0 -0.4999685 0.8660405 0 -0.4999739 0.4999811 0 -0.8660363 0.4999693 0 -0.8660431 2.01326e-6 0 -1 -1.4633e-6 0 -1 -0.4999698 0 -0.8660429 -0.4999815 0 -0.8660361 1 0 0 1 0 0 1 -6.13733e-7 0 -0.8660433 0 -0.4999689 -0.8660349 0 -0.4999834 -0.8660387 0 0.4999771 -0.8660433 0 0.499969 -0.4999773 0 0.8660385 -0.4999679 0 0.8660439 -2.89419e-5 0 1 2.95213e-5 0 1 0.4999676 0 0.8660442 0.4999769 0 0.8660388 0.866043 0 0.4999696 0.8660383 0 0.4999778 0.8660346 0 -0.4999841 0.866043 0 -0.4999696 0.4999769 0 -0.8660387 0.4999675 0 -0.8660442 2.94919e-5 0 -1 -2.89812e-5 0 -1 -0.4999679 0 -0.866044 -0.4999772 0 -0.8660385 0 1 1.44544e-7 0 1 -4.68765e-7 0 1 0 0 1 -4.08308e-7 0 1 0 0 1 2.04145e-7 0 1 2.34423e-7 0 1 -5.30561e-7 0 1 0 0 1 -2.75887e-7 0 1 0 0 1 -2.34424e-7 0 1 1.63823e-7 0 1 -2.9549e-7 0 1 0 0 1 0 0 1 4.99638e-7 0 1 0 0 1 5.30558e-7 0 1 0 0 1 2.75885e-7 0 1 0 0 1 0 0 1 0 0 1 0 0 1 2.32196e-7 0 1 0 0 1 1.53095e-7 0 1 -1.73945e-7 0 1 0 0 1 0 0 1 0 0 1 0 0 1 0 0 1 0 0 1 0 0 1 -1.87716e-7 0 1 0 0 1 0 0 1 0 0 1 2.32196e-7 0 1 0 0 1 1.53088e-7 0 1 -1.73951e-7 0 1 0 0 1 0 0 1 0 0 1 0 0 1 0 0 1 0 0 1 0 0 1 -1.87719e-7 0 1 0 0 1 0 0 1 0 0 1 4.918e-7 0 1 0 0 1 0 0 1 0 0 1 0 0 1 0 0 1 0 0 1 0 0 1 0 0 1 -3.56825e-7 0 1 1.76213e-7 0 1 0 0 1 2.72859e-7 0 1 0 0 1 1.81276e-7 0 1 3.24814e-7 0 1 0 0 1 0 0 1 3.1592e-7 0 1 -6.73522e-7 0 1 0 0 1 0 0 1 2.54033e-7 0 1 1.81276e-7 0 1 2.72859e-7 0 1 -2.92587e-7 0 1 0 0 1 0 0 1 1.8276e-7 0 1 -4.08585e-7 0 1 4.41223e-7 0 1 0 0 1 -1.43785e-7 0 1 0 0 1 -1.46538e-7 0 1 9.26398e-7 0 1 4.63199e-7 0 1 2.24654e-7 0 1 8.68849e-7 0 1 0 0 1 0 0 1 0 0 1 0 0 1 0 0 1 0 0 1 0 0 1 1.87716e-7 0 1 1.73947e-7 0 1 0 0 1 0 0 1 0 0 1 -1.53067e-7 0 1 0 0 1 0 0 1 0 0.3448483 0 -0.9386584 0.3448546 5.10179e-6 -0.9386562 0.488748 2.50322e-6 -0.8724251 0.5072794 -1.99769e-6 -0.8617818 0.6203564 -1.87645e-5 -0.7843201 0.6533456 -9.57958e-6 -0.7570599 0.7364653 -2.17857e-5 -0.6764754 0.7783084 4.67431e-6 -0.6278823 0.7364709 -8.52905e-6 -0.6764693 0.8445875 -2.14716e-5 -0.5354177 0.8781287 3.07686e-5 -0.4784248 0.9260385 -7.27037e-6 -0.3774291 0.9495838 -1.26339e-5 -0.3135135 0.9782318 1.14231e-5 -0.2075157 0.9903662 1.58045e-5 -0.1384739 0.9995179 -2.50153e-5 -0.03104764 0.9991577 -4.97419e-6 0.04103839 0.9892252 -2.57683e-5 0.1464021 0.9756744 -1.6165e-5 0.219225 0.9476782 1.24262e-5 0.3192273 0.920675 8.23289e-7 0.3903301 0.8761899 -3.64799e-6 0.4819659 0.835936 -1.00536e-5 0.5488272 0.777019 -2.50386e-5 0.6294772 0.7241947 1.54404e-5 0.6895956 0.653298 -1.93678e-5 0.7571009 0.5890607 -1.40835e-5 0.8080888 0.508937 7.31461e-6 0.8608039 0.4348981 -4.32413e-6 0.9004797 0.348496 0 0.9373103 0.2666884 2.80049e-5 0.9637829 0.1770449 -7.40495e-6 0.9842028 0.08986365 3.67928e-5 0.9959541 -2.16249e-7 -9.98285e-6 1 -0.08986383 3.67938e-5 0.995954 -0.1770446 -7.40588e-6 0.9842028 -0.2666885 2.80039e-5 0.9637828 -0.3484964 0 0.9373101 -0.434898 -4.32506e-6 0.9004797 -0.5089371 7.31461e-6 0.8608038 -0.5890603 -1.40881e-5 0.8080891 -0.6532984 -1.93659e-5 0.7571006 -0.7241948 1.54404e-5 0.6895955 -0.777019 -2.50391e-5 0.6294773 -0.835936 -1.00527e-5 0.5488271 -0.8761898 -3.65311e-6 0.4819664 -0.9206749 8.19564e-7 0.3903304 -0.9476782 1.24266e-5 0.3192274 -0.9756742 3.01003e-5 0.2192255 -0.9892252 -2.57129e-5 0.1464024 -0.9991576 -4.94905e-6 0.04103827 -0.9995179 -2.48849e-5 -0.03104782 -0.9903662 1.58297e-5 -0.1384739 -0.9782317 1.14935e-5 -0.2075159 -0.9495839 -1.26371e-5 -0.3135131 -0.9260386 -7.2699e-6 -0.3774291 -0.8781287 3.07634e-5 -0.4784246 -0.8445876 -2.15373e-5 -0.5354175 -0.778308 4.86895e-6 -0.6278828 -0.7364709 -8.64267e-6 -0.6764693 -0.7364448 1.42362e-5 -0.6764976 -0.6533457 -9.55351e-6 -0.7570598 -0.6203565 -1.87757e-5 -0.7843201 -0.5072799 -1.87568e-6 -0.8617814 -0.488748 2.41876e-6 -0.8724251 -0.3448545 5.13392e-6 -0.9386562 -0.3448483 0 -0.9386584 0 1 0 0 1 0 0 1 0 0 1 0 0 1 0 0 1 0 0 1 0 0 1 1.87718e-7 0 1 1.73951e-7 0 1 0 0 1 0 0 1 0 0 1 -1.53067e-7 0 1 0 0 1 0 0 1 0 -0.8660255 -1.23298e-5 -0.4999999 -0.8805335 -1.95331e-5 -0.4739842 -1 1.29258e-5 9.79801e-7 -0.9997506 1.55496e-5 0.02233237 -0.8660255 -2.2226e-6 0.5 -0.8584815 -1.00716e-5 0.5128446 -0.499999 5.66733e-6 0.866026 -0.4934991 -4.98638e-5 0.8697464 0 -9.17597e-6 1 0 0 1 0.4935488 1.47049e-5 0.8697181 -0.531901 2.9197e-7 -0.8468066 -0.5000019 6.55092e-6 -0.8660244 -0.2835519 7.36583e-6 -0.958957 1.53808e-6 -7.65547e-6 -1 0 0 -1 0.2835517 8.41403e-6 -0.958957 0.5000016 6.67199e-6 -0.8660245 0.531901 2.40654e-6 -0.8468065 0.8660253 -1.23279e-5 -0.5000002 0.8805335 -1.95578e-5 -0.4739841 1 1.29049e-5 1.22864e-6 0.9997506 1.55391e-5 0.02233231 0.8660255 -2.19629e-6 0.4999999 0.8584815 -1.00108e-5 0.5128446 0.4999989 5.66198e-6 0.8660261 -0.8660247 2.34507e-5 -0.5000013 -0.9722456 -4.43682e-6 -0.2339625 -1 1.14609e-5 4.87953e-6 -0.9993056 -6.09015e-6 0.03726297 -0.866025 1.55871e-5 0.5000008 -0.8507509 7.01286e-7 0.5255693 -0.4999985 3.12291e-5 0.8660264 -0.4805276 -1.78854e-5 0.8769796 1.29454e-6 1.04131e-5 1 0.01490181 -2.38265e-5 0.999889 0.4999941 -2.70403e-5 0.8660289 0.5064992 -6.63474e-5 0.8622405 0.8660255 -1.50241e-5 0.4999998 0.866009 0 0.5000285 0.9999727 5.44438e-5 0.007400333 -0.4999965 1.24294e-5 -0.8660275 -0.6887354 -2.28733e-6 -0.7250128 -0.8658873 0 -0.5002393 -0.4674146 3.241e-6 -0.8840383 -1.75633e-7 -1.73603e-5 -1 0.02978551 -3.0776e-5 -0.9995564 0.4999986 -2.67024e-5 -0.8660262 0.5192222 -1.0174e-5 -0.8546393 0.8660263 1.2995e-5 -0.4999986 0.8733789 -1.88926e-5 -0.4870412 1 -9.78354e-6 -2.16284e-6 -0.8660249 1.33747e-5 -0.5000009 -0.9993056 4.79445e-6 -0.03726178 -1 1.02185e-5 -3.63189e-6 -0.9722545 5.33834e-6 0.2339258 -0.8660261 2.1264e-5 0.4999989 -0.8658816 0 0.500249 -0.6887237 1.19861e-6 0.725024 -0.8507506 -1.45566e-6 -0.5255696 -0.5000006 -1.34772e-5 -0.8660251 -0.4805275 -1.88362e-5 -0.8769797 1.1843e-6 9.93768e-6 -1 0.01490366 -2.81063e-5 -0.999889 0.4999936 -2.91062e-5 -0.8660291 0.5064145 2.10449e-5 -0.8622902 0.8660256 -1.55151e-5 -0.4999998 0.866009 0 -0.5000285 0.9999721 -4.32308e-5 -0.007482469 1 -1.17354e-5 2.61555e-6 0.8733795 -2.11089e-5 0.4870405 0.8660238 -3.00668e-5 0.5000029 0.5192232 -1.40013e-5 0.8546388 0.4999987 -2.58898e-5 0.8660262 0.02977895 1.43247e-5 0.9995566 0 -1.63442e-5 1 -0.4674012 7.97445e-7 0.8840454 -0.4999984 6.83032e-6 0.8660265 0.98481 6.67742e-5 -0.1736357 0.9848026 2.18237e-6 -0.1736779 0.9848109 1.35761e-5 -0.1736305 0.9848076 0 -0.1736495 0.9848112 0 -0.1736291 9.62615e-6 2.67195e-6 -1 1.4022e-5 0 -1 0.2756469 0 -0.9612591 0.2756615 0 -0.9612548 0.5299686 0 -0.8480173 0.5299512 0 -0.8480281 0.7430812 0 -0.6692013 0.7430701 0 -0.6692137 0.8989027 3.51044e-7 -0.4381486 0.8987402 0 -0.4384817 -9.62615e-6 -2.67195e-6 -1 -1.4022e-5 0 -1 -0.9848051 2.20983e-6 -0.1736636 -0.9848045 0 -0.1736669 -0.8989027 -3.51044e-7 -0.4381486 -0.8987402 0 -0.4384817 -0.7430701 0 -0.6692137 -0.7430812 0 -0.6692013 -0.5299512 0 -0.8480281 -0.5299686 0 -0.8480173 -0.2756469 0 -0.9612591 -0.2756615 0 -0.9612548 -0.98481 6.67742e-5 -0.1736357 -0.9848109 1.35761e-5 -0.1736305 -0.9848112 0 -0.1736291 -0.8660256 -1.5231e-5 -0.4999998 -0.9999721 -4.31511e-5 -0.007482409 -1 -1.12373e-5 2.40483e-6 -0.8733794 -2.10875e-5 0.4870405 -0.8660262 1.30327e-5 0.4999986 -0.5192231 -1.39503e-5 0.8546388 -0.4999987 -2.56528e-5 0.8660262 -0.02977871 1.43205e-5 0.9995566 5.43101e-7 -1.62767e-5 1 0.4674028 2.90945e-6 0.8840445 0.4999988 6.75395e-6 0.8660262 0.6887257 2.26591e-6 0.7250221 0.8660244 2.1629e-5 0.5000017 0.8658816 0 0.500249 0.9722548 5.24987e-6 0.2339246 -0.4999937 -2.91409e-5 -0.8660292 -0.5064145 2.10045e-5 -0.8622903 -0.866009 0 -0.5000285 -0.0149036 -2.81363e-5 -0.999889 -1.16069e-6 9.94024e-6 -1 0.4805274 -1.88444e-5 -0.8769798 0.5000005 -1.34869e-5 -0.8660252 0.8507507 -1.05519e-6 -0.5255696 0.8660252 1.36625e-5 -0.5000005 0.9993056 -6.12973e-6 -0.03726202 1 1.10175e-5 -3.69461e-6 -0.6722558 0.707108 0.2192502 -0.6294966 0.7071068 0.3220778 -0.6701171 0.7070989 0.2257307 -0.6218048 0.7071152 0.3366703 -0.6195532 0.7071201 0.3407858 -0.6123378 0.707129 0.3535693 -0.6024902 0.7071036 0.3701487 -0.5936869 0.7071038 0.3841094 -0.5494215 0.7071273 0.4450923 -0.5260045 0.7070977 0.4725804 -0.4619504 0.707109 0.5353493 -0.445295 0.7071031 0.5492883 -0.3598658 0.7071153 0.6086745 -0.3535072 0.7071142 0.6123906 -0.2464239 0.7071056 0.6627796 -0.2530219 0.7071051 0.6602897 -0.146246 0.7071055 0.6918194 -0.1251891 0.7071071 0.6959362 -0.03582298 0.7071092 0.7061964 -0.01933497 0.7071166 0.7068327 1.06159e-6 0.7070962 0.7071173 0 0.7071076 0.7071061 0.01933294 0.7071169 0.7068324 0.03585129 0.7071135 0.7061907 0.1251896 0.7071053 0.6959381 0.1462459 0.7071053 0.6918196 0.2464241 0.7071056 0.6627796 0.2530219 0.707105 0.6602897 0.3535503 0.7071074 0.6123735 0.3598657 0.7071153 0.6086745 0.4452952 0.7071029 0.5492883 0.4619502 0.707109 0.5353494 0.5260046 0.7070977 0.4725804 0.5494336 0.7071095 0.4451057 0.5936728 0.7071091 0.3841216 0.6024922 0.7071034 0.3701459 0.6195657 0.7070992 0.3408067 0.6123378 0.7071289 0.3535693 0.6217967 0.7071058 0.336705 0.6295048 0.7071099 0.3220549 0.6701057 0.7071117 0.2257247 0.6722558 0.7071079 0.2192502 0.6983341 0.7071084 0.1110278 0.6994883 0.7071063 0.1035223 0.7071185 0.7070952 4.65593e-5 0.7067447 0.7071279 -0.02195525 0.6983457 0.707102 -0.1109964 0.6917129 0.7071081 -0.1467363 0.6722437 0.7071136 -0.2192686 0.6548046 0.707111 -0.2668802 0.6294993 0.7071075 -0.3220711 0.6218014 0.7071056 -0.3366968 0.5972178 0.7071022 -0.3785992 0.6123781 0.7070968 -0.3535636 0.6023951 0.7071592 -0.3701972 0.5936773 0.7071066 -0.3841191 0.5548614 0.7070983 -0.4383388 0.5207602 0.7071151 -0.4783275 0.5111057 0.7071062 -0.4886429 0.4628177 0.7071102 -0.534598 -0.6983342 0.7071084 0.1110278 -0.699455 0.7071382 0.1035297 -0.7071185 0.7070952 4.66029e-5 -0.7067447 0.7071279 -0.02195549 -0.6983457 0.707102 -0.1109963 -0.6917129 0.7071081 -0.1467359 -0.6722766 0.7070897 -0.2192451 -0.6547977 0.7071178 -0.266879 -0.6294941 0.7071053 -0.3220861 -0.5972093 0.707112 -0.3785945 -0.621796 0.7071241 -0.336668 -0.6123613 0.7071273 -0.3535318 -0.6023976 0.7071578 -0.3701959 -0.5936777 0.7071062 -0.3841195 -0.5548615 0.7070983 -0.4383388 -0.5207616 0.707114 -0.4783276 -0.5111057 0.7071062 -0.4886429 -0.4628176 0.7071104 -0.5345979 -0.8660262 1.30662e-5 -0.4999987 -0.873379 -1.89433e-5 -0.4870413 -1 -9.8811e-6 -2.16683e-6 -0.9999727 5.42193e-5 0.007400453 -0.8660256 -1.5023e-5 0.4999998 -0.866009 0 0.5000285 -0.5064991 -6.63731e-5 0.8622406 -0.5192221 -1.01049e-5 -0.8546395 -0.4999986 -2.67085e-5 -0.8660262 -0.02978533 -3.09018e-5 -0.9995564 1.27094e-7 -1.73883e-5 -1 0.4674146 1.02469e-6 -0.8840383 0.4999965 1.2435e-5 -0.8660275 0.6887056 7.04173e-6 -0.7250411 0.8660252 2.38195e-5 -0.5000005 0.865889 0 -0.5002363 0.9722453 -2.84147e-6 -0.2339636 1 1.19135e-5 4.9724e-6 0.9993056 5.93066e-6 0.03726369 0.8660252 1.54842e-5 0.5000006 0.8507509 3.6601e-7 0.5255693 0.5000004 -1.17612e-5 0.8660252 0.4805277 -1.78798e-5 0.8769795 -1.31807e-6 1.04103e-5 1 -0.01490169 -2.38706e-5 0.999889 -0.499994 -2.70049e-5 0.8660289 -0.8705928 0.4797774 0.1090041 -0.8775839 0.4794231 8.71709e-6 -0.8769076 0.4792999 0.03611904 -0.877574 0.4794412 1.45411e-5 -0.8710386 0.4797453 0.1055294 -0.8683063 0.4802215 0.1242238 -0.8597471 0.4849678 0.1601294 -0.8568766 0.4864379 0.1707062 -0.8494603 0.497052 0.1770782 -0.8466316 0.4986674 0.1858652 -0.839727 0.5146225 0.1732694 -0.8373407 0.5153125 0.18252 -0.8317707 0.5264101 0.1762104 -0.8349736 0.515533 0.1924702 -0.8263928 0.5331371 0.1812174 -0.8289105 0.5323405 0.1718168 -0.8285712 0.5331132 0.171056 -0.8310777 0.5322028 0.1614626 -0.8186585 0.5529991 0.1548889 -0.818355 0.5569136 0.1419242 -0.8102788 0.5687319 0.1413949 -0.8118559 0.5686678 0.1323148 -0.8021523 0.583325 0.1276076 -0.805392 0.5799058 0.1226914 -0.7992303 0.5902992 0.1130391 -0.7917949 0.6023897 0.100933 -0.7978457 0.5907962 0.1200094 -0.7980902 0.5903766 0.1204475 -0.796952 0.5903658 0.1278115 -0.8041265 0.5772407 0.1420344 -0.785651 0.6120375 0.09034711 -0.7850936 0.6120164 0.09520399 -0.7909634 0.6024258 0.1070531 -0.796698 0.5908098 0.1273425 -0.7804385 0.6195734 0.08393204 -0.7775204 0.6248843 0.07058292 -0.7759184 0.6274103 0.06562829 -0.7754374 0.6284005 0.06172245 -0.7753455 0.6283602 0.06326806 -0.7753373 0.6283842 0.06312906 -0.7744991 0.6309126 0.04583007 -0.774385 0.631278 0.04261517 -0.7744222 0.6312719 0.04202562 -0.7742337 0.6320906 0.03199809 -0.7742292 0.6321103 0.03171342 -0.7763338 0.6302039 0.01220524 -0.7776566 0.628625 0.008993268 -0.7777459 0.6285441 0.006608426 -0.7844291 0.6201816 -0.006767392 -0.7843642 0.6202058 -0.01085019 -0.7914541 0.6107033 -0.02533942 -0.7864648 0.6173123 -0.01996701 -0.7925478 0.6088804 -0.03365832 -0.7997918 0.5988101 -0.0419479 -0.799399 0.5988234 -0.04870361 -0.7996544 0.5984302 -0.04933893 -0.8000536 0.5984242 -0.04245781 -0.8031974 0.5936864 -0.04909652 -0.8004295 0.5983694 -0.03559195 -0.8102415 0.5835798 -0.05425482 -0.7748571 0.6299631 0.05237555 -0.7943758 0.6069247 -0.02469104 -0.8112031 0.5810356 -0.0659343 -0.8174629 0.5718262 -0.0690602 -0.8188807 0.5678693 -0.08342146 -0.8240156 0.5601908 -0.08476132 -0.8228914 0.5602573 -0.09466594 -0.8233001 0.5594701 -0.09576088 -0.8216991 0.5602889 -0.1043412 -0.8245718 0.554319 -0.1131892 -0.8261553 0.5538883 -0.1033216 -0.8286219 0.5486752 -0.111092 -0.8275443 0.5534225 -0.09430879 -0.8313708 0.5458434 -0.1042963 -0.833366 0.5389738 -0.122509 -0.8348177 0.5389235 -0.1124322 -0.8366439 0.5329171 -0.1265956 -0.8409309 0.528236 -0.1174829 -0.8399438 0.5281612 -0.1246607 -0.8460062 0.5238518 -0.09926271 -0.8385354 0.5285101 -0.1324215 -0.8469528 0.5235283 -0.09267729 -0.8501456 0.5231742 -0.05950856 -0.8520497 0.5234612 -1.43763e-5 -0.8520496 0.5234611 1.24142e-5 -0.84745 0.5234896 -0.08824491 -0.8349003 0.533411 -0.1356996 -0.8315433 0.5395504 -0.1319893 -0.828191 0.5465916 -0.1238449 -0.8167452 0.5699352 -0.090007 -0.8112264 0.5797529 -0.0761469 -0.8054587 0.5893458 -0.06251418 -0.7777606 0.6285448 0.004477322 -0.7777119 0.6286032 0.004707872 -0.7744891 0.6321163 0.02440619 -0.7776736 0.6237644 0.07837015 -0.7821007 0.6160712 0.09367376 -0.7885978 0.6050349 0.109756 -0.8116754 0.5629407 0.1558229 -0.8192313 0.54803 0.1688886 -0.8454419 0.4976232 0.1939051 -0.8574698 0.4851718 0.1713302 0.8520494 0.5234614 1.24879e-5 0.8520489 0.5234622 -1.47654e-5 0.8391588 0.5233991 0.1478719 0.8375317 0.5234788 0.1565585 0.8007184 0.5233905 0.2913976 0.7945113 0.5234636 0.3077952 0.7379071 0.523447 0.426024 0.7244212 0.5234725 0.4485427 0.6527265 0.5234321 0.5476925 0.629656 0.5234959 0.5740083 0.5476955 0.5234463 0.6527125 0.5134623 0.5234934 0.6799347 0.426032 0.5234453 0.7379037 0.3797837 0.5234868 0.7627097 0.291423 0.5234462 0.8006727 0.2331744 0.5234582 0.819525 0.1479567 0.5234636 0.8391036 0.07861685 0.5234654 0.8484123 -3.79863e-7 0.523464 0.8520479 -0.07861709 0.5234653 0.8484123 -0.1479569 0.5234635 0.8391036 -0.2331754 0.5234582 0.8195247 -0.2914232 0.5234462 0.8006726 -0.3797847 0.5234868 0.7627092 -0.4260321 0.5234454 0.7379036 -0.5134624 0.5234934 0.6799347 -0.5476952 0.5234463 0.6527128 -0.6296565 0.5234959 0.5740077 -0.6527266 0.5234321 0.5476924 -0.7244216 0.5234725 0.4485421 -0.7379071 0.523447 0.4260242 -0.7945113 0.5234636 0.3077951 -0.8006895 0.523429 0.2914079 -0.8375318 0.5234788 0.1565586 -0.8391587 0.5233992 0.1478719 0.8710407 0.4797431 0.105522 0.8775818 0.4794272 5.62936e-5 0.870885 0.4797351 0.106835 0.8775793 0.4794315 -6.78858e-6 0.8705889 0.4797664 0.1090841 0.8616701 0.483103 0.1553577 0.8574779 0.485181 0.1712628 0.8527696 0.4905221 0.1793661 0.8454543 0.4976249 0.193847 0.8447991 0.5016303 0.1862295 0.8349772 0.5155327 0.1924563 0.8372738 0.5154011 0.1825773 0.8317705 0.5264101 0.176211 0.8397241 0.5146236 0.1732804 0.8310781 0.5322023 0.1614624 0.8289726 0.5322811 0.1717016 0.8285711 0.5331135 0.1710553 0.8263931 0.5331369 0.181217 0.8192311 0.5480302 0.1688886 0.8185094 0.5531563 0.1551143 0.8116852 0.5629372 0.1557855 0.8103092 0.5686838 0.1414143 0.8041242 0.5772415 0.1420442 0.8021073 0.5833933 0.1275787 0.796952 0.5903657 0.1278116 0.7980983 0.5903753 0.1204001 0.7978473 0.5908036 0.119962 0.7992156 0.5903262 0.1130027 0.7918059 0.6023722 0.1009525 0.7909597 0.6024205 0.1071091 0.7856487 0.6120371 0.09037047 0.785074 0.6120417 0.09520423 0.7804387 0.6195734 0.0839315 0.7821007 0.6160712 0.09367376 0.7776736 0.6237644 0.07837015 0.7966979 0.59082 0.1272959 0.7885978 0.6050348 0.1097561 0.7759185 0.6274102 0.06562811 0.7753455 0.6283603 0.06326788 0.7754393 0.6283982 0.0617243 0.7753404 0.6283834 0.06310069 0.7745036 0.6309102 0.0457887 0.7743859 0.6312768 0.04261499 0.7743951 0.6313059 0.04201459 0.7742063 0.6321229 0.03202039 0.7742515 0.6320816 0.0317443 0.7763369 0.6302004 0.01219087 0.7776674 0.6286115 0.008996963 0.7777387 0.6285524 0.006667554 0.7830469 0.6219135 -0.007836997 0.7777554 0.6285509 0.004507839 0.7864499 0.6173295 -0.0200228 0.7744892 0.6321163 0.02440619 0.7777195 0.6285938 0.004719138 0.7889344 0.6141387 -0.02040332 0.7925561 0.6088738 -0.03357946 0.795979 0.6043556 -0.03423279 0.7993972 0.5988214 -0.04875546 0.7999303 0.5986388 -0.04174935 0.8000515 0.5984236 -0.04250693 0.8004271 0.598374 -0.03556573 0.803216 0.5936643 -0.04905831 0.8102415 0.5835798 -0.05425482 0.8110332 0.5812924 -0.06575953 0.817466 0.5718238 -0.06904286 0.8187398 0.5680383 -0.08365303 0.8240191 0.5601832 -0.0847783 0.8229007 0.5602594 -0.09457343 0.8232777 0.5595066 -0.09574061 0.8216974 0.5602952 -0.1043206 0.8245735 0.5543181 -0.1131819 0.7996557 0.5984284 -0.04934084 0.8054586 0.5893459 -0.06251418 0.8112426 0.5797352 -0.07610869 0.816737 0.5699456 -0.09001576 0.8281911 0.5465913 -0.123845 0.8285772 0.5487318 -0.1111466 0.8258798 0.5543188 -0.1032151 0.8333155 0.5390573 -0.1224848 0.8315356 0.5395603 -0.1319972 0.8348855 0.5334203 -0.1357543 0.8366441 0.5329318 -0.1265324 0.8385353 0.5285102 -0.1324219 0.8399436 0.5281566 -0.1246821 0.8460094 0.5238478 -0.09925585 0.8409349 0.5282375 -0.1174467 0.8474432 0.5234979 -0.08826094 0.8501481 0.5231738 -0.05947661 0.846954 0.5235263 -0.09267884 0.8348027 0.538954 -0.1123979 0.831371 0.5458431 -0.1042963 0.8275614 0.5533964 -0.09431189 0.7890528 0.6141341 -0.01533043 0.7748509 0.6299712 0.05236995 0.7775204 0.6248843 0.07058286 0.8053919 0.5799058 0.1226914 0.8118509 0.5686729 0.1323223 0.8183591 0.5569109 0.1419106 0.8494468 0.497081 0.1770612 0.8597432 0.4849134 0.1603138 0.8675331 0.4806863 0.1277779 0.8686739 0.4793962 -0.1248406 0.8677667 0.4794532 -0.1307894 0.8420417 0.4794161 -0.2472367 0.8385804 0.4794522 -0.258667 0.7982991 0.4793943 -0.3645542 0.7906737 0.4794277 -0.3807681 0.7382863 0.4794003 -0.4744562 0.7251028 0.4794043 -0.4943657 0.6632313 0.4794293 -0.574693 0.6433052 0.4794443 -0.5969017 0.5746963 0.4794232 -0.6632326 0.5471643 0.4794243 -0.6861221 0.4744591 0.4794222 -0.7382704 0.4387875 0.4794381 -0.7600031 0.3645593 0.4794323 -0.7982739 0.3206176 0.4794245 -0.8169189 0.2472452 0.4794202 -0.842037 0.1952754 0.4794625 -0.8555603 0.1248943 0.4794189 -0.8686535 0.06558197 0.4794254 -0.8751288 3.33064e-7 0.4794492 -0.8775696 -0.06558179 0.4794254 -0.8751288 -0.1248937 0.4794189 -0.8686536 -0.1952753 0.4794625 -0.8555603 -0.2472456 0.4794203 -0.8420368 -0.3206167 0.4794245 -0.8169193 -0.3645592 0.4794323 -0.7982739 -0.4388009 0.4793949 -0.7600226 -0.4744593 0.4794222 -0.7382701 -0.5471642 0.4794243 -0.6861223 -0.5746963 0.4794232 -0.6632327 -0.6433051 0.4794443 -0.5969018 -0.6632312 0.4794293 -0.5746929 -0.7250825 0.4794474 -0.4943538 -0.7382863 0.4794003 -0.4744563 -0.7906735 0.4794276 -0.3807685 -0.7982991 0.4793942 -0.3645543 -0.8385804 0.479452 -0.2586671 -0.8420417 0.4794162 -0.2472368 -0.8677667 0.479453 -0.1307893 -0.8686739 0.4793962 -0.1248406 -0.967924 0.2300749 -0.1009395 -0.9735555 0.1970279 -0.1156277 -0.9733397 0.2293685 1.2363e-6 -0.980485 0.1599503 -0.1143037 -0.9933112 0.1154685 -5.27417e-5 -0.985949 0.1226944 -0.1133604 -0.989962 0.085321 -0.1126754 -0.9877093 0.08700454 -0.1298483 -0.9913806 0.02350842 -0.1288871 -0.9919695 0.02429395 -0.124122 -0.9913839 -0.04134488 -0.124293 -0.9930535 -0.04327708 -0.1094159 -0.98747 -0.1118646 -0.1113079 -0.9887422 -0.1175563 -0.09257209 -0.9771333 -0.1895778 -0.09628593 -0.9769743 -0.1973533 -0.08107447 -0.9576522 -0.2695984 -0.1010896 -0.9556105 -0.2826672 -0.08311468 -0.9764346 -0.2052207 -0.06678271 -0.9528819 -0.2960182 -0.06625175 -0.9756004 -0.2130465 -0.05305773 -0.9486373 -0.3132504 -0.04429107 -0.9745601 -0.2206205 -0.03949004 -0.9729481 -0.229889 -0.02287119 -0.9898791 -0.137169 -0.03638744 -0.9895057 -0.1430397 -0.02044641 -0.9979803 -0.05304884 -0.03494614 -0.9982885 -0.05532854 -0.01894909 -0.9989116 0.03114986 -0.03471881 -0.9992901 0.03245806 -0.01913017 -0.9926805 0.1152718 -0.03602772 -0.9925405 0.1202813 -0.01989609 -0.9854553 0.1657662 -0.03740811 -0.9847176 0.1728699 -0.02114832 -0.9756128 0.2159714 -0.03919345 -0.9740679 0.2250912 -0.02292913 -0.9630582 0.2660722 -0.04152745 -0.9605749 0.2769165 -0.02476483 -0.9457617 0.3233593 -0.03120374 -0.9406198 0.3393279 -0.00954163 -0.962264 0.2354776 -0.1363759 -0.9702892 0.2011161 -0.1345039 -0.9776598 0.163202 -0.132464 -0.9771876 0.1688125 -0.1288672 -0.9834415 0.1294041 -0.1268757 -0.9844071 0.1352462 -0.1124776 -0.9893949 0.09397161 -0.1107575 -0.9908479 0.09883731 -0.09193307 -0.9955494 0.02672415 -0.09037226 -0.9967472 0.02756077 -0.07573235 -0.9960031 -0.04746925 -0.07566082 -0.9968881 -0.0492444 -0.06155741 -0.9897598 -0.1277675 -0.06364905 -0.9898987 -0.1326432 -0.05006408 -0.9692213 0.2081051 -0.131539 -0.9600817 0.2465818 -0.1320629 -0.9689027 0.2176558 -0.1177012 -0.9593674 0.2539162 -0.1230481 -0.9585357 0.2621442 -0.1117574 -0.9683707 0.228919 -0.09926903 -0.957639 0.2696427 -0.1010959 -0.9676508 0.2380174 -0.08366525 -0.9556034 0.2826904 -0.08311617 -0.9664034 0.2475318 -0.069229 -0.9528847 0.2960097 -0.0662502 -0.964854 0.256886 -0.0553776 -0.9486413 0.3132377 -0.04429477 -0.9368115 0.3496904 0.01005017 -0.9552133 0.2957209 0.01080089 -0.9581658 0.2860421 -0.009912312 -0.9725111 0.2327107 -0.008234977 -0.983856 0.1788261 -0.006986379 -0.9922009 0.1245058 -0.005981564 -0.9994193 0.03370136 -0.005031228 -0.9983431 -0.0573154 -0.005125403 -0.9889702 -0.1479823 -0.006274282 -0.9713142 -0.2376476 -0.008507907 -0.9430817 -0.3319606 -0.01997768 -0.953584 0.2995661 0.03062325 -0.9344138 0.3541058 0.03846985 -0.9529516 0.2988269 0.05085182 -0.9340319 0.3515095 0.06344687 -0.9523304 0.295933 0.07409882 -0.9345763 0.3453366 0.08549708 -0.9527233 0.2890242 0.09372067 -0.9377107 0.3296923 0.1095522 -0.9543317 0.2764351 0.1132903 -0.9400998 0.3183383 0.1219556 -0.956681 0.258616 0.1337137 -0.9429233 0.3042172 0.1354535 -0.9451342 0.2920846 0.1463146 -0.9581254 0.245731 0.1470106 -0.9473004 0.2792962 0.156894 -0.9594988 0.2319641 0.1598586 -0.9493214 0.2661566 0.1671814 -0.9606454 0.2178962 0.1722835 -0.9527744 0.2388746 0.1875098 -0.9614858 0.2039154 0.1842929 -0.9620468 0.1931734 0.1927435 -0.9692409 0.156614 0.1898535 -0.9694658 0.148808 0.1949164 -0.9745252 0.1139195 0.1931921 -0.974815 0.1085889 0.1947926 -0.978217 0.0754472 0.1933888 -0.9790498 0.07232898 0.190342 -0.9817236 0.01954174 0.1893063 -0.9845802 0.01880657 0.17392 -0.9842311 -0.03199535 0.1739696 -0.9896768 -0.03124296 0.1398707 -0.9867686 -0.08090317 0.1405087 -0.9933457 -0.08019024 0.08266794 -0.9881259 -0.1292279 0.08311104 -0.9958057 -0.09149336 5.12931e-5 -0.983258 -0.182219 6.13113e-6 -0.9549824 0.2197898 0.1992517 -0.9628699 0.1832258 0.1982674 -0.9701374 0.1416671 0.1968855 -0.9759492 0.1041387 0.1915156 -0.9821651 0.06960982 0.1746606 -0.9900024 0.01838576 0.1398473 -0.9961121 -0.0310086 0.08245652 -0.9586097 0.2012112 0.2014489 -0.9641894 0.1747228 0.1995265 -0.9716854 0.1358796 0.1932988 -0.9793617 0.1001747 0.1755443 -0.9877689 0.06801789 0.1403079 -0.9964318 0.01823961 0.08240652 -1 -9.23406e-7 5.02299e-5 -0.9662765 0.1675752 0.1955205 -0.9652079 0.1887376 0.1809745 -0.9706786 0.1611397 0.1783732 -0.9771933 0.1574019 0.1425415 -0.9816572 0.1276665 0.1416 -0.9884799 0.1265128 0.08307951 -0.9918352 0.09701442 0.08277255 -0.9958059 0.09149175 4.06609e-5 -0.9942981 0.06743866 0.08260428 -0.9759544 0.1830428 0.1183574 -0.9842376 0.1559054 0.08348721 -0.9832615 0.1822 -3.66647e-6 -0.9759565 -0.1830345 0.1183528 -0.9812898 -0.13037 0.1416836 -0.9810904 -0.08279311 0.1749485 -0.9813359 -0.03325045 0.189405 -0.9811871 0.02047193 0.1919708 -0.9782859 0.07914942 0.1915522 -0.9749341 0.1202064 0.1872273 -0.9694086 0.165479 0.1812839 -0.965216 -0.1887087 0.1809621 -0.9751259 -0.1334876 0.1769486 -0.9778463 -0.08605498 0.1908173 -0.9807748 -0.03457617 0.1920554 -0.9815359 0.02146512 0.19007 -0.9790431 0.0834186 0.1857849 -0.9756542 0.1268823 0.1788854 -0.9694982 0.1768909 0.1696553 -0.971231 -0.1387689 0.1935296 -0.9586079 -0.2012183 0.20145 -0.969641 -0.1447076 0.1971192 -0.9688371 -0.1518837 0.1956681 -0.9768636 -0.09406703 0.1920652 -0.9774917 -0.09895086 0.1863299 -0.9820613 -0.03852874 0.1845838 -0.9836037 -0.04022514 0.1758 -0.9841628 0.024118 0.1756191 -0.9860494 0.0254839 0.1644914 -0.9816296 0.09429812 0.1658652 -0.9829167 0.1004873 0.1541987 -0.9771645 0.1446896 0.15561 -0.9777162 0.1532536 0.1434724 -0.9690713 0.1996816 0.1450104 -0.9686847 0.2102005 0.1321579 -0.9549747 -0.2198202 0.1992545 -0.9686471 -0.1600033 0.1900575 -0.9784585 -0.1047276 0.1779084 -0.9853923 -0.04334777 0.1646909 -0.987859 0.02715325 0.1529622 -0.9840742 0.1065471 0.1422875 -0.9781581 0.1614019 0.1309823 -0.9678463 0.2249624 0.1125419 -0.9527755 -0.238871 0.1875084 -0.9687369 -0.1689779 0.1816464 -0.9796492 -0.1120848 0.166507 -0.9871185 -0.04619652 0.1531768 -0.9895098 0.02909839 0.1415051 -0.9851242 0.1123061 0.1300688 -0.9785542 0.1728508 0.1120463 -0.9673957 0.235362 0.09354317 -0.9687778 -0.1806391 0.169821 -0.9493208 -0.2661577 0.167183 -0.9685566 -0.1924415 0.1576846 -0.9472889 -0.2793351 0.1568945 -0.9681633 -0.203902 0.1452034 -0.9451227 -0.2921196 0.1463184 -0.967682 -0.2146388 0.1323707 -0.9429167 -0.3042375 0.1354539 -0.9667224 -0.2297084 0.1126144 -0.9400989 -0.3183406 0.1219564 -0.9377212 -0.3296632 0.1095497 -0.9661607 -0.240273 0.09382164 -0.9345707 -0.3453511 0.08549934 -0.9663446 -0.2461769 0.07466673 -0.9340355 -0.3514999 0.0634467 -0.9672367 -0.2486165 0.05141091 -0.9344161 -0.3540996 0.03847205 -0.9679515 -0.2491919 0.03119778 -0.936823 -0.3496595 0.01005256 -0.9691832 -0.2460405 0.01217424 -0.9585369 -0.2621415 -0.1117537 -0.9768643 -0.1802998 -0.1150142 -0.9862529 -0.1069594 -0.1259565 -0.9908388 -0.03999799 -0.128991 -0.9934307 0.02306717 -0.1120865 -1 -1.11898e-6 -4.39426e-5 -0.9593682 -0.2539123 -0.1230497 -0.9600815 -0.2465836 -0.1320613 -0.9765169 -0.1724576 -0.1291247 -0.9622596 -0.2354929 -0.1363805 -0.9770447 -0.1666971 -0.13265 -0.9799106 -0.1633684 -0.1143949 -0.9884099 -0.1014463 -0.1129364 -0.9933111 -0.1154693 -4.34447e-5 -0.9929137 -0.03923475 -0.1121745 -0.9679232 -0.2300735 -0.1009504 -0.9733405 -0.2293652 3.30148e-6 -0.9834607 0.125144 -0.130935 -0.9860674 -0.103449 -0.1302673 -0.9880232 0.08991587 -0.125401 -0.9775949 0.1764562 -0.1147679 -0.9853897 0.1422479 -0.09366351 -0.9917242 0.1029111 -0.07676213 -0.9976817 0.02871143 -0.06170123 -0.9975229 -0.05121701 -0.04821878 -0.9779258 0.1855782 -0.09603095 -0.9778408 0.1930605 -0.08096343 -0.9773256 0.2009435 -0.06675529 -0.9766051 0.2084181 -0.05295681 -0.9936882 0.02536958 -0.1092708 -0.9948399 -0.04544711 -0.09070974 -0.9894266 -0.1225264 -0.07760423 -0.9858641 0.1479389 -0.07865309 -0.9922717 0.107056 -0.06273788 -0.9983981 0.03014421 -0.04788297 -0.9859641 0.1540904 -0.06427216 -0.9858242 0.1598518 -0.05097323 -0.9925715 0.1112319 -0.04928797 -0.9704821 0.2408673 0.01215225 -0.9692268 0.2442077 0.03101819 -0.9685389 0.2434647 0.0515508 -0.967634 0.2410337 0.07474803 -0.9826233 0.1851691 0.01280629 -0.9816922 0.1877651 0.03201419 -0.9809154 0.1873143 0.05213838 -0.9797861 0.1854078 0.07512062 -0.9790239 0.1809657 0.09361392 -0.991546 0.1290144 0.01385527 -0.9908813 0.1308473 0.03214359 -0.9900703 0.1305109 0.05222821 -0.9887354 0.1292015 0.07555896 -0.9875824 0.1260087 0.09382408 -0.9864365 0.120333 0.111638 -0.9992842 0.03496342 0.01445329 -0.9988419 0.03544801 0.03253322 -0.997992 0.03537702 0.05254095 -0.9965038 0.03499424 0.07586508 -0.9949983 0.03426176 0.09383267 -0.9932167 0.03280299 0.1115559 -0.9911455 0.03038978 0.1292566 -0.9981294 -0.05947858 0.01414811 -0.9976438 -0.06022405 0.03286439 -0.9968065 -0.06013911 0.05253803 -0.9953527 -0.05949842 0.0757178 -0.9938991 -0.05778491 0.09394484 -0.9922302 -0.05532234 0.1114389 -0.9902455 -0.05167382 0.1293982 -0.9887304 -0.04898142 0.1414681 -0.9880747 -0.1533834 0.01349151 -0.9873229 -0.1554388 0.03213274 -0.9865189 -0.1550794 0.05225664 -0.9852722 -0.1534995 0.07534402 -0.9842678 -0.1495735 0.09404653 -0.9833807 -0.1430025 0.1118606 -0.9824336 -0.1334997 0.1303921 -0.9816105 -0.1263688 0.1430801 -0.9806956 -0.1193727 0.1548753 -0.9693654 0.1885154 0.1574571 -0.9764711 0.1358434 0.1674838 -0.9801896 0.08815115 0.177363 -0.9826026 0.02236765 0.184369 -0.9810326 -0.03641229 0.1903925 -0.9769645 -0.08961784 0.1936724 -0.9755331 0.1306944 0.1767888 -0.9851877 0.09787869 0.1408017 0.9933112 0.1154686 -3.10577e-5 0.9733393 0.2293699 6.01273e-6 0.9797879 0.1153676 0.1634196 0.9585465 0.229395 0.1690167 0.9394971 0.1154425 0.3225191 0.9146361 0.2293856 0.332901 0.873604 0.1154122 0.472754 0.8429351 0.2293745 0.4866701 0.7838709 0.1154282 0.6101006 0.7456191 0.2293909 0.6256453 0.6727592 0.1154304 0.7308015 0.6256465 0.2294001 0.7456152 0.5432908 0.1154618 0.8315671 0.4866671 0.2293925 0.8429321 0.3990089 0.1154667 0.909648 0.3329009 0.2293742 0.9146391 0.2438455 0.1154482 0.962918 0.1690185 0.2293995 0.958545 0.08202737 0.1154625 0.9899192 2.4219e-6 0.2293605 0.9733415 -0.08202695 0.1154592 0.9899197 -0.169018 0.2293995 0.9585452 -0.2438446 0.1154581 0.9629171 -0.3329005 0.2293742 0.9146392 -0.3990143 0.1154263 0.9096506 -0.4866667 0.2293925 0.8429323 -0.5432928 0.1154506 0.8315674 -0.6256462 0.2294001 0.7456154 -0.6727477 0.1154859 0.7308033 -0.7456156 0.2293909 0.6256495 -0.7838718 0.1154253 0.6101 -0.8429349 0.2293745 0.4866705 -0.8735985 0.1154358 0.4727582 -0.914636 0.2293855 0.3329015 -0.9394944 0.1154529 0.3225229 -0.9585465 0.2293949 0.1690173 -0.9797806 0.1153997 0.1634409 -0.9863686 -6.40999e-6 0.1645511 -0.9458233 -1.55468e-6 0.3246819 -0.8794805 2.45359e-5 0.4759352 -0.7891361 -2.25944e-6 0.6142184 -0.6772665 -3.67001e-6 0.7357378 -0.5469693 9.95997e-6 0.8371527 -0.4017093 -1.11375e-5 0.9157673 -0.2454729 -9.21337e-6 0.9694035 -0.08255201 3.23429e-6 0.9965869 0.08255201 -3.22472e-6 0.9965869 0.2454729 9.21218e-6 0.9694035 0.4017093 1.11399e-5 0.9157673 0.5469694 -9.94025e-6 0.8371526 0.6772667 3.6718e-6 0.7357378 0.7891362 2.21581e-6 0.6142183 0.8794806 -2.44952e-5 0.4759351 0.9458233 1.56425e-6 0.324682 0.9863687 6.355e-6 0.1645511 1 0 -4.51952e-5 0.9797807 -0.1153998 0.1634409 0.9933111 -0.1154694 -1.60299e-5 0.9733405 -0.2293654 3.87951e-6 0.9585464 -0.2293952 0.1690173 0.9394944 -0.115453 0.3225228 0.914636 -0.2293857 0.3329014 0.8735985 -0.1154359 0.4727581 0.8429349 -0.2293747 0.4866706 0.7838718 -0.1154253 0.6101 0.7456156 -0.2293909 0.6256495 0.6727578 -0.1154367 0.7308019 0.6256462 -0.2294002 0.7456154 0.5432927 -0.1154507 0.8315675 0.4866666 -0.2293925 0.8429322 0.3990145 -0.1154264 0.9096506 0.3329006 -0.2293742 0.9146391 0.2438445 -0.1154581 0.9629171 0.16902 -0.2293513 0.9585564 0.08202725 -0.1154592 0.9899196 -2.42208e-6 -0.2293605 0.9733415 -0.08202666 -0.1154625 0.9899193 -0.1690185 -0.2293996 0.958545 -0.2438451 -0.1154482 0.9629182 -0.332901 -0.2293742 0.9146389 -0.3990083 -0.1154667 0.9096483 -0.486667 -0.2293925 0.842932 -0.5432909 -0.1154619 0.831567 -0.6256464 -0.2294001 0.7456153 -0.6727592 -0.1154303 0.7308016 -0.7456189 -0.2293908 0.6256455 -0.7838822 -0.1153794 0.6100954 -0.8429351 -0.2293745 0.4866701 -0.8736041 -0.1154123 0.4727535 -0.9146361 -0.2293856 0.332901 -0.9394971 -0.1154426 0.3225188 -0.9585465 -0.229395 0.1690167 -0.9797879 -0.1153677 0.1634196 0.9759585 0.1830142 0.1183676 0.9842362 0.1559306 0.08345574 0.9832627 0.1821932 -7.8227e-6 0.9884785 0.1265078 0.08310252 0.9958058 0.09149217 2.01724e-5 0.9918329 0.09701001 0.08280515 0.9942972 0.0674439 0.08261138 0.9877691 0.0680167 0.1403064 0.9899968 0.01838523 0.1398868 0.9845833 0.01880836 0.1739028 0.984235 -0.0320037 0.1739462 0.9813444 -0.03326642 0.1893584 0.9778374 -0.0860508 0.1908646 0.9769275 -0.08988976 0.1937335 0.9696255 -0.1447262 0.1971817 0.9688237 -0.1518814 0.1957365 0.9586152 -0.2011887 0.2014453 0.9548645 -0.2206756 0.1988371 0.9686284 -0.1600754 0.1900919 0.9527723 -0.2388824 0.1875104 0.9687359 -0.1689931 0.1816375 0.9511436 -0.2528601 0.1771658 0.9687668 -0.1806933 0.1698262 0.9493269 -0.2661368 0.167182 0.9685546 -0.1924465 0.1576912 0.9473022 -0.2792892 0.1568956 0.9681537 -0.2039373 0.1452173 0.9451229 -0.2921198 0.1463174 0.9676677 -0.2147162 0.1323487 0.942921 -0.3042243 0.1354538 0.9400976 -0.3183448 0.1219555 0.9667212 -0.2297121 0.1126174 0.9377201 -0.3296666 0.1095489 0.9661661 -0.2402669 0.09378117 0.9358242 -0.3387168 0.0974887 0.9345712 -0.3453511 0.08549505 0.9663454 -0.2461763 0.0746591 0.9340356 -0.3514998 0.0634461 0.9672198 -0.2486648 0.05149465 0.9344163 -0.3540998 0.03846657 0.9679536 -0.2491855 0.03118461 0.9368232 -0.3496591 0.01005226 0.9691833 -0.2460399 0.01217198 0.9713132 -0.2376518 -0.00851494 0.9881081 -0.1531991 0.01313042 0.9889712 -0.1479712 -0.006378233 0.9981303 -0.05941832 0.01432669 0.9983438 -0.05729907 -0.005167007 0.9992842 0.0349341 0.01452004 0.999419 0.03370511 -0.005079925 0.9915394 0.129065 0.01385724 0.9922022 0.1244956 -0.005978167 0.9826096 0.1852218 0.01308822 0.9838564 0.1788259 -0.006917297 0.970501 0.2407883 0.0122056 0.9725084 0.2327187 -0.008330881 0.9551821 0.2958096 0.0111339 0.9581591 0.2860596 -0.01005864 0.936818 0.3496733 0.01004898 0.9430726 0.3319865 -0.01997989 0.977209 0.1573338 0.1425083 0.9723483 0.1841616 0.1436077 0.9706838 0.1611373 0.1783477 0.9652118 0.1887205 0.1809724 0.966275 0.1675664 0.1955358 0.9586068 0.2012218 0.201452 0.9641926 0.1747085 0.1995241 0.9628918 0.1829298 0.1984344 0.9695355 0.1485104 0.1947963 0.9692198 0.1566702 0.1899145 0.9749714 0.1199879 0.187173 0.975655 0.1268057 0.1789351 0.9801903 0.08814543 0.1773626 0.9816342 0.09424847 0.1658664 0.9860426 0.02543443 0.1645399 0.9878511 0.02713263 0.1530165 0.9870997 -0.0462979 0.1532671 0.9886836 -0.04940372 0.1416478 0.9815467 -0.1270027 0.142956 0.9824312 -0.1335129 0.1303974 0.9549837 0.2197849 0.1992507 0.9620345 0.1932314 0.1927472 0.9694317 0.1654169 0.1812164 0.9765021 0.1355301 0.1675567 0.9829187 0.1004667 0.1541994 0.9895251 0.02843123 0.1415341 0.9902497 -0.0516749 0.1293655 0.9833477 -0.1431826 0.111921 0.9527748 0.2388742 0.1875078 0.9614914 0.2039359 0.1842402 0.9695345 0.1766558 0.1696931 0.977191 0.1444095 0.1557043 0.9840763 0.1065275 0.1422877 0.991148 0.03038269 0.1292387 0.9922023 -0.0555635 0.1115683 0.9842599 -0.1498447 0.09369683 0.960642 0.2179154 0.1722785 0.9493214 0.2661566 0.1671817 0.9594472 0.2319217 0.1602296 0.9473005 0.2792964 0.1568925 0.9581126 0.2457557 0.1470522 0.9451343 0.2920844 0.1463145 0.956672 0.2586352 0.1337409 0.9429233 0.3042172 0.1354537 0.9401 0.3183384 0.1219545 0.9543192 0.2765269 0.113171 0.9377104 0.3296924 0.1095542 0.952732 0.2889928 0.093728 0.9345763 0.3453366 0.0854972 0.9523371 0.295911 0.07409942 0.934032 0.3515094 0.06344705 0.9529442 0.2988509 0.05084872 0.9344138 0.3541058 0.03846997 0.9535804 0.2995774 0.03062385 0.9605768 0.2769093 -0.0247696 0.9486304 0.3132705 -0.04429417 0.963108 0.2658768 -0.04162538 0.9648603 0.2568622 -0.05537694 0.9765646 0.2086197 -0.05290997 0.9772869 0.2011835 -0.06660056 0.9859412 0.1541396 -0.06450468 0.9858262 0.1482127 -0.07861107 0.9917241 0.1029126 -0.07676285 0.9908466 0.09885215 -0.09193146 0.9955474 0.02669972 -0.09040194 0.9936874 0.02541393 -0.1092687 0.9930689 -0.04311627 -0.1093399 0.9913873 -0.04132437 -0.1242719 0.9862589 -0.1069496 -0.1259174 0.9860666 -0.1034502 -0.1302722 0.9770449 -0.1666998 -0.132644 0.9799058 -0.1633631 -0.1144431 0.9622596 -0.235493 -0.1363805 0.9679232 -0.2300752 -0.1009463 0.9884144 -0.1014436 -0.1128995 0.9929156 -0.03923869 -0.1121566 0.9908359 -0.03999102 -0.1290152 0.9913795 0.02351224 -0.1288954 0.991977 0.02432352 -0.1240574 0.9880257 0.08989453 -0.125397 0.9893952 0.09396922 -0.1107569 0.9844259 0.1352617 -0.1122946 0.9853914 0.1422439 -0.09365046 0.9779281 0.185576 -0.09601128 0.9778592 0.1930826 -0.08068841 0.9676509 0.2380276 -0.0836336 0.9664043 0.2475236 -0.06924378 0.9556034 0.2826902 -0.08311599 0.9528845 0.29601 -0.06625211 0.9576389 0.2696432 -0.1010959 0.9684342 0.2287573 -0.09902256 0.9776107 0.1765278 -0.1145225 0.9834489 0.1294158 -0.1268067 0.9877117 0.08698987 -0.1298406 0.9934296 0.02306759 -0.1120967 0.9585357 0.2621448 -0.1117573 0.968978 0.2173131 -0.1177145 0.9771882 0.1688265 -0.1288439 0.9834641 0.1251479 -0.1309058 0.9899616 0.08532315 -0.1126768 0.9593675 0.2539163 -0.1230478 0.9600808 0.2465847 -0.1320644 0.9692234 0.2080855 -0.1315541 0.9622653 0.2354736 -0.136374 0.9702876 0.2011158 -0.1345153 0.9735597 0.1970213 -0.1156037 0.9804828 0.1599439 -0.1143299 0.9679216 0.2300825 -0.1009454 0.9859493 0.1226955 -0.1133572 0.9776605 0.1632038 -0.132456 0.9765152 -0.172464 -0.1291297 0.9600812 -0.2465834 -0.1320636 0.9768615 -0.1803181 -0.1150092 0.9593686 -0.2539126 -0.1230467 0.9585368 -0.2621418 -0.1117538 0.9771318 -0.1895861 -0.09628409 0.9576522 -0.2695984 -0.10109 0.9769882 -0.1973139 -0.08100283 0.9556103 -0.2826671 -0.08311533 0.9764317 -0.2052369 -0.06677514 0.9528821 -0.2960177 -0.06625181 0.9756028 -0.2130372 -0.05305171 0.9486376 -0.3132492 -0.04429131 0.9745646 -0.220597 -0.03950691 0.9729436 -0.2299028 -0.02292323 0.9895142 -0.1429702 -0.02052396 0.9430828 -0.3319574 -0.01997679 0.9712463 -0.1388416 0.1934008 0.9604079 -0.1960295 0.1979626 0.9652114 -0.1887214 0.1809729 0.9751367 -0.1335052 0.1768755 0.9723538 -0.1841261 0.1436169 0.981282 -0.1304134 0.1416969 0.9759517 -0.1830368 0.1183885 0.9881258 -0.1292268 0.08311408 0.9832594 -0.1822113 1.62932e-6 0.9958058 -0.09149277 2.19601e-5 1 1.02166e-6 4.93429e-5 0.9961145 -0.0310167 0.08242565 0.9933435 -0.08019626 0.08268797 0.9964325 0.01824164 0.08239829 0.9896762 -0.03127878 0.1398665 0.9867665 -0.08090227 0.1405235 0.9810864 -0.082798 0.1749691 0.9816616 0.1276682 0.1415671 0.9755256 0.1306919 0.1768319 0.9716874 0.1358767 0.1932907 0.9701255 0.14166 0.1969493 0.985193 0.09787893 0.1407643 0.9793609 0.1001735 0.1755489 0.9759387 0.1041296 0.191574 0.974798 0.1085599 0.194894 0.9745442 0.1139215 0.1930947 0.9821685 0.0695911 0.1746485 0.9817239 0.01954942 0.1893041 0.9808126 -0.03504568 0.1917776 0.9768293 -0.09409111 0.192228 0.9790439 0.07236909 0.1903574 0.9782208 0.07540887 0.1933848 0.9782869 0.0791397 0.1915505 0.9790422 0.0834276 0.1857857 0.9811713 0.02035945 0.1920642 0.9810527 -0.03646892 0.1902781 0.9774435 -0.0991829 0.1864591 0.9815959 0.02109181 0.1898018 0.9826122 0.02251642 0.1842995 0.9841158 0.02386564 0.1759163 0.9820784 -0.03838026 0.1845235 0.9784253 -0.1051744 0.1778268 0.9835393 -0.04054665 0.1760867 0.9853197 -0.04378944 0.1650083 0.9693941 0.1882544 0.1575931 0.977739 0.1530281 0.143558 0.9851241 0.1123052 0.1300693 0.9932478 0.03254878 0.111353 0.9938958 -0.0580331 0.09382736 0.9852743 -0.1535091 0.07529789 0.9795585 -0.112478 0.1667749 0.9806784 -0.1195908 0.1548156 0.9691048 0.1994293 0.1451337 0.9781579 0.1614011 0.1309841 0.9864336 0.120357 0.1116375 0.9950069 0.03427892 0.09373611 0.9953473 -0.05950832 0.07578015 0.9865146 -0.155077 0.052347 0.9686802 0.2101949 0.1322008 0.9785526 0.1726828 0.1123183 0.9875821 0.1260106 0.09382396 0.9965122 0.03499448 0.07575511 0.9968105 -0.06013339 0.05246812 0.9873207 -0.1555037 0.03188264 0.9678497 0.2249915 0.1124533 0.9790128 0.1808817 0.09389221 0.988735 0.1292052 0.07555824 0.9979978 0.03539043 0.05242276 0.9976489 -0.06018352 0.03278076 0.9673836 0.2352673 0.09390616 0.9797765 0.1854228 0.07521015 0.9900661 0.1305442 0.05222517 0.99884 0.03545159 0.03258585 0.967635 0.2410339 0.07473421 0.9809169 0.1873111 0.05212235 0.9908807 0.1308522 0.03214365 0.9685428 0.2434646 0.05147713 0.9816995 0.1877712 0.03175306 0.9692546 0.2440967 0.03102326 0.9982866 -0.05535376 -0.01897352 0.9992842 0.03265887 -0.01909095 0.9979835 -0.05300515 -0.03492254 0.9989108 0.03125649 -0.03464514 0.9975218 -0.05097562 -0.04849475 0.9983723 0.03043693 -0.04823434 0.9968942 -0.04931151 -0.06140255 0.9976871 0.02906012 -0.06144881 0.9960045 -0.04704338 -0.07590782 0.9967588 0.02792567 -0.07544708 0.9948406 -0.04541176 -0.0907182 0.992537 0.1203098 -0.01989603 0.9926804 0.1152723 -0.03602725 0.9925686 0.1112581 -0.04928737 0.9922676 0.1070962 -0.06273519 0.9847019 0.1729225 -0.02144908 0.9854557 0.1657741 -0.0373665 0.985798 0.1600335 -0.05090934 0.97404 0.2251993 -0.02304887 0.9756059 0.2159968 -0.03922611 0.989884 -0.137086 -0.03656965 0.9899736 -0.1320552 -0.05013662 0.9898332 -0.1273734 -0.06329673 0.9894474 -0.1221701 -0.07789981 0.9887367 -0.1175581 -0.09262716 0.9875102 -0.1116778 -0.111138 -0.9732568 0.1821803 -0.1399342 -0.9856829 0.09131276 -0.1417439 -0.9898175 3.31881e-6 -0.1423422 -0.9594903 2.05994e-5 -0.2817417 -0.9554961 -0.09128469 -0.2805252 -0.905834 -0.09127259 -0.4136837 -0.8944033 -0.1822119 -0.4084625 -0.827173 -0.1821895 -0.5315937 -0.8377235 -0.0912857 -0.5384111 -0.7430961 -0.1822213 -0.6438972 -0.7526056 -0.0913102 -0.6521099 -0.6438991 -0.182197 -0.7431004 -0.6521161 -0.09163188 -0.7525611 -0.5315939 -0.1821799 -0.827175 -0.5384155 -0.09130239 -0.8377187 -0.4084624 -0.1822086 -0.8944041 -0.4136828 -0.09128332 -0.9058333 -0.2770156 -0.1821936 -0.9434341 -0.280506 -0.09125739 -0.9555043 -0.1399328 -0.1822077 -0.9732518 -0.1417381 -0.09132164 -0.9856829 2.24076e-6 -0.1822193 -0.9832579 -3.99956e-6 -0.09132957 -0.9958208 0.139932 -0.1821936 -0.9732547 0.1417238 -0.09130758 -0.9856863 0.2770198 -0.1821779 -0.9434359 0.2805229 -0.09128564 -0.9554967 0.408461 -0.1822094 -0.8944045 0.4136821 -0.09127259 -0.9058348 0.531593 -0.18219 -0.8271734 0.5384107 -0.09128642 -0.8377236 0.6438984 -0.1822212 -0.7430951 0.6521093 -0.09131062 -0.752606 0.7431016 -0.1821976 -0.6438976 0.7526066 -0.09128528 -0.6521123 0.8271757 -0.1821789 -0.5315931 0.8377199 -0.09130197 -0.5384138 0.8944047 -0.1822105 -0.4084603 0.9058336 -0.09128355 -0.4136823 0.9434338 -0.1821947 -0.2770158 0.9555043 -0.09125667 -0.2805063 0.9732567 -0.1821804 -0.1399343 0.9856829 -0.09131288 -0.1417438 0.9898175 -3.47026e-6 -0.1423422 0.9856864 0.09130793 -0.141722 0.9732547 0.1821939 -0.1399312 -0.9555043 0.09125673 -0.2805063 -0.9434339 0.1821947 -0.2770158 -0.9058336 0.09128361 -0.4136822 -0.8944047 0.1822105 -0.4084603 -0.8377199 0.09130185 -0.5384138 -0.8271757 0.1821789 -0.531593 -0.7525424 0.09178078 -0.6521169 -0.7431015 0.1821977 -0.6438976 -0.6521084 0.09131067 -0.7526068 -0.6438983 0.1822211 -0.7430953 -0.5384107 0.09128636 -0.8377237 -0.5315913 0.1821898 -0.8271745 -0.413682 0.09127259 -0.9058347 -0.4084611 0.1822094 -0.8944045 -0.2805228 0.09128564 -0.9554967 -0.2770184 0.1821779 -0.9434363 -0.1417121 0.09165567 -0.9856556 -0.1399335 0.1821937 -0.9732544 2.62344e-6 0.09132957 -0.9958208 6.00907e-7 0.1822193 -0.9832579 0.1416983 0.0916683 -0.9856564 0.13993 0.1822078 -0.9732522 0.2805053 0.09125745 -0.9555046 0.2770156 0.1821937 -0.9434341 0.4136829 0.09128332 -0.9058333 0.4084623 0.1822086 -0.894404 0.5384154 0.09130233 -0.8377187 0.5315937 0.1821799 -0.8271751 0.6521112 0.09128534 -0.7526074 0.6438993 0.1821972 -0.7431002 0.7526057 0.09131056 -0.6521099 0.7430962 0.1822214 -0.6438972 0.8377235 0.09128582 -0.538411 0.827173 0.1821895 -0.5315937 0.905834 0.09127259 -0.4136836 0.8944035 0.1822119 -0.4084622 0.9554961 0.09128463 -0.2805251 0.9434364 0.1821778 -0.2770181 -0.9434364 -0.182178 -0.2770182 -0.9856553 -0.09165644 -0.1417142 -0.9732547 -0.1821942 -0.1399312 -0.9096447 -1.06396e-5 -0.4153875 -0.8412453 -1.09522e-5 -0.5406538 -0.7557479 1.20695e-5 -0.6548627 -0.6548646 -1.22018e-5 -0.7557463 -0.5406542 1.07363e-5 -0.8412449 -0.415385 1.01686e-5 -0.9096457 -0.2817403 -2.01618e-5 -0.9594908 -0.1423435 -3.05407e-6 -0.9898174 0 0 -1 0.1423435 3.08627e-6 -0.9898174 0.2817401 2.0182e-5 -0.9594908 0.415385 -1.02163e-5 -0.9096458 0.5406542 -1.07363e-5 -0.8412449 0.6548647 1.21625e-5 -0.7557463 0.7557479 -1.20683e-5 -0.6548628 0.8412452 1.09522e-5 -0.5406538 0.9096446 1.06396e-5 -0.4153876 0.9594903 -2.06066e-5 -0.2817416 -0.8710384 -0.4797454 0.1055297 -0.8775889 -0.4794139 -2.28325e-5 -0.8769083 -0.4792987 0.03611934 -0.8775841 -0.4794228 7.36033e-6 -0.8705927 -0.4797775 0.1090043 -0.8683052 -0.4802197 0.1242384 -0.8574707 -0.4851725 0.1713239 -0.8568724 -0.4864513 0.1706897 -0.8454498 -0.4976192 0.1938816 -0.8466284 -0.4986763 0.185856 -0.8349785 -0.5155317 0.1924526 -0.8372039 -0.5154853 0.1826601 -0.8317361 -0.5265102 0.1760745 -0.8397225 -0.5146239 0.1732874 -0.8310936 -0.5321871 0.1614326 -0.8289257 -0.5323385 0.1717496 -0.8285665 -0.5331332 0.1710169 -0.8263869 -0.5331441 0.1812244 -0.819225 -0.548031 0.1689157 -0.8186193 -0.5530402 0.1549493 -0.8116896 -0.5629349 0.1557697 -0.8102669 -0.5687507 0.1413867 -0.8041227 -0.577242 0.1420513 -0.8020588 -0.5834683 0.1275402 -0.7969539 -0.5903631 0.1278128 -0.7980819 -0.5903877 0.1204478 -0.797847 -0.5908032 0.119966 -0.7992231 -0.5903124 0.1130215 -0.7918058 -0.6023723 0.1009523 -0.7909637 -0.6024246 0.1070564 -0.7856553 -0.612032 0.09034711 -0.7850558 -0.6120737 0.09514862 -0.7804647 -0.6195374 0.08395487 -0.7821099 -0.6160631 0.09365135 -0.7776811 -0.6237542 0.07837843 -0.7966978 -0.59082 0.1272964 -0.7886118 -0.6050261 0.1097033 -0.7759242 -0.6274045 0.06561505 -0.7753509 -0.6283516 0.06328886 -0.7754272 -0.6284145 0.0617097 -0.7753373 -0.6283842 0.06313115 -0.774505 -0.630909 0.04578089 -0.774394 -0.631267 0.04261511 -0.7744185 -0.6312766 0.04202371 -0.7742184 -0.6321087 0.03201055 -0.7742494 -0.6320843 0.03174138 -0.7763352 -0.6302023 0.01219779 -0.777672 -0.6286059 0.009000957 -0.7777382 -0.6285533 0.006645202 -0.7830272 -0.6219387 -0.007799208 -0.7777632 -0.6285415 0.004476487 -0.7864587 -0.6173195 -0.01998996 -0.7744889 -0.6321166 0.02440619 -0.7777184 -0.6285952 0.00471878 -0.7889333 -0.6141408 -0.02038413 -0.792556 -0.6088714 -0.03362703 -0.7959604 -0.6043822 -0.0341975 -0.7993975 -0.5988205 -0.04876357 -0.7997992 -0.5988026 -0.04191333 -0.8000519 -0.5984236 -0.04249948 -0.800417 -0.598387 -0.03558081 -0.8032178 -0.5936623 -0.04905492 -0.8102415 -0.5835797 -0.05425471 -0.8110332 -0.5812924 -0.06575936 -0.8174563 -0.5718321 -0.06908893 -0.8188806 -0.5678727 -0.08339834 -0.8240193 -0.5601831 -0.08477783 -0.8229009 -0.5602594 -0.09457033 -0.8232766 -0.5595052 -0.09575837 -0.8216977 -0.5602941 -0.1043239 -0.8245651 -0.5543226 -0.1132216 -0.7996612 -0.5984202 -0.04934924 -0.8054586 -0.5893458 -0.06251454 -0.8112427 -0.5797351 -0.07610839 -0.8167371 -0.5699455 -0.09001588 -0.8281776 -0.5466045 -0.1238774 -0.8286236 -0.5486715 -0.1110974 -0.8258994 -0.5542764 -0.103286 -0.8333751 -0.5389591 -0.1225114 -0.831542 -0.5395564 -0.1319729 -0.8348834 -0.5334276 -0.1357374 -0.8366466 -0.5329348 -0.1265033 -0.8385366 -0.5285118 -0.1324077 -0.839939 -0.5281644 -0.1246791 -0.8460547 -0.5237733 -0.09926331 -0.8409348 -0.5282377 -0.1174474 -0.8474456 -0.5234954 -0.08825397 -0.8501468 -0.523176 -0.05947673 -0.8520494 -0.5234615 1.23538e-5 -0.8520489 -0.5234623 -1.48623e-5 -0.846955 -0.5235232 -0.09268599 -0.8348152 -0.538929 -0.1124245 -0.8313701 -0.5458461 -0.1042878 -0.8275613 -0.5533964 -0.0943126 -0.7890583 -0.6141273 -0.01532012 -0.7748146 -0.6300191 0.05233097 -0.7775231 -0.6248804 0.07058638 -0.8054234 -0.5798654 0.1226752 -0.8118457 -0.5686788 0.1323298 -0.818364 -0.5569081 0.1418935 -0.849418 -0.4971291 0.1770645 -0.8597597 -0.4849577 0.1600919 -0.839136 -0.5234259 0.1479063 -0.8375318 -0.5234788 0.1565585 -0.8006894 -0.5234289 0.291408 -0.7945113 -0.5234636 0.3077951 -0.7379071 -0.523447 0.426024 -0.7244213 -0.5234726 0.4485425 -0.6527009 -0.5234733 0.5476837 -0.629656 -0.5234959 0.5740082 -0.5476955 -0.5234463 0.6527125 -0.5134623 -0.5234934 0.6799349 -0.426032 -0.5234453 0.7379037 -0.3797956 -0.5234447 0.7627328 -0.291423 -0.5234462 0.8006727 -0.2331744 -0.5234581 0.8195251 -0.1479567 -0.5234636 0.8391036 -0.07861685 -0.5234652 0.8484124 3.87197e-7 -0.523464 0.8520478 0.07861703 -0.5234652 0.8484125 0.1479569 -0.5234635 0.8391035 0.2331754 -0.5234581 0.8195248 0.2914232 -0.5234462 0.8006726 0.3797839 -0.5234868 0.7627095 0.4260317 -0.5234453 0.7379038 0.5134624 -0.5234933 0.6799347 0.5476952 -0.5234463 0.6527128 0.6296566 -0.5234959 0.5740076 0.6527264 -0.5234321 0.5476927 0.7244213 -0.5234726 0.4485424 0.737907 -0.5234469 0.4260243 0.7945113 -0.5234636 0.3077951 0.8006895 -0.523429 0.2914079 0.8375318 -0.5234789 0.1565586 0.839136 -0.5234259 0.1479064 0.8520496 -0.5234612 -1.4326e-5 0.8520496 -0.5234611 1.2634e-5 0.8705888 -0.4797695 0.1090717 0.8775783 -0.4794335 -1.45311e-5 0.8708853 -0.4797368 0.1068252 0.8775806 -0.4794293 1.25202e-5 0.8709716 -0.4798702 0.1055131 0.8675329 -0.4806866 0.1277787 0.8616721 -0.483092 0.1553814 0.8574791 -0.485175 0.1712746 0.8527708 -0.4904894 0.1794496 0.8454542 -0.4976248 0.1938471 0.8448078 -0.501604 0.1862618 0.8349756 -0.5155329 0.192462 0.8372564 -0.5155226 0.1823135 0.8317601 -0.5264385 0.1761757 0.8393184 -0.5154284 0.1728536 0.8310792 -0.5321924 0.161489 0.8594479 -0.4853832 0.1604757 0.8529167 -0.4920923 0.1742941 0.8494514 -0.4970678 0.1770761 0.8247075 -0.5449153 0.1514096 0.8285555 -0.5331523 0.1710105 0.8289728 -0.5322809 0.171701 0.8263931 -0.5331368 0.181217 0.8206912 -0.549041 0.1581772 0.8183643 -0.5569056 0.1419023 0.8114011 -0.5666967 0.1431189 0.8118607 -0.5686648 0.1322981 0.8020829 -0.5834263 0.1275814 0.8053909 -0.5799072 0.122691 0.7992305 -0.5902988 0.1130397 0.7918058 -0.6023723 0.1009522 0.7978473 -0.5908032 0.1199643 0.7980983 -0.590376 0.1203969 0.7969533 -0.5903639 0.1278119 0.8041226 -0.5772432 0.1420473 0.7909564 -0.6024166 0.1071565 0.7856562 -0.6120323 0.09033739 0.7850609 -0.6120647 0.09516441 0.7804546 -0.6195492 0.08396142 0.7821008 -0.6160712 0.0936737 0.7776726 -0.6237658 0.07836914 0.7759229 -0.6274054 0.06562155 0.7753508 -0.6283518 0.06328815 0.7754273 -0.6284143 0.06170976 0.7753371 -0.6283844 0.06313014 0.7745024 -0.6309108 0.04580318 0.7744079 -0.6312499 0.04261529 0.7743991 -0.6313009 0.04201644 0.7742338 -0.6320905 0.03199833 0.7742292 -0.6321104 0.0317133 0.7763369 -0.6302004 0.01219075 0.7776572 -0.6286243 0.008992254 0.777737 -0.6285549 0.006626009 0.7816873 -0.6236516 -0.004875481 0.7777628 -0.6285421 0.00448352 0.7864552 -0.6173238 -0.01999408 0.7881381 -0.6152122 -0.01876997 0.7925541 -0.6088738 -0.03362858 0.7959845 -0.6043477 -0.03424704 0.7993981 -0.5988195 -0.0487653 0.7999885 -0.5985566 -0.04181492 0.7996548 -0.5984295 -0.04933947 0.8000525 -0.5984236 -0.04249048 0.8032161 -0.5936644 -0.04905831 0.8004283 -0.5983726 -0.03556442 0.8102414 -0.5835798 -0.05425477 0.7810264 -0.6193171 0.0802747 0.777526 -0.6248778 0.07057708 0.7748406 -0.6299848 0.05235779 0.7890608 -0.6141244 -0.01531147 0.8110331 -0.5812926 -0.0657593 0.8174661 -0.5718236 -0.06904298 0.8188805 -0.5678728 -0.08339834 0.8240165 -0.5601896 -0.08476084 0.8229003 -0.5602594 -0.09457576 0.8232799 -0.5595036 -0.09574061 0.8217015 -0.5602808 -0.1043658 0.8245735 -0.5543182 -0.1131817 0.8259736 -0.5541676 -0.1032767 0.8285768 -0.5487303 -0.1111568 0.8275514 -0.5534173 -0.09427565 0.8313704 -0.5458457 -0.1042878 0.8333468 -0.5390092 -0.1224836 0.834832 -0.5388965 -0.1124554 0.836647 -0.5329074 -0.1266155 0.8409348 -0.5282377 -0.1174474 0.8399412 -0.5281607 -0.1246801 0.846032 -0.5238106 -0.09925919 0.8385354 -0.5285101 -0.1324221 0.8469536 -0.5235267 -0.09267902 0.8501473 -0.5231751 -0.05947673 0.847446 -0.5234946 -0.08825451 0.8348842 -0.533425 -0.1357426 0.831535 -0.5395609 -0.1319993 0.828194 -0.546589 -0.1238353 0.8167369 -0.5699456 -0.09001588 0.8112426 -0.5797352 -0.07610827 0.8054585 -0.5893461 -0.06251436 0.777741 -0.628567 0.004752635 0.7744599 -0.6321526 0.02439427 0.7885978 -0.605035 0.1097562 0.796698 -0.5908199 0.1272965 0.8116849 -0.5629358 0.1557916 0.8192328 -0.5480237 0.1689013 0.8686738 -0.4793962 -0.1248406 0.8677451 -0.4794957 -0.1307761 0.842015 -0.479454 -0.2472544 0.8385802 -0.4794525 -0.2586672 0.7982718 -0.4794347 -0.3645609 0.7906736 -0.4794276 -0.3807683 0.7382863 -0.4794004 -0.4744562 0.7250822 -0.4794475 -0.4943541 0.6632312 -0.4794293 -0.574693 0.6433051 -0.4794443 -0.5969017 0.5746963 -0.4794234 -0.6632326 0.5471642 -0.4794245 -0.6861221 0.4744592 -0.4794222 -0.7382702 0.4387874 -0.479438 -0.7600034 0.3645595 -0.4794321 -0.7982739 0.3206167 -0.4794243 -0.8169195 0.2472455 -0.47942 -0.8420369 0.1952813 -0.4794192 -0.8555832 0.1248937 -0.4794189 -0.8686536 0.06558179 -0.4794254 -0.8751288 -3.30299e-7 -0.4794061 -0.8775932 -0.06558197 -0.4794254 -0.8751288 -0.1248943 -0.479419 -0.8686535 -0.1952814 -0.4794192 -0.8555831 -0.2472456 -0.47942 -0.8420368 -0.3206174 -0.4794244 -0.8169191 -0.3645591 -0.4794321 -0.798274 -0.4387874 -0.479438 -0.7600032 -0.474459 -0.4794221 -0.7382704 -0.5471644 -0.4794244 -0.6861221 -0.5746961 -0.4794233 -0.6632329 -0.6433052 -0.4794444 -0.5969016 -0.6632313 -0.4794292 -0.574693 -0.7250825 -0.4794475 -0.4943536 -0.7382864 -0.4794002 -0.4744562 -0.7906736 -0.4794276 -0.3807682 -0.7982991 -0.4793943 -0.3645542 -0.8385804 -0.4794524 -0.2586668 -0.8420416 -0.4794164 -0.2472368 -0.8677451 -0.4794958 -0.1307761 -0.8686737 -0.4793964 -0.1248408 0 -1 -6.79901e-6 0 -1 -5.08444e-6 0 -1 -1.50222e-6 0 -1 1.81189e-6 0 -1 5.04508e-7 0 -1 0 0 -1 0 0 -1 -2.2198e-7 0 -1 -2.6086e-7 0 -1 0 0 -1 3.42761e-7 0 -1 -3.31526e-7 0 -1 0 0 -1 1.46035e-5 0 -1 1.6307e-7 0 -1 2.14578e-6 0 -1 -3.05568e-7 0 -1 3.03382e-7 0 -1 0 0 -1 0 0 -1 0 0 -1 2.51761e-7 0 -1 0 0 -1 0 0 -1 0 0 -1 0 0 -1 0 0 -1 2.92936e-7 0 -1 0 0 -1 -5.8193e-7 0 -1 3.59272e-7 0 -1 0 0 -1 -2.41325e-7 0 -1 0 0 -1 0 0 -1 2.53077e-7 0 -1 8.93888e-7 0 -1 -1.00708e-5 0 -1 -6.32092e-6 0 -1 -1.21785e-5 0 -1 0 0 -1 0 0 -1 0 0 -1 0 0 -1 0 0 -1 0 0 -1 0 0 -1 0 0 -1 1.29873e-7 0 -1 1.26507e-7 0 -1 -1.31962e-6 0 -1 -1.15477e-5 0 -1 2.95134e-7 0 -1 -6.64345e-7 0 -1 1.51281e-7 0 -1 3.35859e-7 0 -1 -3.79204e-7 0 -1 0 0 -1 0 0 -1 1.70571e-7 0 -1 -2.16272e-7 0 -1 4.66096e-7 0 -1 -2.11909e-7 0 -1 -1.63387e-7 0 -1 0 0 -1 6.01926e-7 0 -1 0 0 -1 1.9494e-7 0 -1 -4.88519e-7 0 -1 -6.10915e-7 0 -1 2.58661e-7 0 -1 -1.15674e-5 0 -1 -2.11061e-6 0 -1 -8.4302e-7 0 -1 0 0 -1 5.37374e-7 0 -1 -6.03195e-7 0 -1 0 0 -1 0 0 -1 -2.42583e-7 0 -1 7.80643e-7 0 -1 0 0 -1 -3.39587e-7 0 -1 0 0 -1 0 0 -1 -6.33237e-7 0 -1 0 0 -1 0 0 -1 1.22137e-7 0 -1 1.83421e-7 0 -1 -3.66006e-7 0 -1 0 0 -1 -3.35698e-7 0 -1 -5.43777e-7 0 -1 0 0 -1 0 0 -1 3.20154e-7 0 -1 0 0 -1 2.67257e-7 0 -1 9.96516e-7 0 -1 2.96609e-7 0 -1 7.79164e-7 0 -1 0 0 -1 -4.38822e-7 0 -1 -1.70134e-7 0 -1 -4.54766e-7 0 -1 -3.66829e-7 0 -1 3.91097e-7 0 -1 -3.00791e-7 0 -1 3.14755e-7 0 -1 -4.63084e-7 0 -1 -3.25098e-7 0 -1 1.26564e-7 0 -1 -2.27383e-7 0 -1 0 0 -1 -2.19411e-7 0 -1 7.79164e-7 0 -1 2.96609e-7 0 -1 9.96516e-7 0 -1 0 0 -1 -1.73387e-7 0 -1 -3.92176e-7 0 -1 0 0 -1 -5.06222e-7 0.9888321 2.1535e-5 0.1490343 0.999266 -2.53911e-5 0.03830856 1 -1.99038e-5 8.08989e-6 0.9934021 -6.23986e-7 -0.1146832 0.9888302 1.13398e-5 -0.1490469 0.9642555 -3.21553e-5 -0.2649745 0.9555734 -2.97092e-6 -0.2947536 0.9125034 1.57207e-6 -0.4090692 0.9009685 2.69758e-6 -0.4338847 0.8393689 -2.51816e-5 -0.5435622 0.8262339 1.71477e-5 -0.5633273 0.7465515 1.20183e-5 -0.6653277 0.7330478 1.04036e-5 -0.6801772 0.6362481 -3.24124e-5 -0.7714846 0.6234893 9.52743e-7 -0.7818319 0.5110201 -7.97654e-6 -0.8595688 0.5000078 -1.37391e-5 -0.866021 0.3738176 -4.27221e-6 -0.9275022 0.3653357 7.12485e-6 -0.9308758 0.2278556 -7.12652e-5 -0.973695 0.2224467 6.11356e-5 -0.974945 0.07653146 -5.53042e-5 -0.9970673 0.07461893 -1.82147e-5 -0.9972122 -0.0746178 -1.83881e-5 -0.9972122 -0.07653141 -5.56599e-5 -0.9970673 -0.2224467 6.10993e-5 -0.974945 -0.2278527 2.77786e-5 -0.9736957 -0.3653358 7.12648e-6 -0.9308758 -0.3738177 -4.30108e-6 -0.9275022 -0.4999844 2.75432e-5 -0.8660345 -0.5110202 -8.04453e-6 -0.8595688 -0.6234893 8.54023e-7 -0.781832 -0.6362478 -3.24561e-5 -0.7714847 -0.7330479 1.06664e-5 -0.6801771 -0.746559 -3.60711e-5 -0.6653193 -0.8262339 1.72649e-5 -0.5633274 -0.8393689 -2.51462e-5 -0.5435623 -0.9009683 2.42097e-6 -0.4338849 -0.9125035 1.44867e-6 -0.4090692 -0.9555734 -3.18e-6 -0.2947536 -0.9642555 -3.22089e-5 -0.2649743 -0.9888302 1.11731e-5 -0.1490467 -0.9934022 -8.36793e-7 -0.1146834 -1 -2.00104e-5 8.61675e-6 -0.999266 -2.55336e-5 0.03830862 -0.988832 2.15336e-5 0.1490346 -0.9817069 -3.55993e-5 0.1903985 -0.9555726 -1.93994e-6 0.2947562 -0.9411396 -7.22194e-6 0.3380184 -0.9009705 1.22204e-5 0.4338806 -0.8785123 -1.80071e-6 0.47772 -0.8262388 9.24338e-7 0.5633201 -0.7952907 -2.14838e-5 0.6062283 -0.7330573 3.41902e-5 0.6801669 -0.6934289 -3.61199e-5 0.7205251 -0.6234928 1.91438e-5 0.7818291 -0.5753183 -2.80235e-6 0.8179298 -0.500001 7.12322e-6 0.8660249 -0.4437196 4.18723e-6 0.8961657 -0.3653431 1.62595e-5 0.930873 -0.30172 -9.64338e-6 0.9533967 -0.2225227 2.85213e-5 0.9749276 -0.152648 -2.27368e-5 0.9882807 -0.07473105 2.58656e-5 0.9972038 3.6354e-7 5.78165e-6 1 0.07472956 -2.35788e-5 0.997204 0.1526484 -2.27494e-5 0.9882807 0.2225232 2.84896e-5 0.9749274 0.3017196 -9.62056e-6 0.9533967 0.365343 1.62669e-5 0.930873 0.4437201 4.15603e-6 0.8961656 0.5000012 7.08131e-6 0.8660247 0.5753182 -2.7935e-6 0.8179298 0.6234928 1.91438e-5 0.7818292 0.6934286 -3.60743e-5 0.7205253 0.7330572 3.414e-5 0.680167 0.7952909 -2.16169e-5 0.6062281 0.8262391 6.84522e-7 0.5633198 0.8785122 -1.8049e-6 0.4777199 0.9009703 1.22814e-5 0.4338808 0.9411396 -7.24196e-6 0.3380182 0.9555726 -2.03401e-6 0.2947561 0.981707 -3.56394e-5 0.1903983</float_array>
          <technique_common>
            <accessor source="#calf-mesh-normals-array" count="4626" stride="3">
              <param name="X" type="float"/>
              <param name="Y" type="float"/>
              <param name="Z" type="float"/>
            </accessor>
          </technique_common>
        </source>
        <source id="calf-mesh-map-0">
          <float_array id="calf-mesh-map-0-array" count="43404">0 23.65833 0.604696 23.65833 0 24.1035 0 24.1035 0.604696 23.65833 0.636396 23.65833 0 24.1035 0.636396 23.65833 0.636396 24.63921 0.604696 23.65833 0 23.65833 0.604696 22.7598 0.604696 22.7598 0 23.65833 0 22.7598 0.604696 22.7598 0 22.7598 0.604696 21.86127 0.604696 21.86127 0 22.7598 0 21.86127 0.604696 21.86127 0 21.86127 0.604696 20.96274 0.604696 20.96274 0 21.86127 0 20.96274 0.604696 20.96274 0 20.96274 0.604696 20.06421 0.604696 20.06421 0 20.96274 0 20.06421 0.604696 20.06421 0 20.06421 0.604696 19.3104 0.604696 19.3104 0 20.06421 0 18.93349 0.604696 19.3104 0 18.93349 0.636396 18.93349 0.636396 18.93349 0 18.93349 0.604696 18.55659 0.636396 18.93349 0.604696 18.55659 0.636396 17.80277 0.636396 17.80277 0.604696 18.55659 0.604696 17.80277 0.636396 17.80277 0.604696 17.80277 0.604696 17.04896 0.604696 17.04896 0.604696 17.80277 0 17.80277 0.604696 17.04896 0 17.80277 0 16.67205 0 18.93349 0 17.80277 0.604696 18.55659 0.604696 18.55659 0 17.80277 0.604696 17.80277 0 15.54133 0.604696 16.29515 0 16.67205 0 16.67205 0.604696 16.29515 0.636396 16.67205 0 16.67205 0.636396 16.67205 0.604696 17.04896 0.604696 17.04896 0.636396 16.67205 0.636396 17.80277 0 13.93731 0.604696 14.73932 0 15.54133 0 15.54133 0.604696 14.73932 0.604696 15.54133 0 15.54133 0.604696 15.54133 0.604696 16.29515 0.604696 16.29515 0.604696 15.54133 0.636396 15.54133 0.604696 16.29515 0.636396 15.54133 0.636396 16.67205 0 12.47596 0.604696 13.20663 0 13.93731 0 13.93731 0.604696 13.20663 0.604696 13.93731 0 13.93731 0.604696 13.93731 0.604696 14.73932 0.604696 14.73932 0.604696 13.93731 0.636396 13.93731 0.604696 14.73932 0.636396 13.93731 0.636396 15.54133 0 11.01461 0.604696 11.74529 0 12.47596 0 12.47596 0.604696 11.74529 0.604696 12.47596 0 12.47596 0.604696 12.47596 0.604696 13.20663 0.604696 13.20663 0.604696 12.47596 0.636396 12.47596 0.604696 13.20663 0.636396 12.47596 0.636396 13.93731 0 9.378809 0.604696 10.15776 0 11.01461 0 11.01461 0.604696 10.15776 0.604696 11.01461 0 11.01461 0.604696 11.01461 0.604696 11.74529 0.604696 11.74529 0.604696 11.01461 0.636396 11.01461 0.604696 11.74529 0.636396 11.01461 0.636396 12.47596 0.604696 10.15776 0 9.378809 0.604696 9.300913 0.604696 9.300913 0 9.378809 0 8.560908 0.604696 9.300913 0 8.560908 0.604696 8.52196 0.604696 8.52196 0 8.560908 0 7.743004 0.604696 8.52196 0 7.743004 0.604696 7.743004 0.604696 7.743004 0 7.743004 0 7.073897 0.604696 7.743004 0 7.073897 0.636396 7.073897 0.636396 7.073897 0 7.073897 0.604696 6.850861 0.636396 7.073897 0.604696 6.850861 0.636396 6.404789 0.636396 6.404789 0.604696 6.850861 0 6.404789 0.636396 6.404789 0 6.404789 0.604696 5.958717 0.604696 5.958717 0 6.404789 0 5.735682 0.604696 5.958717 0 5.735682 0.636396 5.735682 0.636396 5.735682 0 5.735682 0.604696 5.066574 0.636396 5.735682 0.604696 5.066574 0.636396 5.066574 0.636396 5.066574 0.604696 5.066574 0.636396 4.643331 0.636396 4.643331 0.604696 5.066574 0.604696 4.643331 0.636396 4.643331 0.604696 4.643331 0.636396 4.062915 0.636396 4.062915 0.604696 4.643331 0 4.062915 0.636396 4.062915 0 4.062915 0.604696 3.869442 0.604696 3.869442 0 4.062915 0 3.482498 0.604696 3.869442 0 3.482498 0.636396 3.482498 0.636396 3.482498 0 3.482498 0.604696 3.095554 0.636396 3.482498 0.604696 3.095554 0.636396 2.902082 0.636396 2.902082 0.604696 3.095554 0.604696 2.476443 0.636396 2.902082 0.604696 2.476443 0.636396 2.321665 0.636396 2.321665 0.604696 2.476443 0.604696 1.857332 0.636396 2.321665 0.604696 1.857332 0.636396 1.160833 0.636396 1.160833 0.604696 1.857332 0 1.160833 0.636396 1.160833 0 1.160833 0.604696 0.928666 0.604696 0.928666 0 1.160833 0 0 0.604696 0.928666 0 0 0.636396 0 0 7.073897 0 6.404789 0.604696 6.850861 0 5.735682 0 5.066574 0.604696 5.066574 0.604696 5.066574 0 5.066574 0.604696 4.643331 0 5.066574 0 4.643331 0.604696 4.643331 0.604696 4.643331 0 4.643331 0 4.062915 0 3.482498 0 2.902082 0.604696 3.095554 0.604696 3.095554 0 2.902082 0.604696 2.476443 0 2.902082 0 2.321666 0.604696 2.476443 0.604696 2.476443 0 2.321666 0.604696 1.857332 0 2.321666 0 1.741249 0.604696 1.857332 0.604696 1.857332 0 1.741249 0 1.160833 0.636396 0 0.636396 1.160833 0.604696 0.928666 0.636396 3.482498 0.636396 4.062915 0.604696 3.869442 0.636396 5.735682 0.636396 6.404789 0.604696 5.958717 0.636396 7.073897 0.636396 7.743004 0.604696 7.743004 0.604696 7.743004 0.636396 7.743004 0.604696 8.52196 0.636396 7.743004 0.636396 8.560908 0.604696 8.52196 0.604696 8.52196 0.636396 8.560908 0.604696 9.300913 0.636396 8.560908 0.636396 9.378809 0.604696 9.300913 0.604696 9.300913 0.636396 9.378809 0.604696 10.15776 0.636396 9.378809 0.636396 11.01461 0.604696 10.15776 0.604696 10.15776 0.636396 11.01461 0.604696 11.01461 0.636396 18.93349 0.636396 20.06421 0.604696 19.3104 0.604696 19.3104 0.636396 20.06421 0.604696 20.06421 0.604696 20.06421 0.636396 20.06421 0.604696 20.96274 0.604696 20.96274 0.636396 20.06421 0.636396 20.96274 0.604696 20.96274 0.636396 20.96274 0.604696 21.86127 0.604696 21.86127 0.636396 20.96274 0.636396 21.86127 0.604696 21.86127 0.636396 21.86127 0.604696 22.7598 0.604696 22.7598 0.636396 21.86127 0.636396 22.7598 0.604696 22.7598 0.636396 22.7598 0.604696 23.65833 0.604696 23.65833 0.636396 22.7598 0.636396 23.65833 0.636396 12.47596 0.604696 12.47596 0.604696 11.74529 0.636396 13.93731 0.604696 13.93731 0.604696 13.20663 0.636396 15.54133 0.604696 15.54133 0.604696 14.73932 0.636396 -0.009207963 0 -0.009207963 0.318198 -1.016165 0.318198 -1.016165 0 -0.009207963 0 -1.171082 0.318198 -1.016165 0 -1.171082 0.318198 -1.9263 0.318198 -1.9263 0 -1.171082 0 -1.752018 0.318198 -1.9263 0 -1.752018 0 -2.332955 0.318198 -1.9263 0 -2.332955 0.318198 -2.836434 0.318198 -2.836434 0 -2.332955 0 -2.913892 0.318198 -2.836434 0 -2.913892 0 -3.494829 0.318198 -2.836434 0 -3.494829 0.318198 -3.746568 0.318198 -3.746568 0 -3.494829 0 -4.075766 0.318198 -3.746568 0 -4.075766 0.318198 -4.656703 0.318198 -4.656703 0 -4.075766 0 -4.656703 0.318198 -4.656703 0 -4.656703 0.318198 -5.080325 0.318198 -5.080325 0 -4.656703 0 -5.080325 0.318198 -5.080325 0 -5.080325 0.318198 -5.750059 0.318198 -5.750059 0 -5.080325 0 -5.750059 0.318198 -5.750059 0 -5.750059 0.318198 -6.419793 0.318198 -6.419793 0 -5.750059 0 -6.419793 0.318198 -6.419793 0 -6.419793 0.318198 -7.089527 0.318198 -7.089527 0 -6.419793 0 -7.089527 0.318198 -7.089527 0 -7.089527 0.318198 -7.759261 0.318198 -7.759261 0 -7.089527 0 -7.759261 0.318198 -7.759261 0 -7.759261 0.318198 -8.577929 0.318198 -8.577929 0 -7.759261 0 -8.577929 0.318198 -8.577929 0 -8.577929 0.318198 -9.396596 0.318198 -9.396596 0 -8.577929 0 -9.396596 0.318198 -9.396596 0 -9.396596 0.318198 -11.03393 0.318198 -11.03393 0 -9.396596 0 -11.03393 0.318198 -11.03393 0 -11.03393 0.318198 -12.49664 0.318198 -12.49664 0 -11.03393 0 -12.49664 0.318198 -12.49664 0 -12.49664 0.318198 -13.95935 0.318198 -13.95935 0 -12.49664 0 -13.95935 0.318198 -13.95935 0 -13.95935 0.318198 -15.56488 0.318198 -15.56488 0 -13.95935 0 -15.56488 0.318198 -15.56488 0 -15.56488 0 -16.69665 0.318198 -15.56488 0 -16.69665 0.318198 -17.07391 0.318198 -17.07391 0 -16.69665 0 -17.82843 0.318198 -17.07391 0 -17.82843 0.318198 -18.58295 0.318198 -18.58295 0 -17.82843 0 -18.9602 0.318198 -18.58295 0 -18.9602 0.318198 -20.09198 0.318198 -20.09198 0 -18.9602 0 -20.09198 0.318198 -20.09198 0 -20.09198 0.318198 -20.99135 0.318198 -20.99135 0 -20.09198 0 -20.99135 0.318198 -20.99135 0 -20.99135 0.318198 -21.89072 0.318198 -21.89072 0 -20.99135 0 -21.89072 0.318198 -21.89072 0 -21.89072 0.318198 -22.79009 0.318198 -22.79009 0 -21.89072 0 -22.79009 0.318198 -22.79009 0 -22.79009 0.318198 -23.68945 0.318198 -23.68945 0 -22.79009 0 -23.68945 0.318198 -23.68945 0 -23.68945 0 -24.13504 0 -24.13504 0.636396 -24.67125 0.318198 -23.68945 0.318198 -23.68945 0.636396 -24.67125 0.636396 -23.68945 0.318198 -23.68945 0.636396 -23.68945 0.318198 -22.79009 0.318198 -22.79009 0.636396 -23.68945 0.636396 -22.79009 0.318198 -22.79009 0.636396 -22.79009 0.318198 -21.89072 0.318198 -21.89072 0.636396 -22.79009 0.636396 -21.89072 0.318198 -21.89072 0.636396 -21.89072 0.318198 -20.99135 0.318198 -20.99135 0.636396 -21.89072 0.636396 -20.99135 0.318198 -20.99135 0.636396 -20.99135 0.318198 -20.09198 0.318198 -20.09198 0.636396 -20.99135 0.636396 -20.09198 0.318198 -20.09198 0.636396 -20.09198 0.636396 -18.9602 0.318198 -20.09198 0.636396 -18.9602 0.318198 -18.58295 0.318198 -18.58295 0.636396 -18.9602 0.636396 -17.82843 0.318198 -18.58295 0.636396 -17.82843 0.318198 -17.07391 0.318198 -17.07391 0.636396 -17.82843 0.636396 -16.69665 0.318198 -17.07391 0.636396 -16.69665 0.318198 -15.56488 0.318198 -15.56488 0.636396 -16.69665 0.636396 -15.56488 0.318198 -15.56488 0.636396 -15.56488 0.318198 -13.95935 0.318198 -13.95935 0.636396 -15.56488 0.636396 -13.95935 0.318198 -13.95935 0.636396 -13.95935 0.318198 -12.49664 0.318198 -12.49664 0.636396 -13.95935 0.636396 -12.49664 0.318198 -12.49664 0.636396 -12.49664 0.318198 -11.03393 0.318198 -11.03393 0.636396 -12.49664 0.636396 -11.03393 0.318198 -11.03393 0.636396 -11.03393 0.318198 -9.396596 0.318198 -9.396596 0.636396 -11.03393 0.636396 -9.396596 0.318198 -9.396596 0.636396 -9.396596 0.318198 -8.577929 0.318198 -8.577929 0.636396 -9.396596 0.636396 -8.577929 0.318198 -8.577929 0.636396 -8.577929 0.318198 -7.759261 0.318198 -7.759261 0.636396 -8.577929 0.636396 -7.759261 0.318198 -7.759261 0.636396 -7.759261 0.318198 -7.089527 0.318198 -7.089527 0.636396 -7.759261 0.636396 -7.089527 0.318198 -7.089527 0.636396 -7.089527 0.318198 -6.419793 0.318198 -6.419793 0.636396 -7.089527 0.636396 -6.419793 0.318198 -6.419793 0.636396 -6.419793 0.318198 -5.750059 0.318198 -5.750059 0.636396 -6.419793 0.636396 -5.750059 0.318198 -5.750059 0.636396 -5.750059 0.318198 -5.080325 0.318198 -5.080325 0.636396 -5.750059 0.636396 -5.080325 0.318198 -5.080325 0.636396 -5.080325 0.318198 -4.656703 0.318198 -4.656703 0.636396 -5.080325 0.636396 -4.656703 0.318198 -4.656703 0.636396 -4.656703 0.636396 -4.075766 0.318198 -4.656703 0.636396 -4.075766 0.318198 -3.746568 0.318198 -3.746568 0.636396 -4.075766 0.636396 -3.494829 0.318198 -3.746568 0.636396 -3.494829 0.318198 -2.836434 0.318198 -2.836434 0.636396 -3.494829 0.636396 -2.913892 0.318198 -2.836434 0.636396 -2.913892 0.636396 -2.332955 0.318198 -2.836434 0.636396 -2.332955 0.318198 -1.9263 0.318198 -1.9263 0.636396 -2.332955 0.636396 -1.171082 0.318198 -1.9263 0.636396 -1.171082 0.318198 -1.016165 0.318198 -1.016165 0.636396 -1.171082 0.636396 -0.009207963 0.212132 2.037902 0.212132 2.277655 -0.212132 2.277655 -0.212132 -2.277655 0.212132 -2.277655 0.212132 -2.037902 -0.212132 -2.277655 0.212132 -2.037902 -0.212132 -1.992948 -0.212132 -1.992948 0.212132 -2.037902 0.212132 -1.798148 -0.212132 -1.992948 0.212132 -1.798148 -0.212132 -1.708241 -0.212132 -1.708241 0.212132 -1.798148 0.212132 -1.558395 -0.212132 -1.708241 0.212132 -1.558395 -0.212132 -1.423534 -0.212132 -1.423534 0.212132 -1.558395 0.212132 -1.318642 -0.212132 -1.423534 0.212132 -1.318642 -0.212132 -1.138827 -0.212132 -1.138827 0.212132 -1.318642 0.212132 -1.078889 -0.212132 -1.138827 0.212132 -1.078889 -0.212132 -0.854121 -0.212132 -0.854121 0.212132 -1.078889 0.212132 -0.839136 -0.212132 -0.854121 0.212132 -0.839136 0.212132 -0.599383 -0.212132 -0.854121 0.212132 -0.599383 -0.212132 -0.569414 -0.212132 -0.569414 0.212132 -0.599383 0.212132 -0.35963 -0.212132 -0.569414 0.212132 -0.35963 -0.212132 -0.284707 -0.212132 -0.284707 0.212132 -0.35963 0.212132 -0.119877 -0.212132 -0.284707 0.212132 -0.119877 -0.212132 0 -0.212132 0 0.212132 -0.119877 0.212132 0.119877 -0.212132 0 0.212132 0.119877 -0.212132 0.284707 -0.212132 0.284707 0.212132 0.119877 0.212132 0.35963 -0.212132 0.284707 0.212132 0.35963 -0.212132 0.569414 -0.212132 0.569414 0.212132 0.35963 0.212132 0.599383 -0.212132 0.569414 0.212132 0.599383 -0.212132 0.854121 -0.212132 0.854121 0.212132 0.599383 0.212132 0.839136 -0.212132 0.854121 0.212132 0.839136 0.212132 1.078889 -0.212132 0.854121 0.212132 1.078889 -0.212132 1.138827 -0.212132 1.138827 0.212132 1.078889 0.212132 1.318642 -0.212132 1.138827 0.212132 1.318642 -0.212132 1.423534 -0.212132 1.423534 0.212132 1.318642 0.212132 1.558395 -0.212132 1.423534 0.212132 1.558395 -0.212132 1.708241 -0.212132 1.708241 0.212132 1.558395 0.212132 1.798148 -0.212132 1.708241 0.212132 1.798148 -0.212132 1.992948 -0.212132 1.992948 0.212132 1.798148 0.212132 2.037902 -0.212132 1.992948 0.212132 2.037902 -0.212132 2.277655 -8.468717 -2.299952 -8.131303 -2.279548 -8.917425 -2.255758 -8.917425 -2.255758 -8.131303 -2.279548 -9.34889 -2.124875 -9.34889 -2.124875 -8.131303 -2.279548 -7.940185 -2.25531 -9.34889 -2.124875 -7.940185 -2.25531 -7.72591 -2.222976 -7.72591 -2.222976 -7.484207 -2.184036 -9.34889 -2.124875 -9.34889 -2.124875 -7.484207 -2.184036 -9.746528 -1.912332 -9.746528 -1.912332 -7.484207 -2.184036 -7.211755 -2.140166 -9.746528 -1.912332 -7.211755 -2.140166 -6.906108 -2.092951 -6.564937 -2.043963 -8.39646 -0.871963 -6.906108 -2.092951 -6.906108 -2.092951 -8.39646 -0.871963 -10.09506 -1.626297 -6.906108 -2.092951 -10.09506 -1.626297 -9.746528 -1.912332 -6.564937 -2.043963 -6.292669 -2.007982 -8.39646 -0.871963 -8.39646 -0.871963 -6.292669 -2.007982 -5.821718 -1.952323 -8.39646 -0.871963 -5.821718 -1.952323 -8.117234 -0.801253 -8.117234 -0.801253 -5.821718 -1.952323 -5.304437 -1.899821 -8.117234 -0.801253 -5.304437 -1.899821 -4.744961 -1.852112 -8.117234 -0.801253 -4.744961 -1.852112 -7.876095 -0.64371 -7.876095 -0.64371 -4.744961 -1.852112 -4.147424 -1.810832 -7.876095 -0.64371 -4.147424 -1.810832 -3.374199 -1.771071 -7.876095 -0.64371 -3.374199 -1.771071 -7.699177 -0.416406 -7.699177 -0.416406 -3.374199 -1.771071 -2.568692 -1.743922 -7.699177 -0.416406 -2.568692 -1.743922 -7.605651 -0.143972 -7.605651 -0.143972 -2.568692 -1.743922 -0.913077 -1.728389 -7.605651 -0.143972 -0.913077 -1.728389 -0.913079 1.728485 -0.913079 1.728485 -0.913077 -1.728389 0.563301 1.756564 0.563301 1.756564 -0.913077 -1.728389 0.563296 -1.756465 0.563301 1.756564 0.563296 -1.756465 2.018457 -1.819501 3.615801 -1.928279 9.981284 4.8e-5 2.018457 -1.819501 2.018457 -1.819501 9.981284 4.8e-5 2.018457 1.819598 2.018457 -1.819501 2.018457 1.819598 0.563301 1.756564 9.981284 4.8e-5 3.615801 -1.928279 10.02404 -0.586926 10.02404 -0.586926 3.615801 -1.928279 4.730775 -2.029829 10.02404 -0.586926 4.730775 -2.029829 10.15143 -1.161505 10.15143 -1.161505 4.730775 -2.029829 5.821616 -2.149972 10.15143 -1.161505 5.821616 -2.149972 6.877154 -2.286473 10.15143 -1.161505 6.877154 -2.286473 10.36074 -1.711556 10.36074 -1.711556 6.877154 -2.286473 7.886218 -2.437096 10.36074 -1.711556 7.886218 -2.437096 8.647243 -2.564983 8.647243 -2.564983 9.368037 -2.697607 10.36074 -1.711556 10.36074 -1.711556 9.368037 -2.697607 10.04646 -2.832548 10.36074 -1.711556 10.04646 -2.832548 10.68039 -2.967385 10.68039 -2.967385 10.97708 -3.033308 10.36074 -1.711556 2.018457 1.819598 9.981284 4.8e-5 3.615802 1.928375 3.615802 1.928375 9.981284 4.8e-5 10.02404 0.587022 3.615802 1.928375 10.02404 0.587022 4.730775 2.029925 4.730775 2.029925 10.02404 0.587022 10.15143 1.161601 4.730775 2.029925 10.15143 1.161601 5.821616 2.150069 5.821616 2.150069 10.15143 1.161601 6.877154 2.28657 6.877154 2.28657 10.15143 1.161601 10.36074 1.711652 6.877154 2.28657 10.36074 1.711652 7.886218 2.437193 7.886218 2.437193 10.36074 1.711652 8.647243 2.56508 8.647243 2.56508 10.36074 1.711652 9.368037 2.697704 9.368037 2.697704 10.36074 1.711652 10.04646 2.832644 10.04646 2.832644 10.36074 1.711652 10.68039 2.967482 10.68039 2.967482 10.36074 1.711652 10.97708 3.033405 -7.605651 -0.143972 -0.913079 1.728485 -7.605651 0.144069 -7.605651 0.144069 -0.913079 1.728485 -2.568691 1.744019 -7.605651 0.144069 -2.568691 1.744019 -7.699177 0.416502 -7.699177 0.416502 -2.568691 1.744019 -3.374198 1.771167 -7.699177 0.416502 -3.374198 1.771167 -7.876095 0.643807 -7.876095 0.643807 -3.374198 1.771167 -4.147424 1.810928 -7.876095 0.643807 -4.147424 1.810928 -4.744961 1.852209 -7.876095 0.643807 -4.744961 1.852209 -8.117234 0.80135 -8.117234 0.80135 -4.744961 1.852209 -5.304437 1.899918 -8.117234 0.80135 -5.304437 1.899918 -5.82172 1.95242 -8.117234 0.80135 -5.82172 1.95242 -8.39646 0.87206 -8.39646 0.87206 -5.82172 1.95242 -6.292672 2.008079 -8.39646 0.87206 -6.292672 2.008079 -6.564936 2.044059 -6.564936 2.044059 -6.906104 2.093048 -8.39646 0.87206 -8.39646 0.87206 -6.906104 2.093048 -10.09506 1.626394 -8.39646 0.87206 -10.09506 1.626394 -10.3811 1.27786 -10.09506 1.626394 -6.906104 2.093048 -9.746528 1.912428 -9.746528 1.912428 -6.906104 2.093048 -7.211736 2.140271 -9.746528 1.912428 -7.211736 2.140271 -7.484152 2.184143 -9.746528 1.912428 -7.484152 2.184143 -9.34889 2.124971 -9.34889 2.124971 -7.484152 2.184143 -7.725804 2.223075 -9.34889 2.124971 -7.725804 2.223075 -7.940107 2.255406 -7.940107 2.255406 -8.131262 2.279652 -9.34889 2.124971 -9.34889 2.124971 -8.131262 2.279652 -8.917425 2.255855 -8.917425 2.255855 -8.131262 2.279652 -8.468717 2.300048 -8.39646 0.87206 -10.3811 1.27786 -8.683518 0.848274 -8.683518 0.848274 -10.3811 1.27786 -10.59364 0.88022 -8.683518 0.848274 -10.59364 0.88022 -8.947297 0.732569 -8.947297 0.732569 -10.59364 0.88022 -9.159215 0.537484 -9.159215 0.537484 -10.59364 0.88022 -10.72452 0.448756 -9.159215 0.537484 -10.72452 0.448756 -9.296307 0.28416 -9.296307 0.28416 -10.72452 0.448756 -10.76872 4.8e-5 -9.296307 0.28416 -10.76872 4.8e-5 -9.343717 4.8e-5 -9.343717 4.8e-5 -10.76872 4.8e-5 -9.296307 -0.284064 -9.296307 -0.284064 -10.76872 4.8e-5 -10.72452 -0.448659 -9.296307 -0.284064 -10.72452 -0.448659 -9.159215 -0.537388 -9.159215 -0.537388 -10.72452 -0.448659 -10.59364 -0.880124 -9.159215 -0.537388 -10.59364 -0.880124 -8.947297 -0.732472 -8.947297 -0.732472 -10.59364 -0.880124 -8.683518 -0.848177 -8.683518 -0.848177 -10.59364 -0.880124 -10.3811 -1.277763 -8.683518 -0.848177 -10.3811 -1.277763 -8.39646 -0.871963 -8.39646 -0.871963 -10.3811 -1.277763 -10.09506 -1.626297 0.15 -1.580614 0 -1.580614 0.15 -1.806416 0.15 -1.806416 0 -1.580614 0 -1.806416 0.15 1.806416 0 1.806416 0.15 1.580614 0.15 1.580614 0 1.806416 0 1.580614 0.15 1.580614 0 1.580614 0.15 1.354812 0.15 1.354812 0 1.580614 0 1.354812 0.15 1.354812 0 1.354812 0.15 1.12901 0.15 1.12901 0 1.354812 0 1.12901 0.15 1.12901 0 1.12901 0.15 0.903208 0.15 0.903208 0 1.12901 0 0.903208 0.15 0.903208 0 0.903208 0.15 0.677406 0.15 0.677406 0 0.903208 0 0.677406 0.15 0.677406 0 0.677406 0.15 0.451604 0.15 0.451604 0 0.677406 0 0.451604 0.15 0.451604 0 0.451604 0.15 0.225802 0.15 0.225802 0 0.451604 0 0.225802 0.15 0.225802 0 0.225802 0.15 0 0.15 0 0 0.225802 0 0 0.15 0 0 0 0.15 -0.225802 0.15 -0.225802 0 0 0 -0.225802 0.15 -0.225802 0 -0.225802 0.15 -0.451604 0.15 -0.451604 0 -0.225802 0 -0.451604 0.15 -0.451604 0 -0.451604 0.15 -0.677406 0.15 -0.677406 0 -0.451604 0 -0.677406 0.15 -0.677406 0 -0.677406 0.15 -0.903208 0.15 -0.903208 0 -0.677406 0 -0.903208 0.15 -0.903208 0 -0.903208 0.15 -1.12901 0.15 -1.12901 0 -0.903208 0 -1.12901 0.15 -1.12901 0 -1.12901 0.15 -1.354812 0.15 -1.354812 0 -1.12901 0 -1.354812 0.15 -1.354812 0 -1.354812 0.15 -1.580614 0.15 -1.580614 0 -1.354812 0 -1.580614 -0.318198 -7.932521 0.318198 -7.932521 -0.318198 -7.465902 -0.318198 -7.465902 0.318198 -7.932521 0.318198 -7.436739 -0.318198 -7.465902 0.318198 -7.436739 -0.318198 -6.999284 -0.318198 -6.999284 0.318198 -7.436739 0.318198 -6.940956 -0.318198 -6.999284 0.318198 -6.940956 -0.318198 -6.532665 -0.318198 -6.532665 0.318198 -6.940956 0.318198 -6.445174 -0.318198 -6.532665 0.318198 -6.445174 -0.318198 -6.066046 -0.318198 -6.066046 0.318198 -6.445174 0.318198 -5.949391 -0.318198 -6.066046 0.318198 -5.949391 -0.318198 -5.599427 -0.318198 -5.599427 0.318198 -5.949391 0.318198 -5.453608 -0.318198 -5.599427 0.318198 -5.453608 -0.318198 -5.132808 -0.318198 -5.132808 0.318198 -5.453608 0.318198 -4.957826 -0.318198 -5.132808 0.318198 -4.957826 -0.318198 -4.666189 -0.318198 -4.666189 0.318198 -4.957826 0.318198 -4.462043 -0.318198 -4.666189 0.318198 -4.462043 -0.318198 -4.19957 -0.318198 -4.19957 0.318198 -4.462043 0.318198 -3.966261 -0.318198 -4.19957 0.318198 -3.966261 -0.318198 -3.732951 -0.318198 -3.732951 0.318198 -3.966261 0.318198 -3.470478 -0.318198 -3.732951 0.318198 -3.470478 -0.318198 -3.266332 -0.318198 -3.266332 0.318198 -3.470478 0.318198 -2.974695 -0.318198 -3.266332 0.318198 -2.974695 -0.318198 -2.799713 -0.318198 -2.799713 0.318198 -2.974695 0.318198 -2.478913 -0.318198 -2.799713 0.318198 -2.478913 -0.318198 -2.333094 -0.318198 -2.333094 0.318198 -2.478913 0.318198 -1.98313 -0.318198 -2.333094 0.318198 -1.98313 -0.318198 -1.866476 -0.318198 -1.866476 0.318198 -1.98313 0.318198 -1.487348 -0.318198 -1.866476 0.318198 -1.487348 -0.318198 -1.399857 -0.318198 -1.399857 0.318198 -1.487348 0.318198 -0.991565 -0.318198 -1.399857 0.318198 -0.991565 -0.318198 -0.933238 -0.318198 -0.933238 0.318198 -0.991565 0.318198 -0.495783 -0.318198 -0.933238 0.318198 -0.495783 -0.318198 -0.466619 -0.318198 -0.466619 0.318198 -0.495783 0.318198 0 -0.318198 -0.466619 0.318198 0 -0.318198 0 0 0 2.028007 0 0.569615 0.45 0.569615 0.45 2.028007 0 2.028007 0.45 0.45 1.767146 0 1.767146 0.45 1.178097 0.45 1.178097 0 1.767146 0 1.178097 0.45 1.178097 0 1.178097 0.45 0.589049 0.45 0.589049 0 1.178097 0 0.589049 0.45 0.589049 0 0.589049 0.45 0 0.45 0 0 0.589049 0 0 0.45 0 0 0 0.45 -0.589049 0.45 -0.589049 0 0 0 -0.589049 0.45 -0.589049 0 -0.589049 0.45 -1.178097 0.45 -1.178097 0 -0.589049 0 -1.178097 0.45 -1.178097 0 -1.178097 0.45 -1.767146 0.45 -1.767146 0 -1.178097 0 -1.767146 2.028007 0 1.458392 0.45 0 0 0 0 1.458392 0.45 0 0.45 -11.21781 3.549651 -10.36074 1.711652 -10.58399 3.407034 -10.58399 3.407034 -10.36074 1.711652 -9.95563 3.273382 -9.95563 3.273382 -10.36074 1.711652 -9.283308 3.139655 -9.283308 3.139655 -10.36074 1.711652 -8.569143 3.008251 -8.569143 3.008251 -10.36074 1.711652 -7.815253 2.881562 -7.815253 2.881562 -10.36074 1.711652 -6.815167 2.73229 -6.815167 2.73229 -10.36074 1.711652 -5.768161 2.596899 -5.768161 2.596899 -10.36074 1.711652 -10.15143 1.161601 -5.768161 2.596899 -10.15143 1.161601 -4.685699 2.477671 -4.685699 2.477671 -10.15143 1.161601 -10.02404 0.587022 -4.685699 2.477671 -10.02404 0.587022 -3.57924 2.376888 -3.57924 2.376888 -10.02404 0.587022 -1.993729 2.268918 -1.993729 2.268918 -10.02404 0.587022 -9.981284 4.8e-5 -1.993729 2.268918 -9.981284 4.8e-5 -1.993729 -2.268822 -1.993729 -2.268822 -9.981284 4.8e-5 -10.02404 -0.586926 -1.993729 -2.268822 -10.02404 -0.586926 -3.57924 -2.376791 -3.57924 -2.376791 -10.02404 -0.586926 -4.685699 -2.477574 -4.685699 -2.477574 -10.02404 -0.586926 -10.15143 -1.161505 -4.685699 -2.477574 -10.15143 -1.161505 -5.768161 -2.596802 -5.768161 -2.596802 -10.15143 -1.161505 -10.36074 -1.711556 -5.768161 -2.596802 -10.36074 -1.711556 -6.815167 -2.732193 -6.815167 -2.732193 -10.36074 -1.711556 -7.815253 -2.881466 -7.815253 -2.881466 -10.36074 -1.711556 -8.569143 -3.008154 -8.569143 -3.008154 -10.36074 -1.711556 -9.283308 -3.139559 -9.283308 -3.139559 -10.36074 -1.711556 -9.95563 -3.273285 -9.95563 -3.273285 -10.36074 -1.711556 -10.58399 -3.406938 -10.58399 -3.406938 -10.36074 -1.711556 -11.21781 -3.549554 -1.993729 2.268918 -1.993729 -2.268822 -0.549123 2.206341 -0.549123 2.206341 -1.993729 -2.268822 -0.549119 -2.206242 -0.549123 2.206341 -0.549119 -2.206242 0.915821 -2.17838 2.557301 -2.193778 7.937486 -0.219995 0.915821 -2.17838 0.915821 -2.17838 7.937486 -0.219995 7.893717 4.8e-5 0.915821 -2.17838 7.893717 4.8e-5 0.915828 2.178477 0.915828 2.178477 7.893717 4.8e-5 7.937486 0.220091 0.915828 2.178477 7.937486 0.220091 2.557299 2.193875 2.557299 2.193875 7.937486 0.220091 8.06213 0.406635 2.557299 2.193875 8.06213 0.406635 3.355155 2.220765 3.355155 2.220765 8.06213 0.406635 4.120044 2.260095 4.120044 2.260095 8.06213 0.406635 8.248675 0.531279 4.120044 2.260095 8.248675 0.531279 4.710373 2.300878 4.710373 2.300878 8.248675 0.531279 5.262575 2.347968 5.262575 2.347968 8.248675 0.531279 5.772497 2.399721 5.772497 2.399721 8.248675 0.531279 8.468717 0.575048 5.772497 2.399721 8.468717 0.575048 6.235986 2.454495 6.235986 2.454495 8.468717 0.575048 10.66326 1.657294 6.235986 2.454495 10.66326 1.657294 6.503748 2.48988 6.503748 2.48988 10.66326 1.657294 10.32138 2.032323 6.503748 2.48988 10.32138 2.032323 6.839504 2.538089 6.839504 2.538089 10.32138 2.032323 7.141099 2.584684 7.141099 2.584684 10.32138 2.032323 9.916405 2.338145 7.141099 2.584684 9.916405 2.338145 7.411955 2.628305 7.411955 2.628305 9.916405 2.338145 7.655678 2.667574 7.655678 2.667574 9.916405 2.338145 9.462131 2.564347 7.655678 2.667574 9.462131 2.564347 8.082344 2.726984 8.082344 2.726984 9.462131 2.564347 8.974028 2.703224 8.082344 2.726984 8.974028 2.703224 8.468717 2.750048 7.937486 -0.219995 2.557301 -2.193778 8.06213 -0.406538 8.06213 -0.406538 2.557301 -2.193778 3.355156 -2.220668 8.06213 -0.406538 3.355156 -2.220668 4.120044 -2.259998 8.06213 -0.406538 4.120044 -2.259998 8.248675 -0.531182 8.248675 -0.531182 4.120044 -2.259998 4.710373 -2.300782 8.248675 -0.531182 4.710373 -2.300782 5.262575 -2.347871 5.262575 -2.347871 5.772496 -2.399624 8.248675 -0.531182 8.248675 -0.531182 5.772496 -2.399624 8.468717 -0.574952 8.468717 -0.574952 5.772496 -2.399624 6.235983 -2.454398 8.468717 -0.574952 6.235983 -2.454398 10.66326 -1.657197 10.66326 -1.657197 6.235983 -2.454398 6.503742 -2.489783 10.66326 -1.657197 6.503742 -2.489783 10.32138 -2.032226 10.32138 -2.032226 6.503742 -2.489783 6.839489 -2.53799 10.32138 -2.032226 6.839489 -2.53799 7.141109 -2.584583 10.32138 -2.032226 7.141109 -2.584583 9.916405 -2.338049 9.916405 -2.338049 7.141109 -2.584583 7.411997 -2.6282 9.916405 -2.338049 7.411997 -2.6282 7.65573 -2.667463 9.916405 -2.338049 7.65573 -2.667463 9.462131 -2.56425 9.462131 -2.56425 7.65573 -2.667463 8.082341 -2.726875 9.462131 -2.56425 8.082341 -2.726875 8.974028 -2.703128 8.974028 -2.703128 8.082341 -2.726875 8.468717 -2.749952 10.66326 -1.657197 10.93042 -1.225732 8.468717 -0.574952 8.468717 -0.574952 10.93042 -1.225732 8.68876 -0.531182 8.68876 -0.531182 10.93042 -1.225732 11.11374 -0.752525 8.68876 -0.531182 11.11374 -0.752525 8.875304 -0.406538 8.875304 -0.406538 11.11374 -0.752525 11.20699 -0.25369 8.875304 -0.406538 11.20699 -0.25369 8.999947 -0.219995 8.999947 -0.219995 11.20699 -0.25369 9.043718 4.8e-5 9.043718 4.8e-5 11.20699 -0.25369 11.20699 0.253786 9.043718 4.8e-5 11.20699 0.253786 8.999947 0.220091 8.999947 0.220091 11.20699 0.253786 8.875304 0.406635 8.875304 0.406635 11.20699 0.253786 11.11374 0.752622 8.875304 0.406635 11.11374 0.752622 8.68876 0.531279 8.68876 0.531279 11.11374 0.752622 10.93042 1.225829 8.68876 0.531279 10.93042 1.225829 8.468717 0.575048 8.468717 0.575048 10.93042 1.225829 10.66326 1.657294 0.915828 2.178477 -0.549123 2.206341 0.915821 -2.17838 0 -8.279022 -0.9 -8.279022 0 -8.79646 0 -8.79646 -0.9 -8.279022 -0.9 -8.79646 0 8.79646 -0.9 8.79646 0 8.279022 0 8.279022 -0.9 8.79646 -0.9 8.279022 0 8.279022 -0.9 8.279022 0 7.761582 0 7.761582 -0.9 8.279022 -0.9 7.761582 0 7.761582 -0.9 7.761582 0 7.244143 0 7.244143 -0.9 7.761582 -0.9 7.244143 0 7.244143 -0.9 7.244143 0 6.726704 0 6.726704 -0.9 7.244143 -0.9 6.726704 0 6.726704 -0.9 6.726704 0 6.209265 0 6.209265 -0.9 6.726704 -0.9 6.209265 0 6.209265 -0.9 6.209265 0 5.691827 0 5.691827 -0.9 6.209265 -0.9 5.691827 0 5.691827 -0.9 5.691827 0 5.174388 0 5.174388 -0.9 5.691827 -0.9 5.174388 0 5.174388 -0.9 5.174388 0 4.656949 0 4.656949 -0.9 5.174388 -0.9 4.656949 0 4.656949 -0.9 4.656949 0 4.13951 0 4.13951 -0.9 4.656949 -0.9 4.13951 0 4.13951 -0.9 4.13951 0 3.622072 0 3.622072 -0.9 4.13951 -0.9 3.622072 0 3.622072 -0.9 3.622072 0 3.104633 0 3.104633 -0.9 3.622072 -0.9 3.104633 0 3.104633 -0.9 3.104633 0 2.587194 0 2.587194 -0.9 3.104633 -0.9 2.587194 0 2.587194 -0.9 2.587194 0 2.069755 0 2.069755 -0.9 2.587194 -0.9 2.069755 0 2.069755 -0.9 2.069755 0 1.552316 0 1.552316 -0.9 2.069755 -0.9 1.552316 0 1.552316 -0.9 1.552316 0 1.034878 0 1.034878 -0.9 1.552316 -0.9 1.034878 0 1.034878 -0.9 1.034878 0 0.517439 0 0.517439 -0.9 1.034878 -0.9 0.517439 0 0.517439 -0.9 0.517439 0 0 0 0 -0.9 0.517439 -0.9 0 0 0 -0.9 0 0 -0.517439 0 -0.517439 -0.9 0 -0.9 -0.517439 0 -0.517439 -0.9 -0.517439 0 -1.034878 0 -1.034878 -0.9 -0.517439 -0.9 -1.034878 0 -1.034878 -0.9 -1.034878 0 -1.552316 0 -1.552316 -0.9 -1.034878 -0.9 -1.552316 0 -1.552316 -0.9 -1.552316 0 -2.069755 0 -2.069755 -0.9 -1.552316 -0.9 -2.069755 0 -2.069755 -0.9 -2.069755 0 -2.587194 0 -2.587194 -0.9 -2.069755 -0.9 -2.587194 0 -2.587194 -0.9 -2.587194 0 -3.104633 0 -3.104633 -0.9 -2.587194 -0.9 -3.104633 0 -3.104633 -0.9 -3.104633 0 -3.622072 0 -3.622072 -0.9 -3.104633 -0.9 -3.622072 0 -3.622072 -0.9 -3.622072 0 -4.13951 0 -4.13951 -0.9 -3.622072 -0.9 -4.13951 0 -4.13951 -0.9 -4.13951 0 -4.656949 0 -4.656949 -0.9 -4.13951 -0.9 -4.656949 0 -4.656949 -0.9 -4.656949 0 -5.174388 0 -5.174388 -0.9 -4.656949 -0.9 -5.174388 0 -5.174388 -0.9 -5.174388 0 -5.691827 0 -5.691827 -0.9 -5.174388 -0.9 -5.691827 0 -5.691827 -0.9 -5.691827 0 -6.209265 0 -6.209265 -0.9 -5.691827 -0.9 -6.209265 0 -6.209265 -0.9 -6.209265 0 -6.726704 0 -6.726704 -0.9 -6.209265 -0.9 -6.726704 0 -6.726704 -0.9 -6.726704 0 -7.244143 0 -7.244143 -0.9 -6.726704 -0.9 -7.244143 0 -7.244143 -0.9 -7.244143 0 -7.761582 0 -7.761582 -0.9 -7.244143 -0.9 -7.761582 0 -7.761582 -0.9 -7.761582 0 -8.279022 0 -8.279022 -0.9 -7.761582 -0.9 -8.279022 -2.752325 -0.514499 2.752325 -0.514499 -2.8 0 -2.8 0 2.752325 -0.514499 2.8 0 -2.8 0 2.8 0 -2.752325 0.514499 -2.752325 0.514499 2.8 0 2.752325 0.514499 -2.752325 0.514499 2.752325 0.514499 -2.610922 1.011477 -2.610922 1.011477 2.752325 0.514499 2.610922 1.011477 -2.610922 1.011477 2.610922 1.011477 -2.380608 1.47401 -2.380608 1.47401 2.610922 1.011477 2.380608 1.47401 -2.380608 1.47401 2.380608 1.47401 -2.069225 1.886348 -2.069225 1.886348 2.380608 1.47401 2.069225 1.886348 -2.069225 1.886348 2.069225 1.886348 -1.687377 2.234448 -1.687377 2.234448 2.069225 1.886348 1.687377 2.234448 -1.687377 2.234448 1.687377 2.234448 -1.248067 2.506457 -1.248067 2.506457 1.687377 2.234448 1.248067 2.506457 -1.248067 2.506457 1.248067 2.506457 -0.766256 2.693112 -0.766256 2.693112 1.248067 2.506457 0.766256 2.693112 -0.766256 2.693112 0.766256 2.693112 -0.258351 2.788056 -0.258351 2.788056 0.766256 2.693112 0.258351 2.788056 2.752325 -0.514499 -2.752325 -0.514499 2.610922 -1.011477 2.610922 -1.011477 -2.752325 -0.514499 -2.610922 -1.011477 2.610922 -1.011477 -2.610922 -1.011477 2.380608 -1.47401 2.380608 -1.47401 -2.610922 -1.011477 -2.380608 -1.47401 2.380608 -1.47401 -2.380608 -1.47401 2.069225 -1.886348 2.069225 -1.886348 -2.380608 -1.47401 -2.069225 -1.886348 2.069225 -1.886348 -2.069225 -1.886348 1.687377 -2.234448 1.687377 -2.234448 -2.069225 -1.886348 -1.687377 -2.234448 1.687377 -2.234448 -1.687377 -2.234448 1.248067 -2.506457 1.248067 -2.506457 -1.687377 -2.234448 -1.248067 -2.506457 1.248067 -2.506457 -1.248067 -2.506457 0.766256 -2.693112 0.766256 -2.693112 -1.248067 -2.506457 -0.766256 -2.693112 0.766256 -2.693112 -0.766256 -2.693112 0.258351 -2.788056 0.258351 -2.788056 -0.766256 -2.693112 -0.258351 -2.788056 -1.5 -7.012231 -1.345744 -6.980208 -2.2 -7.012231 -2.2 -7.012231 -1.345744 -6.980208 -1.216234 -6.890386 -2.2 -7.012231 -1.216234 -6.890386 -1.130192 -6.757847 -2.2 -7.012231 -1.130192 -6.757847 -2.2 -6.506336 -2.2 -6.506336 -1.130192 -6.757847 -1.1 -6.602937 -2.2 -6.506336 -1.1 -6.602937 -1.1 -6.201274 -2.2 -6.506336 -1.1 -6.201274 -2.2 -6.000442 -2.2 -6.000442 -1.1 -6.201274 -1.1 -5.79961 -2.2 -6.000442 -1.1 -5.79961 -2.2 -5.494548 -2.2 -5.494548 -1.1 -5.79961 -1.1 -5.397947 -2.2 -5.494548 -1.1 -5.397947 -1.130192 -5.243037 -1.130192 -5.243037 -1.216234 -5.110498 -2.2 -5.494548 -2.2 -5.494548 -1.216234 -5.110498 -2.2 -4.988653 -2.2 -4.988653 -1.216234 -5.110498 -1.345744 -5.020676 -2.2 -4.988653 -1.345744 -5.020676 -1.5 -4.988653 -12.3 3.109486 -12.3825 3.087381 -12.2175 3.087381 -12.2175 3.087381 -12.3825 3.087381 -12.15711 3.026986 -12.15711 3.026986 -12.3825 3.087381 -12.44289 3.026986 -12.15711 3.026986 -12.44289 3.026986 -12.135 2.944486 -12.135 2.944486 -12.44289 3.026986 -12.465 2.944486 -12.135 2.944486 -12.465 2.944486 -12.15711 2.861986 -12.15711 2.861986 -12.465 2.944486 -12.44289 2.861986 -12.15711 2.861986 -12.44289 2.861986 -12.2175 2.801592 -12.2175 2.801592 -12.44289 2.861986 -12.3825 2.801592 -12.2175 2.801592 -12.3825 2.801592 -12.3 2.779486 -8.9 3.109486 -8.982501 3.087381 -8.817501 3.087381 -8.817501 3.087381 -8.982501 3.087381 -8.757106 3.026986 -8.757106 3.026986 -8.982501 3.087381 -9.042895 3.026986 -8.757106 3.026986 -9.042895 3.026986 -8.735 2.944486 -8.735 2.944486 -9.042895 3.026986 -9.065 2.944486 -8.735 2.944486 -9.065 2.944486 -8.757106 2.861986 -8.757106 2.861986 -9.065 2.944486 -9.042895 2.861986 -8.757106 2.861986 -9.042895 2.861986 -8.817501 2.801592 -8.817501 2.801592 -9.042895 2.861986 -8.982501 2.801592 -8.817501 2.801592 -8.982501 2.801592 -8.9 2.779486 -8.9 -2.779486 -8.982501 -2.801592 -8.817501 -2.801592 -8.817501 -2.801592 -8.982501 -2.801592 -8.757106 -2.861986 -8.757106 -2.861986 -8.982501 -2.801592 -9.042895 -2.861986 -8.757106 -2.861986 -9.042895 -2.861986 -8.735 -2.944486 -8.735 -2.944486 -9.042895 -2.861986 -9.065 -2.944486 -8.735 -2.944486 -9.065 -2.944486 -8.757106 -3.026986 -8.757106 -3.026986 -9.065 -2.944486 -9.042895 -3.026986 -8.757106 -3.026986 -9.042895 -3.026986 -8.817501 -3.087381 -8.817501 -3.087381 -9.042895 -3.026986 -8.982501 -3.087381 -8.817501 -3.087381 -8.982501 -3.087381 -8.9 -3.109486 -12.3 -2.779486 -12.3825 -2.801592 -12.2175 -2.801592 -12.2175 -2.801592 -12.3825 -2.801592 -12.15711 -2.861986 -12.15711 -2.861986 -12.3825 -2.801592 -12.44289 -2.861986 -12.15711 -2.861986 -12.44289 -2.861986 -12.135 -2.944486 -12.135 -2.944486 -12.44289 -2.861986 -12.465 -2.944486 -12.135 -2.944486 -12.465 -2.944486 -12.15711 -3.026986 -12.15711 -3.026986 -12.465 -2.944486 -12.44289 -3.026986 -12.15711 -3.026986 -12.44289 -3.026986 -12.2175 -3.087381 -12.2175 -3.087381 -12.44289 -3.026986 -12.3825 -3.087381 -12.2175 -3.087381 -12.3825 -3.087381 -12.3 -3.109486 -14 0.165 -14.0825 0.142894 -13.9175 0.142894 -13.9175 0.142894 -14.0825 0.142894 -13.85711 0.08249998 -13.85711 0.08249998 -14.0825 0.142894 -14.14289 0.08249998 -13.85711 0.08249998 -14.14289 0.08249998 -13.835 0 -13.835 0 -14.14289 0.08249998 -14.165 0 -13.835 0 -14.165 0 -13.85711 -0.08249998 -13.85711 -0.08249998 -14.165 0 -14.14289 -0.08249998 -13.85711 -0.08249998 -14.14289 -0.08249998 -13.9175 -0.142894 -13.9175 -0.142894 -14.14289 -0.08249998 -14.0825 -0.142894 -13.9175 -0.142894 -14.0825 -0.142894 -14 -0.165 -6.913213 -1 -7.847675 -0.514499 -7.877868 -1 -7.877868 -1 -7.847675 -0.514499 -7.989078 -1.011477 -7.877868 -1 -7.989078 -1.011477 -8.100834 -1.471111 -8.100834 -1.471111 -7.989078 -1.011477 -8.219392 -1.47401 -8.100834 -1.471111 -8.219392 -1.47401 -8.404527 -1.894703 -8.404527 -1.894703 -8.219392 -1.47401 -8.530776 -1.886348 -8.404527 -1.894703 -8.530776 -1.886348 -8.779138 -2.257092 -8.779138 -2.257092 -8.530776 -1.886348 -8.912624 -2.234448 -8.779138 -2.257092 -8.912624 -2.234448 -9.212568 -2.546572 -9.212568 -2.546572 -8.912624 -2.234448 -9.351932 -2.506457 -9.212568 -2.546572 -9.351932 -2.506457 -9.690813 -2.753793 -9.690813 -2.753793 -9.351932 -2.506457 -9.833744 -2.693112 -9.690813 -2.753793 -9.833744 -2.693112 -10.19843 -2.872062 -10.19843 -2.872062 -9.833744 -2.693112 -10.34165 -2.788056 -10.19843 -2.872062 -10.34165 -2.788056 -10.71901 -2.897557 -10.71901 -2.897557 -10.34165 -2.788056 -10.85835 -2.788056 -10.71901 -2.897557 -10.85835 -2.788056 -11.23575 -2.829456 -11.23575 -2.829456 -10.85835 -2.788056 -11.36626 -2.693112 -11.23575 -2.829456 -11.36626 -2.693112 -11.73196 -2.669957 -11.73196 -2.669957 -11.36626 -2.693112 -11.84807 -2.506457 -11.73196 -2.669957 -11.84807 -2.506457 -12.1916 -2.424214 -12.1916 -2.424214 -11.84807 -2.506457 -12.28738 -2.234448 -12.1916 -2.424214 -12.28738 -2.234448 -12.59983 -2.100164 -12.59983 -2.100164 -12.28738 -2.234448 -12.66922 -1.886348 -12.59983 -2.100164 -12.66922 -1.886348 -12.94346 -1.708275 -12.94346 -1.708275 -12.66922 -1.886348 -12.98061 -1.47401 -12.94346 -1.708275 -12.98061 -1.47401 -13.21139 -1.261205 -13.21139 -1.261205 -12.98061 -1.47401 -13.21092 -1.011477 -13.21139 -1.261205 -13.21092 -1.011477 -13.39497 -0.773396 -13.39497 -0.773396 -13.21092 -1.011477 -13.35233 -0.514499 -13.39497 -0.773396 -13.35233 -0.514499 -13.48827 -0.260605 -13.48827 -0.260605 -13.35233 -0.514499 -13.4 0 -13.48827 -0.260605 -13.4 0 -13.48827 0.260605 -13.48827 0.260605 -13.4 0 -13.35233 0.514499 -13.48827 0.260605 -13.35233 0.514499 -13.39497 0.773396 -13.39497 0.773396 -13.35233 0.514499 -13.21092 1.011477 -13.39497 0.773396 -13.21092 1.011477 -13.21139 1.261205 -13.21139 1.261205 -13.21092 1.011477 -12.98061 1.47401 -13.21139 1.261205 -12.98061 1.47401 -12.94346 1.708275 -12.94346 1.708275 -12.98061 1.47401 -12.66922 1.886348 -12.94346 1.708275 -12.66922 1.886348 -12.59983 2.100164 -12.59983 2.100164 -12.66922 1.886348 -12.28738 2.234448 -12.59983 2.100164 -12.28738 2.234448 -12.1916 2.424214 -12.1916 2.424214 -12.28738 2.234448 -11.84807 2.506457 -12.1916 2.424214 -11.84807 2.506457 -11.73196 2.669957 -11.73196 2.669957 -11.84807 2.506457 -11.36626 2.693112 -11.73196 2.669957 -11.36626 2.693112 -11.23575 2.829456 -11.23575 2.829456 -11.36626 2.693112 -10.85835 2.788056 -11.23575 2.829456 -10.85835 2.788056 -10.71901 2.897557 -10.71901 2.897557 -10.85835 2.788056 -10.34165 2.788056 -10.71901 2.897557 -10.34165 2.788056 -10.19843 2.872062 -10.19843 2.872062 -10.34165 2.788056 -9.833744 2.693112 -10.19843 2.872062 -9.833744 2.693112 -9.690813 2.753793 -9.690813 2.753793 -9.833744 2.693112 -9.351932 2.506457 -9.690813 2.753793 -9.351932 2.506457 -9.212568 2.546572 -9.212568 2.546572 -9.351932 2.506457 -8.912624 2.234448 -9.212568 2.546572 -8.912624 2.234448 -8.779138 2.257091 -8.779138 2.257091 -8.912624 2.234448 -8.530776 1.886348 -8.779138 2.257091 -8.530776 1.886348 -8.404527 1.894703 -8.404527 1.894703 -8.530776 1.886348 -8.219392 1.47401 -8.404527 1.894703 -8.219392 1.47401 -8.100834 1.471111 -8.100834 1.471111 -8.219392 1.47401 -7.989078 1.011477 -8.100834 1.471111 -7.989078 1.011477 -7.877868 1 -7.877868 1 -7.989078 1.011477 -7.847675 0.514499 -7.877868 1 -7.847675 0.514499 -6.913213 1 -6.913213 1 -7.847675 0.514499 -6.81345 0.504417 -6.81345 0.504417 -7.847675 0.514499 -7.8 0 -6.81345 0.504417 -7.8 0 -6.78 0 -6.78 0 -7.8 0 -6.81345 -0.504417 -6.81345 -0.504417 -7.8 0 -7.847675 -0.514499 -6.81345 -0.504417 -7.847675 -0.514499 -6.913213 -1 0.141421 -7.363108 -0.141421 -7.377983 0.141421 -7.853982 0.141421 -7.853982 -0.141421 -7.377983 -0.141421 -7.853982 0.141421 7.853982 -0.141421 7.853982 -0.141421 7.377983 -0.141421 -7.377983 0.141421 -7.363108 -0.141421 -6.901984 -0.141421 -6.901984 0.141421 -7.363108 0.141421 -6.872234 -0.141421 -6.901984 0.141421 -6.872234 -0.141421 -6.425985 -0.141421 -6.425985 0.141421 -6.872234 0.141421 -6.38136 -0.141421 -6.425985 0.141421 -6.38136 -0.141421 -5.949986 -0.141421 -5.949986 0.141421 -6.38136 0.141421 -5.890486 -0.141421 -5.949986 0.141421 -5.890486 -0.141421 -5.473987 -0.141421 -5.473987 0.141421 -5.890486 0.141421 -5.399612 -0.141421 -5.473987 0.141421 -5.399612 -0.141421 -4.997988 -0.141421 -4.997988 0.141421 -5.399612 0.141421 -4.908739 -0.141421 -4.997988 0.141421 -4.908739 -0.141421 -4.521989 -0.141421 -4.521989 0.141421 -4.908739 0.141421 -4.417865 -0.141421 -4.521989 0.141421 -4.417865 -0.141421 -4.045991 -0.141421 -4.045991 0.141421 -4.417865 0.141421 -3.926991 -0.141421 -4.045991 0.141421 -3.926991 -0.141421 -3.569992 -0.141421 -3.569992 0.141421 -3.926991 0.141421 -3.436117 -0.141421 -3.569992 0.141421 -3.436117 -0.141421 -3.093993 -0.141421 -3.093993 0.141421 -3.436117 0.141421 -2.945243 -0.141421 -3.093993 0.141421 -2.945243 -0.141421 -2.617994 -0.141421 -2.617994 0.141421 -2.945243 0.141421 -2.454369 -0.141421 -2.617994 0.141421 -2.454369 -0.141421 -2.141995 -0.141421 -2.141995 0.141421 -2.454369 0.141421 -1.963495 -0.141421 -2.141995 0.141421 -1.963495 -0.141421 -1.665996 -0.141421 -1.665996 0.141421 -1.963495 0.141421 -1.472622 -0.141421 -1.665996 0.141421 -1.472622 -0.141421 -1.189997 -0.141421 -1.189997 0.141421 -1.472622 0.141421 -0.981748 -0.141421 -1.189997 0.141421 -0.981748 -0.141421 -0.713998 -0.141421 -0.713998 0.141421 -0.981748 0.141421 -0.490874 -0.141421 -0.713998 0.141421 -0.490874 -0.141421 -0.237999 -0.141421 -0.237999 0.141421 -0.490874 0.141421 0 -0.141421 -0.237999 0.141421 0 -0.141421 0.237999 -0.141421 0.237999 0.141421 0 0.141421 0.490874 -0.141421 0.237999 0.141421 0.490874 -0.141421 0.713998 -0.141421 0.713998 0.141421 0.490874 0.141421 0.981748 -0.141421 0.713998 0.141421 0.981748 -0.141421 1.189997 -0.141421 1.189997 0.141421 0.981748 0.141421 1.472622 -0.141421 1.189997 0.141421 1.472622 -0.141421 1.665996 -0.141421 1.665996 0.141421 1.472622 0.141421 1.963495 -0.141421 1.665996 0.141421 1.963495 -0.141421 2.141995 -0.141421 2.141995 0.141421 1.963495 0.141421 2.454369 -0.141421 2.141995 0.141421 2.454369 -0.141421 2.617994 -0.141421 2.617994 0.141421 2.454369 0.141421 2.945243 -0.141421 2.617994 0.141421 2.945243 -0.141421 3.093993 -0.141421 3.093993 0.141421 2.945243 0.141421 3.436117 -0.141421 3.093993 0.141421 3.436117 -0.141421 3.569992 -0.141421 3.569992 0.141421 3.436117 0.141421 3.926991 -0.141421 3.569992 0.141421 3.926991 -0.141421 4.045991 -0.141421 4.045991 0.141421 3.926991 0.141421 4.417865 -0.141421 4.045991 0.141421 4.417865 -0.141421 4.521989 -0.141421 4.521989 0.141421 4.417865 0.141421 4.908739 -0.141421 4.521989 0.141421 4.908739 -0.141421 4.997988 -0.141421 4.997988 0.141421 4.908739 0.141421 5.399612 -0.141421 4.997988 0.141421 5.399612 -0.141421 5.473987 -0.141421 5.473987 0.141421 5.399612 0.141421 5.890486 -0.141421 5.473987 0.141421 5.890486 -0.141421 5.949986 -0.141421 5.949986 0.141421 5.890486 0.141421 6.38136 -0.141421 5.949986 0.141421 6.38136 -0.141421 6.425985 -0.141421 6.425985 0.141421 6.38136 0.141421 6.872234 -0.141421 6.425985 0.141421 6.872234 -0.141421 6.901984 -0.141421 6.901984 0.141421 6.872234 0.141421 7.363108 -0.141421 6.901984 0.141421 7.363108 -0.141421 7.377983 -0.141421 7.377983 0.141421 7.363108 0.141421 7.853982 0 -7.673102 -0.5325 -7.673102 0 -8.168142 0 -8.168142 -0.5325 -7.673102 -0.5325 -8.168142 0 8.168142 -0.5325 8.168142 0 7.673102 0 7.673102 -0.5325 8.168142 -0.5325 7.673102 0 7.673102 -0.5325 7.673102 0 7.178063 0 7.178063 -0.5325 7.673102 -0.5325 7.178063 0 7.178063 -0.5325 7.178063 0 6.683024 0 6.683024 -0.5325 7.178063 -0.5325 6.683024 0 6.683024 -0.5325 6.683024 0 6.187986 0 6.187986 -0.5325 6.683024 -0.5325 6.187986 0 6.187986 -0.5325 6.187986 0 5.692947 0 5.692947 -0.5325 6.187986 -0.5325 5.692947 0 5.692947 -0.5325 5.692947 0 5.197908 0 5.197908 -0.5325 5.692947 -0.5325 5.197908 0 5.197908 -0.5325 5.197908 0 4.702869 0 4.702869 -0.5325 5.197908 -0.5325 4.702869 0 4.702869 -0.5325 4.702869 0 4.20783 0 4.20783 -0.5325 4.702869 -0.5325 4.20783 0 4.20783 -0.5325 4.20783 0 3.712791 0 3.712791 -0.5325 4.20783 -0.5325 3.712791 0 3.712791 -0.5325 3.712791 0 3.217752 0 3.217752 -0.5325 3.712791 -0.5325 3.217752 0 3.217752 -0.5325 3.217752 0 2.722714 0 2.722714 -0.5325 3.217752 -0.5325 2.722714 0 2.722714 -0.5325 2.722714 0 2.227675 0 2.227675 -0.5325 2.722714 -0.5325 2.227675 0 2.227675 -0.5325 2.227675 0 1.732636 0 1.732636 -0.5325 2.227675 -0.5325 1.732636 0 1.732636 -0.5325 1.732636 0 1.237597 0 1.237597 -0.5325 1.732636 -0.5325 1.237597 0 1.237597 -0.5325 1.237597 0 0.742558 0 0.742558 -0.5325 1.237597 -0.5325 0.742558 0 0.742558 -0.5325 0.742558 0 0.247519 0 0.247519 -0.5325 0.742558 -0.5325 0.247519 0 0.247519 -0.5325 0.247519 0 -0.247519 0 -0.247519 -0.5325 0.247519 -0.5325 -0.247519 0 -0.247519 -0.5325 -0.247519 0 -0.742558 0 -0.742558 -0.5325 -0.247519 -0.5325 -0.742558 0 -0.742558 -0.5325 -0.742558 0 -1.237597 0 -1.237597 -0.5325 -0.742558 -0.5325 -1.237597 0 -1.237597 -0.5325 -1.237597 0 -1.732636 0 -1.732636 -0.5325 -1.237597 -0.5325 -1.732636 0 -1.732636 -0.5325 -1.732636 0 -2.227675 0 -2.227675 -0.5325 -1.732636 -0.5325 -2.227675 0 -2.227675 -0.5325 -2.227675 0 -2.722714 0 -2.722714 -0.5325 -2.227675 -0.5325 -2.722714 0 -2.722714 -0.5325 -2.722714 0 -3.217752 0 -3.217752 -0.5325 -2.722714 -0.5325 -3.217752 0 -3.217752 -0.5325 -3.217752 0 -3.712791 0 -3.712791 -0.5325 -3.217752 -0.5325 -3.712791 0 -3.712791 -0.5325 -3.712791 0 -4.20783 0 -4.20783 -0.5325 -3.712791 -0.5325 -4.20783 0 -4.20783 -0.5325 -4.20783 0 -4.702869 0 -4.702869 -0.5325 -4.20783 -0.5325 -4.702869 0 -4.702869 -0.5325 -4.702869 0 -5.197908 0 -5.197908 -0.5325 -4.702869 -0.5325 -5.197908 0 -5.197908 -0.5325 -5.197908 0 -5.692947 0 -5.692947 -0.5325 -5.197908 -0.5325 -5.692947 0 -5.692947 -0.5325 -5.692947 0 -6.187986 0 -6.187986 -0.5325 -5.692947 -0.5325 -6.187986 0 -6.187986 -0.5325 -6.187986 0 -6.683024 0 -6.683024 -0.5325 -6.187986 -0.5325 -6.683024 0 -6.683024 -0.5325 -6.683024 0 -7.178063 0 -7.178063 -0.5325 -6.683024 -0.5325 -7.178063 0 -7.178063 -0.5325 -7.178063 0 -7.673102 0 -7.673102 -0.5325 -7.178063 -0.5325 -7.673102 -2.353885 -0.468217 2.353885 -0.468217 -2.4 0 -2.4 0 2.353885 -0.468217 2.4 0 -2.4 0 2.4 0 -2.353885 0.468217 -2.353885 0.468217 2.4 0 2.353885 0.468217 -2.353885 0.468217 2.353885 0.468217 -2.217311 0.91844 -2.217311 0.91844 2.353885 0.468217 2.217311 0.91844 -2.217311 0.91844 2.217311 0.91844 -1.995527 1.333369 -1.995527 1.333369 2.217311 0.91844 1.995527 1.333369 -1.995527 1.333369 1.995527 1.333369 -1.697056 1.697056 -1.697056 1.697056 1.995527 1.333369 1.697056 1.697056 -1.697056 1.697056 1.697056 1.697056 -1.333369 1.995527 -1.333369 1.995527 1.697056 1.697056 1.333369 1.995527 -1.333369 1.995527 1.333369 1.995527 -0.91844 2.217311 -0.91844 2.217311 1.333369 1.995527 0.91844 2.217311 -0.91844 2.217311 0.91844 2.217311 -0.468217 2.353885 -0.468217 2.353885 0.91844 2.217311 0.468217 2.353885 -0.468217 2.353885 0.468217 2.353885 0 2.4 2.353885 -0.468217 -2.353885 -0.468217 2.217311 -0.91844 2.217311 -0.91844 -2.353885 -0.468217 -2.217311 -0.91844 2.217311 -0.91844 -2.217311 -0.91844 1.995527 -1.333369 1.995527 -1.333369 -2.217311 -0.91844 -1.995527 -1.333369 1.995527 -1.333369 -1.995527 -1.333369 1.697056 -1.697056 1.697056 -1.697056 -1.995527 -1.333369 -1.697056 -1.697056 1.697056 -1.697056 -1.697056 -1.697056 1.333369 -1.995527 1.333369 -1.995527 -1.697056 -1.697056 -1.333369 -1.995527 1.333369 -1.995527 -1.333369 -1.995527 0.91844 -2.217311 0.91844 -2.217311 -1.333369 -1.995527 -0.91844 -2.217311 0.91844 -2.217311 -0.91844 -2.217311 0.468217 -2.353885 0.468217 -2.353885 -0.91844 -2.217311 -0.468217 -2.353885 0.468217 -2.353885 -0.468217 -2.353885 0 -2.4 0.282843 -11.47487 -0.282843 -11.50512 0.282843 -12.09513 0.282843 -12.09513 -0.282843 -11.50512 -0.282843 -12.09513 0.282843 12.09513 -0.282843 12.09513 -0.282843 11.50512 -0.282843 -11.50512 0.282843 -11.47487 -0.282843 -10.91512 -0.282843 -10.91512 0.282843 -11.47487 0.282843 -10.8546 -0.282843 -10.91512 0.282843 -10.8546 -0.282843 -10.32511 -0.282843 -10.32511 0.282843 -10.8546 0.282843 -10.23434 -0.282843 -10.32511 0.282843 -10.23434 -0.282843 -9.735107 -0.282843 -9.735107 0.282843 -10.23434 0.282843 -9.61408 -0.282843 -9.735107 0.282843 -9.61408 -0.282843 -9.1451 -0.282843 -9.1451 0.282843 -9.61408 0.282843 -8.993817 -0.282843 -9.1451 0.282843 -8.993817 -0.282843 -8.555093 -0.282843 -8.555093 0.282843 -8.993817 0.282843 -8.373554 -0.282843 -8.555093 0.282843 -8.373554 -0.282843 -7.965087 -0.282843 -7.965087 0.282843 -8.373554 0.282843 -7.75329 -0.282843 -7.965087 0.282843 -7.75329 -0.282843 -7.37508 -0.282843 -7.37508 0.282843 -7.75329 0.282843 -7.133026 -0.282843 -7.37508 0.282843 -7.133026 -0.282843 -6.785074 -0.282843 -6.785074 0.282843 -7.133026 0.282843 -6.512763 -0.282843 -6.785074 0.282843 -6.512763 -0.282843 -6.195067 -0.282843 -6.195067 0.282843 -6.512763 0.282843 -5.8925 -0.282843 -6.195067 0.282843 -5.8925 -0.282843 -5.605061 -0.282843 -5.605061 0.282843 -5.8925 0.282843 -5.272237 -0.282843 -5.605061 0.282843 -5.272237 -0.282843 -5.015055 -0.282843 -5.015055 0.282843 -5.272237 0.282843 -4.651974 -0.282843 -5.015055 0.282843 -4.651974 -0.282843 -4.425048 -0.282843 -4.425048 0.282843 -4.651974 0.282843 -4.031711 -0.282843 -4.425048 0.282843 -4.031711 -0.282843 -3.835042 -0.282843 -3.835042 0.282843 -4.031711 0.282843 -3.411447 -0.282843 -3.835042 0.282843 -3.411447 -0.282843 -3.245035 -0.282843 -3.245035 0.282843 -3.411447 0.282843 -2.791184 -0.282843 -3.245035 0.282843 -2.791184 -0.282843 -2.655029 -0.282843 -2.655029 0.282843 -2.791184 0.282843 -2.170921 -0.282843 -2.655029 0.282843 -2.170921 -0.282843 -2.065022 -0.282843 -2.065022 0.282843 -2.170921 0.282843 -1.550658 -0.282843 -2.065022 0.282843 -1.550658 -0.282843 -1.475016 -0.282843 -1.475016 0.282843 -1.550658 0.282843 -0.930395 -0.282843 -1.475016 0.282843 -0.930395 -0.282843 -0.88501 -0.282843 -0.88501 0.282843 -0.930395 0.282843 -0.310132 -0.282843 -0.88501 0.282843 -0.310132 -0.282843 -0.295003 -0.282843 -0.295003 0.282843 -0.310132 0.282843 0.310132 -0.282843 -0.295003 0.282843 0.310132 -0.282843 0.295003 -0.282843 0.295003 0.282843 0.310132 -0.282843 0.88501 -0.282843 0.88501 0.282843 0.310132 0.282843 0.930395 -0.282843 0.88501 0.282843 0.930395 -0.282843 1.475016 -0.282843 1.475016 0.282843 0.930395 0.282843 1.550658 -0.282843 1.475016 0.282843 1.550658 -0.282843 2.065022 -0.282843 2.065022 0.282843 1.550658 0.282843 2.170921 -0.282843 2.065022 0.282843 2.170921 -0.282843 2.655029 -0.282843 2.655029 0.282843 2.170921 0.282843 2.791184 -0.282843 2.655029 0.282843 2.791184 -0.282843 3.245035 -0.282843 3.245035 0.282843 2.791184 0.282843 3.411447 -0.282843 3.245035 0.282843 3.411447 -0.282843 3.835042 -0.282843 3.835042 0.282843 3.411447 0.282843 4.031711 -0.282843 3.835042 0.282843 4.031711 -0.282843 4.425048 -0.282843 4.425048 0.282843 4.031711 0.282843 4.651974 -0.282843 4.425048 0.282843 4.651974 -0.282843 5.015055 -0.282843 5.015055 0.282843 4.651974 0.282843 5.272237 -0.282843 5.015055 0.282843 5.272237 -0.282843 5.605061 -0.282843 5.605061 0.282843 5.272237 0.282843 5.8925 -0.282843 5.605061 0.282843 5.8925 -0.282843 6.195067 -0.282843 6.195067 0.282843 5.8925 0.282843 6.512763 -0.282843 6.195067 0.282843 6.512763 -0.282843 6.785074 -0.282843 6.785074 0.282843 6.512763 0.282843 7.133026 -0.282843 6.785074 0.282843 7.133026 -0.282843 7.37508 -0.282843 7.37508 0.282843 7.133026 0.282843 7.75329 -0.282843 7.37508 0.282843 7.75329 -0.282843 7.965087 -0.282843 7.965087 0.282843 7.75329 0.282843 8.373554 -0.282843 7.965087 0.282843 8.373554 -0.282843 8.555093 -0.282843 8.555093 0.282843 8.373554 0.282843 8.993817 -0.282843 8.555093 0.282843 8.993817 -0.282843 9.1451 -0.282843 9.1451 0.282843 8.993817 0.282843 9.61408 -0.282843 9.1451 0.282843 9.61408 -0.282843 9.735107 -0.282843 9.735107 0.282843 9.61408 0.282843 10.23434 -0.282843 9.735107 0.282843 10.23434 -0.282843 10.32511 -0.282843 10.32511 0.282843 10.23434 0.282843 10.8546 -0.282843 10.32511 0.282843 10.8546 -0.282843 10.91512 -0.282843 10.91512 0.282843 10.8546 0.282843 11.47487 -0.282843 10.91512 0.282843 11.47487 -0.282843 11.50512 -0.282843 11.50512 0.282843 11.47487 0.282843 12.09513 0.955885 -1.01 0.644116 -1.01 0.98 -1.1 0.98 -1.1 0.644116 -1.01 0.62 -1.1 0.98 -1.1 0.62 -1.1 0.955885 -1.19 0.955885 -1.19 0.62 -1.1 0.644116 -1.19 0.955885 -1.19 0.644116 -1.19 0.89 -1.255885 0.89 -1.255885 0.644116 -1.19 0.71 -1.255885 0.89 -1.255885 0.71 -1.255885 0.8 -1.28 0.644116 -1.01 0.955885 -1.01 0.71 -0.944115 0.71 -0.944115 0.955885 -1.01 0.89 -0.944115 0.71 -0.944115 0.89 -0.944115 0.8 -0.92 2.655885 1.19 2.344116 1.19 2.68 1.1 2.68 1.1 2.344116 1.19 2.32 1.1 2.68 1.1 2.32 1.1 2.655885 1.01 2.655885 1.01 2.32 1.1 2.344116 1.01 2.655885 1.01 2.344116 1.01 2.59 0.944115 2.59 0.944115 2.344116 1.01 2.41 0.944115 2.59 0.944115 2.41 0.944115 2.5 0.92 2.344116 1.19 2.655885 1.19 2.41 1.255885 2.41 1.255885 2.655885 1.19 2.59 1.255885 2.41 1.255885 2.59 1.255885 2.5 1.28 2.655885 -1.01 2.344116 -1.01 2.68 -1.1 2.68 -1.1 2.344116 -1.01 2.32 -1.1 2.68 -1.1 2.32 -1.1 2.655885 -1.19 2.655885 -1.19 2.32 -1.1 2.344116 -1.19 2.655885 -1.19 2.344116 -1.19 2.59 -1.255885 2.59 -1.255885 2.344116 -1.19 2.41 -1.255885 2.59 -1.255885 2.41 -1.255885 2.5 -1.28 2.344116 -1.01 2.655885 -1.01 2.41 -0.944115 2.41 -0.944115 2.655885 -1.01 2.59 -0.944115 2.41 -0.944115 2.59 -0.944115 2.5 -0.92 0.955885 1.19 0.644116 1.19 0.98 1.1 0.98 1.1 0.644116 1.19 0.62 1.1 0.98 1.1 0.62 1.1 0.955885 1.01 0.955885 1.01 0.62 1.1 0.644116 1.01 0.955885 1.01 0.644116 1.01 0.89 0.944115 0.89 0.944115 0.644116 1.01 0.71 0.944115 0.89 0.944115 0.71 0.944115 0.8 0.92 0.644116 1.19 0.955885 1.19 0.71 1.255885 0.71 1.255885 0.955885 1.19 0.89 1.255885 0.71 1.255885 0.89 1.255885 0.8 1.28 0.6 -0.471239 0 -0.471239 0.6 -0.565487 0.6 -0.565487 0 -0.471239 0 -0.565487 0.6 0.565487 0 0.565487 0.6 0.471239 0.6 0.471239 0 0.565487 0 0.471239 0.6 0.471239 0 0.471239 0.6 0.376991 0.6 0.376991 0 0.471239 0 0.376991 0.6 0.376991 0 0.376991 0.6 0.282743 0.6 0.282743 0 0.376991 0 0.282743 0.6 0.282743 0 0.282743 0.6 0.1884959 0.6 0.1884959 0 0.282743 0 0.1884959 0.6 0.1884959 0 0.1884959 0.6 0.09424799 0.6 0.09424799 0 0.1884959 0 0.09424799 0.6 0.09424799 0 0.09424799 0.6 0 0.6 0 0 0.09424799 0 0 0.6 0 0 0 0.6 -0.09424799 0.6 -0.09424799 0 0 0 -0.09424799 0.6 -0.09424799 0 -0.09424799 0.6 -0.1884959 0.6 -0.1884959 0 -0.09424799 0 -0.1884959 0.6 -0.1884959 0 -0.1884959 0.6 -0.282743 0.6 -0.282743 0 -0.1884959 0 -0.282743 0.6 -0.282743 0 -0.282743 0.6 -0.376991 0.6 -0.376991 0 -0.282743 0 -0.376991 0.6 -0.376991 0 -0.376991 0.6 -0.471239 0.6 -0.471239 0 -0.376991 0 -0.471239 0.6 -0.471239 0 -0.471239 0.6 -0.565487 0.6 -0.565487 0 -0.471239 0 -0.565487 0.6 0.565487 0 0.565487 0.6 0.471239 0.6 0.471239 0 0.565487 0 0.471239 0.6 0.471239 0 0.471239 0.6 0.376991 0.6 0.376991 0 0.471239 0 0.376991 0.6 0.376991 0 0.376991 0.6 0.282743 0.6 0.282743 0 0.376991 0 0.282743 0.6 0.282743 0 0.282743 0.6 0.1884959 0.6 0.1884959 0 0.282743 0 0.1884959 0.6 0.1884959 0 0.1884959 0.6 0.09424799 0.6 0.09424799 0 0.1884959 0 0.09424799 0.6 0.09424799 0 0.09424799 0.6 0 0.6 0 0 0.09424799 0 0 0.6 0 0 0 0.6 -0.09424799 0.6 -0.09424799 0 0 0 -0.09424799 0.6 -0.09424799 0 -0.09424799 0.6 -0.1884959 0.6 -0.1884959 0 -0.09424799 0 -0.1884959 0.6 -0.1884959 0 -0.1884959 0.6 -0.282743 0.6 -0.282743 0 -0.1884959 0 -0.282743 0.6 -0.282743 0 -0.282743 0.6 -0.376991 0.6 -0.376991 0 -0.282743 0 -0.376991 0.6 -0.376991 0 -0.376991 0.6 -0.471239 0.6 -0.471239 0 -0.376991 0 -0.471239 0.6 -0.471239 0 -0.471239 0.6 -0.565487 0.6 -0.565487 0 -0.471239 0 -0.565487 0.6 0.565487 0 0.565487 0.6 0.471239 0.6 0.471239 0 0.565487 0 0.471239 0.6 0.471239 0 0.471239 0.6 0.376991 0.6 0.376991 0 0.471239 0 0.376991 0.6 0.376991 0 0.376991 0.6 0.282743 0.6 0.282743 0 0.376991 0 0.282743 0.6 0.282743 0 0.282743 0.6 0.1884959 0.6 0.1884959 0 0.282743 0 0.1884959 0.6 0.1884959 0 0.1884959 0.6 0.09424799 0.6 0.09424799 0 0.1884959 0 0.09424799 0.6 0.09424799 0 0.09424799 0.6 0 0.6 0 0 0.09424799 0 0 0.6 0 0 0 0.6 -0.09424799 0.6 -0.09424799 0 0 0 -0.09424799 0.6 -0.09424799 0 -0.09424799 0.6 -0.1884959 0.6 -0.1884959 0 -0.09424799 0 -0.1884959 0.6 -0.1884959 0 -0.1884959 0.6 -0.282743 0.6 -0.282743 0 -0.1884959 0 -0.282743 0.6 -0.282743 0 -0.282743 0.6 -0.376991 0.6 -0.376991 0 -0.282743 0 -0.376991 0.6 -0.376991 0 -0.376991 0.6 -0.471239 0.6 -0.471239 0 -0.376991 0 -0.471239 0.6 -0.471239 0 -0.471239 0.6 -0.565487 0.6 -0.565487 0 -0.471239 0 -0.565487 0.6 0.565487 0 0.565487 0.6 0.471239 0.6 0.471239 0 0.565487 0 0.471239 0.6 0.471239 0 0.471239 0.6 0.376991 0.6 0.376991 0 0.471239 0 0.376991 0.6 0.376991 0 0.376991 0.6 0.282743 0.6 0.282743 0 0.376991 0 0.282743 0.6 0.282743 0 0.282743 0.6 0.1884959 0.6 0.1884959 0 0.282743 0 0.1884959 0.6 0.1884959 0 0.1884959 0.6 0.09424799 0.6 0.09424799 0 0.1884959 0 0.09424799 0.6 0.09424799 0 0.09424799 0.6 0 0.6 0 0 0.09424799 0 0 0.6 0 0 0 0.6 -0.09424799 0.6 -0.09424799 0 0 0 -0.09424799 0.6 -0.09424799 0 -0.09424799 0.6 -0.1884959 0.6 -0.1884959 0 -0.09424799 0 -0.1884959 0.6 -0.1884959 0 -0.1884959 0.6 -0.282743 0.6 -0.282743 0 -0.1884959 0 -0.282743 0.6 -0.282743 0 -0.282743 0.6 -0.376991 0.6 -0.376991 0 -0.282743 0 -0.376991 0.6 -0.376991 0 -0.376991 0.6 -0.471239 0.6 -0.471239 0 -0.376991 0 -0.471239 -0.303109 -0.175 -0.155885 -0.08999997 -0.35 0 -0.35 0 -0.155885 -0.08999997 -0.18 0 -0.35 0 -0.18 0 -0.155885 0.08999997 -0.155885 -0.08999997 -0.303109 -0.175 -0.08999997 -0.155885 -0.08999997 -0.155885 -0.303109 -0.175 -0.175 -0.303109 -0.08999997 -0.155885 -0.175 -0.303109 0 -0.18 0 -0.18 -0.175 -0.303109 0 -0.35 0 -0.18 0 -0.35 0.175 -0.303109 0 -0.18 0.175 -0.303109 0.08999997 -0.155885 0.08999997 -0.155885 0.175 -0.303109 0.303109 -0.175 0.08999997 -0.155885 0.303109 -0.175 0.155885 -0.08999997 0.155885 -0.08999997 0.303109 -0.175 0.18 0 0.18 0 0.303109 -0.175 0.35 0 0.18 0 0.35 0 0.155885 0.08999997 0.155885 0.08999997 0.35 0 0.303109 0.175 0.155885 0.08999997 0.303109 0.175 0.08999997 0.155885 0.08999997 0.155885 0.303109 0.175 0.175 0.303109 0.08999997 0.155885 0.175 0.303109 0 0.18 0 0.18 0.175 0.303109 0 0.35 0 0.18 0 0.35 -0.175 0.303109 0 0.18 -0.175 0.303109 -0.08999997 0.155885 -0.08999997 0.155885 -0.175 0.303109 -0.303109 0.175 -0.08999997 0.155885 -0.303109 0.175 -0.155885 0.08999997 -0.155885 0.08999997 -0.303109 0.175 -0.35 0 -0.303109 -0.175 -0.155885 -0.08999997 -0.35 0 -0.35 0 -0.155885 -0.08999997 -0.18 0 -0.35 0 -0.18 0 -0.155885 0.08999997 -0.155885 -0.08999997 -0.303109 -0.175 -0.08999997 -0.155885 -0.08999997 -0.155885 -0.303109 -0.175 -0.175 -0.303109 -0.08999997 -0.155885 -0.175 -0.303109 0 -0.18 0 -0.18 -0.175 -0.303109 0 -0.35 0 -0.18 0 -0.35 0.175 -0.303109 0 -0.18 0.175 -0.303109 0.08999997 -0.155885 0.08999997 -0.155885 0.175 -0.303109 0.303109 -0.175 0.08999997 -0.155885 0.303109 -0.175 0.155885 -0.08999997 0.155885 -0.08999997 0.303109 -0.175 0.18 0 0.18 0 0.303109 -0.175 0.35 0 0.18 0 0.35 0 0.155885 0.08999997 0.155885 0.08999997 0.35 0 0.303109 0.175 0.155885 0.08999997 0.303109 0.175 0.08999997 0.155885 0.08999997 0.155885 0.303109 0.175 0.175 0.303109 0.08999997 0.155885 0.175 0.303109 0 0.18 0 0.18 0.175 0.303109 0 0.35 0 0.18 0 0.35 -0.175 0.303109 0 0.18 -0.175 0.303109 -0.08999997 0.155885 -0.08999997 0.155885 -0.175 0.303109 -0.303109 0.175 -0.08999997 0.155885 -0.303109 0.175 -0.155885 0.08999997 -0.155885 0.08999997 -0.303109 0.175 -0.35 0 -0.303109 -0.175 -0.155885 -0.08999997 -0.35 0 -0.35 0 -0.155885 -0.08999997 -0.18 0 -0.35 0 -0.18 0 -0.155885 0.08999997 -0.155885 -0.08999997 -0.303109 -0.175 -0.08999997 -0.155885 -0.08999997 -0.155885 -0.303109 -0.175 -0.175 -0.303109 -0.08999997 -0.155885 -0.175 -0.303109 0 -0.18 0 -0.18 -0.175 -0.303109 0 -0.35 0 -0.18 0 -0.35 0.175 -0.303109 0 -0.18 0.175 -0.303109 0.08999997 -0.155885 0.08999997 -0.155885 0.175 -0.303109 0.303109 -0.175 0.08999997 -0.155885 0.303109 -0.175 0.155885 -0.08999997 0.155885 -0.08999997 0.303109 -0.175 0.18 0 0.18 0 0.303109 -0.175 0.35 0 0.18 0 0.35 0 0.155885 0.08999997 0.155885 0.08999997 0.35 0 0.303109 0.175 0.155885 0.08999997 0.303109 0.175 0.08999997 0.155885 0.08999997 0.155885 0.303109 0.175 0.175 0.303109 0.08999997 0.155885 0.175 0.303109 0 0.18 0 0.18 0.175 0.303109 0 0.35 0 0.18 0 0.35 -0.175 0.303109 0 0.18 -0.175 0.303109 -0.08999997 0.155885 -0.08999997 0.155885 -0.175 0.303109 -0.303109 0.175 -0.08999997 0.155885 -0.303109 0.175 -0.155885 0.08999997 -0.155885 0.08999997 -0.303109 0.175 -0.35 0 -0.303109 -0.175 -0.155885 -0.08999997 -0.35 0 -0.35 0 -0.155885 -0.08999997 -0.18 0 -0.35 0 -0.18 0 -0.155885 0.08999997 -0.155885 -0.08999997 -0.303109 -0.175 -0.08999997 -0.155885 -0.08999997 -0.155885 -0.303109 -0.175 -0.175 -0.303109 -0.08999997 -0.155885 -0.175 -0.303109 0 -0.18 0 -0.18 -0.175 -0.303109 0 -0.35 0 -0.18 0 -0.35 0.175 -0.303109 0 -0.18 0.175 -0.303109 0.08999997 -0.155885 0.08999997 -0.155885 0.175 -0.303109 0.303109 -0.175 0.08999997 -0.155885 0.303109 -0.175 0.155885 -0.08999997 0.155885 -0.08999997 0.303109 -0.175 0.18 0 0.18 0 0.303109 -0.175 0.35 0 0.18 0 0.35 0 0.155885 0.08999997 0.155885 0.08999997 0.35 0 0.303109 0.175 0.155885 0.08999997 0.303109 0.175 0.08999997 0.155885 0.08999997 0.155885 0.303109 0.175 0.175 0.303109 0.08999997 0.155885 0.175 0.303109 0 0.18 0 0.18 0.175 0.303109 0 0.35 0 0.18 0 0.35 -0.175 0.303109 0 0.18 -0.175 0.303109 -0.08999997 0.155885 -0.08999997 0.155885 -0.175 0.303109 -0.303109 0.175 -0.08999997 0.155885 -0.303109 0.175 -0.155885 0.08999997 -0.155885 0.08999997 -0.303109 0.175 -0.35 0 0.008931994 0.757941 0.350388 0.146867 0.1825799 0.773133 0.1825799 0.773133 0.350388 0.146867 1.506386 0.529091 0.1825799 0.773133 1.506386 0.529091 1.440995 0.773133 0.008931994 0.757941 -0.15944 0.712826 0.350388 0.146867 0.350388 0.146867 -0.15944 0.712826 -0.31742 0.639158 0.350388 0.146867 -0.31742 0.639158 0.184716 0.1330479 0.184716 0.1330479 -0.31742 0.639158 -0.509339 0.528354 0.184716 0.1330479 -0.509339 0.528354 0.023624 0.091973 0.023624 0.091973 -0.509339 0.528354 -0.584076 0.497756 0.023624 0.091973 -0.584076 0.497756 -0.128437 0.02477699 -0.128437 0.02477699 -0.584076 0.497756 -0.664266 0.488202 -0.128437 0.02477699 -0.664266 0.488202 -0.203285 -0.03302299 -0.203285 -0.03302299 -0.664266 0.488202 -1.411341 0.311191 -0.203285 -0.03302299 -1.411341 0.311191 -1.53685 0.103789 -0.664266 0.488202 -0.744099 0.500384 -1.411341 0.311191 -1.411341 0.311191 -0.744099 0.500384 -1.218565 0.45818 -1.218565 0.45818 -0.744099 0.500384 -0.985338 0.524311 -0.203285 -0.03302299 -1.53685 0.103789 -0.256421 -0.111252 -0.256421 -0.111252 -1.53685 0.103789 -1.577635 -0.135177 -0.256421 -0.111252 -1.577635 -0.135177 -0.282566 -0.202134 -0.282566 -0.202134 -1.577635 -0.135177 -1.528023 -0.372468 -0.282566 -0.202134 -1.528023 -0.372468 -0.356384 -0.433043 -0.356384 -0.433043 -1.528023 -0.372468 -1.394915 -0.575078 -0.356384 -0.433043 -1.394915 -0.575078 -0.509677 -0.620845 -0.509677 -0.620845 -1.394915 -0.575078 -1.196825 -0.714823 -0.509677 -0.620845 -1.196825 -0.714823 -0.721122 -0.739417 -0.721122 -0.739417 -1.196825 -0.714823 -0.961308 -0.772266 1.577747 0.146867 1.560533 0.275444 0.350388 0.146867 0.350388 0.146867 1.560533 0.275444 1.536725 0.402965 0.350388 0.146867 1.536725 0.402965 1.506386 0.529091 -0.2 0.18326 -0.6 0.18326 -0.2 0 -0.2 0 -0.6 0.18326 -0.6 0 -0.2 0 -0.6 0 -0.2 -0.18326 -0.2 -0.18326 -0.6 0 -0.6 -0.18326 -0.2 -0.18326 -0.6 -0.18326 -0.2 -0.366519 -0.2 -0.366519 -0.6 -0.18326 -0.6 -0.366519 -0.2 -0.366519 -0.6 -0.366519 -0.2 -0.549779 -0.2 -0.549779 -0.6 -0.366519 -0.6 -0.549779 -0.2 -0.549779 -0.6 -0.549779 -0.2 -0.733038 -0.2 -0.733038 -0.6 -0.549779 -0.6 -0.733038 -0.2 -0.733038 -0.6 -0.733038 -0.2 -0.916298 -0.2 -0.916298 -0.6 -0.733038 -0.6 -0.916298 -0.2 -0.916298 -0.6 -0.916298 -0.2 -1.099557 -0.2 -1.099557 -0.6 -0.916298 -0.6 -1.099557 -0.2 1.099557 -0.6 1.099557 -0.2 0.916298 -0.2 0.916298 -0.6 1.099557 -0.6 0.916298 -0.2 0.916298 -0.6 0.916298 -0.2 0.733038 -0.2 0.733038 -0.6 0.916298 -0.6 0.733038 -0.2 0.733038 -0.6 0.733038 -0.2 0.549779 -0.2 0.549779 -0.6 0.733038 -0.6 0.549779 -0.2 0.549779 -0.6 0.549779 -0.2 0.366519 -0.2 0.366519 -0.6 0.549779 -0.6 0.366519 -0.2 0.366519 -0.6 0.366519 -0.2 0.18326 -0.2 0.18326 -0.6 0.366519 -0.6 0.18326 -0.2 0.18326 -0.6 0.18326 -0.2 0 -0.2 0 -0.6 0.18326 -0.6 0 -0.2 0 -0.6 0 -0.2 -0.18326 -0.2 -0.18326 -0.6 0 -0.6 -0.18326 -0.2 -0.18326 -0.6 -0.18326 -0.2 -0.366519 -0.2 -0.366519 -0.6 -0.18326 -0.6 -0.366519 -0.2 -0.366519 -0.6 -0.366519 -0.2 -0.549779 -0.2 -0.549779 -0.6 -0.366519 -0.6 -0.549779 -0.2 -0.549779 -0.6 -0.549779 -0.2 -0.733038 -0.2 -0.733038 -0.6 -0.549779 -0.6 -0.733038 -0.2 -0.733038 -0.6 -0.733038 -0.2 -0.916298 -0.2 -0.916298 -0.6 -0.733038 -0.6 -0.916298 -0.2 -0.916298 -0.6 -0.916298 -0.2 -1.099557 -0.2 -1.099557 -0.6 -0.916298 -0.6 -1.099557 -0.2 1.099557 -0.6 1.099557 -0.2 0.916298 -0.2 0.916298 -0.6 1.099557 -0.6 0.916298 -0.2 0.916298 -0.6 0.916298 -0.2 0.733038 -0.2 0.733038 -0.6 0.916298 -0.6 0.733038 -0.2 0.733038 -0.6 0.733038 -0.2 0.549779 -0.2 0.549779 -0.6 0.733038 -0.6 0.549779 -0.2 0.549779 -0.6 0.549779 -0.2 0.366519 -0.2 0.366519 -0.6 0.549779 -0.6 0.366519 -0.2 0.366519 -0.6 0.366519 -0.2 0.18326 -0.2 0.18326 -0.6 0.366519 -0.6 0.18326 -0.2 0.18326 -0.6 0.18326 -0.2 0 -0.2 0 -0.6 0.18326 -0.6 0 -0.2 0 -0.6 0 -0.2 -0.18326 -0.2 -0.18326 -0.6 0 -0.6 -0.18326 -0.2 -0.18326 -0.6 -0.18326 -0.2 -0.366519 -0.2 -0.366519 -0.6 -0.18326 -0.6 -0.366519 -0.2 -0.366519 -0.6 -0.366519 -0.2 -0.549779 -0.2 -0.549779 -0.6 -0.366519 -0.6 -0.549779 -0.2 -0.549779 -0.6 -0.549779 -0.2 -0.733038 -0.2 -0.733038 -0.6 -0.549779 -0.6 -0.733038 -0.2 -0.733038 -0.6 -0.733038 -0.2 -0.916298 -0.2 -0.916298 -0.6 -0.733038 -0.6 -0.916298 -0.2 -0.916298 -0.6 -0.916298 -0.2 -1.099557 -0.2 -1.099557 -0.6 -0.916298 -0.6 -1.099557 -0.2 1.099557 -0.6 1.099557 -0.2 0.916298 -0.2 0.916298 -0.6 1.099557 -0.6 0.916298 -0.2 0.916298 -0.6 0.916298 -0.2 0.733038 -0.2 0.733038 -0.6 0.916298 -0.6 0.733038 -0.2 0.733038 -0.6 0.733038 -0.2 0.549779 -0.2 0.549779 -0.6 0.733038 -0.6 0.549779 -0.2 0.549779 -0.6 0.549779 -0.2 0.366519 -0.2 0.366519 -0.6 0.549779 -0.6 0.366519 -0.2 0.366519 -0.6 0.366519 -0.2 0.18326 -0.2 0.18326 -0.6 0.366519 -0.6 0.18326 -0.2 0.18326 -0.6 0.18326 -0.2 0 -0.2 0 -0.6 0.18326 -0.6 0 -0.2 0 -0.6 0 -0.2 -0.18326 -0.2 -0.18326 -0.6 0 -0.6 -0.18326 -0.2 -0.18326 -0.6 -0.18326 -0.2 -0.366519 -0.2 -0.366519 -0.6 -0.18326 -0.6 -0.366519 -0.2 -0.366519 -0.6 -0.366519 -0.2 -0.549779 -0.2 -0.549779 -0.6 -0.366519 -0.6 -0.549779 -0.2 -0.549779 -0.6 -0.549779 -0.2 -0.733038 -0.2 -0.733038 -0.6 -0.549779 -0.6 -0.733038 -0.2 -0.733038 -0.6 -0.733038 -0.2 -0.916298 -0.2 -0.916298 -0.6 -0.733038 -0.6 -0.916298 -0.2 -0.916298 -0.6 -0.916298 -0.2 -1.099557 -0.2 -1.099557 -0.6 -0.916298 -0.6 -1.099557 -0.2 1.099557 -0.6 1.099557 -0.2 0.916298 -0.2 0.916298 -0.6 1.099557 -0.6 0.916298 -0.2 0.916298 -0.6 0.916298 -0.2 0.733038 -0.2 0.733038 -0.6 0.916298 -0.6 0.733038 -0.2 0.733038 -0.6 0.733038 -0.2 0.549779 -0.2 0.549779 -0.6 0.733038 -0.6 0.549779 -0.2 0.549779 -0.6 0.549779 -0.2 0.366519 -0.2 0.366519 -0.6 0.549779 -0.6 0.366519 -0.2 0.366519 -0.6 0.366519 -0.2 0.18326 -0.2 0.18326 -0.6 0.366519 -0.6 0.18326 -2.3325 -1.570796 -0.2825 -1.570796 -2.3325 -1.374447 -2.3325 -1.374447 -0.2825 -1.570796 -0.2825 -1.374447 -2.3325 -1.374447 -0.2825 -1.374447 -2.3325 -1.178097 -2.3325 -1.178097 -0.2825 -1.374447 -0.2825 -1.178097 -2.3325 -1.178097 -0.2825 -1.178097 -2.3325 -0.981748 -2.3325 -0.981748 -0.2825 -1.178097 -0.2825 -0.981748 -2.3325 -0.981748 -0.2825 -0.981748 -2.3325 -0.785398 -2.3325 -0.785398 -0.2825 -0.981748 -0.2825 -0.785398 -2.3325 -0.785398 -0.2825 -0.785398 -2.3325 -0.589049 -2.3325 -0.589049 -0.2825 -0.785398 -0.2825 -0.589049 -2.3325 -0.589049 -0.2825 -0.589049 -2.3325 -0.392699 -2.3325 -0.392699 -0.2825 -0.589049 -0.2825 -0.392699 -2.3325 -0.392699 -0.2825 -0.392699 -2.3325 -0.19635 -2.3325 -0.19635 -0.2825 -0.392699 -0.2825 -0.19635 -2.3325 -0.19635 -0.2825 -0.19635 -2.3325 0 -2.3325 0 -0.2825 -0.19635 -0.2825 0 0 0.2825 0.1376349 0.2825 0 2.3325 0 2.3325 0.1376349 0.2825 0.1376349 2.3325 0.472144 2.05 0.354108 2.05 0.472144 0 0.472144 0 0.354108 2.05 0.354108 0 0.354108 0 0.354108 2.05 0.236072 2.05 0.354108 0 0.236072 2.05 0.236072 0 0.236072 0 0.236072 2.05 0.118036 2.05 0.236072 0 0.118036 2.05 0.118036 0 0.118036 0 0.118036 2.05 0 2.05 0.118036 0 0 2.05 0 0 10.20221 0.6 10.93939 0.6 10.20221 2.65 10.20221 2.65 10.93939 0.6 10.93939 2.65 10.93939 2.65 10.93939 0.6 13.12081 0.6 10.93939 2.65 13.12081 0.6 13.12081 2.65 13.12081 2.65 13.12081 0.6 13.84062 0.6 13.12081 2.65 13.84062 0.6 13.84062 2.65 13.84062 2.65 13.84062 0.6 15.43285 0.6 13.84062 2.65 15.43285 0.6 15.43285 2.65 15.43285 2.65 15.43285 0.6 17.57337 0.6 15.43285 2.65 17.57337 0.6 17.57337 2.65 0 0.2825 0.126587 0.2825 0 2.3325 0 2.3325 0.126587 0.2825 0.126587 2.3325 0.126587 2.3325 0.126587 0.2825 0.253174 0.2825 0.126587 2.3325 0.253174 0.2825 0.253174 2.3325 0.253174 2.3325 0.253174 0.2825 0.379761 0.2825 0.253174 2.3325 0.379761 0.2825 0.379761 2.3325 0.379761 2.3325 0.379761 0.2825 0.506348 0.2825 0.379761 2.3325 0.506348 0.2825 0.506348 2.3325 0.548463 0.2825 0.6 0.2825 0.548463 2.3325 0.548463 2.3325 0.6 0.2825 0.6 2.3325 -2.3325 -1.570796 -0.2825 -1.570796 -2.3325 -1.374447 -2.3325 -1.374447 -0.2825 -1.570796 -0.2825 -1.374447 -2.3325 -1.374447 -0.2825 -1.374447 -2.3325 -1.178097 -2.3325 -1.178097 -0.2825 -1.374447 -0.2825 -1.178097 -2.3325 -1.178097 -0.2825 -1.178097 -2.3325 -0.981748 -2.3325 -0.981748 -0.2825 -1.178097 -0.2825 -0.981748 -2.3325 -0.981748 -0.2825 -0.981748 -2.3325 -0.785398 -2.3325 -0.785398 -0.2825 -0.981748 -0.2825 -0.785398 -2.3325 -0.785398 -0.2825 -0.785398 -2.3325 -0.589049 -2.3325 -0.589049 -0.2825 -0.785398 -0.2825 -0.589049 -2.3325 -0.589049 -0.2825 -0.589049 -2.3325 -0.392699 -2.3325 -0.392699 -0.2825 -0.589049 -0.2825 -0.392699 -2.3325 -0.392699 -0.2825 -0.392699 -2.3325 -0.19635 -2.3325 -0.19635 -0.2825 -0.392699 -0.2825 -0.19635 -2.3325 -0.19635 -0.2825 -0.19635 -2.3325 0 -2.3325 0 -0.2825 -0.19635 -0.2825 0 0 0.2825 0.263668 0.2825 0 2.3325 0 2.3325 0.263668 0.2825 0.263668 2.3325 0.426313 2.05 0.319735 2.05 0.426313 0 0.426313 0 0.319735 2.05 0.319735 0 0.319735 0 0.319735 2.05 0.213156 2.05 0.319735 0 0.213156 2.05 0.213156 0 0.213156 0 0.213156 2.05 0.106578 2.05 0.213156 0 0.106578 2.05 0.106578 0 0.106578 0 0.106578 2.05 0 2.05 0.106578 0 0 2.05 0 0 16.45458 2.65 16.45458 0.6 16.72445 2.65 16.72445 2.65 16.45458 0.6 16.99832 0.6 16.72445 2.65 16.99832 0.6 16.99832 2.65 16.99832 2.65 16.99832 0.6 17.77705 2.65 17.77705 2.65 16.99832 0.6 17.79881 0.6 17.77705 2.65 17.79881 0.6 18.59935 2.65 18.59935 2.65 17.79881 0.6 18.59935 0.6 0 0.2525 0.151746 0.2525 0 2.3025 0 2.3025 0.151746 0.2525 0.173423 2.3025 0.173423 2.3025 0.151746 0.2525 0.303492 0.2525 0.173423 2.3025 0.303492 0.2525 0.346848 2.3025 0.346848 2.3025 0.303492 0.2525 0.455238 0.2525 0.346848 2.3025 0.455238 0.2525 0.520273 2.3025 0.520273 2.3025 0.455238 0.2525 0.606984 0.2525 0.520273 2.3025 0.606984 0.2525 0.693696 2.3025 0.693696 2.3025 0.606984 0.2525 0.75873 0.2525 0.693696 2.3025 0.75873 0.2525 0.867121 2.3025 0.867121 2.3025 0.75873 0.2525 0.910477 0.2525 0.867121 2.3025 0.910477 0.2525 1.04055 2.3025 1.04055 2.3025 0.910477 0.2525 1.062223 0.2525 1.04055 2.3025 1.062223 0.2525 1.213969 2.3025 1.213969 2.3025 1.062223 0.2525 1.213969 0.2525 1.213969 2.05 1.062223 2.05 1.213969 0 1.213969 0 1.062223 2.05 1.062223 0 1.062223 0 1.062223 2.05 0.910477 2.05 1.062223 0 0.910477 2.05 0.910477 0 0.910477 0 0.910477 2.05 0.75873 2.05 0.910477 0 0.75873 2.05 0.75873 0 0.75873 0 0.75873 2.05 0.606984 2.05 0.75873 0 0.606984 2.05 0.606984 0 0.606984 0 0.606984 2.05 0.455238 2.05 0.606984 0 0.455238 2.05 0.455238 0 0.455238 0 0.455238 2.05 0.303492 2.05 0.455238 0 0.303492 2.05 0.303492 0 0.303492 0 0.303492 2.05 0.151746 2.05 0.303492 0 0.151746 2.05 0.151746 0 0.151746 0 0.151746 2.05 0 2.05 0.151746 0 0 2.05 0 0 -18.59624 0.6 -17.79586 0.6 -18.59624 2.65 -18.59624 2.65 -17.79586 0.6 -17.77407 2.65 -17.77407 2.65 -17.79586 0.6 -16.99547 0.6 -17.77407 2.65 -16.99547 0.6 -16.99547 2.65 -16.99547 2.65 -16.99547 0.6 -16.72365 0.6 -16.99547 2.65 -16.72365 0.6 -16.72165 2.65 -16.72165 2.65 -16.72365 0.6 -16.45183 0.6 -16.72165 2.65 -16.45183 0.6 -16.45183 2.65 0 0.2825 0.106578 0.2825 0 2.3325 0 2.3325 0.106578 0.2825 0.106578 2.3325 0.106578 2.3325 0.106578 0.2825 0.213156 0.2825 0.106578 2.3325 0.213156 0.2825 0.213156 2.3325 0.213156 2.3325 0.213156 0.2825 0.319735 0.2825 0.213156 2.3325 0.319735 0.2825 0.319735 2.3325 0.319735 2.3325 0.319735 0.2825 0.426313 0.2825 0.319735 2.3325 0.426313 0.2825 0.426313 2.3325 -0.263668 0.2825 0 0.2825 -0.263668 2.3325 -0.263668 2.3325 0 0.2825 0 2.3325 2.3325 0 0.2825 0 2.3325 -0.19635 2.3325 -0.19635 0.2825 0 0.2825 -0.19635 2.3325 -0.19635 0.2825 -0.19635 2.3325 -0.392699 2.3325 -0.392699 0.2825 -0.19635 0.2825 -0.392699 2.3325 -0.392699 0.2825 -0.392699 2.3325 -0.589049 2.3325 -0.589049 0.2825 -0.392699 0.2825 -0.589049 2.3325 -0.589049 0.2825 -0.589049 2.3325 -0.785398 2.3325 -0.785398 0.2825 -0.589049 0.2825 -0.785398 2.3325 -0.785398 0.2825 -0.785398 2.3325 -0.981748 2.3325 -0.981748 0.2825 -0.785398 0.2825 -0.981748 2.3325 -0.981748 0.2825 -0.981748 2.3325 -1.178097 2.3325 -1.178097 0.2825 -0.981748 0.2825 -1.178097 2.3325 -1.178097 0.2825 -1.178097 2.3325 -1.374447 2.3325 -1.374447 0.2825 -1.178097 0.2825 -1.374447 2.3325 -1.374447 0.2825 -1.374447 2.3325 -1.570796 2.3325 -1.570796 0.2825 -1.374447 0.2825 -1.570796 -0.6 0.2825 -0.548463 0.2825 -0.6 2.3325 -0.6 2.3325 -0.548463 0.2825 -0.548463 2.3325 0.506348 2.05 0.379761 2.05 0.506348 0 0.506348 0 0.379761 2.05 0.379761 0 0.379761 0 0.379761 2.05 0.253174 2.05 0.379761 0 0.253174 2.05 0.253174 0 0.253174 0 0.253174 2.05 0.126587 2.05 0.253174 0 0.126587 2.05 0.126587 0 0.126587 0 0.126587 2.05 0 2.05 0.126587 0 0 2.05 0 0 -17.57375 0.6 -16.50346 0.6 -17.57375 2.65 -17.57375 2.65 -16.50346 0.6 -15.43318 2.65 -15.43318 2.65 -16.50346 0.6 -15.43318 0.6 -15.43318 2.65 -15.43318 0.6 -13.84092 0.6 -15.43318 2.65 -13.84092 0.6 -13.84092 2.65 -13.84092 2.65 -13.84092 0.6 -13.12109 0.6 -13.84092 2.65 -13.12109 0.6 -13.12109 2.65 -13.12109 2.65 -13.12109 0.6 -10.93962 0.6 -13.12109 2.65 -10.93962 0.6 -10.93962 2.65 -10.93962 2.65 -10.93962 0.6 -10.20243 0.6 -10.93962 2.65 -10.20243 0.6 -10.20243 2.65 0 0.2825 0.118036 0.2825 0 2.3325 0 2.3325 0.118036 0.2825 0.134892 2.3325 0.134892 2.3325 0.118036 0.2825 0.236072 0.2825 0.134892 2.3325 0.236072 0.2825 0.269796 2.3325 0.269796 2.3325 0.236072 0.2825 0.354108 0.2825 0.269796 2.3325 0.354108 0.2825 0.370973 2.3325 0.370973 2.3325 0.354108 0.2825 0.472144 0.2825 0.370973 2.3325 0.472144 0.2825 0.472144 2.3325 -0.1376349 0.2825 0 0.2825 -0.1376349 2.3325 -0.1376349 2.3325 0 0.2825 0 2.3325 2.3325 0 0.2825 0 2.3325 -0.19635 2.3325 -0.19635 0.2825 0 0.2825 -0.19635 2.3325 -0.19635 0.2825 -0.19635 2.3325 -0.392699 2.3325 -0.392699 0.2825 -0.19635 0.2825 -0.392699 2.3325 -0.392699 0.2825 -0.392699 2.3325 -0.589049 2.3325 -0.589049 0.2825 -0.392699 0.2825 -0.589049 2.3325 -0.589049 0.2825 -0.589049 2.3325 -0.785398 2.3325 -0.785398 0.2825 -0.589049 0.2825 -0.785398 2.3325 -0.785398 0.2825 -0.785398 2.3325 -0.981748 2.3325 -0.981748 0.2825 -0.785398 0.2825 -0.981748 2.3325 -0.981748 0.2825 -0.981748 2.3325 -1.178097 2.3325 -1.178097 0.2825 -0.981748 0.2825 -1.178097 2.3325 -1.178097 0.2825 -1.178097 2.3325 -1.374447 2.3325 -1.374447 0.2825 -1.178097 0.2825 -1.374447 2.3325 -1.374447 0.2825 -1.374447 2.3325 -1.570796 2.3325 -1.570796 0.2825 -1.374447 0.2825 -1.570796 -0.5 0.2825 -0.324773 0.2825 -0.5 2.3325 -0.5 2.3325 -0.324773 0.2825 -0.324773 2.3325 0.458005 2.05 0.343504 2.05 0.458005 0 0.458005 0 0.343504 2.05 0.343504 0 0.343504 0 0.343504 2.05 0.229003 2.05 0.343504 0 0.229003 2.05 0.229003 0 0.229003 0 0.229003 2.05 0.1145009 2.05 0.229003 0 0.1145009 2.05 0.1145009 0 0.1145009 0 0.1145009 2.05 0 2.05 0.1145009 0 0 2.05 0 0 -7.677843 2.65 -7.677843 0.6 -7.271888 2.65 -7.271888 2.65 -7.677843 0.6 -6.854474 0.6 -7.271888 2.65 -6.854474 0.6 -6.854474 2.65 -6.854474 2.65 -6.854474 0.6 -6.08737 0.6 -6.854474 2.65 -6.08737 0.6 -5.988932 2.65 -5.988932 2.65 -6.08737 0.6 -5.320236 0.6 -5.988932 2.65 -5.320236 0.6 -5.320236 2.65 0 2.3025 0 0.2525 0.145131 2.3025 0.145131 2.3025 0 0.2525 0.145134 0.2525 0.145131 2.3025 0.145134 0.2525 0.290269 0.2525 0.145131 2.3025 0.290269 0.2525 0.290277 2.3025 0.290277 2.3025 0.290269 0.2525 0.435403 0.2525 0.290277 2.3025 0.435403 0.2525 0.435449 2.3025 0.435449 2.3025 0.435403 0.2525 0.580538 0.2525 0.435449 2.3025 0.580538 0.2525 0.580598 2.3025 0.580598 2.3025 0.580538 0.2525 0.725672 0.2525 0.580598 2.3025 0.725672 0.2525 0.725686 2.3025 0.725686 2.3025 0.725672 0.2525 0.870807 0.2525 0.725686 2.3025 0.870807 0.2525 0.870821 2.3025 0.870821 2.3025 0.870807 0.2525 1.015927 2.3025 1.015927 2.3025 0.870807 0.2525 1.015941 0.2525 1.015927 2.3025 1.015941 0.2525 1.161075 0.2525 1.161075 0.2525 1.161075 2.3025 1.015927 2.3025 0.252651 2.2 0.252651 1.2825 0.771081 2.2 0.771081 2.2 0.252651 1.2825 0.771081 0.15 0.771081 0.15 0.252651 1.2825 0 0.15 0 0.15 0.252651 1.2825 0 1.2825 -1.526364 0.2825 -0.267949 0.2825 -1.526364 1.2 -1.526364 1.2 -0.267949 0.2825 -0.267949 1.2 1.2 0.261799 0.2825 0.261799 1.2 0.08726596 1.2 0.08726596 0.2825 0.261799 0.2825 0.08726596 1.2 0.08726596 0.2825 0.08726596 0.2825 -0.08726596 0.2825 -0.261799 1.2 -0.261799 0.2825 -0.08726596 0.2825 -0.08726596 1.2 -0.261799 1.2 -0.08726596 0.2825 -0.08726596 1.2 -0.08726596 1.2 0.08726596 -0.365209 0.2825 -0.1436 0.2825 -0.365209 1.2 -0.365209 1.2 -0.1436 0.2825 -0.1436 1.2 -1.2 -0.121505 -0.2825 -0.121505 -1.2 -0.04050195 -1.2 -0.04050195 -0.2825 -0.121505 -0.2825 -0.04050195 -1.2 -0.04050195 -0.2825 -0.04050195 -0.2825 0.04050195 -0.2825 0.121505 -1.2 0.121505 -0.2825 0.04050195 -0.2825 0.04050195 -1.2 0.121505 -1.2 0.04050195 -0.2825 0.04050195 -1.2 0.04050195 -1.2 -0.04050195 1.2 1.58502 0.2825 1.58502 1.2 1.34117 1.2 1.34117 0.2825 1.58502 0.2825 1.34117 1.2 1.34117 0.2825 1.34117 1.2 1.097321 1.2 1.097321 0.2825 1.34117 0.2825 1.097321 1.2 1.097321 0.2825 1.097321 1.2 0.853472 1.2 0.853472 0.2825 1.097321 0.2825 0.853472 1.2 0.853472 0.2825 0.853472 1.2 0.609623 1.2 0.609623 0.2825 0.853472 0.2825 0.609623 1.2 0.609623 0.2825 0.609623 1.2 0.365774 1.2 0.365774 0.2825 0.609623 0.2825 0.365774 1.2 0.365774 0.2825 0.365774 1.2 0.1219249 1.2 0.1219249 0.2825 0.365774 0.2825 0.1219249 1.2 0.1219249 0.2825 0.1219249 1.2 -0.1219249 1.2 -0.1219249 0.2825 0.1219249 0.2825 -0.1219249 1.2 -0.1219249 0.2825 -0.1219249 1.2 -0.365774 1.2 -0.365774 0.2825 -0.1219249 0.2825 -0.365774 1.2 -0.365774 0.2825 -0.365774 1.2 -0.609623 1.2 -0.609623 0.2825 -0.365774 0.2825 -0.609623 1.2 -0.609623 0.2825 -0.609623 1.2 -0.853472 1.2 -0.853472 0.2825 -0.609623 0.2825 -0.853472 1.2 -0.853472 0.2825 -0.853472 1.2 -1.097321 1.2 -1.097321 0.2825 -0.853472 0.2825 -1.097321 1.2 -1.097321 0.2825 -1.097321 1.2 -1.34117 1.2 -1.34117 0.2825 -1.097321 0.2825 -1.34117 1.2 -1.34117 0.2825 -1.34117 1.2 -1.58502 1.2 -1.58502 0.2825 -1.34117 0.2825 -1.58502 -1.2 -0.942478 -0.2825 -0.942478 -1.2 -0.847514 -1.2 -0.847514 -0.2825 -0.942478 -0.2825 -0.847514 -1.2 -0.847514 -0.2825 -0.847514 -0.2825 -0.75255 -0.2825 -0.657586 -1.2 -0.657586 -0.2825 -0.75255 -0.2825 -0.75255 -1.2 -0.657586 -1.2 -0.75255 -0.2825 -0.75255 -1.2 -0.75255 -1.2 -0.847514 -1.2 -0.237516 -0.2825 -0.237516 -1.2 -0.071078 -1.2 -0.071078 -0.2825 -0.237516 -0.2825 -0.071078 -1.2 -0.071078 -0.2825 -0.071078 -0.2825 0.09536099 -0.2825 0.261799 -1.2 0.261799 -0.2825 0.09536099 -0.2825 0.09536099 -1.2 0.261799 -1.2 0.09536099 -0.2825 0.09536099 -1.2 0.09536099 -1.2 -0.071078 -1.227359 0.2825 0 0.2825 -1.227359 1.2 -1.227359 1.2 0 0.2825 0 1.2 -1.2825 0.270519 -2.2 0.270519 -0.15 0.219911 -0.15 0.219911 -2.2 0.270519 -2.2 -0.03956496 -0.15 0.219911 -2.2 -0.03956496 -0.15 -0.219911 -0.15 -0.219911 -2.2 -0.03956496 -2.2 -0.34965 -0.15 -0.219911 -2.2 -0.34965 -0.15 -0.659734 -0.15 -0.659734 -2.2 -0.34965 -2.2 -0.659734 -1.2825 0.270519 -0.15 0.219911 -1.2825 0.400258 -1.2825 0.400258 -0.15 0.219911 -0.15 0.659734 -1.2825 0.400258 -0.15 0.659734 -1.2825 0.529996 -1.2825 0.529996 -0.15 0.659734 -1.2825 0.659734 1.65644 2.2 0.885359 2.2 1.65644 0.15 1.65644 0.15 0.885359 2.2 0.885359 0.15 1.161075 2.05 1.015941 2.05 1.161075 0 1.161075 0 1.015941 2.05 1.015941 0 1.015941 0 1.015941 2.05 0.870807 2.05 1.015941 0 0.870807 2.05 0.870807 0 0.870807 0 0.870807 2.05 0.725672 2.05 0.870807 0 0.725672 2.05 0.725672 0 0.725672 0 0.725672 2.05 0.580538 2.05 0.725672 0 0.580538 2.05 0.580538 0 0.580538 0 0.580538 2.05 0.435403 2.05 0.580538 0 0.435403 2.05 0.435403 0 0.435403 0 0.435403 2.05 0.290269 2.05 0.435403 0 0.290269 2.05 0.290269 0 0.290269 0 0.290269 2.05 0.145134 2.05 0.290269 0 0.145134 2.05 0.145134 0 0.145134 0 0.145134 2.05 0 2.05 0.145134 0 0 2.05 0 0 5.318782 0.6 6.085692 0.6 5.318782 2.65 5.318782 2.65 6.085692 0.6 6.250784 2.65 6.250784 2.65 6.085692 0.6 6.852601 0.6 6.250784 2.65 6.852601 0.6 6.852601 2.65 6.852601 2.65 6.852601 0.6 7.264173 0.6 6.852601 2.65 7.264173 0.6 7.269901 2.65 7.269901 2.65 7.264173 0.6 7.675745 0.6 7.269901 2.65 7.675745 0.6 7.675745 2.65 0 0.2825 0.1145009 0.2825 0 2.3325 0 2.3325 0.1145009 0.2825 0.1145009 2.3325 0.1145009 2.3325 0.1145009 0.2825 0.229003 0.2825 0.1145009 2.3325 0.229003 0.2825 0.229003 2.3325 0.229003 2.3325 0.229003 0.2825 0.343504 0.2825 0.229003 2.3325 0.343504 0.2825 0.343504 2.3325 0.343504 2.3325 0.343504 0.2825 0.458005 0.2825 0.343504 2.3325 0.458005 0.2825 0.458005 2.3325 0.324773 0.2825 0.5 0.2825 0.324773 2.3325 0.324773 2.3325 0.5 0.2825 0.5 2.3325 0.628319 -1.069656 0.523599 -1.140967 0.628319 -1.283588 0.628319 -1.283588 0.523599 -1.140967 0.523599 -1.283588 0.628319 1.283588 0.523599 1.283588 0.523599 1.140967 0.523599 1.140967 0.523599 1.283588 0.418879 1.283588 0.523599 1.140967 0.418879 1.283588 0.418879 1.140967 0.418879 1.140967 0.418879 1.283588 0.314159 1.283588 0.418879 1.140967 0.314159 1.283588 0.314159 1.112443 0.523599 -1.140967 0.628319 -1.069656 0.523599 -0.998346 0.523599 -0.998346 0.628319 -1.069656 0.628319 -0.855725 0.523599 -0.998346 0.628319 -0.855725 0.523599 -0.855725 0.523599 -0.855725 0.628319 -0.855725 0.523599 -0.713104 0.523599 -0.855725 0.523599 -0.713104 0.418879 -0.713104 0.418879 -0.713104 0.523599 -0.713104 0.418879 -0.570483 0.418879 -0.713104 0.418879 -0.570483 0.314159 -0.599008 0.314159 -0.599008 0.418879 -0.570483 0.314159 -0.427863 0.314159 -0.427863 0.418879 -0.570483 0.418879 -0.427863 0.314159 -0.427863 0.418879 -0.427863 0.418879 -0.285242 0.418879 -0.285242 0.418879 -0.427863 0.523599 -0.427863 0.418879 -0.285242 0.523599 -0.427863 0.523599 -0.285242 0.523599 -0.285242 0.523599 -0.427863 0.628319 -0.427863 0.523599 -0.285242 0.628319 -0.427863 0.628319 -0.213931 0.628319 -0.855725 0.628319 -0.641794 0.523599 -0.713104 0.523599 -0.713104 0.628319 -0.641794 0.523599 -0.570483 0.523599 -0.713104 0.523599 -0.570483 0.418879 -0.570483 0.418879 -0.570483 0.523599 -0.570483 0.418879 -0.427863 0.628319 -0.641794 0.628319 -0.427863 0.523599 -0.570483 0.523599 -0.570483 0.628319 -0.427863 0.523599 -0.427863 0.523599 -0.570483 0.523599 -0.427863 0.418879 -0.427863 0.523599 -0.285242 0.628319 -0.213931 0.523599 -0.142621 0.523599 -0.142621 0.628319 -0.213931 0.628319 0 0.523599 -0.142621 0.628319 0 0.523599 0 0.523599 0 0.628319 0 0.523599 0.142621 0.523599 0 0.523599 0.142621 0.418879 0.142621 0.418879 0.142621 0.523599 0.142621 0.418879 0.285242 0.418879 0.142621 0.418879 0.285242 0.314159 0.256718 0.314159 0.256718 0.418879 0.285242 0.314159 0.427863 0.314159 0.427863 0.418879 0.285242 0.418879 0.427863 0.314159 0.427863 0.418879 0.427863 0.418879 0.570483 0.418879 0.570483 0.418879 0.427863 0.523599 0.427863 0.418879 0.570483 0.523599 0.427863 0.523599 0.570483 0.523599 0.570483 0.523599 0.427863 0.628319 0.427863 0.523599 0.570483 0.628319 0.427863 0.628319 0.641794 0.628319 0 0.628319 0.213931 0.523599 0.142621 0.523599 0.142621 0.628319 0.213931 0.523599 0.285242 0.523599 0.142621 0.523599 0.285242 0.418879 0.285242 0.418879 0.285242 0.523599 0.285242 0.418879 0.427863 0.628319 0.213931 0.628319 0.427863 0.523599 0.285242 0.523599 0.285242 0.628319 0.427863 0.523599 0.427863 0.523599 0.285242 0.523599 0.427863 0.418879 0.427863 0.523599 0.570483 0.628319 0.641794 0.523599 0.713104 0.523599 0.713104 0.628319 0.641794 0.628319 0.855725 0.523599 0.713104 0.628319 0.855725 0.523599 0.855725 0.523599 0.855725 0.628319 0.855725 0.523599 0.998346 0.523599 0.855725 0.523599 0.998346 0.418879 0.998346 0.418879 0.998346 0.523599 0.998346 0.418879 1.140967 0.418879 0.998346 0.418879 1.140967 0.314159 1.112443 0.628319 0.855725 0.628319 1.069656 0.523599 0.998346 0.523599 0.998346 0.628319 1.069656 0.523599 1.140967 0.523599 0.998346 0.523599 1.140967 0.418879 1.140967 0.628319 1.069656 0.628319 1.283588 0.523599 1.140967 0.314159 1.112443 0.314159 0.941298 0.418879 0.998346 0.418879 0.998346 0.314159 0.941298 0.418879 0.855725 0.418879 0.998346 0.418879 0.855725 0.523599 0.855725 0.523599 0.855725 0.418879 0.855725 0.523599 0.713104 0.314159 0.941298 0.314159 0.770153 0.418879 0.855725 0.418879 0.855725 0.314159 0.770153 0.418879 0.713104 0.418879 0.855725 0.418879 0.713104 0.523599 0.713104 0.523599 0.713104 0.418879 0.713104 0.523599 0.570483 0.314159 0.770153 0.314159 0.599008 0.418879 0.713104 0.418879 0.713104 0.314159 0.599008 0.418879 0.570483 0.418879 0.713104 0.418879 0.570483 0.523599 0.570483 0.314159 0.599008 0.314159 0.427863 0.418879 0.570483 0.314159 0.256718 0.314159 0.08557295 0.418879 0.142621 0.418879 0.142621 0.314159 0.08557295 0.418879 0 0.418879 0.142621 0.418879 0 0.523599 0 0.523599 0 0.418879 0 0.523599 -0.142621 0.314159 0.08557295 0.314159 -0.08557295 0.418879 0 0.418879 0 0.314159 -0.08557295 0.418879 -0.142621 0.418879 0 0.418879 -0.142621 0.523599 -0.142621 0.523599 -0.142621 0.418879 -0.142621 0.523599 -0.285242 0.314159 -0.08557295 0.314159 -0.256718 0.418879 -0.142621 0.418879 -0.142621 0.314159 -0.256718 0.418879 -0.285242 0.418879 -0.142621 0.418879 -0.285242 0.523599 -0.285242 0.314159 -0.256718 0.314159 -0.427863 0.418879 -0.285242 0.314159 -0.599008 0.314159 -0.770153 0.418879 -0.713104 0.418879 -0.713104 0.314159 -0.770153 0.418879 -0.855725 0.418879 -0.713104 0.418879 -0.855725 0.523599 -0.855725 0.523599 -0.855725 0.418879 -0.855725 0.523599 -0.998346 0.314159 -0.770153 0.314159 -0.941298 0.418879 -0.855725 0.418879 -0.855725 0.314159 -0.941298 0.418879 -0.998346 0.418879 -0.855725 0.418879 -0.998346 0.523599 -0.998346 0.523599 -0.998346 0.418879 -0.998346 0.523599 -1.140967 0.314159 -0.941298 0.314159 -1.112443 0.418879 -0.998346 0.418879 -0.998346 0.314159 -1.112443 0.418879 -1.140967 0.418879 -0.998346 0.418879 -1.140967 0.523599 -1.140967 0.523599 -1.140967 0.418879 -1.140967 0.523599 -1.283588 0.314159 -1.112443 0.314159 -1.283588 0.418879 -1.140967 0.418879 -1.140967 0.314159 -1.283588 0.418879 -1.283588 0.418879 -1.140967 0.418879 -1.283588 0.523599 -1.283588 0.628319 -1.069656 0.523599 -1.140967 0.628319 -1.283588 0.628319 -1.283588 0.523599 -1.140967 0.523599 -1.283588 0.628319 1.283588 0.523599 1.283588 0.523599 1.140967 0.523599 1.140967 0.523599 1.283588 0.418879 1.283588 0.523599 1.140967 0.418879 1.283588 0.418879 1.140967 0.418879 1.140967 0.418879 1.283588 0.314159 1.283588 0.418879 1.140967 0.314159 1.283588 0.314159 1.112443 0.523599 -1.140967 0.628319 -1.069656 0.523599 -0.998346 0.523599 -0.998346 0.628319 -1.069656 0.628319 -0.855725 0.523599 -0.998346 0.628319 -0.855725 0.523599 -0.855725 0.523599 -0.855725 0.628319 -0.855725 0.523599 -0.713104 0.523599 -0.855725 0.523599 -0.713104 0.418879 -0.713104 0.418879 -0.713104 0.523599 -0.713104 0.418879 -0.570483 0.418879 -0.713104 0.418879 -0.570483 0.314159 -0.599008 0.314159 -0.599008 0.418879 -0.570483 0.314159 -0.427863 0.314159 -0.427863 0.418879 -0.570483 0.418879 -0.427863 0.314159 -0.427863 0.418879 -0.427863 0.418879 -0.285242 0.418879 -0.285242 0.418879 -0.427863 0.523599 -0.427863 0.418879 -0.285242 0.523599 -0.427863 0.523599 -0.285242 0.523599 -0.285242 0.523599 -0.427863 0.628319 -0.427863 0.523599 -0.285242 0.628319 -0.427863 0.628319 -0.213931 0.628319 -0.855725 0.628319 -0.641794 0.523599 -0.713104 0.523599 -0.713104 0.628319 -0.641794 0.523599 -0.570483 0.523599 -0.713104 0.523599 -0.570483 0.418879 -0.570483 0.418879 -0.570483 0.523599 -0.570483 0.418879 -0.427863 0.628319 -0.641794 0.628319 -0.427863 0.523599 -0.570483 0.523599 -0.570483 0.628319 -0.427863 0.523599 -0.427863 0.523599 -0.570483 0.523599 -0.427863 0.418879 -0.427863 0.523599 -0.285242 0.628319 -0.213931 0.523599 -0.142621 0.523599 -0.142621 0.628319 -0.213931 0.628319 0 0.523599 -0.142621 0.628319 0 0.523599 0 0.523599 0 0.628319 0 0.523599 0.142621 0.523599 0 0.523599 0.142621 0.418879 0.142621 0.418879 0.142621 0.523599 0.142621 0.418879 0.285242 0.418879 0.142621 0.418879 0.285242 0.314159 0.256718 0.314159 0.256718 0.418879 0.285242 0.314159 0.427863 0.314159 0.427863 0.418879 0.285242 0.418879 0.427863 0.314159 0.427863 0.418879 0.427863 0.418879 0.570483 0.418879 0.570483 0.418879 0.427863 0.523599 0.427863 0.418879 0.570483 0.523599 0.427863 0.523599 0.570483 0.523599 0.570483 0.523599 0.427863 0.628319 0.427863 0.523599 0.570483 0.628319 0.427863 0.628319 0.641794 0.628319 0 0.628319 0.213931 0.523599 0.142621 0.523599 0.142621 0.628319 0.213931 0.523599 0.285242 0.523599 0.142621 0.523599 0.285242 0.418879 0.285242 0.418879 0.285242 0.523599 0.285242 0.418879 0.427863 0.628319 0.213931 0.628319 0.427863 0.523599 0.285242 0.523599 0.285242 0.628319 0.427863 0.523599 0.427863 0.523599 0.285242 0.523599 0.427863 0.418879 0.427863 0.523599 0.570483 0.628319 0.641794 0.523599 0.713104 0.523599 0.713104 0.628319 0.641794 0.628319 0.855725 0.523599 0.713104 0.628319 0.855725 0.523599 0.855725 0.523599 0.855725 0.628319 0.855725 0.523599 0.998346 0.523599 0.855725 0.523599 0.998346 0.418879 0.998346 0.418879 0.998346 0.523599 0.998346 0.418879 1.140967 0.418879 0.998346 0.418879 1.140967 0.314159 1.112443 0.628319 0.855725 0.628319 1.069656 0.523599 0.998346 0.523599 0.998346 0.628319 1.069656 0.523599 1.140967 0.523599 0.998346 0.523599 1.140967 0.418879 1.140967 0.628319 1.069656 0.628319 1.283588 0.523599 1.140967 0.314159 1.112443 0.314159 0.941298 0.418879 0.998346 0.418879 0.998346 0.314159 0.941298 0.418879 0.855725 0.418879 0.998346 0.418879 0.855725 0.523599 0.855725 0.523599 0.855725 0.418879 0.855725 0.523599 0.713104 0.314159 0.941298 0.314159 0.770153 0.418879 0.855725 0.418879 0.855725 0.314159 0.770153 0.418879 0.713104 0.418879 0.855725 0.418879 0.713104 0.523599 0.713104 0.523599 0.713104 0.418879 0.713104 0.523599 0.570483 0.314159 0.770153 0.314159 0.599008 0.418879 0.713104 0.418879 0.713104 0.314159 0.599008 0.418879 0.570483 0.418879 0.713104 0.418879 0.570483 0.523599 0.570483 0.314159 0.599008 0.314159 0.427863 0.418879 0.570483 0.314159 0.256718 0.314159 0.08557295 0.418879 0.142621 0.418879 0.142621 0.314159 0.08557295 0.418879 0 0.418879 0.142621 0.418879 0 0.523599 0 0.523599 0 0.418879 0 0.523599 -0.142621 0.314159 0.08557295 0.314159 -0.08557295 0.418879 0 0.418879 0 0.314159 -0.08557295 0.418879 -0.142621 0.418879 0 0.418879 -0.142621 0.523599 -0.142621 0.523599 -0.142621 0.418879 -0.142621 0.523599 -0.285242 0.314159 -0.08557295 0.314159 -0.256718 0.418879 -0.142621 0.418879 -0.142621 0.314159 -0.256718 0.418879 -0.285242 0.418879 -0.142621 0.418879 -0.285242 0.523599 -0.285242 0.314159 -0.256718 0.314159 -0.427863 0.418879 -0.285242 0.314159 -0.599008 0.314159 -0.770153 0.418879 -0.713104 0.418879 -0.713104 0.314159 -0.770153 0.418879 -0.855725 0.418879 -0.713104 0.418879 -0.855725 0.523599 -0.855725 0.523599 -0.855725 0.418879 -0.855725 0.523599 -0.998346 0.314159 -0.770153 0.314159 -0.941298 0.418879 -0.855725 0.418879 -0.855725 0.314159 -0.941298 0.418879 -0.998346 0.418879 -0.855725 0.418879 -0.998346 0.523599 -0.998346 0.523599 -0.998346 0.418879 -0.998346 0.523599 -1.140967 0.314159 -0.941298 0.314159 -1.112443 0.418879 -0.998346 0.418879 -0.998346 0.314159 -1.112443 0.418879 -1.140967 0.418879 -0.998346 0.418879 -1.140967 0.523599 -1.140967 0.523599 -1.140967 0.418879 -1.140967 0.523599 -1.283588 0.314159 -1.112443 0.314159 -1.283588 0.418879 -1.140967 0.418879 -1.140967 0.314159 -1.283588 0.418879 -1.283588 0.418879 -1.140967 0.418879 -1.283588 0.523599 -1.283588 0.628319 -1.069656 0.523599 -1.140967 0.628319 -1.283588 0.628319 -1.283588 0.523599 -1.140967 0.523599 -1.283588 0.628319 1.283588 0.523599 1.283588 0.523599 1.140967 0.523599 1.140967 0.523599 1.283588 0.418879 1.283588 0.523599 1.140967 0.418879 1.283588 0.418879 1.140967 0.418879 1.140967 0.418879 1.283588 0.314159 1.283588 0.418879 1.140967 0.314159 1.283588 0.314159 1.112443 0.523599 -1.140967 0.628319 -1.069656 0.523599 -0.998346 0.523599 -0.998346 0.628319 -1.069656 0.628319 -0.855725 0.523599 -0.998346 0.628319 -0.855725 0.523599 -0.855725 0.523599 -0.855725 0.628319 -0.855725 0.523599 -0.713104 0.523599 -0.855725 0.523599 -0.713104 0.418879 -0.713104 0.418879 -0.713104 0.523599 -0.713104 0.418879 -0.570483 0.418879 -0.713104 0.418879 -0.570483 0.314159 -0.599008 0.314159 -0.599008 0.418879 -0.570483 0.314159 -0.427863 0.314159 -0.427863 0.418879 -0.570483 0.418879 -0.427863 0.314159 -0.427863 0.418879 -0.427863 0.418879 -0.285242 0.418879 -0.285242 0.418879 -0.427863 0.523599 -0.427863 0.418879 -0.285242 0.523599 -0.427863 0.523599 -0.285242 0.523599 -0.285242 0.523599 -0.427863 0.628319 -0.427863 0.523599 -0.285242 0.628319 -0.427863 0.628319 -0.213931 0.628319 -0.855725 0.628319 -0.641794 0.523599 -0.713104 0.523599 -0.713104 0.628319 -0.641794 0.523599 -0.570483 0.523599 -0.713104 0.523599 -0.570483 0.418879 -0.570483 0.418879 -0.570483 0.523599 -0.570483 0.418879 -0.427863 0.628319 -0.641794 0.628319 -0.427863 0.523599 -0.570483 0.523599 -0.570483 0.628319 -0.427863 0.523599 -0.427863 0.523599 -0.570483 0.523599 -0.427863 0.418879 -0.427863 0.523599 -0.285242 0.628319 -0.213931 0.523599 -0.142621 0.523599 -0.142621 0.628319 -0.213931 0.628319 0 0.523599 -0.142621 0.628319 0 0.523599 0 0.523599 0 0.628319 0 0.523599 0.142621 0.523599 0 0.523599 0.142621 0.418879 0.142621 0.418879 0.142621 0.523599 0.142621 0.418879 0.285242 0.418879 0.142621 0.418879 0.285242 0.314159 0.256718 0.314159 0.256718 0.418879 0.285242 0.314159 0.427863 0.314159 0.427863 0.418879 0.285242 0.418879 0.427863 0.314159 0.427863 0.418879 0.427863 0.418879 0.570483 0.418879 0.570483 0.418879 0.427863 0.523599 0.427863 0.418879 0.570483 0.523599 0.427863 0.523599 0.570483 0.523599 0.570483 0.523599 0.427863 0.628319 0.427863 0.523599 0.570483 0.628319 0.427863 0.628319 0.641794 0.628319 0 0.628319 0.213931 0.523599 0.142621 0.523599 0.142621 0.628319 0.213931 0.523599 0.285242 0.523599 0.142621 0.523599 0.285242 0.418879 0.285242 0.418879 0.285242 0.523599 0.285242 0.418879 0.427863 0.628319 0.213931 0.628319 0.427863 0.523599 0.285242 0.523599 0.285242 0.628319 0.427863 0.523599 0.427863 0.523599 0.285242 0.523599 0.427863 0.418879 0.427863 0.523599 0.570483 0.628319 0.641794 0.523599 0.713104 0.523599 0.713104 0.628319 0.641794 0.628319 0.855725 0.523599 0.713104 0.628319 0.855725 0.523599 0.855725 0.523599 0.855725 0.628319 0.855725 0.523599 0.998346 0.523599 0.855725 0.523599 0.998346 0.418879 0.998346 0.418879 0.998346 0.523599 0.998346 0.418879 1.140967 0.418879 0.998346 0.418879 1.140967 0.314159 1.112443 0.628319 0.855725 0.628319 1.069656 0.523599 0.998346 0.523599 0.998346 0.628319 1.069656 0.523599 1.140967 0.523599 0.998346 0.523599 1.140967 0.418879 1.140967 0.628319 1.069656 0.628319 1.283588 0.523599 1.140967 0.314159 1.112443 0.314159 0.941298 0.418879 0.998346 0.418879 0.998346 0.314159 0.941298 0.418879 0.855725 0.418879 0.998346 0.418879 0.855725 0.523599 0.855725 0.523599 0.855725 0.418879 0.855725 0.523599 0.713104 0.314159 0.941298 0.314159 0.770153 0.418879 0.855725 0.418879 0.855725 0.314159 0.770153 0.418879 0.713104 0.418879 0.855725 0.418879 0.713104 0.523599 0.713104 0.523599 0.713104 0.418879 0.713104 0.523599 0.570483 0.314159 0.770153 0.314159 0.599008 0.418879 0.713104 0.418879 0.713104 0.314159 0.599008 0.418879 0.570483 0.418879 0.713104 0.418879 0.570483 0.523599 0.570483 0.314159 0.599008 0.314159 0.427863 0.418879 0.570483 0.314159 0.256718 0.314159 0.08557295 0.418879 0.142621 0.418879 0.142621 0.314159 0.08557295 0.418879 0 0.418879 0.142621 0.418879 0 0.523599 0 0.523599 0 0.418879 0 0.523599 -0.142621 0.314159 0.08557295 0.314159 -0.08557295 0.418879 0 0.418879 0 0.314159 -0.08557295 0.418879 -0.142621 0.418879 0 0.418879 -0.142621 0.523599 -0.142621 0.523599 -0.142621 0.418879 -0.142621 0.523599 -0.285242 0.314159 -0.08557295 0.314159 -0.256718 0.418879 -0.142621 0.418879 -0.142621 0.314159 -0.256718 0.418879 -0.285242 0.418879 -0.142621 0.418879 -0.285242 0.523599 -0.285242 0.314159 -0.256718 0.314159 -0.427863 0.418879 -0.285242 0.314159 -0.599008 0.314159 -0.770153 0.418879 -0.713104 0.418879 -0.713104 0.314159 -0.770153 0.418879 -0.855725 0.418879 -0.713104 0.418879 -0.855725 0.523599 -0.855725 0.523599 -0.855725 0.418879 -0.855725 0.523599 -0.998346 0.314159 -0.770153 0.314159 -0.941298 0.418879 -0.855725 0.418879 -0.855725 0.314159 -0.941298 0.418879 -0.998346 0.418879 -0.855725 0.418879 -0.998346 0.523599 -0.998346 0.523599 -0.998346 0.418879 -0.998346 0.523599 -1.140967 0.314159 -0.941298 0.314159 -1.112443 0.418879 -0.998346 0.418879 -0.998346 0.314159 -1.112443 0.418879 -1.140967 0.418879 -0.998346 0.418879 -1.140967 0.523599 -1.140967 0.523599 -1.140967 0.418879 -1.140967 0.523599 -1.283588 0.314159 -1.112443 0.314159 -1.283588 0.418879 -1.140967 0.418879 -1.140967 0.314159 -1.283588 0.418879 -1.283588 0.418879 -1.140967 0.418879 -1.283588 0.523599 -1.283588 0.628319 -1.069656 0.523599 -1.140967 0.628319 -1.283588 0.628319 -1.283588 0.523599 -1.140967 0.523599 -1.283588 0.628319 1.283588 0.523599 1.283588 0.523599 1.140967 0.523599 1.140967 0.523599 1.283588 0.418879 1.283588 0.523599 1.140967 0.418879 1.283588 0.418879 1.140967 0.418879 1.140967 0.418879 1.283588 0.314159 1.283588 0.418879 1.140967 0.314159 1.283588 0.314159 1.112443 0.523599 -1.140967 0.628319 -1.069656 0.523599 -0.998346 0.523599 -0.998346 0.628319 -1.069656 0.628319 -0.855725 0.523599 -0.998346 0.628319 -0.855725 0.523599 -0.855725 0.523599 -0.855725 0.628319 -0.855725 0.523599 -0.713104 0.523599 -0.855725 0.523599 -0.713104 0.418879 -0.713104 0.418879 -0.713104 0.523599 -0.713104 0.418879 -0.570483 0.418879 -0.713104 0.418879 -0.570483 0.314159 -0.599008 0.314159 -0.599008 0.418879 -0.570483 0.314159 -0.427863 0.314159 -0.427863 0.418879 -0.570483 0.418879 -0.427863 0.314159 -0.427863 0.418879 -0.427863 0.418879 -0.285242 0.418879 -0.285242 0.418879 -0.427863 0.523599 -0.427863 0.418879 -0.285242 0.523599 -0.427863 0.523599 -0.285242 0.523599 -0.285242 0.523599 -0.427863 0.628319 -0.427863 0.523599 -0.285242 0.628319 -0.427863 0.628319 -0.213931 0.628319 -0.855725 0.628319 -0.641794 0.523599 -0.713104 0.523599 -0.713104 0.628319 -0.641794 0.523599 -0.570483 0.523599 -0.713104 0.523599 -0.570483 0.418879 -0.570483 0.418879 -0.570483 0.523599 -0.570483 0.418879 -0.427863 0.628319 -0.641794 0.628319 -0.427863 0.523599 -0.570483 0.523599 -0.570483 0.628319 -0.427863 0.523599 -0.427863 0.523599 -0.570483 0.523599 -0.427863 0.418879 -0.427863 0.523599 -0.285242 0.628319 -0.213931 0.523599 -0.142621 0.523599 -0.142621 0.628319 -0.213931 0.628319 0 0.523599 -0.142621 0.628319 0 0.523599 0 0.523599 0 0.628319 0 0.523599 0.142621 0.523599 0 0.523599 0.142621 0.418879 0.142621 0.418879 0.142621 0.523599 0.142621 0.418879 0.285242 0.418879 0.142621 0.418879 0.285242 0.314159 0.256718 0.314159 0.256718 0.418879 0.285242 0.314159 0.427863 0.314159 0.427863 0.418879 0.285242 0.418879 0.427863 0.314159 0.427863 0.418879 0.427863 0.418879 0.570483 0.418879 0.570483 0.418879 0.427863 0.523599 0.427863 0.418879 0.570483 0.523599 0.427863 0.523599 0.570483 0.523599 0.570483 0.523599 0.427863 0.628319 0.427863 0.523599 0.570483 0.628319 0.427863 0.628319 0.641794 0.628319 0 0.628319 0.213931 0.523599 0.142621 0.523599 0.142621 0.628319 0.213931 0.523599 0.285242 0.523599 0.142621 0.523599 0.285242 0.418879 0.285242 0.418879 0.285242 0.523599 0.285242 0.418879 0.427863 0.628319 0.213931 0.628319 0.427863 0.523599 0.285242 0.523599 0.285242 0.628319 0.427863 0.523599 0.427863 0.523599 0.285242 0.523599 0.427863 0.418879 0.427863 0.523599 0.570483 0.628319 0.641794 0.523599 0.713104 0.523599 0.713104 0.628319 0.641794 0.628319 0.855725 0.523599 0.713104 0.628319 0.855725 0.523599 0.855725 0.523599 0.855725 0.628319 0.855725 0.523599 0.998346 0.523599 0.855725 0.523599 0.998346 0.418879 0.998346 0.418879 0.998346 0.523599 0.998346 0.418879 1.140967 0.418879 0.998346 0.418879 1.140967 0.314159 1.112443 0.628319 0.855725 0.628319 1.069656 0.523599 0.998346 0.523599 0.998346 0.628319 1.069656 0.523599 1.140967 0.523599 0.998346 0.523599 1.140967 0.418879 1.140967 0.628319 1.069656 0.628319 1.283588 0.523599 1.140967 0.314159 1.112443 0.314159 0.941298 0.418879 0.998346 0.418879 0.998346 0.314159 0.941298 0.418879 0.855725 0.418879 0.998346 0.418879 0.855725 0.523599 0.855725 0.523599 0.855725 0.418879 0.855725 0.523599 0.713104 0.314159 0.941298 0.314159 0.770153 0.418879 0.855725 0.418879 0.855725 0.314159 0.770153 0.418879 0.713104 0.418879 0.855725 0.418879 0.713104 0.523599 0.713104 0.523599 0.713104 0.418879 0.713104 0.523599 0.570483 0.314159 0.770153 0.314159 0.599008 0.418879 0.713104 0.418879 0.713104 0.314159 0.599008 0.418879 0.570483 0.418879 0.713104 0.418879 0.570483 0.523599 0.570483 0.314159 0.599008 0.314159 0.427863 0.418879 0.570483 0.314159 0.256718 0.314159 0.08557295 0.418879 0.142621 0.418879 0.142621 0.314159 0.08557295 0.418879 0 0.418879 0.142621 0.418879 0 0.523599 0 0.523599 0 0.418879 0 0.523599 -0.142621 0.314159 0.08557295 0.314159 -0.08557295 0.418879 0 0.418879 0 0.314159 -0.08557295 0.418879 -0.142621 0.418879 0 0.418879 -0.142621 0.523599 -0.142621 0.523599 -0.142621 0.418879 -0.142621 0.523599 -0.285242 0.314159 -0.08557295 0.314159 -0.256718 0.418879 -0.142621 0.418879 -0.142621 0.314159 -0.256718 0.418879 -0.285242 0.418879 -0.142621 0.418879 -0.285242 0.523599 -0.285242 0.314159 -0.256718 0.314159 -0.427863 0.418879 -0.285242 0.314159 -0.599008 0.314159 -0.770153 0.418879 -0.713104 0.418879 -0.713104 0.314159 -0.770153 0.418879 -0.855725 0.418879 -0.713104 0.418879 -0.855725 0.523599 -0.855725 0.523599 -0.855725 0.418879 -0.855725 0.523599 -0.998346 0.314159 -0.770153 0.314159 -0.941298 0.418879 -0.855725 0.418879 -0.855725 0.314159 -0.941298 0.418879 -0.998346 0.418879 -0.855725 0.418879 -0.998346 0.523599 -0.998346 0.523599 -0.998346 0.418879 -0.998346 0.523599 -1.140967 0.314159 -0.941298 0.314159 -1.112443 0.418879 -0.998346 0.418879 -0.998346 0.314159 -1.112443 0.418879 -1.140967 0.418879 -0.998346 0.418879 -1.140967 0.523599 -1.140967 0.523599 -1.140967 0.418879 -1.140967 0.523599 -1.283588 0.314159 -1.112443 0.314159 -1.283588 0.418879 -1.140967 0.418879 -1.140967 0.314159 -1.283588 0.418879 -1.283588 0.418879 -1.140967 0.418879 -1.283588 0.523599 -1.283588 0.234809 1.124947 0.156629 1.124947 0.234809 0.964227 0.234809 0.964227 0.156629 1.124947 0.194946 0.914328 0.234809 0.964227 0.194946 0.914328 0.234809 0.803518 0.234809 0.803518 0.194946 0.914328 0.194946 0.703604 0.234809 0.803518 0.194946 0.703604 0.234809 0.642829 0.234809 0.642829 0.194946 0.703604 0.194946 0.589258 0.234809 0.642829 0.194946 0.589258 0.234809 0.48213 0.234809 0.48213 0.194946 0.589258 0.194946 0.370237 0.234809 0.48213 0.194946 0.370237 0.234809 0.321426 0.234809 0.321426 0.194946 0.370237 0.194946 0.260726 0.234809 0.321426 0.194946 0.260726 0.234809 0.160715 0.234809 0.160715 0.194946 0.260726 0.194946 0.151215 0.234809 0.160715 0.194946 0.151215 0.234809 0 0.234809 0 0.194946 0.151215 0.156629 0 0.156629 0 0.194946 0.151215 0.155083 0.151215 0.156629 0 0.155083 0.151215 0.122995 0.151215 0.122995 0.151215 0.155083 0.151215 0.122995 0.260726 0.122995 0.151215 0.122995 0.260726 0.07914596 0.260726 0.07914596 0.260726 0.122995 0.260726 0.07914596 0.370237 0.07914596 0.260726 0.07914596 0.370237 0.03529596 0.370237 0.03529596 0.370237 0.07914596 0.370237 0.03529596 0.589258 0.03529596 0.370237 0.03529596 0.589258 0 0.421855 0 0.421855 0.03529596 0.589258 0 0.562474 0 0.562474 0.03529596 0.589258 0 0.703092 0 0.703092 0.03529596 0.589258 0.03529596 0.703185 0 0.703092 0.03529596 0.703185 0 0.843711 0 0.843711 0.03529596 0.703185 0.03529596 0.914328 0 0.843711 0.03529596 0.914328 0 0.984329 0 0.984329 0.03529596 0.914328 0 1.124947 0 1.124947 0.03529596 0.914328 0.07823896 1.124947 0.07823896 1.124947 0.03529596 0.914328 0.07914596 0.914328 0.07823896 1.124947 0.07914596 0.914328 0.122995 0.914328 0.122995 0.914328 0.07914596 0.914328 0.122995 0.703415 0.122995 0.914328 0.122995 0.703415 0.155083 0.7035 0.155083 0.7035 0.122995 0.703415 0.155083 0.589258 0.155083 0.7035 0.155083 0.589258 0.194946 0.589258 0.194946 0.589258 0.155083 0.589258 0.194946 0.370237 0.07823896 1.124947 0.122995 0.914328 0.156629 1.124947 0.156629 1.124947 0.122995 0.914328 0.155083 0.914328 0.156629 1.124947 0.155083 0.914328 0.194946 0.914328 0.194946 0.914328 0.155083 0.914328 0.194946 0.703604 0 0.421855 0 0.281237 0.03529596 0.370237 0.03529596 0.370237 0 0.281237 0.03529596 0.260726 0.03529596 0.370237 0.03529596 0.260726 0.07914596 0.260726 0.07914596 0.260726 0.03529596 0.260726 0.07914596 0.151215 0.07914596 0.260726 0.07914596 0.151215 0.122995 0.151215 0.122995 0.151215 0.07914596 0.151215 0.07823896 0 0.122995 0.151215 0.07823896 0 0.156629 0 0 0.281237 0 0.140618 0.03529596 0.260726 0.03529596 0.260726 0 0.140618 0.03529596 0.151215 0.03529596 0.260726 0.03529596 0.151215 0.07914596 0.151215 0.07914596 0.151215 0.03529596 0.151215 0.07823896 0 0 0.140618 0 0 0.03529596 0.151215 0.03529596 0.151215 0 0 0.07823896 0 0.07914596 0.914328 0.03529596 0.914328 0.07914596 0.7033 0.07914596 0.7033 0.03529596 0.914328 0.03529596 0.703185 0.07914596 0.7033 0.03529596 0.703185 0.07914596 0.589258 0.07914596 0.589258 0.03529596 0.703185 0.03529596 0.589258 0.07914596 0.589258 0.03529596 0.589258 0.07914596 0.370237 0.194946 0.703604 0.155083 0.914328 0.155083 0.7035 0.155083 0.7035 0.155083 0.914328 0.122995 0.914328 0.07914596 0.914328 0.07914596 0.7033 0.122995 0.703415 0.122995 0.703415 0.07914596 0.7033 0.122995 0.589258 0.122995 0.703415 0.122995 0.589258 0.155083 0.589258 0.155083 0.589258 0.122995 0.589258 0.155083 0.370237 0.155083 0.589258 0.155083 0.370237 0.194946 0.370237 0.194946 0.370237 0.155083 0.370237 0.194946 0.260726 0.122995 0.589258 0.07914596 0.7033 0.07914596 0.589258 0.194946 0.589258 0.194946 0.703604 0.155083 0.7035 0.122995 0.589258 0.07914596 0.589258 0.122995 0.370237 0.122995 0.370237 0.07914596 0.589258 0.07914596 0.370237 0.122995 0.370237 0.07914596 0.370237 0.122995 0.260726 0.122995 0.589258 0.122995 0.370237 0.155083 0.370237 0.155083 0.370237 0.122995 0.370237 0.155083 0.260726 0.155083 0.370237 0.155083 0.260726 0.194946 0.260726 0.194946 0.260726 0.155083 0.260726 0.194946 0.151215 0.155083 0.260726 0.122995 0.370237 0.122995 0.260726 0.194946 0.151215 0.155083 0.260726 0.155083 0.151215 0.155083 0.151215 0.155083 0.260726 0.122995 0.260726 0.234907 -0.285626 0.234907 0 0.194901 -0.571253 0.194901 -0.571253 0.234907 0 0.156688 0 0.194901 -0.571253 0.156688 0 0.154895 -0.571253 0.154895 -0.571253 0.156688 0 0.123046 -0.571253 0.154895 -0.571253 0.123046 -0.571253 0.154895 -1.144478 0.154895 -1.144478 0.123046 -0.571253 0.123046 -1.144478 0.154895 -1.144478 0.123046 -1.144478 0.156688 -2.143938 0.156688 -2.143938 0.123046 -1.144478 0.07827395 -2.143938 0.07827395 -2.143938 0.123046 -1.144478 0.07903999 -1.144478 0.07827395 -2.143938 0.07903999 -1.144478 0.035034 -1.144478 0.035034 -1.144478 0.07903999 -1.144478 0.035034 -0.571253 0.035034 -1.144478 0.035034 -0.571253 0 -0.571253 0 -0.571253 0.035034 -0.571253 0 -0.285626 0 -0.285626 0.035034 -0.571253 0 0 0 0 0.035034 -0.571253 0.07827395 0 0.07827395 0 0.035034 -0.571253 0.07903999 -0.571253 0.07827395 0 0.07903999 -0.571253 0.123046 -0.571253 0.123046 -0.571253 0.07903999 -0.571253 0.123046 -1.144478 0.156688 0 0.07827395 0 0.123046 -0.571253 0 -0.571253 0 -1.357596 0.035034 -1.144478 0.035034 -1.144478 0 -1.357596 0 -2.143938 0.035034 -1.144478 0 -2.143938 0.07827395 -2.143938 0.154895 -1.144478 0.156688 -2.143938 0.194901 -1.144478 0.194901 -1.144478 0.156688 -2.143938 0.234907 -2.143938 0.194901 -1.144478 0.234907 -2.143938 0.234907 -1.357596 0.234907 -1.357596 0.234907 -0.571253 0.194901 -1.144478 0.194901 -1.144478 0.234907 -0.571253 0.194901 -0.571253 0.194901 -1.144478 0.194901 -0.571253 0.154895 -0.571253 0.234907 -0.571253 0.234907 -0.285626 0.194901 -0.571253 0.123046 -1.144478 0.07903999 -0.571253 0.07903999 -1.144478 0.07903999 -1.144478 0.07903999 -0.571253 0.035034 -0.571253 0.194901 -1.144478 0.154895 -0.571253 0.154895 -1.144478 0.234825 0.272852 0.234825 0.363811 0.194979 0.29577 0.194979 0.29577 0.234825 0.363811 0.1566399 0.363811 0.194979 0.29577 0.1566399 0.363811 0.1551319 0.29577 0.1551319 0.29577 0.1566399 0.363811 0.123004 0.29577 0.1551319 0.29577 0.123004 0.29577 0.1551319 0.227729 0.1551319 0.227729 0.123004 0.29577 0.123004 0.227729 0.1551319 0.227729 0.123004 0.227729 0.1551319 0.173243 0.1551319 0.173243 0.123004 0.227729 0.123004 0.173243 0.1551319 0.173243 0.123004 0.173243 0.1551319 0.04953294 0.1551319 0.04953294 0.123004 0.173243 0.123004 0.04953294 0.1551319 0.04953294 0.123004 0.04953294 0.1566399 0 0.1566399 0 0.123004 0.04953294 0.07824498 0 0.07824498 0 0.123004 0.04953294 0.07917195 0.04953294 0.07824498 0 0.07917195 0.04953294 0.03534096 0.04953294 0.03534096 0.04953294 0.07917195 0.04953294 0.03534096 0.173243 0.03534096 0.04953294 0.03534096 0.173243 0 0.09095299 0 0.09095299 0.03534096 0.173243 0 0.181906 0 0.181906 0.03534096 0.173243 0.03534096 0.227729 0 0.181906 0.03534096 0.227729 0 0.272858 0 0.272858 0.03534096 0.227729 0.03534096 0.29577 0 0.272858 0.03534096 0.29577 0 0.363811 0 0.363811 0.03534096 0.29577 0.07824498 0.363811 0.07824498 0.363811 0.03534096 0.29577 0.07917195 0.29577 0.07824498 0.363811 0.07917195 0.29577 0.123004 0.29577 0.123004 0.29577 0.07917195 0.29577 0.123004 0.227729 0.1566399 0.363811 0.07824498 0.363811 0.123004 0.29577 0 0.09095299 0 0 0.03534096 0.04953294 0.03534096 0.04953294 0 0 0.07824498 0 0.1551319 0.04953294 0.1566399 0 0.194979 0.04953294 0.194979 0.04953294 0.1566399 0 0.234825 0 0.194979 0.04953294 0.234825 0 0.234825 0.09096097 0.194979 0.04953294 0.234825 0.09096097 0.194979 0.173243 0.194979 0.173243 0.234825 0.09096097 0.234825 0.181905 0.194979 0.173243 0.234825 0.181905 0.194979 0.227729 0.194979 0.227729 0.234825 0.181905 0.234825 0.272852 0.194979 0.227729 0.234825 0.272852 0.194979 0.29577 0.07917195 0.29577 0.03534096 0.29577 0.07917195 0.227729 0.07917195 0.227729 0.03534096 0.29577 0.03534096 0.227729 0.07917195 0.227729 0.03534096 0.227729 0.07917195 0.173243 0.07917195 0.173243 0.03534096 0.227729 0.03534096 0.173243 0.07917195 0.173243 0.03534096 0.173243 0.07917195 0.04953294 0.194979 0.227729 0.194979 0.29577 0.1551319 0.29577 0.194979 0.227729 0.1551319 0.29577 0.1551319 0.227729 0.123004 0.173243 0.123004 0.227729 0.07917195 0.227729 0.07917195 0.227729 0.123004 0.227729 0.07917195 0.29577 0.123004 0.173243 0.07917195 0.227729 0.07917195 0.173243 0.194979 0.173243 0.194979 0.227729 0.1551319 0.227729 0.194979 0.173243 0.1551319 0.227729 0.1551319 0.173243 0.123004 0.04953294 0.123004 0.173243 0.07917195 0.173243 0.123004 0.04953294 0.07917195 0.173243 0.07917195 0.04953294 0.194979 0.04953294 0.194979 0.173243 0.1551319 0.173243 0.194979 0.04953294 0.1551319 0.173243 0.1551319 0.04953294 1.003605 -0.11781 1.267273 -0.11781 1.003605 -0.03926998 1.003605 -0.03926998 1.267273 -0.11781 1.267273 -0.03926998 1.003605 -0.03926998 1.267273 -0.03926998 1.003605 0.03926998 1.003605 0.03926998 1.267273 -0.03926998 1.267273 0.03926998 1.003605 0.03926998 1.267273 0.03926998 1.003605 0.11781 1.003605 0.11781 1.267273 0.03926998 1.267273 0.11781 -0.471239 -1.922421 -0.471239 -1.708819 -0.549779 -1.898688 -0.549779 -1.898688 -0.471239 -1.708819 -0.549779 -1.708819 -0.549779 -1.898688 -0.549779 -1.708819 -0.628319 -1.708819 -0.549779 -1.898688 -0.628319 -1.708819 -0.628319 -1.898688 -0.628319 -1.898688 -0.628319 -1.708819 -0.706858 -1.708819 -0.628319 -1.898688 -0.706858 -1.708819 -0.706858 -1.898688 -0.628319 -1.898688 -0.706858 -1.898688 -0.628319 -2.088557 -0.628319 -2.088557 -0.706858 -1.898688 -0.706858 -2.088557 -0.628319 -2.088557 -0.706858 -2.088557 -0.628319 -2.278425 -0.628319 -2.278425 -0.706858 -2.088557 -0.706858 -2.278425 -0.628319 -2.278425 -0.706858 -2.278425 -0.628319 -2.468294 -0.628319 -2.468294 -0.706858 -2.278425 -0.706858 -2.468294 -0.628319 -2.468294 -0.706858 -2.468294 -0.628319 -2.658163 -0.628319 -2.658163 -0.706858 -2.468294 -0.706858 -2.658163 -0.628319 -2.658163 -0.706858 -2.658163 -0.628319 -2.848032 -0.628319 -2.848032 -0.706858 -2.658163 -0.706858 -2.848032 -0.628319 -2.848032 -0.706858 -2.848032 -0.628319 -3.0379 -0.628319 -3.0379 -0.706858 -2.848032 -0.706858 -3.0379 -0.628319 -3.0379 -0.706858 -3.0379 -0.628319 -3.227769 -0.628319 -3.227769 -0.706858 -3.0379 -0.706858 -3.227769 -0.628319 -3.227769 -0.706858 -3.227769 -0.628319 -3.417638 -0.628319 -3.417638 -0.706858 -3.227769 -0.706858 -3.417638 -0.628319 -3.417638 -0.549779 -3.417638 -0.628319 -3.227769 -0.628319 -3.227769 -0.549779 -3.417638 -0.549779 -3.227769 -0.628319 -3.227769 -0.549779 -3.227769 -0.628319 -3.0379 -0.628319 -3.0379 -0.549779 -3.227769 -0.549779 -3.0379 -0.628319 -3.0379 -0.549779 -3.0379 -0.628319 -2.848032 -0.628319 -2.848032 -0.549779 -3.0379 -0.549779 -2.848032 -0.628319 -2.848032 -0.549779 -2.848032 -0.628319 -2.658163 -0.628319 -2.658163 -0.549779 -2.848032 -0.549779 -2.658163 -0.628319 -2.658163 -0.549779 -2.658163 -0.628319 -2.468294 -0.628319 -2.468294 -0.549779 -2.658163 -0.549779 -2.468294 -0.628319 -2.468294 -0.549779 -2.468294 -0.628319 -2.278425 -0.628319 -2.278425 -0.549779 -2.468294 -0.549779 -2.278425 -0.628319 -2.278425 -0.549779 -2.278425 -0.628319 -2.088557 -0.628319 -2.088557 -0.549779 -2.278425 -0.549779 -2.088557 -0.628319 -2.088557 -0.549779 -2.088557 -0.628319 -1.898688 -0.628319 -1.898688 -0.549779 -2.088557 -0.549779 -1.898688 -0.549779 -3.417638 -0.471239 -3.417638 -0.549779 -3.227769 -0.549779 -3.227769 -0.471239 -3.417638 -0.471239 -3.204036 -0.549779 -3.227769 -0.471239 -3.204036 -0.549779 -3.0379 -0.549779 -3.0379 -0.471239 -3.204036 -0.471239 -2.990433 -0.549779 -3.0379 -0.471239 -2.990433 -0.549779 -2.848032 -0.549779 -2.848032 -0.471239 -2.990433 -0.471239 -2.776831 -0.549779 -2.848032 -0.471239 -2.776831 -0.549779 -2.658163 -0.549779 -2.658163 -0.471239 -2.776831 -0.471239 -2.563229 -0.549779 -2.658163 -0.471239 -2.563229 -0.549779 -2.468294 -0.549779 -2.468294 -0.471239 -2.563229 -0.471239 -2.349626 -0.549779 -2.468294 -0.471239 -2.349626 -0.549779 -2.278425 -0.549779 -2.278425 -0.471239 -2.349626 -0.471239 -2.136024 -0.549779 -2.278425 -0.471239 -2.136024 -0.549779 -2.088557 -0.549779 -2.088557 -0.471239 -2.136024 -0.471239 -1.922421 -0.549779 -2.088557 -0.471239 -1.922421 -0.549779 -1.898688 -0.755142 -0.11781 -0.703605 -0.11781 -0.755142 -0.03926998 -0.755142 -0.03926998 -0.703605 -0.11781 -0.703605 -0.03926998 -0.755142 -0.03926998 -0.703605 -0.03926998 -0.755142 0.03926998 -0.755142 0.03926998 -0.703605 -0.03926998 -0.703605 0.03926998 -0.755142 0.03926998 -0.703605 0.03926998 -0.755142 0.11781 -0.755142 0.11781 -0.703605 0.03926998 -0.703605 0.11781 0.234769 0.322817 0.234769 0.430471 0.194985 0.349373 0.194985 0.349373 0.234769 0.430471 0.156602 0.430471 0.194985 0.349373 0.156602 0.430471 0.1552 0.349373 0.1552 0.349373 0.156602 0.430471 0.122974 0.349373 0.1552 0.349373 0.122974 0.349373 0.1552 0.268275 0.1552 0.268275 0.122974 0.349373 0.122974 0.268275 0.1552 0.268275 0.122974 0.268275 0.1552 0.204986 0.1552 0.204986 0.122974 0.268275 0.122974 0.204986 0.1552 0.204986 0.122974 0.204986 0.1552 0.131261 0.1552 0.131261 0.122974 0.204986 0.122974 0.131261 0.1552 0.131261 0.122974 0.131261 0.1552 0.05753499 0.1552 0.05753499 0.122974 0.131261 0.122974 0.05753499 0.1552 0.05753499 0.122974 0.05753499 0.156602 0 0.156602 0 0.122974 0.05753499 0.07822597 0 0.07822597 0 0.122974 0.05753499 0.07921099 0.05753499 0.07822597 0 0.07921099 0.05753499 0.03544795 0.05753499 0.03544795 0.05753499 0.07921099 0.05753499 0.03544795 0.131261 0.03544795 0.05753499 0.03544795 0.131261 0 0.107618 0 0.107618 0.03544795 0.131261 0 0.215236 0 0.215236 0.03544795 0.131261 0.03544795 0.204986 0 0.215236 0.03544795 0.204986 0.03544795 0.268275 0.03544795 0.268275 0.03544795 0.204986 0.07921099 0.204986 0.03544795 0.268275 0.07921099 0.204986 0.07921099 0.268275 0.07921099 0.268275 0.07921099 0.204986 0.122974 0.204986 0.07921099 0.268275 0.122974 0.204986 0.122974 0.268275 0.156602 0.430471 0.07822597 0.430471 0.122974 0.349373 0.122974 0.349373 0.07822597 0.430471 0.07921099 0.349373 0.122974 0.349373 0.07921099 0.349373 0.122974 0.268275 0.122974 0.268275 0.07921099 0.349373 0.07921099 0.268275 0.07921099 0.349373 0.07822597 0.430471 0.03544795 0.349373 0.03544795 0.349373 0.07822597 0.430471 0 0.430471 0.03544795 0.349373 0 0.430471 0 0.322854 0.03544795 0.349373 0 0.322854 0.03544795 0.268275 0.03544795 0.268275 0 0.322854 0 0.215236 0 0.107618 0 0 0.03544795 0.05753499 0.03544795 0.05753499 0 0 0.07822597 0 0.1552 0.05753499 0.156602 0 0.194985 0.05753499 0.194985 0.05753499 0.156602 0 0.234769 0 0.194985 0.05753499 0.234769 0 0.234769 0.107399 0.194985 0.05753499 0.234769 0.107399 0.194985 0.131261 0.194985 0.131261 0.234769 0.107399 0.234769 0.215257 0.194985 0.131261 0.234769 0.215257 0.194985 0.204986 0.194985 0.204986 0.234769 0.215257 0.194985 0.268275 0.194985 0.204986 0.194985 0.268275 0.1552 0.268275 0.1552 0.268275 0.194985 0.268275 0.1552 0.349373 0.234769 0.215257 0.234769 0.322817 0.194985 0.268275 0.194985 0.268275 0.234769 0.322817 0.194985 0.349373 0.194985 0.268275 0.194985 0.349373 0.1552 0.349373 0.07921099 0.268275 0.07921099 0.349373 0.03544795 0.349373 0.03544795 0.268275 0.07921099 0.268275 0.03544795 0.349373 0.194985 0.204986 0.1552 0.268275 0.1552 0.204986 0.122974 0.131261 0.122974 0.204986 0.07921099 0.204986 0.07921099 0.204986 0.03544795 0.204986 0.07921099 0.131261 0.07921099 0.131261 0.03544795 0.204986 0.03544795 0.131261 0.07921099 0.131261 0.03544795 0.131261 0.07921099 0.05753499 0.194985 0.131261 0.194985 0.204986 0.1552 0.204986 0.194985 0.131261 0.1552 0.204986 0.1552 0.131261 0.07921099 0.05753499 0.122974 0.05753499 0.07921099 0.131261 0.07921099 0.131261 0.122974 0.05753499 0.122974 0.131261 0.07921099 0.131261 0.122974 0.131261 0.07921099 0.204986 0.194985 0.131261 0.1552 0.131261 0.194985 0.05753499 0.194985 0.05753499 0.1552 0.131261 0.1552 0.05753499 0.234907 -0.753347 0.234907 0 0.1949 -0.753349 0.1949 -0.753349 0.234907 0 0.156687 0 0.1949 -0.753349 0.156687 0 0.1548939 -0.75335 0.1548939 -0.75335 0.156687 0 0.123046 -0.753351 0.1548939 -0.75335 0.123046 -0.753351 0.1548939 -1.484705 0.1548939 -1.484705 0.123046 -0.753351 0.123046 -1.484705 0.1548939 -1.484705 0.123046 -1.484705 0.1548939 -2.216062 0.1548939 -2.216062 0.123046 -1.484705 0.123046 -2.216062 0.1548939 -2.216062 0.123046 -2.216062 0.1548939 -2.947419 0.1548939 -2.947419 0.123046 -2.216062 0.123046 -2.947419 0.1548939 -2.947419 0.123046 -2.947419 0.1548939 -3.678777 0.1548939 -3.678777 0.123046 -2.947419 0.123046 -3.678777 0.1548939 -3.678777 0.123046 -3.678777 0.1548939 -4.477082 0.1548939 -4.477082 0.123046 -3.678777 0.123046 -4.477082 0.1548939 -4.477082 0.123046 -4.477082 0.1548939 -5.275389 0.1548939 -5.275389 0.123046 -4.477082 0.123046 -5.27539 0.1548939 -5.275389 0.123046 -5.27539 0.1548939 -6.331145 0.1548939 -6.331145 0.123046 -5.27539 0.123046 -6.331145 0.1548939 -6.331145 0.123046 -6.331145 0.156687 -7.386902 0.156687 -7.386902 0.123046 -6.331145 0.07827496 -7.386902 0.07827496 -7.386902 0.123046 -6.331145 0.07903897 -6.331145 0.07827496 -7.386902 0.07903897 -6.331145 0.03503197 -6.331145 0.03503197 -6.331145 0.07903897 -6.331145 0.03503197 -5.275392 0.03503197 -6.331145 0.03503197 -5.275392 0 -5.275393 0 -5.275393 0.03503197 -5.275392 0.03503197 -4.477082 0 -5.275393 0.03503197 -4.477082 0 -3.678777 0 -3.678777 0.03503197 -4.477082 0.03503197 -3.678777 0 -3.678777 0.03503197 -3.678777 0 -2.959252 0 -2.959252 0.03503197 -3.678777 0.03503197 -2.947419 0 -2.959252 0.03503197 -2.947419 0.03503197 -2.216062 0.03503197 -2.216062 0.03503197 -2.947419 0.07903897 -2.947419 0.03503197 -2.216062 0.07903897 -2.947419 0.07903897 -2.216062 0.07903897 -2.216062 0.07903897 -2.947419 0.123046 -2.947419 0.07903897 -2.216062 0.123046 -2.947419 0.123046 -2.216062 0.156687 0 0.07827496 0 0.123046 -0.753351 0.123046 -0.753351 0.07827496 0 0.07903897 -0.753352 0.123046 -0.753351 0.07903897 -0.753352 0.123046 -1.484705 0.123046 -1.484705 0.07903897 -0.753352 0.07903897 -1.484705 0.123046 -1.484705 0.07903897 -1.484705 0.123046 -2.216062 0.123046 -2.216062 0.07903897 -1.484705 0.07903897 -2.216062 0.07903897 -0.753352 0.07827496 0 0.03503197 -0.753353 0.03503197 -0.753353 0.07827496 0 0 0 0.03503197 -0.753353 0 0 0 -0.753354 0.03503197 -0.753353 0 -0.753354 0.03503197 -1.484705 0.03503197 -1.484705 0 -0.753354 0 -2.959252 0.03503197 -1.484705 0 -2.959252 0.03503197 -2.216062 0 -5.275393 0 -7.386902 0.03503197 -6.331145 0.03503197 -6.331145 0 -7.386902 0.07827496 -7.386902 0.1548939 -6.331145 0.156687 -7.386902 0.1949 -6.331145 0.1949 -6.331145 0.156687 -7.386902 0.234907 -7.386902 0.1949 -6.331145 0.234907 -7.386902 0.234907 -5.275387 0.234907 -3.678777 0.1949 -4.477082 0.234907 -5.275387 0.234907 -5.275387 0.1949 -4.477082 0.1949 -5.275388 0.234907 -5.275387 0.1949 -5.275388 0.1949 -6.331145 0.1949 -6.331145 0.1949 -5.275388 0.1548939 -5.275389 0.1949 -6.331145 0.1548939 -5.275389 0.1548939 -6.331145 0.234907 -2.216062 0.1949 -2.947419 0.234907 -3.678777 0.234907 -3.678777 0.1949 -2.947419 0.1949 -3.678777 0.234907 -3.678777 0.1949 -3.678777 0.1949 -4.477082 0.1949 -4.477082 0.1949 -3.678777 0.1548939 -3.678777 0.1949 -4.477082 0.1548939 -3.678777 0.1548939 -4.477082 0.234907 -0.753347 0.1949 -1.484705 0.234907 -2.216062 0.234907 -2.216062 0.1949 -1.484705 0.1949 -2.216062 0.234907 -2.216062 0.1949 -2.216062 0.1949 -2.947419 0.1949 -2.947419 0.1949 -2.216062 0.1548939 -2.216062 0.1949 -2.947419 0.1548939 -2.216062 0.1548939 -2.947419 0.1949 -1.484705 0.234907 -0.753347 0.1949 -0.753349 0.07903897 -1.484705 0.07903897 -0.753352 0.03503197 -0.753353 0.07903897 -1.484705 0.03503197 -0.753353 0.03503197 -1.484705 0.1949 -1.484705 0.1949 -0.753349 0.1548939 -0.75335 0.1949 -1.484705 0.1548939 -0.75335 0.1548939 -1.484705 0.07903897 -2.216062 0.07903897 -1.484705 0.03503197 -1.484705 0.03503197 -2.216062 0.07903897 -2.216062 0.03503197 -1.484705 0.1949 -2.216062 0.1949 -1.484705 0.1548939 -1.484705 0.1949 -2.216062 0.1548939 -1.484705 0.1548939 -2.216062 0.07903897 -2.947419 0.03503197 -2.947419 0.07903897 -3.678777 0.07903897 -3.678777 0.03503197 -2.947419 0.03503197 -3.678777 0.07903897 -3.678777 0.03503197 -3.678777 0.07903897 -4.477082 0.07903897 -4.477082 0.03503197 -3.678777 0.03503197 -4.477082 0.07903897 -4.477082 0.03503197 -4.477082 0.07903897 -5.275391 0.07903897 -5.275391 0.03503197 -4.477082 0.03503197 -5.275392 0.07903897 -5.275391 0.03503197 -5.275392 0.07903897 -6.331145 0.123046 -2.947419 0.07903897 -2.947419 0.123046 -3.678777 0.123046 -3.678777 0.07903897 -2.947419 0.07903897 -3.678777 0.123046 -3.678777 0.07903897 -3.678777 0.123046 -4.477082 0.123046 -4.477082 0.07903897 -3.678777 0.07903897 -4.477082 0.123046 -4.477082 0.07903897 -4.477082 0.123046 -5.27539 0.123046 -5.27539 0.07903897 -4.477082 0.07903897 -5.275391 0.123046 -5.27539 0.07903897 -5.275391 0.123046 -6.331145 0.123046 -6.331145 0.07903897 -5.275391 0.07903897 -6.331145 0.1949 -2.947419 0.1548939 -2.947419 0.1949 -3.678777 0.1949 -3.678777 0.1548939 -2.947419 0.1548939 -3.678777 0.1949 -5.275388 0.1949 -4.477082 0.1548939 -4.477082 0.1949 -5.275388 0.1548939 -4.477082 0.1548939 -5.275389 0.234795 0.302176 0.234795 0.402915 0.194983 0.327246 0.194983 0.327246 0.234795 0.402915 0.1566179 0.402915 0.194983 0.327246 0.1566179 0.402915 0.15517 0.327246 0.15517 0.327246 0.1566179 0.402915 0.122988 0.327246 0.15517 0.327246 0.122988 0.327246 0.15517 0.251577 0.15517 0.251577 0.122988 0.327246 0.122988 0.251577 0.15517 0.251577 0.122988 0.251577 0.15517 0.191864 0.15517 0.191864 0.122988 0.251577 0.122988 0.191864 0.15517 0.191864 0.122988 0.191864 0.15517 0.123074 0.15517 0.123074 0.122988 0.191864 0.122988 0.123074 0.15517 0.123074 0.122988 0.123074 0.15517 0.05428498 0.15517 0.05428498 0.122988 0.123074 0.122988 0.05428498 0.15517 0.05428498 0.122988 0.05428498 0.1566179 0 0.1566179 0 0.122988 0.05428498 0.07823497 0 0.07823497 0 0.122988 0.05428498 0.079194 0.05428498 0.07823497 0 0.079194 0.05428498 0.03540098 0.05428498 0.03540098 0.05428498 0.079194 0.05428498 0.03540098 0.123074 0.03540098 0.05428498 0.03540098 0.123074 0 0.100729 0 0.100729 0.03540098 0.123074 0 0.201457 0 0.201457 0.03540098 0.123074 0.03540098 0.191864 0 0.201457 0.03540098 0.191864 0.03540098 0.251577 0.03540098 0.251577 0.03540098 0.191864 0.079194 0.191864 0.03540098 0.251577 0.079194 0.191864 0.079194 0.251577 0.079194 0.251577 0.079194 0.191864 0.122988 0.191864 0.079194 0.251577 0.122988 0.191864 0.122988 0.251577 0.1566179 0.402915 0.07823497 0.402915 0.122988 0.327246 0.122988 0.327246 0.07823497 0.402915 0.079194 0.327246 0.122988 0.327246 0.079194 0.327246 0.122988 0.251577 0.122988 0.251577 0.079194 0.327246 0.079194 0.251577 0.079194 0.327246 0.07823497 0.402915 0.03540098 0.327246 0.03540098 0.327246 0.07823497 0.402915 0 0.402915 0.03540098 0.327246 0 0.402915 0 0.302186 0.03540098 0.327246 0 0.302186 0.03540098 0.251577 0.03540098 0.251577 0 0.302186 0 0.201457 0 0.100729 0 0 0.03540098 0.05428498 0.03540098 0.05428498 0 0 0.07823497 0 0.15517 0.05428498 0.1566179 0 0.194983 0.05428498 0.194983 0.05428498 0.1566179 0 0.234795 0 0.194983 0.05428498 0.234795 0 0.234795 0.100735 0.194983 0.05428498 0.234795 0.100735 0.194983 0.123074 0.194983 0.123074 0.234795 0.100735 0.234795 0.201451 0.194983 0.123074 0.234795 0.201451 0.194983 0.191864 0.194983 0.191864 0.234795 0.201451 0.194983 0.251577 0.194983 0.191864 0.194983 0.251577 0.15517 0.251577 0.15517 0.251577 0.194983 0.251577 0.15517 0.327246 0.234795 0.201451 0.234795 0.302176 0.194983 0.251577 0.194983 0.251577 0.234795 0.302176 0.194983 0.327246 0.194983 0.251577 0.194983 0.327246 0.15517 0.327246 0.079194 0.251577 0.079194 0.327246 0.03540098 0.327246 0.03540098 0.251577 0.079194 0.251577 0.03540098 0.327246 0.194983 0.191864 0.15517 0.251577 0.15517 0.191864 0.122988 0.123074 0.122988 0.191864 0.079194 0.191864 0.079194 0.191864 0.03540098 0.191864 0.079194 0.123074 0.079194 0.123074 0.03540098 0.191864 0.03540098 0.123074 0.079194 0.123074 0.03540098 0.123074 0.079194 0.05428498 0.194983 0.123074 0.194983 0.191864 0.15517 0.191864 0.194983 0.123074 0.15517 0.191864 0.15517 0.123074 0.079194 0.05428498 0.122988 0.05428498 0.079194 0.123074 0.079194 0.123074 0.122988 0.05428498 0.122988 0.123074 0.079194 0.123074 0.122988 0.123074 0.079194 0.191864 0.194983 0.123074 0.15517 0.123074 0.194983 0.05428498 0.194983 0.05428498 0.15517 0.123074 0.15517 0.05428498 0.755736 -0.11781 0.893372 -0.11781 0.755736 -0.03926998 0.755736 -0.03926998 0.893372 -0.11781 0.893372 -0.03926998 0.755736 -0.03926998 0.893372 -0.03926998 0.755736 0.03926998 0.755736 0.03926998 0.893372 -0.03926998 0.893372 0.03926998 0.755736 0.03926998 0.893372 0.03926998 0.755736 0.11781 0.755736 0.11781 0.893372 0.03926998 0.893372 0.11781 -0.471239 -1.922421 -0.471239 -1.708819 -0.549779 -1.898688 -0.549779 -1.898688 -0.471239 -1.708819 -0.549779 -1.708819 -0.549779 -1.898688 -0.549779 -1.708819 -0.628319 -1.708819 -0.549779 -1.898688 -0.628319 -1.708819 -0.628319 -1.898688 -0.628319 -1.898688 -0.628319 -1.708819 -0.706858 -1.708819 -0.628319 -1.898688 -0.706858 -1.708819 -0.706858 -1.898688 -0.628319 -1.898688 -0.706858 -1.898688 -0.628319 -2.088557 -0.628319 -2.088557 -0.706858 -1.898688 -0.706858 -2.088557 -0.628319 -2.088557 -0.706858 -2.088557 -0.628319 -2.278425 -0.628319 -2.278425 -0.706858 -2.088557 -0.706858 -2.278425 -0.628319 -2.278425 -0.706858 -2.278425 -0.628319 -2.468294 -0.628319 -2.468294 -0.706858 -2.278425 -0.706858 -2.468294 -0.628319 -2.468294 -0.706858 -2.468294 -0.628319 -2.658163 -0.628319 -2.658163 -0.706858 -2.468294 -0.706858 -2.658163 -0.628319 -2.658163 -0.706858 -2.658163 -0.628319 -2.848032 -0.628319 -2.848032 -0.706858 -2.658163 -0.706858 -2.848032 -0.628319 -2.848032 -0.706858 -2.848032 -0.628319 -3.0379 -0.628319 -3.0379 -0.706858 -2.848032 -0.706858 -3.0379 -0.628319 -3.0379 -0.706858 -3.0379 -0.628319 -3.227769 -0.628319 -3.227769 -0.706858 -3.0379 -0.706858 -3.227769 -0.628319 -3.227769 -0.706858 -3.227769 -0.628319 -3.417638 -0.628319 -3.417638 -0.706858 -3.227769 -0.706858 -3.417638 -0.628319 -3.417638 -0.549779 -3.417638 -0.628319 -3.227769 -0.628319 -3.227769 -0.549779 -3.417638 -0.549779 -3.227769 -0.628319 -3.227769 -0.549779 -3.227769 -0.628319 -3.0379 -0.628319 -3.0379 -0.549779 -3.227769 -0.549779 -3.0379 -0.628319 -3.0379 -0.549779 -3.0379 -0.628319 -2.848032 -0.628319 -2.848032 -0.549779 -3.0379 -0.549779 -2.848032 -0.628319 -2.848032 -0.549779 -2.848032 -0.628319 -2.658163 -0.628319 -2.658163 -0.549779 -2.848032 -0.549779 -2.658163 -0.628319 -2.658163 -0.549779 -2.658163 -0.628319 -2.468294 -0.628319 -2.468294 -0.549779 -2.658163 -0.549779 -2.468294 -0.628319 -2.468294 -0.549779 -2.468294 -0.628319 -2.278425 -0.628319 -2.278425 -0.549779 -2.468294 -0.549779 -2.278425 -0.628319 -2.278425 -0.549779 -2.278425 -0.628319 -2.088557 -0.628319 -2.088557 -0.549779 -2.278425 -0.549779 -2.088557 -0.628319 -2.088557 -0.549779 -2.088557 -0.628319 -1.898688 -0.628319 -1.898688 -0.549779 -2.088557 -0.549779 -1.898688 -0.549779 -3.417638 -0.471239 -3.417638 -0.549779 -3.227769 -0.549779 -3.227769 -0.471239 -3.417638 -0.471239 -3.204036 -0.549779 -3.227769 -0.471239 -3.204036 -0.549779 -3.0379 -0.549779 -3.0379 -0.471239 -3.204036 -0.471239 -2.990433 -0.549779 -3.0379 -0.471239 -2.990433 -0.549779 -2.848032 -0.549779 -2.848032 -0.471239 -2.990433 -0.471239 -2.776831 -0.549779 -2.848032 -0.471239 -2.776831 -0.549779 -2.658163 -0.549779 -2.658163 -0.471239 -2.776831 -0.471239 -2.563229 -0.549779 -2.658163 -0.471239 -2.563229 -0.549779 -2.468294 -0.549779 -2.468294 -0.471239 -2.563229 -0.471239 -2.349626 -0.549779 -2.468294 -0.471239 -2.349626 -0.549779 -2.278425 -0.549779 -2.278425 -0.471239 -2.349626 -0.471239 -2.136024 -0.549779 -2.278425 -0.471239 -2.136024 -0.549779 -2.088557 -0.549779 -2.088557 -0.471239 -2.136024 -0.471239 -1.922421 -0.549779 -2.088557 -0.471239 -1.922421 -0.549779 -1.898688 -0.680963 -0.11781 -0.505736 -0.11781 -0.680963 -0.03926998 -0.680963 -0.03926998 -0.505736 -0.11781 -0.505736 -0.03926998 -0.680963 -0.03926998 -0.505736 -0.03926998 -0.680963 0.03926998 -0.680963 0.03926998 -0.505736 -0.03926998 -0.505736 0.03926998 -0.680963 0.03926998 -0.505736 0.03926998 -0.680963 0.11781 -0.680963 0.11781 -0.505736 0.03926998 -0.505736 0.11781 0.234805 0.29301 0.234805 0.390851 0.194981 0.317545 0.194981 0.317545 0.234805 0.390851 0.156625 0.390851 0.194981 0.317545 0.156625 0.390851 0.155158 0.317545 0.155158 0.317545 0.156625 0.390851 0.122993 0.317545 0.155158 0.317545 0.122993 0.317545 0.155158 0.244239 0.155158 0.244239 0.122993 0.317545 0.122993 0.244239 0.155158 0.244239 0.122993 0.244239 0.155158 0.186119 0.155158 0.186119 0.122993 0.244239 0.122993 0.186119 0.155158 0.186119 0.122993 0.186119 0.155158 0.119478 0.155158 0.119478 0.122993 0.186119 0.122993 0.119478 0.155158 0.119478 0.122993 0.119478 0.155158 0.052836 0.155158 0.052836 0.122993 0.119478 0.122993 0.052836 0.155158 0.052836 0.122993 0.052836 0.156625 0 0.156625 0 0.122993 0.052836 0.07823801 0 0.07823801 0 0.122993 0.052836 0.07918697 0.052836 0.07823801 0 0.07918697 0.052836 0.03538095 0.052836 0.03538095 0.052836 0.07918697 0.052836 0.03538095 0.119478 0.03538095 0.052836 0.03538095 0.119478 0 0.09771299 0 0.09771299 0.03538095 0.119478 0 0.195425 0 0.195425 0.03538095 0.119478 0.03538095 0.186119 0 0.195425 0.03538095 0.186119 0.03538095 0.244239 0.03538095 0.244239 0.03538095 0.186119 0.07918697 0.186119 0.03538095 0.244239 0.07918697 0.186119 0.07918697 0.244239 0.07918697 0.244239 0.07918697 0.186119 0.122993 0.186119 0.07918697 0.244239 0.122993 0.186119 0.122993 0.244239 0.156625 0.390851 0.07823801 0.390851 0.122993 0.317545 0.122993 0.317545 0.07823801 0.390851 0.07918697 0.317545 0.122993 0.317545 0.07918697 0.317545 0.122993 0.244239 0.122993 0.244239 0.07918697 0.317545 0.07918697 0.244239 0.07918697 0.317545 0.07823801 0.390851 0.03538095 0.317545 0.03538095 0.317545 0.07823801 0.390851 0 0.390851 0.03538095 0.317545 0 0.390851 0 0.293138 0.03538095 0.317545 0 0.293138 0.03538095 0.244239 0.03538095 0.244239 0 0.293138 0 0.195425 0 0.09771299 0 0 0.03538095 0.052836 0.03538095 0.052836 0 0 0.07823801 0 0.155158 0.052836 0.156625 0 0.194981 0.052836 0.194981 0.052836 0.156625 0 0.234805 0 0.194981 0.052836 0.234805 0 0.234805 0.09759896 0.194981 0.052836 0.234805 0.09759896 0.194981 0.119478 0.194981 0.119478 0.234805 0.09759896 0.234805 0.195462 0.194981 0.119478 0.234805 0.195462 0.194981 0.186119 0.194981 0.186119 0.234805 0.195462 0.194981 0.244239 0.194981 0.186119 0.194981 0.244239 0.155158 0.244239 0.155158 0.244239 0.194981 0.244239 0.155158 0.317545 0.234805 0.195462 0.234805 0.29301 0.194981 0.244239 0.194981 0.244239 0.234805 0.29301 0.194981 0.317545 0.194981 0.244239 0.194981 0.317545 0.155158 0.317545 0.07918697 0.244239 0.07918697 0.317545 0.03538095 0.317545 0.03538095 0.244239 0.07918697 0.244239 0.03538095 0.317545 0.194981 0.186119 0.155158 0.244239 0.155158 0.186119 0.122993 0.119478 0.122993 0.186119 0.07918697 0.186119 0.07918697 0.186119 0.03538095 0.186119 0.07918697 0.119478 0.07918697 0.119478 0.03538095 0.186119 0.03538095 0.119478 0.07918697 0.119478 0.03538095 0.119478 0.07918697 0.052836 0.194981 0.119478 0.194981 0.186119 0.155158 0.186119 0.194981 0.119478 0.155158 0.186119 0.155158 0.119478 0.07918697 0.052836 0.122993 0.052836 0.07918697 0.119478 0.07918697 0.119478 0.122993 0.052836 0.122993 0.119478 0.07918697 0.119478 0.122993 0.119478 0.07918697 0.186119 0.194981 0.119478 0.155158 0.119478 0.194981 0.052836 0.194981 0.052836 0.155158 0.119478 0.155158 0.052836 0.234907 -0.733062 0.234907 0 0.1949 -0.870722 0.1949 -0.870722 0.234907 0 0.156687 0 0.1949 -0.870722 0.156687 0 0.1548939 -0.870722 0.1548939 -0.870722 0.156687 0 0.123046 -0.870722 0.1548939 -0.870722 0.123046 -0.870722 0.1548939 -1.466125 0.1548939 -1.466125 0.123046 -0.870722 0.123046 -1.466126 0.1548939 -1.466125 0.123046 -1.466126 0.1548939 -2.052209 0.1548939 -2.052209 0.123046 -1.466126 0.123046 -2.052209 0.1548939 -2.052209 0.123046 -2.052209 0.1548939 -2.147324 0.1548939 -2.147324 0.123046 -2.052209 0.123046 -2.147324 0.1548939 -2.147324 0.123046 -2.147324 0.156687 -2.345251 0.156687 -2.345251 0.123046 -2.147324 0.07827496 -2.345251 0.07827496 -2.345251 0.123046 -2.147324 0.07903897 -2.147324 0.07827496 -2.345251 0.07903897 -2.147324 0.03503197 -2.147324 0.03503197 -2.147324 0.07903897 -2.147324 0.03503197 -2.052209 0.03503197 -2.147324 0.03503197 -2.052209 0 -2.345251 0 -2.345251 0.03503197 -2.052209 0 -1.905695 0 -1.905695 0.03503197 -2.052209 0 -1.466127 0 -1.466127 0.03503197 -2.052209 0.03503197 -1.466127 0 -1.466127 0.03503197 -1.466127 0.03503197 -0.870722 0.03503197 -0.870722 0.03503197 -1.466127 0.07903897 -1.466126 0.03503197 -0.870722 0.07903897 -1.466126 0.07903897 -0.870722 0.07903897 -0.870722 0.07903897 -1.466126 0.123046 -1.466126 0.07903897 -0.870722 0.123046 -1.466126 0.123046 -0.870722 0.156687 0 0.07827496 0 0.123046 -0.870722 0.123046 -0.870722 0.07827496 0 0.07903897 -0.870722 0.07903897 -0.870722 0.07827496 0 0.03503197 -0.870722 0.03503197 -0.870722 0.07827496 0 0 0 0.03503197 -0.870722 0 0 0 -0.860347 0 -0.860347 0 -1.466127 0.03503197 -0.870722 0 -2.345251 0.07827496 -2.345251 0.03503197 -2.147324 0.1548939 -2.147324 0.156687 -2.345251 0.1949 -2.147324 0.1949 -2.147324 0.156687 -2.345251 0.234907 -2.345251 0.1949 -2.147324 0.234907 -2.345251 0.234907 -1.905688 0.234907 -1.466124 0.1949 -1.466125 0.234907 -1.905688 0.234907 -1.905688 0.1949 -1.466125 0.1949 -2.052209 0.234907 -1.905688 0.1949 -2.052209 0.1949 -2.147324 0.1949 -2.147324 0.1949 -2.052209 0.1548939 -2.052209 0.1949 -2.147324 0.1548939 -2.052209 0.1548939 -2.147324 0.1949 -1.466125 0.234907 -1.466124 0.1949 -0.870722 0.1949 -0.870722 0.234907 -1.466124 0.234907 -0.733062 0.1949 -1.466125 0.1949 -0.870722 0.1548939 -0.870722 0.1949 -1.466125 0.1548939 -0.870722 0.1548939 -1.466125 0.07903897 -1.466126 0.03503197 -1.466127 0.07903897 -2.052209 0.07903897 -2.052209 0.03503197 -1.466127 0.03503197 -2.052209 0.07903897 -2.052209 0.03503197 -2.052209 0.07903897 -2.147324 0.123046 -1.466126 0.07903897 -1.466126 0.123046 -2.052209 0.123046 -2.052209 0.07903897 -1.466126 0.07903897 -2.052209 0.123046 -2.052209 0.07903897 -2.052209 0.123046 -2.147324 0.123046 -2.147324 0.07903897 -2.052209 0.07903897 -2.147324 0.1949 -1.466125 0.1548939 -1.466125 0.1949 -2.052209 0.1949 -2.052209 0.1548939 -1.466125 0.1548939 -2.052209 0.234839 1.0761 0.156647 1.0761 0.234839 0.941526 0.234839 0.941526 0.156647 1.0761 0.1949599 0.878626 0.234839 0.941526 0.1949599 0.878626 0.234839 0.806975 0.234839 0.806975 0.1949599 0.878626 0.1949599 0.681152 0.234839 0.806975 0.1949599 0.681152 0.234839 0.67258 0.234839 0.67258 0.1949599 0.681152 0.1949599 0.589293 0.234839 0.67258 0.1949599 0.589293 0.234839 0.538011 0.234839 0.538011 0.1949599 0.589293 0.1949599 0.370854 0.234839 0.538011 0.1949599 0.370854 0.234838 0.403525 0.234838 0.403525 0.1949599 0.370854 0.234839 0.268931 0.234839 0.268931 0.1949599 0.370854 0.1949599 0.261635 0.234839 0.268931 0.1949599 0.261635 0.1949599 0.152415 0.1949599 0.152415 0.1949599 0.261635 0.155082 0.261635 0.1949599 0.152415 0.155082 0.261635 0.155082 0.152415 0.155082 0.152415 0.155082 0.261635 0.123011 0.261635 0.155082 0.152415 0.123011 0.261635 0.123011 0.152415 0.123011 0.152415 0.123011 0.261635 0.079144 0.261635 0.123011 0.152415 0.079144 0.261635 0.079144 0.152415 0.079144 0.152415 0.079144 0.261635 0.03527796 0.261635 0.079144 0.152415 0.03527796 0.261635 0.03527796 0.152415 0.03527796 0.152415 0.03527796 0.261635 0 0.269025 0.03527796 0.152415 0 0.269025 0 0.134512 0.07824999 1.0761 0.123011 0.878626 0.156647 1.0761 0.156647 1.0761 0.123011 0.878626 0.155082 0.878626 0.156647 1.0761 0.155082 0.878626 0.1949599 0.878626 0.1949599 0.878626 0.155082 0.878626 0.1949599 0.681152 0 1.0761 0.03527796 0.878626 0.07824999 1.0761 0.07824999 1.0761 0.03527796 0.878626 0.079144 0.878626 0.07824999 1.0761 0.079144 0.878626 0.123011 0.878626 0.123011 0.878626 0.079144 0.878626 0.123011 0.681152 0.123011 0.878626 0.123011 0.681152 0.155082 0.681152 0.155082 0.681152 0.123011 0.681152 0.155082 0.589293 0.155082 0.681152 0.155082 0.589293 0.1949599 0.589293 0.1949599 0.589293 0.155082 0.589293 0.1949599 0.370854 0 1.0761 0 0.941587 0.03527796 0.878626 0.03527796 0.878626 0 0.941587 0 0.807075 0.03527796 0.878626 0 0.807075 0.03527796 0.681152 0.03527796 0.681152 0 0.807075 0 0.672562 0.03527796 0.681152 0 0.672562 0.03527796 0.589293 0.03527796 0.589293 0 0.672562 0 0.53805 0.03527796 0.589293 0 0.53805 0.03527796 0.370854 0.03527796 0.370854 0 0.53805 0 0.403537 0.03527796 0.370854 0 0.403537 0 0.269025 0 0.134512 0 0 0.03527796 0.152415 0.03527796 0.152415 0 0 0.07824999 0 0.03527796 0.152415 0.07824999 0 0.079144 0.152415 0.079144 0.152415 0.07824999 0 0.123011 0.152415 0.07824999 0 0.156647 0 0.123011 0.152415 0.123011 0.152415 0.156647 0 0.155082 0.152415 0.155082 0.152415 0.156647 0 0.1949599 0.152415 0.1949599 0.152415 0.156647 0 0.234839 0 0.1949599 0.152415 0.234839 0 0.234839 0.134441 0.234839 0.134441 0.234839 0.268931 0.1949599 0.152415 0.079144 0.878626 0.03527796 0.878626 0.079144 0.681152 0.079144 0.681152 0.03527796 0.878626 0.03527796 0.681152 0.079144 0.681152 0.03527796 0.681152 0.079144 0.589293 0.079144 0.589293 0.03527796 0.681152 0.03527796 0.589293 0.079144 0.589293 0.03527796 0.589293 0.079144 0.370854 0.079144 0.370854 0.03527796 0.589293 0.03527796 0.370854 0.079144 0.370854 0.03527796 0.370854 0.079144 0.261635 0.079144 0.261635 0.03527796 0.370854 0.03527796 0.261635 0.1949599 0.681152 0.155082 0.878626 0.155082 0.681152 0.155082 0.681152 0.155082 0.878626 0.123011 0.878626 0.079144 0.878626 0.079144 0.681152 0.123011 0.681152 0.123011 0.681152 0.079144 0.681152 0.123011 0.589293 0.123011 0.681152 0.123011 0.589293 0.155082 0.589293 0.155082 0.589293 0.123011 0.589293 0.155082 0.370854 0.155082 0.589293 0.155082 0.370854 0.1949599 0.370854 0.1949599 0.370854 0.155082 0.370854 0.1949599 0.261635 0.123011 0.589293 0.079144 0.681152 0.079144 0.589293 0.1949599 0.589293 0.1949599 0.681152 0.155082 0.681152 0.123011 0.589293 0.079144 0.589293 0.123011 0.370854 0.123011 0.370854 0.079144 0.589293 0.079144 0.370854 0.123011 0.370854 0.079144 0.370854 0.123011 0.261635 0.123011 0.261635 0.079144 0.370854 0.079144 0.261635 0.123011 0.589293 0.123011 0.370854 0.155082 0.370854 0.155082 0.370854 0.123011 0.370854 0.155082 0.261635 0.155082 0.370854 0.155082 0.261635 0.1949599 0.261635 0.155082 0.261635 0.123011 0.370854 0.123011 0.261635 0 0.269025 0.03527796 0.261635 0.03527796 0.370854 0.711753 -0.11781 1.482834 -0.11781 0.711753 -0.03926998 0.711753 -0.03926998 1.482834 -0.11781 1.482834 -0.03926998 0.711753 -0.03926998 1.482834 -0.03926998 0.711753 0.03926998 0.711753 0.03926998 1.482834 -0.03926998 1.482834 0.03926998 0.711753 0.03926998 1.482834 0.03926998 0.711753 0.11781 0.711753 0.11781 1.482834 0.03926998 1.482834 0.11781 -0.471239 0.671236 -0.549779 0.671236 -0.471239 0.223745 -0.471239 0.223745 -0.549779 0.671236 -0.549779 0.223745 -0.471239 0.223745 -0.549779 0.223745 -0.471239 -0.223745 -0.471239 -0.223745 -0.549779 0.223745 -0.549779 -0.223745 -0.471239 -0.223745 -0.549779 -0.223745 -0.471239 -0.671236 -0.471239 -0.671236 -0.549779 -0.223745 -0.549779 -0.671236 -0.549779 -0.671236 -0.549779 -0.223745 -0.628319 -0.223745 -0.549779 -0.671236 -0.628319 -0.223745 -0.628319 -0.671236 -0.628319 -0.671236 -0.628319 -0.223745 -0.706858 -0.223745 -0.628319 -0.671236 -0.706858 -0.223745 -0.706858 -0.671236 -0.549779 0.671236 -0.628319 0.671236 -0.549779 0.223745 -0.549779 0.223745 -0.628319 0.671236 -0.628319 0.223745 -0.549779 0.223745 -0.628319 0.223745 -0.549779 -0.223745 -0.549779 -0.223745 -0.628319 0.223745 -0.628319 -0.223745 -0.628319 0.671236 -0.706858 0.671236 -0.628319 0.223745 -0.628319 0.223745 -0.706858 0.671236 -0.706858 0.223745 -0.628319 0.223745 -0.706858 0.223745 -0.628319 -0.223745 -0.628319 -0.223745 -0.706858 0.223745 -0.706858 -0.223745 -2.311054 -0.11781 -1.539973 -0.11781 -2.311054 -0.03926998 -2.311054 -0.03926998 -1.539973 -0.11781 -1.539973 -0.03926998 -2.311054 -0.03926998 -1.539973 -0.03926998 -2.311054 0.03926998 -2.311054 0.03926998 -1.539973 -0.03926998 -1.539973 0.03926998 -2.311054 0.03926998 -1.539973 0.03926998 -2.311054 0.11781 -2.311054 0.11781 -1.539973 0.03926998 -1.539973 0.11781 0.234839 1.0761 0.156647 1.0761 0.234839 0.941587 0.234839 0.941587 0.156647 1.0761 0.1949599 0.878626 0.234839 0.941587 0.1949599 0.878626 0.234839 0.807075 0.234839 0.807075 0.1949599 0.878626 0.1949599 0.681152 0.234839 0.807075 0.1949599 0.681152 0.234839 0.672562 0.234839 0.672562 0.1949599 0.681152 0.1949599 0.589293 0.234839 0.672562 0.1949599 0.589293 0.234839 0.53805 0.234839 0.53805 0.1949599 0.589293 0.1949599 0.370854 0.234839 0.53805 0.1949599 0.370854 0.234839 0.403537 0.234839 0.403537 0.1949599 0.370854 0.234839 0.269025 0.234839 0.269025 0.1949599 0.370854 0.1949599 0.261635 0.234839 0.269025 0.1949599 0.261635 0.1949599 0.152415 0.1949599 0.152415 0.1949599 0.261635 0.155082 0.261635 0.1949599 0.152415 0.155082 0.261635 0.155082 0.152415 0.155082 0.152415 0.155082 0.261635 0.123011 0.261635 0.155082 0.152415 0.123011 0.261635 0.123011 0.152415 0.123011 0.152415 0.123011 0.261635 0.079144 0.261635 0.123011 0.152415 0.079144 0.261635 0.079144 0.152415 0.079144 0.152415 0.079144 0.261635 0.03527796 0.261635 0.079144 0.152415 0.03527796 0.261635 0.03527796 0.152415 0.03527796 0.152415 0.03527796 0.261635 0 0.269025 0.03527796 0.152415 0 0.269025 0 0.134512 0.07824999 1.0761 0.123011 0.878626 0.156647 1.0761 0.156647 1.0761 0.123011 0.878626 0.155082 0.878626 0.156647 1.0761 0.155082 0.878626 0.1949599 0.878626 0.1949599 0.878626 0.155082 0.878626 0.1949599 0.681152 0 1.0761 0.03527796 0.878626 0.07824999 1.0761 0.07824999 1.0761 0.03527796 0.878626 0.079144 0.878626 0.07824999 1.0761 0.079144 0.878626 0.123011 0.878626 0.123011 0.878626 0.079144 0.878626 0.123011 0.681152 0.123011 0.878626 0.123011 0.681152 0.155082 0.681152 0.155082 0.681152 0.123011 0.681152 0.155082 0.589293 0.155082 0.681152 0.155082 0.589293 0.1949599 0.589293 0.1949599 0.589293 0.155082 0.589293 0.1949599 0.370854 0 1.0761 0 0.941587 0.03527796 0.878626 0.03527796 0.878626 0 0.941587 0 0.807075 0.03527796 0.878626 0 0.807075 0.03527796 0.681152 0.03527796 0.681152 0 0.807075 0 0.672562 0.03527796 0.681152 0 0.672562 0.03527796 0.589293 0.03527796 0.589293 0 0.672562 0 0.53805 0.03527796 0.589293 0 0.53805 0.03527796 0.370854 0.03527796 0.370854 0 0.53805 0 0.403537 0.03527796 0.370854 0 0.403537 0 0.269025 0 0.134512 0 0 0.03527796 0.152415 0.03527796 0.152415 0 0 0.07824999 0 0.03527796 0.152415 0.07824999 0 0.079144 0.152415 0.079144 0.152415 0.07824999 0 0.123011 0.152415 0.07824999 0 0.156647 0 0.123011 0.152415 0.123011 0.152415 0.156647 0 0.155082 0.152415 0.155082 0.152415 0.156647 0 0.1949599 0.152415 0.1949599 0.152415 0.156647 0 0.234839 0 0.1949599 0.152415 0.234839 0 0.234839 0.134512 0.234839 0.134512 0.234839 0.269025 0.1949599 0.152415 0.079144 0.878626 0.03527796 0.878626 0.079144 0.681152 0.079144 0.681152 0.03527796 0.878626 0.03527796 0.681152 0.079144 0.681152 0.03527796 0.681152 0.079144 0.589293 0.079144 0.589293 0.03527796 0.681152 0.03527796 0.589293 0.079144 0.589293 0.03527796 0.589293 0.079144 0.370854 0.079144 0.370854 0.03527796 0.589293 0.03527796 0.370854 0.079144 0.370854 0.03527796 0.370854 0.079144 0.261635 0.079144 0.261635 0.03527796 0.370854 0.03527796 0.261635 0.1949599 0.681152 0.155082 0.878626 0.155082 0.681152 0.155082 0.681152 0.155082 0.878626 0.123011 0.878626 0.079144 0.878626 0.079144 0.681152 0.123011 0.681152 0.123011 0.681152 0.079144 0.681152 0.123011 0.589293 0.123011 0.681152 0.123011 0.589293 0.155082 0.589293 0.155082 0.589293 0.123011 0.589293 0.155082 0.370854 0.155082 0.589293 0.155082 0.370854 0.1949599 0.370854 0.1949599 0.370854 0.155082 0.370854 0.1949599 0.261635 0.123011 0.589293 0.079144 0.681152 0.079144 0.589293 0.1949599 0.589293 0.1949599 0.681152 0.155082 0.681152 0.123011 0.589293 0.079144 0.589293 0.123011 0.370854 0.123011 0.370854 0.079144 0.589293 0.079144 0.370854 0.123011 0.370854 0.079144 0.370854 0.123011 0.261635 0.123011 0.261635 0.079144 0.370854 0.079144 0.261635 0.123011 0.589293 0.123011 0.370854 0.155082 0.370854 0.155082 0.370854 0.123011 0.370854 0.155082 0.261635 0.155082 0.370854 0.155082 0.261635 0.1949599 0.261635 0.155082 0.261635 0.123011 0.370854 0.123011 0.261635 0 0.269025 0.03527796 0.261635 0.03527796 0.370854 0.234907 -0.439564 0.234907 0 0.1949 -0.879126 0.1949 -0.879126 0.234907 0 0.156687 0 0.1949 -0.879126 0.156687 0 0.1548939 -0.879126 0.1548939 -0.879126 0.156687 0 0.123046 -0.879125 0.1548939 -0.879126 0.123046 -0.879125 0.123046 -1.411585 0.123046 -1.411585 0.123046 -0.879125 0.07903897 -1.411585 0.123046 -1.411585 0.07903897 -1.411585 0.07827496 -2.345251 0.07827496 -2.345251 0.07903897 -1.411585 0.03503197 -1.411585 0.07827496 -2.345251 0.03503197 -1.411585 0 -2.345251 0 -2.345251 0.03503197 -1.411585 0 -1.738219 0 -1.738219 0.03503197 -1.411585 0 -0.879124 0 -0.879124 0.03503197 -1.411585 0.03503197 -0.879124 0 -0.879124 0.03503197 -0.879124 0 -0.439556 0 -0.439556 0.03503197 -0.879124 0 0 0 0 0.03503197 -0.879124 0.07827496 0 0.07827496 0 0.03503197 -0.879124 0.07903897 -0.879125 0.07827496 0 0.07903897 -0.879125 0.123046 -0.879125 0.123046 -0.879125 0.07903897 -0.879125 0.07903897 -1.411585 0.156687 0 0.07827496 0 0.123046 -0.879125 0.07827496 -2.345251 0.156687 -2.345251 0.123046 -1.411585 0.123046 -1.411585 0.156687 -2.345251 0.1548939 -1.411585 0.123046 -1.411585 0.1548939 -1.411585 0.1548939 -0.879126 0.1548939 -0.879126 0.1548939 -1.411585 0.1949 -0.879126 0.1548939 -1.411585 0.156687 -2.345251 0.1949 -1.411585 0.1949 -1.411585 0.156687 -2.345251 0.234907 -2.345251 0.1949 -1.411585 0.234907 -2.345251 0.234907 -1.612189 0.234907 -1.612189 0.234907 -0.879127 0.1949 -1.411585 0.1949 -1.411585 0.234907 -0.879127 0.1949 -0.879126 0.1949 -1.411585 0.1949 -0.879126 0.1548939 -1.411585 0.234907 -0.879127 0.234907 -0.439564 0.1949 -0.879126 0.07903897 -0.879125 0.03503197 -0.879124 0.03503197 -1.411585 0.07903897 -1.411585 0.07903897 -0.879125 0.03503197 -1.411585 0.234805 0.293129 0.234805 0.390851 0.194981 0.317545 0.194981 0.317545 0.234805 0.390851 0.156625 0.390851 0.194981 0.317545 0.156625 0.390851 0.155158 0.317545 0.155158 0.317545 0.156625 0.390851 0.122993 0.317545 0.155158 0.317545 0.122993 0.317545 0.155158 0.244239 0.155158 0.244239 0.122993 0.317545 0.122993 0.244239 0.155158 0.244239 0.122993 0.244239 0.155158 0.186119 0.155158 0.186119 0.122993 0.244239 0.122993 0.186119 0.155158 0.186119 0.122993 0.186119 0.155158 0.119478 0.155158 0.119478 0.122993 0.186119 0.122993 0.119478 0.155158 0.119478 0.122993 0.119478 0.155158 0.052836 0.155158 0.052836 0.122993 0.119478 0.122993 0.052836 0.155158 0.052836 0.122993 0.052836 0.156625 0 0.156625 0 0.122993 0.052836 0.07823801 0 0.07823801 0 0.122993 0.052836 0.07918697 0.052836 0.07823801 0 0.07918697 0.052836 0.03538095 0.052836 0.03538095 0.052836 0.07918697 0.052836 0.03538095 0.119478 0.03538095 0.052836 0.03538095 0.119478 0 0.09771299 0 0.09771299 0.03538095 0.119478 0 0.195425 0 0.195425 0.03538095 0.119478 0.03538095 0.186119 0 0.195425 0.03538095 0.186119 0.03538095 0.244239 0.03538095 0.244239 0.03538095 0.186119 0.07918697 0.186119 0.03538095 0.244239 0.07918697 0.186119 0.07918697 0.244239 0.07918697 0.244239 0.07918697 0.186119 0.122993 0.186119 0.07918697 0.244239 0.122993 0.186119 0.122993 0.244239 0.156625 0.390851 0.07823801 0.390851 0.122993 0.317545 0.122993 0.317545 0.07823801 0.390851 0.07918697 0.317545 0.122993 0.317545 0.07918697 0.317545 0.122993 0.244239 0.122993 0.244239 0.07918697 0.317545 0.07918697 0.244239 0.07918697 0.317545 0.07823801 0.390851 0.03538095 0.317545 0.03538095 0.317545 0.07823801 0.390851 0 0.390851 0.03538095 0.317545 0 0.390851 0 0.293138 0.03538095 0.317545 0 0.293138 0.03538095 0.244239 0.03538095 0.244239 0 0.293138 0 0.195425 0 0.09771299 0 0 0.03538095 0.052836 0.03538095 0.052836 0 0 0.07823801 0 0.155158 0.052836 0.156625 0 0.194981 0.052836 0.194981 0.052836 0.156625 0 0.234805 0 0.194981 0.052836 0.234805 0 0.234805 0.09771895 0.194981 0.052836 0.234805 0.09771895 0.194981 0.119478 0.194981 0.119478 0.234805 0.09771895 0.234805 0.195421 0.194981 0.119478 0.234805 0.195421 0.194981 0.186119 0.194981 0.186119 0.234805 0.195421 0.194981 0.244239 0.194981 0.186119 0.194981 0.244239 0.155158 0.244239 0.155158 0.244239 0.194981 0.244239 0.155158 0.317545 0.234805 0.195421 0.234805 0.293129 0.194981 0.244239 0.194981 0.244239 0.234805 0.293129 0.194981 0.317545 0.194981 0.244239 0.194981 0.317545 0.155158 0.317545 0.07918697 0.244239 0.07918697 0.317545 0.03538095 0.317545 0.03538095 0.244239 0.07918697 0.244239 0.03538095 0.317545 0.194981 0.186119 0.155158 0.244239 0.155158 0.186119 0.122993 0.119478 0.122993 0.186119 0.07918697 0.186119 0.07918697 0.186119 0.03538095 0.186119 0.07918697 0.119478 0.07918697 0.119478 0.03538095 0.186119 0.03538095 0.119478 0.07918697 0.119478 0.03538095 0.119478 0.07918697 0.052836 0.194981 0.119478 0.194981 0.186119 0.155158 0.186119 0.194981 0.119478 0.155158 0.186119 0.155158 0.119478 0.07918697 0.052836 0.122993 0.052836 0.07918697 0.119478 0.07918697 0.119478 0.122993 0.052836 0.122993 0.119478 0.07918697 0.119478 0.122993 0.119478 0.07918697 0.186119 0.194981 0.119478 0.155158 0.119478 0.194981 0.052836 0.194981 0.052836 0.155158 0.119478 0.155158 0.052836 0.505736 -0.11781 0.680963 -0.11781 0.505736 -0.03926998 0.505736 -0.03926998 0.680963 -0.11781 0.680963 -0.03926998 0.505736 -0.03926998 0.680963 -0.03926998 0.505736 0.03926998 0.505736 0.03926998 0.680963 -0.03926998 0.680963 0.03926998 0.505736 0.03926998 0.680963 0.03926998 0.505736 0.11781 0.505736 0.11781 0.680963 0.03926998 0.680963 0.11781 -0.471239 -0.213602 -0.471239 0 -0.549779 -0.189869 -0.549779 -0.189869 -0.471239 0 -0.549779 0 -0.549779 -0.189869 -0.549779 0 -0.628319 0 -0.549779 -0.189869 -0.628319 0 -0.628319 -0.189869 -0.628319 -0.189869 -0.628319 0 -0.706858 0 -0.628319 -0.189869 -0.706858 0 -0.706858 -0.189869 -0.628319 -0.189869 -0.706858 -0.189869 -0.628319 -0.379738 -0.628319 -0.379738 -0.706858 -0.189869 -0.706858 -0.379738 -0.628319 -0.379738 -0.706858 -0.379738 -0.628319 -0.569606 -0.628319 -0.569606 -0.706858 -0.379738 -0.706858 -0.569606 -0.628319 -0.569606 -0.706858 -0.569606 -0.628319 -0.759475 -0.628319 -0.759475 -0.706858 -0.569606 -0.706858 -0.759475 -0.628319 -0.759475 -0.706858 -0.759475 -0.628319 -0.949344 -0.628319 -0.949344 -0.706858 -0.759475 -0.706858 -0.949344 -0.628319 -0.949344 -0.706858 -0.949344 -0.628319 -1.139213 -0.628319 -1.139213 -0.706858 -0.949344 -0.706858 -1.139213 -0.628319 -1.139213 -0.706858 -1.139213 -0.628319 -1.329081 -0.628319 -1.329081 -0.706858 -1.139213 -0.706858 -1.329081 -0.628319 -1.329081 -0.706858 -1.329081 -0.628319 -1.51895 -0.628319 -1.51895 -0.706858 -1.329081 -0.706858 -1.51895 -0.628319 -1.51895 -0.706858 -1.51895 -0.628319 -1.708819 -0.628319 -1.708819 -0.706858 -1.51895 -0.706858 -1.708819 -0.628319 -1.708819 -0.549779 -1.708819 -0.628319 -1.51895 -0.628319 -1.51895 -0.549779 -1.708819 -0.549779 -1.51895 -0.628319 -1.51895 -0.549779 -1.51895 -0.628319 -1.329081 -0.628319 -1.329081 -0.549779 -1.51895 -0.549779 -1.329081 -0.628319 -1.329081 -0.549779 -1.329081 -0.628319 -1.139213 -0.628319 -1.139213 -0.549779 -1.329081 -0.549779 -1.139213 -0.628319 -1.139213 -0.549779 -1.139213 -0.628319 -0.949344 -0.628319 -0.949344 -0.549779 -1.139213 -0.549779 -0.949344 -0.628319 -0.949344 -0.549779 -0.949344 -0.628319 -0.759475 -0.628319 -0.759475 -0.549779 -0.949344 -0.549779 -0.759475 -0.628319 -0.759475 -0.549779 -0.759475 -0.628319 -0.569606 -0.628319 -0.569606 -0.549779 -0.759475 -0.549779 -0.569606 -0.628319 -0.569606 -0.549779 -0.569606 -0.628319 -0.379738 -0.628319 -0.379738 -0.549779 -0.569606 -0.549779 -0.379738 -0.628319 -0.379738 -0.549779 -0.379738 -0.628319 -0.189869 -0.628319 -0.189869 -0.549779 -0.379738 -0.549779 -0.189869 -0.549779 -1.708819 -0.471239 -1.708819 -0.549779 -1.51895 -0.549779 -1.51895 -0.471239 -1.708819 -0.471239 -1.495217 -0.549779 -1.51895 -0.471239 -1.495217 -0.549779 -1.329081 -0.549779 -1.329081 -0.471239 -1.495217 -0.471239 -1.281614 -0.549779 -1.329081 -0.471239 -1.281614 -0.549779 -1.139213 -0.549779 -1.139213 -0.471239 -1.281614 -0.471239 -1.068012 -0.549779 -1.139213 -0.471239 -1.068012 -0.549779 -0.949344 -0.549779 -0.949344 -0.471239 -1.068012 -0.471239 -0.85441 -0.549779 -0.949344 -0.471239 -0.85441 -0.549779 -0.759475 -0.549779 -0.759475 -0.471239 -0.85441 -0.471239 -0.640807 -0.549779 -0.759475 -0.471239 -0.640807 -0.549779 -0.569606 -0.549779 -0.569606 -0.471239 -0.640807 -0.471239 -0.427205 -0.549779 -0.569606 -0.471239 -0.427205 -0.549779 -0.379738 -0.549779 -0.379738 -0.471239 -0.427205 -0.471239 -0.213602 -0.549779 -0.379738 -0.471239 -0.213602 -0.549779 -0.189869 -0.893372 -0.11781 -0.755736 -0.11781 -0.893372 -0.03926998 -0.893372 -0.03926998 -0.755736 -0.11781 -0.755736 -0.03926998 -0.893372 -0.03926998 -0.755736 -0.03926998 -0.893372 0.03926998 -0.893372 0.03926998 -0.755736 -0.03926998 -0.755736 0.03926998 -0.893372 0.03926998 -0.755736 0.03926998 -0.893372 0.11781 -0.893372 0.11781 -0.755736 0.03926998 -0.755736 0.11781 0.234795 0.316571 0.234795 0.402916 0.194983 0.334284 0.194983 0.334284 0.234795 0.402916 0.1566179 0.402916 0.194983 0.334284 0.1566179 0.402916 0.15517 0.334284 0.15517 0.334284 0.1566179 0.402916 0.122988 0.334284 0.15517 0.334284 0.122988 0.334284 0.15517 0.265652 0.15517 0.265652 0.122988 0.334284 0.122988 0.265652 0.15517 0.265652 0.122988 0.265652 0.15517 0.211051 0.15517 0.211051 0.122988 0.265652 0.122988 0.211051 0.15517 0.211051 0.122988 0.211051 0.15517 0.135556 0.15517 0.135556 0.122988 0.211051 0.122988 0.135556 0.15517 0.135556 0.122988 0.135556 0.15517 0.06006097 0.15517 0.06006097 0.122988 0.135556 0.122988 0.06006097 0.15517 0.06006097 0.122988 0.06006097 0.1566179 0 0.1566179 0 0.122988 0.06006097 0.07823497 0 0.07823497 0 0.122988 0.06006097 0.079194 0.06006097 0.07823497 0 0.079194 0.06006097 0.03540098 0.06006097 0.03540098 0.06006097 0.079194 0.06006097 0.03540098 0.135556 0.03540098 0.06006097 0.03540098 0.135556 0 0.100729 0 0.100729 0.03540098 0.135556 0 0.201458 0 0.201458 0.03540098 0.135556 0.03540098 0.211051 0 0.201458 0.03540098 0.211051 0.03540098 0.265652 0.03540098 0.265652 0.03540098 0.211051 0.079194 0.211051 0.03540098 0.265652 0.079194 0.211051 0.079194 0.265652 0.079194 0.265652 0.079194 0.211051 0.122988 0.211051 0.079194 0.265652 0.122988 0.211051 0.122988 0.265652 0.1566179 0.402916 0.07823497 0.402916 0.122988 0.334284 0.122988 0.334284 0.07823497 0.402916 0.079194 0.334284 0.122988 0.334284 0.079194 0.334284 0.122988 0.265652 0.122988 0.265652 0.079194 0.334284 0.079194 0.265652 0.079194 0.334284 0.07823497 0.402916 0.03540098 0.334284 0.03540098 0.334284 0.07823497 0.402916 0 0.402916 0.03540098 0.334284 0 0.402916 0 0.302187 0.03540098 0.334284 0 0.302187 0.03540098 0.265652 0.03540098 0.265652 0 0.302187 0 0.201458 0 0.100729 0 0 0.03540098 0.06006097 0.03540098 0.06006097 0 0 0.07823497 0 0.15517 0.06006097 0.1566179 0 0.194983 0.06006097 0.194983 0.06006097 0.1566179 0 0.234795 0 0.194983 0.06006097 0.234795 0 0.234795 0.115122 0.194983 0.06006097 0.234795 0.115122 0.194983 0.135556 0.194983 0.135556 0.234795 0.115122 0.234795 0.230234 0.194983 0.135556 0.234795 0.230234 0.194983 0.211051 0.194983 0.211051 0.234795 0.230234 0.194983 0.265652 0.194983 0.211051 0.194983 0.265652 0.15517 0.265652 0.15517 0.265652 0.194983 0.265652 0.15517 0.334284 0.234795 0.230234 0.234795 0.316571 0.194983 0.265652 0.194983 0.265652 0.234795 0.316571 0.194983 0.334284 0.194983 0.265652 0.194983 0.334284 0.15517 0.334284 0.079194 0.265652 0.079194 0.334284 0.03540098 0.334284 0.03540098 0.265652 0.079194 0.265652 0.03540098 0.334284 0.194983 0.211051 0.15517 0.265652 0.15517 0.211051 0.079194 0.211051 0.03540098 0.211051 0.079194 0.135556 0.079194 0.135556 0.03540098 0.211051 0.03540098 0.135556 0.079194 0.135556 0.03540098 0.135556 0.079194 0.06006097 0.122988 0.211051 0.079194 0.211051 0.122988 0.135556 0.122988 0.135556 0.079194 0.211051 0.079194 0.135556 0.122988 0.135556 0.079194 0.135556 0.122988 0.06006097 0.122988 0.06006097 0.079194 0.135556 0.079194 0.06006097 0.194983 0.211051 0.15517 0.211051 0.194983 0.135556 0.194983 0.135556 0.15517 0.211051 0.15517 0.135556 0.194983 0.135556 0.15517 0.135556 0.194983 0.06006097 0.194983 0.06006097 0.15517 0.135556 0.15517 0.06006097 0.234907 -2.111515 0.234907 0 0.1949 -1.055758 0.1949 -1.055758 0.234907 0 0.156687 0 0.1949 -1.055758 0.156687 0 0.1548939 -1.055758 0.1548939 -1.055758 0.156687 0 0.123046 -1.055758 0.1548939 -1.055758 0.123046 -1.055758 0.123046 -2.111512 0.123046 -2.111512 0.123046 -1.055758 0.07903897 -2.111511 0.123046 -2.111512 0.07903897 -2.111511 0.07903897 -2.90982 0.07903897 -2.90982 0.07903897 -2.111511 0.03503197 -2.90982 0.07903897 -2.90982 0.03503197 -2.90982 0.03503197 -3.708125 0.03503197 -3.708125 0.03503197 -2.90982 0 -3.708125 0.03503197 -3.708125 0 -3.708125 0 -4.42765 0.156687 0 0.07827496 0 0.123046 -1.055758 0.123046 -1.055758 0.07827496 0 0.07903897 -1.055758 0.123046 -1.055758 0.07903897 -1.055758 0.07903897 -2.111511 0.07903897 -2.111511 0.07903897 -1.055758 0.03503197 -2.11151 0.07903897 -2.111511 0.03503197 -2.11151 0.03503197 -2.90982 0.03503197 -2.90982 0.03503197 -2.11151 0 -2.111509 0.03503197 -2.90982 0 -2.111509 0 -3.708125 0.07903897 -1.055758 0.07827496 0 0.03503197 -1.055758 0.03503197 -1.055758 0.07827496 0 0 0 0.03503197 -1.055758 0 0 0 -2.111509 0 -6.633548 0.03503197 -5.658412 0 -4.42765 0 -4.42765 0.03503197 -5.658412 0.03503197 -4.683269 0 -4.42765 0.03503197 -4.683269 0.03503197 -3.708125 0.03503197 -3.708125 0.03503197 -4.683269 0.07903897 -3.708125 0.03503197 -3.708125 0.07903897 -3.708125 0.07903897 -2.90982 0.07903897 -2.90982 0.07903897 -3.708125 0.123046 -2.90982 0.07903897 -2.90982 0.123046 -2.90982 0.123046 -2.111512 0.123046 -2.111512 0.123046 -2.90982 0.1548939 -2.111513 0.123046 -2.111512 0.1548939 -2.111513 0.1548939 -1.055758 0.1548939 -1.055758 0.1548939 -2.111513 0.1949 -1.055758 0.03503197 -5.658412 0 -6.633548 0.03503197 -6.633549 0.03503197 -6.633549 0 -6.633548 0 -7.386902 0.03503197 -6.633549 0 -7.386902 0.03503197 -7.135786 0.03503197 -7.135786 0 -7.386902 0.07827496 -7.386902 0.03503197 -7.135786 0.07827496 -7.386902 0.07903897 -7.135786 0.07903897 -7.135786 0.07827496 -7.386902 0.123046 -7.135786 0.07903897 -7.135786 0.123046 -7.135786 0.123046 -6.633552 0.123046 -6.633552 0.123046 -7.135786 0.1548939 -6.633553 0.123046 -6.633552 0.1548939 -6.633553 0.123046 -5.658412 0.123046 -5.658412 0.1548939 -6.633553 0.1548939 -5.658412 0.123046 -5.658412 0.1548939 -5.658412 0.123046 -4.683269 0.123046 -4.683269 0.1548939 -5.658412 0.1548939 -4.683269 0.123046 -4.683269 0.1548939 -4.683269 0.1548939 -3.708125 0.1548939 -3.708125 0.1548939 -4.683269 0.1949 -3.708125 0.1548939 -3.708125 0.1949 -3.708125 0.1949 -2.90982 0.1949 -2.90982 0.1949 -3.708125 0.234907 -3.708126 0.1949 -2.90982 0.234907 -3.708126 0.234907 -2.111515 0.07827496 -7.386902 0.156687 -7.386902 0.123046 -7.135786 0.123046 -7.135786 0.156687 -7.386902 0.1548939 -7.135786 0.123046 -7.135786 0.1548939 -7.135786 0.1548939 -6.633553 0.1548939 -6.633553 0.1548939 -7.135786 0.1949 -6.633554 0.1548939 -6.633553 0.1949 -6.633554 0.1548939 -5.658412 0.1548939 -5.658412 0.1949 -6.633554 0.1949 -5.658412 0.1548939 -5.658412 0.1949 -5.658412 0.1548939 -4.683269 0.1548939 -4.683269 0.1949 -5.658412 0.1949 -4.683269 0.1548939 -4.683269 0.1949 -4.683269 0.1949 -3.708125 0.1949 -3.708125 0.1949 -4.683269 0.234907 -3.708126 0.1548939 -7.135786 0.156687 -7.386902 0.1949 -7.135786 0.1949 -7.135786 0.156687 -7.386902 0.234907 -7.386902 0.1949 -7.135786 0.234907 -7.386902 0.234907 -6.633555 0.234907 -5.17084 0.1949 -5.658412 0.234907 -6.633555 0.234907 -6.633555 0.1949 -5.658412 0.1949 -6.633554 0.234907 -6.633555 0.1949 -6.633554 0.1949 -7.135786 0.1949 -7.135786 0.1949 -6.633554 0.1548939 -7.135786 0.1949 -5.658412 0.234907 -5.17084 0.1949 -4.683269 0.1949 -4.683269 0.234907 -5.17084 0.234907 -3.708126 0.07903897 -1.055758 0.03503197 -1.055758 0.03503197 -2.11151 0.03503197 -2.11151 0.03503197 -1.055758 0 -2.111509 0.234907 -2.111515 0.1949 -2.111514 0.1949 -2.90982 0.1949 -2.90982 0.1949 -2.111514 0.1548939 -2.90982 0.1949 -2.90982 0.1548939 -2.90982 0.1548939 -3.708125 0.1548939 -3.708125 0.1548939 -2.90982 0.123046 -3.708125 0.1548939 -3.708125 0.123046 -3.708125 0.123046 -4.683269 0.123046 -4.683269 0.123046 -3.708125 0.07903897 -4.683269 0.123046 -4.683269 0.07903897 -4.683269 0.123046 -5.658412 0.123046 -5.658412 0.07903897 -4.683269 0.07903897 -5.658412 0.123046 -5.658412 0.07903897 -5.658412 0.123046 -6.633552 0.123046 -6.633552 0.07903897 -5.658412 0.07903897 -6.63355 0.123046 -6.633552 0.07903897 -6.63355 0.07903897 -7.135786 0.07903897 -7.135786 0.07903897 -6.63355 0.03503197 -7.135786 0.123046 -2.90982 0.1548939 -2.90982 0.1548939 -2.111513 0.1548939 -2.111513 0.1548939 -2.90982 0.1949 -2.111514 0.1548939 -2.111513 0.1949 -2.111514 0.1949 -1.055758 0.1949 -1.055758 0.1949 -2.111514 0.234907 -2.111515 0.1548939 -2.90982 0.123046 -2.90982 0.123046 -3.708125 0.123046 -3.708125 0.123046 -2.90982 0.07903897 -3.708125 0.123046 -3.708125 0.07903897 -3.708125 0.07903897 -4.683269 0.07903897 -4.683269 0.07903897 -3.708125 0.03503197 -4.683269 0.07903897 -4.683269 0.03503197 -4.683269 0.07903897 -5.658412 0.07903897 -5.658412 0.03503197 -4.683269 0.03503197 -5.658412 0.07903897 -5.658412 0.03503197 -5.658412 0.07903897 -6.63355 0.07903897 -6.63355 0.03503197 -5.658412 0.03503197 -6.633549 0.07903897 -6.63355 0.03503197 -6.633549 0.03503197 -7.135786 0.234769 0.323071 0.234769 0.430473 0.194985 0.356859 0.194985 0.356859 0.234769 0.430473 0.156602 0.430473 0.194985 0.356859 0.156602 0.430473 0.1552 0.356859 0.1552 0.356859 0.156602 0.430473 0.122974 0.356859 0.1552 0.356859 0.122974 0.356859 0.1552 0.283244 0.1552 0.283244 0.122974 0.356859 0.122974 0.283244 0.1552 0.283244 0.122974 0.283244 0.1552 0.225486 0.1552 0.225486 0.122974 0.283244 0.122974 0.225486 0.1552 0.225486 0.122974 0.225486 0.1552 0.14451 0.1552 0.14451 0.122974 0.225486 0.122974 0.14451 0.1552 0.14451 0.122974 0.14451 0.1552 0.06353396 0.1552 0.06353396 0.122974 0.14451 0.122974 0.06353396 0.1552 0.06353396 0.122974 0.06353396 0.156602 0 0.156602 0 0.122974 0.06353396 0.07822597 0 0.07822597 0 0.122974 0.06353396 0.07921099 0.06353396 0.07822597 0 0.07921099 0.06353396 0.03544795 0.06353396 0.03544795 0.06353396 0.07921099 0.06353396 0.03544795 0.14451 0.03544795 0.06353396 0.03544795 0.14451 0 0.107618 0 0.107618 0.03544795 0.14451 0 0.215237 0 0.215237 0.03544795 0.14451 0.03544795 0.225486 0 0.215237 0.03544795 0.225486 0.03544795 0.283244 0.03544795 0.283244 0.03544795 0.225486 0.07921099 0.225486 0.03544795 0.283244 0.07921099 0.225486 0.07921099 0.283244 0.07921099 0.283244 0.07921099 0.225486 0.122974 0.225486 0.07921099 0.283244 0.122974 0.225486 0.122974 0.283244 0.156602 0.430473 0.07822597 0.430473 0.122974 0.356859 0.122974 0.356859 0.07822597 0.430473 0.07921099 0.356859 0.122974 0.356859 0.07921099 0.356859 0.122974 0.283244 0.122974 0.283244 0.07921099 0.356859 0.07921099 0.283244 0.07921099 0.356859 0.07822597 0.430473 0.03544795 0.356859 0.03544795 0.356859 0.07822597 0.430473 0 0.430473 0.03544795 0.356859 0 0.430473 0 0.322855 0.03544795 0.356859 0 0.322855 0.03544795 0.283244 0.03544795 0.283244 0 0.322855 0 0.215237 0 0.107618 0 0 0.03544795 0.06353396 0.03544795 0.06353396 0 0 0.07822597 0 0.1552 0.06353396 0.156602 0 0.194985 0.06353396 0.194985 0.06353396 0.156602 0 0.234769 0 0.194985 0.06353396 0.234769 0 0.234769 0.107652 0.194985 0.06353396 0.234769 0.107652 0.194985 0.14451 0.194985 0.14451 0.234769 0.107652 0.234769 0.215209 0.194985 0.14451 0.234769 0.215209 0.194985 0.225486 0.194985 0.225486 0.234769 0.215209 0.194985 0.283244 0.194985 0.225486 0.194985 0.283244 0.1552 0.283244 0.1552 0.283244 0.194985 0.283244 0.1552 0.356859 0.234769 0.215209 0.234769 0.323071 0.194985 0.283244 0.194985 0.283244 0.234769 0.323071 0.194985 0.356859 0.194985 0.283244 0.194985 0.356859 0.1552 0.356859 0.07921099 0.283244 0.07921099 0.356859 0.03544795 0.356859 0.03544795 0.283244 0.07921099 0.283244 0.03544795 0.356859 0.194985 0.225486 0.1552 0.283244 0.1552 0.225486 0.07921099 0.225486 0.03544795 0.225486 0.07921099 0.14451 0.07921099 0.14451 0.03544795 0.225486 0.03544795 0.14451 0.07921099 0.14451 0.03544795 0.14451 0.07921099 0.06353396 0.122974 0.225486 0.07921099 0.225486 0.122974 0.14451 0.122974 0.14451 0.07921099 0.225486 0.07921099 0.14451 0.122974 0.14451 0.07921099 0.14451 0.122974 0.06353396 0.122974 0.06353396 0.07921099 0.14451 0.07921099 0.06353396 0.194985 0.225486 0.1552 0.225486 0.194985 0.14451 0.194985 0.14451 0.1552 0.225486 0.1552 0.14451 0.194985 0.14451 0.1552 0.14451 0.194985 0.06353396 0.194985 0.06353396 0.1552 0.14451 0.1552 0.06353396 0.703605 -0.11781 0.755142 -0.11781 0.703605 -0.03926998 0.703605 -0.03926998 0.755142 -0.11781 0.755142 -0.03926998 0.703605 -0.03926998 0.755142 -0.03926998 0.703605 0.03926998 0.703605 0.03926998 0.755142 -0.03926998 0.755142 0.03926998 0.703605 0.03926998 0.755142 0.03926998 0.703605 0.11781 0.703605 0.11781 0.755142 0.03926998 0.755142 0.11781 -0.471239 -0.213602 -0.471239 0 -0.549779 -0.189869 -0.549779 -0.189869 -0.471239 0 -0.549779 0 -0.549779 -0.189869 -0.549779 0 -0.628319 0 -0.549779 -0.189869 -0.628319 0 -0.628319 -0.189869 -0.628319 -0.189869 -0.628319 0 -0.706858 0 -0.628319 -0.189869 -0.706858 0 -0.706858 -0.189869 -0.628319 -0.189869 -0.706858 -0.189869 -0.628319 -0.379738 -0.628319 -0.379738 -0.706858 -0.189869 -0.706858 -0.379738 -0.628319 -0.379738 -0.706858 -0.379738 -0.628319 -0.569606 -0.628319 -0.569606 -0.706858 -0.379738 -0.706858 -0.569606 -0.628319 -0.569606 -0.706858 -0.569606 -0.628319 -0.759475 -0.628319 -0.759475 -0.706858 -0.569606 -0.706858 -0.759475 -0.628319 -0.759475 -0.706858 -0.759475 -0.628319 -0.949344 -0.628319 -0.949344 -0.706858 -0.759475 -0.706858 -0.949344 -0.628319 -0.949344 -0.706858 -0.949344 -0.628319 -1.139213 -0.628319 -1.139213 -0.706858 -0.949344 -0.706858 -1.139213 -0.628319 -1.139213 -0.706858 -1.139213 -0.628319 -1.329081 -0.628319 -1.329081 -0.706858 -1.139213 -0.706858 -1.329081 -0.628319 -1.329081 -0.706858 -1.329081 -0.628319 -1.51895 -0.628319 -1.51895 -0.706858 -1.329081 -0.706858 -1.51895 -0.628319 -1.51895 -0.706858 -1.51895 -0.628319 -1.708819 -0.628319 -1.708819 -0.706858 -1.51895 -0.706858 -1.708819 -0.628319 -1.708819 -0.549779 -1.708819 -0.628319 -1.51895 -0.628319 -1.51895 -0.549779 -1.708819 -0.549779 -1.51895 -0.628319 -1.51895 -0.549779 -1.51895 -0.628319 -1.329081 -0.628319 -1.329081 -0.549779 -1.51895 -0.549779 -1.329081 -0.628319 -1.329081 -0.549779 -1.329081 -0.628319 -1.139213 -0.628319 -1.139213 -0.549779 -1.329081 -0.549779 -1.139213 -0.628319 -1.139213 -0.549779 -1.139213 -0.628319 -0.949344 -0.628319 -0.949344 -0.549779 -1.139213 -0.549779 -0.949344 -0.628319 -0.949344 -0.549779 -0.949344 -0.628319 -0.759475 -0.628319 -0.759475 -0.549779 -0.949344 -0.549779 -0.759475 -0.628319 -0.759475 -0.549779 -0.759475 -0.628319 -0.569606 -0.628319 -0.569606 -0.549779 -0.759475 -0.549779 -0.569606 -0.628319 -0.569606 -0.549779 -0.569606 -0.628319 -0.379738 -0.628319 -0.379738 -0.549779 -0.569606 -0.549779 -0.379738 -0.628319 -0.379738 -0.549779 -0.379738 -0.628319 -0.189869 -0.628319 -0.189869 -0.549779 -0.379738 -0.549779 -0.189869 -0.549779 -1.708819 -0.471239 -1.708819 -0.549779 -1.51895 -0.549779 -1.51895 -0.471239 -1.708819 -0.471239 -1.495217 -0.549779 -1.51895 -0.471239 -1.495217 -0.549779 -1.329081 -0.549779 -1.329081 -0.471239 -1.495217 -0.471239 -1.281614 -0.549779 -1.329081 -0.471239 -1.281614 -0.549779 -1.139213 -0.549779 -1.139213 -0.471239 -1.281614 -0.471239 -1.068012 -0.549779 -1.139213 -0.471239 -1.068012 -0.549779 -0.949344 -0.549779 -0.949344 -0.471239 -1.068012 -0.471239 -0.85441 -0.549779 -0.949344 -0.471239 -0.85441 -0.549779 -0.759475 -0.549779 -0.759475 -0.471239 -0.85441 -0.471239 -0.640807 -0.549779 -0.759475 -0.471239 -0.640807 -0.549779 -0.569606 -0.549779 -0.569606 -0.471239 -0.640807 -0.471239 -0.427205 -0.549779 -0.569606 -0.471239 -0.427205 -0.549779 -0.379738 -0.549779 -0.379738 -0.471239 -0.427205 -0.471239 -0.213602 -0.549779 -0.379738 -0.471239 -0.213602 -0.549779 -0.189869 -1.267273 -0.11781 -1.003605 -0.11781 -1.267273 -0.03926998 -1.267273 -0.03926998 -1.003605 -0.11781 -1.003605 -0.03926998 -1.267273 -0.03926998 -1.003605 -0.03926998 -1.267273 0.03926998 -1.267273 0.03926998 -1.003605 -0.03926998 -1.003605 0.03926998 -1.267273 0.03926998 -1.003605 0.03926998 -1.267273 0.11781 -1.267273 0.11781 -1.003605 0.03926998 -1.003605 0.11781 0.234825 0.272764 0.234825 0.363811 0.194979 0.29577 0.194979 0.29577 0.234825 0.363811 0.1566399 0.363811 0.194979 0.29577 0.1566399 0.363811 0.1551319 0.29577 0.1551319 0.29577 0.1566399 0.363811 0.123004 0.29577 0.1551319 0.29577 0.123004 0.29577 0.1551319 0.227729 0.1551319 0.227729 0.123004 0.29577 0.123004 0.227729 0.1551319 0.227729 0.123004 0.227729 0.1551319 0.173243 0.1551319 0.173243 0.123004 0.227729 0.123004 0.173243 0.1551319 0.173243 0.123004 0.173243 0.1551319 0.04953294 0.1551319 0.04953294 0.123004 0.173243 0.123004 0.04953294 0.1551319 0.04953294 0.123004 0.04953294 0.1566399 0 0.1566399 0 0.123004 0.04953294 0.07824498 0 0.07824498 0 0.123004 0.04953294 0.07917195 0.04953294 0.07824498 0 0.07917195 0.04953294 0.03534096 0.04953294 0.03534096 0.04953294 0.07917195 0.04953294 0.03534096 0.173243 0.03534096 0.04953294 0.03534096 0.173243 0 0.09095299 0 0.09095299 0.03534096 0.173243 0 0.181906 0 0.181906 0.03534096 0.173243 0.03534096 0.227729 0 0.181906 0.03534096 0.227729 0 0.272858 0 0.272858 0.03534096 0.227729 0.03534096 0.29577 0 0.272858 0.03534096 0.29577 0 0.363811 0 0.363811 0.03534096 0.29577 0.07824498 0.363811 0.07824498 0.363811 0.03534096 0.29577 0.07917195 0.29577 0.07824498 0.363811 0.07917195 0.29577 0.123004 0.29577 0.123004 0.29577 0.07917195 0.29577 0.123004 0.227729 0.1566399 0.363811 0.07824498 0.363811 0.123004 0.29577 0 0.09095299 0 0 0.03534096 0.04953294 0.03534096 0.04953294 0 0 0.07824498 0 0.1551319 0.04953294 0.1566399 0 0.194979 0.04953294 0.194979 0.04953294 0.1566399 0 0.234825 0 0.194979 0.04953294 0.234825 0 0.234825 0.090873 0.194979 0.04953294 0.234825 0.090873 0.194979 0.173243 0.194979 0.173243 0.234825 0.090873 0.234825 0.181927 0.194979 0.173243 0.234825 0.181927 0.194979 0.227729 0.194979 0.227729 0.234825 0.181927 0.234825 0.272764 0.194979 0.227729 0.234825 0.272764 0.194979 0.29577 0.07917195 0.29577 0.03534096 0.29577 0.07917195 0.227729 0.07917195 0.227729 0.03534096 0.29577 0.03534096 0.227729 0.07917195 0.227729 0.03534096 0.227729 0.07917195 0.173243 0.07917195 0.173243 0.03534096 0.227729 0.03534096 0.173243 0.07917195 0.173243 0.03534096 0.173243 0.07917195 0.04953294 0.194979 0.227729 0.194979 0.29577 0.1551319 0.29577 0.194979 0.227729 0.1551319 0.29577 0.1551319 0.227729 0.123004 0.173243 0.123004 0.227729 0.07917195 0.227729 0.07917195 0.227729 0.123004 0.227729 0.07917195 0.29577 0.123004 0.173243 0.07917195 0.227729 0.07917195 0.173243 0.194979 0.173243 0.194979 0.227729 0.1551319 0.227729 0.194979 0.173243 0.1551319 0.227729 0.1551319 0.173243 0.123004 0.04953294 0.123004 0.173243 0.07917195 0.173243 0.123004 0.04953294 0.07917195 0.173243 0.07917195 0.04953294 0.194979 0.04953294 0.194979 0.173243 0.1551319 0.173243 0.194979 0.04953294 0.1551319 0.173243 0.1551319 0.04953294 0.234907 0 0.156688 0 0.234907 -0.786343 0.234907 -0.786343 0.156688 0 0.194901 -1.120419 0.234907 -0.786343 0.194901 -1.120419 0.234907 -1.572686 0.234907 -1.572686 0.194901 -1.120419 0.194901 -1.572686 0.234907 -1.572686 0.194901 -1.572686 0.234907 -1.858312 0.234907 -1.858312 0.194901 -1.572686 0.234907 -2.143938 0.234907 -2.143938 0.194901 -1.572686 0.156688 -2.143938 0.156688 -2.143938 0.194901 -1.572686 0.154895 -1.572686 0.156688 -2.143938 0.154895 -1.572686 0.123046 -1.572686 0.123046 -1.572686 0.154895 -1.572686 0.123046 -1.120419 0.123046 -1.572686 0.123046 -1.120419 0.07903999 -1.120419 0.07903999 -1.120419 0.123046 -1.120419 0.07827395 0 0.07903999 -1.120419 0.07827395 0 0.035034 -1.120419 0.035034 -1.120419 0.07827395 0 0 0 0.035034 -1.120419 0 0 0 -0.786343 0.07827395 0 0.123046 -1.120419 0.156688 0 0.156688 0 0.123046 -1.120419 0.154895 -1.120419 0.156688 0 0.154895 -1.120419 0.194901 -1.120419 0.194901 -1.120419 0.154895 -1.120419 0.194901 -1.572686 0 -0.786343 0 -1.572686 0.035034 -1.120419 0.035034 -1.120419 0 -1.572686 0.035034 -1.572686 0.035034 -1.120419 0.035034 -1.572686 0.07903999 -1.572686 0.07903999 -1.572686 0.035034 -1.572686 0.07827395 -2.143938 0.07903999 -1.572686 0.07827395 -2.143938 0.123046 -1.572686 0.123046 -1.572686 0.07827395 -2.143938 0.156688 -2.143938 0 -1.572686 0 -1.858312 0.035034 -1.572686 0.035034 -1.572686 0 -1.858312 0 -2.143938 0.035034 -1.572686 0 -2.143938 0.07827395 -2.143938 0.123046 -1.572686 0.07903999 -1.120419 0.07903999 -1.572686 0.07903999 -1.572686 0.07903999 -1.120419 0.035034 -1.120419 0.194901 -1.572686 0.154895 -1.120419 0.154895 -1.572686 0.154895 -1.572686 0.154895 -1.120419 0.123046 -1.120419 0.234809 0.984323 0.234809 1.124953 0.194946 1.004803 0.194946 1.004803 0.234809 1.124953 0.156629 1.124953 0.194946 1.004803 0.156629 1.124953 0.155082 1.004803 0.155082 1.004803 0.156629 1.124953 0.122995 1.004803 0.155082 1.004803 0.122995 1.004803 0.155082 0.884654 0.155082 0.884654 0.122995 1.004803 0.122995 0.884654 0.155082 0.884654 0.122995 0.884654 0.155082 0.803538 0.155082 0.803538 0.122995 0.884654 0.122995 0.803538 0.155082 0.803538 0.122995 0.803538 0.155082 0.653351 0.155082 0.653351 0.122995 0.803538 0.122995 0.653351 0.155082 0.653351 0.122995 0.653351 0.155082 0.503164 0.155082 0.503164 0.122995 0.653351 0.122995 0.503164 0.155082 0.503164 0.122995 0.503164 0.155082 0.352977 0.155082 0.352977 0.122995 0.503164 0.122995 0.352977 0.155082 0.352977 0.122995 0.352977 0.155082 0.20279 0.155082 0.20279 0.122995 0.352977 0.122995 0.20279 0.155082 0.20279 0.122995 0.20279 0.156629 0 0.156629 0 0.122995 0.20279 0.07823896 0 0.07823896 0 0.122995 0.20279 0.07914596 0.20279 0.07823896 0 0.07914596 0.20279 0.03529596 0.20279 0.03529596 0.20279 0.07914596 0.20279 0.03529596 0.352977 0.03529596 0.20279 0.03529596 0.352977 0 0.281238 0 0.281238 0.03529596 0.352977 0 0.421857 0 0.421857 0.03529596 0.352977 0.03529596 0.503164 0 0.421857 0.03529596 0.503164 0 0.562476 0 0.562476 0.03529596 0.503164 0.03529596 0.653351 0 0.562476 0.03529596 0.653351 0 0.703095 0 0.703095 0.03529596 0.653351 0.03529596 0.803538 0 0.703095 0.03529596 0.803538 0 0.843715 0 0.843715 0.03529596 0.803538 0.03529596 0.884654 0 0.843715 0.03529596 0.884654 0 0.984334 0 0.984334 0.03529596 0.884654 0.03529596 1.004803 0 0.984334 0.03529596 1.004803 0 1.124953 0 1.124953 0.03529596 1.004803 0.07823896 1.124953 0.07823896 1.124953 0.03529596 1.004803 0.07914596 1.004803 0.07823896 1.124953 0.07914596 1.004803 0.122995 1.004803 0.122995 1.004803 0.07914596 1.004803 0.122995 0.884654 0.156629 1.124953 0.07823896 1.124953 0.122995 1.004803 0 0.281238 0 0.140619 0.03529596 0.20279 0.03529596 0.20279 0 0.140619 0.07823896 0 0 0.140619 0 0 0.07823896 0 0.234809 0 0.234809 0.140632 0.156629 0 0.156629 0 0.234809 0.140632 0.194946 0.20279 0.156629 0 0.194946 0.20279 0.155082 0.20279 0.155082 0.20279 0.194946 0.20279 0.155082 0.352977 0.234809 0.140632 0.234809 0.281249 0.194946 0.20279 0.194946 0.20279 0.234809 0.281249 0.194946 0.352977 0.194946 0.20279 0.194946 0.352977 0.155082 0.352977 0.155082 0.352977 0.194946 0.352977 0.155082 0.503164 0.234809 0.281249 0.234809 0.421852 0.194946 0.352977 0.194946 0.352977 0.234809 0.421852 0.194946 0.503164 0.194946 0.352977 0.194946 0.503164 0.155082 0.503164 0.155082 0.503164 0.194946 0.503164 0.155082 0.653351 0.234809 0.421852 0.234809 0.562461 0.194946 0.503164 0.194946 0.503164 0.234809 0.562461 0.194946 0.653351 0.194946 0.503164 0.194946 0.653351 0.155082 0.653351 0.155082 0.653351 0.194946 0.653351 0.155082 0.803538 0.234809 0.562461 0.234809 0.703075 0.194946 0.653351 0.194946 0.653351 0.234809 0.703075 0.194946 0.803538 0.194946 0.653351 0.194946 0.803538 0.155082 0.803538 0.155082 0.803538 0.194946 0.803538 0.155082 0.884654 0.234809 0.703075 0.234809 0.843694 0.194946 0.803538 0.194946 0.803538 0.234809 0.843694 0.194946 0.884654 0.194946 0.803538 0.194946 0.884654 0.155082 0.884654 0.155082 0.884654 0.194946 0.884654 0.155082 1.004803 0.234809 0.843694 0.234809 0.984323 0.194946 0.884654 0.194946 0.884654 0.234809 0.984323 0.194946 1.004803 0.194946 0.884654 0.194946 1.004803 0.155082 1.004803 0.07914596 1.004803 0.03529596 1.004803 0.07914596 0.884654 0.07914596 0.884654 0.03529596 1.004803 0.03529596 0.884654 0.07914596 0.884654 0.03529596 0.884654 0.07914596 0.803538 0.07914596 0.803538 0.03529596 0.884654 0.03529596 0.803538 0.07914596 0.803538 0.03529596 0.803538 0.07914596 0.653351 0.07914596 0.653351 0.03529596 0.803538 0.03529596 0.653351 0.07914596 0.653351 0.03529596 0.653351 0.07914596 0.503164 0.07914596 0.503164 0.03529596 0.653351 0.03529596 0.503164 0.07914596 0.503164 0.03529596 0.503164 0.07914596 0.352977 0.07914596 0.352977 0.03529596 0.503164 0.03529596 0.352977 0.07914596 0.352977 0.03529596 0.352977 0.07914596 0.20279 0.122995 0.803538 0.122995 0.884654 0.07914596 0.884654 0.07914596 0.884654 0.122995 0.884654 0.07914596 1.004803 0.122995 0.803538 0.07914596 0.884654 0.07914596 0.803538 0.122995 0.653351 0.122995 0.803538 0.07914596 0.803538 0.122995 0.653351 0.07914596 0.803538 0.07914596 0.653351 0.122995 0.503164 0.122995 0.653351 0.07914596 0.653351 0.122995 0.503164 0.07914596 0.653351 0.07914596 0.503164 0.122995 0.352977 0.122995 0.503164 0.07914596 0.503164 0.122995 0.352977 0.07914596 0.503164 0.07914596 0.352977 0.122995 0.20279 0.122995 0.352977 0.07914596 0.352977 0.122995 0.20279 0.07914596 0.352977 0.07914596 0.20279 1.371741 -0.11781 2.461025 -0.11781 1.371741 -0.03926998 1.371741 -0.03926998 2.461025 -0.11781 2.461025 -0.03926998 1.371741 -0.03926998 2.461025 -0.03926998 1.371741 0.03926998 1.371741 0.03926998 2.461025 -0.03926998 2.461025 0.03926998 1.371741 0.03926998 2.461025 0.03926998 1.371741 0.11781 1.371741 0.11781 2.461025 0.03926998 2.461025 0.11781 0.969376 0.2825 2.05866 0.2825 0.969376 2.3325 0.969376 2.3325 2.05866 0.2825 2.05866 2.3325 4.54e-4 -0.6 0.556483 -0.6 0.04258996 -0.200739 0.04258996 -0.200739 0.556483 -0.6 0.593264 -0.200563 0.04258996 -0.200739 0.593264 -0.200563 0.593264 0.200563 0.04258996 -0.200739 0.593264 0.200563 0.04258996 0.200739 0.04258996 0.200739 0.593264 0.200563 0.556483 0.6 0.04258996 0.200739 0.556483 0.6 4.54e-4 0.6 0 0.2825 1.089284 0.2825 0 2.3325 0 2.3325 1.089284 0.2825 1.089284 2.3325 6.4 -1.686699 7.565312 -2.030472 6.4 -1.511472 6.4 -1.511472 7.565312 -2.030472 9.685529 -1.540369 6.4 -1.511472 9.685529 -1.540369 9.665437 -1.397031 7.565312 -2.030472 6.4 -1.686699 7.132927 -2.006514 7.132927 -2.006514 6.4 -1.686699 6.421845 -1.798826 7.132927 -2.006514 6.421845 -1.798826 6.483748 -1.894451 6.577158 -1.959835 6.688023 -1.98646 6.483748 -1.894451 6.483748 -1.894451 6.688023 -1.98646 7.132927 -2.006514 9.685529 -1.540369 7.565312 -2.030472 9.670967 -1.684402 9.670967 -1.684402 7.565312 -2.030472 8.327788 -2.084932 9.670967 -1.684402 8.327788 -2.084932 9.622382 -1.820807 9.622382 -1.820807 8.327788 -2.084932 9.542317 -1.941436 9.542317 -1.941436 8.327788 -2.084932 9.435788 -2.039482 9.435788 -2.039482 8.327788 -2.084932 9.02427 -2.14915 9.435788 -2.039482 9.02427 -2.14915 9.309029 -2.109217 9.309029 -2.109217 9.02427 -2.14915 9.169072 -2.146366 9.465867 -0.652224 6.253553 -1.157919 9.665437 -1.397031 9.665437 -1.397031 6.253553 -1.157919 6.36194 -1.32013 9.665437 -1.397031 6.36194 -1.32013 6.4 -1.511472 6.253553 -1.157919 9.465867 -0.652224 6.091342 -1.049532 6.091342 -1.049532 9.465867 -0.652224 9.404218 -0.348529 6.091342 -1.049532 9.404218 -0.348529 5.9 -1.011472 5.9 -1.011472 9.404218 -0.348529 9.380311 -0.03956395 5.9 -1.011472 9.380311 -0.03956395 5.9 1.011472 5.9 1.011472 9.380311 -0.03956395 9.394507 0.27 5.9 1.011472 9.394507 0.27 6.091342 1.049532 6.091342 1.049532 9.394507 0.27 9.531258 0.896266 6.091342 1.049532 9.531258 0.896266 6.253553 1.157919 6.253553 1.157919 9.531258 0.896266 6.36194 1.32013 6.36194 1.32013 9.531258 0.896266 9.665437 1.397031 6.36194 1.32013 9.665437 1.397031 6.4 1.511472 6.4 1.511472 9.665437 1.397031 9.685529 1.540369 6.4 1.511472 9.685529 1.540369 7.565312 2.030472 7.565312 2.030472 9.685529 1.540369 9.670967 1.684402 7.565312 2.030472 9.670967 1.684402 8.327774 2.084931 8.327774 2.084931 9.670967 1.684402 9.622382 1.820807 8.327774 2.084931 9.622382 1.820807 9.542317 1.941436 9.394507 0.27 10.62187 0.27 9.531258 0.896266 9.531258 0.896266 10.62187 0.27 10.78967 0.896266 10.78967 0.896266 10.62187 0.27 11.28967 0.762291 10.78967 0.896266 11.28967 0.762291 11.13169 0.835958 10.78754 0.256181 11.55633 0.620889 10.62187 0.27 10.62187 0.27 11.55633 0.620889 11.48159 0.651487 10.62187 0.27 11.48159 0.651487 11.28967 0.762291 11.55633 0.620889 10.78754 0.256181 11.63652 0.611335 11.63652 0.611335 10.78754 0.256181 10.94863 0.215106 11.63652 0.611335 10.94863 0.215106 12.38359 0.434324 12.38359 0.434324 10.94863 0.215106 11.10069 0.1479099 12.38359 0.434324 11.10069 0.1479099 12.5091 0.226922 12.5091 0.226922 11.10069 0.1479099 11.17554 0.09010899 12.5091 0.226922 11.17554 0.09010899 12.54989 -0.01204496 12.54989 -0.01204496 11.17554 0.09010899 11.22867 0.01188099 12.54989 -0.01204496 11.22867 0.01188099 11.25482 -0.079001 12.54989 -0.01204496 11.25482 -0.079001 12.50028 -0.249335 12.50028 -0.249335 11.25482 -0.079001 11.32864 -0.30991 12.50028 -0.249335 11.32864 -0.30991 12.36717 -0.451945 12.36717 -0.451945 11.32864 -0.30991 11.48193 -0.497712 12.36717 -0.451945 11.48193 -0.497712 12.16908 -0.59169 12.16908 -0.59169 11.48193 -0.497712 11.69337 -0.616284 12.16908 -0.59169 11.69337 -0.616284 11.93356 -0.649133 12.38359 0.434324 12.19082 0.581313 11.63652 0.611335 11.63652 0.611335 12.19082 0.581313 11.71635 0.623517 11.71635 0.623517 12.19082 0.581313 11.95759 0.647444 11.13169 0.835958 10.96332 0.881074 10.78967 0.896266 9.542317 1.941436 9.435788 2.039482 8.327774 2.084931 8.327774 2.084931 9.435788 2.039482 9.02427 2.14915 9.02427 2.14915 9.435788 2.039482 9.309029 2.109217 9.02427 2.14915 9.309029 2.109217 9.169072 2.146366 6.688023 1.98646 6.483748 1.894451 7.565312 2.030472 7.565312 2.030472 6.483748 1.894451 6.421845 1.798826 7.565312 2.030472 6.421845 1.798826 6.4 1.686699 6.688023 1.98646 6.577158 1.959835 6.483748 1.894451 6.4 1.686699 6.4 1.511472 7.565312 2.030472 5.9 1.011472 5.708658 1.049532 5.9 -1.011472 5.9 -1.011472 5.708658 1.049532 5.708658 -1.049532 5.708658 -1.049532 5.708658 1.049532 -2.908658 1.54527 5.708658 -1.049532 -2.908658 1.54527 -2.908658 -1.54527 -2.908658 -1.54527 -2.908658 1.54527 -3.1 1.50721 -2.908658 -1.54527 -3.1 1.50721 -3.1 -1.50721 -3.1 -1.50721 -3.1 1.50721 -6.23 0 -3.1 -1.50721 -6.23 0 -6.267386 -0.570399 5.708658 1.049532 5.546446 1.157919 -2.908658 1.54527 -2.908658 1.54527 5.546446 1.157919 1.424913 2.039218 -2.908658 1.54527 1.424913 2.039218 -2.746446 1.653657 -2.746446 1.653657 1.424913 2.039218 -0.166679 2.147603 -2.746446 1.653657 -0.166679 2.147603 -2.63806 1.815868 -2.63806 1.815868 -0.166679 2.147603 -1.22647 2.243664 -2.63806 1.815868 -1.22647 2.243664 -2.6 2.00721 -2.6 2.00721 -1.22647 2.243664 -2.6 2.058747 -2.6 2.058747 -1.22647 2.243664 -2.573397 2.181539 -2.573397 2.181539 -1.22647 2.243664 -2.499279 2.282916 -2.499279 2.282916 -1.22647 2.243664 -2.264861 2.356681 -2.499279 2.282916 -2.264861 2.356681 -2.389933 2.344901 1.424913 2.039218 5.546446 1.157919 2.143051 2.003858 2.143051 2.003858 5.546446 1.157919 5.43806 1.32013 2.143051 2.003858 5.43806 1.32013 4.345674 1.948433 4.345674 1.948433 5.43806 1.32013 5.4 1.511472 4.345674 1.948433 5.4 1.511472 5.4 1.649108 5.4 1.649108 5.376772 1.764566 4.345674 1.948433 4.345674 1.948433 5.376772 1.764566 5.311216 1.861957 4.345674 1.948433 5.311216 1.861957 5.097635 1.949098 5.097635 1.949098 5.311216 1.861957 5.212945 1.92641 -3.291342 1.54527 -6.378904 1.131039 -3.1 1.50721 -3.1 1.50721 -6.378904 1.131039 -6.267386 0.570399 -3.1 1.50721 -6.267386 0.570399 -6.23 0 -3.291342 1.54527 -3.453553 1.653657 -6.378904 1.131039 -6.378904 1.131039 -3.453553 1.653657 -3.56194 1.815868 -6.378904 1.131039 -3.56194 1.815868 -6.660831 2.183207 -6.660831 2.183207 -3.56194 1.815868 -3.6 2.00721 -6.660831 2.183207 -3.6 2.00721 -3.6 2.270878 -3.618903 2.37551 -4.140368 2.610517 -3.6 2.270878 -3.6 2.270878 -4.140368 2.610517 -4.420205 2.654386 -3.6 2.270878 -4.420205 2.654386 -6.660831 2.183207 -6.660831 2.183207 -4.420205 2.654386 -6.681014 2.333151 -6.681014 2.333151 -4.420205 2.654386 -6.663379 2.483451 -6.663379 2.483451 -4.420205 2.654386 -5.216007 2.788447 -6.663379 2.483451 -5.216007 2.788447 -6.608717 2.624595 -6.608717 2.624595 -5.216007 2.788447 -6.520197 2.747352 -6.520197 2.747352 -5.216007 2.788447 -6.403894 2.844189 -6.403894 2.844189 -5.216007 2.788447 -5.967435 2.927599 -6.403894 2.844189 -5.967435 2.927599 -6.267245 2.908924 -6.267245 2.908924 -5.967435 2.927599 -6.118529 2.937162 -3.618903 2.37551 -3.672933 2.466818 -4.140368 2.610517 -4.140368 2.610517 -3.672933 2.466818 -3.856112 2.56765 -3.856112 2.56765 -3.672933 2.466818 -3.755613 2.533417 -6.267386 -0.570399 -6.378904 -1.131039 -3.1 -1.50721 -3.1 -1.50721 -6.378904 -1.131039 -3.291342 -1.54527 -3.291342 -1.54527 -6.378904 -1.131039 -3.453553 -1.653657 -3.453553 -1.653657 -6.378904 -1.131039 -3.56194 -1.815868 -3.56194 -1.815868 -6.378904 -1.131039 -6.660831 -2.183207 -3.56194 -1.815868 -6.660831 -2.183207 -3.6 -2.00721 -3.6 -2.00721 -6.660831 -2.183207 -3.6 -2.270878 -3.6 -2.270878 -6.660831 -2.183207 -4.420205 -2.654386 -3.6 -2.270878 -4.420205 -2.654386 -3.618903 -2.37551 -3.618903 -2.37551 -4.420205 -2.654386 -3.672933 -2.466818 -3.672933 -2.466818 -4.420205 -2.654386 -3.856112 -2.56765 -3.672933 -2.466818 -3.856112 -2.56765 -3.755613 -2.533417 -6.660831 -2.183207 -6.681014 -2.333151 -4.420205 -2.654386 -4.420205 -2.654386 -6.681014 -2.333151 -6.663379 -2.483451 -4.420205 -2.654386 -6.663379 -2.483451 -5.215984 -2.788444 -5.215984 -2.788444 -6.663379 -2.483451 -6.608717 -2.624595 -5.215984 -2.788444 -6.608717 -2.624595 -6.520197 -2.747352 -6.520197 -2.747352 -6.403894 -2.844189 -5.215984 -2.788444 -5.215984 -2.788444 -6.403894 -2.844189 -5.967435 -2.927599 -5.967435 -2.927599 -6.403894 -2.844189 -6.267245 -2.908924 -5.967435 -2.927599 -6.267245 -2.908924 -6.118529 -2.937162 -2.746446 -1.653657 1.424913 -2.039218 -2.908658 -1.54527 -2.908658 -1.54527 1.424913 -2.039218 5.546446 -1.157919 -2.908658 -1.54527 5.546446 -1.157919 5.708658 -1.049532 1.424913 -2.039218 -2.746446 -1.653657 -0.166679 -2.147603 -0.166679 -2.147603 -2.746446 -1.653657 -2.63806 -1.815868 -0.166679 -2.147603 -2.63806 -1.815868 -2.6 -2.00721 -2.6 -2.00721 -2.6 -2.058747 -0.166679 -2.147603 -0.166679 -2.147603 -2.6 -2.058747 -2.573397 -2.181539 -0.166679 -2.147603 -2.573397 -2.181539 -2.264861 -2.356682 -2.264861 -2.356682 -2.573397 -2.181539 -2.499279 -2.282916 -2.264861 -2.356682 -2.499279 -2.282916 -2.389933 -2.344901 1.424913 -2.039218 2.143051 -2.003858 5.546446 -1.157919 5.546446 -1.157919 2.143051 -2.003858 5.43806 -1.32013 5.43806 -1.32013 2.143051 -2.003858 4.345674 -1.948433 5.43806 -1.32013 4.345674 -1.948433 5.4 -1.511472 5.4 -1.511472 4.345674 -1.948433 5.4 -1.649108 5.4 -1.649108 4.345674 -1.948433 5.376772 -1.764566 5.376772 -1.764566 4.345674 -1.948433 5.311216 -1.861957 5.311216 -1.861957 4.345674 -1.948433 5.097635 -1.949098 5.311216 -1.861957 5.097635 -1.949098 5.212945 -1.92641 -1.431695 -0.11781 -0.342411 -0.11781 -1.431695 -0.03926998 -1.431695 -0.03926998 -0.342411 -0.11781 -0.342411 -0.03926998 -1.431695 -0.03926998 -0.342411 -0.03926998 -1.431695 0.03926998 -1.431695 0.03926998 -0.342411 -0.03926998 -0.342411 0.03926998 -1.431695 0.03926998 -0.342411 0.03926998 -1.431695 0.11781 -1.431695 0.11781 -0.342411 0.03926998 -0.342411 0.11781 -0.155885 -0.08999997 0.155885 -0.08999997 -0.18 0 -0.18 0 0.155885 -0.08999997 0.18 0 -0.18 0 0.18 0 -0.155885 0.08999997 -0.155885 0.08999997 0.18 0 0.155885 0.08999997 -0.155885 0.08999997 0.155885 0.08999997 -0.08999997 0.155885 -0.08999997 0.155885 0.155885 0.08999997 0.08999997 0.155885 -0.08999997 0.155885 0.08999997 0.155885 0 0.18 0.155885 -0.08999997 -0.155885 -0.08999997 0.08999997 -0.155885 0.08999997 -0.155885 -0.155885 -0.08999997 -0.08999997 -0.155885 0.08999997 -0.155885 -0.08999997 -0.155885 0 -0.18 -0.155885 -0.08999997 0.155885 -0.08999997 -0.18 0 -0.18 0 0.155885 -0.08999997 0.18 0 -0.18 0 0.18 0 -0.155885 0.08999997 -0.155885 0.08999997 0.18 0 0.155885 0.08999997 -0.155885 0.08999997 0.155885 0.08999997 -0.08999997 0.155885 -0.08999997 0.155885 0.155885 0.08999997 0.08999997 0.155885 -0.08999997 0.155885 0.08999997 0.155885 0 0.18 0.155885 -0.08999997 -0.155885 -0.08999997 0.08999997 -0.155885 0.08999997 -0.155885 -0.155885 -0.08999997 -0.08999997 -0.155885 0.08999997 -0.155885 -0.08999997 -0.155885 0 -0.18 -6.218632 1.110862 -6.027351 0.932714 -6.234015 1.169862 -6.234015 1.169862 -6.027351 0.932714 -3.425 1.444293 -6.234015 1.169862 -3.425 1.444293 -3.597929 1.589398 -6.218632 1.110862 -6.204046 1.051659 -6.027351 0.932714 -6.027351 0.932714 -6.204046 1.051659 -6.190259 0.992265 -6.027351 0.932714 -5.89459 0.821088 -3.425 1.444293 -3.425 1.444293 -5.89459 0.821088 -3.212871 1.367085 -3.212871 1.367085 -5.89459 0.821088 -5.807954 0.670823 -3.212871 1.367085 -5.807954 0.670823 -5.777868 0.5 -5.777868 -0.5 0.431978 -0.69127 -5.777868 0.5 -5.777868 0.5 0.431978 -0.69127 0.630041 -0.576919 -5.777868 0.5 0.630041 -0.576919 0.630041 0.576919 0.630041 0.576919 0.630041 -0.576919 0.857491 0.553013 0.857491 0.553013 0.630041 -0.576919 0.857491 -0.553013 0.857491 0.553013 0.857491 -0.553013 2.330041 -0.576919 2.330041 -0.576919 0.857491 -0.553013 1.075 -0.623686 2.330041 -0.576919 1.075 -0.623686 2.131978 -0.69127 2.131978 -0.69127 1.075 -0.623686 1.244959 -0.776718 2.131978 -0.69127 1.244959 -0.776718 1.99755 -0.876295 1.99755 -0.876295 1.244959 -0.776718 1.337981 -0.985649 1.99755 -0.876295 1.337981 -0.985649 1.95 -1.1 1.95 -1.1 1.337981 -0.985649 1.337981 -1.214351 1.95 -1.1 1.337981 -1.214351 1.99755 -1.323705 1.99755 -1.323705 1.337981 -1.214351 1.244959 -1.423282 1.99755 -1.323705 1.244959 -1.423282 2.131978 -1.50873 2.131978 -1.50873 1.244959 -1.423282 1.075 -1.576314 2.131978 -1.50873 1.075 -1.576314 1.41667 -1.889444 1.41667 -1.889444 1.075 -1.576314 0.857491 -1.646987 1.41667 -1.889444 0.857491 -1.646987 -0.178858 -1.998098 -0.178858 -1.998098 0.857491 -1.646987 0.630041 -1.623081 -0.178858 -1.998098 0.630041 -1.623081 0.431978 -1.50873 -5.807954 -0.670823 -3.212871 -1.367085 -5.777868 -0.5 -5.777868 -0.5 -3.212871 -1.367085 -2.987129 -1.367085 -5.777868 -0.5 -2.987129 -1.367085 0.431978 -0.69127 0.431978 -0.69127 -2.987129 -1.367085 0.29755 -0.876295 0.29755 -0.876295 -2.987129 -1.367085 0.25 -1.1 0.25 -1.1 -2.987129 -1.367085 -2.775 -1.444293 0.25 -1.1 -2.775 -1.444293 0.29755 -1.323705 0.29755 -1.323705 -2.775 -1.444293 -2.602071 -1.589398 0.29755 -1.323705 -2.602071 -1.589398 0.431978 -1.50873 0.431978 -1.50873 -2.602071 -1.589398 -0.178858 -1.998098 -5.807954 -0.670823 -5.89459 -0.821088 -3.212871 -1.367085 -3.212871 -1.367085 -5.89459 -0.821088 -3.425 -1.444293 -3.425 -1.444293 -5.89459 -0.821088 -6.027351 -0.932714 -3.425 -1.444293 -6.027351 -0.932714 -6.234015 -1.169862 -6.234015 -1.169862 -6.027351 -0.932714 -6.218632 -1.110862 -6.218632 -1.110862 -6.027351 -0.932714 -6.204046 -1.051659 -6.204046 -1.051659 -6.027351 -0.932714 -6.190259 -0.992265 -6.515943 -2.22203 -3.7108 -1.784897 -6.234015 -1.169862 -6.234015 -1.169862 -3.7108 -1.784897 -3.597929 -1.589398 -6.234015 -1.169862 -3.597929 -1.589398 -3.425 -1.444293 -6.531054 -2.334478 -5.221014 -2.637006 -6.515943 -2.22203 -6.515943 -2.22203 -5.221014 -2.637006 -4.443874 -2.506265 -6.515943 -2.22203 -4.443874 -2.506265 -3.75 -2.00721 -3.75 -2.00721 -4.443874 -2.506265 -4.161085 -2.461941 -3.75 -2.00721 -4.161085 -2.461941 -3.75 -2.270878 -3.75 -2.270878 -4.161085 -2.461941 -3.759588 -2.323084 -3.759588 -2.323084 -4.161085 -2.461941 -3.786491 -2.368844 -3.786491 -2.368844 -4.161085 -2.461941 -3.878056 -2.419264 -3.786491 -2.368844 -3.878056 -2.419264 -3.827695 -2.402253 -6.531054 -2.334478 -6.517789 -2.447188 -5.221014 -2.637006 -5.221014 -2.637006 -6.517789 -2.447188 -6.47679 -2.55304 -5.221014 -2.637006 -6.47679 -2.55304 -6.410417 -2.645108 -5.221014 -2.637006 -6.410417 -2.645108 -5.995895 -2.780324 -5.995895 -2.780324 -6.410417 -2.645108 -6.323203 -2.71774 -5.995895 -2.780324 -6.323203 -2.71774 -6.220729 -2.766299 -6.220729 -2.766299 -6.109207 -2.78749 -5.995895 -2.780324 -3.75 -2.00721 -3.7108 -1.784897 -6.515943 -2.22203 -2.602071 -1.589398 -2.4892 -1.784897 -0.178858 -1.998098 -0.178858 -1.998098 -2.4892 -1.784897 -2.45 -2.00721 -0.178858 -1.998098 -2.45 -2.00721 -2.28243 -2.207714 -2.28243 -2.207714 -2.45 -2.00721 -2.45 -2.058747 -2.28243 -2.207714 -2.45 -2.058747 -2.436485 -2.120024 -2.436485 -2.120024 -2.399569 -2.170777 -2.28243 -2.207714 -2.28243 -2.207714 -2.399569 -2.170777 -2.345067 -2.20172 2.131978 -1.50873 1.41667 -1.889444 2.330041 -1.623081 2.330041 -1.623081 1.41667 -1.889444 2.880393 -1.826023 2.330041 -1.623081 2.880393 -1.826023 2.557491 -1.646987 2.557491 -1.646987 2.880393 -1.826023 2.775 -1.576314 2.775 -1.576314 2.880393 -1.826023 4.344768 -1.798436 2.775 -1.576314 4.344768 -1.798436 2.944959 -1.423282 2.944959 -1.423282 4.344768 -1.798436 5.25 -1.511472 2.944959 -1.423282 5.25 -1.511472 3.037981 -1.214351 3.037981 -1.214351 5.25 -1.511472 5.2892 -1.289159 3.037981 -1.214351 5.2892 -1.289159 5.402071 -1.09366 5.098818 -1.799103 5.238377 -1.706828 4.344768 -1.798436 4.344768 -1.798436 5.238377 -1.706828 5.25 -1.649108 4.344768 -1.798436 5.25 -1.649108 5.25 -1.511472 5.156464 -1.787752 5.205592 -1.755517 5.098818 -1.799103 5.098818 -1.799103 5.205592 -1.755517 5.238377 -1.706828 3.037981 -1.214351 5.402071 -1.09366 3.037981 -0.985649 3.037981 -0.985649 5.402071 -1.09366 5.575 -0.948556 3.037981 -0.985649 5.575 -0.948556 2.944959 -0.776718 2.944959 -0.776718 5.575 -0.948556 5.787129 -0.871347 2.944959 -0.776718 5.787129 -0.871347 2.775 -0.623686 2.775 -0.623686 5.787129 -0.871347 2.775 0.623686 2.775 -0.623686 2.775 0.623686 2.557491 -0.553013 2.557491 -0.553013 2.775 0.623686 2.557491 0.553013 2.557491 -0.553013 2.557491 0.553013 2.330041 -0.576919 2.330041 -0.576919 2.557491 0.553013 2.330041 0.576919 2.330041 -0.576919 2.330041 0.576919 0.857491 0.553013 0.857491 0.553013 2.330041 0.576919 1.075 0.623686 1.075 0.623686 2.330041 0.576919 2.131978 0.69127 1.075 0.623686 2.131978 0.69127 1.244959 0.776718 1.244959 0.776718 2.131978 0.69127 1.99755 0.876295 1.244959 0.776718 1.99755 0.876295 1.337981 0.985649 1.337981 0.985649 1.99755 0.876295 1.95 1.1 1.337981 0.985649 1.95 1.1 1.337981 1.214351 1.337981 1.214351 1.95 1.1 1.99755 1.323705 1.337981 1.214351 1.99755 1.323705 1.244959 1.423282 1.244959 1.423282 1.99755 1.323705 2.131978 1.50873 1.244959 1.423282 2.131978 1.50873 1.075 1.576314 1.075 1.576314 2.131978 1.50873 1.41667 1.889444 1.075 1.576314 1.41667 1.889444 0.857491 1.646987 0.857491 1.646987 1.41667 1.889444 -0.178858 1.998098 0.857491 1.646987 -0.178858 1.998098 0.630041 1.623081 0.630041 1.623081 -0.178858 1.998098 0.431978 1.50873 0.431978 1.50873 -0.178858 1.998098 -2.602071 1.589398 0.431978 1.50873 -2.602071 1.589398 0.29755 1.323705 0.29755 1.323705 -2.602071 1.589398 -2.775 1.444293 0.29755 1.323705 -2.775 1.444293 0.25 1.1 0.25 1.1 -2.775 1.444293 -2.987129 1.367085 0.25 1.1 -2.987129 1.367085 0.29755 0.876295 0.29755 0.876295 -2.987129 1.367085 0.431978 0.69127 0.431978 0.69127 -2.987129 1.367085 -5.777868 0.5 0.431978 0.69127 -5.777868 0.5 0.630041 0.576919 2.775 0.623686 5.787129 -0.871347 5.787129 0.871347 5.787129 0.871347 5.787129 -0.871347 6.012871 -0.871347 5.787129 0.871347 6.012871 -0.871347 6.012871 0.871347 6.012871 0.871347 6.012871 -0.871347 9.24016 -0.232706 6.012871 0.871347 9.24016 -0.232706 9.24016 0.232706 6.012871 -0.871347 6.225 -0.948556 9.24016 -0.232706 9.24016 -0.232706 6.225 -0.948556 9.320979 -0.691047 9.320979 -0.691047 6.225 -0.948556 6.397929 -1.09366 9.320979 -0.691047 6.397929 -1.09366 6.5108 -1.289159 9.320979 -0.691047 6.5108 -1.289159 9.520548 -1.435853 9.520548 -1.435853 6.5108 -1.289159 6.55 -1.511472 9.520548 -1.435853 6.55 -1.511472 7.574444 -1.88075 7.574444 -1.88075 6.55 -1.511472 7.134317 -1.856354 7.134317 -1.856354 6.55 -1.511472 6.55 -1.686699 7.134317 -1.856354 6.55 -1.686699 6.560931 -1.742755 6.560931 -1.742755 6.591889 -1.790563 7.134317 -1.856354 7.134317 -1.856354 6.591889 -1.790563 6.694012 -1.83658 6.694012 -1.83658 6.591889 -1.790563 6.638587 -1.823262 7.574444 -1.88075 8.307736 -1.932667 9.520548 -1.435853 9.520548 -1.435853 8.307736 -1.932667 9.53574 -1.543366 9.53574 -1.543366 8.307736 -1.932667 9.524808 -1.651397 9.524808 -1.651397 8.307736 -1.932667 9.488313 -1.753702 9.488313 -1.753702 8.307736 -1.932667 9.428307 -1.844183 9.428307 -1.844183 8.307736 -1.932667 9.348375 -1.917721 9.348375 -1.917721 8.307736 -1.932667 9.039672 -1.999943 9.348375 -1.917721 9.039672 -1.999943 9.253258 -1.970016 9.253258 -1.970016 9.039672 -1.999943 9.148272 -1.997863 6.012871 0.871347 9.24016 0.232706 6.225 0.948556 6.225 0.948556 9.24016 0.232706 9.320979 0.691047 6.225 0.948556 9.320979 0.691047 6.397929 1.09366 6.397929 1.09366 9.320979 0.691047 6.5108 1.289159 6.5108 1.289159 9.320979 0.691047 9.520548 1.435853 6.5108 1.289159 9.520548 1.435853 6.55 1.511472 6.55 1.511472 9.520548 1.435853 7.574444 1.88075 6.55 1.511472 7.574444 1.88075 7.134317 1.856354 7.574444 1.88075 9.520548 1.435853 8.307736 1.932667 8.307736 1.932667 9.520548 1.435853 9.535682 1.543414 8.307736 1.932667 9.535682 1.543414 9.524802 1.651484 9.524802 1.651484 9.488219 1.753678 8.307736 1.932667 8.307736 1.932667 9.488219 1.753678 9.428257 1.844241 8.307736 1.932667 9.428257 1.844241 9.348414 1.917811 8.307736 1.932667 9.348414 1.917811 9.039672 1.999943 9.039672 1.999943 9.348414 1.917811 9.253173 1.970037 9.039672 1.999943 9.253173 1.970037 9.148235 1.997928 6.694012 1.83658 6.591903 1.790577 7.134317 1.856354 7.134317 1.856354 6.591903 1.790577 6.561094 1.742612 7.134317 1.856354 6.561094 1.742612 6.55 1.686699 6.694012 1.83658 6.638437 1.82342 6.591903 1.790577 6.55 1.686699 6.55 1.511472 7.134317 1.856354 2.775 0.623686 5.787129 0.871347 2.944959 0.776718 2.944959 0.776718 5.787129 0.871347 5.575 0.948556 2.944959 0.776718 5.575 0.948556 3.037981 0.985649 3.037981 0.985649 5.575 0.948556 5.402071 1.09366 3.037981 0.985649 5.402071 1.09366 3.037981 1.214351 3.037981 1.214351 5.402071 1.09366 5.2892 1.289159 3.037981 1.214351 5.2892 1.289159 5.25 1.511472 5.25 1.649108 4.344768 1.798436 5.25 1.511472 5.25 1.511472 4.344768 1.798436 2.944959 1.423282 5.25 1.511472 2.944959 1.423282 3.037981 1.214351 5.25 1.649108 5.238376 1.706829 4.344768 1.798436 4.344768 1.798436 5.238376 1.706829 5.098818 1.799103 5.098818 1.799103 5.238376 1.706829 5.20559 1.755519 5.098818 1.799103 5.20559 1.755519 5.156463 1.787753 2.944959 1.423282 4.344768 1.798436 2.775 1.576314 2.775 1.576314 4.344768 1.798436 2.880393 1.826023 2.775 1.576314 2.880393 1.826023 2.557491 1.646987 2.557491 1.646987 2.880393 1.826023 2.330041 1.623081 2.330041 1.623081 2.880393 1.826023 1.41667 1.889444 2.330041 1.623081 1.41667 1.889444 2.131978 1.50873 -2.28243 2.207714 -2.45 2.00721 -0.178858 1.998098 -0.178858 1.998098 -2.45 2.00721 -2.4892 1.784897 -0.178858 1.998098 -2.4892 1.784897 -2.602071 1.589398 -2.345069 2.201719 -2.399572 2.170775 -2.28243 2.207714 -2.28243 2.207714 -2.399572 2.170775 -2.436486 2.120023 -2.28243 2.207714 -2.436486 2.120023 -2.45 2.058747 -2.45 2.058747 -2.45 2.00721 -2.28243 2.207714 -2.987129 1.367085 -3.212871 1.367085 -5.777868 0.5 -3.597929 1.589398 -3.7108 1.784897 -6.234015 1.169862 -6.234015 1.169862 -3.7108 1.784897 -6.515943 2.22203 -6.515943 2.22203 -3.7108 1.784897 -3.75 2.00721 -6.515943 2.22203 -3.75 2.00721 -4.443874 2.506265 -4.443874 2.506265 -3.75 2.00721 -4.161085 2.461941 -4.161085 2.461941 -3.75 2.00721 -3.75 2.270878 -4.161085 2.461941 -3.75 2.270878 -3.75946 2.323186 -3.75946 2.323186 -3.786483 2.368834 -4.161085 2.461941 -4.161085 2.461941 -3.786483 2.368834 -3.878056 2.419264 -3.878056 2.419264 -3.786483 2.368834 -3.827815 2.402142 -4.443874 2.506265 -5.221014 2.637006 -6.515943 2.22203 -6.515943 2.22203 -5.221014 2.637006 -6.531055 2.334475 -6.531055 2.334475 -5.221014 2.637006 -6.517792 2.447181 -6.517792 2.447181 -5.221014 2.637006 -6.476794 2.553034 -6.476794 2.553034 -5.221014 2.637006 -6.410422 2.645103 -6.410422 2.645103 -5.221014 2.637006 -5.995895 2.780324 -6.410422 2.645103 -5.995895 2.780324 -6.323209 2.717736 -6.323209 2.717736 -5.995895 2.780324 -6.220735 2.766296 -6.220735 2.766296 -5.995895 2.780324 -6.109209 2.787489 0.397781 1.014894 0.392699 1.155565 0.324407 1.003581 0.324407 1.003581 0.392699 1.155565 0.314159 1.155565 0.324407 1.003581 0.314159 1.155565 0.279299 0.99252 0.279299 0.99252 0.314159 1.155565 0.235619 1.096023 0.279299 0.99252 0.235619 1.096023 0.235619 1.03648 0.471239 1.019083 0.471239 1.064577 0.397781 1.014894 0.397781 1.014894 0.471239 1.064577 0.471239 1.110071 0.397781 1.014894 0.471239 1.110071 0.392699 1.155565 0.392699 1.155565 0.471239 1.110071 0.471239 1.155565 0.314159 1.155565 0.235619 1.155565 0.235619 1.096023 0.235619 1.03648 0.235619 0.976937 0.279299 0.99252 1.006914 0.314159 0.439656 0.314159 1.014041 0.1561059 1.014041 0.1561059 0.439656 0.314159 0.447909 0.155799 1.014041 0.1561059 0.447909 0.155799 1.032908 -9.99e-4 1.032908 -9.99e-4 0.447909 0.155799 0.469671 -0.001307964 1.032908 -9.99e-4 0.469671 -0.001307964 1.057575 -0.157597 1.057575 -0.157597 0.469671 -0.001307964 0.498027 -0.157752 1.057575 -0.157597 0.498027 -0.157752 1.081483 -0.314159 1.081483 -0.314159 0.498027 -0.157752 0.525454 -0.314159 0.610344 0.314159 0.04308599 0.314159 0.602091 0.155799 0.602091 0.155799 0.04308599 0.314159 0.035959 0.1561059 0.602091 0.155799 0.035959 0.1561059 0.01709198 -9.99e-4 0.602091 0.155799 0.01709198 -9.99e-4 0.580329 -0.001307964 0.580329 -0.001307964 0.01709198 -9.99e-4 -0.007574975 -0.157597 0.580329 -0.001307964 -0.007574975 -0.157597 0.551973 -0.157752 0.551973 -0.157752 -0.007574975 -0.157597 -0.03148299 -0.314159 0.551973 -0.157752 -0.03148299 -0.314159 0.524546 -0.314159 -0.2825 -0.572032 -1.412751 -0.756366 -0.2825 -1.144063 -0.2825 -1.144063 -1.412751 -0.756366 -1.498952 -0.888238 -0.2825 -1.144063 -1.498952 -0.888238 -1.628528 -0.977304 -0.2825 0 -1.3825 -0.200634 -0.2825 -0.572032 -0.2825 -0.572032 -1.3825 -0.200634 -1.3825 -0.601901 -0.2825 -0.572032 -1.3825 -0.601901 -1.412751 -0.756366 -1.3825 -0.200634 -0.2825 0 -1.3825 0.200634 -1.3825 0.200634 -0.2825 0 -0.2825 0.572032 -1.3825 0.200634 -0.2825 0.572032 -1.3825 0.601901 -1.3825 0.601901 -0.2825 0.572032 -1.412751 0.756366 -1.412751 0.756366 -0.2825 0.572032 -1.498952 0.888238 -1.498952 0.888238 -0.2825 0.572032 -0.2825 1.144063 -1.498952 0.888238 -0.2825 1.144063 -1.628528 0.977304 -1.628528 0.977304 -0.2825 1.144063 -1.7825 1.00894 -1.7825 1.00894 -0.2825 1.144063 -2.3325 1.144063 -1.7825 1.00894 -2.3325 1.144063 -2.3325 1.099022 -2.3325 1.099022 -2.3325 1.053981 -1.7825 1.00894 -1.7825 1.00894 -2.3325 1.053981 -2.3325 1.00894 -1.628528 -0.977304 -1.7825 -1.00894 -0.2825 -1.144063 -0.2825 -1.144063 -1.7825 -1.00894 -2.3325 -1.099022 -0.2825 -1.144063 -2.3325 -1.099022 -2.3325 -1.144063 -2.3325 -1.00894 -2.3325 -1.053981 -1.7825 -1.00894 -1.7825 -1.00894 -2.3325 -1.053981 -2.3325 -1.099022 0.279441 -0.992561 0.314159 -1.155565 0.324407 -1.003581 0.324407 -1.003581 0.314159 -1.155565 0.392699 -1.155565 0.324407 -1.003581 0.392699 -1.155565 0.397781 -1.014893 0.397781 -1.014893 0.392699 -1.155565 0.471239 -1.110071 0.397781 -1.014893 0.471239 -1.110071 0.471239 -1.064577 0.235619 -0.976937 0.235619 -1.03648 0.279441 -0.992561 0.279441 -0.992561 0.235619 -1.03648 0.235619 -1.096023 0.279441 -0.992561 0.235619 -1.096023 0.314159 -1.155565 0.314159 -1.155565 0.235619 -1.096023 0.235619 -1.155565 0.392699 -1.155565 0.471239 -1.155565 0.471239 -1.110071 0.471239 -1.064577 0.471239 -1.019083 0.397781 -1.014893 0.45 -0.431969 -0.45 -0.431969 0.45 -0.518363 0.45 -0.518363 -0.45 -0.431969 -0.45 -0.518363 0.45 0.518363 -0.45 0.518363 0.45 0.431969 0.45 0.431969 -0.45 0.518363 -0.45 0.431969 0.45 0.431969 -0.45 0.431969 0.45 0.345575 0.45 0.345575 -0.45 0.431969 -0.45 0.345575 0.45 0.345575 -0.45 0.345575 0.45 0.259181 0.45 0.259181 -0.45 0.345575 -0.45 0.259181 0.45 0.259181 -0.45 0.259181 0.45 0.172788 0.45 0.172788 -0.45 0.259181 -0.45 0.172788 0.45 0.172788 -0.45 0.172788 0.45 0.08639395 0.45 0.08639395 -0.45 0.172788 -0.45 0.08639395 0.45 0.08639395 -0.45 0.08639395 0.45 0 0.45 0 -0.45 0.08639395 -0.45 0 0.45 0 -0.45 0 0.45 -0.08639395 0.45 -0.08639395 -0.45 0 -0.45 -0.08639395 0.45 -0.08639395 -0.45 -0.08639395 0.45 -0.172788 0.45 -0.172788 -0.45 -0.08639395 -0.45 -0.172788 0.45 -0.172788 -0.45 -0.172788 0.45 -0.259181 0.45 -0.259181 -0.45 -0.172788 -0.45 -0.259181 0.45 -0.259181 -0.45 -0.259181 0.45 -0.345575 0.45 -0.345575 -0.45 -0.259181 -0.45 -0.345575 0.45 -0.345575 -0.45 -0.345575 0.45 -0.431969 0.45 -0.431969 -0.45 -0.345575 -0.45 -0.431969 0.45 -0.431969 -0.45 -0.431969 0.45 -0.518363 0.45 -0.518363 -0.45 -0.431969 -0.45 -0.518363 0.45 0.518363 -0.45 0.518363 0.45 0.431969 0.45 0.431969 -0.45 0.518363 -0.45 0.431969 0.45 0.431969 -0.45 0.431969 0.45 0.345575 0.45 0.345575 -0.45 0.431969 -0.45 0.345575 0.45 0.345575 -0.45 0.345575 0.45 0.259181 0.45 0.259181 -0.45 0.345575 -0.45 0.259181 0.45 0.259181 -0.45 0.259181 0.45 0.172788 0.45 0.172788 -0.45 0.259181 -0.45 0.172788 0.45 0.172788 -0.45 0.172788 0.45 0.08639395 0.45 0.08639395 -0.45 0.172788 -0.45 0.08639395 0.45 0.08639395 -0.45 0.08639395 0.45 0 0.45 0 -0.45 0.08639395 -0.45 0 0.45 0 -0.45 0 0.45 -0.08639395 0.45 -0.08639395 -0.45 0 -0.45 -0.08639395 0.45 -0.08639395 -0.45 -0.08639395 0.45 -0.172788 0.45 -0.172788 -0.45 -0.08639395 -0.45 -0.172788 0.45 -0.172788 -0.45 -0.172788 0.45 -0.259181 0.45 -0.259181 -0.45 -0.172788 -0.45 -0.259181 0.45 -0.259181 -0.45 -0.259181 0.45 -0.345575 0.45 -0.345575 -0.45 -0.259181 -0.45 -0.345575 0.45 -0.345575 -0.45 -0.345575 0.45 -0.431969 0.45 -0.431969 -0.45 -0.345575 -0.45 -0.431969 0.45 -0.431969 -0.45 -0.431969 0.45 -0.518363 0.45 -0.518363 -0.45 -0.431969 -0.45 -0.518363 0.45 0.518363 -0.45 0.518363 0.45 0.431969 0.45 0.431969 -0.45 0.518363 -0.45 0.431969 0.45 0.431969 -0.45 0.431969 0.45 0.345575 0.45 0.345575 -0.45 0.431969 -0.45 0.345575 0.45 0.345575 -0.45 0.345575 0.45 0.259181 0.45 0.259181 -0.45 0.345575 -0.45 0.259181 0.45 0.259181 -0.45 0.259181 0.45 0.172788 0.45 0.172788 -0.45 0.259181 -0.45 0.172788 0.45 0.172788 -0.45 0.172788 0.45 0.08639395 0.45 0.08639395 -0.45 0.172788 -0.45 0.08639395 0.45 0.08639395 -0.45 0.08639395 0.45 0 0.45 0 -0.45 0.08639395 -0.45 0 0.45 0 -0.45 0 0.45 -0.08639395 0.45 -0.08639395 -0.45 0 -0.45 -0.08639395 0.45 -0.08639395 -0.45 -0.08639395 0.45 -0.172788 0.45 -0.172788 -0.45 -0.08639395 -0.45 -0.172788 0.45 -0.172788 -0.45 -0.172788 0.45 -0.259181 0.45 -0.259181 -0.45 -0.172788 -0.45 -0.259181 0.45 -0.259181 -0.45 -0.259181 0.45 -0.345575 0.45 -0.345575 -0.45 -0.259181 -0.45 -0.345575 0.45 -0.345575 -0.45 -0.345575 0.45 -0.431969 0.45 -0.431969 -0.45 -0.345575 -0.45 -0.431969 1 -0.471239 0 -0.471239 1 -0.565487 1 -0.565487 0 -0.471239 0 -0.565487 1 0.565487 0 0.565487 1 0.471239 1 0.471239 0 0.565487 0 0.471239 1 0.471239 0 0.471239 1 0.376991 1 0.376991 0 0.471239 0 0.376991 1 0.376991 0 0.376991 1 0.282743 1 0.282743 0 0.376991 0 0.282743 1 0.282743 0 0.282743 1 0.1884959 1 0.1884959 0 0.282743 0 0.1884959 1 0.1884959 0 0.1884959 1 0.09424799 1 0.09424799 0 0.1884959 0 0.09424799 1 0.09424799 0 0.09424799 1 0 1 0 0 0.09424799 0 0 1 0 0 0 1 -0.09424799 1 -0.09424799 0 0 0 -0.09424799 1 -0.09424799 0 -0.09424799 1 -0.1884959 1 -0.1884959 0 -0.09424799 0 -0.1884959 1 -0.1884959 0 -0.1884959 1 -0.282743 1 -0.282743 0 -0.1884959 0 -0.282743 1 -0.282743 0 -0.282743 1 -0.376991 1 -0.376991 0 -0.282743 0 -0.376991 1 -0.376991 0 -0.376991 1 -0.471239 1 -0.471239 0 -0.376991 0 -0.471239 1 -0.471239 0 -0.471239 1 -0.565487 1 -0.565487 0 -0.471239 0 -0.565487 1 0.565487 0 0.565487 1 0.471239 1 0.471239 0 0.565487 0 0.471239 1 0.471239 0 0.471239 1 0.376991 1 0.376991 0 0.471239 0 0.376991 1 0.376991 0 0.376991 1 0.282743 1 0.282743 0 0.376991 0 0.282743 1 0.282743 0 0.282743 1 0.1884959 1 0.1884959 0 0.282743 0 0.1884959 1 0.1884959 0 0.1884959 1 0.09424799 1 0.09424799 0 0.1884959 0 0.09424799 1 0.09424799 0 0.09424799 1 0 1 0 0 0.09424799 0 0 1 0 0 0 1 -0.09424799 1 -0.09424799 0 0 0 -0.09424799 1 -0.09424799 0 -0.09424799 1 -0.1884959 1 -0.1884959 0 -0.09424799 0 -0.1884959 1 -0.1884959 0 -0.1884959 1 -0.282743 1 -0.282743 0 -0.1884959 0 -0.282743 1 -0.282743 0 -0.282743 1 -0.376991 1 -0.376991 0 -0.282743 0 -0.376991 1 -0.376991 0 -0.376991 1 -0.471239 1 -0.471239 0 -0.376991 0 -0.471239 0 0.19635 0.4 0.304636 0 0.392699 0 0.392699 0.4 0.304636 0.406355 0.350694 0 0.392699 0.406355 0.350694 0.425519 0.392699 0.4 0.304636 0 0.19635 0.4 0.130302 0.4 0.130302 0 0.19635 0 0 0.4 0.130302 0 0 0.4 -0.04403197 0.4 -0.04403197 0 0 0 -0.19635 0.4 -0.04403197 0 -0.19635 0.4 -0.218365 0.4 -0.218365 0 -0.19635 0 -0.392699 0.4 -0.218365 0 -0.392699 0.4 -0.392699 -0.5 0.4 -1.5 0.4 -0.5 0 -0.5 0 -1.5 0.4 -1.5 0 0.4 0.392699 0 0.392699 0.4 0.218365 0.4 0.218365 0 0.392699 0 0.19635 0.4 0.218365 0 0.19635 0.4 0.04403197 0.4 0.04403197 0 0.19635 0 0 0.4 0.04403197 0 0 0.4 -0.130302 0.4 -0.130302 0 0 0 -0.19635 0.4 -0.130302 0 -0.19635 0.4 -0.304636 0.4 -0.304636 0 -0.19635 0 -0.392699 0.4 -0.304636 0 -0.392699 0.406315 -0.350551 0.406315 -0.350551 0 -0.392699 0.425519 -0.392699 0.45 -0.431969 -0.45 -0.431969 0.45 -0.518363 0.45 -0.518363 -0.45 -0.431969 -0.45 -0.518363 0.45 0.518363 -0.45 0.518363 0.45 0.431969 0.45 0.431969 -0.45 0.518363 -0.45 0.431969 0.45 0.431969 -0.45 0.431969 0.45 0.345575 0.45 0.345575 -0.45 0.431969 -0.45 0.345575 0.45 0.345575 -0.45 0.345575 0.45 0.259181 0.45 0.259181 -0.45 0.345575 -0.45 0.259181 0.45 0.259181 -0.45 0.259181 0.45 0.172788 0.45 0.172788 -0.45 0.259181 -0.45 0.172788 0.45 0.172788 -0.45 0.172788 0.45 0.08639395 0.45 0.08639395 -0.45 0.172788 -0.45 0.08639395 0.45 0.08639395 -0.45 0.08639395 0.45 0 0.45 0 -0.45 0.08639395 -0.45 0 0.45 0 -0.45 0 0.45 -0.08639395 0.45 -0.08639395 -0.45 0 -0.45 -0.08639395 0.45 -0.08639395 -0.45 -0.08639395 0.45 -0.172788 0.45 -0.172788 -0.45 -0.08639395 -0.45 -0.172788 0.45 -0.172788 -0.45 -0.172788 0.45 -0.259181 0.45 -0.259181 -0.45 -0.172788 -0.45 -0.259181 0.45 -0.259181 -0.45 -0.259181 0.45 -0.345575 0.45 -0.345575 -0.45 -0.259181 -0.45 -0.345575 0.45 -0.345575 -0.45 -0.345575 0.45 -0.431969 0.45 -0.431969 -0.45 -0.345575 -0.45 -0.431969 -1.550113 0.47949 -1.6 0.425519 -0.964656 0.4 -0.964656 0.4 -1.6 0.425519 -1.6 0 -0.964656 0.4 -1.6 0 0 0 0 0 0 0.4 -0.964656 0.4 -1.550113 0.47949 -0.964656 0.4 -1.531914 0.55 -1.531914 0.55 -0.964656 0.4 -0.964656 1.1 -1.531914 0.55 -0.964656 1.1 -1.531914 1.1 -2.1 0 -0.5 0 -1.135344 0.4 -1.135344 0.4 -0.5 0 -0.5 0.425519 -1.135344 0.4 -0.5 0.425519 -0.549884 0.479492 -0.549884 0.479492 -0.568086 0.55 -1.135344 0.4 -1.135344 0.4 -0.568086 0.55 -1.135344 1.1 -1.135344 1.1 -0.568086 0.55 -0.568086 1.1 -1.135344 0.4 -2.1 0.4 -2.1 0 0.45 -0.431969 -0.45 -0.431969 0.45 -0.518363 0.45 -0.518363 -0.45 -0.431969 -0.45 -0.518363 0.45 0.518363 -0.45 0.518363 0.45 0.431969 0.45 0.431969 -0.45 0.518363 -0.45 0.431969 0.45 0.431969 -0.45 0.431969 0.45 0.345575 0.45 0.345575 -0.45 0.431969 -0.45 0.345575 0.45 0.345575 -0.45 0.345575 0.45 0.259181 0.45 0.259181 -0.45 0.345575 -0.45 0.259181 0.45 0.259181 -0.45 0.259181 0.45 0.172788 0.45 0.172788 -0.45 0.259181 -0.45 0.172788 0.45 0.172788 -0.45 0.172788 0.45 0.08639395 0.45 0.08639395 -0.45 0.172788 -0.45 0.08639395 0.45 0.08639395 -0.45 0.08639395 0.45 0 0.45 0 -0.45 0.08639395 -0.45 0 0.45 0 -0.45 0 0.45 -0.08639395 0.45 -0.08639395 -0.45 0 -0.45 -0.08639395 0.45 -0.08639395 -0.45 -0.08639395 0.45 -0.172788 0.45 -0.172788 -0.45 -0.08639395 -0.45 -0.172788 0.45 -0.172788 -0.45 -0.172788 0.45 -0.259181 0.45 -0.259181 -0.45 -0.172788 -0.45 -0.259181 0.45 -0.259181 -0.45 -0.259181 0.45 -0.345575 0.45 -0.345575 -0.45 -0.259181 -0.45 -0.345575 0.45 -0.345575 -0.45 -0.345575 0.45 -0.431969 0.45 -0.431969 -0.45 -0.345575 -0.45 -0.431969 0.259808 0.15 0.142894 0.08249998 0.3 0 0.3 0 0.142894 0.08249998 0.165 0 0.3 0 0.165 0 0.259808 -0.15 0.259808 -0.15 0.165 0 0.142894 -0.08249998 0.259808 -0.15 0.142894 -0.08249998 0.08249998 -0.142894 0.142894 0.08249998 0.259808 0.15 0.08249998 0.142894 0.08249998 0.142894 0.259808 0.15 0.15 0.259808 0.08249998 0.142894 0.15 0.259808 0 0.165 0 0.165 0.15 0.259808 0 0.3 0 0.165 0 0.3 -0.15 0.259808 0 0.165 -0.15 0.259808 -0.08249998 0.142894 -0.08249998 0.142894 -0.15 0.259808 -0.259808 0.15 -0.08249998 0.142894 -0.259808 0.15 -0.142894 0.08249998 -0.142894 0.08249998 -0.259808 0.15 -0.3 0 -0.142894 0.08249998 -0.3 0 -0.165 0 -0.165 0 -0.3 0 -0.142894 -0.08249998 -0.142894 -0.08249998 -0.3 0 -0.259808 -0.15 -0.142894 -0.08249998 -0.259808 -0.15 -0.08249998 -0.142894 -0.08249998 -0.142894 -0.259808 -0.15 -0.15 -0.259808 -0.08249998 -0.142894 -0.15 -0.259808 0 -0.165 0 -0.165 -0.15 -0.259808 0 -0.3 0 -0.165 0 -0.3 0.15 -0.259808 0 -0.165 0.15 -0.259808 0.08249998 -0.142894 0.08249998 -0.142894 0.15 -0.259808 0.259808 -0.15 0.259808 0.15 0.142894 0.08249998 0.3 0 0.3 0 0.142894 0.08249998 0.165 0 0.3 0 0.165 0 0.259808 -0.15 0.259808 -0.15 0.165 0 0.142894 -0.08249998 0.259808 -0.15 0.142894 -0.08249998 0.08249998 -0.142894 0.142894 0.08249998 0.259808 0.15 0.08249998 0.142894 0.08249998 0.142894 0.259808 0.15 0.15 0.259808 0.08249998 0.142894 0.15 0.259808 0 0.165 0 0.165 0.15 0.259808 0 0.3 0 0.165 0 0.3 -0.15 0.259808 0 0.165 -0.15 0.259808 -0.08249998 0.142894 -0.08249998 0.142894 -0.15 0.259808 -0.259808 0.15 -0.08249998 0.142894 -0.259808 0.15 -0.142894 0.08249998 -0.142894 0.08249998 -0.259808 0.15 -0.3 0 -0.142894 0.08249998 -0.3 0 -0.165 0 -0.165 0 -0.3 0 -0.142894 -0.08249998 -0.142894 -0.08249998 -0.3 0 -0.259808 -0.15 -0.142894 -0.08249998 -0.259808 -0.15 -0.08249998 -0.142894 -0.08249998 -0.142894 -0.259808 -0.15 -0.15 -0.259808 -0.08249998 -0.142894 -0.15 -0.259808 0 -0.165 0 -0.165 -0.15 -0.259808 0 -0.3 0 -0.165 0 -0.3 0.15 -0.259808 0 -0.165 0.15 -0.259808 0.08249998 -0.142894 0.08249998 -0.142894 0.15 -0.259808 0.259808 -0.15 0.259808 0.15 0.142894 0.08249998 0.3 0 0.3 0 0.142894 0.08249998 0.165 0 0.3 0 0.165 0 0.259808 -0.15 0.259808 -0.15 0.165 0 0.142894 -0.08249998 0.259808 -0.15 0.142894 -0.08249998 0.08249998 -0.142894 0.142894 0.08249998 0.259808 0.15 0.08249998 0.142894 0.08249998 0.142894 0.259808 0.15 0.15 0.259808 0.08249998 0.142894 0.15 0.259808 0 0.165 0 0.165 0.15 0.259808 0 0.3 0 0.165 0 0.3 -0.15 0.259808 0 0.165 -0.15 0.259808 -0.08249998 0.142894 -0.08249998 0.142894 -0.15 0.259808 -0.259808 0.15 -0.08249998 0.142894 -0.259808 0.15 -0.142894 0.08249998 -0.142894 0.08249998 -0.259808 0.15 -0.3 0 -0.142894 0.08249998 -0.3 0 -0.165 0 -0.165 0 -0.3 0 -0.142894 -0.08249998 -0.142894 -0.08249998 -0.3 0 -0.259808 -0.15 -0.142894 -0.08249998 -0.259808 -0.15 -0.08249998 -0.142894 -0.08249998 -0.142894 -0.259808 -0.15 -0.15 -0.259808 -0.08249998 -0.142894 -0.15 -0.259808 0 -0.165 0 -0.165 -0.15 -0.259808 0 -0.3 0 -0.165 0 -0.3 0.15 -0.259808 0 -0.165 0.15 -0.259808 0.08249998 -0.142894 0.08249998 -0.142894 0.15 -0.259808 0.259808 -0.15 -7.877868 -0.999952 -6.72 -1.195221 -6.277868 -0.999952 -6.277868 -0.999952 -6.72 -1.195221 -6.63 -1.171106 -6.277868 -0.999952 -6.63 -1.171106 -6.54 -1.195221 -8.069949 -1.417287 -6.81 -1.351106 -7.877868 -0.999952 -7.877868 -0.999952 -6.81 -1.351106 -6.785884 -1.261106 -7.877868 -0.999952 -6.785884 -1.261106 -6.72 -1.195221 -6.81 -1.351106 -8.069949 -1.417287 -6.785884 -1.441106 -6.785884 -1.441106 -8.069949 -1.417287 -8.325525 -1.799052 -6.785884 -1.441106 -8.325525 -1.799052 -6.72 -1.50699 -6.72 -1.50699 -8.325525 -1.799052 -8.638182 -2.135665 -6.72 -1.50699 -8.638182 -2.135665 -6.261081 -1.716518 -6.049303 -1.647707 -6.277868 -0.999952 -6.261081 -1.716518 -6.261081 -1.716518 -6.277868 -0.999952 -6.45 -1.351106 -6.261081 -1.716518 -6.45 -1.351106 -6.474115 -1.441106 -6.277868 -0.999952 -6.049303 -1.647707 -6.086527 -0.961891 -6.086527 -0.961891 -6.049303 -1.647707 -5.864695 -1.523188 -6.086527 -0.961891 -5.864695 -1.523188 -5.721561 -1.352607 -6.086527 -0.961891 -5.721561 -1.352607 -5.924315 -0.853505 -5.924315 -0.853505 -5.721561 -1.352607 -5.630991 -1.149182 -5.924315 -0.853505 -5.630991 -1.149182 -5.6 -0.928672 -5.6 0.928769 -5.777868 0.500048 -5.6 -0.928672 -5.6 -0.928672 -5.777868 0.500048 -5.777868 -0.499952 -5.6 -0.928672 -5.777868 -0.499952 -5.815929 -0.691293 -5.630991 1.149279 -5.924315 0.853602 -5.6 0.928769 -5.6 0.928769 -5.924315 0.853602 -5.815929 0.69139 -5.6 0.928769 -5.815929 0.69139 -5.777868 0.500048 -5.630991 1.149279 -5.721561 1.352704 -5.924315 0.853602 -5.924315 0.853602 -5.721561 1.352704 -6.086527 0.961988 -6.086527 0.961988 -5.721561 1.352704 -5.864695 1.523285 -6.086527 0.961988 -5.864695 1.523285 -6.049303 1.647804 -6.086527 0.961988 -6.049303 1.647804 -6.277868 1.000048 -6.277868 1.000048 -6.049303 1.647804 -6.261081 1.716615 -6.277868 1.000048 -6.261081 1.716615 -6.45 1.351202 -6.45 1.351202 -6.261081 1.716615 -6.474115 1.441202 -6.474115 1.441202 -6.261081 1.716615 -6.54 1.507087 -6.54 1.507087 -6.261081 1.716615 -6.63 1.531202 -6.63 1.531202 -6.261081 1.716615 -6.72 1.507087 -6.72 1.507087 -6.261081 1.716615 -8.638182 2.135762 -6.72 1.507087 -8.638182 2.135762 -8.325525 1.799149 -6.72 1.507087 -8.325525 1.799149 -6.785884 1.441202 -6.785884 1.441202 -8.325525 1.799149 -8.069949 1.417384 -6.785884 1.441202 -8.069949 1.417384 -6.81 1.351202 -6.81 1.351202 -8.069949 1.417384 -7.877868 1.000048 -6.81 1.351202 -7.877868 1.000048 -6.785884 1.261202 -6.785884 1.261202 -7.877868 1.000048 -6.72 1.195318 -6.72 1.195318 -7.877868 1.000048 -6.277868 1.000048 -6.72 1.195318 -6.277868 1.000048 -6.63 1.171202 -6.63 1.171202 -6.277868 1.000048 -6.54 1.195318 -6.54 1.195318 -6.277868 1.000048 -6.474115 1.261202 -6.474115 1.261202 -6.277868 1.000048 -6.45 1.351202 -5.815929 -0.691293 -5.924315 -0.853505 -5.6 -0.928672 -6.54 -1.195221 -6.474115 -1.261106 -6.277868 -0.999952 -6.277868 -0.999952 -6.474115 -1.261106 -6.45 -1.351106 -6.474115 -1.441106 -6.54 -1.50699 -6.261081 -1.716518 -6.261081 -1.716518 -6.54 -1.50699 -6.63 -1.531106 -6.261081 -1.716518 -6.63 -1.531106 -6.72 -1.50699 0.259808 0.15 0.142894 0.08249998 0.3 0 0.3 0 0.142894 0.08249998 0.165 0 0.3 0 0.165 0 0.259808 -0.15 0.259808 -0.15 0.165 0 0.142894 -0.08249998 0.259808 -0.15 0.142894 -0.08249998 0.08249998 -0.142894 0.142894 0.08249998 0.259808 0.15 0.08249998 0.142894 0.08249998 0.142894 0.259808 0.15 0.15 0.259808 0.08249998 0.142894 0.15 0.259808 0 0.165 0 0.165 0.15 0.259808 0 0.3 0 0.165 0 0.3 -0.15 0.259808 0 0.165 -0.15 0.259808 -0.08249998 0.142894 -0.08249998 0.142894 -0.15 0.259808 -0.259808 0.15 -0.08249998 0.142894 -0.259808 0.15 -0.142894 0.08249998 -0.142894 0.08249998 -0.259808 0.15 -0.3 0 -0.142894 0.08249998 -0.3 0 -0.165 0 -0.165 0 -0.3 0 -0.142894 -0.08249998 -0.142894 -0.08249998 -0.3 0 -0.259808 -0.15 -0.142894 -0.08249998 -0.259808 -0.15 -0.08249998 -0.142894 -0.08249998 -0.142894 -0.259808 -0.15 -0.15 -0.259808 -0.08249998 -0.142894 -0.15 -0.259808 0 -0.165 0 -0.165 -0.15 -0.259808 0 -0.3 0 -0.165 0 -0.3 0.15 -0.259808 0 -0.165 0.15 -0.259808 0.08249998 -0.142894 0.08249998 -0.142894 0.15 -0.259808 0.259808 -0.15 0.8 -8.089659 1.2 -8.089659 0.8 -7.629761 0.8 -7.629761 1.2 -8.089659 1.2 -7.567745 0.8 -7.629761 1.2 -7.567745 0.8 -7.169862 0.8 -7.169862 1.2 -7.567745 1.2 -7.045832 0.8 -7.169862 1.2 -7.045832 0.8 -6.709964 0.8 -6.709964 1.2 -7.045832 1.2 -6.523918 0.8 -6.709964 1.2 -6.523918 0.25 -6.709964 0.25 -6.709964 1.2 -6.523918 0.25 -6.193813 0.25 -6.193813 1.2 -6.523918 1.2 -6.002005 0.25 -6.193813 1.2 -6.002005 0.25 -5.677662 0.25 -5.677662 1.2 -6.002005 1.2 -5.480092 0.25 -5.677662 1.2 -5.480092 0.25 -5.161511 0.25 -5.161511 1.2 -5.480092 1.2 -4.958178 0.25 -5.161511 1.2 -4.958178 0.25 -4.64536 0.25 -4.64536 1.2 -4.958178 1.2 -4.436265 0.25 -4.64536 1.2 -4.436265 0.25 -4.129209 0.25 -4.129209 1.2 -4.436265 1.2 -3.914351 0.25 -4.129209 1.2 -3.914351 0.25 -3.613058 0.25 -3.613058 1.2 -3.914351 1.2 -3.392438 0.25 -3.613058 1.2 -3.392438 0.25 -3.096906 0.25 -3.096906 1.2 -3.392438 1.2 -2.870524 0.25 -3.096906 1.2 -2.870524 0.25 -2.580755 0.25 -2.580755 1.2 -2.870524 1.2 -2.348611 0.25 -2.580755 1.2 -2.348611 0.25 -2.064604 0.25 -2.064604 1.2 -2.348611 1.2 -1.826697 0.25 -2.064604 1.2 -1.826697 0.25 -1.548453 0.25 -1.548453 1.2 -1.826697 1.2 -1.304784 0.25 -1.548453 1.2 -1.304784 0.25 -1.032302 0.25 -1.032302 1.2 -1.304784 1.2 -0.78287 0.25 -1.032302 1.2 -0.78287 0.25 -0.516151 0.25 -0.516151 1.2 -0.78287 1.2 -0.260957 0.25 -0.516151 1.2 -0.260957 0.25 0 0.25 0 1.2 -0.260957 1.2 0.260957 0.25 0 1.2 0.260957 0.25 0.516151 0.25 0.516151 1.2 0.260957 1.2 0.78287 0.25 0.516151 1.2 0.78287 0.25 1.032302 0.25 1.032302 1.2 0.78287 1.2 1.304784 0.25 1.032302 1.2 1.304784 0.25 1.548453 0.25 1.548453 1.2 1.304784 1.2 1.826697 0.25 1.548453 1.2 1.826697 0.25 2.064604 0.25 2.064604 1.2 1.826697 1.2 2.348611 0.25 2.064604 1.2 2.348611 0.25 2.580755 0.25 2.580755 1.2 2.348611 1.2 2.870524 0.25 2.580755 1.2 2.870524 0.25 3.096906 0.25 3.096906 1.2 2.870524 1.2 3.392438 0.25 3.096906 1.2 3.392438 0.25 3.613058 0.25 3.613058 1.2 3.392438 1.2 3.914351 0.25 3.613058 1.2 3.914351 0.25 4.129209 0.25 4.129209 1.2 3.914351 1.2 4.436265 0.25 4.129209 1.2 4.436265 0.25 4.64536 0.25 4.64536 1.2 4.436265 1.2 4.958178 0.25 4.64536 1.2 4.958178 0.25 5.161511 0.25 5.161511 1.2 4.958178 1.2 5.480092 0.25 5.161511 1.2 5.480092 0.25 5.677662 0.25 5.677662 1.2 5.480092 1.2 6.002005 0.25 5.677662 1.2 6.002005 0.25 6.193813 0.25 6.193813 1.2 6.002005 1.2 6.523918 0.25 6.193813 1.2 6.523918 0.25 6.709964 0.25 6.709964 1.2 6.523918 0.8 6.709964 0.8 6.709964 1.2 6.523918 1.2 7.045832 0.8 6.709964 1.2 7.045832 0.8 7.169862 0.8 7.169862 1.2 7.045832 1.2 7.567745 0.8 7.169862 1.2 7.567745 0.8 7.629761 0.8 7.629761 1.2 7.567745 1.2 8.089659 0.8 7.629761 1.2 8.089659 0.8 8.089659 0.259808 0.15 0.142894 0.08249998 0.3 0 0.3 0 0.142894 0.08249998 0.165 0 0.3 0 0.165 0 0.259808 -0.15 0.259808 -0.15 0.165 0 0.142894 -0.08249998 0.259808 -0.15 0.142894 -0.08249998 0.08249998 -0.142894 0.142894 0.08249998 0.259808 0.15 0.08249998 0.142894 0.08249998 0.142894 0.259808 0.15 0.15 0.259808 0.08249998 0.142894 0.15 0.259808 0 0.165 0 0.165 0.15 0.259808 0 0.3 0 0.165 0 0.3 -0.15 0.259808 0 0.165 -0.15 0.259808 -0.08249998 0.142894 -0.08249998 0.142894 -0.15 0.259808 -0.259808 0.15 -0.08249998 0.142894 -0.259808 0.15 -0.142894 0.08249998 -0.142894 0.08249998 -0.259808 0.15 -0.3 0 -0.142894 0.08249998 -0.3 0 -0.165 0 -0.165 0 -0.3 0 -0.142894 -0.08249998 -0.142894 -0.08249998 -0.3 0 -0.259808 -0.15 -0.142894 -0.08249998 -0.259808 -0.15 -0.08249998 -0.142894 -0.08249998 -0.142894 -0.259808 -0.15 -0.15 -0.259808 -0.08249998 -0.142894 -0.15 -0.259808 0 -0.165 0 -0.165 -0.15 -0.259808 0 -0.3 0 -0.165 0 -0.3 0.15 -0.259808 0 -0.165 0.15 -0.259808 0.08249998 -0.142894 0.08249998 -0.142894 0.15 -0.259808 0.259808 -0.15 0.15 -0.785398 -0.15 -0.794334 0.15 -0.942478 0.15 0.942478 -0.15 1.090622 -0.15 0.935776 0.15 0.942478 -0.15 0.935776 0.15 0.785398 0.15 0.785398 -0.15 0.935776 -0.15 0.78093 0.15 0.785398 -0.15 0.78093 0.15 0.628319 0.15 0.628319 -0.15 0.78093 -0.15 0.626085 0.15 0.628319 -0.15 0.626085 0.15 0.471239 0.15 0.471239 -0.15 0.626085 -0.15 0.471239 0.15 0.471239 -0.15 0.471239 -0.15 0.316393 -0.15 -0.794334 0.15 -0.785398 -0.15 -0.639488 -0.15 -0.639488 0.15 -0.785398 0.15 -0.628319 -0.15 -0.639488 0.15 -0.628319 -0.113501 -0.557478 -0.113501 -0.557478 0.15 -0.628319 0.15 -0.471239 -0.113501 -0.557478 0.15 -0.471239 -0.1 -0.471239 -0.1 -0.471239 0.15 -0.471239 -0.113501 -0.385 -0.113501 -0.385 0.15 -0.471239 0.15 -0.314159 -0.113501 -0.385 0.15 -0.314159 -0.15 -0.30299 -0.15 -0.30299 0.15 -0.314159 0.15 -0.1570799 -0.15 -0.30299 0.15 -0.1570799 -0.15 -0.148144 -0.15 -0.148144 0.15 -0.1570799 0.15 0 -0.15 -0.148144 0.15 0 -0.15 0.006701946 -0.15 0.006701946 0.15 0 0.15 0.1570799 -0.15 0.006701946 0.15 0.1570799 -0.15 0.161547 -0.15 0.161547 0.15 0.1570799 0.15 0.314159 -0.15 0.161547 0.15 0.314159 -0.15 0.316393 -0.15 0.316393 0.15 0.314159 0.15 0.471239 0.15 -0.785398 -0.113501 -0.871637 0.15 -0.942478 0.15 0.942478 -0.113501 1.013319 -0.15 0.931308 0.15 0.942478 -0.15 0.931308 0.15 0.785398 0.15 0.785398 -0.15 0.931308 -0.15 0.776463 0.15 0.785398 -0.15 0.776463 0.15 0.628319 0.15 0.628319 -0.15 0.776463 -0.15 0.621617 0.15 0.628319 -0.15 0.621617 0.15 0.471239 0.15 0.471239 -0.15 0.621617 -0.15 0.466771 0.15 0.471239 -0.15 0.466771 0.15 0.314159 0.15 0.314159 -0.15 0.466771 -0.15 0.311925 0.15 0.314159 -0.15 0.311925 0.15 0.1570799 0.15 0.1570799 -0.15 0.311925 -0.15 0.1570799 0.15 0.1570799 -0.15 0.1570799 -0.15 0.002233982 0.15 -0.628319 -0.113501 -0.699159 0.15 -0.785398 0.15 -0.785398 -0.113501 -0.699159 -0.1 -0.785398 0.15 -0.785398 -0.1 -0.785398 -0.113501 -0.871637 -0.113501 -0.699159 0.15 -0.628319 -0.15 -0.617149 -0.15 -0.617149 0.15 -0.628319 0.15 -0.471239 -0.15 -0.617149 0.15 -0.471239 -0.15 -0.462303 -0.15 -0.462303 0.15 -0.471239 0.15 -0.314159 -0.15 -0.462303 0.15 -0.314159 -0.15 -0.307458 -0.15 -0.307458 0.15 -0.314159 0.15 -0.1570799 -0.15 -0.307458 0.15 -0.1570799 -0.15 -0.152612 -0.15 -0.152612 0.15 -0.1570799 0.15 0 -0.15 -0.152612 0.15 0 -0.15 0.002233982 -0.15 0.002233982 0.15 0 0.15 0.1570799 0.15 -0.785398 -0.15 -0.931308 0.15 -0.942478 0.15 0.942478 -0.15 0.953647 -0.113501 0.871637 0.15 0.942478 -0.113501 0.871637 0.15 0.785398 0.15 0.785398 -0.113501 0.871637 -0.1 0.785398 0.15 0.785398 -0.1 0.785398 -0.113501 0.699159 -0.15 -0.931308 0.15 -0.785398 -0.15 -0.776463 -0.15 -0.776463 0.15 -0.785398 0.15 -0.628319 -0.15 -0.776463 0.15 -0.628319 -0.15 -0.621617 -0.15 -0.621617 0.15 -0.628319 0.15 -0.471239 -0.15 -0.621617 0.15 -0.471239 -0.15 -0.466771 -0.15 -0.466771 0.15 -0.471239 0.15 -0.314159 -0.15 -0.466771 0.15 -0.314159 -0.15 -0.311925 -0.15 -0.311925 0.15 -0.314159 0.15 -0.1570799 -0.15 -0.311925 0.15 -0.1570799 -0.15 -0.1570799 -0.15 -0.1570799 0.15 -0.1570799 -0.15 -0.002233982 -0.15 -0.002233982 0.15 -0.1570799 0.15 0 -0.15 -0.002233982 0.15 0 -0.15 0.152612 -0.15 0.152612 0.15 0 0.15 0.1570799 -0.15 0.152612 0.15 0.1570799 -0.15 0.307458 -0.15 0.307458 0.15 0.1570799 0.15 0.314159 -0.15 0.307458 0.15 0.314159 -0.15 0.462303 -0.15 0.462303 0.15 0.314159 0.15 0.471239 -0.15 0.462303 0.15 0.471239 -0.15 0.617149 -0.15 0.617149 0.15 0.471239 0.15 0.628319 -0.15 0.617149 0.15 0.628319 -0.113501 0.699159 -0.113501 0.699159 0.15 0.628319 0.15 0.785398 -2.658819 0 -0.67128 0 -3.085051 0.25 -3.085051 0.25 -0.67128 0 -0.67128 0.8 -3.085051 0.25 -0.67128 0.8 -3.085051 0.8 0 -0.558505 0.8 -0.558505 0 -0.335103 0 -0.335103 0.8 -0.558505 0.8 -0.335103 0 -0.335103 0.8 -0.335103 0.8 -0.111701 0 -0.335103 0.8 -0.111701 0 -0.111701 0 -0.111701 0.8 -0.111701 0.8 0.111701 0 -0.111701 0.8 0.111701 0 0.111701 0 0.111701 0.8 0.111701 0.8 0.335103 0 0.111701 0.8 0.335103 0 0.335103 0 0.335103 0.8 0.335103 0 0.558505 0 0.558505 0.8 0.335103 0.8 0.558505 -0.67128 0.8 -2.52872 0.8 -0.67128 0 -0.67128 0 -2.52872 0.8 -2.52872 0 0 -0.558505 0.8 -0.558505 0 -0.335103 0 -0.335103 0.8 -0.558505 0.8 -0.335103 0 -0.335103 0.8 -0.335103 0.8 -0.111701 0 -0.335103 0.8 -0.111701 0 -0.111701 0 -0.111701 0.8 -0.111701 0.8 0.111701 0 -0.111701 0.8 0.111701 0 0.111701 0 0.111701 0.8 0.111701 0.8 0.335103 0 0.111701 0.8 0.335103 0 0.335103 0 0.335103 0.8 0.335103 0 0.558505 0 0.558505 0.8 0.335103 0.8 0.558505 -0.426232 0 0 0.25 -2.413772 0 -2.413772 0 0 0.25 -2.413772 0.8 -2.413772 0.8 0 0.25 0 0.8 0.15 -0.785398 -0.15 -0.940244 0.15 -0.942478 0.15 0.942478 -0.15 0.944712 -0.15 0.789866 0.15 0.942478 -0.15 0.789866 0.15 0.785398 0.15 0.785398 -0.15 0.789866 -0.15 0.63502 0.15 0.785398 -0.15 0.63502 0.15 0.628319 0.15 0.628319 -0.15 0.63502 -0.15 0.480174 0.15 0.628319 -0.15 0.480174 0.15 0.471239 0.15 0.471239 -0.15 0.480174 -0.15 0.325329 0.15 0.471239 -0.15 0.325329 0.15 0.314159 0.15 0.314159 -0.15 0.325329 -0.113501 0.243319 0.15 0.314159 -0.113501 0.243319 0.15 0.1570799 0.15 0.1570799 -0.113501 0.243319 -0.1 0.1570799 0.15 0.1570799 -0.1 0.1570799 -0.113501 0.07084095 0.15 -0.628319 -0.15 -0.630552 0.15 -0.785398 0.15 -0.785398 -0.15 -0.630552 -0.15 -0.785398 0.15 -0.785398 -0.15 -0.785398 -0.15 -0.940244 -0.15 -0.630552 0.15 -0.628319 -0.15 -0.475707 -0.15 -0.475707 0.15 -0.628319 0.15 -0.471239 -0.15 -0.475707 0.15 -0.471239 -0.15 -0.320861 -0.15 -0.320861 0.15 -0.471239 0.15 -0.314159 -0.15 -0.320861 0.15 -0.314159 -0.15 -0.166015 -0.15 -0.166015 0.15 -0.314159 0.15 -0.1570799 -0.15 -0.166015 0.15 -0.1570799 -0.15 -0.01116895 -0.15 -0.01116895 0.15 -0.1570799 0.15 0 -0.15 -0.01116895 0.15 0 -0.113501 0.07084095 -0.113501 0.07084095 0.15 0 0.15 0.1570799 0.176777 -3.797935 0.176777 -3.321073 -0.176777 -3.768793 -0.176777 -3.768793 0.176777 -3.321073 0.1251569 -3.250414 -0.176777 -3.768793 0.1251569 -3.250414 -0.176777 -3.230394 -0.176777 -3.230394 0.1251569 -3.250414 0.106066 -3.167773 -0.176777 -3.230394 0.106066 -3.167773 0.1251569 -3.085131 0.1251569 -3.085131 0.176777 -3.014472 -0.176777 -3.230394 -0.176777 -3.230394 0.176777 -3.014472 -0.176777 -2.691995 -0.176777 -2.691995 0.176777 -3.014472 0.176777 -2.53761 -0.176777 -2.691995 0.176777 -2.53761 -0.176777 -2.153596 -0.176777 -2.153596 0.176777 -2.53761 0.176777 -2.060748 -0.176777 -2.153596 0.176777 -2.060748 -0.176777 -1.615197 -0.176777 -1.615197 0.176777 -2.060748 0.176777 -1.583886 -0.176777 -1.615197 0.176777 -1.583886 -0.176777 -1.076798 -0.176777 -1.076798 0.176777 -1.583886 0.176777 -1.107024 -0.176777 -1.076798 0.176777 -1.107024 0.176777 -0.630162 -0.176777 -1.076798 0.176777 -0.630162 -0.176777 -0.538399 -0.176777 -0.538399 0.176777 -0.630162 0.176777 -0.1533 -0.176777 -0.538399 0.176777 -0.1533 0.1251569 -0.082641 -0.176777 -0.538399 0.1251569 -0.082641 -0.176777 0 -0.176777 0 0.1251569 -0.082641 0.106066 0 -0.176777 0 0.106066 0 0.1251569 0.082641 0.1251569 0.082641 0.176777 0.1533 -0.176777 0 -0.176777 0 0.176777 0.1533 -0.176777 0.538399 -0.176777 0.538399 0.176777 0.1533 0.176777 0.630162 -0.176777 0.538399 0.176777 0.630162 -0.176777 1.076798 -0.176777 1.076798 0.176777 0.630162 0.176777 1.107024 -0.176777 1.076798 0.176777 1.107024 0.176777 1.583886 -0.176777 1.076798 0.176777 1.583886 -0.176777 1.615197 -0.176777 1.615197 0.176777 1.583886 0.176777 2.060748 -0.176777 1.615197 0.176777 2.060748 -0.176777 2.153596 -0.176777 2.153596 0.176777 2.060748 0.176777 2.53761 -0.176777 2.153596 0.176777 2.53761 -0.176777 2.691995 -0.176777 2.691995 0.176777 2.53761 0.176777 3.014472 -0.176777 2.691995 0.176777 3.014472 0.1251569 3.085131 -0.176777 2.691995 0.1251569 3.085131 -0.176777 3.230394 -0.176777 3.230394 0.1251569 3.085131 0.106066 3.167773 -0.176777 3.230394 0.106066 3.167773 0.1251569 3.250414 0.1251569 3.250414 0.176777 3.321073 -0.176777 3.230394 -0.176777 3.230394 0.176777 3.321073 -0.176777 3.768793 -0.176777 3.768793 0.176777 3.321073 0.176777 3.797935 -0.176777 3.768793 0.176777 3.797935 0.176777 4.274797 -0.176777 3.768793 0.176777 4.274797 -0.176777 4.307192 -0.176777 4.307192 0.176777 4.274797 0.176777 4.751659 -0.176777 4.307192 0.176777 4.751659 -0.176777 4.845591 -0.176777 4.845591 0.176777 4.751659 0.176777 5.228521 -0.176777 4.845591 0.176777 5.228521 -0.176777 5.38399 -0.176777 5.38399 0.176777 5.228521 0.176777 5.705383 -0.176777 5.38399 0.176777 5.705383 -0.176777 5.922389 -0.176777 5.922389 0.176777 5.705383 0.176777 6.182245 -0.176777 5.922389 0.176777 6.182245 0.1251569 6.252904 -0.176777 5.922389 0.1251569 6.252904 -0.176777 6.460788 -0.176777 6.460788 0.1251569 6.252904 0.106066 6.335545 -0.176777 6.460788 0.106066 6.335545 0.1251569 6.418186 0.1251569 6.418186 0.176777 6.488846 -0.176777 6.460788 -0.176777 6.460788 0.176777 6.488846 0.176777 6.774192 -0.176777 6.460788 0.176777 6.774192 -0.176777 6.999187 -0.176777 6.999187 0.176777 6.774192 0.176777 7.059539 -0.176777 6.999187 0.176777 7.059539 0.176777 7.344886 0.176777 -3.797935 -0.176777 -3.768793 0.176777 -4.274797 0.176777 -4.274797 -0.176777 -3.768793 -0.176777 -4.307192 0.176777 -4.274797 -0.176777 -4.307192 0.176777 -4.751659 0.176777 -4.751659 -0.176777 -4.307192 -0.176777 -4.845591 0.176777 -4.751659 -0.176777 -4.845591 0.176777 -5.228521 0.176777 -5.228521 -0.176777 -4.845591 -0.176777 -5.38399 0.176777 -5.228521 -0.176777 -5.38399 0.176777 -5.705383 0.176777 -5.705383 -0.176777 -5.38399 -0.176777 -5.922389 0.176777 -5.705383 -0.176777 -5.922389 0.176777 -6.182245 0.176777 -6.182245 -0.176777 -5.922389 -0.176777 -6.460788 0.176777 -6.182245 -0.176777 -6.460788 0.1251569 -6.252904 0.1251569 -6.252904 -0.176777 -6.460788 0.106066 -6.335545 0.106066 -6.335545 -0.176777 -6.460788 0.1251569 -6.418186 0.1251569 -6.418186 -0.176777 -6.460788 0.176777 -6.488846 0.176777 -6.488846 -0.176777 -6.460788 0.176777 -6.774192 0.176777 -6.774192 -0.176777 -6.460788 -0.176777 -6.999187 0.176777 -6.774192 -0.176777 -6.999187 0.176777 -7.059539 0.176777 -7.059539 -0.176777 -6.999187 0.176777 -7.344886 0.15 -0.785398 -0.15 -0.789866 0.15 -0.942478 0.15 0.942478 -0.15 1.09509 -0.15 0.940244 0.15 0.942478 -0.15 0.940244 0.15 0.785398 0.15 0.785398 -0.15 0.940244 -0.15 0.785398 0.15 0.785398 -0.15 0.785398 -0.15 0.630552 -0.15 -0.789866 0.15 -0.785398 -0.15 -0.63502 -0.15 -0.63502 0.15 -0.785398 0.15 -0.628319 -0.15 -0.63502 0.15 -0.628319 -0.15 -0.480174 -0.15 -0.480174 0.15 -0.628319 0.15 -0.471239 -0.15 -0.480174 0.15 -0.471239 -0.15 -0.325329 -0.15 -0.325329 0.15 -0.471239 0.15 -0.314159 -0.15 -0.325329 0.15 -0.314159 -0.113501 -0.243319 -0.113501 -0.243319 0.15 -0.314159 0.15 -0.1570799 -0.113501 -0.243319 0.15 -0.1570799 -0.1 -0.1570799 -0.1 -0.1570799 0.15 -0.1570799 -0.113501 -0.07084095 -0.113501 -0.07084095 0.15 -0.1570799 0.15 0 -0.113501 -0.07084095 0.15 0 -0.15 0.01116895 -0.15 0.01116895 0.15 0 0.15 0.1570799 -0.15 0.01116895 0.15 0.1570799 -0.15 0.166015 -0.15 0.166015 0.15 0.1570799 0.15 0.314159 -0.15 0.166015 0.15 0.314159 -0.15 0.320861 -0.15 0.320861 0.15 0.314159 0.15 0.471239 -0.15 0.320861 0.15 0.471239 -0.15 0.475707 -0.15 0.475707 0.15 0.471239 0.15 0.628319 -0.15 0.475707 0.15 0.628319 -0.15 0.630552 -0.15 0.630552 0.15 0.628319 0.15 0.785398 11.9 2.75 11.51322 2.726921 12.40531 2.703176 12.40531 2.703176 11.51322 2.726921 12.89342 2.564299 12.89342 2.564299 11.51322 2.726921 11.08673 2.667507 12.89342 2.564299 11.08673 2.667507 10.84307 2.628249 12.89342 2.564299 10.84307 2.628249 13.34769 2.338097 13.34769 2.338097 10.84307 2.628249 10.57247 2.584617 13.34769 2.338097 10.57247 2.584617 10.2708 2.538031 13.34769 2.338097 10.2708 2.538031 13.75266 2.032274 13.75266 2.032274 10.2708 2.538031 9.935002 2.489831 13.75266 2.032274 9.935002 2.489831 9.667226 2.454441 13.75266 2.032274 9.667226 2.454441 14.09455 1.657245 14.09455 1.657245 9.667226 2.454441 9.20928 2.400214 14.09455 1.657245 9.20928 2.400214 8.705903 2.348914 14.09455 1.657245 8.705903 2.348914 14.3617 1.22578 14.3617 1.22578 8.705903 2.348914 8.160562 2.302219 14.3617 1.22578 8.160562 2.302219 7.577663 2.261662 14.3617 1.22578 7.577663 2.261662 14.54502 0.752573 14.54502 0.752573 7.577663 2.261662 7.55131 2.260045 14.54502 0.752573 7.55131 2.260045 6.789629 2.220852 14.54502 0.752573 6.789629 2.220852 14.63827 0.253738 14.63827 0.253738 6.789629 2.220852 5.994917 2.193988 14.63827 0.253738 5.994917 2.193988 5.994907 -2.193984 5.994907 -2.193984 5.994917 2.193988 4.360003 -2.178352 4.360003 -2.178352 5.994917 2.193988 4.360003 2.178352 4.360003 -2.178352 4.360003 2.178352 4.347064 -2.178429 4.347064 -2.178429 4.360003 2.178352 4.347064 2.178429 4.347064 -2.178429 4.347064 2.178429 2.88213 -2.206296 2.88213 -2.206296 4.347064 2.178429 2.88213 2.206295 2.88213 -2.206296 2.88213 2.206295 -5.6 -0.92872 -5.6 -0.92872 2.88213 2.206295 -5.6 0.92872 -5.6 0.92872 2.88213 2.206295 1.43755 2.26887 -5.6 0.92872 1.43755 2.26887 -0.148005 2.376843 -5.6 0.92872 -0.148005 2.376843 -5.630991 1.14923 -5.630991 1.14923 -0.148005 2.376843 -0.155278 2.377436 -5.630991 1.14923 -0.155278 2.377436 -5.721561 1.352656 -5.721561 1.352656 -0.155278 2.377436 -1.259807 2.478169 -5.721561 1.352656 -1.259807 2.478169 -5.864695 1.523236 -5.864695 1.523236 -1.259807 2.478169 -2.340371 2.597275 -5.864695 1.523236 -2.340371 2.597275 -6.049303 1.647756 -6.049303 1.647756 -2.340371 2.597275 -3.385542 2.732476 -6.049303 1.647756 -3.385542 2.732476 -6.261081 1.716566 -6.261081 1.716566 -3.385542 2.732476 -4.383911 2.881505 -6.261081 1.716566 -4.383911 2.881505 -4.410059 2.885691 -4.410059 2.885691 -5.156465 3.011486 -6.261081 1.716566 -6.261081 1.716566 -5.156465 3.011486 -8.423205 2.276853 -6.261081 1.716566 -8.423205 2.276853 -8.218425 2.061699 -8.423205 2.276853 -5.156465 3.011486 -8.647337 2.471762 -8.647337 2.471762 -5.156465 3.011486 -5.863749 3.141857 -8.647337 2.471762 -5.863749 3.141857 -8.636906 2.800327 -8.636906 2.800327 -5.863749 3.141857 -8.600033 2.948954 -8.600033 2.948954 -5.863749 3.141857 -6.529856 3.274469 -8.600033 2.948954 -6.529856 3.274469 -8.641317 3.096417 -8.641317 3.096417 -6.529856 3.274469 -7.152725 3.40699 -8.641317 3.096417 -7.152725 3.40699 -8.75 3.204294 -8.75 3.204294 -7.152725 3.40699 -7.87272 3.569434 -8.75 3.204294 -7.87272 3.569434 -8.897767 3.244478 -8.897767 3.244478 -7.87272 3.569434 -8.654818 3.750527 -8.897767 3.244478 -8.654818 3.750527 -9.352914 3.902671 -9.990411 4.009267 -10.6 3.15 -9.352914 3.902671 -9.352914 3.902671 -10.6 3.15 -10.10549 3.110941 -9.352914 3.902671 -10.10549 3.110941 -9.046114 3.206499 -9.046114 3.206499 -10.10549 3.110941 -9.156393 3.100252 -9.156393 3.100252 -10.10549 3.110941 -9.623238 2.994735 -9.156393 3.100252 -9.623238 2.994735 -9.199868 2.953421 -9.199868 2.953421 -9.623238 2.994735 -9.165211 2.804261 -9.990411 4.009267 -10.6 4.05 -10.6 3.15 -10.6 3.15 -10.6 4.05 -11.20362 4.004765 -10.6 3.15 -11.20362 4.004765 -11.79376 3.87007 -11.79376 3.87007 -12.35723 3.648924 -10.6 3.15 -10.6 3.15 -12.35723 3.648924 -11.09451 3.110941 -11.09451 3.110941 -12.35723 3.648924 -12.15389 3.206499 -11.09451 3.110941 -12.15389 3.206499 -12.04361 3.100252 -12.15389 3.206499 -12.35723 3.648924 -12.30223 3.244478 -12.30223 3.244478 -12.35723 3.648924 -12.88145 3.346267 -12.30223 3.244478 -12.88145 3.346267 -12.45 3.204294 -12.45 3.204294 -12.88145 3.346267 -12.55868 3.096417 -12.55868 3.096417 -12.88145 3.346267 -13.3547 2.96886 -12.55868 3.096417 -13.3547 2.96886 -12.59997 2.948954 -12.59997 2.948954 -13.3547 2.96886 -12.56309 2.800327 -12.56309 2.800327 -13.3547 2.96886 -13.76642 2.525134 -12.56309 2.800327 -13.76642 2.525134 -12.45767 2.689261 -12.45767 2.689261 -13.76642 2.525134 -12.70514 2.343268 -12.45767 2.689261 -12.70514 2.343268 -12.31117 2.644694 -13.76642 2.525134 -14.1074 2.025 -12.70514 2.343268 -12.70514 2.343268 -14.1074 2.025 -13.0469 1.983731 -13.0469 1.983731 -14.1074 2.025 -13.32798 1.575 -13.32798 1.575 -14.1074 2.025 -14.37004 1.479631 -13.32798 1.575 -14.37004 1.479631 -13.54141 1.12721 -13.54141 1.12721 -14.37004 1.479631 -14.54846 0.90121 -13.54141 1.12721 -14.54846 0.90121 -13.6819 0.651466 -13.6819 0.651466 -14.54846 0.90121 -14.63867 0.302657 -13.6819 0.651466 -14.63867 0.302657 -14.0067 0.299925 -14.0067 0.299925 -14.63867 0.302657 -14.15385 0.257545 -14.15385 0.257545 -14.63867 0.302657 -14.26092 0.148061 -14.26092 0.148061 -14.63867 0.302657 -14.3 0 -14.3 0 -14.63867 0.302657 -14.63867 -0.302657 -14.3 0 -14.63867 -0.302657 -14.26092 -0.148061 -14.26092 -0.148061 -14.63867 -0.302657 -14.15385 -0.257545 -14.15385 -0.257545 -14.63867 -0.302657 -14.0067 -0.299925 -14.0067 -0.299925 -14.63867 -0.302657 -13.6819 -0.651466 -14.0067 -0.299925 -13.6819 -0.651466 -13.8578 -0.26416 -13.8578 -0.26416 -13.6819 -0.651466 -13.74596 -0.1595669 -14.63867 -0.302657 -14.54846 -0.90121 -13.6819 -0.651466 -13.6819 -0.651466 -14.54846 -0.90121 -13.54141 -1.12721 -13.54141 -1.12721 -14.54846 -0.90121 -14.37004 -1.479631 -13.54141 -1.12721 -14.37004 -1.479631 -13.32798 -1.575 -13.32798 -1.575 -14.37004 -1.479631 -14.1074 -2.025 -13.32798 -1.575 -14.1074 -2.025 -13.0469 -1.983731 -13.0469 -1.983731 -14.1074 -2.025 -12.70514 -2.343268 -12.70514 -2.343268 -14.1074 -2.025 -13.76642 -2.525134 -12.70514 -2.343268 -13.76642 -2.525134 -12.45767 -2.689261 -12.45767 -2.689261 -13.76642 -2.525134 -12.56309 -2.800327 -12.56309 -2.800327 -13.76642 -2.525134 -13.3547 -2.96886 -12.56309 -2.800327 -13.3547 -2.96886 -12.59997 -2.948954 -12.59997 -2.948954 -13.3547 -2.96886 -12.55868 -3.096417 -12.55868 -3.096417 -13.3547 -2.96886 -12.88145 -3.346267 -12.55868 -3.096417 -12.88145 -3.346267 -12.45 -3.204294 -12.45 -3.204294 -12.88145 -3.346267 -12.30223 -3.244478 -12.30223 -3.244478 -12.88145 -3.346267 -12.35723 -3.648924 -12.30223 -3.244478 -12.35723 -3.648924 -12.15389 -3.206499 -12.15389 -3.206499 -12.35723 -3.648924 -11.09451 -3.110941 -12.15389 -3.206499 -11.09451 -3.110941 -12.04361 -3.100252 -12.04361 -3.100252 -11.09451 -3.110941 -11.57676 -2.994735 -12.04361 -3.100252 -11.57676 -2.994735 -12.00013 -2.953421 -12.00013 -2.953421 -11.57676 -2.994735 -12.03479 -2.804261 -11.09451 -3.110941 -12.35723 -3.648924 -10.6 -3.15 -10.6 -3.15 -12.35723 -3.648924 -11.79376 -3.87007 -10.6 -3.15 -11.79376 -3.87007 -11.20362 -4.004765 -11.20362 -4.004765 -10.6 -4.05 -10.6 -3.15 -10.6 -3.15 -10.6 -4.05 -9.98994 -4.009262 -10.6 -3.15 -9.98994 -4.009262 -9.352657 -3.902669 -9.352657 -3.902669 -8.654661 -3.750529 -10.6 -3.15 -10.6 -3.15 -8.654661 -3.750529 -8.897767 -3.244478 -10.6 -3.15 -8.897767 -3.244478 -9.046114 -3.206499 -8.654661 -3.750529 -7.872694 -3.569434 -8.897767 -3.244478 -8.897767 -3.244478 -7.872694 -3.569434 -8.75 -3.204294 -8.75 -3.204294 -7.872694 -3.569434 -7.152725 -3.40699 -8.75 -3.204294 -7.152725 -3.40699 -8.641317 -3.096417 -8.641317 -3.096417 -7.152725 -3.40699 -6.529856 -3.274469 -8.641317 -3.096417 -6.529856 -3.274469 -8.600033 -2.948954 -8.600033 -2.948954 -6.529856 -3.274469 -5.863749 -3.141857 -8.600033 -2.948954 -5.863749 -3.141857 -8.636906 -2.800327 -8.636906 -2.800327 -5.863749 -3.141857 -8.647337 -2.471762 -8.636906 -2.800327 -8.647337 -2.471762 -8.742329 -2.689261 -8.742329 -2.689261 -8.647337 -2.471762 -8.888833 -2.644694 -5.863749 -3.141857 -5.156465 -3.011486 -8.647337 -2.471762 -8.647337 -2.471762 -5.156465 -3.011486 -8.423205 -2.276853 -8.423205 -2.276853 -5.156465 -3.011486 -6.261081 -1.716566 -8.423205 -2.276853 -6.261081 -1.716566 -8.218425 -2.061699 -5.156465 -3.011486 -4.410059 -2.885691 -6.261081 -1.716566 -6.261081 -1.716566 -4.410059 -2.885691 -4.383911 -2.881505 -6.261081 -1.716566 -4.383911 -2.881505 -3.385542 -2.732476 -6.261081 -1.716566 -3.385542 -2.732476 -6.049303 -1.647756 -6.049303 -1.647756 -3.385542 -2.732476 -2.340371 -2.597275 -6.049303 -1.647756 -2.340371 -2.597275 -5.864695 -1.523236 -5.864695 -1.523236 -2.340371 -2.597275 -1.259807 -2.478169 -5.864695 -1.523236 -1.259807 -2.478169 -5.721561 -1.352656 -5.721561 -1.352656 -1.259807 -2.478169 -0.155278 -2.377436 -5.721561 -1.352656 -0.155278 -2.377436 -5.630991 -1.14923 -5.630991 -1.14923 -0.155278 -2.377436 -0.148005 -2.376843 -5.630991 -1.14923 -0.148005 -2.376843 -5.6 -0.92872 -5.6 -0.92872 -0.148005 -2.376843 1.43755 -2.26887 -5.6 -0.92872 1.43755 -2.26887 2.88213 -2.206296 14.63827 0.253738 5.994907 -2.193984 14.63827 -0.253738 14.63827 -0.253738 5.994907 -2.193984 6.78959 -2.220835 14.63827 -0.253738 6.78959 -2.220835 14.54502 -0.752573 14.54502 -0.752573 6.78959 -2.220835 7.55131 -2.260045 14.54502 -0.752573 7.55131 -2.260045 7.577663 -2.261662 14.54502 -0.752573 7.577663 -2.261662 14.3617 -1.225781 14.3617 -1.225781 7.577663 -2.261662 8.160562 -2.302219 14.3617 -1.225781 8.160562 -2.302219 8.705904 -2.348914 14.3617 -1.225781 8.705904 -2.348914 14.09455 -1.657245 14.09455 -1.657245 8.705904 -2.348914 9.20928 -2.400214 14.09455 -1.657245 9.20928 -2.400214 9.667226 -2.454441 14.09455 -1.657245 9.667226 -2.454441 13.75266 -2.032275 13.75266 -2.032275 9.667226 -2.454441 9.935002 -2.489831 13.75266 -2.032275 9.935002 -2.489831 10.2708 -2.538031 13.75266 -2.032275 10.2708 -2.538031 13.34769 -2.338097 13.34769 -2.338097 10.2708 -2.538031 10.57247 -2.584617 13.34769 -2.338097 10.57247 -2.584617 10.84307 -2.628249 13.34769 -2.338097 10.84307 -2.628249 12.89341 -2.564299 12.89341 -2.564299 10.84307 -2.628249 11.08675 -2.667507 12.89341 -2.564299 11.08675 -2.667507 11.51323 -2.726921 11.9 -2.75 12.40531 -2.703176 11.51323 -2.726921 11.51323 -2.726921 12.40531 -2.703176 12.89341 -2.564299 -11.09451 3.110941 -12.04361 3.100252 -11.57676 2.994735 -11.57676 2.994735 -12.04361 3.100252 -12.00013 2.953421 -11.57676 2.994735 -12.00013 2.953421 -12.03479 2.804261 -9.046114 3.206499 -8.897767 3.244478 -9.352914 3.902671 -8.636906 2.800327 -8.742329 2.689261 -8.647337 2.471762 -8.647337 2.471762 -8.742329 2.689261 -8.888833 2.644694 -10.6 -3.15 -9.046114 -3.206499 -10.10549 -3.110941 -10.10549 -3.110941 -9.046114 -3.206499 -9.156393 -3.100252 -10.10549 -3.110941 -9.156393 -3.100252 -9.623238 -2.994735 -9.623238 -2.994735 -9.156393 -3.100252 -9.199868 -2.953421 -9.623238 -2.994735 -9.199868 -2.953421 -9.165211 -2.804261 -12.45767 -2.689261 -12.31117 -2.644694 -12.70514 -2.343268 -14.0067 0.299925 -13.8578 0.26416 -13.6819 0.651466 -13.6819 0.651466 -13.8578 0.26416 -13.74596 0.1595669 0.757051 28.48396 0.757051 29.82173 0.37849 29.43551 0.37849 29.43551 0.757051 29.82173 0 29.82173 0.37849 29.43551 0 29.82173 -3.6e-5 28.49754 0.37849 29.43551 -3.6e-5 28.49754 0.37849 28.19429 0.37849 28.19429 -3.6e-5 28.49754 -3.1e-5 27.17334 0.37849 28.19429 -3.1e-5 27.17334 0.37849 26.95307 0.37849 26.95307 -3.1e-5 27.17334 0 25.84915 0.37849 26.95307 0 25.84915 0.37849 25.71185 0.37849 25.71185 0 25.84915 1.2e-5 24.52495 0.37849 25.71185 1.2e-5 24.52495 0.37849 24.47063 0.37849 24.47063 1.2e-5 24.52495 0.37849 23.76578 0.37849 24.47063 0.37849 23.76578 0.757051 24.47063 0.757051 24.47063 0.37849 23.76578 0.757051 23.36406 0.757051 23.36406 0.37849 23.76578 0.37849 23.41337 0.757051 23.36406 0.37849 23.41337 0.37849 23.36406 0.37849 23.36406 0.37849 23.41337 10e-7 23.41339 0.37849 23.36406 10e-7 23.41339 0.37849 22.19121 0.37849 22.19121 10e-7 23.41339 2.5e-5 21.95664 0.37849 22.19121 2.5e-5 21.95664 0.37849 21.25294 0.37849 21.25294 2.5e-5 21.95664 2.8e-5 21.25294 0.37849 21.25294 2.8e-5 21.25294 0.37849 20.31466 0.37849 20.31466 2.8e-5 21.25294 9e-6 20.54927 0.37849 20.31466 9e-6 20.54927 -2.4e-5 19.8456 1.2e-5 24.52495 10e-7 23.41339 0.37849 23.76578 0.37849 23.76578 10e-7 23.41339 0.37849 23.41337 -5e-6 18.92397 0.37849 19.81549 -2.4e-5 19.8456 -2.4e-5 19.8456 0.37849 19.81549 0.37849 19.84556 -2.4e-5 19.8456 0.37849 19.84556 0.37849 20.31466 0.37849 20.31466 0.37849 19.84556 0.757051 19.84552 0.37849 20.31466 0.757051 19.84552 0.757051 20.72516 6.4e-5 18.03244 0.37849 18.03244 -5e-6 18.92397 -5e-6 18.92397 0.37849 18.03244 0.37849 18.92397 -5e-6 18.92397 0.37849 18.92397 0.37849 19.81549 0.37849 19.81549 0.37849 18.92397 0.757051 19.81549 0.37849 19.81549 0.757051 19.81549 0.757051 19.84552 0.37849 18.03244 6.4e-5 18.03244 0.37849 17.14091 0.37849 17.14091 6.4e-5 18.03244 10e-7 16.24938 0.37849 17.14091 10e-7 16.24938 0.37849 15.65503 0.37849 15.65503 10e-7 16.24938 0.37849 15.35057 0.37849 15.65503 0.37849 15.35057 0.757051 15.35785 0.757051 15.35785 0.37849 15.35057 0.757051 15.35057 0.757051 15.35057 0.37849 15.35057 0.37849 14.06851 0.757051 15.35057 0.37849 14.06851 0.757051 13.76684 0.757051 13.76684 0.37849 14.06851 0.37849 13.76684 0.757051 13.76684 0.37849 13.76684 0.37849 12.94235 0.37849 12.94235 0.37849 13.76684 10e-7 12.94235 0.37849 12.94235 10e-7 12.94235 0.37849 11.29335 0.37849 11.29335 10e-7 12.94235 1.2e-5 10.8811 0.37849 11.29335 1.2e-5 10.8811 0.37849 10.86843 0.37849 10.86843 1.2e-5 10.8811 8e-6 9.581123 0.37849 10.86843 8e-6 9.581123 0.37849 9.581123 0.37849 9.581123 8e-6 9.581123 0.37849 8.615638 0.37849 9.581123 0.37849 8.615638 0.757051 9.259294 0.757051 9.259294 0.37849 8.615638 0.757051 8.454725 0.757051 8.454725 0.37849 8.615638 0.37849 7.650154 0.757051 8.454725 0.37849 7.650154 0.757051 7.650154 0.757051 7.650154 0.37849 7.650154 0.757051 7.621478 0.757051 7.621478 0.37849 7.650154 0.37849 7.621441 0.757051 7.621478 0.37849 7.621441 0.37849 7.272849 0.37849 7.272849 0.37849 7.621441 3.6e-5 7.621404 0.37849 7.272849 3.6e-5 7.621404 -2.1e-5 6.575589 10e-7 16.24938 -1.7e-5 14.67183 0.37849 15.35057 0.37849 15.35057 -1.7e-5 14.67183 0.37849 14.06851 0.37849 14.06851 -1.7e-5 14.67183 0.37849 13.76684 0.37849 13.76684 -1.7e-5 14.67183 10e-7 12.94235 8e-6 9.581123 8e-6 8.29381 0.37849 8.615638 0.37849 8.615638 8e-6 8.29381 0.37849 7.650154 8e-6 8.29381 3.6e-5 7.621404 0.37849 7.650154 0.37849 7.650154 3.6e-5 7.621404 0.37849 7.621441 0.37849 7.272849 -2.1e-5 6.575589 0.37849 6.401275 0.37849 6.401275 -2.1e-5 6.575589 -6e-6 5.791172 0.37849 6.401275 -6e-6 5.791172 0.37849 5.529701 0.37849 5.529701 -6e-6 5.791172 1.6e-5 5.006756 0.37849 5.529701 1.6e-5 5.006756 0.37849 5.006756 0.37849 5.006756 1.6e-5 5.006756 0.37849 4.955031 0.37849 5.006756 0.37849 4.955031 0.757051 5.006756 0.757051 5.006756 0.37849 4.955031 0.757051 4.58851 0.757051 4.58851 0.37849 4.955031 0.37849 4.58851 0.757051 4.58851 0.37849 4.58851 0.37849 4.172914 0.37849 4.172914 0.37849 4.58851 1.2e-5 4.531561 0.37849 4.172914 1.2e-5 4.531561 10e-6 3.965116 1.6e-5 5.006756 1.2e-5 4.531561 0.37849 4.955031 0.37849 4.955031 1.2e-5 4.531561 0.37849 4.58851 0.37849 4.172914 10e-6 3.965116 0.37849 3.398671 0.37849 3.398671 10e-6 3.965116 1.2e-5 3.398671 0.37849 3.398671 1.2e-5 3.398671 0.37849 2.832226 0.37849 2.832226 1.2e-5 3.398671 -3e-5 2.26578 0.37849 2.832226 -3e-5 2.26578 0.37849 2.26578 0.37849 2.26578 -3e-5 2.26578 0.37849 1.321705 0.37849 2.26578 0.37849 1.321705 0.757051 2.294255 0.757051 2.294255 0.37849 1.321705 0.757051 1.147128 0.757051 1.147128 0.37849 1.321705 0.37849 0.660853 0.757051 1.147128 0.37849 0.660853 0.757051 0 0.757051 0 0.37849 0.660853 0 0 0 0 0.37849 0.660853 -3.4e-5 1.13289 -3.4e-5 1.13289 0.37849 0.660853 0.37849 1.321705 -3.4e-5 1.13289 0.37849 1.321705 -3e-5 2.26578 0.37849 2.26578 0.757051 2.294255 0.37849 2.832226 0.37849 2.832226 0.757051 2.294255 0.757051 2.867819 0.37849 2.832226 0.757051 2.867819 0.757051 3.441383 0.37849 2.832226 0.757051 3.441383 0.37849 3.398671 0.37849 3.398671 0.757051 3.441383 0.757051 4.014946 0.37849 3.398671 0.757051 4.014946 0.37849 4.172914 0.37849 4.172914 0.757051 4.014946 0.757051 4.58851 0.37849 5.006756 0.757051 5.006756 0.37849 5.529701 0.37849 5.529701 0.757051 5.006756 0.757051 5.660437 0.37849 5.529701 0.757051 5.660437 0.757051 6.314117 0.37849 5.529701 0.757051 6.314117 0.37849 6.401275 0.37849 6.401275 0.757051 6.314117 0.757051 6.967798 0.37849 6.401275 0.757051 6.967798 0.37849 7.272849 0.37849 7.272849 0.757051 6.967798 0.757051 7.621478 0.757051 9.259294 0.757051 10.86843 0.37849 9.581123 0.37849 9.581123 0.757051 10.86843 0.37849 10.86843 0.757051 10.86843 0.757051 10.8811 0.37849 10.86843 0.37849 10.86843 0.757051 10.8811 0.37849 11.29335 0.757051 10.8811 0.757051 12.32397 0.37849 11.29335 0.37849 11.29335 0.757051 12.32397 0.37849 12.94235 0.757051 12.32397 0.757051 13.76684 0.37849 12.94235 0.757051 15.35785 0.757051 16.47226 0.37849 15.65503 0.37849 15.65503 0.757051 16.47226 0.37849 17.14091 0.757051 16.47226 0.757051 17.58667 0.37849 17.14091 0.37849 17.14091 0.757051 17.58667 0.37849 18.03244 0.757051 17.58667 0.757051 18.70108 0.37849 18.03244 0.37849 18.03244 0.757051 18.70108 0.37849 18.92397 0.757051 18.70108 0.757051 19.81549 0.37849 18.92397 0.37849 20.31466 0.757051 20.72516 0.37849 21.25294 0.37849 21.25294 0.757051 20.72516 0.757051 21.60479 0.37849 21.25294 0.757051 21.60479 0.37849 22.19121 0.37849 22.19121 0.757051 21.60479 0.757051 22.48442 0.37849 22.19121 0.757051 22.48442 0.37849 23.36406 0.37849 23.36406 0.757051 22.48442 0.757051 23.36406 0.37849 24.47063 0.757051 24.47063 0.37849 25.71185 0.37849 25.71185 0.757051 24.47063 0.757051 25.80841 0.37849 25.71185 0.757051 25.80841 0.37849 26.95307 0.37849 26.95307 0.757051 25.80841 0.757051 27.14618 0.37849 26.95307 0.757051 27.14618 0.37849 28.19429 0.37849 28.19429 0.757051 27.14618 0.757051 28.48396 0.37849 28.19429 0.757051 28.48396 0.37849 29.43551 0.757051 19.84552 0.37849 19.84556 0.37849 19.81549 -0.365979 -4.620618 0.365979 -4.620618 -0.365979 -4.107216 -0.365979 -4.107216 0.365979 -4.620618 0.365979 -4.077016 -0.365979 -4.107216 0.365979 -4.077016 -0.365979 -3.593814 -0.365979 -3.593814 0.365979 -4.077016 0.365979 -3.533414 -0.365979 -3.593814 0.365979 -3.533414 -0.365979 -3.080412 -0.365979 -3.080412 0.365979 -3.533414 0.365979 -2.989812 -0.365979 -3.080412 0.365979 -2.989812 -0.365979 -2.56701 -0.365979 -2.56701 0.365979 -2.989812 0.365979 -2.44621 -0.365979 -2.56701 0.365979 -2.44621 -0.365979 -2.053608 -0.365979 -2.053608 0.365979 -2.44621 0.365979 -1.902607 -0.365979 -2.053608 0.365979 -1.902607 -0.365979 -1.540206 -0.365979 -1.540206 0.365979 -1.902607 0.365979 -1.359005 -0.365979 -1.540206 0.365979 -1.359005 -0.365979 -1.026804 -0.365979 -1.026804 0.365979 -1.359005 0.365979 -0.815403 -0.365979 -1.026804 0.365979 -0.815403 -0.365979 -0.513402 -0.365979 -0.513402 0.365979 -0.815403 0.365979 -0.271801 -0.365979 -0.513402 0.365979 -0.271801 -0.365979 0 -0.365979 0 0.365979 -0.271801 0.365979 0.271801 -0.365979 0 0.365979 0.271801 -0.365979 0.513402 -0.365979 0.513402 0.365979 0.271801 0.365979 0.815403 -0.365979 0.513402 0.365979 0.815403 -0.365979 1.026804 -0.365979 1.026804 0.365979 0.815403 0.365979 1.359005 -0.365979 1.026804 0.365979 1.359005 -0.365979 1.540206 -0.365979 1.540206 0.365979 1.359005 0.365979 1.902608 -0.365979 1.540206 0.365979 1.902608 -0.365979 2.053608 -0.365979 2.053608 0.365979 1.902608 0.365979 2.44621 -0.365979 2.053608 0.365979 2.44621 -0.365979 2.56701 -0.365979 2.56701 0.365979 2.44621 0.365979 2.989812 -0.365979 2.56701 0.365979 2.989812 -0.365979 3.080412 -0.365979 3.080412 0.365979 2.989812 0.365979 3.533414 -0.365979 3.080412 0.365979 3.533414 -0.365979 3.593814 -0.365979 3.593814 0.365979 3.533414 0.365979 4.077016 -0.365979 3.593814 0.365979 4.077016 -0.365979 4.107216 -0.365979 4.107216 0.365979 4.077016 0.365979 4.620618 -0.365979 4.107216 0.365979 4.620618 -0.365979 4.620618 0.757078 28.49754 0.757051 29.82173 0.378575 28.49772 0.378575 28.49772 0.757051 29.82173 0 29.82173 0.378575 28.49772 0 29.82173 0 28.48396 0.378575 28.49772 0 28.48396 0.378575 27.49109 0.378575 27.49109 0 28.48396 0 27.14618 0.378575 27.49109 0 27.14618 0.378575 26.48427 0.378575 26.48427 0 27.14618 0 25.80841 0.378575 26.48427 0 25.80841 0.378575 25.47745 0.378575 25.47745 0 25.80841 0 24.47063 0.378575 25.47745 0 24.47063 0.378575 24.47063 0.378575 24.47063 0 24.47063 0.378575 23.76578 0.378575 24.47063 0.378575 23.76578 0.757037 24.52495 0.757037 24.52495 0.378575 23.76578 0.757049 23.41339 0.757049 23.41339 0.378575 23.76578 0.378575 23.41337 0.757049 23.41339 0.378575 23.41337 0.378575 23.36406 0.378575 23.36406 0.378575 23.41337 0 23.36406 0.378575 23.36406 0 23.36406 0 22.48442 0 24.47063 0 23.36406 0.378575 23.76578 0.378575 23.76578 0 23.36406 0.378575 23.41337 0.378575 23.36406 0 22.48442 0.378575 22.19121 0.378575 22.19121 0 22.48442 0 21.60479 0.378575 22.19121 0 21.60479 0.378575 21.25294 0.378575 21.25294 0 21.60479 0 20.72516 0.378575 21.25294 0 20.72516 0.378575 20.31466 0.378575 20.31466 0 20.72516 0 19.84552 0.378575 20.31466 0 19.84552 0.378575 19.84556 0.378575 19.84556 0 19.84552 0.378575 19.81549 0.378575 19.84556 0.378575 19.81549 0.757075 19.8456 0.757075 19.8456 0.378575 19.81549 0.757055 18.92397 0.757055 18.92397 0.378575 19.81549 0.378575 18.92397 0.757055 18.92397 0.378575 18.92397 0.756987 18.03244 0.756987 18.03244 0.378575 18.92397 0.378575 18.03244 0.756987 18.03244 0.378575 18.03244 0.378575 17.14091 0.378575 17.14091 0.378575 18.03244 0 17.58667 0.378575 17.14091 0 17.58667 0 16.47226 0 19.84552 0 19.81549 0.378575 19.81549 0.378575 19.81549 0 19.81549 0.378575 18.92397 0 19.81549 0 18.70108 0.378575 18.92397 0.378575 18.92397 0 18.70108 0.378575 18.03244 0 18.70108 0 17.58667 0.378575 18.03244 0.378575 17.14091 0 16.47226 0.378575 15.65503 0.378575 15.65503 0 16.47226 0 15.35785 0.378575 15.65503 0 15.35785 0.378575 15.35057 0.378575 15.35057 0 15.35785 0 15.35057 0.378575 15.35057 0 15.35057 0.378575 14.06851 0.378575 14.06851 0 15.35057 0 13.76684 0.378575 14.06851 0 13.76684 0.378575 13.76684 0.378575 13.76684 0 13.76684 0.378575 12.94235 0.378575 13.76684 0.378575 12.94235 0.75705 12.94235 0.75705 12.94235 0.378575 12.94235 0.378575 11.29335 0.75705 12.94235 0.378575 11.29335 0.757039 10.8811 0.757039 10.8811 0.378575 11.29335 0.378575 10.86843 0.757039 10.8811 0.378575 10.86843 0.378575 9.795675 0.378575 9.795675 0.378575 10.86843 0 10.86843 0.378575 9.795675 0 10.86843 0 9.259294 0 13.76684 0 12.32397 0.378575 12.94235 0.378575 12.94235 0 12.32397 0.378575 11.29335 0 12.32397 0 10.8811 0.378575 11.29335 0.378575 11.29335 0 10.8811 0.378575 10.86843 0 10.8811 0 10.86843 0.378575 10.86843 0.378575 9.795675 0 9.259294 0.378575 8.937466 0.378575 8.937466 0 9.259294 0 8.454725 0.378575 8.937466 0 8.454725 0.378575 8.079259 0.378575 8.079259 0 8.454725 0 7.650155 0.378575 8.079259 0 7.650155 0.378575 7.650155 0.378575 7.650155 0 7.650155 0.378575 7.621441 0.378575 7.650155 0.378575 7.621441 0.757015 7.621403 0.757015 7.621403 0.378575 7.621441 0.378575 7.272849 0.757015 7.621403 0.378575 7.272849 0.757072 6.57559 0.757072 6.57559 0.378575 7.272849 0.378575 6.401275 0.757072 6.57559 0.378575 6.401275 0.757057 5.791172 0.757057 5.791172 0.378575 6.401275 0.378575 5.529701 0.757057 5.791172 0.378575 5.529701 0.757035 5.006757 0.757035 5.006757 0.378575 5.529701 0.378575 5.006756 0.757035 5.006757 0.378575 5.006756 0.378575 4.955031 0.378575 4.955031 0.378575 5.006756 0 5.006756 0.378575 4.955031 0 5.006756 0 4.58851 0 7.650155 0 7.621478 0.378575 7.621441 0.378575 7.621441 0 7.621478 0.378575 7.272849 0 7.621478 0 6.967798 0.378575 7.272849 0.378575 7.272849 0 6.967798 0.378575 6.401275 0 6.967798 0 6.314117 0.378575 6.401275 0.378575 6.401275 0 6.314117 0.378575 5.529701 0 6.314117 0 5.660437 0.378575 5.529701 0.378575 5.529701 0 5.660437 0 5.006756 0.378575 5.529701 0 5.006756 0.378575 5.006756 0 4.014946 0.378575 4.172914 0 4.58851 0 4.58851 0.378575 4.172914 0.378575 4.58851 0 4.58851 0.378575 4.58851 0.378575 4.955031 0.378575 4.955031 0.378575 4.58851 0.757035 5.006757 0.378575 4.172914 0 4.014946 0.378575 3.398671 0.378575 3.398671 0 4.014946 0 3.441383 0.378575 3.398671 0 3.441383 0 2.867819 0.378575 3.398671 0 2.867819 0.378575 2.832226 0.378575 2.832226 0 2.867819 0 2.294255 0.378575 2.832226 0 2.294255 0.378575 2.26578 0.378575 2.26578 0 2.294255 0.378575 1.321705 0.378575 2.26578 0.378575 1.321705 0.757081 2.26578 0.757081 2.26578 0.378575 1.321705 0.757085 1.13289 0.757085 1.13289 0.378575 1.321705 0.378575 0.660853 0.757085 1.13289 0.378575 0.660853 0.757051 0 0.757051 0 0.378575 0.660853 0 0 0 0 0.378575 0.660853 0 1.147127 0 1.147127 0.378575 0.660853 0.378575 1.321705 0 1.147127 0.378575 1.321705 0 2.294255 0.378575 2.26578 0.757081 2.26578 0.378575 2.832226 0.378575 2.832226 0.757081 2.26578 0.75704 3.398671 0.378575 2.832226 0.75704 3.398671 0.378575 3.398671 0.378575 3.398671 0.75704 3.398671 0.757041 3.965116 0.378575 3.398671 0.757041 3.965116 0.378575 4.172914 0.378575 4.172914 0.757041 3.965116 0.757039 4.531561 0.378575 4.172914 0.757039 4.531561 0.378575 4.58851 0.378575 4.58851 0.757039 4.531561 0.757035 5.006757 0.378575 7.650155 0.757015 7.621403 0.378575 8.079259 0.378575 8.079259 0.757015 7.621403 0.757053 8.937466 0.378575 8.079259 0.757053 8.937466 0.378575 8.937466 0.378575 8.937466 0.757053 8.937466 0.378575 9.795675 0.757053 8.937466 0.757039 10.8811 0.378575 9.795675 0.75705 12.94235 0.757067 14.67183 0.378575 13.76684 0.378575 13.76684 0.757067 14.67183 0.378575 14.06851 0.378575 14.06851 0.757067 14.67183 0.378575 15.35057 0.378575 15.35057 0.757067 14.67183 0.75705 16.24938 0.378575 15.35057 0.75705 16.24938 0.378575 15.65503 0.378575 15.65503 0.75705 16.24938 0.378575 17.14091 0.75705 16.24938 0.756987 18.03244 0.378575 17.14091 0.378575 19.84556 0.757075 19.8456 0.378575 20.31466 0.378575 20.31466 0.757075 19.8456 0.757041 20.54927 0.378575 20.31466 0.757041 20.54927 0.757023 21.25294 0.378575 20.31466 0.757023 21.25294 0.378575 21.25294 0.378575 21.25294 0.757023 21.25294 0.757026 21.95664 0.378575 21.25294 0.757026 21.95664 0.378575 22.19121 0.378575 22.19121 0.757026 21.95664 0.757049 23.41339 0.378575 22.19121 0.757049 23.41339 0.378575 23.36406 0.378575 24.47063 0.757037 24.52495 0.378575 25.47745 0.378575 25.47745 0.757037 24.52495 0.757047 25.84915 0.378575 25.47745 0.757047 25.84915 0.378575 26.48427 0.378575 26.48427 0.757047 25.84915 0.757075 27.17334 0.378575 26.48427 0.757075 27.17334 0.378575 27.49109 0.378575 27.49109 0.757075 27.17334 0.757054 28.07995 0.378575 27.49109 0.757054 28.07995 0.378575 28.49772 0.378575 28.49772 0.757054 28.07995 0.757078 28.49754 -0.36087 6.633492 -0.36087 6.030447 0.36087 6.633492 0.36087 6.633492 -0.36087 6.030447 0.36087 6.001731 0.36087 6.001731 -0.36087 6.030447 -0.36087 5.427402 0.36087 6.001731 -0.36087 5.427402 0.36087 5.369969 0.36087 5.369969 -0.36087 5.427402 -0.36087 4.824358 0.36087 5.369969 -0.36087 4.824358 0.36087 4.738208 0.36087 4.738208 -0.36087 4.824358 -0.36087 4.221313 0.36087 4.738208 -0.36087 4.221313 0.36087 4.106447 0.36087 4.106447 -0.36087 4.221313 -0.36087 3.618268 0.36087 4.106447 -0.36087 3.618268 0.36087 3.474686 0.36087 3.474686 -0.36087 3.618268 -0.36087 3.015223 0.36087 3.474686 -0.36087 3.015223 0.36087 2.842925 0.36087 2.842925 -0.36087 3.015223 -0.36087 2.412179 0.36087 2.842925 -0.36087 2.412179 0.36087 2.211164 0.36087 2.211164 -0.36087 2.412179 -0.36087 1.809134 0.36087 2.211164 -0.36087 1.809134 0.36087 1.579403 0.36087 1.579403 -0.36087 1.809134 -0.36087 1.206089 0.36087 1.579403 -0.36087 1.206089 0.36087 0.947642 0.36087 0.947642 -0.36087 1.206089 -0.36087 0.603045 0.36087 0.947642 -0.36087 0.603045 0.36087 0.315881 0.36087 0.315881 -0.36087 0.603045 -0.36087 0 0.36087 0.315881 -0.36087 0 0.36087 -0.315881 0.36087 -0.315881 -0.36087 0 -0.36087 -0.603045 0.36087 -0.315881 -0.36087 -0.603045 0.36087 -0.947642 0.36087 -0.947642 -0.36087 -0.603045 -0.36087 -1.206089 0.36087 -0.947642 -0.36087 -1.206089 0.36087 -1.579403 0.36087 -1.579403 -0.36087 -1.206089 -0.36087 -1.809134 0.36087 -1.579403 -0.36087 -1.809134 0.36087 -2.211164 0.36087 -2.211164 -0.36087 -1.809134 -0.36087 -2.412179 0.36087 -2.211164 -0.36087 -2.412179 0.36087 -2.842925 0.36087 -2.842925 -0.36087 -2.412179 -0.36087 -3.015223 0.36087 -2.842925 -0.36087 -3.015223 0.36087 -3.474686 0.36087 -3.474686 -0.36087 -3.015223 -0.36087 -3.618268 0.36087 -3.474686 -0.36087 -3.618268 0.36087 -4.106447 0.36087 -4.106447 -0.36087 -3.618268 -0.36087 -4.221313 0.36087 -4.106447 -0.36087 -4.221313 0.36087 -4.738208 0.36087 -4.738208 -0.36087 -4.221313 -0.36087 -4.824358 0.36087 -4.738208 -0.36087 -4.824358 0.36087 -5.369969 0.36087 -5.369969 -0.36087 -4.824358 -0.36087 -5.427402 0.36087 -5.369969 -0.36087 -5.427402 0.36087 -6.00173 0.36087 -6.00173 -0.36087 -5.427402 -0.36087 -6.030447 0.36087 -6.00173 -0.36087 -6.030447 0.36087 -6.633492 0.36087 -6.633492 -0.36087 -6.030447 -0.36087 -6.633492 -0.667639 1.187381 -0.880324 1.530496 -0.667792 0 -0.667792 0 -0.880324 1.530496 -1.110335 1.530496 -0.667792 0 -1.110335 1.530496 -1.3808 0 -1.3808 0 -1.110335 1.530496 -1.340345 1.530496 -1.3808 0 -1.340345 1.530496 -1.570356 1.530496 -1.570356 1.530496 -1.340345 1.530496 -1.570356 2.400374 -1.570356 1.530496 -1.570356 2.400374 -1.952376 2.400374 -1.952376 2.400374 -1.570356 2.400374 -1.952376 3.270251 -1.952376 2.400374 -1.952376 3.270251 -2.334396 3.270251 -2.334396 3.270251 -1.952376 3.270251 -2.334396 4.140129 -2.334396 3.270251 -2.334396 4.140129 -2.716415 4.140129 -2.716415 4.140129 -2.334396 4.140129 -2.716415 5.010006 -2.716415 4.140129 -2.716415 5.010006 -3.098435 5.010006 -3.098435 5.010006 -2.716415 5.010006 -3.098435 5.671286 -3.098435 5.010006 -3.098435 5.671286 -3.521564 5.061331 -3.521564 5.061331 -3.098435 5.671286 -3.523129 5.837585 -3.523129 5.837585 -3.098435 5.671286 -3.098435 6.332566 -3.523129 5.837585 -3.098435 6.332566 -3.52506 6.615616 -3.52506 6.615616 -3.098435 6.332566 -3.098435 6.993845 -3.52506 6.615616 -3.098435 6.993845 -3.528012 7.655125 -3.528012 7.655125 -3.098435 6.993845 -3.098435 7.655125 -3.528012 7.655125 -3.098435 7.655125 -3.098435 8.553198 -3.098435 8.553198 -3.098435 7.655125 -2.716415 7.655125 -3.098435 8.553198 -2.716415 7.655125 -2.716415 8.553198 -2.716415 8.553198 -2.716415 7.655125 -2.334396 7.655125 -2.716415 8.553198 -2.334396 7.655125 -2.334396 8.553198 -2.334396 8.553198 -2.334396 7.655125 -1.952376 7.655125 -2.334396 8.553198 -1.952376 7.655125 -1.952376 8.553198 -1.952376 8.553198 -1.952376 7.655125 -1.570356 7.655125 -1.952376 8.553198 -1.570356 7.655125 -1.570356 8.553198 -1.570356 8.553198 -1.570356 7.655125 -1.340345 7.655125 -1.570356 8.553198 -1.340345 7.655125 -1.340345 8.553198 -1.340345 8.553198 -1.340345 7.655125 -1.110335 7.655125 -1.340345 8.553198 -1.110335 7.655125 -1.110335 8.553198 -1.110335 8.553198 -1.110335 7.655125 -0.880324 7.655125 -1.110335 8.553198 -0.880324 7.655125 -0.880324 8.553198 -0.880324 8.553198 -0.880324 7.655125 -0.657615 8.324076 -0.880324 8.553198 -0.657615 8.324076 -0.654119 9.60593 -0.667639 1.187381 -0.668104 2.347094 -0.880324 1.530496 -0.880324 1.530496 -0.668104 2.347094 -0.880324 2.400374 -0.880324 1.530496 -0.880324 2.400374 -1.110335 2.400374 -1.110335 2.400374 -0.880324 2.400374 -1.110335 3.270251 -1.110335 2.400374 -1.110335 3.270251 -1.340345 3.270251 -1.340345 3.270251 -1.110335 3.270251 -1.340345 4.140129 -1.340345 3.270251 -1.340345 4.140129 -1.570356 4.140129 -1.570356 4.140129 -1.340345 4.140129 -1.570356 5.010006 -1.570356 4.140129 -1.570356 5.010006 -1.952376 5.010006 -1.952376 5.010006 -1.570356 5.010006 -1.952376 5.671286 -1.952376 5.010006 -1.952376 5.671286 -2.334396 5.671286 -2.334396 5.671286 -1.952376 5.671286 -2.334396 6.332566 -2.334396 5.671286 -2.334396 6.332566 -2.716415 6.332566 -2.716415 6.332566 -2.334396 6.332566 -2.716415 6.993845 -2.716415 6.332566 -2.716415 6.993845 -3.098435 6.993845 -3.098435 6.993845 -2.716415 6.993845 -3.098435 7.655125 -0.880324 2.400374 -0.668104 2.347094 -0.880324 3.270251 -0.880324 3.270251 -0.668104 2.347094 -0.667836 3.473543 -0.880324 3.270251 -0.667836 3.473543 -0.880324 4.140129 -0.880324 4.140129 -0.667836 3.473543 -0.667403 4.032412 -0.880324 4.140129 -0.667403 4.032412 -0.666784 4.591692 -0.880324 4.140129 -0.666784 4.591692 -0.880324 5.010006 -0.880324 5.010006 -0.666784 4.591692 -0.666052 5.061331 -0.880324 5.010006 -0.666052 5.061331 -0.880324 5.671286 -0.880324 5.671286 -0.666052 5.061331 -0.664487 5.837586 -0.880324 5.671286 -0.664487 5.837586 -0.880324 6.332566 -0.880324 6.332566 -0.664487 5.837586 -0.662557 6.615617 -0.880324 6.332566 -0.662557 6.615617 -0.880324 6.993845 -0.880324 6.993845 -0.662557 6.615617 -0.659604 7.655125 -0.880324 6.993845 -0.659604 7.655125 -0.880324 7.655125 -0.880324 7.655125 -0.659604 7.655125 -0.657615 8.324076 -0.65157 10.90109 -0.880324 10.88819 -0.654119 9.60593 -0.654119 9.60593 -0.880324 10.88819 -0.880324 9.451272 -0.654119 9.60593 -0.880324 9.451272 -0.880324 8.553198 -0.880324 8.553198 -0.880324 9.451272 -1.110335 9.451272 -0.880324 8.553198 -1.110335 9.451272 -1.110335 8.553198 -1.110335 8.553198 -1.110335 9.451272 -1.340345 9.451272 -1.110335 8.553198 -1.340345 9.451272 -1.340345 8.553198 -1.340345 8.553198 -1.340345 9.451272 -1.570356 9.451272 -1.340345 8.553198 -1.570356 9.451272 -1.570356 8.553198 -1.570356 8.553198 -1.570356 9.451272 -1.952376 9.451272 -1.570356 8.553198 -1.952376 9.451272 -1.952376 8.553198 -1.952376 8.553198 -1.952376 9.451272 -2.334396 9.451272 -1.952376 8.553198 -2.334396 9.451272 -2.334396 8.553198 -2.334396 8.553198 -2.334396 9.451272 -2.716415 9.451272 -2.334396 8.553198 -2.716415 9.451272 -2.716415 8.553198 -2.716415 8.553198 -2.716415 9.451272 -3.098435 9.451272 -2.716415 8.553198 -3.098435 9.451272 -3.098435 8.553198 -3.098435 8.553198 -3.098435 9.451272 -3.531833 8.964938 -3.098435 8.553198 -3.531833 8.964938 -3.528012 7.655125 -0.880324 10.88819 -0.65157 10.90109 -0.880324 12.33201 -0.880324 12.33201 -0.65157 10.90109 -0.650314 12.95459 -0.880324 12.33201 -0.650314 12.95459 -0.880324 13.77584 -0.880324 13.77584 -0.650314 12.95459 -0.650952 14.67721 -0.880324 13.77584 -0.650952 14.67721 -0.880324 15.36062 -0.880324 15.36062 -0.650952 14.67721 -0.65254 16.24833 -0.880324 15.36062 -0.65254 16.24833 -0.880324 16.84992 -0.880324 16.84992 -0.65254 16.24833 -0.656132 18.02388 -0.880324 16.84992 -0.656132 18.02388 -0.880324 18.33923 -0.880324 18.33923 -0.656132 18.02388 -0.658553 18.91139 -0.880324 18.33923 -0.658553 18.91139 -0.880324 19.82853 -0.880324 19.82853 -0.658553 18.91139 -0.661279 19.82853 -0.880324 19.82853 -0.661279 19.82853 -0.663386 20.5287 -0.880324 19.82853 -0.663386 20.5287 -0.880324 20.71626 -0.880324 20.71626 -0.663386 20.5287 -0.665406 21.229 -0.880324 20.71626 -0.665406 21.229 -0.880324 21.60399 -0.880324 21.60399 -0.665406 21.229 -0.667264 21.92943 -0.880324 21.60399 -0.667264 21.92943 -0.880324 22.49172 -0.880324 22.49172 -0.667264 21.92943 -0.670309 23.37945 -0.880324 22.49172 -0.670309 23.37945 -0.880324 23.37945 -0.880324 23.37945 -0.670309 23.37945 -0.880324 24.1025 -0.880324 23.37945 -0.880324 24.1025 -1.110335 24.1025 -1.110335 24.1025 -0.880324 24.1025 -1.110335 24.82555 -1.110335 24.1025 -1.110335 24.82555 -1.340345 24.82555 -1.340345 24.82555 -1.110335 24.82555 -1.340345 25.5486 -1.340345 24.82555 -1.340345 25.5486 -1.570356 25.5486 -1.570356 25.5486 -1.340345 25.5486 -1.570356 26.27165 -1.570356 25.5486 -1.570356 26.27165 -1.952376 26.27165 -1.952376 26.27165 -1.570356 26.27165 -1.952376 27.16409 -1.952376 26.27165 -1.952376 27.16409 -2.334396 27.16409 -2.334396 27.16409 -1.952376 27.16409 -2.334396 28.05654 -2.334396 27.16409 -2.334396 28.05654 -2.716415 28.05654 -2.716415 28.05654 -2.334396 28.05654 -2.716415 28.94898 -2.716415 28.05654 -2.716415 28.94898 -3.098435 28.94898 -3.098435 28.94898 -2.716415 28.94898 -2.80448 29.84142 -3.098435 28.94898 -2.80448 29.84142 -3.515152 29.84142 -0.670309 23.37945 -0.671766 24.48668 -0.880324 24.1025 -0.880324 24.1025 -0.671766 24.48668 -0.880324 24.82555 -0.880324 24.1025 -0.880324 24.82555 -1.110335 24.82555 -1.110335 24.82555 -0.880324 24.82555 -1.110335 25.5486 -1.110335 24.82555 -1.110335 25.5486 -1.340345 25.5486 -1.340345 25.5486 -1.110335 25.5486 -1.340345 26.27165 -1.340345 25.5486 -1.340345 26.27165 -1.570356 26.27165 -1.570356 26.27165 -1.340345 26.27165 -1.570356 27.16409 -1.570356 26.27165 -1.570356 27.16409 -1.952376 27.16409 -1.952376 27.16409 -1.570356 27.16409 -1.952376 28.05654 -1.952376 27.16409 -1.952376 28.05654 -2.334396 28.05654 -2.334396 28.05654 -1.952376 28.05654 -2.334396 28.94898 -2.334396 28.05654 -2.334396 28.94898 -2.716415 28.94898 -2.716415 28.94898 -2.334396 28.94898 -2.80448 29.84142 -0.671766 24.48668 -0.672518 25.80808 -0.880324 24.82555 -0.880324 24.82555 -0.672518 25.80808 -0.880324 25.5486 -0.880324 24.82555 -0.880324 25.5486 -1.110335 25.5486 -1.110335 25.5486 -0.880324 25.5486 -1.110335 26.27165 -1.110335 25.5486 -1.110335 26.27165 -1.340345 26.27165 -1.340345 26.27165 -1.110335 26.27165 -1.340345 27.16409 -1.340345 26.27165 -1.340345 27.16409 -1.570356 27.16409 -1.570356 27.16409 -1.340345 27.16409 -1.570356 28.05654 -1.570356 27.16409 -1.570356 28.05654 -1.952376 28.05654 -1.952376 28.05654 -1.570356 28.05654 -1.952376 28.94898 -1.952376 28.05654 -1.952376 28.94898 -2.334396 28.94898 -2.334396 28.94898 -1.952376 28.94898 -2.093808 29.84142 -2.334396 28.94898 -2.093808 29.84142 -2.80448 29.84142 -0.880324 25.5486 -0.672518 25.80808 -0.880324 26.27165 -0.880324 26.27165 -0.672518 25.80808 -0.672584 27.13746 -0.880324 26.27165 -0.672584 27.13746 -0.880324 27.16409 -0.880324 27.16409 -0.672584 27.13746 -0.880324 28.05654 -0.880324 27.16409 -0.880324 28.05654 -1.110335 28.05654 -1.110335 28.05654 -0.880324 28.05654 -1.110335 28.94898 -1.110335 28.05654 -1.110335 28.94898 -1.340345 28.94898 -1.340345 28.94898 -1.110335 28.94898 -1.383136 29.84142 -1.340345 28.94898 -1.383136 29.84142 -1.570356 28.94898 -1.570356 28.94898 -1.383136 29.84142 -2.093808 29.84142 -1.570356 28.94898 -2.093808 29.84142 -1.952376 28.94898 -0.672584 27.13746 -0.672254 28.48333 -0.880324 28.05654 -0.880324 28.05654 -0.672254 28.48333 -0.880324 28.94898 -0.880324 28.05654 -0.880324 28.94898 -1.110335 28.94898 -1.110335 28.94898 -0.880324 28.94898 -0.672464 29.84142 -1.110335 28.94898 -0.672464 29.84142 -1.383136 29.84142 -0.672254 28.48333 -0.672464 29.84142 -0.880324 28.94898 -3.515152 29.84142 -3.515362 28.48332 -3.098435 28.94898 -3.098435 28.94898 -3.515362 28.48332 -3.098435 28.05654 -3.098435 28.94898 -3.098435 28.05654 -2.716415 28.05654 -2.716415 28.05654 -3.098435 28.05654 -2.716415 27.16409 -2.716415 28.05654 -2.716415 27.16409 -2.334396 27.16409 -2.334396 27.16409 -2.716415 27.16409 -2.334396 26.27165 -2.334396 27.16409 -2.334396 26.27165 -1.952376 26.27165 -1.952376 26.27165 -2.334396 26.27165 -1.952376 25.5486 -1.952376 26.27165 -1.952376 25.5486 -1.570356 25.5486 -1.570356 25.5486 -1.952376 25.5486 -1.570356 24.82555 -1.570356 25.5486 -1.570356 24.82555 -1.340345 24.82555 -1.340345 24.82555 -1.570356 24.82555 -1.340345 24.1025 -1.340345 24.82555 -1.340345 24.1025 -1.110335 24.1025 -1.110335 24.1025 -1.340345 24.1025 -1.110335 23.37945 -1.110335 24.1025 -1.110335 23.37945 -0.880324 23.37945 -0.880324 23.37945 -1.110335 23.37945 -0.880324 22.49172 -3.515362 28.48332 -3.515032 27.13744 -3.098435 28.05654 -3.098435 28.05654 -3.515032 27.13744 -3.098435 27.16409 -3.098435 28.05654 -3.098435 27.16409 -2.716415 27.16409 -2.716415 27.16409 -3.098435 27.16409 -2.716415 26.27165 -2.716415 27.16409 -2.716415 26.27165 -2.334396 26.27165 -2.334396 26.27165 -2.716415 26.27165 -2.334396 25.5486 -2.334396 26.27165 -2.334396 25.5486 -1.952376 25.5486 -1.952376 25.5486 -2.334396 25.5486 -1.952376 24.82555 -1.952376 25.5486 -1.952376 24.82555 -1.570356 24.82555 -1.570356 24.82555 -1.952376 24.82555 -1.570356 24.1025 -1.570356 24.82555 -1.570356 24.1025 -1.340345 24.1025 -1.340345 24.1025 -1.570356 24.1025 -1.340345 23.37945 -1.340345 24.1025 -1.340345 23.37945 -1.110335 23.37945 -1.110335 23.37945 -1.340345 23.37945 -1.110335 22.49172 -1.110335 23.37945 -1.110335 22.49172 -0.880324 22.49172 -0.880324 22.49172 -1.110335 22.49172 -0.880324 21.60399 -3.098435 27.16409 -3.515032 27.13744 -3.098435 26.27165 -3.098435 26.27165 -3.515032 27.13744 -3.515098 25.80807 -3.098435 26.27165 -3.515098 25.80807 -3.098435 25.5486 -3.098435 25.5486 -3.515098 25.80807 -3.098435 24.82555 -3.098435 25.5486 -3.098435 24.82555 -2.716415 24.82555 -2.716415 24.82555 -3.098435 24.82555 -2.716415 24.1025 -2.716415 24.82555 -2.716415 24.1025 -2.334396 24.1025 -2.334396 24.1025 -2.716415 24.1025 -2.334396 23.37945 -2.334396 24.1025 -2.334396 23.37945 -1.952376 23.37945 -1.952376 23.37945 -2.334396 23.37945 -1.952376 22.49172 -1.952376 23.37945 -1.952376 22.49172 -1.570356 22.49172 -1.570356 22.49172 -1.952376 22.49172 -1.570356 21.60399 -1.570356 22.49172 -1.570356 21.60399 -1.340345 21.60399 -1.340345 21.60399 -1.570356 21.60399 -1.340345 20.71626 -1.340345 21.60399 -1.340345 20.71626 -1.110335 20.71626 -1.110335 20.71626 -1.340345 20.71626 -1.110335 19.82853 -1.110335 20.71626 -1.110335 19.82853 -0.880324 19.82853 -0.880324 19.82853 -1.110335 19.82853 -0.880324 18.33923 -3.515098 25.80807 -3.51585 24.48668 -3.098435 24.82555 -3.098435 24.82555 -3.51585 24.48668 -3.098435 24.1025 -3.098435 24.82555 -3.098435 24.1025 -2.716415 24.1025 -2.716415 24.1025 -3.098435 24.1025 -2.716415 23.37945 -2.716415 24.1025 -2.716415 23.37945 -2.334396 23.37945 -2.334396 23.37945 -2.716415 23.37945 -2.334396 22.49172 -2.334396 23.37945 -2.334396 22.49172 -1.952376 22.49172 -1.952376 22.49172 -2.334396 22.49172 -1.952376 21.60399 -1.952376 22.49172 -1.952376 21.60399 -1.570356 21.60399 -1.570356 21.60399 -1.952376 21.60399 -1.570356 20.71626 -1.570356 21.60399 -1.570356 20.71626 -1.340345 20.71626 -1.340345 20.71626 -1.570356 20.71626 -1.340345 19.82853 -1.340345 20.71626 -1.340345 19.82853 -1.110335 19.82853 -1.110335 19.82853 -1.340345 19.82853 -1.110335 18.33923 -1.110335 19.82853 -1.110335 18.33923 -0.880324 18.33923 -0.880324 18.33923 -1.110335 18.33923 -0.880324 16.84992 -3.51585 24.48668 -3.517307 23.37945 -3.098435 24.1025 -3.098435 24.1025 -3.517307 23.37945 -3.098435 23.37945 -3.098435 24.1025 -3.098435 23.37945 -2.716415 23.37945 -2.716415 23.37945 -3.098435 23.37945 -2.716415 22.49172 -2.716415 23.37945 -2.716415 22.49172 -2.334396 22.49172 -2.334396 22.49172 -2.716415 22.49172 -2.334396 21.60399 -2.334396 22.49172 -2.334396 21.60399 -1.952376 21.60399 -1.952376 21.60399 -2.334396 21.60399 -1.952376 20.71626 -1.952376 21.60399 -1.952376 20.71626 -1.570356 20.71626 -1.570356 20.71626 -1.952376 20.71626 -1.570356 19.82853 -1.570356 20.71626 -1.570356 19.82853 -1.340345 19.82853 -1.340345 19.82853 -1.570356 19.82853 -1.340345 18.33923 -1.340345 19.82853 -1.340345 18.33923 -1.110335 18.33923 -1.110335 18.33923 -1.340345 18.33923 -1.110335 16.84992 -1.110335 18.33923 -1.110335 16.84992 -0.880324 16.84992 -0.880324 16.84992 -1.110335 16.84992 -0.880324 15.36062 -3.098435 23.37945 -3.517307 23.37945 -3.098435 22.49172 -3.098435 22.49172 -3.517307 23.37945 -3.520352 21.92943 -3.098435 22.49172 -3.520352 21.92943 -3.098435 21.60399 -3.098435 21.60399 -3.520352 21.92943 -3.52221 21.229 -3.098435 21.60399 -3.52221 21.229 -3.098435 20.71626 -3.098435 20.71626 -3.52221 21.229 -3.52423 20.5287 -3.098435 20.71626 -3.52423 20.5287 -3.098435 19.82853 -3.098435 19.82853 -3.52423 20.5287 -3.526337 19.82853 -3.098435 19.82853 -3.526337 19.82853 -3.098435 18.33923 -3.098435 18.33923 -3.526337 19.82853 -3.529063 18.91139 -3.098435 18.33923 -3.529063 18.91139 -3.531484 18.02388 -3.098435 18.33923 -3.531484 18.02388 -3.098435 16.84992 -3.098435 16.84992 -3.531484 18.02388 -3.535076 16.24833 -3.098435 16.84992 -3.535076 16.24833 -3.098435 15.36062 -3.098435 15.36062 -3.535076 16.24833 -3.536664 14.67721 -3.098435 15.36062 -3.536664 14.67721 -3.098435 13.77584 -3.098435 13.77584 -3.536664 14.67721 -3.537302 12.95459 -3.098435 13.77584 -3.537302 12.95459 -3.098435 12.33201 -3.098435 12.33201 -3.537302 12.95459 -3.536046 10.90109 -3.098435 12.33201 -3.536046 10.90109 -3.098435 10.88819 -3.098435 10.88819 -3.536046 10.90109 -3.098435 9.451272 -3.098435 10.88819 -3.098435 9.451272 -2.716415 9.451272 -3.536046 10.90109 -3.531833 8.964938 -3.098435 9.451272 -3.521564 5.061331 -3.520832 4.591692 -3.098435 5.010006 -3.098435 5.010006 -3.520832 4.591692 -3.098435 4.140129 -3.098435 5.010006 -3.098435 4.140129 -2.716415 4.140129 -2.716415 4.140129 -3.098435 4.140129 -2.716415 3.270251 -2.716415 4.140129 -2.716415 3.270251 -2.334396 3.270251 -2.334396 3.270251 -2.716415 3.270251 -2.334396 2.400374 -2.334396 3.270251 -2.334396 2.400374 -1.952376 2.400374 -1.952376 2.400374 -2.334396 2.400374 -1.952376 1.530496 -1.952376 2.400374 -1.952376 1.530496 -1.570356 1.530496 -1.570356 1.530496 -1.952376 1.530496 -2.093808 0 -1.570356 1.530496 -2.093808 0 -1.3808 0 -3.520832 4.591692 -3.520213 4.032416 -3.098435 4.140129 -3.098435 4.140129 -3.520213 4.032416 -3.51978 3.473551 -3.098435 4.140129 -3.51978 3.473551 -3.098435 3.270251 -3.098435 3.270251 -3.51978 3.473551 -3.519511 2.347109 -3.098435 3.270251 -3.519511 2.347109 -3.098435 2.400374 -3.098435 2.400374 -3.519511 2.347109 -3.098435 1.530496 -3.098435 2.400374 -3.098435 1.530496 -2.716415 1.530496 -2.716415 1.530496 -3.098435 1.530496 -2.806816 0 -2.716415 1.530496 -2.806816 0 -2.334396 1.530496 -2.334396 1.530496 -2.806816 0 -2.093808 0 -2.334396 1.530496 -2.093808 0 -1.952376 1.530496 -3.519511 2.347109 -3.519977 1.187395 -3.098435 1.530496 -3.098435 1.530496 -3.519977 1.187395 -3.519824 0 -3.098435 1.530496 -3.519824 0 -2.806816 0 -0.880324 1.530496 -1.110335 2.400374 -1.110335 1.530496 -1.110335 1.530496 -1.110335 2.400374 -1.340345 2.400374 -1.110335 1.530496 -1.340345 2.400374 -1.340345 1.530496 -1.340345 1.530496 -1.340345 2.400374 -1.570356 2.400374 -1.952376 1.530496 -2.334396 2.400374 -2.334396 1.530496 -2.334396 1.530496 -2.334396 2.400374 -2.716415 2.400374 -2.334396 1.530496 -2.716415 2.400374 -2.716415 1.530496 -2.716415 1.530496 -2.716415 2.400374 -3.098435 2.400374 -1.110335 2.400374 -1.340345 3.270251 -1.340345 2.400374 -1.340345 2.400374 -1.340345 3.270251 -1.570356 3.270251 -1.340345 2.400374 -1.570356 3.270251 -1.570356 2.400374 -1.570356 2.400374 -1.570356 3.270251 -1.952376 3.270251 -3.098435 3.270251 -3.098435 2.400374 -2.716415 2.400374 -3.098435 3.270251 -2.716415 2.400374 -2.716415 3.270251 -2.716415 3.270251 -2.716415 2.400374 -2.334396 2.400374 -0.880324 4.140129 -1.110335 4.140129 -0.880324 3.270251 -0.880324 3.270251 -1.110335 4.140129 -1.110335 3.270251 -0.880324 3.270251 -1.110335 3.270251 -0.880324 2.400374 -1.110335 3.270251 -1.110335 4.140129 -1.340345 4.140129 -1.340345 4.140129 -1.110335 4.140129 -1.340345 5.010006 -1.340345 4.140129 -1.340345 5.010006 -1.570356 5.010006 -1.570356 5.010006 -1.340345 5.010006 -1.570356 5.671286 -1.570356 5.010006 -1.570356 5.671286 -1.952376 5.671286 -1.952376 5.671286 -1.570356 5.671286 -1.952376 6.332566 -1.952376 5.671286 -1.952376 6.332566 -2.334396 6.332566 -2.334396 6.332566 -1.952376 6.332566 -2.334396 6.993845 -2.334396 6.332566 -2.334396 6.993845 -2.716415 6.993845 -2.716415 6.993845 -2.334396 6.993845 -2.716415 7.655125 -2.716415 6.993845 -2.716415 7.655125 -3.098435 7.655125 -1.110335 4.140129 -0.880324 4.140129 -1.110335 5.010006 -1.110335 5.010006 -0.880324 4.140129 -0.880324 5.010006 -1.110335 5.010006 -0.880324 5.010006 -1.110335 5.671286 -1.110335 5.671286 -0.880324 5.010006 -0.880324 5.671286 -1.110335 5.671286 -0.880324 5.671286 -1.110335 6.332566 -1.110335 6.332566 -0.880324 5.671286 -0.880324 6.332566 -1.110335 6.332566 -0.880324 6.332566 -1.110335 6.993845 -1.110335 6.993845 -0.880324 6.332566 -0.880324 6.993845 -1.110335 6.993845 -0.880324 6.993845 -1.110335 7.655125 -1.110335 7.655125 -0.880324 6.993845 -0.880324 7.655125 -1.570356 3.270251 -1.340345 3.270251 -1.570356 4.140129 -1.952376 3.270251 -1.570356 3.270251 -1.952376 4.140129 -1.952376 4.140129 -1.570356 3.270251 -1.570356 4.140129 -1.952376 4.140129 -1.570356 4.140129 -1.952376 5.010006 -1.952376 3.270251 -1.952376 4.140129 -2.334396 4.140129 -2.334396 4.140129 -1.952376 4.140129 -2.334396 5.010006 -2.334396 4.140129 -2.334396 5.010006 -2.716415 5.010006 -2.716415 5.010006 -2.334396 5.010006 -2.716415 5.671286 -2.716415 5.010006 -2.716415 5.671286 -3.098435 5.671286 -3.098435 5.671286 -2.716415 5.671286 -3.098435 6.332566 -2.334396 5.010006 -1.952376 4.140129 -1.952376 5.010006 -3.098435 3.270251 -2.716415 3.270251 -3.098435 4.140129 -1.110335 4.140129 -1.110335 5.010006 -1.340345 5.010006 -1.340345 5.010006 -1.110335 5.010006 -1.340345 5.671286 -1.340345 5.010006 -1.340345 5.671286 -1.570356 5.671286 -1.570356 5.671286 -1.340345 5.671286 -1.570356 6.332566 -1.570356 5.671286 -1.570356 6.332566 -1.952376 6.332566 -1.952376 6.332566 -1.570356 6.332566 -1.952376 6.993845 -1.952376 6.332566 -1.952376 6.993845 -2.334396 6.993845 -2.334396 6.993845 -1.952376 6.993845 -2.334396 7.655125 -2.334396 6.993845 -2.334396 7.655125 -2.716415 7.655125 -1.340345 5.671286 -1.110335 5.010006 -1.110335 5.671286 -2.716415 5.671286 -2.334396 5.010006 -2.334396 5.671286 -2.334396 5.671286 -2.334396 5.010006 -1.952376 5.010006 -1.340345 5.671286 -1.110335 5.671286 -1.340345 6.332566 -1.340345 6.332566 -1.110335 5.671286 -1.110335 6.332566 -1.340345 6.332566 -1.110335 6.332566 -1.340345 6.993845 -1.340345 6.993845 -1.110335 6.332566 -1.110335 6.993845 -1.340345 6.993845 -1.110335 6.993845 -1.340345 7.655125 -1.340345 7.655125 -1.110335 6.993845 -1.110335 7.655125 -3.098435 6.332566 -2.716415 5.671286 -2.716415 6.332566 -2.716415 6.332566 -2.716415 5.671286 -2.334396 5.671286 -1.340345 5.671286 -1.340345 6.332566 -1.570356 6.332566 -1.570356 6.332566 -1.340345 6.332566 -1.570356 6.993845 -1.570356 6.332566 -1.570356 6.993845 -1.952376 6.993845 -1.952376 6.993845 -1.570356 6.993845 -1.952376 7.655125 -1.952376 6.993845 -1.952376 7.655125 -2.334396 7.655125 -1.570356 6.993845 -1.340345 6.332566 -1.340345 6.993845 -3.098435 6.993845 -3.098435 6.332566 -2.716415 6.332566 -1.340345 7.655125 -1.570356 7.655125 -1.340345 6.993845 -1.340345 6.993845 -1.570356 7.655125 -1.570356 6.993845 -1.570356 7.655125 -1.952376 7.655125 -1.570356 6.993845 -1.110335 9.451272 -0.880324 9.451272 -1.110335 10.88819 -1.110335 10.88819 -0.880324 9.451272 -0.880324 10.88819 -1.110335 10.88819 -0.880324 10.88819 -1.110335 12.33201 -1.110335 12.33201 -0.880324 10.88819 -0.880324 12.33201 -1.110335 12.33201 -0.880324 12.33201 -1.110335 13.77584 -1.110335 13.77584 -0.880324 12.33201 -0.880324 13.77584 -1.110335 13.77584 -0.880324 13.77584 -1.110335 15.36062 -1.110335 15.36062 -0.880324 13.77584 -0.880324 15.36062 -1.110335 15.36062 -0.880324 15.36062 -1.110335 16.84992 -1.340345 9.451272 -1.110335 9.451272 -1.340345 10.88819 -1.340345 10.88819 -1.110335 9.451272 -1.110335 10.88819 -1.340345 10.88819 -1.110335 10.88819 -1.340345 12.33201 -1.340345 12.33201 -1.110335 10.88819 -1.110335 12.33201 -1.340345 12.33201 -1.110335 12.33201 -1.340345 13.77584 -1.340345 13.77584 -1.110335 12.33201 -1.110335 13.77584 -1.340345 13.77584 -1.110335 13.77584 -1.340345 15.36062 -1.340345 15.36062 -1.110335 13.77584 -1.110335 15.36062 -1.340345 15.36062 -1.110335 15.36062 -1.340345 16.84992 -1.340345 16.84992 -1.110335 15.36062 -1.110335 16.84992 -1.340345 16.84992 -1.110335 16.84992 -1.340345 18.33923 -1.570356 9.451272 -1.340345 9.451272 -1.570356 10.88819 -1.570356 10.88819 -1.340345 9.451272 -1.340345 10.88819 -1.570356 10.88819 -1.340345 10.88819 -1.570356 12.33201 -1.570356 12.33201 -1.340345 10.88819 -1.340345 12.33201 -1.570356 12.33201 -1.340345 12.33201 -1.570356 13.77584 -1.570356 13.77584 -1.340345 12.33201 -1.340345 13.77584 -1.570356 13.77584 -1.340345 13.77584 -1.570356 15.36062 -1.570356 15.36062 -1.340345 13.77584 -1.340345 15.36062 -1.570356 15.36062 -1.340345 15.36062 -1.570356 16.84992 -1.570356 16.84992 -1.340345 15.36062 -1.340345 16.84992 -1.570356 16.84992 -1.340345 16.84992 -1.570356 18.33923 -1.570356 18.33923 -1.340345 16.84992 -1.340345 18.33923 -1.570356 18.33923 -1.340345 18.33923 -1.570356 19.82853 -1.952376 9.451272 -1.570356 9.451272 -1.952376 10.88819 -1.952376 10.88819 -1.570356 9.451272 -1.570356 10.88819 -1.952376 10.88819 -1.570356 10.88819 -1.952376 12.33201 -1.952376 12.33201 -1.570356 10.88819 -1.570356 12.33201 -1.952376 12.33201 -1.570356 12.33201 -1.952376 13.77584 -1.952376 13.77584 -1.570356 12.33201 -1.570356 13.77584 -1.952376 13.77584 -1.570356 13.77584 -1.952376 15.36062 -1.952376 15.36062 -1.570356 13.77584 -1.570356 15.36062 -1.952376 15.36062 -1.570356 15.36062 -1.952376 16.84992 -1.952376 16.84992 -1.570356 15.36062 -1.570356 16.84992 -1.952376 16.84992 -1.570356 16.84992 -1.952376 18.33923 -1.952376 18.33923 -1.570356 16.84992 -1.570356 18.33923 -1.952376 18.33923 -1.570356 18.33923 -1.952376 19.82853 -1.952376 19.82853 -1.570356 18.33923 -1.570356 19.82853 -1.952376 19.82853 -1.570356 19.82853 -1.952376 20.71626 -2.334396 9.451272 -1.952376 9.451272 -2.334396 10.88819 -2.334396 10.88819 -1.952376 9.451272 -1.952376 10.88819 -2.334396 10.88819 -1.952376 10.88819 -2.334396 12.33201 -2.334396 12.33201 -1.952376 10.88819 -1.952376 12.33201 -2.334396 12.33201 -1.952376 12.33201 -2.334396 13.77584 -2.334396 13.77584 -1.952376 12.33201 -1.952376 13.77584 -2.334396 13.77584 -1.952376 13.77584 -2.334396 15.36062 -2.334396 15.36062 -1.952376 13.77584 -1.952376 15.36062 -2.334396 15.36062 -1.952376 15.36062 -2.334396 16.84992 -2.334396 16.84992 -1.952376 15.36062 -1.952376 16.84992 -2.334396 16.84992 -1.952376 16.84992 -2.334396 18.33923 -2.334396 18.33923 -1.952376 16.84992 -1.952376 18.33923 -2.334396 18.33923 -1.952376 18.33923 -2.334396 19.82853 -2.334396 19.82853 -1.952376 18.33923 -1.952376 19.82853 -2.334396 19.82853 -1.952376 19.82853 -2.334396 20.71626 -2.334396 20.71626 -1.952376 19.82853 -1.952376 20.71626 -2.334396 20.71626 -1.952376 20.71626 -2.334396 21.60399 -2.716415 9.451272 -2.334396 9.451272 -2.716415 10.88819 -2.716415 10.88819 -2.334396 9.451272 -2.334396 10.88819 -2.716415 10.88819 -2.334396 10.88819 -2.716415 12.33201 -2.716415 12.33201 -2.334396 10.88819 -2.334396 12.33201 -2.716415 12.33201 -2.334396 12.33201 -2.716415 13.77584 -2.716415 13.77584 -2.334396 12.33201 -2.334396 13.77584 -2.716415 13.77584 -2.334396 13.77584 -2.716415 15.36062 -2.716415 15.36062 -2.334396 13.77584 -2.334396 15.36062 -2.716415 15.36062 -2.334396 15.36062 -2.716415 16.84992 -2.716415 16.84992 -2.334396 15.36062 -2.334396 16.84992 -2.716415 16.84992 -2.334396 16.84992 -2.716415 18.33923 -2.716415 18.33923 -2.334396 16.84992 -2.334396 18.33923 -2.716415 18.33923 -2.334396 18.33923 -2.716415 19.82853 -2.716415 19.82853 -2.334396 18.33923 -2.334396 19.82853 -2.716415 19.82853 -2.334396 19.82853 -2.716415 20.71626 -2.716415 20.71626 -2.334396 19.82853 -2.334396 20.71626 -2.716415 20.71626 -2.334396 20.71626 -2.716415 21.60399 -2.716415 21.60399 -2.334396 20.71626 -2.334396 21.60399 -2.716415 21.60399 -2.334396 21.60399 -2.716415 22.49172 -3.098435 12.33201 -3.098435 10.88819 -2.716415 10.88819 -2.716415 10.88819 -3.098435 10.88819 -2.716415 9.451272 -3.098435 12.33201 -2.716415 10.88819 -2.716415 12.33201 -3.098435 13.77584 -3.098435 12.33201 -2.716415 12.33201 -3.098435 13.77584 -2.716415 12.33201 -2.716415 13.77584 -3.098435 15.36062 -3.098435 13.77584 -2.716415 13.77584 -3.098435 15.36062 -2.716415 13.77584 -2.716415 15.36062 -3.098435 16.84992 -3.098435 15.36062 -2.716415 15.36062 -3.098435 16.84992 -2.716415 15.36062 -2.716415 16.84992 -3.098435 18.33923 -3.098435 16.84992 -2.716415 16.84992 -3.098435 18.33923 -2.716415 16.84992 -2.716415 18.33923 -3.098435 19.82853 -3.098435 18.33923 -2.716415 18.33923 -3.098435 19.82853 -2.716415 18.33923 -2.716415 19.82853 -3.098435 20.71626 -3.098435 19.82853 -2.716415 19.82853 -3.098435 20.71626 -2.716415 19.82853 -2.716415 20.71626 -0.880324 19.82853 -0.880324 20.71626 -1.110335 20.71626 -1.110335 20.71626 -0.880324 20.71626 -1.110335 21.60399 -1.110335 20.71626 -1.110335 21.60399 -1.340345 21.60399 -1.340345 21.60399 -1.110335 21.60399 -1.340345 22.49172 -1.340345 21.60399 -1.340345 22.49172 -1.570356 22.49172 -1.570356 22.49172 -1.340345 22.49172 -1.570356 23.37945 -1.570356 22.49172 -1.570356 23.37945 -1.952376 23.37945 -1.952376 23.37945 -1.570356 23.37945 -1.952376 24.1025 -1.952376 23.37945 -1.952376 24.1025 -2.334396 24.1025 -2.334396 24.1025 -1.952376 24.1025 -2.334396 24.82555 -2.334396 24.1025 -2.334396 24.82555 -2.716415 24.82555 -2.716415 24.82555 -2.334396 24.82555 -2.716415 25.5486 -2.716415 24.82555 -2.716415 25.5486 -3.098435 25.5486 -3.098435 25.5486 -2.716415 25.5486 -3.098435 26.27165 -3.098435 21.60399 -3.098435 20.71626 -2.716415 20.71626 -3.098435 21.60399 -2.716415 20.71626 -2.716415 21.60399 -0.880324 20.71626 -0.880324 21.60399 -1.110335 21.60399 -1.110335 21.60399 -0.880324 21.60399 -1.110335 22.49172 -1.110335 21.60399 -1.110335 22.49172 -1.340345 22.49172 -1.340345 22.49172 -1.110335 22.49172 -1.340345 23.37945 -1.340345 22.49172 -1.340345 23.37945 -1.570356 23.37945 -1.570356 23.37945 -1.340345 23.37945 -1.570356 24.1025 -1.570356 23.37945 -1.570356 24.1025 -1.952376 24.1025 -1.952376 24.1025 -1.570356 24.1025 -1.952376 24.82555 -1.952376 24.1025 -1.952376 24.82555 -2.334396 24.82555 -2.334396 24.82555 -1.952376 24.82555 -2.334396 25.5486 -2.334396 24.82555 -2.334396 25.5486 -2.716415 25.5486 -2.716415 25.5486 -2.334396 25.5486 -2.716415 26.27165 -2.716415 25.5486 -2.716415 26.27165 -3.098435 26.27165 -3.098435 26.27165 -2.716415 26.27165 -3.098435 27.16409 -3.098435 22.49172 -3.098435 21.60399 -2.716415 21.60399 -3.098435 22.49172 -2.716415 21.60399 -2.716415 22.49172 -3.098435 23.37945 -3.098435 22.49172 -2.716415 22.49172 -0.880324 25.5486 -0.880324 26.27165 -1.110335 26.27165 -1.110335 26.27165 -0.880324 26.27165 -1.110335 27.16409 -1.110335 26.27165 -1.110335 27.16409 -1.340345 27.16409 -1.340345 27.16409 -1.110335 27.16409 -1.340345 28.05654 -1.340345 27.16409 -1.340345 28.05654 -1.570356 28.05654 -1.570356 28.05654 -1.340345 28.05654 -1.570356 28.94898 -1.570356 28.05654 -1.570356 28.94898 -1.952376 28.94898 -0.880324 26.27165 -0.880324 27.16409 -1.110335 27.16409 -1.110335 27.16409 -0.880324 27.16409 -1.110335 28.05654 -1.110335 27.16409 -1.110335 28.05654 -1.340345 28.05654 -1.340345 28.05654 -1.110335 28.05654 -1.340345 28.94898 -1.340345 28.05654 -1.340345 28.94898 -1.570356 28.94898 -0.694352 0 -1.388703 0 -0.694352 -0.544512 -0.694352 -0.544512 -1.388703 0 -1.388703 -0.574762 -0.694352 -0.544512 -1.388703 -0.574762 -0.694352 -1.089023 -0.694352 -1.089023 -1.388703 -0.574762 -1.388703 -1.149525 -0.694352 -1.089023 -1.388703 -1.149525 -0.694352 -1.633535 -0.694352 -1.633535 -1.388703 -1.149525 -1.388703 -1.724287 -0.694352 -1.633535 -1.388703 -1.724287 -0.694352 -2.178047 -0.694352 -2.178047 -1.388703 -1.724287 -1.388703 -2.299049 -0.694352 -2.178047 -1.388703 -2.299049 -0.694352 -2.722559 -0.694352 -2.722559 -1.388703 -2.299049 -1.388703 -2.873812 -0.694352 -2.722559 -1.388703 -2.873812 -0.694352 -3.26707 -0.694352 -3.26707 -1.388703 -2.873812 -1.388703 -3.448574 -0.694352 -3.26707 -1.388703 -3.448574 -0.694352 -3.811582 -0.694352 -3.811582 -1.388703 -3.448574 -1.388703 -4.023337 -0.694352 -3.811582 -1.388703 -4.023337 -0.694352 -4.356094 -0.694352 -4.356094 -1.388703 -4.023337 -1.388703 -4.598099 -0.694352 -4.356094 -1.388703 -4.598099 -0.694352 -4.900605 -0.694352 -4.900605 -1.388703 -4.598099 -1.388703 -5.172861 -0.694352 -4.900605 -1.388703 -5.172861 -0.694352 -5.445117 -0.694352 -5.445117 -1.388703 -5.172861 -1.388703 -5.747624 -0.694352 -5.445117 -1.388703 -5.747624 -0.694352 -5.989629 -0.694352 -5.989629 -1.388703 -5.747624 -1.388703 -6.322386 -0.694352 -5.989629 -1.388703 -6.322386 -0.694352 -6.534141 -0.694352 -6.534141 -1.388703 -6.322386 -1.388703 -6.897148 -0.694352 -6.534141 -1.388703 -6.897148 -0.694352 -7.078652 -0.694352 -7.078652 -1.388703 -6.897148 -1.388703 -7.471911 -0.694352 -7.078652 -1.388703 -7.471911 -0.694352 -7.623164 -0.694352 -7.623164 -1.388703 -7.471911 -1.388703 -8.046673 -0.694352 -7.623164 -1.388703 -8.046673 -0.694352 -8.167676 -0.694352 -8.167676 -1.388703 -8.046673 -1.388703 -8.621436 -0.694352 -8.167676 -1.388703 -8.621436 -0.694352 -8.712187 -0.694352 -8.712187 -1.388703 -8.621436 -1.388703 -9.196199 -0.694352 -8.712187 -1.388703 -9.196199 -0.694352 -9.256699 -0.694352 -9.256699 -1.388703 -9.196199 -1.388703 -9.77096 -0.694352 -9.256699 -1.388703 -9.77096 -0.694352 -9.801212 -0.694352 -9.801212 -1.388703 -9.77096 -1.388703 -10.34572 -0.694352 -9.801212 -1.388703 -10.34572 -0.694352 -10.34572 -0.694352 -10.34572 0 -10.34572 -0.694352 -9.801212 -0.694352 -9.801212 0 -10.34572 0 -9.801212 -0.694352 -9.801212 0 -9.801212 -0.694352 -9.256699 -0.694352 -9.256699 0 -9.801212 0 -9.256699 -0.694352 -9.256699 0 -9.256699 -0.694352 -8.712187 -0.694352 -8.712187 0 -9.256699 0 -8.712187 -0.694352 -8.712187 0 -8.712187 -0.694352 -8.167676 -0.694352 -8.167676 0 -8.712187 0 -8.167676 -0.694352 -8.167676 0 -8.167676 -0.694352 -7.623164 -0.694352 -7.623164 0 -8.167676 0 -7.623164 -0.694352 -7.623164 0 -7.623164 -0.694352 -7.078652 -0.694352 -7.078652 0 -7.623164 0 -7.078652 -0.694352 -7.078652 0 -7.078652 -0.694352 -6.534141 -0.694352 -6.534141 0 -7.078652 0 -6.534141 -0.694352 -6.534141 0 -6.534141 -0.694352 -5.989629 -0.694352 -5.989629 0 -6.534141 0 -5.989629 -0.694352 -5.989629 0 -5.989629 -0.694352 -5.445117 -0.694352 -5.445117 0 -5.989629 0 -5.445117 -0.694352 -5.445117 0 -5.445117 -0.694352 -4.900605 -0.694352 -4.900605 0 -5.445117 0 -4.900605 -0.694352 -4.900605 0 -4.900605 -0.694352 -4.356094 -0.694352 -4.356094 0 -4.900605 0 -4.356094 -0.694352 -4.356094 0 -4.356094 -0.694352 -3.811582 -0.694352 -3.811582 0 -4.356094 0 -3.811582 -0.694352 -3.811582 0 -3.811582 -0.694352 -3.26707 -0.694352 -3.26707 0 -3.811582 0 -3.26707 -0.694352 -3.26707 0 -3.26707 -0.694352 -2.722559 -0.694352 -2.722559 0 -3.26707 0 -2.722559 -0.694352 -2.722559 0 -2.722559 -0.694352 -2.178047 -0.694352 -2.178047 0 -2.722559 0 -2.178047 -0.694352 -2.178047 0 -2.178047 -0.694352 -1.633535 -0.694352 -1.633535 0 -2.178047 0 -1.633535 -0.694352 -1.633535 0 -1.633535 -0.694352 -1.089023 -0.694352 -1.089023 0 -1.633535 0 -1.089023 -0.694352 -1.089023 0 -1.089023 -0.694352 -0.544512 -0.694352 -0.544512 0 -1.089023 0 -0.544512 -0.694352 -0.544512 0 -0.544512 -0.694352 0 -0.694352 0 0 -0.544512 0 0 0 0 0 -0.544512 0.694352 -0.544512 0 0 0.694352 -0.544512 0.694352 0 0.694352 0 0.694352 -0.544512 1.388703 0 1.388703 0 0.694352 -0.544512 1.388703 -0.574762 1.388703 -0.574762 0.694352 -0.544512 0.694352 -1.089023 1.388703 -0.574762 0.694352 -1.089023 1.388703 -1.149525 1.388703 -1.149525 0.694352 -1.089023 0.694352 -1.633535 1.388703 -1.149525 0.694352 -1.633535 1.388703 -1.724287 1.388703 -1.724287 0.694352 -1.633535 0.694352 -2.178047 1.388703 -1.724287 0.694352 -2.178047 1.388703 -2.299049 1.388703 -2.299049 0.694352 -2.178047 0.694352 -2.722559 1.388703 -2.299049 0.694352 -2.722559 1.388703 -2.873812 1.388703 -2.873812 0.694352 -2.722559 0.694352 -3.26707 1.388703 -2.873812 0.694352 -3.26707 1.388703 -3.448574 1.388703 -3.448574 0.694352 -3.26707 0.694352 -3.811582 1.388703 -3.448574 0.694352 -3.811582 1.388703 -4.023337 1.388703 -4.023337 0.694352 -3.811582 0.694352 -4.356094 1.388703 -4.023337 0.694352 -4.356094 1.388703 -4.598099 1.388703 -4.598099 0.694352 -4.356094 0.694352 -4.900605 1.388703 -4.598099 0.694352 -4.900605 1.388703 -5.172861 1.388703 -5.172861 0.694352 -4.900605 0.694352 -5.445117 1.388703 -5.172861 0.694352 -5.445117 1.388703 -5.747624 1.388703 -5.747624 0.694352 -5.445117 0.694352 -5.989629 1.388703 -5.747624 0.694352 -5.989629 1.388703 -6.322386 1.388703 -6.322386 0.694352 -5.989629 0.694352 -6.534141 1.388703 -6.322386 0.694352 -6.534141 1.388703 -6.897148 1.388703 -6.897148 0.694352 -6.534141 0.694352 -7.078652 1.388703 -6.897148 0.694352 -7.078652 1.388703 -7.471911 1.388703 -7.471911 0.694352 -7.078652 0.694352 -7.623164 1.388703 -7.471911 0.694352 -7.623164 1.388703 -8.046673 1.388703 -8.046673 0.694352 -7.623164 0.694352 -8.167676 1.388703 -8.046673 0.694352 -8.167676 1.388703 -8.621436 1.388703 -8.621436 0.694352 -8.167676 0.694352 -8.712187 1.388703 -8.621436 0.694352 -8.712187 1.388703 -9.196199 1.388703 -9.196199 0.694352 -8.712187 0.694352 -9.256699 1.388703 -9.196199 0.694352 -9.256699 1.388703 -9.77096 1.388703 -9.77096 0.694352 -9.256699 0.694352 -9.801212 1.388703 -9.77096 0.694352 -9.801212 1.388703 -10.34572 1.388703 -10.34572 0.694352 -9.801212 0.694352 -10.34572 0.694352 -10.34572 0.694352 -9.801212 0 -9.801212 0.694352 -10.34572 0 -9.801212 0 -10.34572 0.694352 -1.089023 0.694352 -0.544512 0 -0.544512 0.694352 -1.089023 0 -0.544512 0 -1.089023 0.694352 -1.633535 0.694352 -1.089023 0 -1.089023 0.694352 -1.633535 0 -1.089023 0 -1.633535 0.694352 -2.178047 0.694352 -1.633535 0 -1.633535 0.694352 -2.178047 0 -1.633535 0 -2.178047 0.694352 -2.722559 0.694352 -2.178047 0 -2.178047 0.694352 -2.722559 0 -2.178047 0 -2.722559 0.694352 -3.26707 0.694352 -2.722559 0 -2.722559 0.694352 -3.26707 0 -2.722559 0 -3.26707 0.694352 -3.811582 0.694352 -3.26707 0 -3.26707 0.694352 -3.811582 0 -3.26707 0 -3.811582 0.694352 -4.356094 0.694352 -3.811582 0 -3.811582 0.694352 -4.356094 0 -3.811582 0 -4.356094 0.694352 -4.900605 0.694352 -4.356094 0 -4.356094 0.694352 -4.900605 0 -4.356094 0 -4.900605 0.694352 -5.445117 0.694352 -4.900605 0 -4.900605 0.694352 -5.445117 0 -4.900605 0 -5.445117 0.694352 -5.989629 0.694352 -5.445117 0 -5.445117 0.694352 -5.989629 0 -5.445117 0 -5.989629 0.694352 -6.534141 0.694352 -5.989629 0 -5.989629 0.694352 -6.534141 0 -5.989629 0 -6.534141 0.694352 -7.078652 0.694352 -6.534141 0 -6.534141 0.694352 -7.078652 0 -6.534141 0 -7.078652 0.694352 -7.623164 0.694352 -7.078652 0 -7.078652 0.694352 -7.623164 0 -7.078652 0 -7.623164 0.694352 -8.167676 0.694352 -7.623164 0 -7.623164 0.694352 -8.167676 0 -7.623164 0 -8.167676 0.694352 -8.712187 0.694352 -8.167676 0 -8.167676 0.694352 -8.712187 0 -8.167676 0 -8.712187 0.694352 -9.256699 0.694352 -8.712187 0 -8.712187 0.694352 -9.256699 0 -8.712187 0 -9.256699 0.694352 -9.801212 0.694352 -9.256699 0 -9.256699 0.694352 -9.801212 0 -9.256699 0 -9.801212 0.672257 28.48275 0.880324 28.94898 0.672464 29.84142 0.672464 29.84142 0.880324 28.94898 1.110335 28.94898 0.672464 29.84142 1.110335 28.94898 1.383136 29.84142 1.383136 29.84142 1.110335 28.94898 1.340345 28.94898 1.383136 29.84142 1.340345 28.94898 1.570356 28.94898 1.570356 28.94898 1.340345 28.94898 1.570356 28.05654 1.570356 28.94898 1.570356 28.05654 1.952376 28.05654 1.952376 28.05654 1.570356 28.05654 1.952376 27.16409 1.952376 28.05654 1.952376 27.16409 2.334396 27.16409 2.334396 27.16409 1.952376 27.16409 2.334396 26.27165 2.334396 27.16409 2.334396 26.27165 2.716415 26.27165 2.716415 26.27165 2.334396 26.27165 2.716415 25.5486 2.716415 26.27165 2.716415 25.5486 3.098435 25.5486 3.098435 25.5486 2.716415 25.5486 3.098435 24.82555 3.098435 25.5486 3.098435 24.82555 3.515095 25.80792 3.515095 25.80792 3.098435 24.82555 3.5159 24.43249 3.5159 24.43249 3.098435 24.82555 3.098435 24.1025 3.5159 24.43249 3.098435 24.1025 3.517307 23.37945 3.517307 23.37945 3.098435 24.1025 3.098435 23.37945 3.517307 23.37945 3.098435 23.37945 3.518725 22.62991 3.518725 22.62991 3.098435 23.37945 3.098435 22.49172 3.518725 22.62991 3.098435 22.49172 3.520352 21.92943 3.520352 21.92943 3.098435 22.49172 3.098435 21.60399 3.520352 21.92943 3.098435 21.60399 3.522209 21.229 3.522209 21.229 3.098435 21.60399 3.098435 20.71626 3.522209 21.229 3.098435 20.71626 3.52423 20.5287 3.52423 20.5287 3.098435 20.71626 3.098435 19.82853 3.52423 20.5287 3.098435 19.82853 3.526337 19.82853 3.526337 19.82853 3.098435 19.82853 3.529063 18.91139 3.529063 18.91139 3.098435 19.82853 3.098435 18.33923 3.529063 18.91139 3.098435 18.33923 3.531484 18.02388 3.531484 18.02388 3.098435 18.33923 3.098435 16.84992 3.531484 18.02388 3.098435 16.84992 3.53352 17.13616 3.53352 17.13616 3.098435 16.84992 3.535076 16.24833 3.535076 16.24833 3.098435 16.84992 3.098435 15.36062 3.535076 16.24833 3.098435 15.36062 3.536664 14.67721 3.536664 14.67721 3.098435 15.36062 3.098435 13.77584 3.536664 14.67721 3.098435 13.77584 3.537302 12.95459 3.537302 12.95459 3.098435 13.77584 3.098435 12.33201 3.537302 12.95459 3.098435 12.33201 3.536046 10.90109 3.536046 10.90109 3.098435 12.33201 3.098435 10.88819 3.536046 10.90109 3.098435 10.88819 3.098435 9.451272 3.098435 9.451272 3.098435 10.88819 2.716415 10.88819 3.098435 9.451272 2.716415 10.88819 2.716415 9.451272 2.716415 9.451272 2.716415 10.88819 2.334396 10.88819 2.716415 9.451272 2.334396 10.88819 2.334396 9.451272 2.334396 9.451272 2.334396 10.88819 1.952376 10.88819 2.334396 9.451272 1.952376 10.88819 1.952376 9.451272 1.952376 9.451272 1.952376 10.88819 1.570356 10.88819 1.952376 9.451272 1.570356 10.88819 1.570356 9.451272 1.570356 9.451272 1.570356 10.88819 1.340345 10.88819 1.570356 9.451272 1.340345 10.88819 1.340345 9.451272 1.340345 9.451272 1.340345 10.88819 1.110335 10.88819 1.340345 9.451272 1.110335 10.88819 1.110335 9.451272 1.110335 9.451272 1.110335 10.88819 0.880324 10.88819 1.110335 9.451272 0.880324 10.88819 0.880324 9.451272 0.880324 9.451272 0.880324 10.88819 0.65157 10.90109 0.880324 9.451272 0.65157 10.90109 0.655783 8.964935 0.880324 28.94898 0.672257 28.48275 0.880324 28.05654 0.880324 28.05654 0.672257 28.48275 0.672328 28.05654 0.880324 28.05654 0.672328 28.05654 0.880324 27.16409 0.880324 27.16409 0.672328 28.05654 0.672585 27.13717 0.880324 27.16409 0.672585 27.13717 0.880324 26.27165 0.880324 26.27165 0.672585 27.13717 0.672521 25.80792 0.880324 26.27165 0.672521 25.80792 0.880324 25.5486 0.880324 25.5486 0.672521 25.80792 0.880324 24.82555 0.880324 25.5486 0.880324 24.82555 1.110335 24.82555 1.110335 24.82555 0.880324 24.82555 1.110335 24.1025 1.110335 24.82555 1.110335 24.1025 1.340345 24.1025 1.340345 24.1025 1.110335 24.1025 1.340345 23.37945 1.340345 24.1025 1.340345 23.37945 1.570356 23.37945 1.570356 23.37945 1.340345 23.37945 1.570356 22.49172 1.570356 23.37945 1.570356 22.49172 1.952376 22.49172 1.952376 22.49172 1.570356 22.49172 1.952376 21.60399 1.952376 22.49172 1.952376 21.60399 2.334396 21.60399 2.334396 21.60399 1.952376 21.60399 2.334396 20.71626 2.334396 21.60399 2.334396 20.71626 2.716415 20.71626 2.716415 20.71626 2.334396 20.71626 2.716415 19.82853 2.716415 20.71626 2.716415 19.82853 3.098435 19.82853 3.098435 19.82853 2.716415 19.82853 3.098435 18.33923 0.672521 25.80792 0.671766 24.48666 0.880324 24.82555 0.880324 24.82555 0.671766 24.48666 0.880324 24.1025 0.880324 24.82555 0.880324 24.1025 1.110335 24.1025 1.110335 24.1025 0.880324 24.1025 1.110335 23.37945 1.110335 24.1025 1.110335 23.37945 1.340345 23.37945 1.340345 23.37945 1.110335 23.37945 1.340345 22.49172 1.340345 23.37945 1.340345 22.49172 1.570356 22.49172 1.570356 22.49172 1.340345 22.49172 1.570356 21.60399 1.570356 22.49172 1.570356 21.60399 1.952376 21.60399 1.952376 21.60399 1.570356 21.60399 1.952376 20.71626 1.952376 21.60399 1.952376 20.71626 2.334396 20.71626 2.334396 20.71626 1.952376 20.71626 2.334396 19.82853 2.334396 20.71626 2.334396 19.82853 2.716415 19.82853 2.716415 19.82853 2.334396 19.82853 2.716415 18.33923 2.716415 19.82853 2.716415 18.33923 3.098435 18.33923 3.098435 18.33923 2.716415 18.33923 3.098435 16.84992 0.671766 24.48666 0.670309 23.37945 0.880324 24.1025 0.880324 24.1025 0.670309 23.37945 0.880324 23.37945 0.880324 24.1025 0.880324 23.37945 1.110335 23.37945 1.110335 23.37945 0.880324 23.37945 1.110335 22.49172 1.110335 23.37945 1.110335 22.49172 1.340345 22.49172 1.340345 22.49172 1.110335 22.49172 1.340345 21.60399 1.340345 22.49172 1.340345 21.60399 1.570356 21.60399 1.570356 21.60399 1.340345 21.60399 1.570356 20.71626 1.570356 21.60399 1.570356 20.71626 1.952376 20.71626 1.952376 20.71626 1.570356 20.71626 1.952376 19.82853 1.952376 20.71626 1.952376 19.82853 2.334396 19.82853 2.334396 19.82853 1.952376 19.82853 2.334396 18.33923 2.334396 19.82853 2.334396 18.33923 2.716415 18.33923 2.716415 18.33923 2.334396 18.33923 2.716415 16.84992 2.716415 18.33923 2.716415 16.84992 3.098435 16.84992 3.098435 16.84992 2.716415 16.84992 3.098435 15.36062 0.880324 23.37945 0.670309 23.37945 0.880324 22.49172 0.880324 22.49172 0.670309 23.37945 0.667264 21.92943 0.880324 22.49172 0.667264 21.92943 0.880324 21.60399 0.880324 21.60399 0.667264 21.92943 0.665406 21.229 0.880324 21.60399 0.665406 21.229 0.880324 20.71626 0.880324 20.71626 0.665406 21.229 0.663386 20.5287 0.880324 20.71626 0.663386 20.5287 0.880324 19.82853 0.880324 19.82853 0.663386 20.5287 0.661279 19.82853 0.880324 19.82853 0.661279 19.82853 0.658553 18.91139 0.880324 19.82853 0.658553 18.91139 0.880324 18.33923 0.880324 18.33923 0.658553 18.91139 0.656132 18.02388 0.880324 18.33923 0.656132 18.02388 0.880324 16.84992 0.880324 16.84992 0.656132 18.02388 0.65254 16.24833 0.880324 16.84992 0.65254 16.24833 0.880324 15.36062 0.880324 15.36062 0.65254 16.24833 0.650952 14.67721 0.880324 15.36062 0.650952 14.67721 0.880324 13.77584 0.880324 13.77584 0.650952 14.67721 0.650314 12.95459 0.880324 13.77584 0.650314 12.95459 0.880324 12.33201 0.880324 12.33201 0.650314 12.95459 0.65157 10.90109 0.880324 12.33201 0.65157 10.90109 0.880324 10.88819 0.880324 9.451272 0.655783 8.964935 0.880324 8.553198 0.880324 8.553198 0.655783 8.964935 0.659604 7.655125 0.880324 8.553198 0.659604 7.655125 0.880324 7.655125 0.880324 7.655125 0.659604 7.655125 0.880324 6.993845 0.880324 7.655125 0.880324 6.993845 1.110335 6.993845 1.110335 6.993845 0.880324 6.993845 1.110335 6.332566 1.110335 6.993845 1.110335 6.332566 1.340345 6.332566 1.340345 6.332566 1.110335 6.332566 1.340345 5.671286 1.340345 6.332566 1.340345 5.671286 1.570356 5.671286 1.570356 5.671286 1.340345 5.671286 1.570356 5.010006 1.570356 5.671286 1.570356 5.010006 1.952376 5.010006 1.952376 5.010006 1.570356 5.010006 1.952376 4.140129 1.952376 5.010006 1.952376 4.140129 2.334396 4.140129 2.334396 4.140129 1.952376 4.140129 2.334396 3.270251 2.334396 4.140129 2.334396 3.270251 2.716415 3.270251 2.716415 3.270251 2.334396 3.270251 2.716415 2.400374 2.716415 3.270251 2.716415 2.400374 3.098435 2.400374 3.098435 2.400374 2.716415 2.400374 3.098435 1.530496 3.098435 2.400374 3.098435 1.530496 3.519512 2.347094 3.519512 2.347094 3.098435 1.530496 3.519977 1.187382 3.519977 1.187382 3.098435 1.530496 3.519824 0 3.519824 0 3.098435 1.530496 2.806816 0 2.806816 0 3.098435 1.530496 2.716415 1.530496 2.806816 0 2.716415 1.530496 2.334396 1.530496 2.334396 1.530496 2.716415 1.530496 2.334396 2.400374 2.334396 1.530496 2.334396 2.400374 1.952376 2.400374 1.952376 2.400374 2.334396 2.400374 1.952376 3.270251 1.952376 2.400374 1.952376 3.270251 1.570356 3.270251 1.570356 3.270251 1.952376 3.270251 1.570356 4.140129 1.570356 3.270251 1.570356 4.140129 1.340345 4.140129 1.340345 4.140129 1.570356 4.140129 1.340345 5.010006 1.340345 4.140129 1.340345 5.010006 1.110335 5.010006 1.110335 5.010006 1.340345 5.010006 1.110335 5.671286 1.110335 5.010006 1.110335 5.671286 0.880324 5.671286 0.880324 5.671286 1.110335 5.671286 0.880324 6.332566 0.880324 5.671286 0.880324 6.332566 0.664487 5.837586 0.664487 5.837586 0.880324 6.332566 0.662557 6.615618 0.662557 6.615618 0.880324 6.332566 0.880324 6.993845 0.662557 6.615618 0.880324 6.993845 0.659604 7.655125 0.664487 5.837586 0.666052 5.061331 0.880324 5.671286 0.880324 5.671286 0.666052 5.061331 0.880324 5.010006 0.880324 5.671286 0.880324 5.010006 1.110335 5.010006 1.110335 5.010006 0.880324 5.010006 1.110335 4.140129 1.110335 5.010006 1.110335 4.140129 1.340345 4.140129 1.340345 4.140129 1.110335 4.140129 1.340345 3.270251 1.340345 4.140129 1.340345 3.270251 1.570356 3.270251 1.570356 3.270251 1.340345 3.270251 1.570356 2.400374 1.570356 3.270251 1.570356 2.400374 1.952376 2.400374 1.952376 2.400374 1.570356 2.400374 1.952376 1.530496 1.952376 2.400374 1.952376 1.530496 2.334396 1.530496 2.334396 1.530496 1.952376 1.530496 2.093808 0 2.334396 1.530496 2.093808 0 2.806816 0 0.666052 5.061331 0.666784 4.591691 0.880324 5.010006 0.880324 5.010006 0.666784 4.591691 0.880324 4.140129 0.880324 5.010006 0.880324 4.140129 1.110335 4.140129 1.110335 4.140129 0.880324 4.140129 1.110335 3.270251 1.110335 4.140129 1.110335 3.270251 1.340345 3.270251 1.340345 3.270251 1.110335 3.270251 1.340345 2.400374 1.340345 3.270251 1.340345 2.400374 1.570356 2.400374 1.570356 2.400374 1.340345 2.400374 1.570356 1.530496 1.570356 2.400374 1.570356 1.530496 1.952376 1.530496 1.952376 1.530496 1.570356 1.530496 2.093808 0 0.666784 4.591691 0.667404 4.032409 0.880324 4.140129 0.880324 4.140129 0.667404 4.032409 0.667837 3.473535 0.880324 4.140129 0.667837 3.473535 0.880324 3.270251 0.880324 3.270251 0.667837 3.473535 0.668104 2.34708 0.880324 3.270251 0.668104 2.34708 0.880324 2.400374 0.880324 2.400374 0.668104 2.34708 0.880324 1.530496 0.880324 2.400374 0.880324 1.530496 1.110335 1.530496 1.110335 1.530496 0.880324 1.530496 0.667792 0 1.110335 1.530496 0.667792 0 1.3808 0 0.668104 2.34708 0.667639 1.187369 0.880324 1.530496 0.880324 1.530496 0.667639 1.187369 0.667792 0 2.093808 0 1.570356 1.530496 1.3808 0 1.3808 0 1.570356 1.530496 1.340345 1.530496 1.3808 0 1.340345 1.530496 1.110335 1.530496 1.110335 1.530496 1.340345 1.530496 1.110335 2.400374 1.110335 1.530496 1.110335 2.400374 0.880324 2.400374 0.880324 2.400374 1.110335 2.400374 0.880324 3.270251 3.098435 2.400374 3.519512 2.347094 3.098435 3.270251 3.098435 3.270251 3.519512 2.347094 3.51978 3.473543 3.098435 3.270251 3.51978 3.473543 3.098435 4.140129 3.098435 4.140129 3.51978 3.473543 3.520213 4.032412 3.098435 4.140129 3.520213 4.032412 3.520832 4.591692 3.098435 4.140129 3.520832 4.591692 3.098435 5.010006 3.098435 5.010006 3.520832 4.591692 3.521564 5.061331 3.098435 5.010006 3.521564 5.061331 3.098435 5.671286 3.098435 5.671286 3.521564 5.061331 3.523129 5.837586 3.098435 5.671286 3.523129 5.837586 3.098435 6.332566 3.098435 6.332566 3.523129 5.837586 3.52506 6.615617 3.098435 6.332566 3.52506 6.615617 3.098435 6.993845 3.098435 6.993845 3.52506 6.615617 3.528012 7.655125 3.098435 6.993845 3.528012 7.655125 3.098435 7.655125 3.098435 7.655125 3.528012 7.655125 3.098435 8.553198 3.098435 7.655125 3.098435 8.553198 2.716415 8.553198 2.716415 8.553198 3.098435 8.553198 2.716415 9.451272 2.716415 8.553198 2.716415 9.451272 2.334396 9.451272 3.528012 7.655125 3.531835 8.965003 3.098435 8.553198 3.098435 8.553198 3.531835 8.965003 3.098435 9.451272 3.098435 8.553198 3.098435 9.451272 2.716415 9.451272 3.531835 8.965003 3.536046 10.90109 3.098435 9.451272 3.098435 25.5486 3.515095 25.80792 3.098435 26.27165 3.098435 26.27165 3.515095 25.80792 3.514996 26.27165 3.098435 26.27165 3.514996 26.27165 3.515031 27.13717 3.098435 26.27165 3.515031 27.13717 3.098435 27.16409 3.098435 27.16409 3.515031 27.13717 3.515288 28.05654 3.098435 27.16409 3.515288 28.05654 3.098435 28.05654 3.098435 28.05654 3.515288 28.05654 3.515359 28.48275 3.098435 28.05654 3.515359 28.48275 3.098435 28.94898 3.098435 28.94898 3.515359 28.48275 3.515152 29.84142 3.098435 28.94898 3.515152 29.84142 2.80448 29.84142 2.093808 29.84142 2.334396 28.94898 2.80448 29.84142 2.80448 29.84142 2.334396 28.94898 2.716415 28.94898 2.80448 29.84142 2.716415 28.94898 3.098435 28.94898 3.098435 28.94898 2.716415 28.94898 3.098435 28.05654 1.383136 29.84142 1.570356 28.94898 2.093808 29.84142 2.093808 29.84142 1.570356 28.94898 1.952376 28.94898 2.093808 29.84142 1.952376 28.94898 2.334396 28.94898 2.334396 28.94898 1.952376 28.94898 2.334396 28.05654 2.334396 28.94898 2.334396 28.05654 2.716415 28.05654 2.716415 28.05654 2.334396 28.05654 2.716415 27.16409 2.716415 28.05654 2.716415 27.16409 3.098435 27.16409 3.098435 27.16409 2.716415 27.16409 3.098435 26.27165 2.716415 28.05654 3.098435 27.16409 3.098435 28.05654 1.110335 28.94898 0.880324 28.94898 1.110335 28.05654 1.110335 28.05654 0.880324 28.94898 0.880324 28.05654 1.110335 28.05654 0.880324 28.05654 1.110335 27.16409 1.110335 27.16409 0.880324 28.05654 0.880324 27.16409 1.110335 27.16409 0.880324 27.16409 1.110335 26.27165 1.110335 26.27165 0.880324 27.16409 0.880324 26.27165 1.110335 26.27165 0.880324 26.27165 1.110335 25.5486 1.110335 25.5486 0.880324 26.27165 0.880324 25.5486 1.110335 25.5486 0.880324 25.5486 1.110335 24.82555 1.340345 28.94898 1.110335 28.94898 1.340345 28.05654 1.340345 28.05654 1.110335 28.94898 1.110335 28.05654 1.340345 28.05654 1.110335 28.05654 1.340345 27.16409 1.340345 27.16409 1.110335 28.05654 1.110335 27.16409 1.340345 27.16409 1.110335 27.16409 1.340345 26.27165 1.340345 26.27165 1.110335 27.16409 1.110335 26.27165 1.340345 26.27165 1.110335 26.27165 1.340345 25.5486 1.340345 25.5486 1.110335 26.27165 1.110335 25.5486 1.340345 25.5486 1.110335 25.5486 1.340345 24.82555 1.340345 24.82555 1.110335 25.5486 1.110335 24.82555 1.340345 24.82555 1.110335 24.82555 1.340345 24.1025 2.334396 28.05654 1.952376 28.94898 1.952376 28.05654 1.952376 28.05654 1.952376 28.94898 1.570356 28.94898 3.098435 28.05654 2.716415 28.94898 2.716415 28.05654 2.716415 28.05654 2.716415 28.94898 2.334396 28.94898 1.340345 28.94898 1.340345 28.05654 1.570356 28.05654 1.570356 28.05654 1.340345 28.05654 1.570356 27.16409 1.570356 28.05654 1.570356 27.16409 1.952376 27.16409 1.952376 27.16409 1.570356 27.16409 1.952376 26.27165 1.952376 27.16409 1.952376 26.27165 2.334396 26.27165 2.334396 26.27165 1.952376 26.27165 2.334396 25.5486 2.334396 26.27165 2.334396 25.5486 2.716415 25.5486 2.716415 25.5486 2.334396 25.5486 2.716415 24.82555 2.716415 25.5486 2.716415 24.82555 3.098435 24.82555 3.098435 24.82555 2.716415 24.82555 3.098435 24.1025 1.570356 27.16409 1.340345 28.05654 1.340345 27.16409 2.716415 27.16409 2.334396 28.05654 2.334396 27.16409 2.334396 27.16409 2.334396 28.05654 1.952376 28.05654 1.570356 27.16409 1.340345 27.16409 1.570356 26.27165 1.570356 26.27165 1.340345 27.16409 1.340345 26.27165 1.570356 26.27165 1.340345 26.27165 1.570356 25.5486 1.570356 25.5486 1.340345 26.27165 1.340345 25.5486 1.570356 25.5486 1.340345 25.5486 1.570356 24.82555 1.570356 24.82555 1.340345 25.5486 1.340345 24.82555 1.570356 24.82555 1.340345 24.82555 1.570356 24.1025 1.570356 24.1025 1.340345 24.82555 1.340345 24.1025 1.570356 24.1025 1.340345 24.1025 1.570356 23.37945 3.098435 26.27165 2.716415 27.16409 2.716415 26.27165 2.716415 26.27165 2.716415 27.16409 2.334396 27.16409 1.570356 27.16409 1.570356 26.27165 1.952376 26.27165 1.952376 26.27165 1.570356 26.27165 1.952376 25.5486 1.952376 26.27165 1.952376 25.5486 2.334396 25.5486 2.334396 25.5486 1.952376 25.5486 2.334396 24.82555 2.334396 25.5486 2.334396 24.82555 2.716415 24.82555 2.716415 24.82555 2.334396 24.82555 2.716415 24.1025 2.716415 24.82555 2.716415 24.1025 3.098435 24.1025 3.098435 24.1025 2.716415 24.1025 3.098435 23.37945 1.952376 25.5486 1.570356 26.27165 1.570356 25.5486 3.098435 25.5486 3.098435 26.27165 2.716415 26.27165 1.952376 25.5486 1.570356 25.5486 1.952376 24.82555 1.952376 24.82555 1.570356 25.5486 1.570356 24.82555 1.952376 24.82555 1.570356 24.82555 1.952376 24.1025 1.952376 24.1025 1.570356 24.82555 1.570356 24.1025 1.952376 24.1025 1.570356 24.1025 1.952376 23.37945 1.952376 23.37945 1.570356 24.1025 1.570356 23.37945 1.952376 23.37945 1.570356 23.37945 1.952376 22.49172 1.952376 24.1025 2.334396 24.1025 1.952376 24.82555 1.952376 24.82555 2.334396 24.1025 2.334396 24.82555 1.952376 24.82555 2.334396 24.82555 1.952376 25.5486 2.334396 24.82555 2.334396 24.1025 2.716415 24.1025 2.716415 24.1025 2.334396 24.1025 2.716415 23.37945 2.716415 24.1025 2.716415 23.37945 3.098435 23.37945 3.098435 23.37945 2.716415 23.37945 3.098435 22.49172 2.334396 24.1025 1.952376 24.1025 2.334396 23.37945 2.334396 23.37945 1.952376 24.1025 1.952376 23.37945 2.334396 23.37945 1.952376 23.37945 2.334396 22.49172 2.334396 22.49172 1.952376 23.37945 1.952376 22.49172 2.334396 22.49172 1.952376 22.49172 2.334396 21.60399 0.880324 23.37945 0.880324 22.49172 1.110335 22.49172 1.110335 22.49172 0.880324 22.49172 1.110335 21.60399 1.110335 22.49172 1.110335 21.60399 1.340345 21.60399 1.340345 21.60399 1.110335 21.60399 1.340345 20.71626 1.340345 21.60399 1.340345 20.71626 1.570356 20.71626 1.570356 20.71626 1.340345 20.71626 1.570356 19.82853 1.570356 20.71626 1.570356 19.82853 1.952376 19.82853 1.952376 19.82853 1.570356 19.82853 1.952376 18.33923 1.952376 19.82853 1.952376 18.33923 2.334396 18.33923 2.334396 18.33923 1.952376 18.33923 2.334396 16.84992 2.334396 18.33923 2.334396 16.84992 2.716415 16.84992 2.716415 16.84992 2.334396 16.84992 2.716415 15.36062 2.716415 16.84992 2.716415 15.36062 3.098435 15.36062 3.098435 15.36062 2.716415 15.36062 3.098435 13.77584 2.334396 22.49172 2.716415 22.49172 2.334396 23.37945 2.334396 23.37945 2.716415 22.49172 2.716415 23.37945 2.334396 23.37945 2.716415 23.37945 2.334396 24.1025 3.098435 21.60399 3.098435 22.49172 2.716415 22.49172 2.716415 22.49172 3.098435 22.49172 2.716415 23.37945 2.716415 22.49172 2.334396 22.49172 2.716415 21.60399 2.716415 21.60399 2.334396 22.49172 2.334396 21.60399 2.716415 21.60399 2.334396 21.60399 2.716415 20.71626 0.880324 22.49172 0.880324 21.60399 1.110335 21.60399 1.110335 21.60399 0.880324 21.60399 1.110335 20.71626 1.110335 21.60399 1.110335 20.71626 1.340345 20.71626 1.340345 20.71626 1.110335 20.71626 1.340345 19.82853 1.340345 20.71626 1.340345 19.82853 1.570356 19.82853 1.570356 19.82853 1.340345 19.82853 1.570356 18.33923 1.570356 19.82853 1.570356 18.33923 1.952376 18.33923 1.952376 18.33923 1.570356 18.33923 1.952376 16.84992 1.952376 18.33923 1.952376 16.84992 2.334396 16.84992 2.334396 16.84992 1.952376 16.84992 2.334396 15.36062 2.334396 16.84992 2.334396 15.36062 2.716415 15.36062 2.716415 15.36062 2.334396 15.36062 2.716415 13.77584 2.716415 15.36062 2.716415 13.77584 3.098435 13.77584 3.098435 13.77584 2.716415 13.77584 3.098435 12.33201 3.098435 20.71626 3.098435 21.60399 2.716415 21.60399 2.716415 21.60399 3.098435 21.60399 2.716415 22.49172 3.098435 20.71626 2.716415 21.60399 2.716415 20.71626 0.880324 21.60399 0.880324 20.71626 1.110335 20.71626 1.110335 20.71626 0.880324 20.71626 1.110335 19.82853 1.110335 20.71626 1.110335 19.82853 1.340345 19.82853 1.340345 19.82853 1.110335 19.82853 1.340345 18.33923 1.340345 19.82853 1.340345 18.33923 1.570356 18.33923 1.570356 18.33923 1.340345 18.33923 1.570356 16.84992 1.570356 18.33923 1.570356 16.84992 1.952376 16.84992 1.952376 16.84992 1.570356 16.84992 1.952376 15.36062 1.952376 16.84992 1.952376 15.36062 2.334396 15.36062 2.334396 15.36062 1.952376 15.36062 2.334396 13.77584 2.334396 15.36062 2.334396 13.77584 2.716415 13.77584 2.716415 13.77584 2.334396 13.77584 2.716415 12.33201 2.716415 13.77584 2.716415 12.33201 3.098435 12.33201 3.098435 12.33201 2.716415 12.33201 3.098435 10.88819 3.098435 19.82853 3.098435 20.71626 2.716415 20.71626 0.880324 20.71626 0.880324 19.82853 1.110335 19.82853 1.110335 19.82853 0.880324 19.82853 1.110335 18.33923 1.110335 19.82853 1.110335 18.33923 1.340345 18.33923 1.340345 18.33923 1.110335 18.33923 1.340345 16.84992 1.340345 18.33923 1.340345 16.84992 1.570356 16.84992 1.570356 16.84992 1.340345 16.84992 1.570356 15.36062 1.570356 16.84992 1.570356 15.36062 1.952376 15.36062 1.952376 15.36062 1.570356 15.36062 1.952376 13.77584 1.952376 15.36062 1.952376 13.77584 2.334396 13.77584 2.334396 13.77584 1.952376 13.77584 2.334396 12.33201 2.334396 13.77584 2.334396 12.33201 2.716415 12.33201 2.716415 12.33201 2.334396 12.33201 2.716415 10.88819 2.716415 12.33201 2.716415 10.88819 3.098435 10.88819 0.880324 19.82853 0.880324 18.33923 1.110335 18.33923 1.110335 18.33923 0.880324 18.33923 1.110335 16.84992 1.110335 18.33923 1.110335 16.84992 1.340345 16.84992 1.340345 16.84992 1.110335 16.84992 1.340345 15.36062 1.340345 16.84992 1.340345 15.36062 1.570356 15.36062 1.570356 15.36062 1.340345 15.36062 1.570356 13.77584 1.570356 15.36062 1.570356 13.77584 1.952376 13.77584 1.952376 13.77584 1.570356 13.77584 1.952376 12.33201 1.952376 13.77584 1.952376 12.33201 2.334396 12.33201 2.334396 12.33201 1.952376 12.33201 2.334396 10.88819 2.334396 12.33201 2.334396 10.88819 2.716415 10.88819 0.880324 18.33923 0.880324 16.84992 1.110335 16.84992 1.110335 16.84992 0.880324 16.84992 1.110335 15.36062 1.110335 16.84992 1.110335 15.36062 1.340345 15.36062 1.340345 15.36062 1.110335 15.36062 1.340345 13.77584 1.340345 15.36062 1.340345 13.77584 1.570356 13.77584 1.570356 13.77584 1.340345 13.77584 1.570356 12.33201 1.570356 13.77584 1.570356 12.33201 1.952376 12.33201 1.952376 12.33201 1.570356 12.33201 1.952376 10.88819 1.952376 12.33201 1.952376 10.88819 2.334396 10.88819 0.880324 16.84992 0.880324 15.36062 1.110335 15.36062 1.110335 15.36062 0.880324 15.36062 1.110335 13.77584 1.110335 15.36062 1.110335 13.77584 1.340345 13.77584 1.340345 13.77584 1.110335 13.77584 1.340345 12.33201 1.340345 13.77584 1.340345 12.33201 1.570356 12.33201 1.570356 12.33201 1.340345 12.33201 1.570356 10.88819 1.570356 12.33201 1.570356 10.88819 1.952376 10.88819 0.880324 15.36062 0.880324 13.77584 1.110335 13.77584 1.110335 13.77584 0.880324 13.77584 1.110335 12.33201 1.110335 13.77584 1.110335 12.33201 1.340345 12.33201 1.340345 12.33201 1.110335 12.33201 1.340345 10.88819 1.340345 12.33201 1.340345 10.88819 1.570356 10.88819 0.880324 13.77584 0.880324 12.33201 1.110335 12.33201 1.110335 12.33201 0.880324 12.33201 1.110335 10.88819 1.110335 12.33201 1.110335 10.88819 1.340345 10.88819 0.880324 10.88819 1.110335 10.88819 0.880324 12.33201 2.334396 9.451272 1.952376 9.451272 2.334396 8.553198 2.334396 8.553198 1.952376 9.451272 1.952376 8.553198 2.334396 8.553198 1.952376 8.553198 2.334396 7.655125 2.334396 7.655125 1.952376 8.553198 1.952376 7.655125 2.334396 7.655125 1.952376 7.655125 2.334396 6.993845 2.334396 6.993845 1.952376 7.655125 1.952376 6.993845 2.334396 6.993845 1.952376 6.993845 2.334396 6.332566 2.334396 6.332566 1.952376 6.993845 1.952376 6.332566 2.334396 6.332566 1.952376 6.332566 2.334396 5.671286 2.334396 5.671286 1.952376 6.332566 1.952376 5.671286 2.334396 5.671286 1.952376 5.671286 2.334396 5.010006 2.334396 5.010006 1.952376 5.671286 1.952376 5.010006 2.334396 5.010006 1.952376 5.010006 2.334396 4.140129 1.952376 9.451272 1.570356 9.451272 1.952376 8.553198 1.952376 8.553198 1.570356 9.451272 1.570356 8.553198 1.952376 8.553198 1.570356 8.553198 1.952376 7.655125 1.952376 7.655125 1.570356 8.553198 1.570356 7.655125 1.952376 7.655125 1.570356 7.655125 1.952376 6.993845 1.952376 6.993845 1.570356 7.655125 1.570356 6.993845 1.952376 6.993845 1.570356 6.993845 1.952376 6.332566 1.952376 6.332566 1.570356 6.993845 1.570356 6.332566 1.952376 6.332566 1.570356 6.332566 1.952376 5.671286 1.952376 5.671286 1.570356 6.332566 1.570356 5.671286 1.952376 5.671286 1.570356 5.671286 1.952376 5.010006 1.570356 9.451272 1.340345 9.451272 1.570356 8.553198 1.570356 8.553198 1.340345 9.451272 1.340345 8.553198 1.570356 8.553198 1.340345 8.553198 1.570356 7.655125 1.570356 7.655125 1.340345 8.553198 1.340345 7.655125 1.570356 7.655125 1.340345 7.655125 1.570356 6.993845 1.570356 6.993845 1.340345 7.655125 1.340345 6.993845 1.570356 6.993845 1.340345 6.993845 1.570356 6.332566 1.570356 6.332566 1.340345 6.993845 1.340345 6.332566 1.570356 6.332566 1.340345 6.332566 1.570356 5.671286 1.340345 9.451272 1.110335 9.451272 1.340345 8.553198 1.340345 8.553198 1.110335 9.451272 1.110335 8.553198 1.340345 8.553198 1.110335 8.553198 1.340345 7.655125 1.340345 7.655125 1.110335 8.553198 1.110335 7.655125 1.340345 7.655125 1.110335 7.655125 1.340345 6.993845 1.340345 6.993845 1.110335 7.655125 1.110335 6.993845 1.340345 6.993845 1.110335 6.993845 1.340345 6.332566 1.110335 9.451272 0.880324 9.451272 1.110335 8.553198 1.110335 8.553198 0.880324 9.451272 0.880324 8.553198 1.110335 8.553198 0.880324 8.553198 1.110335 7.655125 1.110335 7.655125 0.880324 8.553198 0.880324 7.655125 1.110335 7.655125 0.880324 7.655125 1.110335 6.993845 2.334396 9.451272 2.334396 8.553198 2.716415 8.553198 2.716415 8.553198 2.334396 8.553198 2.716415 7.655125 2.716415 8.553198 2.716415 7.655125 3.098435 7.655125 3.098435 7.655125 2.716415 7.655125 3.098435 6.993845 2.716415 7.655125 2.334396 8.553198 2.334396 7.655125 2.716415 7.655125 2.334396 7.655125 2.716415 6.993845 2.716415 6.993845 2.334396 7.655125 2.334396 6.993845 2.716415 6.993845 2.334396 6.993845 2.716415 6.332566 2.716415 6.332566 2.334396 6.993845 2.334396 6.332566 2.716415 6.332566 2.334396 6.332566 2.716415 5.671286 2.716415 5.671286 2.334396 6.332566 2.334396 5.671286 2.716415 5.671286 2.334396 5.671286 2.716415 5.010006 2.716415 5.010006 2.334396 5.671286 2.334396 5.010006 2.716415 5.010006 2.334396 5.010006 2.716415 4.140129 2.716415 4.140129 2.334396 5.010006 2.334396 4.140129 2.716415 4.140129 2.334396 4.140129 2.716415 3.270251 3.098435 6.332566 3.098435 6.993845 2.716415 6.993845 2.716415 6.993845 3.098435 6.993845 2.716415 7.655125 3.098435 6.332566 2.716415 6.993845 2.716415 6.332566 0.880324 6.993845 0.880324 6.332566 1.110335 6.332566 1.110335 6.332566 0.880324 6.332566 1.110335 5.671286 1.110335 6.332566 1.110335 5.671286 1.340345 5.671286 1.340345 5.671286 1.110335 5.671286 1.340345 5.010006 1.340345 5.671286 1.340345 5.010006 1.570356 5.010006 1.570356 5.010006 1.340345 5.010006 1.570356 4.140129 1.570356 5.010006 1.570356 4.140129 1.952376 4.140129 1.952376 4.140129 1.570356 4.140129 1.952376 3.270251 1.952376 4.140129 1.952376 3.270251 2.334396 3.270251 2.334396 3.270251 1.952376 3.270251 2.334396 2.400374 2.334396 3.270251 2.334396 2.400374 2.716415 2.400374 2.716415 2.400374 2.334396 2.400374 2.716415 1.530496 2.716415 2.400374 2.716415 1.530496 3.098435 1.530496 3.098435 5.671286 3.098435 6.332566 2.716415 6.332566 3.098435 5.671286 2.716415 6.332566 2.716415 5.671286 3.098435 5.010006 3.098435 5.671286 2.716415 5.671286 3.098435 5.010006 2.716415 5.671286 2.716415 5.010006 3.098435 4.140129 3.098435 5.010006 2.716415 5.010006 3.098435 4.140129 2.716415 5.010006 2.716415 4.140129 3.098435 3.270251 3.098435 4.140129 2.716415 4.140129 3.098435 3.270251 2.716415 4.140129 2.716415 3.270251 0.880324 4.140129 0.880324 3.270251 1.110335 3.270251 1.110335 3.270251 0.880324 3.270251 1.110335 2.400374 1.110335 3.270251 1.110335 2.400374 1.340345 2.400374 1.340345 2.400374 1.110335 2.400374 1.340345 1.530496 1.340345 2.400374 1.340345 1.530496 1.570356 1.530496 3.098435 2.400374 3.098435 3.270251 2.716415 3.270251 1.374292 0 1.374292 0.645681 0.687146 0 0.687146 0 1.374292 0.645681 0.687146 0.645681 0.687146 0 0.687146 0.645681 0 0.645681 0 0.645681 0.687146 0.645681 0 1.291361 0 0.645681 0 1.291361 -0.687146 1.291361 -0.687146 1.291361 0 1.291361 -0.687146 1.937042 -0.687146 1.291361 -0.687146 1.937042 -1.374292 1.937042 -1.374292 1.937042 -0.687146 1.937042 -1.374292 2.582723 -1.374292 2.582723 -0.687146 1.937042 -0.687146 2.582723 -1.374292 2.582723 -0.687146 2.582723 -1.374292 3.228403 -1.374292 3.228403 -0.687146 2.582723 -0.687146 3.228403 -1.374292 3.228403 -0.687146 3.228403 -1.374292 3.874084 -1.374292 3.874084 -0.687146 3.228403 -0.687146 3.874084 -1.374292 3.874084 -0.687146 3.874084 -1.374292 4.519765 -1.374292 4.519765 -0.687146 3.874084 -0.687146 4.519765 -1.374292 4.519765 -0.687146 4.519765 -1.374292 5.165445 -1.374292 5.165445 -0.687146 4.519765 -0.687146 5.165445 -1.374292 5.165445 -0.687146 5.165445 -1.374292 5.811126 -1.374292 5.811126 -0.687146 5.165445 -0.687146 5.811126 -1.374292 5.811126 -0.687146 5.811126 -1.374292 6.456807 -1.374292 6.456807 -0.687146 5.811126 -0.687146 6.456807 -1.374292 6.456807 -0.687146 6.456807 -1.374292 7.102487 -1.374292 7.102487 -0.687146 6.456807 -0.687146 7.102487 -1.374292 7.102487 -0.687146 7.102487 -1.374292 7.748168 -1.374292 7.748168 -0.687146 7.102487 -0.687146 7.748168 -1.374292 7.748168 -0.687146 7.748168 -1.374292 8.39385 -1.374292 8.39385 -0.687146 7.748168 -0.687146 8.39385 -1.374292 8.39385 -0.687146 8.39385 -1.374292 9.039529 -1.374292 9.039529 -0.687146 8.39385 -0.687146 9.039529 -1.374292 9.039529 -0.687146 9.039529 -1.374292 9.685211 -1.374292 9.685211 -0.687146 9.039529 -0.687146 9.685211 -1.374292 9.685211 -0.687146 9.685211 -1.374292 10.33089 -1.374292 10.33089 -0.687146 9.685211 -0.687146 10.33089 -1.374292 10.33089 -0.687146 10.33089 -1.374292 10.97657 -1.374292 10.97657 -0.687146 10.33089 -0.687146 10.97657 -1.374292 10.97657 -0.687146 10.97657 -1.374292 11.62225 -1.374292 11.62225 -0.687146 10.97657 -0.687146 11.62225 -1.374292 11.62225 -0.687146 11.62225 -1.374292 12.26793 -1.374292 12.26793 -0.687146 11.62225 -0.687146 12.26793 -1.374292 12.26793 -0.687146 12.26793 -1.374292 12.91361 -1.374292 12.91361 -0.687146 12.26793 -0.687146 12.91361 -1.374292 12.91361 -0.687146 12.91361 -1.374292 13.55929 -1.374292 13.55929 -0.687146 12.91361 -0.687146 13.55929 -1.374292 13.55929 -0.687146 13.55929 -0.687146 14.20497 -0.687146 14.20497 -0.687146 13.55929 0 13.55929 -0.687146 14.20497 0 13.55929 0 14.20497 0 14.20497 0 13.55929 0.687146 13.55929 0 14.20497 0.687146 13.55929 0.687146 14.20497 0.687146 14.20497 0.687146 13.55929 1.374292 13.55929 0.687146 14.20497 1.374292 13.55929 1.374292 14.20497 0.687146 0.645681 1.374292 0.645681 0.687146 1.291361 0.687146 1.291361 1.374292 0.645681 1.374292 1.291361 0.687146 1.291361 1.374292 1.291361 0.687146 1.937042 0.687146 1.937042 1.374292 1.291361 1.374292 1.937042 0.687146 1.937042 1.374292 1.937042 0.687146 2.582723 0.687146 2.582723 1.374292 1.937042 1.374292 2.582723 0.687146 2.582723 1.374292 2.582723 0.687146 3.228403 0.687146 3.228403 1.374292 2.582723 1.374292 3.228403 0.687146 3.228403 1.374292 3.228403 0.687146 3.874084 0.687146 3.874084 1.374292 3.228403 1.374292 3.874084 0.687146 3.874084 1.374292 3.874084 0.687146 4.519765 0.687146 4.519765 1.374292 3.874084 1.374292 4.519765 0.687146 4.519765 1.374292 4.519765 0.687146 5.165445 0.687146 5.165445 1.374292 4.519765 1.374292 5.165445 0.687146 5.165445 1.374292 5.165445 0.687146 5.811126 0.687146 5.811126 1.374292 5.165445 1.374292 5.811126 0.687146 5.811126 1.374292 5.811126 0.687146 6.456807 0.687146 6.456807 1.374292 5.811126 1.374292 6.456807 0.687146 6.456807 1.374292 6.456807 0.687146 7.102487 0.687146 7.102487 1.374292 6.456807 1.374292 7.102487 0.687146 7.102487 1.374292 7.102487 0.687146 7.748168 0.687146 7.748168 1.374292 7.102487 1.374292 7.748168 0.687146 7.748168 1.374292 7.748168 0.687146 8.39385 0.687146 8.39385 1.374292 7.748168 1.374292 8.39385 0.687146 8.39385 1.374292 8.39385 0.687146 9.039529 0.687146 9.039529 1.374292 8.39385 1.374292 9.039529 0.687146 9.039529 1.374292 9.039529 0.687146 9.685211 0.687146 9.685211 1.374292 9.039529 1.374292 9.685211 0.687146 9.685211 1.374292 9.685211 0.687146 10.33089 0.687146 10.33089 1.374292 9.685211 1.374292 10.33089 0.687146 10.33089 1.374292 10.33089 0.687146 10.97657 0.687146 10.97657 1.374292 10.33089 1.374292 10.97657 0.687146 10.97657 1.374292 10.97657 0.687146 11.62225 0.687146 11.62225 1.374292 10.97657 1.374292 11.62225 0.687146 11.62225 1.374292 11.62225 0.687146 12.26793 0.687146 12.26793 1.374292 11.62225 1.374292 12.26793 0.687146 12.26793 1.374292 12.26793 0.687146 12.91361 0.687146 12.91361 1.374292 12.26793 1.374292 12.91361 0.687146 12.91361 1.374292 12.91361 0.687146 13.55929 0.687146 13.55929 1.374292 12.91361 1.374292 13.55929 -0.687146 14.20497 -1.374292 14.20497 -1.374292 13.55929 -1.374292 1.937042 -1.374292 1.291361 -0.687146 1.291361 -0.687146 1.291361 -1.374292 1.291361 -0.687146 0.645681 -0.687146 1.291361 -0.687146 0.645681 0 0.645681 0 0.645681 -0.687146 0.645681 0 0 0 0.645681 0 0 0.687146 0 -1.374292 1.291361 -1.374292 0.645681 -0.687146 0.645681 -0.687146 0.645681 -1.374292 0.645681 -0.687146 0 -0.687146 0.645681 -0.687146 0 0 0 -1.374292 0.645681 -1.374292 0 -0.687146 0 0 1.291361 0.687146 0.645681 0.687146 1.291361 0 1.291361 0.687146 1.291361 0 1.937042 0 1.937042 0.687146 1.291361 0.687146 1.937042 0 1.937042 0.687146 1.937042 0 2.582723 0 2.582723 0.687146 1.937042 0.687146 2.582723 0 2.582723 0.687146 2.582723 0 3.228403 0 3.228403 0.687146 2.582723 0.687146 3.228403 0 3.228403 0.687146 3.228403 0 3.874084 0 3.874084 0.687146 3.228403 0.687146 3.874084 0 3.874084 0.687146 3.874084 0 4.519765 0 4.519765 0.687146 3.874084 0.687146 4.519765 0 4.519765 0.687146 4.519765 0 5.165445 0 5.165445 0.687146 4.519765 0.687146 5.165445 0 5.165445 0.687146 5.165445 0 5.811126 0 5.811126 0.687146 5.165445 0.687146 5.811126 0 5.811126 0.687146 5.811126 0 6.456807 0 6.456807 0.687146 5.811126 0.687146 6.456807 0 6.456807 0.687146 6.456807 0 7.102487 0 7.102487 0.687146 6.456807 0.687146 7.102487 0 7.102487 0.687146 7.102487 0 7.748168 0 7.748168 0.687146 7.102487 0.687146 7.748168 0 7.748168 0.687146 7.748168 0 8.39385 0 8.39385 0.687146 7.748168 0.687146 8.39385 0 8.39385 0.687146 8.39385 0 9.039529 0 9.039529 0.687146 8.39385 0.687146 9.039529 0 9.039529 0.687146 9.039529 0 9.685211 0 9.685211 0.687146 9.039529 0.687146 9.685211 0 9.685211 0.687146 9.685211 0 10.33089 0 10.33089 0.687146 9.685211 0.687146 10.33089 0 10.33089 0.687146 10.33089 0 10.97657 0 10.97657 0.687146 10.33089 0.687146 10.97657 0 10.97657 0.687146 10.97657 0 11.62225 0 11.62225 0.687146 10.97657 0.687146 11.62225 0 11.62225 0.687146 11.62225 0 12.26793 0 12.26793 0.687146 11.62225 0.687146 12.26793 0 12.26793 0.687146 12.26793 0 12.91361 0 12.91361 0.687146 12.26793 0.687146 12.91361 0 12.91361 0.687146 12.91361 0 13.55929 0 13.55929 0.687146 12.91361 0.687146 13.55929 -0.687146 2.582723 -0.687146 1.937042 0 1.937042 0 1.937042 -0.687146 1.937042 0 1.291361 -0.687146 2.582723 0 1.937042 0 2.582723 -0.687146 3.228403 -0.687146 2.582723 0 2.582723 -0.687146 3.228403 0 2.582723 0 3.228403 -0.687146 3.874084 -0.687146 3.228403 0 3.228403 -0.687146 3.874084 0 3.228403 0 3.874084 -0.687146 4.519765 -0.687146 3.874084 0 3.874084 -0.687146 4.519765 0 3.874084 0 4.519765 -0.687146 5.165445 -0.687146 4.519765 0 4.519765 -0.687146 5.165445 0 4.519765 0 5.165445 -0.687146 5.811126 -0.687146 5.165445 0 5.165445 -0.687146 5.811126 0 5.165445 0 5.811126 -0.687146 6.456807 -0.687146 5.811126 0 5.811126 -0.687146 6.456807 0 5.811126 0 6.456807 -0.687146 7.102487 -0.687146 6.456807 0 6.456807 -0.687146 7.102487 0 6.456807 0 7.102487 -0.687146 7.748168 -0.687146 7.102487 0 7.102487 -0.687146 7.748168 0 7.102487 0 7.748168 -0.687146 8.39385 -0.687146 7.748168 0 7.748168 -0.687146 8.39385 0 7.748168 0 8.39385 -0.687146 9.039529 -0.687146 8.39385 0 8.39385 -0.687146 9.039529 0 8.39385 0 9.039529 -0.687146 9.685211 -0.687146 9.039529 0 9.039529 -0.687146 9.685211 0 9.039529 0 9.685211 -0.687146 10.33089 -0.687146 9.685211 0 9.685211 -0.687146 10.33089 0 9.685211 0 10.33089 -0.687146 10.97657 -0.687146 10.33089 0 10.33089 -0.687146 10.97657 0 10.33089 0 10.97657 -0.687146 11.62225 -0.687146 10.97657 0 10.97657 -0.687146 11.62225 0 10.97657 0 11.62225 -0.687146 12.26793 -0.687146 11.62225 0 11.62225 -0.687146 12.26793 0 11.62225 0 12.26793 -0.687146 12.91361 -0.687146 12.26793 0 12.26793 -0.687146 12.91361 0 12.26793 0 12.91361 -0.687146 13.55929 -0.687146 12.91361 0 12.91361 -0.687146 13.55929 0 12.91361 0 13.55929 0.757087 28.49754 0.757051 29.82173 0.378605 29.43551 0.378605 29.43551 0.757051 29.82173 0 29.82173 0.378605 29.43551 0 29.82173 0 28.48396 0.378605 29.43551 0 28.48396 0.378605 28.19429 0.378605 28.19429 0 28.48396 0 27.14618 0.378605 28.19429 0 27.14618 0.378605 26.95307 0.378605 26.95307 0 27.14618 0 25.80841 0.378605 26.95307 0 25.80841 0.378605 25.71185 0.378605 25.71185 0 25.80841 0 24.47063 0.378605 25.71185 0 24.47063 0.378605 24.47063 0.378605 24.47063 0 24.47063 0.378605 23.76578 0.378605 24.47063 0.378605 23.76578 0.757038 24.52495 0.757038 24.52495 0.378605 23.76578 0.757049 23.41339 0.757049 23.41339 0.378605 23.76578 0.378605 23.41337 0.757049 23.41339 0.378605 23.41337 0.378605 23.36406 0.378605 23.36406 0.378605 23.41337 0 23.36406 0.378605 23.36406 0 23.36406 0 22.48442 0 24.47063 0 23.36406 0.378605 23.76578 0.378605 23.76578 0 23.36406 0.378605 23.41337 0.378605 23.36406 0 22.48442 0.378605 22.19121 0.378605 22.19121 0 22.48442 0 21.60479 0.378605 22.19121 0 21.60479 0.378605 21.25294 0.378605 21.25294 0 21.60479 0 20.72516 0.378605 21.25294 0 20.72516 0.378605 20.31466 0.378605 20.31466 0 20.72516 0 19.84552 0.378605 20.31466 0 19.84552 0.378605 19.84556 0.378605 19.84556 0 19.84552 0.378605 19.81549 0.378605 19.84556 0.378605 19.81549 0.757075 19.8456 0.757075 19.8456 0.378605 19.81549 0.757055 18.92397 0.757055 18.92397 0.378605 19.81549 0.378605 18.92397 0.757055 18.92397 0.378605 18.92397 0.756987 18.03244 0.756987 18.03244 0.378605 18.92397 0.378605 18.03244 0.756987 18.03244 0.378605 18.03244 0.378605 17.14091 0.378605 17.14091 0.378605 18.03244 0 17.58667 0.378605 17.14091 0 17.58667 0 16.47226 0 19.84552 0 19.81549 0.378605 19.81549 0.378605 19.81549 0 19.81549 0.378605 18.92397 0 19.81549 0 18.70108 0.378605 18.92397 0.378605 18.92397 0 18.70108 0.378605 18.03244 0 18.70108 0 17.58667 0.378605 18.03244 0.378605 17.14091 0 16.47226 0.378605 15.65503 0.378605 15.65503 0 16.47226 0 15.35785 0.378605 15.65503 0 15.35785 0.378605 15.35057 0.378605 15.35057 0 15.35785 0 15.35057 0.378605 15.35057 0 15.35057 0.378605 14.06851 0.378605 14.06851 0 15.35057 0 13.76684 0.378605 14.06851 0 13.76684 0.378605 13.76684 0.378605 13.76684 0 13.76684 0.378605 12.94235 0.378605 13.76684 0.378605 12.94235 0.75705 12.94235 0.75705 12.94235 0.378605 12.94235 0.378605 11.29335 0.75705 12.94235 0.378605 11.29335 0.757039 10.8811 0.757039 10.8811 0.378605 11.29335 0.378605 10.86843 0.757039 10.8811 0.378605 10.86843 0.378605 9.795675 0.378605 9.795675 0.378605 10.86843 0 10.86843 0.378605 9.795675 0 10.86843 0 9.259294 0 13.76684 0 12.32397 0.378605 12.94235 0.378605 12.94235 0 12.32397 0.378605 11.29335 0 12.32397 0 10.8811 0.378605 11.29335 0.378605 11.29335 0 10.8811 0.378605 10.86843 0 10.8811 0 10.86843 0.378605 10.86843 0.378605 9.795675 0 9.259294 0.378605 8.937466 0.378605 8.937466 0 9.259294 0 8.454725 0.378605 8.937466 0 8.454725 0.378605 8.079258 0.378605 8.079258 0 8.454725 0 7.650155 0.378605 8.079258 0 7.650155 0.378605 7.650155 0.378605 7.650155 0 7.650155 0.378605 7.621441 0.378605 7.650155 0.378605 7.621441 0.757015 7.621403 0.757015 7.621403 0.378605 7.621441 0.378605 7.272849 0.757015 7.621403 0.378605 7.272849 0.757072 6.575589 0.757072 6.575589 0.378605 7.272849 0.378605 6.401275 0.757072 6.575589 0.378605 6.401275 0.757057 5.791172 0.757057 5.791172 0.378605 6.401275 0.378605 5.529701 0.757057 5.791172 0.378605 5.529701 0.757035 5.006756 0.757035 5.006756 0.378605 5.529701 0.378605 5.006756 0.757035 5.006756 0.378605 5.006756 0.378605 4.955031 0.378605 4.955031 0.378605 5.006756 0 5.006756 0.378605 4.955031 0 5.006756 0 4.58851 0 7.650155 0 7.621478 0.378605 7.621441 0.378605 7.621441 0 7.621478 0.378605 7.272849 0 7.621478 0 6.967798 0.378605 7.272849 0.378605 7.272849 0 6.967798 0.378605 6.401275 0 6.967798 0 6.314117 0.378605 6.401275 0.378605 6.401275 0 6.314117 0.378605 5.529701 0 6.314117 0 5.660437 0.378605 5.529701 0.378605 5.529701 0 5.660437 0 5.006756 0.378605 5.529701 0 5.006756 0.378605 5.006756 0 4.014946 0.378605 4.172914 0 4.58851 0 4.58851 0.378605 4.172914 0.378605 4.58851 0 4.58851 0.378605 4.58851 0.378605 4.955031 0.378605 4.955031 0.378605 4.58851 0.757035 5.006756 0.378605 4.172914 0 4.014946 0.378605 3.398671 0.378605 3.398671 0 4.014946 0 3.441383 0.378605 3.398671 0 3.441383 0 2.867819 0.378605 3.398671 0 2.867819 0.378605 2.832226 0.378605 2.832226 0 2.867819 0 2.294255 0.378605 2.832226 0 2.294255 0.378605 2.26578 0.378605 2.26578 0 2.294255 0.378605 1.321705 0.378605 2.26578 0.378605 1.321705 0.757081 2.26578 0.757081 2.26578 0.378605 1.321705 0.757085 1.13289 0.757085 1.13289 0.378605 1.321705 0.378605 0.660853 0.757085 1.13289 0.378605 0.660853 0.757051 0 0.757051 0 0.378605 0.660853 0 0 0 0 0.378605 0.660853 0 1.147128 0 1.147128 0.378605 0.660853 0.378605 1.321705 0 1.147128 0.378605 1.321705 0 2.294255 0.378605 2.26578 0.757081 2.26578 0.378605 2.832226 0.378605 2.832226 0.757081 2.26578 0.757039 3.398671 0.378605 2.832226 0.757039 3.398671 0.378605 3.398671 0.378605 3.398671 0.757039 3.398671 0.75704 3.965116 0.378605 3.398671 0.75704 3.965116 0.378605 4.172914 0.378605 4.172914 0.75704 3.965116 0.757039 4.531561 0.378605 4.172914 0.757039 4.531561 0.378605 4.58851 0.378605 4.58851 0.757039 4.531561 0.757035 5.006756 0.378605 7.650155 0.757015 7.621403 0.378605 8.079258 0.378605 8.079258 0.757015 7.621403 0.757053 8.937466 0.378605 8.079258 0.757053 8.937466 0.378605 8.937466 0.378605 8.937466 0.757053 8.937466 0.378605 9.795675 0.757053 8.937466 0.757039 10.8811 0.378605 9.795675 0.75705 12.94235 0.757067 14.67183 0.378605 13.76684 0.378605 13.76684 0.757067 14.67183 0.378605 14.06851 0.378605 14.06851 0.757067 14.67183 0.378605 15.35057 0.378605 15.35057 0.757067 14.67183 0.75705 16.24938 0.378605 15.35057 0.75705 16.24938 0.378605 15.65503 0.378605 15.65503 0.75705 16.24938 0.378605 17.14091 0.75705 16.24938 0.756987 18.03244 0.378605 17.14091 0.378605 19.84556 0.757075 19.8456 0.378605 20.31466 0.378605 20.31466 0.757075 19.8456 0.757041 20.54927 0.378605 20.31466 0.757041 20.54927 0.757023 21.25294 0.378605 20.31466 0.757023 21.25294 0.378605 21.25294 0.378605 21.25294 0.757023 21.25294 0.757026 21.95664 0.378605 21.25294 0.757026 21.95664 0.378605 22.19121 0.378605 22.19121 0.757026 21.95664 0.757049 23.41339 0.378605 22.19121 0.757049 23.41339 0.378605 23.36406 0.378605 24.47063 0.757038 24.52495 0.378605 25.71185 0.378605 25.71185 0.757038 24.52495 0.757051 25.84915 0.378605 25.71185 0.757051 25.84915 0.378605 26.95307 0.378605 26.95307 0.757051 25.84915 0.757081 27.17334 0.378605 26.95307 0.757081 27.17334 0.378605 28.19429 0.378605 28.19429 0.757081 27.17334 0.757087 28.49754 0.378605 28.19429 0.757087 28.49754 0.378605 29.43551 -0.365979 -4.620618 0.365979 -4.620618 -0.365979 -4.107216 -0.365979 -4.107216 0.365979 -4.620618 0.365979 -4.077016 -0.365979 -4.107216 0.365979 -4.077016 -0.365979 -3.593814 -0.365979 -3.593814 0.365979 -4.077016 0.365979 -3.533414 -0.365979 -3.593814 0.365979 -3.533414 -0.365979 -3.080412 -0.365979 -3.080412 0.365979 -3.533414 0.365979 -2.989812 -0.365979 -3.080412 0.365979 -2.989812 -0.365979 -2.56701 -0.365979 -2.56701 0.365979 -2.989812 0.365979 -2.44621 -0.365979 -2.56701 0.365979 -2.44621 -0.365979 -2.053608 -0.365979 -2.053608 0.365979 -2.44621 0.365979 -1.902608 -0.365979 -2.053608 0.365979 -1.902608 -0.365979 -1.540206 -0.365979 -1.540206 0.365979 -1.902608 0.365979 -1.359005 -0.365979 -1.540206 0.365979 -1.359005 -0.365979 -1.026804 -0.365979 -1.026804 0.365979 -1.359005 0.365979 -0.815403 -0.365979 -1.026804 0.365979 -0.815403 -0.365979 -0.513402 -0.365979 -0.513402 0.365979 -0.815403 0.365979 -0.271801 -0.365979 -0.513402 0.365979 -0.271801 -0.365979 0 -0.365979 0 0.365979 -0.271801 0.365979 0.271801 -0.365979 0 0.365979 0.271801 -0.365979 0.513402 -0.365979 0.513402 0.365979 0.271801 0.365979 0.815403 -0.365979 0.513402 0.365979 0.815403 -0.365979 1.026804 -0.365979 1.026804 0.365979 0.815403 0.365979 1.359005 -0.365979 1.026804 0.365979 1.359005 -0.365979 1.540206 -0.365979 1.540206 0.365979 1.359005 0.365979 1.902607 -0.365979 1.540206 0.365979 1.902607 -0.365979 2.053608 -0.365979 2.053608 0.365979 1.902607 0.365979 2.44621 -0.365979 2.053608 0.365979 2.44621 -0.365979 2.56701 -0.365979 2.56701 0.365979 2.44621 0.365979 2.989812 -0.365979 2.56701 0.365979 2.989812 -0.365979 3.080412 -0.365979 3.080412 0.365979 2.989812 0.365979 3.533414 -0.365979 3.080412 0.365979 3.533414 -0.365979 3.593814 -0.365979 3.593814 0.365979 3.533414 0.365979 4.077016 -0.365979 3.593814 0.365979 4.077016 -0.365979 4.107216 -0.365979 4.107216 0.365979 4.077016 0.365979 4.620618 -0.365979 4.107216 0.365979 4.620618 -0.365979 4.620618 0.757051 28.48396 0.757051 29.82173 0.378459 28.49772 0.378459 28.49772 0.757051 29.82173 0 29.82173 0.378459 28.49772 0 29.82173 -2.7e-5 28.49754 -2.7e-5 28.49754 -3e-6 28.07995 0.378459 28.49772 0.378459 28.49772 -3e-6 28.07995 0.378459 27.49109 0.378459 28.49772 0.378459 27.49109 0.757051 28.48396 0.757051 28.48396 0.378459 27.49109 0.757051 27.14618 0.757051 27.14618 0.378459 27.49109 0.378459 26.48427 0.757051 27.14618 0.378459 26.48427 0.757051 25.80841 0.757051 25.80841 0.378459 26.48427 0.378459 25.47745 0.757051 25.80841 0.378459 25.47745 0.757051 24.47063 0.757051 24.47063 0.378459 25.47745 0.378459 24.47063 0.757051 24.47063 0.378459 24.47063 0.378459 23.76578 0.378459 23.76578 0.378459 24.47063 1.6e-5 24.47063 0.378459 23.76578 1.6e-5 24.47063 10e-7 23.41339 -3e-6 28.07995 -2.4e-5 27.17334 0.378459 27.49109 0.378459 27.49109 -2.4e-5 27.17334 0.378459 26.48427 -2.4e-5 27.17334 5.3e-5 26.31276 0.378459 26.48427 0.378459 26.48427 5.3e-5 26.31276 4e-6 25.84915 0.378459 26.48427 4e-6 25.84915 0.378459 25.47745 0.378459 25.47745 4e-6 25.84915 1.6e-5 24.47063 0.378459 25.47745 1.6e-5 24.47063 0.378459 24.47063 1.1e-5 22.66035 0.378459 23.36406 10e-7 23.41339 10e-7 23.41339 0.378459 23.36406 0.378459 23.41337 10e-7 23.41339 0.378459 23.41337 0.378459 23.76578 0.378459 23.76578 0.378459 23.41337 0.757051 23.36406 0.378459 23.76578 0.757051 23.36406 0.757051 24.47063 0.378459 23.36406 1.1e-5 22.66035 0.378459 22.42578 0.378459 22.42578 1.1e-5 22.66035 2.5e-5 21.95664 0.378459 22.42578 2.5e-5 21.95664 0.378459 21.37022 0.378459 21.37022 2.5e-5 21.95664 2.8e-5 21.25294 0.378459 21.37022 2.8e-5 21.25294 0.378459 20.31466 0.378459 20.31466 2.8e-5 21.25294 9e-6 20.54927 0.378459 20.31466 9e-6 20.54927 -2.4e-5 19.8456 -5e-6 18.92397 0.378459 19.81549 -2.4e-5 19.8456 -2.4e-5 19.8456 0.378459 19.81549 0.378459 19.84556 -2.4e-5 19.8456 0.378459 19.84556 0.378459 20.31466 0.378459 20.31466 0.378459 19.84556 0.757051 19.84552 0.378459 20.31466 0.757051 19.84552 0.757051 20.72516 0.378459 19.81549 -5e-6 18.92397 0.378459 18.92397 0.378459 18.92397 -5e-6 18.92397 6.4e-5 18.03244 0.378459 18.92397 6.4e-5 18.03244 0.378459 18.03244 0.378459 18.03244 6.4e-5 18.03244 0.378459 17.14091 0.378459 18.03244 0.378459 17.14091 0.757051 17.58667 0.757051 17.58667 0.378459 17.14091 0.757051 16.47226 0.757051 16.47226 0.378459 17.14091 0.378459 15.65503 0.757051 16.47226 0.378459 15.65503 0.757051 15.35785 0.757051 15.35785 0.378459 15.65503 0.378459 15.35057 0.757051 15.35785 0.378459 15.35057 0.757051 15.35057 0.757051 15.35057 0.378459 15.35057 0.378459 14.06851 0.757051 15.35057 0.378459 14.06851 0.757051 13.76684 0.757051 13.76684 0.378459 14.06851 0.378459 13.76684 0.757051 13.76684 0.378459 13.76684 0.378459 12.94235 0.378459 12.94235 0.378459 13.76684 10e-7 12.94235 0.378459 12.94235 10e-7 12.94235 0.378459 11.29335 0.378459 11.29335 10e-7 12.94235 1.2e-5 10.8811 0.378459 11.29335 1.2e-5 10.8811 0.378459 10.86843 0.378459 10.86843 1.2e-5 10.8811 0.378459 10.01023 0.378459 10.86843 0.378459 10.01023 0.757051 10.86843 0.757051 10.86843 0.378459 10.01023 0.757051 9.259294 0.757051 9.259294 0.378459 10.01023 0.378459 9.044742 0.757051 9.259294 0.378459 9.044742 0.757051 8.454725 0.757051 8.454725 0.378459 9.044742 0.378459 8.079258 0.757051 8.454725 0.378459 8.079258 0.757051 7.650155 0.757051 7.650155 0.378459 8.079258 0.378459 7.650155 0.757051 7.650155 0.378459 7.650155 0.757051 7.621478 0.757051 7.621478 0.378459 7.650155 0.378459 7.621441 0.757051 7.621478 0.378459 7.621441 0.378459 7.272849 0.378459 7.272849 0.378459 7.621441 3.6e-5 7.621404 0.378459 7.272849 3.6e-5 7.621404 -2.1e-5 6.575589 6.4e-5 18.03244 6.9e-5 17.14091 0.378459 17.14091 0.378459 17.14091 6.9e-5 17.14091 10e-7 16.24938 0.378459 17.14091 10e-7 16.24938 0.378459 15.65503 0.378459 15.65503 10e-7 16.24938 0.378459 15.35057 10e-7 16.24938 -1.7e-5 14.67183 0.378459 15.35057 0.378459 15.35057 -1.7e-5 14.67183 0.378459 14.06851 0.378459 14.06851 -1.7e-5 14.67183 0.378459 13.76684 0.378459 13.76684 -1.7e-5 14.67183 10e-7 12.94235 1.2e-5 10.8811 -2e-6 8.937466 0.378459 10.01023 0.378459 10.01023 -2e-6 8.937466 0.378459 9.044742 0.378459 9.044742 -2e-6 8.937466 0.378459 8.079258 0.378459 8.079258 -2e-6 8.937466 3.6e-5 7.621404 0.378459 8.079258 3.6e-5 7.621404 0.378459 7.650155 0.378459 7.650155 3.6e-5 7.621404 0.378459 7.621441 0.378459 7.272849 -2.1e-5 6.575589 0.378459 6.401275 0.378459 6.401275 -2.1e-5 6.575589 -6e-6 5.791172 0.378459 6.401275 -6e-6 5.791172 0.378459 5.529701 0.378459 5.529701 -6e-6 5.791172 1.6e-5 5.006757 0.378459 5.529701 1.6e-5 5.006757 0.378459 5.006756 0.378459 5.006756 1.6e-5 5.006757 0.378459 4.955031 0.378459 5.006756 0.378459 4.955031 0.757051 5.006756 0.757051 5.006756 0.378459 4.955031 0.757051 4.58851 0.757051 4.58851 0.378459 4.955031 0.378459 4.58851 0.757051 4.58851 0.378459 4.58851 0.378459 4.172914 0.378459 4.172914 0.378459 4.58851 1.2e-5 4.531561 0.378459 4.172914 1.2e-5 4.531561 10e-6 3.965116 1.6e-5 5.006757 1.2e-5 4.531561 0.378459 4.955031 0.378459 4.955031 1.2e-5 4.531561 0.378459 4.58851 0.378459 4.172914 10e-6 3.965116 0.378459 3.398671 0.378459 3.398671 10e-6 3.965116 1.2e-5 3.398671 0.378459 3.398671 1.2e-5 3.398671 0.378459 2.832226 0.378459 2.832226 1.2e-5 3.398671 -3e-5 2.26578 0.378459 2.832226 -3e-5 2.26578 0.378459 2.26578 0.378459 2.26578 -3e-5 2.26578 0.378459 1.321705 0.378459 2.26578 0.378459 1.321705 0.757051 2.294255 0.757051 2.294255 0.378459 1.321705 0.757051 1.147127 0.757051 1.147127 0.378459 1.321705 0.378459 0.660853 0.757051 1.147127 0.378459 0.660853 0.757051 0 0.757051 0 0.378459 0.660853 0 0 0 0 0.378459 0.660853 -3.4e-5 1.13289 -3.4e-5 1.13289 0.378459 0.660853 0.378459 1.321705 -3.4e-5 1.13289 0.378459 1.321705 -3e-5 2.26578 0.378459 2.26578 0.757051 2.294255 0.378459 2.832226 0.378459 2.832226 0.757051 2.294255 0.757051 2.867819 0.378459 2.832226 0.757051 2.867819 0.757051 3.441383 0.378459 2.832226 0.757051 3.441383 0.378459 3.398671 0.378459 3.398671 0.757051 3.441383 0.757051 4.014946 0.378459 3.398671 0.757051 4.014946 0.378459 4.172914 0.378459 4.172914 0.757051 4.014946 0.757051 4.58851 0.378459 5.006756 0.757051 5.006756 0.378459 5.529701 0.378459 5.529701 0.757051 5.006756 0.757051 5.660437 0.378459 5.529701 0.757051 5.660437 0.757051 6.314117 0.378459 5.529701 0.757051 6.314117 0.378459 6.401275 0.378459 6.401275 0.757051 6.314117 0.757051 6.967798 0.378459 6.401275 0.757051 6.967798 0.378459 7.272849 0.378459 7.272849 0.757051 6.967798 0.757051 7.621478 0.757051 10.86843 0.757051 10.8811 0.378459 10.86843 0.378459 10.86843 0.757051 10.8811 0.378459 11.29335 0.757051 10.8811 0.757051 12.32397 0.378459 11.29335 0.378459 11.29335 0.757051 12.32397 0.378459 12.94235 0.757051 12.32397 0.757051 13.76684 0.378459 12.94235 0.757051 17.58667 0.757051 18.70108 0.378459 18.03244 0.378459 18.03244 0.757051 18.70108 0.378459 18.92397 0.757051 18.70108 0.757051 19.81549 0.378459 18.92397 0.378459 18.92397 0.757051 19.81549 0.378459 19.81549 0.757051 19.81549 0.757051 19.84552 0.378459 19.81549 0.378459 19.81549 0.757051 19.84552 0.378459 19.84556 0.378459 20.31466 0.757051 20.72516 0.378459 21.37022 0.378459 21.37022 0.757051 20.72516 0.757051 21.60479 0.378459 21.37022 0.757051 21.60479 0.378459 22.42578 0.378459 22.42578 0.757051 21.60479 0.757051 22.48442 0.378459 22.42578 0.757051 22.48442 0.378459 23.36406 0.378459 23.36406 0.757051 22.48442 0.757051 23.36406 0.378459 23.36406 0.757051 23.36406 0.378459 23.41337 -0.36087 -6.633492 0.36087 -6.633492 -0.36087 -6.030447 -0.36087 -6.030447 0.36087 -6.633492 0.36087 -6.001731 -0.36087 -6.030447 0.36087 -6.001731 -0.36087 -5.427402 -0.36087 -5.427402 0.36087 -6.001731 0.36087 -5.369969 -0.36087 -5.427402 0.36087 -5.369969 -0.36087 -4.824358 -0.36087 -4.824358 0.36087 -5.369969 0.36087 -4.738208 -0.36087 -4.824358 0.36087 -4.738208 -0.36087 -4.221313 -0.36087 -4.221313 0.36087 -4.738208 0.36087 -4.106447 -0.36087 -4.221313 0.36087 -4.106447 -0.36087 -3.618268 -0.36087 -3.618268 0.36087 -4.106447 0.36087 -3.474686 -0.36087 -3.618268 0.36087 -3.474686 -0.36087 -3.015223 -0.36087 -3.015223 0.36087 -3.474686 0.36087 -2.842925 -0.36087 -3.015223 0.36087 -2.842925 -0.36087 -2.412179 -0.36087 -2.412179 0.36087 -2.842925 0.36087 -2.211164 -0.36087 -2.412179 0.36087 -2.211164 -0.36087 -1.809134 -0.36087 -1.809134 0.36087 -2.211164 0.36087 -1.579403 -0.36087 -1.809134 0.36087 -1.579403 -0.36087 -1.206089 -0.36087 -1.206089 0.36087 -1.579403 0.36087 -0.947642 -0.36087 -1.206089 0.36087 -0.947642 -0.36087 -0.603045 -0.36087 -0.603045 0.36087 -0.947642 0.36087 -0.315881 -0.36087 -0.603045 0.36087 -0.315881 -0.36087 0 -0.36087 0 0.36087 -0.315881 0.36087 0.315881 -0.36087 0 0.36087 0.315881 -0.36087 0.603045 -0.36087 0.603045 0.36087 0.315881 0.36087 0.947642 -0.36087 0.603045 0.36087 0.947642 -0.36087 1.206089 -0.36087 1.206089 0.36087 0.947642 0.36087 1.579403 -0.36087 1.206089 0.36087 1.579403 -0.36087 1.809134 -0.36087 1.809134 0.36087 1.579403 0.36087 2.211164 -0.36087 1.809134 0.36087 2.211164 -0.36087 2.412179 -0.36087 2.412179 0.36087 2.211164 0.36087 2.842925 -0.36087 2.412179 0.36087 2.842925 -0.36087 3.015223 -0.36087 3.015223 0.36087 2.842925 0.36087 3.474686 -0.36087 3.015223 0.36087 3.474686 -0.36087 3.618268 -0.36087 3.618268 0.36087 3.474686 0.36087 4.106447 -0.36087 3.618268 0.36087 4.106447 -0.36087 4.221313 -0.36087 4.221313 0.36087 4.106447 0.36087 4.738208 -0.36087 4.221313 0.36087 4.738208 -0.36087 4.824358 -0.36087 4.824358 0.36087 4.738208 0.36087 5.369969 -0.36087 4.824358 0.36087 5.369969 -0.36087 5.427402 -0.36087 5.427402 0.36087 5.369969 0.36087 6.00173 -0.36087 5.427402 0.36087 6.00173 -0.36087 6.030447 -0.36087 6.030447 0.36087 6.00173 0.36087 6.633492 -0.36087 6.030447 0.36087 6.633492 -0.36087 6.633492 10.6 -4.05 9.996379 -4.004765 9.98995 -4.009262 9.98995 -4.009262 9.996379 -4.004765 9.352669 -3.902669 9.352669 -3.902669 9.996379 -4.004765 9.406242 -3.87007 9.352669 -3.902669 9.406242 -3.87007 8.65467 -3.750529 8.65467 -3.750529 9.406242 -3.87007 8.842771 -3.648924 8.65467 -3.750529 8.842771 -3.648924 7.872697 -3.569434 7.872697 -3.569434 8.842771 -3.648924 8.318554 -3.346267 7.872697 -3.569434 8.318554 -3.346267 7.152725 -3.40699 7.152725 -3.40699 8.318554 -3.346267 7.8453 -2.96886 7.152725 -3.40699 7.8453 -2.96886 6.529856 -3.274469 6.529856 -3.274469 7.8453 -2.96886 5.863749 -3.141857 5.863749 -3.141857 7.8453 -2.96886 7.433582 -2.525134 5.863749 -3.141857 7.433582 -2.525134 5.156465 -3.011486 5.156465 -3.011486 7.433582 -2.525134 4.410059 -2.885691 4.410059 -2.885691 7.433582 -2.525134 7.092597 -2.025 4.410059 -2.885691 7.092597 -2.025 4.383911 -2.881505 4.383911 -2.881505 7.092597 -2.025 3.385542 -2.732476 3.385542 -2.732476 7.092597 -2.025 6.829961 -1.479631 3.385542 -2.732476 6.829961 -1.479631 2.340371 -2.597275 2.340371 -2.597275 6.829961 -1.479631 1.259807 -2.478169 1.259807 -2.478169 6.829961 -1.479631 6.651542 -0.90121 1.259807 -2.478169 6.651542 -0.90121 0.155278 -2.377436 0.155278 -2.377436 6.651542 -0.90121 0.148005 -2.376843 0.148005 -2.376843 6.651542 -0.90121 6.561324 -0.302657 0.148005 -2.376843 6.561324 -0.302657 -1.43755 -2.26887 -1.43755 -2.26887 6.561324 -0.302657 6.561324 0.302657 -1.43755 -2.26887 6.561324 0.302657 -1.43755 2.26887 -1.43755 2.26887 6.561324 0.302657 0.148005 2.376843 0.148005 2.376843 6.561324 0.302657 6.651542 0.90121 0.148005 2.376843 6.651542 0.90121 0.155278 2.377436 0.155278 2.377436 6.651542 0.90121 1.259807 2.478169 1.259807 2.478169 6.651542 0.90121 6.829961 1.479631 1.259807 2.478169 6.829961 1.479631 2.340371 2.597275 2.340371 2.597275 6.829961 1.479631 3.385542 2.732476 3.385542 2.732476 6.829961 1.479631 7.092597 2.025 3.385542 2.732476 7.092597 2.025 4.383911 2.881505 4.383911 2.881505 7.092597 2.025 4.410059 2.885691 4.410059 2.885691 7.092597 2.025 7.433582 2.525134 4.410059 2.885691 7.433582 2.525134 5.156464 3.011486 5.156464 3.011486 7.433582 2.525134 5.863749 3.141857 5.863749 3.141857 7.433582 2.525134 7.8453 2.96886 5.863749 3.141857 7.8453 2.96886 6.529856 3.274469 6.529856 3.274469 7.8453 2.96886 7.152725 3.40699 7.152725 3.40699 7.8453 2.96886 8.318554 3.346267 7.152725 3.40699 8.318554 3.346267 7.872721 3.569434 7.872721 3.569434 8.318554 3.346267 8.842771 3.648924 7.872721 3.569434 8.842771 3.648924 8.654818 3.750527 8.654818 3.750527 8.842771 3.648924 9.406242 3.87007 8.654818 3.750527 9.406242 3.87007 9.352914 3.902671 9.352914 3.902671 9.406242 3.87007 9.996379 4.004765 9.352914 3.902671 9.996379 4.004765 9.990411 4.009267 9.990411 4.009267 9.996379 4.004765 10.6 4.05 -1.43755 -2.26887 -1.43755 2.26887 -2.882129 -2.206296 -2.882129 -2.206296 -1.43755 2.26887 -2.882129 2.206296 -2.882129 -2.206296 -2.882129 2.206296 -4.347064 2.178429 -2.882129 -2.206296 -4.347064 2.178429 -4.347064 -2.178429 -4.347064 -2.178429 -4.347064 2.178429 -4.360003 2.178352 -4.347064 -2.178429 -4.360003 2.178352 -4.360003 -2.178352 -4.360003 -2.178352 -4.360003 2.178352 -5.994915 -2.193987 -5.994915 -2.193987 -4.360003 2.178352 -5.994895 2.193986 -5.994915 -2.193987 -5.994895 2.193986 -6.789627 -2.220852 -6.789627 -2.220852 -5.994895 2.193986 -6.789565 2.220847 -6.789627 -2.220852 -6.789565 2.220847 -14.63827 -0.253738 -14.63827 -0.253738 -6.789565 2.220847 -14.63827 0.253738 -14.63827 0.253738 -6.789565 2.220847 -7.55131 2.260045 -14.63827 0.253738 -7.55131 2.260045 -7.577663 2.261662 -14.63827 0.253738 -7.577663 2.261662 -14.54502 0.752573 -14.54502 0.752573 -7.577663 2.261662 -8.160562 2.302219 -14.54502 0.752573 -8.160562 2.302219 -14.3617 1.22578 -14.3617 1.22578 -8.160562 2.302219 -8.705904 2.348914 -14.3617 1.22578 -8.705904 2.348914 -9.20928 2.400214 -14.3617 1.22578 -9.20928 2.400214 -14.09455 1.657245 -14.09455 1.657245 -9.20928 2.400214 -9.667226 2.454441 -14.09455 1.657245 -9.667226 2.454441 -9.935002 2.489831 -14.09455 1.657245 -9.935002 2.489831 -13.75266 2.032274 -13.75266 2.032274 -9.935002 2.489831 -10.2708 2.538031 -13.75266 2.032274 -10.2708 2.538031 -10.57247 2.584617 -13.75266 2.032274 -10.57247 2.584617 -13.34769 2.338097 -13.34769 2.338097 -10.57247 2.584617 -10.84308 2.628249 -13.34769 2.338097 -10.84308 2.628249 -11.08675 2.667507 -13.34769 2.338097 -11.08675 2.667507 -12.89342 2.564299 -12.89342 2.564299 -11.08675 2.667507 -11.51323 2.726921 -12.89342 2.564299 -11.51323 2.726921 -12.40531 2.703176 -12.40531 2.703176 -11.51323 2.726921 -11.9 2.75 -14.54502 -0.752573 -7.577663 -2.261662 -14.63827 -0.253738 -14.63827 -0.253738 -7.577663 -2.261662 -7.55131 -2.260045 -14.63827 -0.253738 -7.55131 -2.260045 -6.789627 -2.220852 -7.577663 -2.261662 -14.54502 -0.752573 -8.160564 -2.302219 -8.160564 -2.302219 -14.54502 -0.752573 -14.3617 -1.225781 -8.160564 -2.302219 -14.3617 -1.225781 -8.705904 -2.348914 -8.705904 -2.348914 -14.3617 -1.225781 -9.20928 -2.400214 -9.20928 -2.400214 -14.3617 -1.225781 -14.09455 -1.657245 -9.20928 -2.400214 -14.09455 -1.657245 -9.667226 -2.454441 -9.667226 -2.454441 -14.09455 -1.657245 -9.935002 -2.489831 -9.935002 -2.489831 -14.09455 -1.657245 -13.75266 -2.032275 -9.935002 -2.489831 -13.75266 -2.032275 -10.2708 -2.538031 -10.2708 -2.538031 -13.75266 -2.032275 -10.57248 -2.584617 -10.57248 -2.584617 -13.75266 -2.032275 -13.34769 -2.338097 -10.57248 -2.584617 -13.34769 -2.338097 -10.84309 -2.628249 -10.84309 -2.628249 -13.34769 -2.338097 -11.08675 -2.667507 -11.08675 -2.667507 -13.34769 -2.338097 -12.89341 -2.564299 -11.08675 -2.667507 -12.89341 -2.564299 -11.51324 -2.726921 -11.51324 -2.726921 -12.89341 -2.564299 -12.40531 -2.703176 -11.51324 -2.726921 -12.40531 -2.703176 -11.9 -2.75 -3.602733 0.585501 -3.65 0 -2.6 0 -2.6 0 -3.65 0 -3.602733 -0.585501 -2.6 0 -3.602733 -0.585501 -2.553015 -0.492053 -2.553015 -0.492053 -3.602733 -0.585501 -3.462158 -1.155838 -2.553015 -0.492053 -3.462158 -1.155838 -2.413757 -0.966322 -2.413757 -0.966322 -3.462158 -1.155838 -3.231914 -1.69624 -2.413757 -0.966322 -3.231914 -1.69624 -2.187259 -1.405666 -2.187259 -1.405666 -3.231914 -1.69624 -2.917966 -2.192709 -2.187259 -1.405666 -2.917966 -2.192709 -1.881708 -1.794205 -1.881708 -1.794205 -2.917966 -2.192709 -2.528444 -2.632389 -1.881708 -1.794205 -2.528444 -2.632389 -1.508148 -2.117897 -1.508148 -2.117897 -2.528444 -2.632389 -2.073436 -3.003891 -1.508148 -2.117897 -2.073436 -3.003891 -1.564728 -3.297594 -1.508148 -2.117897 -1.564728 -3.297594 -1.080079 -2.365043 -1.080079 -2.365043 -1.564728 -3.297594 -1.015494 -3.505891 -1.080079 -2.365043 -1.015494 -3.505891 -0.612973 -2.52671 -0.612973 -2.52671 -1.015494 -3.505891 -0.439959 -3.623387 -0.612973 -2.52671 -0.439959 -3.623387 -0.123713 -2.597055 -0.123713 -2.597055 -0.439959 -3.623387 0.146971 -3.64704 -0.123713 -2.597055 0.146971 -3.64704 0.370019 -2.573536 0.370019 -2.573536 0.146971 -3.64704 0.730094 -3.576236 0.370019 -2.573536 0.730094 -3.576236 0.850377 -2.457002 0.850377 -2.457002 0.730094 -3.576236 1.294308 -3.412809 0.850377 -2.457002 1.294308 -3.412809 1.3 -2.251666 1.3 -2.251666 1.294308 -3.412809 1.825 -3.160993 1.3 -2.251666 1.825 -3.160993 2.308426 -2.827308 1.3 -2.251666 2.308426 -2.827308 1.702638 -1.964949 1.702638 -1.964949 2.308426 -2.827308 2.732064 -2.420398 1.702638 -1.964949 2.732064 -2.420398 2.043738 -1.607213 2.043738 -1.607213 2.732064 -2.420398 3.084944 -1.9508 2.043738 -1.607213 3.084944 -1.9508 2.310972 -1.191389 2.310972 -1.191389 3.084944 -1.9508 3.357925 -1.430678 2.310972 -1.191389 3.357925 -1.430678 2.494682 -0.732505 2.494682 -0.732505 3.357925 -1.430678 3.543938 -0.873502 2.494682 -0.732505 3.543938 -0.873502 2.588227 -0.247146 2.588227 -0.247146 3.543938 -0.873502 3.638164 -0.293703 2.588227 -0.247146 3.638164 -0.293703 2.588227 0.247146 2.588227 0.247146 3.638164 -0.293703 3.638164 0.293703 2.588227 0.247146 3.638164 0.293703 3.543938 0.873502 2.588227 0.247146 3.543938 0.873502 2.494682 0.732505 2.494682 0.732505 3.543938 0.873502 3.357925 1.430678 2.494682 0.732505 3.357925 1.430678 2.310972 1.191389 2.310972 1.191389 3.357925 1.430678 3.084944 1.9508 2.310972 1.191389 3.084944 1.9508 2.043738 1.607213 2.043738 1.607213 3.084944 1.9508 2.732064 2.420398 2.043738 1.607213 2.732064 2.420398 1.702638 1.964949 1.702638 1.964949 2.732064 2.420398 2.308426 2.827308 1.702638 1.964949 2.308426 2.827308 1.3 2.251666 1.3 2.251666 2.308426 2.827308 1.825 3.160993 1.3 2.251666 1.825 3.160993 1.294308 3.412809 1.3 2.251666 1.294308 3.412809 0.850377 2.457002 0.850377 2.457002 1.294308 3.412809 0.730094 3.576236 0.850377 2.457002 0.730094 3.576236 0.370019 2.573536 0.370019 2.573536 0.730094 3.576236 0.146971 3.64704 0.370019 2.573536 0.146971 3.64704 -0.123713 2.597055 -0.123713 2.597055 0.146971 3.64704 -0.439959 3.623387 -0.123713 2.597055 -0.439959 3.623387 -0.612973 2.52671 -0.612973 2.52671 -0.439959 3.623387 -1.015494 3.505891 -0.612973 2.52671 -1.015494 3.505891 -1.080079 2.365043 -1.080079 2.365043 -1.015494 3.505891 -1.564728 3.297594 -1.080079 2.365043 -1.564728 3.297594 -1.508148 2.117897 -1.508148 2.117897 -1.564728 3.297594 -2.073436 3.003891 -1.508148 2.117897 -2.073436 3.003891 -2.528444 2.632389 -1.508148 2.117897 -2.528444 2.632389 -1.881708 1.794205 -1.881708 1.794205 -2.528444 2.632389 -2.917966 2.192709 -1.881708 1.794205 -2.917966 2.192709 -2.187259 1.405666 -2.187259 1.405666 -2.917966 2.192709 -3.231914 1.69624 -2.187259 1.405666 -3.231914 1.69624 -2.413757 0.966322 -2.413757 0.966322 -3.231914 1.69624 -3.462158 1.155838 -2.413757 0.966322 -3.462158 1.155838 -2.553015 0.492053 -2.553015 0.492053 -3.462158 1.155838 -3.602733 0.585501 -2.553015 0.492053 -3.602733 0.585501 -2.6 0 0 6.967604 -0.5 6.516889 0 6.361725 0 6.361725 -0.5 6.516889 -0.5 5.896233 0 6.361725 -0.5 5.896233 0 5.755847 0 5.755847 -0.5 5.896233 -0.5 5.275577 0 5.755847 -0.5 5.275577 0 5.149968 0 5.149968 -0.5 5.275577 -0.5 4.654921 0 5.149968 -0.5 4.654921 0 4.544089 0 4.544089 -0.5 4.654921 -0.5 4.034265 0 4.544089 -0.5 4.034265 0 3.938211 0 3.938211 -0.5 4.034265 -0.5 3.413609 0 3.938211 -0.5 3.413609 0 3.332332 0 3.332332 -0.5 3.413609 -0.5 2.792952 0 3.332332 -0.5 2.792952 0 2.726454 0 2.726454 -0.5 2.792952 -0.5 2.172296 0 2.726454 -0.5 2.172296 0 2.120575 0 2.120575 -0.5 2.172296 -0.5 1.55164 0 2.120575 -0.5 1.55164 0 1.514696 0 1.514696 -0.5 1.55164 -0.5 0.930984 0 1.514696 -0.5 0.930984 0 0.908818 0 0.908818 -0.5 0.930984 -0.5 0.310328 0 0.908818 -0.5 0.310328 0 0.302939 0 0.302939 -0.5 0.310328 0 -0.302939 0 -0.302939 -0.5 0.310328 -0.5 -0.310328 0 -0.302939 -0.5 -0.310328 0 -0.908818 0 -0.908818 -0.5 -0.310328 -0.5 -0.930984 0 -0.908818 -0.5 -0.930984 0 -1.514696 0 -1.514696 -0.5 -0.930984 -0.5 -1.55164 0 -1.514696 -0.5 -1.55164 0 -2.120575 0 -2.120575 -0.5 -1.55164 -0.5 -2.172296 0 -2.120575 -0.5 -2.172296 0 -2.726454 0 -2.726454 -0.5 -2.172296 -0.5 -2.792952 0 -2.726454 -0.5 -2.792952 0 -3.332332 0 -3.332332 -0.5 -2.792952 -0.5 -3.413609 0 -3.332332 -0.5 -3.413609 0 -3.938211 0 -3.938211 -0.5 -3.413609 -0.5 -4.034265 0 -3.938211 -0.5 -4.034265 0 -4.544089 0 -4.544089 -0.5 -4.034265 -0.5 -4.654921 0 -4.544089 -0.5 -4.654921 0 -5.149968 0 -5.149968 -0.5 -4.654921 -0.5 -5.275577 0 -5.149968 -0.5 -5.275577 0 -5.755847 0 -5.755847 -0.5 -5.275577 -0.5 -5.896233 0 -5.755847 -0.5 -5.896233 0 -6.361725 0 -6.361725 -0.5 -5.896233 -0.5 -6.516889 0 -6.361725 -0.5 -6.516889 0 -6.967604 0 -6.967604 -0.5 -6.516889 -0.5 -7.137545 0 -6.967604 -0.5 -7.137545 0 -7.573482 0 -7.573482 -0.5 -7.137545 -0.5 -7.758201 0 -7.573482 -0.5 -7.758201 0 -8.179362 0 -8.179362 -0.5 -7.758201 -0.5 -8.378857 0 -8.179362 -0.5 -8.378857 0 -8.78524 0 -8.78524 -0.5 -8.378857 -0.5 -8.999514 0 -8.78524 -0.5 -8.999514 0 -9.391119 0 -9.391119 -0.5 -8.999514 -0.5 -9.62017 0 -9.391119 -0.5 -9.62017 0 -9.996997 0 -9.996997 -0.5 -9.62017 -0.5 -10.24083 0 -9.996997 -0.5 -10.24083 0 -10.60287 0 -10.60287 -0.5 -10.24083 -0.5 -10.86148 0 -10.60287 -0.5 -10.86148 0 -11.20875 0 -11.20875 -0.5 -10.86148 -0.5 -11.48214 0 -11.20875 -0.5 -11.48214 0 -11.81463 0 -11.81463 -0.5 -11.48214 -0.5 -12.10279 0 -11.81463 -0.5 -12.10279 0 -12.42051 0 -12.42051 -0.5 -12.10279 -0.5 -12.72345 0 -12.42051 -0.5 -12.72345 0 -13.02639 0 12.42051 -0.5 12.72345 -0.5 12.10279 0 12.42051 -0.5 12.10279 0 11.81463 0 11.81463 -0.5 12.10279 -0.5 11.48214 0 11.81463 -0.5 11.48214 0 11.20875 0 11.20875 -0.5 11.48214 -0.5 10.86148 0 11.20875 -0.5 10.86148 0 10.60287 0 10.60287 -0.5 10.86148 -0.5 10.24083 0 10.60287 -0.5 10.24083 0 9.996997 0 9.996997 -0.5 10.24083 -0.5 9.62017 0 9.996997 -0.5 9.62017 0 9.391119 0 9.391119 -0.5 9.62017 -0.5 8.999514 0 9.391119 -0.5 8.999514 0 8.78524 0 8.78524 -0.5 8.999514 -0.5 8.378857 0 8.78524 -0.5 8.378857 0 8.179362 0 8.179362 -0.5 8.378857 -0.5 7.758201 0 8.179362 -0.5 7.758201 0 7.573482 0 7.573482 -0.5 7.758201 -0.5 7.137545 0 7.573482 -0.5 7.137545 0 6.967604 0 6.967604 -0.5 7.137545 -0.5 6.516889</float_array>
          <technique_common>
            <accessor source="#calf-mesh-map-0-array" count="21702" stride="2">
              <param name="S" type="float"/>
              <param name="T" type="float"/>
            </accessor>
          </technique_common>
        </source>
        <vertices id="calf-mesh-vertices">
          <input semantic="POSITION" source="#calf-mesh-positions"/>
        </vertices>
        <triangles material="Opaque_38_83_143__007-material" count="518">
          <input semantic="VERTEX" source="#calf-mesh-vertices" offset="0"/>
          <input semantic="NORMAL" source="#calf-mesh-normals" offset="1"/>
          <input semantic="TEXCOORD" source="#calf-mesh-map-0" offset="2" set="0"/>
          <p>1 0 0 55 1 1 0 2 2 0 2 3 55 1 4 53 3 5 0 2 6 53 3 7 54 4 8 55 1 9 1 0 10 56 5 11 56 5 12 1 0 13 2 6 14 56 5 15 2 6 16 57 7 17 57 7 18 2 6 19 3 8 20 57 7 21 3 8 22 58 9 23 58 9 24 3 8 25 4 10 26 58 9 27 4 10 28 59 11 29 59 11 30 4 10 31 5 12 32 59 11 33 5 12 34 60 13 35 60 13 36 5 12 37 6 14 38 60 13 39 6 14 40 48 15 41 48 15 42 6 14 43 80 16 44 48 15 45 80 16 46 47 17 47 47 17 48 80 16 49 61 18 50 47 17 51 61 18 52 62 19 53 62 19 54 61 18 55 7 20 56 62 19 57 7 20 58 8 21 59 6 14 60 7 20 61 80 16 62 80 16 63 7 20 64 61 18 65 9 22 66 79 23 67 8 21 68 8 21 69 79 23 70 46 24 71 8 21 72 46 24 73 62 19 74 62 19 75 46 24 76 47 17 77 10 25 78 64 26 79 9 22 80 9 22 81 64 26 82 63 27 83 9 22 84 63 27 85 79 23 86 79 23 87 63 27 88 45 28 89 79 23 90 45 28 91 46 24 92 11 29 93 66 30 94 10 25 95 10 25 96 66 30 97 65 31 98 10 25 99 65 31 100 64 26 101 64 26 102 65 31 103 44 32 104 64 26 105 44 32 106 45 28 107 12 33 108 68 34 109 11 29 110 11 29 111 68 34 112 67 35 113 11 29 114 67 35 115 66 30 116 66 30 117 67 35 118 43 36 119 66 30 120 43 36 121 44 32 122 13 37 123 70 38 124 12 33 125 12 33 126 70 38 127 69 39 128 12 33 129 69 39 130 68 34 131 68 34 132 69 39 133 42 40 134 68 34 135 42 40 136 43 36 137 70 38 138 13 37 139 71 41 140 71 41 141 13 37 142 14 42 143 71 41 144 14 42 145 72 43 146 72 43 147 14 42 148 15 44 149 72 43 150 15 44 151 73 45 152 73 45 153 15 44 154 16 46 155 73 45 156 16 46 157 38 47 158 38 47 159 16 46 160 81 48 161 38 47 162 81 48 163 37 49 164 37 49 165 81 48 166 17 50 167 37 49 168 17 50 169 82 51 170 82 51 171 17 50 172 18 52 173 82 51 174 18 52 175 36 53 176 36 53 177 18 52 178 74 54 179 36 53 180 74 54 181 35 55 182 35 55 183 74 54 184 34 56 185 34 56 186 74 54 187 75 57 188 34 56 189 75 57 190 33 58 191 33 58 192 75 57 193 21 59 194 33 58 195 21 59 196 83 60 197 83 60 198 21 59 199 22 61 200 83 60 201 22 61 202 32 62 203 32 62 204 22 61 205 76 63 206 32 62 207 76 63 208 31 64 209 31 64 210 76 63 211 77 65 212 31 64 213 77 65 214 30 66 215 30 66 216 77 65 217 78 67 218 30 66 219 78 67 220 29 68 221 29 68 222 78 67 223 26 69 224 29 68 225 26 69 226 84 70 227 84 70 228 26 69 229 27 71 230 84 70 231 27 71 232 28 72 233 16 46 234 17 50 235 81 48 236 18 52 237 19 73 238 74 54 239 74 54 240 19 73 241 75 57 242 19 73 243 20 74 244 75 57 245 75 57 246 20 74 247 21 59 248 22 61 249 23 75 250 76 63 251 76 63 252 23 75 253 77 65 254 23 75 255 24 76 256 77 65 257 77 65 258 24 76 259 78 67 260 24 76 261 25 77 262 78 67 263 78 67 264 25 77 265 26 69 266 28 72 267 29 68 268 84 70 269 32 62 270 33 58 271 83 60 272 36 53 273 37 49 274 82 51 275 38 47 276 39 78 277 73 45 278 73 45 279 39 78 280 72 43 281 39 78 282 40 79 283 72 43 284 72 43 285 40 79 286 71 41 287 40 79 288 41 80 289 71 41 290 71 41 291 41 80 292 70 38 293 41 80 294 42 40 295 70 38 296 70 38 297 42 40 298 69 39 299 48 15 300 49 81 301 60 13 302 60 13 303 49 81 304 59 11 305 59 11 306 49 81 307 58 9 308 58 9 309 49 81 310 50 82 311 58 9 312 50 82 313 57 7 314 57 7 315 50 82 316 51 83 317 57 7 318 51 83 319 56 5 320 56 5 321 51 83 322 52 84 323 56 5 324 52 84 325 55 1 326 55 1 327 52 84 328 53 3 329 43 36 330 67 35 331 68 34 332 44 32 333 65 31 334 66 30 335 45 28 336 63 27 337 64 26 338 139 85 339 85 86 340 140 87 341 140 87 342 85 86 343 86 88 344 140 87 345 86 88 346 141 89 347 141 89 348 86 88 349 87 90 350 141 89 351 87 90 352 88 91 353 141 89 354 88 91 355 142 92 356 142 92 357 88 91 358 89 93 359 142 92 360 89 93 361 90 94 362 142 92 363 90 94 364 143 95 365 143 95 366 90 94 367 91 96 368 143 95 369 91 96 370 144 97 371 144 97 372 91 96 373 92 98 374 144 97 375 92 98 376 145 99 377 145 99 378 92 98 379 93 100 380 145 99 381 93 100 382 146 101 383 146 101 384 93 100 385 94 102 386 146 101 387 94 102 388 147 103 389 147 103 390 94 102 391 95 104 392 147 103 393 95 104 394 148 105 395 148 105 396 95 104 397 96 106 398 148 105 399 96 106 400 149 107 401 149 107 402 96 106 403 97 108 404 149 107 405 97 108 406 150 109 407 150 109 408 97 108 409 98 110 410 150 109 411 98 110 412 151 111 413 151 111 414 98 110 415 99 112 416 151 111 417 99 112 418 152 113 419 152 113 420 99 112 421 100 114 422 152 113 423 100 114 424 153 115 425 153 115 426 100 114 427 101 116 428 153 115 429 101 116 430 154 117 431 154 117 432 101 116 433 102 118 434 154 117 435 102 118 436 155 119 437 155 119 438 102 118 439 103 120 440 155 119 441 103 120 442 104 121 443 155 119 444 104 121 445 156 122 446 156 122 447 104 121 448 105 123 449 156 122 450 105 123 451 157 124 452 157 124 453 105 123 454 106 125 455 157 124 456 106 125 457 158 126 458 158 126 459 106 125 460 107 127 461 158 126 462 107 127 463 159 128 464 159 128 465 107 127 466 108 129 467 159 128 468 108 129 469 160 130 470 160 130 471 108 129 472 109 131 473 160 130 474 109 131 475 161 132 476 161 132 477 109 131 478 110 133 479 161 132 480 110 133 481 162 134 482 162 134 483 110 133 484 111 135 485 162 134 486 111 135 487 112 136 488 112 136 489 113 137 490 162 134 491 162 134 492 113 137 493 114 138 494 162 134 495 114 138 496 161 132 497 161 132 498 114 138 499 115 139 500 161 132 501 115 139 502 160 130 503 160 130 504 115 139 505 116 140 506 160 130 507 116 140 508 159 128 509 159 128 510 116 140 511 117 141 512 159 128 513 117 141 514 158 126 515 158 126 516 117 141 517 118 142 518 158 126 519 118 142 520 119 143 521 158 126 522 119 143 523 157 124 524 157 124 525 119 143 526 120 144 527 157 124 528 120 144 529 156 122 530 156 122 531 120 144 532 121 145 533 156 122 534 121 145 535 155 119 536 155 119 537 121 145 538 122 146 539 155 119 540 122 146 541 154 117 542 154 117 543 122 146 544 123 147 545 154 117 546 123 147 547 153 115 548 153 115 549 123 147 550 124 148 551 153 115 552 124 148 553 152 113 554 152 113 555 124 148 556 125 149 557 152 113 558 125 149 559 151 111 560 151 111 561 125 149 562 126 150 563 151 111 564 126 150 565 150 109 566 150 109 567 126 150 568 127 151 569 150 109 570 127 151 571 149 107 572 149 107 573 127 151 574 128 152 575 149 107 576 128 152 577 148 105 578 148 105 579 128 152 580 129 153 581 148 105 582 129 153 583 147 103 584 147 103 585 129 153 586 130 154 587 147 103 588 130 154 589 146 101 590 146 101 591 130 154 592 131 155 593 146 101 594 131 155 595 145 99 596 145 99 597 131 155 598 132 156 599 145 99 600 132 156 601 144 97 602 144 97 603 132 156 604 133 157 605 144 97 606 133 157 607 134 158 608 144 97 609 134 158 610 143 95 611 143 95 612 134 158 613 135 159 614 143 95 615 135 159 616 142 92 617 142 92 618 135 159 619 136 160 620 142 92 621 136 160 622 137 161 623 142 92 624 137 161 625 141 89 626 141 89 627 137 161 628 138 162 629 141 89 630 138 162 631 140 87 632 140 87 633 138 162 634 139 85 635 181 163 636 163 164 637 182 165 638 182 165 639 163 164 640 164 166 641 182 165 642 164 166 643 197 167 644 197 167 645 164 166 646 165 168 647 197 167 648 165 168 649 196 169 650 196 169 651 165 168 652 166 170 653 196 169 654 166 170 655 195 171 656 195 171 657 166 170 658 167 172 659 195 171 660 167 172 661 194 173 662 194 173 663 167 172 664 168 174 665 194 173 666 168 174 667 193 175 668 193 175 669 168 174 670 169 176 671 193 175 672 169 176 673 170 177 674 193 175 675 170 177 676 192 178 677 192 178 678 170 177 679 171 179 680 192 178 681 171 179 682 191 180 683 191 180 684 171 179 685 172 181 686 191 180 687 172 181 688 190 182 689 190 182 690 172 181 691 173 183 692 190 182 693 173 183 694 189 184 695 189 184 696 173 183 697 174 185 698 189 184 699 174 185 700 188 186 701 188 186 702 174 185 703 175 187 704 188 186 705 175 187 706 187 188 707 187 188 708 175 187 709 176 189 710 187 188 711 176 189 712 177 190 713 187 188 714 177 190 715 186 191 716 186 191 717 177 190 718 178 192 719 186 191 720 178 192 721 185 193 722 185 193 723 178 192 724 179 194 725 185 193 726 179 194 727 184 195 728 184 195 729 179 194 730 180 196 731 184 195 732 180 196 733 183 197 734 183 197 735 180 196 736 181 163 737 183 197 738 181 163 739 182 165 740 27 198 741 26 199 742 219 198 743 219 198 744 26 199 745 218 200 746 218 200 747 26 199 748 25 201 749 218 200 750 25 201 751 24 202 752 24 202 753 23 203 754 218 200 755 218 200 756 23 203 757 217 204 758 217 204 759 23 203 760 22 205 761 217 204 762 22 205 763 21 206 764 20 207 765 168 208 766 21 206 767 21 206 768 168 208 769 216 209 770 21 206 771 216 209 772 217 204 773 20 207 774 19 210 775 168 208 776 168 208 777 19 210 778 18 211 779 168 208 780 18 211 781 169 212 782 169 212 783 18 211 784 17 213 785 169 212 786 17 213 787 16 214 788 169 212 789 16 214 790 170 215 791 170 215 792 16 214 793 15 216 794 170 215 795 15 216 796 14 217 797 170 215 798 14 217 799 171 218 800 171 218 801 14 217 802 13 219 803 171 218 804 13 219 805 172 220 806 172 220 807 13 219 808 12 221 809 172 220 810 12 221 811 100 222 812 100 222 813 12 221 814 101 223 815 101 223 816 12 221 817 11 224 818 101 223 819 11 224 820 10 225 821 9 226 822 201 227 823 10 225 824 10 225 825 201 227 826 102 228 827 10 225 828 102 228 829 101 223 830 201 227 831 9 226 832 200 229 833 200 229 834 9 226 835 8 230 836 200 229 837 8 230 838 199 231 839 199 231 840 8 230 841 7 232 842 199 231 843 7 232 844 6 233 845 199 231 846 6 233 847 198 234 848 198 234 849 6 233 850 5 235 851 198 234 852 5 235 853 4 236 854 4 236 855 3 237 856 198 234 857 198 234 858 3 237 859 2 238 860 198 234 861 2 238 862 1 239 863 1 239 864 0 198 865 198 234 866 102 228 867 201 227 868 103 240 869 103 240 870 201 227 871 202 241 872 103 240 873 202 241 874 104 242 875 104 242 876 202 241 877 203 243 878 104 242 879 203 243 880 105 198 881 105 198 882 203 243 883 106 244 884 106 244 885 203 243 886 204 245 887 106 244 888 204 245 889 107 246 890 107 246 891 204 245 892 108 236 893 108 236 894 204 245 895 109 247 896 109 247 897 204 245 898 110 248 899 110 248 900 204 245 901 111 249 902 111 249 903 204 245 904 112 198 905 172 220 906 100 222 907 173 250 908 173 250 909 100 222 910 99 219 911 173 250 912 99 219 913 174 218 914 174 218 915 99 219 916 98 217 917 174 218 918 98 217 919 175 251 920 175 251 921 98 217 922 97 216 923 175 251 924 97 216 925 96 252 926 175 251 927 96 252 928 176 253 929 176 253 930 96 252 931 95 213 932 176 253 933 95 213 934 94 254 935 176 253 936 94 254 937 177 255 938 177 255 939 94 254 940 93 256 941 177 255 942 93 256 943 92 257 944 92 257 945 91 258 946 177 255 947 177 255 948 91 258 949 208 259 950 177 255 951 208 259 952 209 198 953 208 259 954 91 258 955 207 260 956 207 260 957 91 258 958 90 261 959 207 260 960 90 261 961 89 262 962 207 260 963 89 262 964 206 263 965 206 263 966 89 262 967 88 264 968 206 263 969 88 264 970 87 265 971 87 265 972 86 266 973 206 263 974 206 263 975 86 266 976 205 267 977 205 267 978 86 266 979 85 198 980 177 255 981 209 198 982 178 198 983 178 198 984 209 198 985 210 198 986 178 198 987 210 198 988 179 198 989 179 198 990 210 198 991 180 198 992 180 198 993 210 198 994 211 268 995 180 198 996 211 268 997 181 269 998 181 269 999 211 268 1000 212 270 1001 181 269 1002 212 270 1003 163 198 1004 163 198 1005 212 270 1006 164 269 1007 164 269 1008 212 270 1009 213 268 1010 164 269 1011 213 268 1012 165 198 1013 165 198 1014 213 268 1015 214 271 1016 165 198 1017 214 271 1018 166 272 1019 166 272 1020 214 271 1021 167 273 1022 167 273 1023 214 271 1024 215 198 1025 167 273 1026 215 198 1027 168 208 1028 168 208 1029 215 198 1030 216 209 1031 197 274 1032 235 275 1033 182 276 1034 182 276 1035 235 275 1036 220 277 1037 182 276 1038 220 277 1039 183 278 1040 183 278 1041 220 277 1042 221 279 1043 183 278 1044 221 279 1045 184 280 1046 184 280 1047 221 279 1048 222 281 1049 184 280 1050 222 281 1051 185 282 1052 185 282 1053 222 281 1054 223 283 1055 185 282 1056 223 283 1057 186 284 1058 186 284 1059 223 283 1060 224 285 1061 186 284 1062 224 285 1063 187 286 1064 187 286 1065 224 285 1066 225 287 1067 187 286 1068 225 287 1069 188 288 1070 188 288 1071 225 287 1072 226 289 1073 188 288 1074 226 289 1075 189 290 1076 189 290 1077 226 289 1078 227 291 1079 189 290 1080 227 291 1081 190 292 1082 190 292 1083 227 291 1084 228 293 1085 190 292 1086 228 293 1087 191 294 1088 191 294 1089 228 293 1090 229 295 1091 191 294 1092 229 295 1093 192 296 1094 192 296 1095 229 295 1096 230 297 1097 192 296 1098 230 297 1099 193 298 1100 193 298 1101 230 297 1102 231 299 1103 193 298 1104 231 299 1105 194 300 1106 194 300 1107 231 299 1108 232 301 1109 194 300 1110 232 301 1111 195 302 1112 195 302 1113 232 301 1114 233 303 1115 195 302 1116 233 303 1117 196 304 1118 196 304 1119 233 303 1120 234 305 1121 196 304 1122 234 305 1123 197 274 1124 197 274 1125 234 305 1126 235 275 1127 28 72 1128 27 71 1129 251 306 1130 251 306 1131 27 71 1132 219 307 1133 251 306 1134 219 307 1135 250 308 1136 250 308 1137 219 307 1138 218 309 1139 250 308 1140 218 309 1141 249 310 1142 249 310 1143 218 309 1144 217 311 1145 249 310 1146 217 311 1147 248 312 1148 248 312 1149 217 311 1150 216 313 1151 248 312 1152 216 313 1153 247 314 1154 247 314 1155 216 313 1156 215 315 1157 247 314 1158 215 315 1159 246 316 1160 246 316 1161 215 315 1162 214 317 1163 246 316 1164 214 317 1165 245 318 1166 245 318 1167 214 317 1168 213 319 1169 245 318 1170 213 319 1171 244 320 1172 244 320 1173 213 319 1174 212 321 1175 244 320 1176 212 321 1177 243 322 1178 243 322 1179 212 321 1180 211 323 1181 243 322 1182 211 323 1183 242 324 1184 242 324 1185 211 323 1186 210 325 1187 242 324 1188 210 325 1189 241 326 1190 241 326 1191 210 325 1192 209 327 1193 241 326 1194 209 327 1195 240 328 1196 240 328 1197 209 327 1198 208 329 1199 240 328 1200 208 329 1201 239 330 1202 239 330 1203 208 329 1204 207 331 1205 239 330 1206 207 331 1207 238 332 1208 238 332 1209 207 331 1210 206 333 1211 238 332 1212 206 333 1213 237 334 1214 237 334 1215 206 333 1216 205 335 1217 237 334 1218 205 335 1219 236 336 1220 236 336 1221 205 335 1222 85 86 1223 236 336 1224 85 86 1225 139 85 1226 54 337 1227 252 338 1228 0 339 1229 0 339 1230 252 338 1231 198 340 1232 198 340 1233 252 338 1234 199 341 1235 199 341 1236 252 338 1237 253 342 1238 199 341 1239 253 342 1240 200 343 1241 200 343 1242 253 342 1243 254 344 1244 200 343 1245 254 344 1246 201 345 1247 201 345 1248 254 344 1249 255 346 1250 201 345 1251 255 346 1252 202 347 1253 202 347 1254 255 346 1255 256 348 1256 202 347 1257 256 348 1258 203 349 1259 203 349 1260 256 348 1261 257 350 1262 203 349 1263 257 350 1264 204 351 1265 204 351 1266 257 350 1267 258 352 1268 113 353 1269 112 354 1270 258 352 1271 258 352 1272 112 354 1273 204 351 1274 113 355 1275 258 356 1276 114 355 1277 114 355 1278 258 356 1279 115 357 1280 115 357 1281 258 356 1282 116 358 1283 116 358 1284 258 356 1285 117 355 1286 117 355 1287 258 356 1288 118 355 1289 118 355 1290 258 356 1291 119 355 1292 119 355 1293 258 356 1294 120 359 1295 120 359 1296 258 356 1297 257 360 1298 120 359 1299 257 360 1300 121 361 1301 121 361 1302 257 360 1303 256 362 1304 121 361 1305 256 362 1306 122 363 1307 122 363 1308 256 362 1309 123 364 1310 123 364 1311 256 362 1312 255 365 1313 123 364 1314 255 365 1315 44 366 1316 44 366 1317 255 365 1318 254 367 1319 44 366 1320 254 367 1321 45 368 1322 45 368 1323 254 367 1324 46 369 1325 46 369 1326 254 367 1327 253 360 1328 46 369 1329 253 360 1330 47 370 1331 47 370 1332 253 360 1333 252 371 1334 47 370 1335 252 371 1336 48 355 1337 48 355 1338 252 371 1339 49 355 1340 49 355 1341 252 371 1342 50 355 1343 50 355 1344 252 371 1345 51 372 1346 51 372 1347 252 371 1348 52 373 1349 52 373 1350 252 371 1351 53 355 1352 53 355 1353 252 371 1354 54 355 1355 123 364 1356 44 366 1357 124 374 1358 124 374 1359 44 366 1360 43 375 1361 124 374 1362 43 375 1363 42 376 1364 41 377 1365 229 378 1366 42 376 1367 42 376 1368 229 378 1369 228 379 1370 42 376 1371 228 379 1372 125 380 1373 125 380 1374 228 379 1375 227 381 1376 125 380 1377 227 381 1378 126 382 1379 126 382 1380 227 381 1381 226 383 1382 126 382 1383 226 383 1384 127 355 1385 127 355 1386 226 383 1387 128 384 1388 128 384 1389 226 383 1390 225 385 1391 128 384 1392 225 385 1393 129 355 1394 129 355 1395 225 385 1396 130 355 1397 130 355 1398 225 385 1399 131 386 1400 131 386 1401 225 385 1402 224 387 1403 131 386 1404 224 387 1405 132 355 1406 132 355 1407 224 387 1408 240 388 1409 132 355 1410 240 388 1411 133 389 1412 133 389 1413 240 388 1414 239 390 1415 133 389 1416 239 390 1417 134 391 1418 134 391 1419 239 390 1420 135 392 1421 135 392 1422 239 390 1423 238 393 1424 135 392 1425 238 393 1426 136 394 1427 136 394 1428 238 393 1429 137 355 1430 137 355 1431 238 393 1432 237 395 1433 137 355 1434 237 395 1435 138 396 1436 138 396 1437 237 395 1438 236 397 1439 138 396 1440 236 397 1441 139 355 1442 229 378 1443 41 377 1444 230 398 1445 230 398 1446 41 377 1447 40 399 1448 230 398 1449 40 399 1450 39 400 1451 230 398 1452 39 400 1453 231 401 1454 231 401 1455 39 400 1456 38 402 1457 231 401 1458 38 402 1459 37 403 1460 37 403 1461 36 404 1462 231 401 1463 231 401 1464 36 404 1465 232 405 1466 232 405 1467 36 404 1468 35 406 1469 232 405 1470 35 406 1471 247 407 1472 247 407 1473 35 406 1474 34 408 1475 247 407 1476 34 408 1477 248 409 1478 248 409 1479 34 408 1480 33 410 1481 248 409 1482 33 410 1483 32 411 1484 248 409 1485 32 411 1486 249 412 1487 249 412 1488 32 411 1489 31 413 1490 249 412 1491 31 413 1492 30 414 1493 249 412 1494 30 414 1495 250 415 1496 250 415 1497 30 414 1498 29 416 1499 250 415 1500 29 416 1501 251 417 1502 251 417 1503 29 416 1504 28 418 1505 247 407 1506 246 419 1507 232 405 1508 232 405 1509 246 419 1510 233 420 1511 233 420 1512 246 419 1513 245 421 1514 233 420 1515 245 421 1516 234 422 1517 234 422 1518 245 421 1519 244 423 1520 234 422 1521 244 423 1522 235 424 1523 235 424 1524 244 423 1525 220 425 1526 220 425 1527 244 423 1528 243 426 1529 220 425 1530 243 426 1531 221 427 1532 221 427 1533 243 426 1534 222 428 1535 222 428 1536 243 426 1537 242 421 1538 222 428 1539 242 421 1540 223 420 1541 223 420 1542 242 421 1543 241 429 1544 223 420 1545 241 429 1546 224 387 1547 224 387 1548 241 429 1549 240 388 1550 125 380 1551 124 374 1552 42 376 1553</p>
        </triangles>
        <triangles material="Opaque_63_63_63__009-material" count="6716">
          <input semantic="VERTEX" source="#calf-mesh-vertices" offset="0"/>
          <input semantic="NORMAL" source="#calf-mesh-normals" offset="1"/>
          <input semantic="TEXCOORD" source="#calf-mesh-map-0" offset="2" set="0"/>
          <p>260 430 1554 326 431 1555 259 432 1556 259 432 1557 326 431 1558 293 433 1559 259 432 1560 293 433 1561 292 434 1562 292 434 1563 293 433 1564 294 435 1565 292 434 1566 294 435 1567 291 436 1568 291 436 1569 294 435 1570 295 437 1571 291 436 1572 295 437 1573 290 438 1574 290 438 1575 295 437 1576 296 439 1577 290 438 1578 296 439 1579 289 440 1580 289 440 1581 296 439 1582 297 441 1583 289 440 1584 297 441 1585 288 442 1586 288 442 1587 297 441 1588 298 443 1589 288 442 1590 298 443 1591 287 444 1592 287 444 1593 298 443 1594 299 445 1595 287 444 1596 299 445 1597 286 446 1598 286 446 1599 299 445 1600 300 447 1601 286 446 1602 300 447 1603 285 448 1604 285 448 1605 300 447 1606 301 449 1607 285 448 1608 301 449 1609 284 450 1610 284 450 1611 301 449 1612 302 451 1613 284 450 1614 302 451 1615 283 452 1616 283 452 1617 302 451 1618 303 453 1619 283 452 1620 303 453 1621 282 454 1622 282 454 1623 303 453 1624 304 455 1625 282 454 1626 304 455 1627 281 456 1628 281 456 1629 304 455 1630 305 457 1631 281 456 1632 305 457 1633 280 458 1634 280 458 1635 305 457 1636 306 459 1637 280 458 1638 306 459 1639 279 460 1640 279 460 1641 306 459 1642 307 461 1643 279 460 1644 307 461 1645 278 462 1646 278 462 1647 307 461 1648 308 463 1649 278 462 1650 308 463 1651 277 464 1652 277 464 1653 308 463 1654 309 465 1655 277 464 1656 309 465 1657 276 466 1658 276 466 1659 309 465 1660 310 467 1661 276 466 1662 310 467 1663 275 468 1664 275 468 1665 310 467 1666 311 469 1667 275 468 1668 311 469 1669 274 470 1670 274 470 1671 311 469 1672 312 471 1673 274 470 1674 312 471 1675 273 472 1676 273 472 1677 312 471 1678 313 473 1679 273 472 1680 313 473 1681 272 474 1682 272 474 1683 313 473 1684 314 475 1685 272 474 1686 314 475 1687 271 476 1688 271 476 1689 314 475 1690 315 477 1691 271 476 1692 315 477 1693 270 478 1694 270 478 1695 315 477 1696 316 479 1697 270 478 1698 316 479 1699 269 480 1700 269 480 1701 316 479 1702 317 481 1703 269 480 1704 317 481 1705 268 482 1706 268 482 1707 317 481 1708 318 483 1709 268 482 1710 318 483 1711 267 484 1712 267 484 1713 318 483 1714 319 485 1715 267 484 1716 319 485 1717 266 486 1718 266 486 1719 319 485 1720 320 487 1721 266 486 1722 320 487 1723 265 488 1724 265 488 1725 320 487 1726 321 489 1727 265 488 1728 321 489 1729 264 490 1730 264 490 1731 321 489 1732 322 491 1733 264 490 1734 322 491 1735 263 492 1736 263 492 1737 322 491 1738 323 493 1739 263 492 1740 323 493 1741 262 494 1742 262 494 1743 323 493 1744 324 495 1745 262 494 1746 324 495 1747 261 496 1748 261 496 1749 324 495 1750 325 497 1751 261 496 1752 325 497 1753 260 430 1754 260 430 1755 325 497 1756 326 431 1757 326 355 1758 311 355 1759 293 355 1760 293 355 1761 311 355 1762 310 355 1763 293 355 1764 310 355 1765 294 355 1766 294 355 1767 310 355 1768 309 355 1769 294 355 1770 309 355 1771 295 355 1772 295 355 1773 309 355 1774 308 355 1775 295 355 1776 308 355 1777 296 355 1778 296 355 1779 308 355 1780 307 355 1781 296 355 1782 307 355 1783 297 355 1784 297 355 1785 307 355 1786 306 355 1787 297 355 1788 306 355 1789 298 355 1790 298 355 1791 306 355 1792 305 355 1793 298 355 1794 305 355 1795 299 355 1796 299 355 1797 305 355 1798 304 355 1799 299 355 1800 304 355 1801 300 355 1802 300 355 1803 304 355 1804 303 355 1805 300 355 1806 303 355 1807 301 355 1808 301 355 1809 303 355 1810 302 355 1811 311 355 1812 326 355 1813 312 355 1814 312 355 1815 326 355 1816 325 355 1817 312 355 1818 325 355 1819 313 355 1820 313 355 1821 325 355 1822 324 355 1823 313 355 1824 324 355 1825 314 355 1826 314 355 1827 324 355 1828 323 355 1829 314 355 1830 323 355 1831 315 355 1832 315 355 1833 323 355 1834 322 355 1835 315 355 1836 322 355 1837 316 355 1838 316 355 1839 322 355 1840 321 355 1841 316 355 1842 321 355 1843 317 355 1844 317 355 1845 321 355 1846 320 355 1847 317 355 1848 320 355 1849 318 355 1850 318 355 1851 320 355 1852 319 355 1853 328 498 1854 329 499 1855 327 500 1856 327 500 1857 329 499 1858 330 501 1859 327 500 1860 330 501 1861 331 502 1862 327 500 1863 331 502 1864 343 503 1865 343 503 1866 331 502 1867 332 504 1868 343 503 1869 332 504 1870 333 505 1871 343 503 1872 333 505 1873 342 506 1874 342 506 1875 333 505 1876 334 507 1877 342 506 1878 334 507 1879 341 508 1880 341 508 1881 334 507 1882 335 509 1883 341 508 1884 335 509 1885 336 510 1886 336 510 1887 337 511 1888 341 508 1889 341 508 1890 337 511 1891 340 512 1892 340 512 1893 337 511 1894 338 513 1895 340 512 1896 338 513 1897 339 514 1898 344 355 1899 345 355 1900 355 355 1901 355 355 1902 345 355 1903 354 355 1904 354 355 1905 345 355 1906 346 355 1907 354 355 1908 346 355 1909 353 355 1910 353 355 1911 346 355 1912 347 355 1913 353 355 1914 347 355 1915 352 355 1916 352 355 1917 347 355 1918 348 355 1919 352 355 1920 348 355 1921 351 355 1922 351 355 1923 348 355 1924 349 355 1925 351 355 1926 349 355 1927 350 355 1928 356 355 1929 357 355 1930 367 355 1931 367 355 1932 357 355 1933 366 355 1934 366 355 1935 357 355 1936 358 355 1937 366 355 1938 358 355 1939 365 355 1940 365 355 1941 358 355 1942 359 355 1943 365 355 1944 359 355 1945 364 355 1946 364 355 1947 359 355 1948 360 355 1949 364 355 1950 360 355 1951 363 355 1952 363 355 1953 360 355 1954 361 355 1955 363 355 1956 361 355 1957 362 355 1958 368 355 1959 369 355 1960 379 355 1961 379 355 1962 369 355 1963 378 355 1964 378 355 1965 369 355 1966 370 355 1967 378 355 1968 370 355 1969 377 355 1970 377 355 1971 370 355 1972 371 355 1973 377 355 1974 371 355 1975 376 355 1976 376 355 1977 371 355 1978 372 355 1979 376 355 1980 372 355 1981 375 355 1982 375 355 1983 372 355 1984 373 355 1985 375 355 1986 373 355 1987 374 355 1988 380 355 1989 381 355 1990 391 355 1991 391 355 1992 381 355 1993 390 355 1994 390 355 1995 381 355 1996 382 355 1997 390 355 1998 382 355 1999 389 355 2000 389 355 2001 382 355 2002 383 355 2003 389 355 2004 383 355 2005 388 355 2006 388 355 2007 383 355 2008 384 355 2009 388 355 2010 384 355 2011 387 355 2012 387 355 2013 384 355 2014 385 355 2015 387 355 2016 385 355 2017 386 355 2018 392 355 2019 393 355 2020 403 355 2021 403 355 2022 393 355 2023 402 355 2024 402 355 2025 393 355 2026 394 355 2027 402 355 2028 394 355 2029 401 355 2030 401 355 2031 394 355 2032 395 355 2033 401 355 2034 395 355 2035 400 355 2036 400 355 2037 395 355 2038 396 355 2039 400 355 2040 396 355 2041 399 355 2042 399 355 2043 396 355 2044 397 355 2045 399 355 2046 397 355 2047 398 355 2048 327 355 2049 275 515 2050 404 516 2051 404 516 2052 275 515 2053 274 517 2054 404 516 2055 274 517 2056 435 355 2057 435 355 2058 274 517 2059 273 355 2060 435 355 2061 273 355 2062 434 355 2063 434 355 2064 273 355 2065 272 355 2066 434 355 2067 272 355 2068 433 355 2069 433 355 2070 272 355 2071 271 355 2072 433 355 2073 271 355 2074 432 518 2075 432 518 2076 271 355 2077 270 519 2078 432 518 2079 270 519 2080 431 520 2081 431 520 2082 270 519 2083 269 521 2084 431 520 2085 269 521 2086 430 522 2087 430 522 2088 269 521 2089 268 523 2090 430 522 2091 268 523 2092 429 524 2093 429 524 2094 268 523 2095 267 525 2096 429 524 2097 267 525 2098 428 526 2099 428 526 2100 267 525 2101 266 527 2102 428 526 2103 266 527 2104 427 528 2105 427 528 2106 266 527 2107 265 355 2108 427 528 2109 265 355 2110 426 355 2111 426 355 2112 265 355 2113 264 355 2114 426 355 2115 264 355 2116 425 355 2117 425 355 2118 264 355 2119 263 355 2120 425 355 2121 263 355 2122 424 529 2123 424 529 2124 263 355 2125 262 530 2126 424 529 2127 262 530 2128 423 531 2129 423 531 2130 262 530 2131 261 355 2132 423 531 2133 261 355 2134 422 532 2135 422 532 2136 261 355 2137 260 533 2138 422 532 2139 260 533 2140 421 534 2141 421 534 2142 260 533 2143 259 355 2144 421 534 2145 259 355 2146 420 535 2147 420 535 2148 259 355 2149 292 536 2150 420 535 2151 292 536 2152 419 537 2153 419 537 2154 292 536 2155 291 355 2156 419 537 2157 291 355 2158 418 538 2159 418 538 2160 291 355 2161 290 539 2162 418 538 2163 290 539 2164 417 540 2165 417 540 2166 290 539 2167 289 355 2168 417 540 2169 289 355 2170 416 355 2171 416 355 2172 289 355 2173 288 355 2174 416 355 2175 288 355 2176 415 355 2177 415 355 2178 288 355 2179 287 355 2180 415 355 2181 287 355 2182 414 355 2183 414 355 2184 287 355 2185 286 355 2186 414 355 2187 286 355 2188 413 541 2189 413 541 2190 286 355 2191 285 525 2192 413 541 2193 285 525 2194 412 524 2195 412 524 2196 285 525 2197 284 523 2198 412 524 2199 284 523 2200 411 542 2201 411 542 2202 284 523 2203 283 543 2204 411 542 2205 283 543 2206 410 544 2207 410 544 2208 283 543 2209 282 545 2210 410 544 2211 282 545 2212 409 546 2213 409 546 2214 282 545 2215 281 547 2216 409 546 2217 281 547 2218 408 548 2219 408 548 2220 281 547 2221 280 549 2222 408 548 2223 280 549 2224 407 550 2225 407 550 2226 280 549 2227 279 551 2228 407 550 2229 279 551 2230 406 552 2231 406 552 2232 279 551 2233 278 553 2234 406 552 2235 278 553 2236 405 554 2237 405 554 2238 278 553 2239 277 555 2240 405 554 2241 277 555 2242 340 556 2243 340 556 2244 277 555 2245 341 557 2246 341 557 2247 277 555 2248 276 355 2249 341 557 2250 276 355 2251 342 355 2252 342 355 2253 276 355 2254 343 355 2255 343 355 2256 276 355 2257 275 515 2258 343 355 2259 275 515 2260 327 355 2261 437 558 2262 500 559 2263 436 560 2264 436 560 2265 500 559 2266 468 561 2267 436 560 2268 468 561 2269 469 562 2270 500 559 2271 437 558 2272 499 563 2273 499 563 2274 437 558 2275 438 564 2276 499 563 2277 438 564 2278 498 565 2279 498 565 2280 438 564 2281 439 566 2282 498 565 2283 439 566 2284 497 567 2285 497 567 2286 439 566 2287 440 568 2288 497 567 2289 440 568 2290 496 569 2291 496 569 2292 440 568 2293 441 570 2294 496 569 2295 441 570 2296 495 571 2297 495 571 2298 441 570 2299 442 572 2300 495 571 2301 442 572 2302 494 573 2303 494 573 2304 442 572 2305 443 574 2306 494 573 2307 443 574 2308 493 575 2309 493 575 2310 443 574 2311 444 576 2312 493 575 2313 444 576 2314 492 577 2315 492 577 2316 444 576 2317 445 578 2318 492 577 2319 445 578 2320 491 579 2321 491 579 2322 445 578 2323 446 580 2324 491 579 2325 446 580 2326 490 581 2327 490 581 2328 446 580 2329 447 582 2330 490 581 2331 447 582 2332 489 583 2333 489 583 2334 447 582 2335 448 584 2336 489 583 2337 448 584 2338 488 585 2339 488 585 2340 448 584 2341 449 586 2342 488 585 2343 449 586 2344 487 587 2345 487 587 2346 449 586 2347 450 588 2348 487 587 2349 450 588 2350 486 589 2351 486 589 2352 450 588 2353 451 590 2354 486 589 2355 451 590 2356 485 591 2357 485 591 2358 451 590 2359 452 592 2360 485 591 2361 452 592 2362 484 593 2363 484 593 2364 452 592 2365 453 594 2366 484 593 2367 453 594 2368 483 595 2369 483 595 2370 453 594 2371 454 596 2372 483 595 2373 454 596 2374 482 597 2375 482 597 2376 454 596 2377 455 598 2378 482 597 2379 455 598 2380 481 599 2381 481 599 2382 455 598 2383 456 600 2384 481 599 2385 456 600 2386 480 601 2387 480 601 2388 456 600 2389 457 602 2390 480 601 2391 457 602 2392 479 603 2393 479 603 2394 457 602 2395 458 604 2396 479 603 2397 458 604 2398 478 605 2399 478 605 2400 458 604 2401 459 606 2402 478 605 2403 459 606 2404 477 607 2405 477 607 2406 459 606 2407 460 608 2408 477 607 2409 460 608 2410 476 609 2411 476 609 2412 460 608 2413 461 610 2414 476 609 2415 461 610 2416 475 611 2417 475 611 2418 461 610 2419 462 612 2420 475 611 2421 462 612 2422 474 613 2423 474 613 2424 462 612 2425 463 614 2426 474 613 2427 463 614 2428 473 615 2429 473 615 2430 463 614 2431 464 616 2432 473 615 2433 464 616 2434 472 617 2435 472 617 2436 464 616 2437 465 618 2438 472 617 2439 465 618 2440 471 619 2441 471 619 2442 465 618 2443 466 620 2444 471 619 2445 466 620 2446 470 621 2447 470 621 2448 466 620 2449 467 622 2450 470 621 2451 467 622 2452 469 562 2453 469 562 2454 467 622 2455 436 560 2456 502 623 2457 469 624 2458 501 625 2459 501 625 2460 469 624 2461 468 626 2462 501 625 2463 468 626 2464 533 627 2465 533 627 2466 468 626 2467 500 628 2468 533 627 2469 500 628 2470 532 629 2471 532 629 2472 500 628 2473 499 630 2474 532 629 2475 499 630 2476 531 631 2477 531 631 2478 499 630 2479 498 632 2480 531 631 2481 498 632 2482 530 633 2483 530 633 2484 498 632 2485 497 634 2486 530 633 2487 497 634 2488 529 635 2489 529 635 2490 497 634 2491 496 636 2492 529 635 2493 496 636 2494 528 637 2495 528 637 2496 496 636 2497 495 638 2498 528 637 2499 495 638 2500 527 639 2501 527 639 2502 495 638 2503 494 640 2504 527 639 2505 494 640 2506 526 641 2507 526 641 2508 494 640 2509 493 642 2510 526 641 2511 493 642 2512 525 643 2513 525 643 2514 493 642 2515 492 644 2516 525 643 2517 492 644 2518 524 645 2519 524 645 2520 492 644 2521 491 646 2522 524 645 2523 491 646 2524 523 647 2525 523 647 2526 491 646 2527 490 648 2528 523 647 2529 490 648 2530 522 649 2531 522 649 2532 490 648 2533 489 650 2534 522 649 2535 489 650 2536 521 651 2537 521 651 2538 489 650 2539 488 652 2540 521 651 2541 488 652 2542 520 653 2543 520 653 2544 488 652 2545 487 654 2546 520 653 2547 487 654 2548 519 655 2549 519 655 2550 487 654 2551 486 656 2552 519 655 2553 486 656 2554 518 657 2555 518 657 2556 486 656 2557 485 658 2558 518 657 2559 485 658 2560 517 659 2561 517 659 2562 485 658 2563 484 660 2564 517 659 2565 484 660 2566 516 661 2567 516 661 2568 484 660 2569 483 662 2570 516 661 2571 483 662 2572 515 663 2573 515 663 2574 483 662 2575 482 664 2576 515 663 2577 482 664 2578 514 665 2579 514 665 2580 482 664 2581 481 666 2582 514 665 2583 481 666 2584 513 667 2585 513 667 2586 481 666 2587 480 668 2588 513 667 2589 480 668 2590 512 669 2591 512 669 2592 480 668 2593 479 670 2594 512 669 2595 479 670 2596 511 671 2597 511 671 2598 479 670 2599 478 672 2600 511 671 2601 478 672 2602 510 673 2603 510 673 2604 478 672 2605 477 674 2606 510 673 2607 477 674 2608 509 675 2609 509 675 2610 477 674 2611 476 676 2612 509 675 2613 476 676 2614 508 677 2615 508 677 2616 476 676 2617 475 678 2618 508 677 2619 475 678 2620 507 679 2621 507 679 2622 475 678 2623 474 680 2624 507 679 2625 474 680 2626 506 681 2627 506 681 2628 474 680 2629 473 682 2630 506 681 2631 473 682 2632 505 683 2633 505 683 2634 473 682 2635 472 684 2636 505 683 2637 472 684 2638 504 685 2639 504 685 2640 472 684 2641 471 686 2642 504 685 2643 471 686 2644 503 687 2645 503 687 2646 471 686 2647 470 688 2648 503 687 2649 470 688 2650 502 623 2651 502 623 2652 470 688 2653 469 624 2654 467 198 2655 453 198 2656 436 198 2657 436 198 2658 453 198 2659 452 198 2660 436 198 2661 452 198 2662 437 198 2663 437 198 2664 452 198 2665 451 198 2666 437 198 2667 451 198 2668 438 198 2669 438 198 2670 451 198 2671 450 198 2672 438 198 2673 450 198 2674 439 198 2675 439 198 2676 450 198 2677 449 198 2678 439 198 2679 449 198 2680 440 198 2681 440 198 2682 449 198 2683 448 198 2684 440 198 2685 448 198 2686 441 198 2687 441 198 2688 448 198 2689 447 198 2690 441 198 2691 447 198 2692 442 198 2693 442 198 2694 447 198 2695 446 198 2696 442 198 2697 446 198 2698 443 198 2699 443 198 2700 446 198 2701 445 198 2702 443 198 2703 445 198 2704 444 198 2705 453 198 2706 467 198 2707 454 198 2708 454 198 2709 467 198 2710 466 198 2711 454 198 2712 466 198 2713 455 198 2714 455 198 2715 466 198 2716 465 198 2717 455 198 2718 465 198 2719 456 198 2720 456 198 2721 465 198 2722 464 198 2723 456 198 2724 464 198 2725 457 198 2726 457 198 2727 464 198 2728 463 198 2729 457 198 2730 463 198 2731 458 198 2732 458 198 2733 463 198 2734 462 198 2735 458 198 2736 462 198 2737 459 198 2738 459 198 2739 462 198 2740 461 198 2741 459 198 2742 461 198 2743 460 198 2744 535 689 2745 613 690 2746 534 691 2747 534 691 2748 613 690 2749 573 692 2750 534 691 2751 573 692 2752 574 693 2753 613 690 2754 535 689 2755 612 694 2756 612 694 2757 535 689 2758 536 695 2759 612 694 2760 536 695 2761 611 696 2762 611 696 2763 536 695 2764 537 697 2765 611 696 2766 537 697 2767 610 698 2768 610 698 2769 537 697 2770 538 699 2771 610 698 2772 538 699 2773 609 700 2774 609 700 2775 538 699 2776 539 701 2777 609 700 2778 539 701 2779 608 702 2780 608 702 2781 539 701 2782 540 703 2783 608 702 2784 540 703 2785 607 704 2786 607 704 2787 540 703 2788 541 705 2789 607 704 2790 541 705 2791 606 706 2792 606 706 2793 541 705 2794 542 707 2795 606 706 2796 542 707 2797 605 708 2798 605 708 2799 542 707 2800 543 709 2801 605 708 2802 543 709 2803 604 710 2804 604 710 2805 543 709 2806 544 711 2807 604 710 2808 544 711 2809 603 712 2810 603 712 2811 544 711 2812 545 713 2813 603 712 2814 545 713 2815 602 714 2816 602 714 2817 545 713 2818 546 715 2819 602 714 2820 546 715 2821 601 716 2822 601 716 2823 546 715 2824 547 717 2825 601 716 2826 547 717 2827 600 718 2828 600 718 2829 547 717 2830 548 719 2831 600 718 2832 548 719 2833 599 720 2834 599 720 2835 548 719 2836 549 721 2837 599 720 2838 549 721 2839 598 722 2840 598 722 2841 549 721 2842 550 723 2843 598 722 2844 550 723 2845 597 724 2846 597 724 2847 550 723 2848 551 725 2849 597 724 2850 551 725 2851 596 726 2852 596 726 2853 551 725 2854 552 727 2855 596 726 2856 552 727 2857 595 728 2858 595 728 2859 552 727 2860 553 729 2861 595 728 2862 553 729 2863 594 730 2864 594 730 2865 553 729 2866 554 731 2867 594 730 2868 554 731 2869 593 732 2870 593 732 2871 554 731 2872 592 733 2873 592 733 2874 554 731 2875 555 734 2876 592 733 2877 555 734 2878 591 735 2879 591 735 2880 555 734 2881 556 736 2882 591 735 2883 556 736 2884 590 737 2885 590 737 2886 556 736 2887 557 738 2888 590 737 2889 557 738 2890 589 739 2891 589 739 2892 557 738 2893 558 740 2894 589 739 2895 558 740 2896 588 741 2897 588 741 2898 558 740 2899 559 742 2900 588 741 2901 559 742 2902 587 743 2903 587 743 2904 559 742 2905 560 744 2906 587 743 2907 560 744 2908 586 745 2909 586 745 2910 560 744 2911 561 746 2912 586 745 2913 561 746 2914 585 747 2915 585 747 2916 561 746 2917 562 748 2918 585 747 2919 562 748 2920 584 749 2921 584 749 2922 562 748 2923 563 750 2924 584 749 2925 563 750 2926 583 751 2927 583 751 2928 563 750 2929 564 752 2930 583 751 2931 564 752 2932 582 753 2933 582 753 2934 564 752 2935 565 754 2936 582 753 2937 565 754 2938 581 755 2939 581 755 2940 565 754 2941 566 756 2942 581 755 2943 566 756 2944 580 757 2945 580 757 2946 566 756 2947 567 758 2948 580 757 2949 567 758 2950 579 759 2951 579 759 2952 567 758 2953 568 760 2954 579 759 2955 568 760 2956 578 761 2957 578 761 2958 568 760 2959 569 762 2960 578 761 2961 569 762 2962 577 763 2963 577 763 2964 569 762 2965 570 764 2966 577 763 2967 570 764 2968 576 765 2969 576 765 2970 570 764 2971 571 766 2972 576 765 2973 571 766 2974 575 767 2975 575 767 2976 571 766 2977 572 768 2978 575 767 2979 572 768 2980 574 693 2981 574 693 2982 572 768 2983 534 691 2984 615 198 2985 619 198 2986 614 198 2987 614 198 2988 619 198 2989 620 198 2990 614 198 2991 620 198 2992 625 198 2993 625 198 2994 620 198 2995 621 198 2996 625 198 2997 621 198 2998 624 198 2999 624 198 3000 621 198 3001 622 198 3002 624 198 3003 622 198 3004 623 198 3005 619 198 3006 615 198 3007 618 198 3008 618 198 3009 615 198 3010 616 198 3011 618 198 3012 616 198 3013 617 198 3014 627 198 3015 631 198 3016 626 198 3017 626 198 3018 631 198 3019 632 198 3020 626 198 3021 632 198 3022 637 198 3023 637 198 3024 632 198 3025 633 198 3026 637 198 3027 633 198 3028 636 198 3029 636 198 3030 633 198 3031 634 198 3032 636 198 3033 634 198 3034 635 198 3035 631 198 3036 627 198 3037 630 198 3038 630 198 3039 627 198 3040 628 198 3041 630 198 3042 628 198 3043 629 198 3044 639 198 3045 643 198 3046 638 198 3047 638 198 3048 643 198 3049 644 198 3050 638 198 3051 644 198 3052 649 198 3053 649 198 3054 644 198 3055 645 198 3056 649 198 3057 645 198 3058 648 198 3059 648 198 3060 645 198 3061 646 198 3062 648 198 3063 646 198 3064 647 198 3065 643 198 3066 639 198 3067 642 198 3068 642 198 3069 639 198 3070 640 198 3071 642 198 3072 640 198 3073 641 198 3074 651 198 3075 655 198 3076 650 198 3077 650 198 3078 655 198 3079 656 198 3080 650 198 3081 656 198 3082 661 198 3083 661 198 3084 656 198 3085 657 198 3086 661 198 3087 657 198 3088 660 198 3089 660 198 3090 657 198 3091 658 198 3092 660 198 3093 658 198 3094 659 198 3095 655 198 3096 651 198 3097 654 198 3098 654 198 3099 651 198 3100 652 198 3101 654 198 3102 652 198 3103 653 198 3104 663 769 3105 615 770 3106 662 771 3107 662 771 3108 615 770 3109 614 772 3110 662 771 3111 614 772 3112 673 773 3113 673 773 3114 614 772 3115 625 774 3116 673 773 3117 625 774 3118 672 775 3119 672 775 3120 625 774 3121 624 776 3122 672 775 3123 624 776 3124 671 777 3125 671 777 3126 624 776 3127 623 778 3128 671 777 3129 623 778 3130 670 779 3131 670 779 3132 623 778 3133 622 780 3134 670 779 3135 622 780 3136 669 781 3137 669 781 3138 622 780 3139 621 782 3140 669 781 3141 621 782 3142 668 783 3143 668 783 3144 621 782 3145 620 784 3146 668 783 3147 620 784 3148 667 785 3149 667 785 3150 620 784 3151 619 786 3152 667 785 3153 619 786 3154 666 787 3155 666 787 3156 619 786 3157 618 788 3158 666 787 3159 618 788 3160 665 789 3161 665 789 3162 618 788 3163 617 790 3164 665 789 3165 617 790 3166 664 791 3167 664 791 3168 617 790 3169 616 792 3170 664 791 3171 616 792 3172 663 769 3173 663 769 3174 616 792 3175 615 770 3176 675 793 3177 627 794 3178 674 795 3179 674 795 3180 627 794 3181 626 796 3182 674 795 3183 626 796 3184 685 797 3185 685 797 3186 626 796 3187 637 798 3188 685 797 3189 637 798 3190 684 799 3191 684 799 3192 637 798 3193 636 800 3194 684 799 3195 636 800 3196 683 801 3197 683 801 3198 636 800 3199 635 802 3200 683 801 3201 635 802 3202 682 803 3203 682 803 3204 635 802 3205 634 804 3206 682 803 3207 634 804 3208 681 805 3209 681 805 3210 634 804 3211 633 806 3212 681 805 3213 633 806 3214 680 807 3215 680 807 3216 633 806 3217 632 808 3218 680 807 3219 632 808 3220 679 809 3221 679 809 3222 632 808 3223 631 810 3224 679 809 3225 631 810 3226 678 811 3227 678 811 3228 631 810 3229 630 812 3230 678 811 3231 630 812 3232 677 813 3233 677 813 3234 630 812 3235 629 814 3236 677 813 3237 629 814 3238 676 815 3239 676 815 3240 629 814 3241 628 816 3242 676 815 3243 628 816 3244 675 793 3245 675 793 3246 628 816 3247 627 794 3248 687 817 3249 639 818 3250 686 795 3251 686 795 3252 639 818 3253 638 796 3254 686 795 3255 638 796 3256 697 819 3257 697 819 3258 638 796 3259 649 820 3260 697 819 3261 649 820 3262 696 821 3263 696 821 3264 649 820 3265 648 822 3266 696 821 3267 648 822 3268 695 777 3269 695 777 3270 648 822 3271 647 778 3272 695 777 3273 647 778 3274 694 823 3275 694 823 3276 647 778 3277 646 824 3278 694 823 3279 646 824 3280 693 825 3281 693 825 3282 646 824 3283 645 826 3284 693 825 3285 645 826 3286 692 807 3287 692 807 3288 645 826 3289 644 808 3290 692 807 3291 644 808 3292 691 827 3293 691 827 3294 644 808 3295 643 828 3296 691 827 3297 643 828 3298 690 829 3299 690 829 3300 643 828 3301 642 830 3302 690 829 3303 642 830 3304 689 789 3305 689 789 3306 642 830 3307 641 790 3308 689 789 3309 641 790 3310 688 815 3311 688 815 3312 641 790 3313 640 831 3314 688 815 3315 640 831 3316 687 817 3317 687 817 3318 640 831 3319 639 818 3320 699 832 3321 651 833 3322 698 771 3323 698 771 3324 651 833 3325 650 772 3326 698 771 3327 650 772 3328 709 834 3329 709 834 3330 650 772 3331 661 835 3332 709 834 3333 661 835 3334 708 836 3335 708 836 3336 661 835 3337 660 837 3338 708 836 3339 660 837 3340 707 801 3341 707 801 3342 660 837 3343 659 802 3344 707 801 3345 659 802 3346 706 838 3347 706 838 3348 659 802 3349 658 839 3350 706 838 3351 658 839 3352 705 840 3353 705 840 3354 658 839 3355 657 841 3356 705 840 3357 657 841 3358 704 783 3359 704 783 3360 657 841 3361 656 784 3362 704 783 3363 656 784 3364 703 842 3365 703 842 3366 656 784 3367 655 843 3368 703 842 3369 655 843 3370 702 844 3371 702 844 3372 655 843 3373 654 845 3374 702 844 3375 654 845 3376 701 813 3377 701 813 3378 654 845 3379 653 814 3380 701 813 3381 653 814 3382 700 846 3383 700 846 3384 653 814 3385 652 847 3386 700 846 3387 652 847 3388 699 832 3389 699 832 3390 652 847 3391 651 833 3392 711 848 3393 663 849 3394 710 198 3395 710 198 3396 663 849 3397 662 198 3398 710 198 3399 662 198 3400 673 198 3401 663 849 3402 711 848 3403 664 850 3404 664 850 3405 711 848 3406 712 851 3407 664 850 3408 712 851 3409 665 198 3410 665 198 3411 712 851 3412 713 198 3413 665 198 3414 713 198 3415 714 852 3416 665 198 3417 714 852 3418 666 853 3419 666 853 3420 714 852 3421 715 854 3422 666 853 3423 715 854 3424 667 855 3425 667 855 3426 715 854 3427 668 198 3428 668 198 3429 715 854 3430 716 198 3431 668 198 3432 716 198 3433 669 856 3434 669 856 3435 716 198 3436 717 857 3437 669 856 3438 717 857 3439 670 858 3440 670 858 3441 717 857 3442 718 198 3443 670 858 3444 718 198 3445 671 198 3446 671 198 3447 718 198 3448 719 198 3449 671 198 3450 719 198 3451 720 198 3452 671 198 3453 720 198 3454 672 198 3455 672 198 3456 720 198 3457 721 198 3458 672 198 3459 721 198 3460 673 198 3461 673 198 3462 721 198 3463 710 198 3464 723 859 3465 675 860 3466 722 198 3467 722 198 3468 675 860 3469 674 198 3470 722 198 3471 674 198 3472 685 861 3473 675 860 3474 723 859 3475 676 862 3476 676 862 3477 723 859 3478 724 198 3479 676 862 3480 724 198 3481 677 198 3482 677 198 3483 724 198 3484 725 198 3485 677 198 3486 725 198 3487 726 198 3488 677 198 3489 726 198 3490 678 198 3491 678 198 3492 726 198 3493 727 198 3494 678 198 3495 727 198 3496 679 198 3497 679 198 3498 727 198 3499 680 198 3500 680 198 3501 727 198 3502 728 198 3503 680 198 3504 728 198 3505 681 863 3506 681 863 3507 728 198 3508 729 864 3509 681 863 3510 729 864 3511 682 865 3512 682 865 3513 729 864 3514 730 866 3515 682 865 3516 730 866 3517 683 198 3518 683 198 3519 730 866 3520 731 198 3521 683 198 3522 731 198 3523 732 867 3524 683 198 3525 732 867 3526 684 868 3527 684 868 3528 732 867 3529 733 869 3530 684 868 3531 733 869 3532 685 861 3533 685 861 3534 733 869 3535 722 198 3536 735 870 3537 687 871 3538 734 198 3539 734 198 3540 687 871 3541 686 198 3542 734 198 3543 686 198 3544 697 198 3545 687 871 3546 735 870 3547 688 872 3548 688 872 3549 735 870 3550 736 851 3551 688 872 3552 736 851 3553 689 198 3554 689 198 3555 736 851 3556 737 198 3557 689 198 3558 737 198 3559 738 852 3560 689 198 3561 738 852 3562 690 873 3563 690 873 3564 738 852 3565 739 874 3566 690 873 3567 739 874 3568 691 875 3569 691 875 3570 739 874 3571 692 198 3572 692 198 3573 739 874 3574 740 198 3575 692 198 3576 740 198 3577 693 876 3578 693 876 3579 740 198 3580 741 877 3581 693 876 3582 741 877 3583 694 878 3584 694 878 3585 741 877 3586 742 198 3587 694 878 3588 742 198 3589 695 198 3590 695 198 3591 742 198 3592 743 198 3593 695 198 3594 743 198 3595 744 198 3596 695 198 3597 744 198 3598 696 198 3599 696 198 3600 744 198 3601 745 198 3602 696 198 3603 745 198 3604 697 198 3605 697 198 3606 745 198 3607 734 198 3608 747 879 3609 699 880 3610 746 198 3611 746 198 3612 699 880 3613 698 198 3614 746 198 3615 698 198 3616 709 881 3617 699 880 3618 747 879 3619 700 882 3620 700 882 3621 747 879 3622 748 198 3623 700 882 3624 748 198 3625 701 198 3626 701 198 3627 748 198 3628 749 198 3629 701 198 3630 749 198 3631 750 198 3632 701 198 3633 750 198 3634 702 198 3635 702 198 3636 750 198 3637 751 198 3638 702 198 3639 751 198 3640 703 198 3641 703 198 3642 751 198 3643 704 198 3644 704 198 3645 751 198 3646 752 198 3647 704 198 3648 752 198 3649 705 883 3650 705 883 3651 752 198 3652 753 884 3653 705 883 3654 753 884 3655 706 885 3656 706 885 3657 753 884 3658 754 866 3659 706 885 3660 754 866 3661 707 198 3662 707 198 3663 754 866 3664 755 198 3665 707 198 3666 755 198 3667 756 867 3668 707 198 3669 756 867 3670 708 886 3671 708 886 3672 756 867 3673 757 887 3674 708 886 3675 757 887 3676 709 881 3677 709 881 3678 757 887 3679 746 198 3680 759 888 3681 784 889 3682 758 890 3683 758 890 3684 784 889 3685 788 891 3686 758 890 3687 788 891 3688 789 198 3689 759 888 3690 760 892 3691 784 889 3692 784 889 3693 760 892 3694 761 893 3695 784 889 3696 761 893 3697 783 894 3698 783 894 3699 761 893 3700 762 895 3701 783 894 3702 762 895 3703 782 896 3704 782 896 3705 762 895 3706 763 897 3707 782 896 3708 763 897 3709 781 898 3710 781 898 3711 763 897 3712 764 899 3713 781 898 3714 764 899 3715 780 900 3716 780 900 3717 764 899 3718 768 901 3719 780 900 3720 768 901 3721 769 902 3722 764 899 3723 765 903 3724 768 901 3725 768 901 3726 765 903 3727 767 904 3728 767 904 3729 765 903 3730 766 905 3731 780 900 3732 769 902 3733 779 906 3734 779 906 3735 769 902 3736 770 907 3737 779 906 3738 770 907 3739 778 908 3740 778 908 3741 770 907 3742 771 909 3743 778 908 3744 771 909 3745 777 910 3746 777 910 3747 771 909 3748 772 911 3749 777 910 3750 772 911 3751 776 912 3752 776 912 3753 772 911 3754 773 913 3755 776 912 3756 773 913 3757 775 914 3758 775 914 3759 773 913 3760 774 198 3761 785 198 3762 786 198 3763 784 889 3764 784 889 3765 786 198 3766 787 915 3767 784 889 3768 787 915 3769 788 891 3770 791 916 3771 717 917 3772 790 918 3773 790 918 3774 717 917 3775 716 919 3776 790 918 3777 716 919 3778 801 920 3779 801 920 3780 716 919 3781 715 921 3782 801 920 3783 715 921 3784 800 922 3785 800 922 3786 715 921 3787 714 923 3788 800 922 3789 714 923 3790 799 924 3791 799 924 3792 714 923 3793 713 925 3794 799 924 3795 713 925 3796 798 926 3797 798 926 3798 713 925 3799 712 927 3800 798 926 3801 712 927 3802 797 928 3803 797 928 3804 712 927 3805 711 929 3806 797 928 3807 711 929 3808 796 930 3809 796 930 3810 711 929 3811 710 931 3812 796 930 3813 710 931 3814 795 932 3815 795 932 3816 710 931 3817 721 933 3818 795 932 3819 721 933 3820 794 934 3821 794 934 3822 721 933 3823 720 935 3824 794 934 3825 720 935 3826 793 936 3827 793 936 3828 720 935 3829 719 937 3830 793 936 3831 719 937 3832 792 938 3833 792 938 3834 719 937 3835 718 939 3836 792 938 3837 718 939 3838 791 916 3839 791 916 3840 718 939 3841 717 917 3842 803 940 3843 729 941 3844 802 942 3845 802 942 3846 729 941 3847 728 943 3848 802 942 3849 728 943 3850 813 944 3851 813 944 3852 728 943 3853 727 945 3854 813 944 3855 727 945 3856 812 946 3857 812 946 3858 727 945 3859 726 947 3860 812 946 3861 726 947 3862 811 948 3863 811 948 3864 726 947 3865 725 949 3866 811 948 3867 725 949 3868 810 950 3869 810 950 3870 725 949 3871 724 951 3872 810 950 3873 724 951 3874 809 952 3875 809 952 3876 724 951 3877 723 953 3878 809 952 3879 723 953 3880 808 954 3881 808 954 3882 723 953 3883 722 931 3884 808 954 3885 722 931 3886 807 955 3887 807 955 3888 722 931 3889 733 956 3890 807 955 3891 733 956 3892 806 957 3893 806 957 3894 733 956 3895 732 958 3896 806 957 3897 732 958 3898 805 959 3899 805 959 3900 732 958 3901 731 960 3902 805 959 3903 731 960 3904 804 961 3905 804 961 3906 731 960 3907 730 962 3908 804 961 3909 730 962 3910 803 940 3911 803 940 3912 730 962 3913 729 941 3914 815 963 3915 741 964 3916 814 965 3917 814 965 3918 741 964 3919 740 943 3920 814 965 3921 740 943 3922 825 966 3923 825 966 3924 740 943 3925 739 967 3926 825 966 3927 739 967 3928 824 968 3929 824 968 3930 739 967 3931 738 969 3932 824 968 3933 738 969 3934 823 970 3935 823 970 3936 738 969 3937 737 925 3938 823 970 3939 737 925 3940 822 971 3941 822 971 3942 737 925 3943 736 927 3944 822 971 3945 736 927 3946 821 972 3947 821 972 3948 736 927 3949 735 929 3950 821 972 3951 735 929 3952 820 973 3953 820 973 3954 735 929 3955 734 931 3956 820 973 3957 734 931 3958 819 974 3959 819 974 3960 734 931 3961 745 933 3962 819 974 3963 745 933 3964 818 975 3965 818 975 3966 745 933 3967 744 935 3968 818 975 3969 744 935 3970 817 976 3971 817 976 3972 744 935 3973 743 977 3974 817 976 3975 743 977 3976 816 978 3977 816 978 3978 743 977 3979 742 979 3980 816 978 3981 742 979 3982 815 963 3983 815 963 3984 742 979 3985 741 964 3986 827 980 3987 753 981 3988 826 982 3989 826 982 3990 753 981 3991 752 919 3992 826 982 3993 752 919 3994 837 983 3995 837 983 3996 752 919 3997 751 984 3998 837 983 3999 751 984 4000 836 985 4001 836 985 4002 751 984 4003 750 986 4004 836 985 4005 750 986 4006 835 987 4007 835 987 4008 750 986 4009 749 949 4010 835 987 4011 749 949 4012 834 988 4013 834 988 4014 749 949 4015 748 951 4016 834 988 4017 748 951 4018 833 989 4019 833 989 4020 748 951 4021 747 953 4022 833 989 4023 747 953 4024 832 990 4025 832 990 4026 747 953 4027 746 931 4028 832 990 4029 746 931 4030 831 991 4031 831 991 4032 746 931 4033 757 956 4034 831 991 4035 757 956 4036 830 992 4037 830 992 4038 757 956 4039 756 958 4040 830 992 4041 756 958 4042 829 993 4043 829 993 4044 756 958 4045 755 994 4046 829 993 4047 755 994 4048 828 995 4049 828 995 4050 755 994 4051 754 996 4052 828 995 4053 754 996 4054 827 980 4055 827 980 4056 754 996 4057 753 981 4058 855 997 4059 838 998 4060 854 999 4061 854 999 4062 838 998 4063 839 1000 4064 854 999 4065 839 1000 4066 853 1001 4067 853 1001 4068 839 1000 4069 840 1002 4070 853 1001 4071 840 1002 4072 852 1003 4073 852 1003 4074 840 1002 4075 841 1004 4076 852 1003 4077 841 1004 4078 851 1005 4079 851 1005 4080 841 1004 4081 842 1006 4082 851 1005 4083 842 1006 4084 850 1007 4085 850 1007 4086 842 1006 4087 843 1008 4088 850 1007 4089 843 1008 4090 849 1009 4091 849 1009 4092 843 1008 4093 844 1010 4094 849 1009 4095 844 1010 4096 848 1011 4097 848 1011 4098 844 1010 4099 845 1012 4100 848 1011 4101 845 1012 4102 847 1013 4103 847 1013 4104 845 1012 4105 846 1014 4106 846 1014 4107 856 1015 4108 847 1013 4109 847 1013 4110 856 1015 4111 857 1016 4112 856 1015 4113 858 1017 4114 857 1016 4115 857 1016 4116 858 1017 4117 865 1018 4118 865 1018 4119 858 1017 4120 859 1019 4121 865 1018 4122 859 1019 4123 864 1020 4124 864 1020 4125 859 1019 4126 860 1021 4127 864 1020 4128 860 1021 4129 863 1022 4130 863 1022 4131 860 1021 4132 861 1023 4133 863 1022 4134 861 1023 4135 862 1024 4136 861 1023 4137 866 1025 4138 862 1024 4139 862 1024 4140 866 1025 4141 875 1026 4142 875 1026 4143 866 1025 4144 867 1027 4145 875 1026 4146 867 1027 4147 874 1028 4148 874 1028 4149 867 1027 4150 868 1029 4151 874 1028 4152 868 1029 4153 873 1030 4154 873 1030 4155 868 1029 4156 869 1031 4157 873 1030 4158 869 1031 4159 872 1032 4160 872 1032 4161 869 1031 4162 870 1033 4163 872 1032 4164 870 1033 4165 871 1034 4166 870 1033 4167 876 1035 4168 871 1034 4169 871 1034 4170 876 1035 4171 883 1036 4172 883 1036 4173 876 1035 4174 877 1037 4175 883 1036 4176 877 1037 4177 882 1038 4178 882 1038 4179 877 1037 4180 878 1039 4181 882 1038 4182 878 1039 4183 881 1040 4184 881 1040 4185 878 1039 4186 879 1041 4187 881 1040 4188 879 1041 4189 880 1042 4190 879 1041 4191 884 1043 4192 880 1042 4193 880 1042 4194 884 1043 4195 885 1044 4196 885 1044 4197 884 1043 4198 901 1045 4199 901 1045 4200 884 1043 4201 886 1046 4202 901 1045 4203 886 1046 4204 900 1047 4205 900 1047 4206 886 1046 4207 887 1048 4208 900 1047 4209 887 1048 4210 899 1049 4211 899 1049 4212 887 1048 4213 888 1050 4214 899 1049 4215 888 1050 4216 898 1051 4217 898 1051 4218 888 1050 4219 889 1052 4220 898 1051 4221 889 1052 4222 897 1053 4223 897 1053 4224 889 1052 4225 890 1054 4226 897 1053 4227 890 1054 4228 896 1055 4229 896 1055 4230 890 1054 4231 891 1056 4232 896 1055 4233 891 1056 4234 895 1057 4235 895 1057 4236 891 1056 4237 892 1058 4238 895 1057 4239 892 1058 4240 894 1059 4241 894 1059 4242 892 1058 4243 893 1060 4244 893 1060 4245 902 1061 4246 894 1059 4247 894 1059 4248 902 1061 4249 903 1062 4250 902 1061 4251 904 1063 4252 903 1062 4253 903 1062 4254 904 1063 4255 911 1064 4256 911 1064 4257 904 1063 4258 905 1065 4259 911 1064 4260 905 1065 4261 910 1066 4262 910 1066 4263 905 1065 4264 906 1067 4265 910 1066 4266 906 1067 4267 909 1068 4268 909 1068 4269 906 1067 4270 907 1069 4271 909 1068 4272 907 1069 4273 908 1070 4274 908 1070 4275 907 1069 4276 918 1071 4277 918 1071 4278 907 1069 4279 912 1072 4280 918 1071 4281 912 1072 4282 917 1073 4283 917 1073 4284 912 1072 4285 916 1074 4286 916 1074 4287 912 1072 4288 913 1075 4289 916 1074 4290 913 1075 4291 915 1076 4292 915 1076 4293 913 1075 4294 914 1077 4295 914 1077 4296 919 1078 4297 915 1076 4298 915 1076 4299 919 1078 4300 933 1079 4301 933 1079 4302 919 1078 4303 920 1080 4304 933 1079 4305 920 1080 4306 932 1081 4307 932 1081 4308 920 1080 4309 921 1082 4310 932 1081 4311 921 1082 4312 931 1083 4313 931 1083 4314 921 1082 4315 922 1084 4316 931 1083 4317 922 1084 4318 930 1085 4319 930 1085 4320 922 1084 4321 923 1086 4322 930 1085 4323 923 1086 4324 929 1087 4325 929 1087 4326 923 1086 4327 924 1088 4328 929 1087 4329 924 1088 4330 928 1089 4331 928 1089 4332 924 1088 4333 925 1090 4334 928 1089 4335 925 1090 4336 927 1091 4337 927 1091 4338 925 1090 4339 926 1092 4340 934 1093 4341 935 1094 4342 951 1095 4343 951 1095 4344 935 1094 4345 950 1096 4346 950 1096 4347 935 1094 4348 936 1097 4349 950 1096 4350 936 1097 4351 949 1098 4352 949 1098 4353 936 1097 4354 937 1099 4355 949 1098 4356 937 1099 4357 948 1100 4358 948 1100 4359 937 1099 4360 938 1101 4361 948 1100 4362 938 1101 4363 947 1102 4364 947 1102 4365 938 1101 4366 939 1103 4367 947 1102 4368 939 1103 4369 946 1104 4370 946 1104 4371 939 1103 4372 940 1105 4373 946 1104 4374 940 1105 4375 945 1106 4376 945 1106 4377 940 1105 4378 941 1107 4379 945 1106 4380 941 1107 4381 944 1108 4382 944 1108 4383 941 1107 4384 942 1109 4385 944 1108 4386 942 1109 4387 943 1110 4388 942 1109 4389 952 1111 4390 943 1110 4391 943 1110 4392 952 1111 4393 959 1112 4394 959 1112 4395 952 1111 4396 953 1113 4397 959 1112 4398 953 1113 4399 958 1114 4400 958 1114 4401 953 1113 4402 954 1115 4403 958 1114 4404 954 1115 4405 957 1116 4406 957 1116 4407 954 1115 4408 955 1117 4409 957 1116 4410 955 1117 4411 956 1118 4412 955 1117 4413 960 1119 4414 956 1118 4415 956 1118 4416 960 1119 4417 967 1120 4418 967 1120 4419 960 1119 4420 961 1121 4421 967 1120 4422 961 1121 4423 966 1122 4424 966 1122 4425 961 1121 4426 962 1123 4427 966 1122 4428 962 1123 4429 965 1124 4430 965 1124 4431 962 1123 4432 963 1125 4433 965 1124 4434 963 1125 4435 964 1126 4436 963 1125 4437 968 1127 4438 964 1126 4439 964 1126 4440 968 1127 4441 969 1128 4442 969 1128 4443 968 1127 4444 985 1129 4445 985 1129 4446 968 1127 4447 970 1130 4448 985 1129 4449 970 1130 4450 984 1131 4451 984 1131 4452 970 1130 4453 971 1132 4454 984 1131 4455 971 1132 4456 983 1133 4457 983 1133 4458 971 1132 4459 972 1134 4460 983 1133 4461 972 1134 4462 982 1135 4463 982 1135 4464 972 1134 4465 973 1136 4466 982 1135 4467 973 1136 4468 981 1137 4469 981 1137 4470 973 1136 4471 974 1138 4472 981 1137 4473 974 1138 4474 980 1139 4475 980 1139 4476 974 1138 4477 975 1140 4478 980 1139 4479 975 1140 4480 979 1141 4481 979 1141 4482 975 1140 4483 976 1142 4484 979 1141 4485 976 1142 4486 978 1143 4487 978 1143 4488 976 1142 4489 977 1144 4490 977 1144 4491 986 1145 4492 978 1143 4493 978 1143 4494 986 1145 4495 987 1146 4496 986 1145 4497 988 1147 4498 987 1146 4499 987 1146 4500 988 1147 4501 995 1148 4502 995 1148 4503 988 1147 4504 989 1149 4505 995 1148 4506 989 1149 4507 994 1150 4508 994 1150 4509 989 1149 4510 990 1151 4511 994 1150 4512 990 1151 4513 993 1152 4514 993 1152 4515 990 1151 4516 991 1153 4517 993 1152 4518 991 1153 4519 992 1154 4520 991 1153 4521 996 1155 4522 992 1154 4523 992 1154 4524 996 1155 4525 1006 1156 4526 1006 1156 4527 996 1155 4528 997 1157 4529 1006 1156 4530 997 1157 4531 998 1158 4532 1006 1156 4533 998 1158 4534 1005 1159 4535 1005 1159 4536 998 1158 4537 999 1160 4538 1005 1159 4539 999 1160 4540 1004 1161 4541 1004 1161 4542 999 1160 4543 1000 1162 4544 1004 1161 4545 1000 1162 4546 1003 1163 4547 1003 1163 4548 1000 1162 4549 1001 1164 4550 1003 1163 4551 1001 1164 4552 1002 1165 4553 1001 1164 4554 1007 1166 4555 1002 1165 4556 1002 1165 4557 1007 1166 4558 1014 1167 4559 1014 1167 4560 1007 1166 4561 1008 1168 4562 1014 1167 4563 1008 1168 4564 1013 1169 4565 1013 1169 4566 1008 1168 4567 1009 1170 4568 1013 1169 4569 1009 1170 4570 1012 1171 4571 1012 1171 4572 1009 1170 4573 1010 1172 4574 1012 1171 4575 1010 1172 4576 1011 1173 4577 1010 1172 4578 1015 1174 4579 1011 1173 4580 1011 1173 4581 1015 1174 4582 1016 1175 4583 1016 1175 4584 1015 1174 4585 1032 1176 4586 1032 1176 4587 1015 1174 4588 1017 1177 4589 1032 1176 4590 1017 1177 4591 1031 1178 4592 1031 1178 4593 1017 1177 4594 1018 1179 4595 1031 1178 4596 1018 1179 4597 1030 1180 4598 1030 1180 4599 1018 1179 4600 1019 1181 4601 1030 1180 4602 1019 1181 4603 1029 1182 4604 1029 1182 4605 1019 1181 4606 1020 1183 4607 1029 1182 4608 1020 1183 4609 1028 1184 4610 1028 1184 4611 1020 1183 4612 1021 1185 4613 1028 1184 4614 1021 1185 4615 1027 1186 4616 1027 1186 4617 1021 1185 4618 1022 1187 4619 1027 1186 4620 1022 1187 4621 1026 1188 4622 1026 1188 4623 1022 1187 4624 1023 1189 4625 1026 1188 4626 1023 1189 4627 1025 1190 4628 1025 1190 4629 1023 1189 4630 1024 1191 4631 1024 1191 4632 1033 1192 4633 1025 1190 4634 1025 1190 4635 1033 1192 4636 1034 1193 4637 1033 1192 4638 1035 1194 4639 1034 1193 4640 1034 1193 4641 1035 1194 4642 1042 1195 4643 1042 1195 4644 1035 1194 4645 1036 1196 4646 1042 1195 4647 1036 1196 4648 1041 1197 4649 1041 1197 4650 1036 1196 4651 1037 1198 4652 1041 1197 4653 1037 1198 4654 1040 1199 4655 1040 1199 4656 1037 1198 4657 1038 1200 4658 1040 1199 4659 1038 1200 4660 1039 1201 4661 1039 1201 4662 1038 1200 4663 1049 1202 4664 1049 1202 4665 1038 1200 4666 1043 1203 4667 1049 1202 4668 1043 1203 4669 1048 1204 4670 1048 1204 4671 1043 1203 4672 1044 1205 4673 1048 1204 4674 1044 1205 4675 1047 1206 4676 1047 1206 4677 1044 1205 4678 1045 1207 4679 1047 1206 4680 1045 1207 4681 1046 1208 4682 1046 1208 4683 1045 1207 4684 1065 1209 4685 1065 1209 4686 1045 1207 4687 1050 1210 4688 1065 1209 4689 1050 1210 4690 1051 1211 4691 1065 1209 4692 1051 1211 4693 1064 1212 4694 1064 1212 4695 1051 1211 4696 1052 1213 4697 1064 1212 4698 1052 1213 4699 1063 1214 4700 1063 1214 4701 1052 1213 4702 1053 1215 4703 1063 1214 4704 1053 1215 4705 1062 1216 4706 1062 1216 4707 1053 1215 4708 1054 1217 4709 1062 1216 4710 1054 1217 4711 1061 1218 4712 1061 1218 4713 1054 1217 4714 1055 1219 4715 1061 1218 4716 1055 1219 4717 1060 1220 4718 1060 1220 4719 1055 1219 4720 1059 1221 4721 1059 1221 4722 1055 1219 4723 1056 1222 4724 1059 1221 4725 1056 1222 4726 1057 1223 4727 1057 1223 4728 1058 1224 4729 1059 1221 4730 1066 1225 4731 789 1226 4732 1057 1223 4733 1057 1223 4734 789 1226 4735 1058 1224 4736 1058 1224 4737 789 1226 4738 1067 1227 4739 1067 1227 4740 789 1226 4741 788 1228 4742 1066 1229 4743 1068 1230 4744 789 1229 4745 789 1229 4746 1068 1230 4747 758 1231 4748 758 1231 4749 1068 1230 4750 759 1232 4751 759 1232 4752 1068 1230 4753 1069 1233 4754 759 1232 4755 1069 1233 4756 1070 1234 4757 1071 1235 4758 761 1236 4759 1070 1234 4760 1070 1234 4761 761 1236 4762 760 1237 4763 1070 1234 4764 760 1237 4765 759 1232 4766 1071 1235 4767 1072 1238 4768 761 1236 4769 761 1236 4770 1072 1238 4771 762 1239 4772 762 1239 4773 1072 1238 4774 763 1240 4775 763 1240 4776 1072 1238 4777 1073 1241 4778 763 1240 4779 1073 1241 4780 1074 1242 4781 1075 1243 4782 765 1244 4783 1074 1242 4784 1074 1242 4785 765 1244 4786 764 1245 4787 1074 1242 4788 764 1245 4789 763 1240 4790 765 1244 4791 1075 1243 4792 766 1246 4793 766 1246 4794 1075 1243 4795 1076 1247 4796 766 1246 4797 1076 1247 4798 767 1248 4799 767 1248 4800 1076 1247 4801 1077 1249 4802 767 1248 4803 1077 1249 4804 768 1250 4805 768 1250 4806 1077 1249 4807 1078 1251 4808 768 1250 4809 1078 1251 4810 769 1252 4811 769 1252 4812 1078 1251 4813 1079 1253 4814 769 1252 4815 1079 1253 4816 770 1254 4817 770 1254 4818 1079 1253 4819 1080 1255 4820 770 1254 4821 1080 1255 4822 771 1256 4823 771 1256 4824 1080 1255 4825 1081 1257 4826 771 1256 4827 1081 1257 4828 772 1258 4829 772 1258 4830 1081 1257 4831 1082 1259 4832 772 1258 4833 1082 1259 4834 773 1260 4835 773 1260 4836 1082 1259 4837 1083 1261 4838 773 1260 4839 1083 1261 4840 774 1262 4841 774 1262 4842 1083 1261 4843 1084 1263 4844 774 1262 4845 1084 1263 4846 775 1264 4847 775 1264 4848 1084 1263 4849 1085 1265 4850 775 1264 4851 1085 1265 4852 776 1266 4853 776 1266 4854 1085 1265 4855 1086 1267 4856 776 1266 4857 1086 1267 4858 777 1268 4859 777 1268 4860 1086 1267 4861 1087 1269 4862 777 1268 4863 1087 1269 4864 778 1270 4865 778 1270 4866 1087 1269 4867 1088 1271 4868 778 1270 4869 1088 1271 4870 779 1272 4871 779 1272 4872 1088 1271 4873 1089 1273 4874 779 1272 4875 1089 1273 4876 1090 1274 4877 1091 1275 4878 781 1276 4879 1090 1274 4880 1090 1274 4881 781 1276 4882 780 1277 4883 1090 1274 4884 780 1277 4885 779 1272 4886 781 1276 4887 1091 1275 4888 782 1278 4889 782 1278 4890 1091 1275 4891 1092 1279 4892 782 1278 4893 1092 1279 4894 1093 1280 4895 1094 1281 4896 784 1282 4897 1093 1280 4898 1093 1280 4899 784 1282 4900 783 1283 4901 1093 1280 4902 783 1283 4903 782 1278 4904 1094 1281 4905 1095 1284 4906 784 1282 4907 784 1282 4908 1095 1284 4909 785 1284 4910 785 1285 4911 1095 1286 4912 1101 1287 4913 1101 1287 4914 1095 1286 4915 1096 1288 4916 1101 1287 4917 1096 1288 4918 1100 1289 4919 1100 1289 4920 1096 1288 4921 1097 1290 4922 1100 1289 4923 1097 1290 4924 1099 1291 4925 1099 1291 4926 1097 1290 4927 1098 1292 4928 785 1285 4929 1101 1287 4930 786 1293 4931 786 1293 4932 1101 1287 4933 1067 1227 4934 786 1293 4935 1067 1227 4936 787 1294 4937 787 1294 4938 1067 1227 4939 788 1228 4940 1098 1292 4941 1102 1295 4942 1099 1291 4943 1099 1291 4944 1102 1295 4945 1103 1296 4946 1102 1295 4947 1104 1297 4948 1103 1296 4949 1103 1296 4950 1104 1297 4951 1119 1298 4952 1119 1298 4953 1104 1297 4954 1105 1299 4955 1119 1298 4956 1105 1299 4957 1118 1300 4958 1118 1300 4959 1105 1299 4960 1106 1301 4961 1118 1300 4962 1106 1301 4963 1117 1302 4964 1117 1302 4965 1106 1301 4966 1107 1303 4967 1117 1302 4968 1107 1303 4969 1116 1304 4970 1116 1304 4971 1107 1303 4972 1108 1305 4973 1116 1304 4974 1108 1305 4975 1115 1306 4976 1115 1306 4977 1108 1305 4978 1109 1307 4979 1115 1306 4980 1109 1307 4981 1114 1308 4982 1114 1308 4983 1109 1307 4984 1110 1309 4985 1114 1308 4986 1110 1309 4987 1113 1310 4988 1113 1310 4989 1110 1309 4990 1111 1311 4991 1113 1310 4992 1111 1311 4993 1112 1312 4994 1111 1311 4995 1120 1313 4996 1112 1312 4997 1112 1312 4998 1120 1313 4999 1127 1314 5000 1127 1314 5001 1120 1313 5002 1121 1315 5003 1127 1314 5004 1121 1315 5005 1126 1316 5006 1126 1316 5007 1121 1315 5008 1122 1317 5009 1126 1316 5010 1122 1317 5011 1125 1318 5012 1125 1318 5013 1122 1317 5014 1123 1319 5015 1125 1318 5016 1123 1319 5017 1124 1320 5018 1123 1319 5019 1128 1321 5020 1124 1320 5021 1124 1320 5022 1128 1321 5023 1135 1322 5024 1135 1322 5025 1128 1321 5026 1129 1323 5027 1135 1322 5028 1129 1323 5029 1134 1324 5030 1134 1324 5031 1129 1323 5032 1130 1325 5033 1134 1324 5034 1130 1325 5035 1133 1326 5036 1133 1326 5037 1130 1325 5038 1131 1327 5039 1133 1326 5040 1131 1327 5041 1132 1328 5042 1131 1327 5043 838 998 5044 1132 1328 5045 1132 1328 5046 838 998 5047 855 997 5048 801 920 5049 1153 1329 5050 790 918 5051 790 918 5052 1153 1329 5053 1151 1330 5054 790 918 5055 1151 1330 5056 1185 1331 5057 1185 1331 5058 1151 1330 5059 1152 1332 5060 1185 1331 5061 1152 1332 5062 1186 1333 5063 1186 1333 5064 1152 1332 5065 1136 1334 5066 1186 1333 5067 1136 1334 5068 1137 1335 5069 1153 1329 5070 801 920 5071 1155 1336 5072 1155 1336 5073 801 920 5074 800 922 5075 1155 1336 5076 800 922 5077 1160 1337 5078 1160 1337 5079 800 922 5080 1157 1338 5081 1160 1337 5082 1157 1338 5083 1158 1339 5084 1158 1339 5085 1157 1338 5086 1162 1340 5087 1158 1339 5088 1162 1340 5089 1147 1341 5090 1147 1341 5091 1162 1340 5092 1146 1342 5093 1146 1342 5094 1162 1340 5095 1165 1343 5096 1146 1342 5097 1165 1343 5098 1164 1344 5099 1164 1344 5100 1165 1343 5101 1166 1345 5102 1164 1344 5103 1166 1345 5104 1163 1346 5105 1163 1346 5106 1166 1345 5107 798 926 5108 1163 1346 5109 798 926 5110 797 928 5111 800 922 5112 799 924 5113 1157 1338 5114 1157 1338 5115 799 924 5116 1161 1347 5117 1157 1338 5118 1161 1347 5119 1162 1340 5120 1162 1340 5121 1161 1347 5122 1165 1343 5123 799 924 5124 798 926 5125 1161 1347 5126 1161 1347 5127 798 926 5128 1166 1345 5129 1161 1347 5130 1166 1345 5131 1165 1343 5132 1163 1346 5133 797 928 5134 1167 1348 5135 1167 1348 5136 797 928 5137 796 930 5138 1167 1348 5139 796 930 5140 1172 1349 5141 1172 1349 5142 796 930 5143 1169 1350 5144 1172 1349 5145 1169 1350 5146 1170 1351 5147 1170 1351 5148 1169 1350 5149 1174 1352 5150 1170 1351 5151 1174 1352 5152 1142 1353 5153 1142 1353 5154 1174 1352 5155 1141 1354 5156 1141 1354 5157 1174 1352 5158 1177 1355 5159 1141 1354 5160 1177 1355 5161 1176 1356 5162 1176 1356 5163 1177 1355 5164 1178 1357 5165 1176 1356 5166 1178 1357 5167 1175 1358 5168 1175 1358 5169 1178 1357 5170 794 934 5171 1175 1358 5172 794 934 5173 793 936 5174 796 930 5175 795 932 5176 1169 1350 5177 1169 1350 5178 795 932 5179 1173 1359 5180 1169 1350 5181 1173 1359 5182 1174 1352 5183 1174 1352 5184 1173 1359 5185 1177 1355 5186 795 932 5187 794 934 5188 1173 1359 5189 1173 1359 5190 794 934 5191 1178 1357 5192 1173 1359 5193 1178 1357 5194 1177 1355 5195 1175 1358 5196 793 936 5197 1179 1360 5198 1179 1360 5199 793 936 5200 792 938 5201 1179 1360 5202 792 938 5203 1184 1361 5204 1184 1361 5205 792 938 5206 1181 1362 5207 1184 1361 5208 1181 1362 5209 1182 1363 5210 1182 1363 5211 1181 1362 5212 1186 1333 5213 1182 1363 5214 1186 1333 5215 1137 1335 5216 792 938 5217 791 916 5218 1181 1362 5219 1181 1362 5220 791 916 5221 1185 1331 5222 1181 1362 5223 1185 1331 5224 1186 1333 5225 791 916 5226 790 918 5227 1185 1331 5228 1137 1335 5229 1138 1364 5230 1182 1363 5231 1182 1363 5232 1138 1364 5233 1183 1365 5234 1182 1363 5235 1183 1365 5236 1184 1361 5237 1184 1361 5238 1183 1365 5239 1179 1360 5240 1138 1364 5241 1139 1366 5242 1183 1365 5243 1183 1365 5244 1139 1366 5245 1180 1367 5246 1183 1365 5247 1180 1367 5248 1179 1360 5249 1179 1360 5250 1180 1367 5251 1175 1358 5252 1139 1366 5253 1140 1368 5254 1180 1367 5255 1180 1367 5256 1140 1368 5257 1176 1356 5258 1180 1367 5259 1176 1356 5260 1175 1358 5261 1140 1368 5262 1141 1354 5263 1176 1356 5264 1142 1353 5265 1143 1369 5266 1170 1351 5267 1170 1351 5268 1143 1369 5269 1171 1370 5270 1170 1351 5271 1171 1370 5272 1172 1349 5273 1172 1349 5274 1171 1370 5275 1167 1348 5276 1143 1369 5277 1144 1371 5278 1171 1370 5279 1171 1370 5280 1144 1371 5281 1168 1372 5282 1171 1370 5283 1168 1372 5284 1167 1348 5285 1167 1348 5286 1168 1372 5287 1163 1346 5288 1144 1371 5289 1145 1373 5290 1168 1372 5291 1168 1372 5292 1145 1373 5293 1164 1344 5294 1168 1372 5295 1164 1344 5296 1163 1346 5297 1145 1373 5298 1146 1342 5299 1164 1344 5300 1147 1341 5301 1148 1374 5302 1158 1339 5303 1158 1339 5304 1148 1374 5305 1159 1375 5306 1158 1339 5307 1159 1375 5308 1160 1337 5309 1160 1337 5310 1159 1375 5311 1155 1336 5312 1148 1374 5313 1149 1376 5314 1159 1375 5315 1159 1375 5316 1149 1376 5317 1156 1377 5318 1159 1375 5319 1156 1377 5320 1155 1336 5321 1155 1336 5322 1156 1377 5323 1153 1329 5324 1149 1376 5325 1150 1378 5326 1156 1377 5327 1156 1377 5328 1150 1378 5329 1154 1379 5330 1156 1377 5331 1154 1379 5332 1153 1329 5333 1153 1329 5334 1154 1379 5335 1151 1330 5336 1150 1378 5337 1136 1334 5338 1154 1379 5339 1154 1379 5340 1136 1334 5341 1152 1332 5342 1154 1379 5343 1152 1332 5344 1151 1330 5345 813 944 5346 1204 1380 5347 802 942 5348 802 942 5349 1204 1380 5350 1202 1381 5351 802 942 5352 1202 1381 5353 1236 1382 5354 1236 1382 5355 1202 1381 5356 1203 1383 5357 1236 1382 5358 1203 1383 5359 1237 1384 5360 1237 1384 5361 1203 1383 5362 1187 1385 5363 1237 1384 5364 1187 1385 5365 1188 1386 5366 1204 1380 5367 813 944 5368 1206 1387 5369 1206 1387 5370 813 944 5371 812 946 5372 1206 1387 5373 812 946 5374 1211 1388 5375 1211 1388 5376 812 946 5377 1208 1389 5378 1211 1388 5379 1208 1389 5380 1209 1390 5381 1209 1390 5382 1208 1389 5383 1213 1391 5384 1209 1390 5385 1213 1391 5386 1198 1392 5387 1198 1392 5388 1213 1391 5389 1197 1393 5390 1197 1393 5391 1213 1391 5392 1216 1394 5393 1197 1393 5394 1216 1394 5395 1215 1395 5396 1215 1395 5397 1216 1394 5398 1217 1396 5399 1215 1395 5400 1217 1396 5401 1214 1397 5402 1214 1397 5403 1217 1396 5404 810 950 5405 1214 1397 5406 810 950 5407 809 952 5408 812 946 5409 811 948 5410 1208 1389 5411 1208 1389 5412 811 948 5413 1212 1398 5414 1208 1389 5415 1212 1398 5416 1213 1391 5417 1213 1391 5418 1212 1398 5419 1216 1394 5420 811 948 5421 810 950 5422 1212 1398 5423 1212 1398 5424 810 950 5425 1217 1396 5426 1212 1398 5427 1217 1396 5428 1216 1394 5429 1214 1397 5430 809 952 5431 1218 1399 5432 1218 1399 5433 809 952 5434 808 954 5435 1218 1399 5436 808 954 5437 1223 1400 5438 1223 1400 5439 808 954 5440 1220 1401 5441 1223 1400 5442 1220 1401 5443 1221 1402 5444 1221 1402 5445 1220 1401 5446 1225 1403 5447 1221 1402 5448 1225 1403 5449 1193 1404 5450 1193 1404 5451 1225 1403 5452 1192 1405 5453 1192 1405 5454 1225 1403 5455 1228 1406 5456 1192 1405 5457 1228 1406 5458 1227 1407 5459 1227 1407 5460 1228 1406 5461 1229 1408 5462 1227 1407 5463 1229 1408 5464 1226 1409 5465 1226 1409 5466 1229 1408 5467 806 957 5468 1226 1409 5469 806 957 5470 805 959 5471 808 954 5472 807 955 5473 1220 1401 5474 1220 1401 5475 807 955 5476 1224 1410 5477 1220 1401 5478 1224 1410 5479 1225 1403 5480 1225 1403 5481 1224 1410 5482 1228 1406 5483 807 955 5484 806 957 5485 1224 1410 5486 1224 1410 5487 806 957 5488 1229 1408 5489 1224 1410 5490 1229 1408 5491 1228 1406 5492 1226 1409 5493 805 959 5494 1230 1411 5495 1230 1411 5496 805 959 5497 804 961 5498 1230 1411 5499 804 961 5500 1235 1412 5501 1235 1412 5502 804 961 5503 1232 1413 5504 1235 1412 5505 1232 1413 5506 1233 1414 5507 1233 1414 5508 1232 1413 5509 1237 1384 5510 1233 1414 5511 1237 1384 5512 1188 1386 5513 804 961 5514 803 940 5515 1232 1413 5516 1232 1413 5517 803 940 5518 1236 1382 5519 1232 1413 5520 1236 1382 5521 1237 1384 5522 803 940 5523 802 942 5524 1236 1382 5525 1188 1386 5526 1189 1415 5527 1233 1414 5528 1233 1414 5529 1189 1415 5530 1234 1416 5531 1233 1414 5532 1234 1416 5533 1235 1412 5534 1235 1412 5535 1234 1416 5536 1230 1411 5537 1189 1415 5538 1190 1417 5539 1234 1416 5540 1234 1416 5541 1190 1417 5542 1231 1418 5543 1234 1416 5544 1231 1418 5545 1230 1411 5546 1230 1411 5547 1231 1418 5548 1226 1409 5549 1190 1417 5550 1191 1419 5551 1231 1418 5552 1231 1418 5553 1191 1419 5554 1227 1407 5555 1231 1418 5556 1227 1407 5557 1226 1409 5558 1191 1419 5559 1192 1405 5560 1227 1407 5561 1193 1404 5562 1194 1420 5563 1221 1402 5564 1221 1402 5565 1194 1420 5566 1222 1421 5567 1221 1402 5568 1222 1421 5569 1223 1400 5570 1223 1400 5571 1222 1421 5572 1218 1399 5573 1194 1420 5574 1195 1422 5575 1222 1421 5576 1222 1421 5577 1195 1422 5578 1219 1423 5579 1222 1421 5580 1219 1423 5581 1218 1399 5582 1218 1399 5583 1219 1423 5584 1214 1397 5585 1195 1422 5586 1196 1424 5587 1219 1423 5588 1219 1423 5589 1196 1424 5590 1215 1395 5591 1219 1423 5592 1215 1395 5593 1214 1397 5594 1196 1424 5595 1197 1393 5596 1215 1395 5597 1198 1392 5598 1199 1425 5599 1209 1390 5600 1209 1390 5601 1199 1425 5602 1210 1426 5603 1209 1390 5604 1210 1426 5605 1211 1388 5606 1211 1388 5607 1210 1426 5608 1206 1387 5609 1199 1425 5610 1200 1427 5611 1210 1426 5612 1210 1426 5613 1200 1427 5614 1207 1428 5615 1210 1426 5616 1207 1428 5617 1206 1387 5618 1206 1387 5619 1207 1428 5620 1204 1380 5621 1200 1427 5622 1201 1429 5623 1207 1428 5624 1207 1428 5625 1201 1429 5626 1205 1430 5627 1207 1428 5628 1205 1430 5629 1204 1380 5630 1204 1380 5631 1205 1430 5632 1202 1381 5633 1201 1429 5634 1187 1385 5635 1205 1430 5636 1205 1430 5637 1187 1385 5638 1203 1383 5639 1205 1430 5640 1203 1383 5641 1202 1381 5642 825 966 5643 1255 1431 5644 814 965 5645 814 965 5646 1255 1431 5647 1253 1432 5648 814 965 5649 1253 1432 5650 1287 1433 5651 1287 1433 5652 1253 1432 5653 1254 1434 5654 1287 1433 5655 1254 1434 5656 1288 1435 5657 1288 1435 5658 1254 1434 5659 1238 1436 5660 1288 1435 5661 1238 1436 5662 1239 1437 5663 1255 1431 5664 825 966 5665 1257 1438 5666 1257 1438 5667 825 966 5668 824 968 5669 1257 1438 5670 824 968 5671 1262 1439 5672 1262 1439 5673 824 968 5674 1259 1440 5675 1262 1439 5676 1259 1440 5677 1260 1441 5678 1260 1441 5679 1259 1440 5680 1264 1442 5681 1260 1441 5682 1264 1442 5683 1249 1443 5684 1249 1443 5685 1264 1442 5686 1248 1444 5687 1248 1444 5688 1264 1442 5689 1267 1445 5690 1248 1444 5691 1267 1445 5692 1266 1446 5693 1266 1446 5694 1267 1445 5695 1268 1447 5696 1266 1446 5697 1268 1447 5698 1265 1397 5699 1265 1397 5700 1268 1447 5701 822 971 5702 1265 1397 5703 822 971 5704 821 972 5705 824 968 5706 823 970 5707 1259 1440 5708 1259 1440 5709 823 970 5710 1263 1448 5711 1259 1440 5712 1263 1448 5713 1264 1442 5714 1264 1442 5715 1263 1448 5716 1267 1445 5717 823 970 5718 822 971 5719 1263 1448 5720 1263 1448 5721 822 971 5722 1268 1447 5723 1263 1448 5724 1268 1447 5725 1267 1445 5726 1265 1397 5727 821 972 5728 1269 1449 5729 1269 1449 5730 821 972 5731 820 973 5732 1269 1449 5733 820 973 5734 1274 1450 5735 1274 1450 5736 820 973 5737 1271 1451 5738 1274 1450 5739 1271 1451 5740 1272 1452 5741 1272 1452 5742 1271 1451 5743 1276 1453 5744 1272 1452 5745 1276 1453 5746 1244 1454 5747 1244 1454 5748 1276 1453 5749 1243 1455 5750 1243 1455 5751 1276 1453 5752 1279 1456 5753 1243 1455 5754 1279 1456 5755 1278 1457 5756 1278 1457 5757 1279 1456 5758 1280 1458 5759 1278 1457 5760 1280 1458 5761 1277 1459 5762 1277 1459 5763 1280 1458 5764 818 975 5765 1277 1459 5766 818 975 5767 817 976 5768 820 973 5769 819 974 5770 1271 1451 5771 1271 1451 5772 819 974 5773 1275 1460 5774 1271 1451 5775 1275 1460 5776 1276 1453 5777 1276 1453 5778 1275 1460 5779 1279 1456 5780 819 974 5781 818 975 5782 1275 1460 5783 1275 1460 5784 818 975 5785 1280 1458 5786 1275 1460 5787 1280 1458 5788 1279 1456 5789 1277 1459 5790 817 976 5791 1281 1461 5792 1281 1461 5793 817 976 5794 816 978 5795 1281 1461 5796 816 978 5797 1286 1462 5798 1286 1462 5799 816 978 5800 1283 1463 5801 1286 1462 5802 1283 1463 5803 1284 1464 5804 1284 1464 5805 1283 1463 5806 1288 1435 5807 1284 1464 5808 1288 1435 5809 1239 1437 5810 816 978 5811 815 963 5812 1283 1463 5813 1283 1463 5814 815 963 5815 1287 1433 5816 1283 1463 5817 1287 1433 5818 1288 1435 5819 815 963 5820 814 965 5821 1287 1433 5822 1239 1437 5823 1240 1465 5824 1284 1464 5825 1284 1464 5826 1240 1465 5827 1285 1466 5828 1284 1464 5829 1285 1466 5830 1286 1462 5831 1286 1462 5832 1285 1466 5833 1281 1461 5834 1240 1465 5835 1241 1467 5836 1285 1466 5837 1285 1466 5838 1241 1467 5839 1282 1468 5840 1285 1466 5841 1282 1468 5842 1281 1461 5843 1281 1461 5844 1282 1468 5845 1277 1459 5846 1241 1467 5847 1242 1469 5848 1282 1468 5849 1282 1468 5850 1242 1469 5851 1278 1457 5852 1282 1468 5853 1278 1457 5854 1277 1459 5855 1242 1469 5856 1243 1455 5857 1278 1457 5858 1244 1454 5859 1245 1470 5860 1272 1452 5861 1272 1452 5862 1245 1470 5863 1273 1471 5864 1272 1452 5865 1273 1471 5866 1274 1450 5867 1274 1450 5868 1273 1471 5869 1269 1449 5870 1245 1470 5871 1246 1472 5872 1273 1471 5873 1273 1471 5874 1246 1472 5875 1270 1473 5876 1273 1471 5877 1270 1473 5878 1269 1449 5879 1269 1449 5880 1270 1473 5881 1265 1397 5882 1246 1472 5883 1247 1474 5884 1270 1473 5885 1270 1473 5886 1247 1474 5887 1266 1446 5888 1270 1473 5889 1266 1446 5890 1265 1397 5891 1247 1474 5892 1248 1444 5893 1266 1446 5894 1249 1443 5895 1250 1475 5896 1260 1441 5897 1260 1441 5898 1250 1475 5899 1261 1476 5900 1260 1441 5901 1261 1476 5902 1262 1439 5903 1262 1439 5904 1261 1476 5905 1257 1438 5906 1250 1475 5907 1251 1477 5908 1261 1476 5909 1261 1476 5910 1251 1477 5911 1258 1478 5912 1261 1476 5913 1258 1478 5914 1257 1438 5915 1257 1438 5916 1258 1478 5917 1255 1431 5918 1251 1477 5919 1252 1479 5920 1258 1478 5921 1258 1478 5922 1252 1479 5923 1256 1480 5924 1258 1478 5925 1256 1480 5926 1255 1431 5927 1255 1431 5928 1256 1480 5929 1253 1432 5930 1252 1479 5931 1238 1436 5932 1256 1480 5933 1256 1480 5934 1238 1436 5935 1254 1434 5936 1256 1480 5937 1254 1434 5938 1253 1432 5939 837 983 5940 1306 1329 5941 826 982 5942 826 982 5943 1306 1329 5944 1304 1481 5945 826 982 5946 1304 1481 5947 1338 1482 5948 1338 1482 5949 1304 1481 5950 1305 1483 5951 1338 1482 5952 1305 1483 5953 1339 1484 5954 1339 1484 5955 1305 1483 5956 1289 1485 5957 1339 1484 5958 1289 1485 5959 1290 1486 5960 1306 1329 5961 837 983 5962 1308 1487 5963 1308 1487 5964 837 983 5965 836 985 5966 1308 1487 5967 836 985 5968 1313 1488 5969 1313 1488 5970 836 985 5971 1310 1489 5972 1313 1488 5973 1310 1489 5974 1311 1490 5975 1311 1490 5976 1310 1489 5977 1315 1491 5978 1311 1490 5979 1315 1491 5980 1300 1492 5981 1300 1492 5982 1315 1491 5983 1299 1493 5984 1299 1493 5985 1315 1491 5986 1318 1494 5987 1299 1493 5988 1318 1494 5989 1317 1495 5990 1317 1495 5991 1318 1494 5992 1319 1496 5993 1317 1495 5994 1319 1496 5995 1316 1497 5996 1316 1497 5997 1319 1496 5998 834 988 5999 1316 1497 6000 834 988 6001 833 989 6002 836 985 6003 835 987 6004 1310 1489 6005 1310 1489 6006 835 987 6007 1314 1498 6008 1310 1489 6009 1314 1498 6010 1315 1491 6011 1315 1491 6012 1314 1498 6013 1318 1494 6014 835 987 6015 834 988 6016 1314 1498 6017 1314 1498 6018 834 988 6019 1319 1496 6020 1314 1498 6021 1319 1496 6022 1318 1494 6023 1316 1497 6024 833 989 6025 1320 1499 6026 1320 1499 6027 833 989 6028 832 990 6029 1320 1499 6030 832 990 6031 1325 1500 6032 1325 1500 6033 832 990 6034 1322 1501 6035 1325 1500 6036 1322 1501 6037 1323 1502 6038 1323 1502 6039 1322 1501 6040 1327 1503 6041 1323 1502 6042 1327 1503 6043 1295 1504 6044 1295 1504 6045 1327 1503 6046 1294 1505 6047 1294 1505 6048 1327 1503 6049 1330 1506 6050 1294 1505 6051 1330 1506 6052 1329 1507 6053 1329 1507 6054 1330 1506 6055 1331 1508 6056 1329 1507 6057 1331 1508 6058 1328 1509 6059 1328 1509 6060 1331 1508 6061 830 992 6062 1328 1509 6063 830 992 6064 829 993 6065 832 990 6066 831 991 6067 1322 1501 6068 1322 1501 6069 831 991 6070 1326 1510 6071 1322 1501 6072 1326 1510 6073 1327 1503 6074 1327 1503 6075 1326 1510 6076 1330 1506 6077 831 991 6078 830 992 6079 1326 1510 6080 1326 1510 6081 830 992 6082 1331 1508 6083 1326 1510 6084 1331 1508 6085 1330 1506 6086 1328 1509 6087 829 993 6088 1332 1511 6089 1332 1511 6090 829 993 6091 828 995 6092 1332 1511 6093 828 995 6094 1337 1512 6095 1337 1512 6096 828 995 6097 1334 1513 6098 1337 1512 6099 1334 1513 6100 1335 1514 6101 1335 1514 6102 1334 1513 6103 1339 1484 6104 1335 1514 6105 1339 1484 6106 1290 1486 6107 828 995 6108 827 980 6109 1334 1513 6110 1334 1513 6111 827 980 6112 1338 1482 6113 1334 1513 6114 1338 1482 6115 1339 1484 6116 827 980 6117 826 982 6118 1338 1482 6119 1290 1486 6120 1291 1515 6121 1335 1514 6122 1335 1514 6123 1291 1515 6124 1336 1516 6125 1335 1514 6126 1336 1516 6127 1337 1512 6128 1337 1512 6129 1336 1516 6130 1332 1511 6131 1291 1515 6132 1292 1517 6133 1336 1516 6134 1336 1516 6135 1292 1517 6136 1333 1518 6137 1336 1516 6138 1333 1518 6139 1332 1511 6140 1332 1511 6141 1333 1518 6142 1328 1509 6143 1292 1517 6144 1293 1519 6145 1333 1518 6146 1333 1518 6147 1293 1519 6148 1329 1507 6149 1333 1518 6150 1329 1507 6151 1328 1509 6152 1293 1519 6153 1294 1505 6154 1329 1507 6155 1295 1504 6156 1296 1520 6157 1323 1502 6158 1323 1502 6159 1296 1520 6160 1324 1521 6161 1323 1502 6162 1324 1521 6163 1325 1500 6164 1325 1500 6165 1324 1521 6166 1320 1499 6167 1296 1520 6168 1297 1522 6169 1324 1521 6170 1324 1521 6171 1297 1522 6172 1321 1523 6173 1324 1521 6174 1321 1523 6175 1320 1499 6176 1320 1499 6177 1321 1523 6178 1316 1497 6179 1297 1522 6180 1298 1524 6181 1321 1523 6182 1321 1523 6183 1298 1524 6184 1317 1495 6185 1321 1523 6186 1317 1495 6187 1316 1497 6188 1298 1524 6189 1299 1493 6190 1317 1495 6191 1300 1492 6192 1301 1525 6193 1311 1490 6194 1311 1490 6195 1301 1525 6196 1312 1526 6197 1311 1490 6198 1312 1526 6199 1313 1488 6200 1313 1488 6201 1312 1526 6202 1308 1487 6203 1301 1525 6204 1302 1527 6205 1312 1526 6206 1312 1526 6207 1302 1527 6208 1309 1528 6209 1312 1526 6210 1309 1528 6211 1308 1487 6212 1308 1487 6213 1309 1528 6214 1306 1329 6215 1302 1527 6216 1303 1529 6217 1309 1528 6218 1309 1528 6219 1303 1529 6220 1307 1530 6221 1309 1528 6222 1307 1530 6223 1306 1329 6224 1306 1329 6225 1307 1530 6226 1304 1481 6227 1303 1529 6228 1289 1485 6229 1307 1530 6230 1307 1530 6231 1289 1485 6232 1305 1483 6233 1307 1530 6234 1305 1483 6235 1304 1481 6236 927 1091 6237 1340 1531 6238 928 1089 6239 928 1089 6240 1340 1531 6241 1358 1532 6242 928 1089 6243 1358 1532 6244 929 1087 6245 929 1087 6246 1358 1532 6247 1363 1533 6248 929 1087 6249 1363 1533 6250 930 1085 6251 930 1085 6252 1363 1533 6253 1368 1534 6254 930 1085 6255 1368 1534 6256 931 1083 6257 931 1083 6258 1368 1534 6259 1373 1535 6260 931 1083 6261 1373 1535 6262 932 1081 6263 932 1081 6264 1373 1535 6265 1377 1536 6266 932 1081 6267 1377 1536 6268 933 1079 6269 933 1079 6270 1377 1536 6271 1378 1537 6272 933 1079 6273 1378 1537 6274 915 1076 6275 915 1076 6276 1378 1537 6277 1352 1538 6278 1352 1538 6279 1378 1537 6280 1379 1539 6281 1352 1538 6282 1379 1539 6283 1380 1540 6284 1380 1540 6285 1379 1539 6286 1375 1541 6287 1380 1540 6288 1375 1541 6289 1374 1542 6290 1374 1542 6291 1375 1541 6292 1370 1543 6293 1374 1542 6294 1370 1543 6295 1369 1544 6296 1369 1544 6297 1370 1543 6298 1364 1545 6299 1369 1544 6300 1364 1545 6301 1347 1546 6302 1347 1546 6303 1364 1545 6304 1346 1547 6305 1346 1547 6306 1364 1545 6307 1345 1548 6308 1345 1548 6309 1364 1545 6310 1359 1549 6311 1345 1548 6312 1359 1549 6313 1344 1550 6314 1344 1550 6315 1359 1549 6316 1354 1551 6317 1344 1550 6318 1354 1551 6319 1343 1552 6320 1343 1552 6321 1354 1551 6322 1342 1553 6323 1342 1553 6324 1354 1551 6325 1341 1554 6326 1341 1554 6327 1354 1551 6328 1355 1555 6329 1341 1554 6330 1355 1555 6331 1356 1556 6332 1356 1556 6333 1355 1555 6334 1361 1557 6335 1356 1556 6336 1361 1557 6337 1362 1558 6338 1362 1558 6339 1361 1557 6340 1367 1559 6341 1362 1558 6342 1367 1559 6343 1368 1534 6344 1368 1534 6345 1367 1559 6346 1373 1535 6347 1341 1554 6348 1356 1556 6349 1340 1531 6350 1340 1531 6351 1356 1556 6352 1357 1560 6353 1340 1531 6354 1357 1560 6355 1358 1532 6356 1358 1532 6357 1357 1560 6358 1363 1533 6359 1347 1546 6360 1348 1561 6361 1369 1544 6362 1369 1544 6363 1348 1561 6364 1353 1562 6365 1369 1544 6366 1353 1562 6367 1374 1542 6368 1374 1542 6369 1353 1562 6370 1381 1563 6371 1374 1542 6372 1381 1563 6373 1380 1540 6374 1380 1540 6375 1381 1563 6376 1351 1564 6377 1380 1540 6378 1351 1564 6379 1352 1538 6380 1348 1561 6381 1349 1565 6382 1353 1562 6383 1353 1562 6384 1349 1565 6385 1382 1566 6386 1353 1562 6387 1382 1566 6388 1381 1563 6389 1381 1563 6390 1382 1566 6391 1351 1564 6392 1349 1565 6393 1350 1567 6394 1382 1566 6395 1382 1566 6396 1350 1567 6397 1351 1564 6398 1355 1555 6399 1354 1551 6400 1360 1568 6401 1360 1568 6402 1354 1551 6403 1359 1549 6404 1360 1568 6405 1359 1549 6406 1365 1569 6407 1365 1569 6408 1359 1549 6409 1364 1545 6410 1365 1569 6411 1364 1545 6412 1370 1543 6413 1363 1533 6414 1357 1560 6415 1362 1558 6416 1362 1558 6417 1357 1560 6418 1356 1556 6419 1355 1555 6420 1360 1568 6421 1361 1557 6422 1361 1557 6423 1360 1568 6424 1366 1570 6425 1361 1557 6426 1366 1570 6427 1367 1559 6428 1367 1559 6429 1366 1570 6430 1372 1571 6431 1367 1559 6432 1372 1571 6433 1373 1535 6434 1373 1535 6435 1372 1571 6436 1377 1536 6437 1366 1570 6438 1360 1568 6439 1365 1569 6440 1368 1534 6441 1363 1533 6442 1362 1558 6443 1366 1570 6444 1365 1569 6445 1371 1572 6446 1371 1572 6447 1365 1569 6448 1370 1543 6449 1371 1572 6450 1370 1543 6451 1375 1541 6452 1366 1570 6453 1371 1572 6454 1372 1571 6455 1372 1571 6456 1371 1572 6457 1376 1573 6458 1372 1571 6459 1376 1573 6460 1377 1536 6461 1377 1536 6462 1376 1573 6463 1378 1537 6464 1376 1573 6465 1371 1572 6466 1375 1541 6467 1378 1537 6468 1376 1573 6469 1379 1539 6470 1379 1539 6471 1376 1573 6472 1375 1541 6473 1388 1574 6474 1383 1575 6475 1393 1576 6476 1393 1576 6477 1383 1575 6478 1384 1577 6479 1393 1576 6480 1384 1577 6481 1392 1578 6482 1392 1578 6483 1384 1577 6484 1391 1579 6485 1392 1578 6486 1391 1579 6487 1397 1580 6488 1397 1580 6489 1391 1579 6490 1396 1581 6491 1397 1580 6492 1396 1581 6493 1351 1564 6494 1351 1564 6495 1396 1581 6496 1352 1538 6497 1352 1538 6498 1396 1581 6499 1395 1582 6500 1352 1538 6501 1395 1582 6502 1394 1583 6503 1394 1583 6504 1395 1582 6505 1389 1584 6506 1394 1583 6507 1389 1584 6508 917 1073 6509 917 1073 6510 1389 1584 6511 918 1071 6512 918 1071 6513 1389 1584 6514 908 1070 6515 908 1070 6516 1389 1584 6517 1385 1585 6518 1385 1585 6519 1389 1584 6520 1390 1586 6521 1385 1585 6522 1390 1586 6523 1391 1579 6524 1391 1579 6525 1390 1586 6526 1396 1581 6527 1384 1577 6528 1385 1585 6529 1391 1579 6530 917 1073 6531 916 1074 6532 1394 1583 6533 1394 1583 6534 916 1074 6535 915 1076 6536 1394 1583 6537 915 1076 6538 1352 1538 6539 1397 1580 6540 1351 1564 6541 1398 1587 6542 1398 1587 6543 1351 1564 6544 1350 1567 6545 1398 1587 6546 1350 1567 6547 1386 1588 6548 1386 1588 6549 1387 1589 6550 1398 1587 6551 1398 1587 6552 1387 1589 6553 1393 1576 6554 1398 1587 6555 1393 1576 6556 1392 1578 6557 1387 1589 6558 1388 1574 6559 1393 1576 6560 1396 1581 6561 1390 1586 6562 1395 1582 6563 1395 1582 6564 1390 1586 6565 1389 1584 6566 1398 1587 6567 1392 1578 6568 1397 1580 6569 909 1068 6570 908 1070 6571 1409 1590 6572 1409 1590 6573 908 1070 6574 1385 1585 6575 1409 1590 6576 1385 1585 6577 1408 1591 6578 1408 1591 6579 1385 1585 6580 1407 1592 6581 1408 1591 6582 1407 1592 6583 1413 1593 6584 1413 1593 6585 1407 1592 6586 1412 1594 6587 1413 1593 6588 1412 1594 6589 1418 1595 6590 1418 1595 6591 1412 1594 6592 1417 1596 6593 1418 1595 6594 1417 1596 6595 1423 1597 6596 1423 1597 6597 1417 1596 6598 1422 1598 6599 1423 1597 6600 1422 1598 6601 1404 1599 6602 1404 1599 6603 1422 1598 6604 1403 1600 6605 1403 1600 6606 1422 1598 6607 1421 1601 6608 1403 1600 6609 1421 1601 6610 1420 1602 6611 1420 1602 6612 1421 1601 6613 1415 1603 6614 1420 1602 6615 1415 1603 6616 1401 1604 6617 1401 1604 6618 1415 1603 6619 1400 1605 6620 1400 1605 6621 1415 1603 6622 1410 1606 6623 1400 1605 6624 1410 1606 6625 1399 1607 6626 1399 1607 6627 1410 1606 6628 1405 1608 6629 1399 1607 6630 1405 1608 6631 1383 1575 6632 1383 1575 6633 1405 1608 6634 1384 1577 6635 1384 1577 6636 1405 1608 6637 1406 1609 6638 1384 1577 6639 1406 1609 6640 1407 1592 6641 1407 1592 6642 1406 1609 6643 1412 1594 6644 1385 1585 6645 1384 1577 6646 1407 1592 6647 1401 1604 6648 1402 1610 6649 1420 1602 6650 1420 1602 6651 1402 1610 6652 1403 1600 6653 1423 1597 6654 1404 1599 6655 1424 1611 6656 1424 1611 6657 1404 1599 6658 903 1062 6659 1424 1611 6660 903 1062 6661 911 1064 6662 1424 1611 6663 911 1064 6664 1419 1612 6665 1419 1612 6666 911 1064 6667 910 1066 6668 1419 1612 6669 910 1066 6670 1414 1613 6671 1414 1613 6672 910 1066 6673 909 1068 6674 1414 1613 6675 909 1068 6676 1409 1590 6677 1406 1609 6678 1405 1608 6679 1411 1614 6680 1411 1614 6681 1405 1608 6682 1410 1606 6683 1411 1614 6684 1410 1606 6685 1416 1615 6686 1416 1615 6687 1410 1606 6688 1415 1603 6689 1416 1615 6690 1415 1603 6691 1421 1601 6692 1414 1613 6693 1409 1590 6694 1408 1591 6695 1414 1613 6696 1408 1591 6697 1413 1593 6698 1417 1596 6699 1412 1594 6700 1411 1614 6701 1411 1614 6702 1412 1594 6703 1406 1609 6704 1417 1596 6705 1411 1614 6706 1416 1615 6707 1419 1612 6708 1414 1613 6709 1413 1593 6710 1419 1612 6711 1413 1593 6712 1418 1595 6713 1422 1598 6714 1417 1596 6715 1416 1615 6716 1422 1598 6717 1416 1615 6718 1421 1601 6719 1424 1611 6720 1419 1612 6721 1418 1595 6722 1424 1611 6723 1418 1595 6724 1423 1597 6725 894 1059 6726 903 1062 6727 1427 1616 6728 1427 1616 6729 903 1062 6730 1404 1599 6731 1427 1616 6732 1404 1599 6733 1426 1617 6734 1426 1617 6735 1404 1599 6736 1403 1600 6737 1426 1617 6738 1403 1600 6739 1425 1618 6740 1425 1618 6741 1403 1600 6742 1402 1610 6743 895 1057 6744 894 1059 6745 1440 1619 6746 1440 1619 6747 894 1059 6748 1427 1616 6749 1440 1619 6750 1427 1616 6751 1426 1617 6752 1440 1619 6753 1426 1617 6754 1439 1620 6755 1439 1620 6756 1426 1617 6757 1425 1618 6758 1439 1620 6759 1425 1618 6760 1428 1621 6761 1439 1620 6762 1428 1621 6763 1441 1622 6764 1441 1622 6765 1428 1621 6766 1429 1623 6767 1441 1622 6768 1429 1623 6769 1443 1624 6770 1443 1624 6771 1429 1623 6772 1430 1625 6773 1443 1624 6774 1430 1625 6775 1445 1626 6776 1445 1626 6777 1430 1625 6778 1431 1627 6779 1445 1626 6780 1431 1627 6781 1447 1628 6782 1447 1628 6783 1431 1627 6784 1432 1629 6785 1447 1628 6786 1432 1629 6787 1449 1630 6788 1449 1630 6789 1432 1629 6790 1433 1631 6791 1449 1630 6792 1433 1631 6793 1451 1632 6794 1451 1632 6795 1433 1631 6796 1434 1633 6797 1451 1632 6798 1434 1633 6799 1453 1634 6800 1453 1634 6801 1434 1633 6802 1435 1635 6803 1453 1634 6804 1435 1635 6805 1437 1636 6806 1437 1636 6807 1435 1635 6808 1436 1637 6809 1437 1636 6810 1438 1638 6811 1453 1634 6812 1453 1634 6813 1438 1638 6814 1454 1639 6815 1453 1634 6816 1454 1639 6817 1451 1632 6818 1451 1632 6819 1454 1639 6820 1452 1640 6821 1451 1632 6822 1452 1640 6823 1449 1630 6824 1449 1630 6825 1452 1640 6826 1450 1641 6827 1449 1630 6828 1450 1641 6829 1447 1628 6830 1447 1628 6831 1450 1641 6832 1448 1642 6833 1447 1628 6834 1448 1642 6835 1445 1626 6836 1445 1626 6837 1448 1642 6838 1446 1643 6839 1445 1626 6840 1446 1643 6841 1443 1624 6842 1443 1624 6843 1446 1643 6844 1444 1644 6845 1443 1624 6846 1444 1644 6847 1441 1622 6848 1441 1622 6849 1444 1644 6850 1442 1645 6851 1441 1622 6852 1442 1645 6853 1439 1620 6854 1439 1620 6855 1442 1645 6856 1440 1619 6857 1438 1638 6858 885 1044 6859 1454 1639 6860 1454 1639 6861 885 1044 6862 901 1045 6863 1454 1639 6864 901 1045 6865 1452 1640 6866 1452 1640 6867 901 1045 6868 900 1047 6869 1452 1640 6870 900 1047 6871 1450 1641 6872 1450 1641 6873 900 1047 6874 899 1049 6875 1450 1641 6876 899 1049 6877 1448 1642 6878 1448 1642 6879 899 1049 6880 898 1051 6881 1448 1642 6882 898 1051 6883 1446 1643 6884 1446 1643 6885 898 1051 6886 897 1053 6887 1446 1643 6888 897 1053 6889 1444 1644 6890 1444 1644 6891 897 1053 6892 896 1055 6893 1444 1644 6894 896 1055 6895 1442 1645 6896 1442 1645 6897 896 1055 6898 895 1057 6899 1442 1645 6900 895 1057 6901 1440 1619 6902 880 1042 6903 885 1044 6904 1457 1646 6905 1457 1646 6906 885 1044 6907 1438 1638 6908 1457 1646 6909 1438 1638 6910 1456 1647 6911 1456 1647 6912 1438 1638 6913 1437 1636 6914 1456 1647 6915 1437 1636 6916 1455 1648 6917 1455 1648 6918 1437 1636 6919 1436 1637 6920 881 1040 6921 880 1042 6922 1470 1649 6923 1470 1649 6924 880 1042 6925 1457 1646 6926 1470 1649 6927 1457 1646 6928 1469 1650 6929 1469 1650 6930 1457 1646 6931 1468 1651 6932 1469 1650 6933 1468 1651 6934 1474 1652 6935 1474 1652 6936 1468 1651 6937 1473 1653 6938 1474 1652 6939 1473 1653 6940 1479 1654 6941 1479 1654 6942 1473 1653 6943 1478 1655 6944 1479 1654 6945 1478 1655 6946 1486 1656 6947 1486 1656 6948 1478 1655 6949 1487 1657 6950 1486 1656 6951 1487 1657 6952 1484 1658 6953 1484 1658 6954 1487 1657 6955 1483 1659 6956 1484 1658 6957 1483 1659 6958 1463 1660 6959 1463 1660 6960 1483 1659 6961 1462 1661 6962 1462 1661 6963 1483 1659 6964 1482 1662 6965 1462 1661 6966 1482 1662 6967 1481 1663 6968 1481 1663 6969 1482 1662 6970 1464 1664 6971 1481 1663 6972 1464 1664 6973 1460 1665 6974 1460 1665 6975 1464 1664 6976 1459 1666 6977 1459 1666 6978 1464 1664 6979 1476 1667 6980 1459 1666 6981 1476 1667 6982 1471 1668 6983 1471 1668 6984 1476 1667 6985 1477 1669 6986 1471 1668 6987 1477 1669 6988 1472 1670 6989 1472 1670 6990 1477 1669 6991 1478 1655 6992 1472 1670 6993 1478 1655 6994 1473 1653 6995 1457 1646 6996 1456 1647 6997 1468 1651 6998 1468 1651 6999 1456 1647 7000 1467 1671 7001 1468 1651 7002 1467 1671 7003 1473 1653 7004 1473 1653 7005 1467 1671 7006 1472 1670 7007 1467 1671 7008 1456 1647 7009 1466 1672 7010 1466 1672 7011 1456 1647 7012 1455 1648 7013 1466 1672 7014 1455 1648 7015 1458 1673 7016 1466 1672 7017 1458 1673 7018 1471 1668 7019 1471 1668 7020 1458 1673 7021 1459 1666 7022 1460 1665 7023 1461 1674 7024 1481 1663 7025 1481 1663 7026 1461 1674 7027 1462 1661 7028 1484 1658 7029 1463 1660 7030 1485 1675 7031 1485 1675 7032 1463 1660 7033 871 1034 7034 1485 1675 7035 871 1034 7036 883 1036 7037 1485 1675 7038 883 1036 7039 1465 1676 7040 1465 1676 7041 883 1036 7042 882 1038 7043 1465 1676 7044 882 1038 7045 1480 1677 7046 1480 1677 7047 882 1038 7048 1475 1678 7049 1480 1677 7050 1475 1678 7051 1474 1652 7052 1474 1652 7053 1475 1678 7054 1469 1650 7055 882 1038 7056 881 1040 7057 1475 1678 7058 1475 1678 7059 881 1040 7060 1470 1649 7061 1475 1678 7062 1470 1649 7063 1469 1650 7064 1472 1670 7065 1467 1671 7066 1466 1672 7067 1471 1668 7068 1472 1670 7069 1466 1672 7070 1480 1677 7071 1474 1652 7072 1479 1654 7073 1487 1657 7074 1478 1655 7075 1477 1669 7076 1477 1669 7077 1476 1667 7078 1488 1679 7079 1488 1679 7080 1476 1667 7081 1464 1664 7082 1488 1679 7083 1464 1664 7084 1482 1662 7085 1465 1676 7086 1480 1677 7087 1479 1654 7088 1465 1676 7089 1479 1654 7090 1486 1656 7091 1482 1662 7092 1483 1659 7093 1488 1679 7094 1488 1679 7095 1483 1659 7096 1487 1657 7097 1488 1679 7098 1487 1657 7099 1477 1669 7100 1465 1676 7101 1486 1656 7102 1485 1675 7103 1485 1675 7104 1486 1656 7105 1484 1658 7106 1495 1680 7107 1489 1681 7108 1501 1682 7109 1501 1682 7110 1489 1681 7111 1490 1683 7112 1501 1682 7113 1490 1683 7114 1500 1684 7115 1500 1684 7116 1490 1683 7117 1499 1685 7118 1500 1684 7119 1499 1685 7120 1505 1686 7121 1505 1686 7122 1499 1685 7123 1504 1687 7124 1505 1686 7125 1504 1687 7126 1534 1688 7127 1534 1688 7128 1504 1687 7129 1533 1689 7130 1534 1688 7131 1533 1689 7132 1513 1690 7133 1513 1690 7134 1533 1689 7135 1514 1691 7136 1513 1690 7137 1514 1691 7138 1510 1692 7139 1510 1692 7140 1514 1691 7141 1509 1693 7142 1510 1692 7143 1509 1693 7144 1520 1694 7145 1520 1694 7146 1509 1693 7147 1519 1695 7148 1520 1694 7149 1519 1695 7150 1528 1696 7151 1528 1696 7152 1519 1695 7153 1529 1697 7154 1528 1696 7155 1529 1697 7156 1525 1698 7157 1525 1698 7158 1529 1697 7159 1524 1699 7160 1525 1698 7161 1524 1699 7162 1462 1661 7163 1462 1661 7164 1524 1699 7165 1463 1660 7166 1463 1660 7167 1524 1699 7168 1523 1700 7169 1463 1660 7170 1523 1700 7171 1522 1701 7172 1522 1701 7173 1523 1700 7174 1531 1702 7175 1522 1701 7176 1531 1702 7177 872 1032 7178 872 1032 7179 1531 1702 7180 1517 1703 7181 872 1032 7182 1517 1703 7183 873 1030 7184 873 1030 7185 1517 1703 7186 1507 1704 7187 873 1030 7188 1507 1704 7189 874 1028 7190 874 1028 7191 1507 1704 7192 1516 1705 7193 874 1028 7194 1516 1705 7195 1496 1706 7196 1496 1706 7197 1516 1705 7198 1515 1707 7199 1496 1706 7200 1515 1707 7201 1532 1708 7202 1532 1708 7203 1515 1707 7204 1514 1691 7205 1532 1708 7206 1514 1691 7207 1533 1689 7208 1490 1683 7209 1491 1709 7210 1499 1685 7211 1499 1685 7212 1491 1709 7213 1498 1710 7214 1499 1685 7215 1498 1710 7216 1504 1687 7217 1504 1687 7218 1498 1710 7219 1503 1711 7220 1504 1687 7221 1503 1711 7222 1533 1689 7223 1533 1689 7224 1503 1711 7225 1532 1708 7226 1498 1710 7227 1491 1709 7228 1497 1712 7229 1497 1712 7230 1491 1709 7231 862 1024 7232 1497 1712 7233 862 1024 7234 875 1026 7235 1497 1712 7236 875 1026 7237 1502 1713 7238 1502 1713 7239 875 1026 7240 874 1028 7241 1502 1713 7242 874 1028 7243 1496 1706 7244 872 1032 7245 871 1034 7246 1522 1701 7247 1522 1701 7248 871 1034 7249 1463 1660 7250 1525 1698 7251 1462 1661 7252 1526 1714 7253 1526 1714 7254 1462 1661 7255 1461 1674 7256 1526 1714 7257 1461 1674 7258 1492 1715 7259 1493 1716 7260 1521 1717 7261 1492 1715 7262 1492 1715 7263 1521 1717 7264 1527 1718 7265 1492 1715 7266 1527 1718 7267 1526 1714 7268 1526 1714 7269 1527 1718 7270 1528 1696 7271 1526 1714 7272 1528 1696 7273 1525 1698 7274 1494 1719 7275 1512 1720 7276 1493 1716 7277 1493 1716 7278 1512 1720 7279 1511 1721 7280 1493 1716 7281 1511 1721 7282 1521 1717 7283 1521 1717 7284 1511 1721 7285 1510 1692 7286 1521 1717 7287 1510 1692 7288 1520 1694 7289 1495 1680 7290 1506 1722 7291 1494 1719 7292 1494 1719 7293 1506 1722 7294 1535 1723 7295 1494 1719 7296 1535 1723 7297 1512 1720 7298 1512 1720 7299 1535 1723 7300 1534 1688 7301 1512 1720 7302 1534 1688 7303 1513 1690 7304 1506 1722 7305 1495 1680 7306 1501 1682 7307 1503 1711 7308 1498 1710 7309 1497 1712 7310 1503 1711 7311 1497 1712 7312 1502 1713 7313 1506 1722 7314 1501 1682 7315 1500 1684 7316 1506 1722 7317 1500 1684 7318 1505 1686 7319 1532 1708 7320 1503 1711 7321 1502 1713 7322 1496 1706 7323 1532 1708 7324 1502 1713 7325 1535 1723 7326 1506 1722 7327 1505 1686 7328 1535 1723 7329 1505 1686 7330 1534 1688 7331 1515 1707 7332 1516 1705 7333 1508 1724 7334 1508 1724 7335 1516 1705 7336 1507 1704 7337 1508 1724 7338 1507 1704 7339 1518 1725 7340 1518 1725 7341 1507 1704 7342 1517 1703 7343 1518 1725 7344 1517 1703 7345 1530 1726 7346 1530 1726 7347 1517 1703 7348 1531 1702 7349 1530 1726 7350 1531 1702 7351 1523 1700 7352 1514 1691 7353 1515 1707 7354 1509 1693 7355 1509 1693 7356 1515 1707 7357 1508 1724 7358 1509 1693 7359 1508 1724 7360 1519 1695 7361 1519 1695 7362 1508 1724 7363 1518 1725 7364 1519 1695 7365 1518 1725 7366 1529 1697 7367 1529 1697 7368 1518 1725 7369 1530 1726 7370 1529 1697 7371 1530 1726 7372 1524 1699 7373 1524 1699 7374 1530 1726 7375 1523 1700 7376 1512 1720 7377 1513 1690 7378 1511 1721 7379 1511 1721 7380 1513 1690 7381 1510 1692 7382 1527 1718 7383 1521 1717 7384 1520 1694 7385 1527 1718 7386 1520 1694 7387 1528 1696 7388 863 1022 7389 862 1024 7390 1548 1727 7391 1548 1727 7392 862 1024 7393 1491 1709 7394 1548 1727 7395 1491 1709 7396 1547 1728 7397 1547 1728 7398 1491 1709 7399 1546 1729 7400 1547 1728 7401 1546 1729 7402 1552 1730 7403 1552 1730 7404 1546 1729 7405 1551 1731 7406 1552 1730 7407 1551 1731 7408 1557 1732 7409 1557 1732 7410 1551 1731 7411 1556 1733 7412 1557 1732 7413 1556 1733 7414 1564 1734 7415 1564 1734 7416 1556 1733 7417 1565 1735 7418 1564 1734 7419 1565 1735 7420 1562 1736 7421 1562 1736 7422 1565 1735 7423 1561 1737 7424 1562 1736 7425 1561 1737 7426 1541 1738 7427 1541 1738 7428 1561 1737 7429 1540 1739 7430 1540 1739 7431 1561 1737 7432 1560 1740 7433 1540 1739 7434 1560 1740 7435 1559 1741 7436 1559 1741 7437 1560 1740 7438 1542 1742 7439 1559 1741 7440 1542 1742 7441 1538 1743 7442 1538 1743 7443 1542 1742 7444 1537 1744 7445 1537 1744 7446 1542 1742 7447 1554 1745 7448 1537 1744 7449 1554 1745 7450 1549 1746 7451 1549 1746 7452 1554 1745 7453 1555 1747 7454 1549 1746 7455 1555 1747 7456 1550 1748 7457 1550 1748 7458 1555 1747 7459 1556 1733 7460 1550 1748 7461 1556 1733 7462 1551 1731 7463 1491 1709 7464 1490 1683 7465 1546 1729 7466 1546 1729 7467 1490 1683 7468 1545 1749 7469 1546 1729 7470 1545 1749 7471 1551 1731 7472 1551 1731 7473 1545 1749 7474 1550 1748 7475 1545 1749 7476 1490 1683 7477 1544 1750 7478 1544 1750 7479 1490 1683 7480 1489 1681 7481 1544 1750 7482 1489 1681 7483 1536 1751 7484 1544 1750 7485 1536 1751 7486 1549 1746 7487 1549 1746 7488 1536 1751 7489 1537 1744 7490 1538 1743 7491 1539 1752 7492 1559 1741 7493 1559 1741 7494 1539 1752 7495 1540 1739 7496 1562 1736 7497 1541 1738 7498 1563 1753 7499 1563 1753 7500 1541 1738 7501 857 1016 7502 1563 1753 7503 857 1016 7504 865 1018 7505 1563 1753 7506 865 1018 7507 1543 1754 7508 1543 1754 7509 865 1018 7510 864 1020 7511 1543 1754 7512 864 1020 7513 1558 1755 7514 1558 1755 7515 864 1020 7516 1553 1756 7517 1558 1755 7518 1553 1756 7519 1552 1730 7520 1552 1730 7521 1553 1756 7522 1547 1728 7523 864 1020 7524 863 1022 7525 1553 1756 7526 1553 1756 7527 863 1022 7528 1548 1727 7529 1553 1756 7530 1548 1727 7531 1547 1728 7532 1550 1748 7533 1545 1749 7534 1544 1750 7535 1549 1746 7536 1550 1748 7537 1544 1750 7538 1558 1755 7539 1552 1730 7540 1557 1732 7541 1565 1735 7542 1556 1733 7543 1555 1747 7544 1555 1747 7545 1554 1745 7546 1566 1757 7547 1566 1757 7548 1554 1745 7549 1542 1742 7550 1566 1757 7551 1542 1742 7552 1560 1740 7553 1543 1754 7554 1558 1755 7555 1557 1732 7556 1543 1754 7557 1557 1732 7558 1564 1734 7559 1560 1740 7560 1561 1737 7561 1566 1757 7562 1566 1757 7563 1561 1737 7564 1565 1735 7565 1566 1757 7566 1565 1735 7567 1555 1747 7568 1543 1754 7569 1564 1734 7570 1563 1753 7571 1563 1753 7572 1564 1734 7573 1562 1736 7574 847 1013 7575 857 1016 7576 1569 1758 7577 1569 1758 7578 857 1016 7579 1541 1738 7580 1569 1758 7581 1541 1738 7582 1568 1759 7583 1568 1759 7584 1541 1738 7585 1540 1739 7586 1568 1759 7587 1540 1739 7588 1567 1760 7589 1567 1760 7590 1540 1739 7591 1539 1752 7592 848 1011 7593 847 1013 7594 1582 1761 7595 1582 1761 7596 847 1013 7597 1569 1758 7598 1582 1761 7599 1569 1758 7600 1568 1759 7601 1582 1761 7602 1568 1759 7603 1581 1762 7604 1581 1762 7605 1568 1759 7606 1567 1760 7607 1581 1762 7608 1567 1760 7609 1570 1763 7610 1581 1762 7611 1570 1763 7612 1583 1764 7613 1583 1764 7614 1570 1763 7615 1571 1765 7616 1583 1764 7617 1571 1765 7618 1585 1766 7619 1585 1766 7620 1571 1765 7621 1572 1767 7622 1585 1766 7623 1572 1767 7624 1587 1768 7625 1587 1768 7626 1572 1767 7627 1573 1769 7628 1587 1768 7629 1573 1769 7630 1589 1770 7631 1589 1770 7632 1573 1769 7633 1574 1771 7634 1589 1770 7635 1574 1771 7636 1591 1772 7637 1591 1772 7638 1574 1771 7639 1575 1773 7640 1591 1772 7641 1575 1773 7642 1593 1774 7643 1593 1774 7644 1575 1773 7645 1576 1775 7646 1593 1774 7647 1576 1775 7648 1595 1776 7649 1595 1776 7650 1576 1775 7651 1577 1777 7652 1595 1776 7653 1577 1777 7654 1579 1778 7655 1579 1778 7656 1577 1777 7657 1578 1779 7658 1579 1778 7659 1580 1780 7660 1595 1776 7661 1595 1776 7662 1580 1780 7663 1596 1781 7664 1595 1776 7665 1596 1781 7666 1593 1774 7667 1593 1774 7668 1596 1781 7669 1594 1782 7670 1593 1774 7671 1594 1782 7672 1591 1772 7673 1591 1772 7674 1594 1782 7675 1592 1783 7676 1591 1772 7677 1592 1783 7678 1589 1770 7679 1589 1770 7680 1592 1783 7681 1590 1784 7682 1589 1770 7683 1590 1784 7684 1587 1768 7685 1587 1768 7686 1590 1784 7687 1588 1785 7688 1587 1768 7689 1588 1785 7690 1585 1766 7691 1585 1766 7692 1588 1785 7693 1586 1786 7694 1585 1766 7695 1586 1786 7696 1583 1764 7697 1583 1764 7698 1586 1786 7699 1584 1787 7700 1583 1764 7701 1584 1787 7702 1581 1762 7703 1581 1762 7704 1584 1787 7705 1582 1761 7706 1580 1780 7707 855 997 7708 1596 1781 7709 1596 1781 7710 855 997 7711 854 999 7712 1596 1781 7713 854 999 7714 1594 1782 7715 1594 1782 7716 854 999 7717 853 1001 7718 1594 1782 7719 853 1001 7720 1592 1783 7721 1592 1783 7722 853 1001 7723 852 1003 7724 1592 1783 7725 852 1003 7726 1590 1784 7727 1590 1784 7728 852 1003 7729 851 1005 7730 1590 1784 7731 851 1005 7732 1588 1785 7733 1588 1785 7734 851 1005 7735 850 1007 7736 1588 1785 7737 850 1007 7738 1586 1786 7739 1586 1786 7740 850 1007 7741 849 1009 7742 1586 1786 7743 849 1009 7744 1584 1787 7745 1584 1787 7746 849 1009 7747 848 1011 7748 1584 1787 7749 848 1011 7750 1582 1761 7751 1132 1328 7752 855 997 7753 1599 1788 7754 1599 1788 7755 855 997 7756 1580 1780 7757 1599 1788 7758 1580 1780 7759 1598 1789 7760 1598 1789 7761 1580 1780 7762 1579 1778 7763 1598 1789 7764 1579 1778 7765 1597 1790 7766 1597 1790 7767 1579 1778 7768 1578 1779 7769 1133 1326 7770 1132 1328 7771 1612 1791 7772 1612 1791 7773 1132 1328 7774 1599 1788 7775 1612 1791 7776 1599 1788 7777 1611 1792 7778 1611 1792 7779 1599 1788 7780 1610 1793 7781 1611 1792 7782 1610 1793 7783 1616 1794 7784 1616 1794 7785 1610 1793 7786 1615 1795 7787 1616 1794 7788 1615 1795 7789 1621 1796 7790 1621 1796 7791 1615 1795 7792 1620 1797 7793 1621 1796 7794 1620 1797 7795 1628 1798 7796 1628 1798 7797 1620 1797 7798 1629 1799 7799 1628 1798 7800 1629 1799 7801 1626 1800 7802 1626 1800 7803 1629 1799 7804 1625 1801 7805 1626 1800 7806 1625 1801 7807 1605 1802 7808 1605 1802 7809 1625 1801 7810 1604 1803 7811 1604 1803 7812 1625 1801 7813 1624 1804 7814 1604 1803 7815 1624 1804 7816 1623 1805 7817 1623 1805 7818 1624 1804 7819 1606 1806 7820 1623 1805 7821 1606 1806 7822 1602 1807 7823 1602 1807 7824 1606 1806 7825 1601 1808 7826 1601 1808 7827 1606 1806 7828 1618 1809 7829 1601 1808 7830 1618 1809 7831 1613 1810 7832 1613 1810 7833 1618 1809 7834 1619 1811 7835 1613 1810 7836 1619 1811 7837 1614 1812 7838 1614 1812 7839 1619 1811 7840 1620 1797 7841 1614 1812 7842 1620 1797 7843 1615 1795 7844 1599 1788 7845 1598 1789 7846 1610 1793 7847 1610 1793 7848 1598 1789 7849 1609 1813 7850 1610 1793 7851 1609 1813 7852 1615 1795 7853 1615 1795 7854 1609 1813 7855 1614 1812 7856 1609 1813 7857 1598 1789 7858 1608 1814 7859 1608 1814 7860 1598 1789 7861 1597 1790 7862 1608 1814 7863 1597 1790 7864 1600 1815 7865 1608 1814 7866 1600 1815 7867 1613 1810 7868 1613 1810 7869 1600 1815 7870 1601 1808 7871 1602 1807 7872 1603 1816 7873 1623 1805 7874 1623 1805 7875 1603 1816 7876 1604 1803 7877 1626 1800 7878 1605 1802 7879 1627 1817 7880 1627 1817 7881 1605 1802 7882 1124 1320 7883 1627 1817 7884 1124 1320 7885 1135 1322 7886 1627 1817 7887 1135 1322 7888 1607 1818 7889 1607 1818 7890 1135 1322 7891 1134 1324 7892 1607 1818 7893 1134 1324 7894 1622 1819 7895 1622 1819 7896 1134 1324 7897 1617 1820 7898 1622 1819 7899 1617 1820 7900 1616 1794 7901 1616 1794 7902 1617 1820 7903 1611 1792 7904 1134 1324 7905 1133 1326 7906 1617 1820 7907 1617 1820 7908 1133 1326 7909 1612 1791 7910 1617 1820 7911 1612 1791 7912 1611 1792 7913 1614 1812 7914 1609 1813 7915 1608 1814 7916 1613 1810 7917 1614 1812 7918 1608 1814 7919 1622 1819 7920 1616 1794 7921 1621 1796 7922 1629 1799 7923 1620 1797 7924 1619 1811 7925 1619 1811 7926 1618 1809 7927 1630 1821 7928 1630 1821 7929 1618 1809 7930 1606 1806 7931 1630 1821 7932 1606 1806 7933 1624 1804 7934 1607 1818 7935 1622 1819 7936 1621 1796 7937 1607 1818 7938 1621 1796 7939 1628 1798 7940 1624 1804 7941 1625 1801 7942 1630 1821 7943 1630 1821 7944 1625 1801 7945 1629 1799 7946 1630 1821 7947 1629 1799 7948 1619 1811 7949 1607 1818 7950 1628 1798 7951 1627 1817 7952 1627 1817 7953 1628 1798 7954 1626 1800 7955 1636 1822 7956 1631 1823 7957 1643 1824 7958 1643 1824 7959 1631 1823 7960 1632 1825 7961 1643 1824 7962 1632 1825 7963 1642 1826 7964 1642 1826 7965 1632 1825 7966 1641 1827 7967 1642 1826 7968 1641 1827 7969 1649 1828 7970 1649 1828 7971 1641 1827 7972 1650 1829 7973 1649 1828 7974 1650 1829 7975 1646 1830 7976 1646 1830 7977 1650 1829 7978 1645 1831 7979 1646 1830 7980 1645 1831 7981 1653 1832 7982 1653 1832 7983 1645 1831 7984 1654 1833 7985 1653 1832 7986 1654 1833 7987 1604 1803 7988 1604 1803 7989 1654 1833 7990 1605 1802 7991 1605 1802 7992 1654 1833 7993 1655 1834 7994 1605 1802 7995 1655 1834 7996 1656 1835 7997 1656 1835 7998 1655 1834 7999 1637 1836 8000 1656 1835 8001 1637 1836 8002 1124 1320 8003 1124 1320 8004 1637 1836 8005 1125 1318 8006 1125 1318 8007 1637 1836 8008 1126 1316 8009 1126 1316 8010 1637 1836 8011 1652 1837 8012 1126 1316 8013 1652 1837 8014 1639 1838 8015 1639 1838 8016 1652 1837 8017 1651 1839 8018 1639 1838 8019 1651 1839 8020 1640 1840 8021 1640 1840 8022 1651 1839 8023 1650 1829 8024 1640 1840 8025 1650 1829 8026 1641 1827 8027 1632 1825 8028 1633 1841 8029 1641 1827 8030 1641 1827 8031 1633 1841 8032 1640 1840 8033 1640 1840 8034 1633 1841 8035 1639 1838 8036 1639 1838 8037 1633 1841 8038 1112 1312 8039 1639 1838 8040 1112 1312 8041 1127 1314 8042 1127 1314 8043 1126 1316 8044 1639 1838 8045 1124 1320 8046 1605 1802 8047 1656 1835 8048 1653 1832 8049 1604 1803 8050 1638 1842 8051 1638 1842 8052 1604 1803 8053 1603 1816 8054 1638 1842 8055 1603 1816 8056 1634 1843 8057 1635 1844 8058 1648 1845 8059 1634 1843 8060 1634 1843 8061 1648 1845 8062 1647 1846 8063 1634 1843 8064 1647 1846 8065 1638 1842 8066 1638 1842 8067 1647 1846 8068 1646 1830 8069 1638 1842 8070 1646 1830 8071 1653 1832 8072 1648 1845 8073 1635 1844 8074 1643 1824 8075 1643 1824 8076 1635 1844 8077 1636 1822 8078 1648 1845 8079 1643 1824 8080 1642 1826 8081 1648 1845 8082 1642 1826 8083 1649 1828 8084 1651 1839 8085 1652 1837 8086 1644 1847 8087 1644 1847 8088 1652 1837 8089 1637 1836 8090 1644 1847 8091 1637 1836 8092 1655 1834 8093 1650 1829 8094 1651 1839 8095 1645 1831 8096 1645 1831 8097 1651 1839 8098 1644 1847 8099 1645 1831 8100 1644 1847 8101 1654 1833 8102 1654 1833 8103 1644 1847 8104 1655 1834 8105 1648 1845 8106 1649 1828 8107 1647 1846 8108 1647 1846 8109 1649 1828 8110 1646 1830 8111 1112 1312 8112 1633 1841 8113 1113 1310 8114 1113 1310 8115 1633 1841 8116 1673 1848 8117 1113 1310 8118 1673 1848 8119 1114 1308 8120 1114 1308 8121 1673 1848 8122 1678 1849 8123 1114 1308 8124 1678 1849 8125 1115 1306 8126 1115 1306 8127 1678 1849 8128 1683 1850 8129 1115 1306 8130 1683 1850 8131 1116 1304 8132 1116 1304 8133 1683 1850 8134 1688 1851 8135 1116 1304 8136 1688 1851 8137 1117 1302 8138 1117 1302 8139 1688 1851 8140 1118 1300 8141 1118 1300 8142 1688 1851 8143 1693 1852 8144 1118 1300 8145 1693 1852 8146 1668 1853 8147 1668 1853 8148 1693 1852 8149 1692 1854 8150 1668 1853 8151 1692 1854 8152 1694 1855 8153 1694 1855 8154 1692 1854 8155 1691 1856 8156 1694 1855 8157 1691 1856 8158 1695 1857 8159 1695 1857 8160 1691 1856 8161 1690 1858 8162 1695 1857 8163 1690 1858 8164 1696 1859 8165 1696 1859 8166 1690 1858 8167 1689 1860 8168 1696 1859 8169 1689 1860 8170 1667 1861 8171 1667 1861 8172 1689 1860 8173 1662 1862 8174 1667 1861 8175 1662 1862 8176 1663 1863 8177 1632 1825 8178 1671 1864 8179 1633 1841 8180 1633 1841 8181 1671 1864 8182 1672 1865 8183 1633 1841 8184 1672 1865 8185 1673 1848 8186 1673 1848 8187 1672 1865 8188 1678 1849 8189 1631 1823 8190 1669 1866 8191 1632 1825 8192 1632 1825 8193 1669 1866 8194 1670 1867 8195 1632 1825 8196 1670 1867 8197 1671 1864 8198 1671 1864 8199 1670 1867 8200 1676 1868 8201 1671 1864 8202 1676 1868 8203 1677 1869 8204 1677 1869 8205 1676 1868 8206 1682 1870 8207 1677 1869 8208 1682 1870 8209 1683 1850 8210 1683 1850 8211 1682 1870 8212 1688 1851 8213 1631 1823 8214 1657 1871 8215 1669 1866 8216 1669 1866 8217 1657 1871 8218 1658 1872 8219 1669 1866 8220 1658 1872 8221 1674 1873 8222 1674 1873 8223 1658 1872 8224 1659 1874 8225 1674 1873 8226 1659 1874 8227 1679 1875 8228 1679 1875 8229 1659 1874 8230 1660 1876 8231 1679 1875 8232 1660 1876 8233 1684 1877 8234 1684 1877 8235 1660 1876 8236 1661 1878 8237 1684 1877 8238 1661 1878 8239 1662 1862 8240 1663 1863 8241 1664 1879 8242 1667 1861 8243 1667 1861 8244 1664 1879 8245 1665 1880 8246 1667 1861 8247 1665 1880 8248 1696 1859 8249 1696 1859 8250 1665 1880 8251 1695 1857 8252 1665 1880 8253 1666 1881 8254 1695 1857 8255 1695 1857 8256 1666 1881 8257 1694 1855 8258 1694 1855 8259 1666 1881 8260 1668 1853 8261 1668 1853 8262 1666 1881 8263 1103 1296 8264 1668 1853 8265 1103 1296 8266 1119 1298 8267 1119 1298 8268 1118 1300 8269 1668 1853 8270 1670 1867 8271 1669 1866 8272 1675 1882 8273 1675 1882 8274 1669 1866 8275 1674 1873 8276 1675 1882 8277 1674 1873 8278 1680 1883 8279 1680 1883 8280 1674 1873 8281 1679 1875 8282 1680 1883 8283 1679 1875 8284 1685 1884 8285 1685 1884 8286 1679 1875 8287 1684 1877 8288 1685 1884 8289 1684 1877 8290 1690 1858 8291 1690 1858 8292 1684 1877 8293 1689 1860 8294 1678 1849 8295 1672 1865 8296 1677 1869 8297 1677 1869 8298 1672 1865 8299 1671 1864 8300 1670 1867 8301 1675 1882 8302 1676 1868 8303 1676 1868 8304 1675 1882 8305 1681 1885 8306 1676 1868 8307 1681 1885 8308 1682 1870 8309 1682 1870 8310 1681 1885 8311 1687 1886 8312 1682 1870 8313 1687 1886 8314 1688 1851 8315 1688 1851 8316 1687 1886 8317 1693 1852 8318 1681 1885 8319 1675 1882 8320 1680 1883 8321 1683 1850 8322 1678 1849 8323 1677 1869 8324 1681 1885 8325 1680 1883 8326 1686 1887 8327 1686 1887 8328 1680 1883 8329 1685 1884 8330 1686 1887 8331 1685 1884 8332 1691 1856 8333 1691 1856 8334 1685 1884 8335 1690 1858 8336 1681 1885 8337 1686 1887 8338 1687 1886 8339 1687 1886 8340 1686 1887 8341 1692 1854 8342 1687 1886 8343 1692 1854 8344 1693 1852 8345 1692 1854 8346 1686 1887 8347 1691 1856 8348 1662 1862 8349 1689 1860 8350 1684 1877 8351 1099 1291 8352 1103 1296 8353 1699 1888 8354 1699 1888 8355 1103 1296 8356 1666 1881 8357 1699 1888 8358 1666 1881 8359 1698 1889 8360 1698 1889 8361 1666 1881 8362 1665 1880 8363 1698 1889 8364 1665 1880 8365 1697 1890 8366 1697 1890 8367 1665 1880 8368 1664 1879 8369 1099 1291 8370 1699 1888 8371 1100 1289 8372 1100 1289 8373 1699 1888 8374 1706 1891 8375 1100 1289 8376 1706 1891 8377 1101 1287 8378 1101 1287 8379 1706 1891 8380 1708 1892 8381 1101 1287 8382 1708 1892 8383 1067 1227 8384 1067 1227 8385 1708 1892 8386 1704 1893 8387 1704 1893 8388 1708 1892 8389 1707 1894 8390 1704 1893 8391 1707 1894 8392 1703 1895 8393 1703 1895 8394 1707 1894 8395 1701 1896 8396 1703 1895 8397 1701 1896 8398 1702 1897 8399 1699 1888 8400 1698 1889 8401 1706 1891 8402 1706 1891 8403 1698 1889 8404 1705 1898 8405 1706 1891 8406 1705 1898 8407 1708 1892 8408 1708 1892 8409 1705 1898 8410 1707 1894 8411 1698 1889 8412 1697 1890 8413 1705 1898 8414 1705 1898 8415 1697 1890 8416 1700 1899 8417 1705 1898 8418 1700 1899 8419 1707 1894 8420 1707 1894 8421 1700 1899 8422 1701 1896 8423 1058 1224 8424 1067 1227 8425 1711 1900 8426 1711 1900 8427 1067 1227 8428 1704 1893 8429 1711 1900 8430 1704 1893 8431 1710 1901 8432 1710 1901 8433 1704 1893 8434 1703 1895 8435 1710 1901 8436 1703 1895 8437 1709 1902 8438 1709 1902 8439 1703 1895 8440 1702 1897 8441 1058 1224 8442 1711 1900 8443 1059 1221 8444 1059 1221 8445 1711 1900 8446 1728 1903 8447 1059 1221 8448 1728 1903 8449 1060 1220 8450 1060 1220 8451 1728 1903 8452 1733 1904 8453 1060 1220 8454 1733 1904 8455 1061 1218 8456 1061 1218 8457 1733 1904 8458 1738 1905 8459 1061 1218 8460 1738 1905 8461 1062 1216 8462 1062 1216 8463 1738 1905 8464 1743 1906 8465 1062 1216 8466 1743 1906 8467 1063 1214 8468 1063 1214 8469 1743 1906 8470 1064 1212 8471 1064 1212 8472 1743 1906 8473 1748 1907 8474 1064 1212 8475 1748 1907 8476 1723 1908 8477 1723 1908 8478 1748 1907 8479 1747 1909 8480 1723 1908 8481 1747 1909 8482 1749 1910 8483 1749 1910 8484 1747 1909 8485 1746 1911 8486 1749 1910 8487 1746 1911 8488 1750 1912 8489 1750 1912 8490 1746 1911 8491 1745 1913 8492 1750 1912 8493 1745 1913 8494 1751 1914 8495 1751 1914 8496 1745 1913 8497 1744 1915 8498 1751 1914 8499 1744 1915 8500 1722 1916 8501 1722 1916 8502 1744 1915 8503 1717 1917 8504 1722 1916 8505 1717 1917 8506 1718 1918 8507 1710 1901 8508 1726 1919 8509 1711 1900 8510 1711 1900 8511 1726 1919 8512 1727 1920 8513 1711 1900 8514 1727 1920 8515 1728 1903 8516 1728 1903 8517 1727 1920 8518 1733 1904 8519 1709 1902 8520 1724 1921 8521 1710 1901 8522 1710 1901 8523 1724 1921 8524 1725 1922 8525 1710 1901 8526 1725 1922 8527 1726 1919 8528 1726 1919 8529 1725 1922 8530 1731 1923 8531 1726 1919 8532 1731 1923 8533 1732 1924 8534 1732 1924 8535 1731 1923 8536 1737 1925 8537 1732 1924 8538 1737 1925 8539 1738 1905 8540 1738 1905 8541 1737 1925 8542 1743 1906 8543 1709 1902 8544 1712 1926 8545 1724 1921 8546 1724 1921 8547 1712 1926 8548 1713 1927 8549 1724 1921 8550 1713 1927 8551 1729 1928 8552 1729 1928 8553 1713 1927 8554 1714 1929 8555 1729 1928 8556 1714 1929 8557 1734 1930 8558 1734 1930 8559 1714 1929 8560 1715 1931 8561 1734 1930 8562 1715 1931 8563 1739 1932 8564 1739 1932 8565 1715 1931 8566 1716 1933 8567 1739 1932 8568 1716 1933 8569 1717 1917 8570 1718 1918 8571 1719 1934 8572 1722 1916 8573 1722 1916 8574 1719 1934 8575 1720 1935 8576 1722 1916 8577 1720 1935 8578 1751 1914 8579 1751 1914 8580 1720 1935 8581 1750 1912 8582 1720 1935 8583 1721 1936 8584 1750 1912 8585 1750 1912 8586 1721 1936 8587 1749 1910 8588 1749 1910 8589 1721 1936 8590 1723 1908 8591 1723 1908 8592 1721 1936 8593 1046 1208 8594 1723 1908 8595 1046 1208 8596 1065 1209 8597 1065 1209 8598 1064 1212 8599 1723 1908 8600 1725 1922 8601 1724 1921 8602 1730 1937 8603 1730 1937 8604 1724 1921 8605 1729 1928 8606 1730 1937 8607 1729 1928 8608 1735 1938 8609 1735 1938 8610 1729 1928 8611 1734 1930 8612 1735 1938 8613 1734 1930 8614 1740 1939 8615 1740 1939 8616 1734 1930 8617 1739 1932 8618 1740 1939 8619 1739 1932 8620 1745 1913 8621 1745 1913 8622 1739 1932 8623 1744 1915 8624 1733 1904 8625 1727 1920 8626 1732 1924 8627 1732 1924 8628 1727 1920 8629 1726 1919 8630 1725 1922 8631 1730 1937 8632 1731 1923 8633 1731 1923 8634 1730 1937 8635 1736 1940 8636 1731 1923 8637 1736 1940 8638 1737 1925 8639 1737 1925 8640 1736 1940 8641 1742 1941 8642 1737 1925 8643 1742 1941 8644 1743 1906 8645 1743 1906 8646 1742 1941 8647 1748 1907 8648 1736 1940 8649 1730 1937 8650 1735 1938 8651 1738 1905 8652 1733 1904 8653 1732 1924 8654 1736 1940 8655 1735 1938 8656 1741 1942 8657 1741 1942 8658 1735 1938 8659 1740 1939 8660 1741 1942 8661 1740 1939 8662 1746 1911 8663 1746 1911 8664 1740 1939 8665 1745 1913 8666 1736 1940 8667 1741 1942 8668 1742 1941 8669 1742 1941 8670 1741 1942 8671 1747 1909 8672 1742 1941 8673 1747 1909 8674 1748 1907 8675 1747 1909 8676 1741 1942 8677 1746 1911 8678 1717 1917 8679 1744 1915 8680 1739 1932 8681 1757 1943 8682 1752 1944 8683 1763 1945 8684 1763 1945 8685 1752 1944 8686 1753 1946 8687 1763 1945 8688 1753 1946 8689 1762 1947 8690 1762 1947 8691 1753 1946 8692 1761 1948 8693 1762 1947 8694 1761 1948 8695 1765 1949 8696 1765 1949 8697 1761 1948 8698 1764 1950 8699 1765 1949 8700 1764 1950 8701 1721 1936 8702 1721 1936 8703 1764 1950 8704 1758 1951 8705 1721 1936 8706 1758 1951 8707 1046 1208 8708 1046 1208 8709 1758 1951 8710 1047 1206 8711 1047 1206 8712 1758 1951 8713 1048 1204 8714 1048 1204 8715 1758 1951 8716 1759 1952 8717 1048 1204 8718 1759 1952 8719 1049 1202 8720 1049 1202 8721 1759 1952 8722 1039 1201 8723 1039 1201 8724 1759 1952 8725 1754 1953 8726 1754 1953 8727 1759 1952 8728 1760 1954 8729 1754 1953 8730 1760 1954 8731 1761 1948 8732 1761 1948 8733 1760 1954 8734 1764 1950 8735 1753 1946 8736 1754 1953 8737 1761 1948 8738 1721 1936 8739 1720 1935 8740 1765 1949 8741 1765 1949 8742 1720 1935 8743 1766 1955 8744 1765 1949 8745 1766 1955 8746 1762 1947 8747 1762 1947 8748 1766 1955 8749 1763 1945 8750 1766 1955 8751 1720 1935 8752 1767 1956 8753 1767 1956 8754 1720 1935 8755 1719 1934 8756 1767 1956 8757 1719 1934 8758 1755 1957 8759 1755 1957 8760 1756 1958 8761 1767 1956 8762 1767 1956 8763 1756 1958 8764 1763 1945 8765 1767 1956 8766 1763 1945 8767 1766 1955 8768 1756 1958 8769 1757 1943 8770 1763 1945 8771 1760 1954 8772 1759 1952 8773 1758 1951 8774 1764 1950 8775 1760 1954 8776 1758 1951 8777 1040 1199 8778 1039 1201 8779 1780 1959 8780 1780 1959 8781 1039 1201 8782 1754 1953 8783 1780 1959 8784 1754 1953 8785 1779 1960 8786 1779 1960 8787 1754 1953 8788 1778 1961 8789 1779 1960 8790 1778 1961 8791 1784 1962 8792 1784 1962 8793 1778 1961 8794 1783 1963 8795 1784 1962 8796 1783 1963 8797 1789 1964 8798 1789 1964 8799 1783 1963 8800 1788 1965 8801 1789 1964 8802 1788 1965 8803 1796 1966 8804 1796 1966 8805 1788 1965 8806 1797 1967 8807 1796 1966 8808 1797 1967 8809 1794 1968 8810 1794 1968 8811 1797 1967 8812 1793 1969 8813 1794 1968 8814 1793 1969 8815 1773 1970 8816 1773 1970 8817 1793 1969 8818 1772 1971 8819 1772 1971 8820 1793 1969 8821 1792 1972 8822 1772 1971 8823 1792 1972 8824 1791 1973 8825 1791 1973 8826 1792 1972 8827 1774 1974 8828 1791 1973 8829 1774 1974 8830 1770 1975 8831 1770 1975 8832 1774 1974 8833 1769 1976 8834 1769 1976 8835 1774 1974 8836 1786 1977 8837 1769 1976 8838 1786 1977 8839 1781 1978 8840 1781 1978 8841 1786 1977 8842 1787 1979 8843 1781 1978 8844 1787 1979 8845 1782 1980 8846 1782 1980 8847 1787 1979 8848 1788 1965 8849 1782 1980 8850 1788 1965 8851 1783 1963 8852 1754 1953 8853 1753 1946 8854 1778 1961 8855 1778 1961 8856 1753 1946 8857 1777 1981 8858 1778 1961 8859 1777 1981 8860 1783 1963 8861 1783 1963 8862 1777 1981 8863 1782 1980 8864 1777 1981 8865 1753 1946 8866 1776 1982 8867 1776 1982 8868 1753 1946 8869 1752 1944 8870 1776 1982 8871 1752 1944 8872 1768 1983 8873 1776 1982 8874 1768 1983 8875 1781 1978 8876 1781 1978 8877 1768 1983 8878 1769 1976 8879 1770 1975 8880 1771 1984 8881 1791 1973 8882 1791 1973 8883 1771 1984 8884 1772 1971 8885 1794 1968 8886 1773 1970 8887 1795 1985 8888 1795 1985 8889 1773 1970 8890 1034 1193 8891 1795 1985 8892 1034 1193 8893 1042 1195 8894 1795 1985 8895 1042 1195 8896 1775 1986 8897 1775 1986 8898 1042 1195 8899 1041 1197 8900 1775 1986 8901 1041 1197 8902 1790 1987 8903 1790 1987 8904 1041 1197 8905 1785 1988 8906 1790 1987 8907 1785 1988 8908 1784 1962 8909 1784 1962 8910 1785 1988 8911 1779 1960 8912 1041 1197 8913 1040 1199 8914 1785 1988 8915 1785 1988 8916 1040 1199 8917 1780 1959 8918 1785 1988 8919 1780 1959 8920 1779 1960 8921 1782 1980 8922 1777 1981 8923 1776 1982 8924 1781 1978 8925 1782 1980 8926 1776 1982 8927 1790 1987 8928 1784 1962 8929 1789 1964 8930 1797 1967 8931 1788 1965 8932 1787 1979 8933 1787 1979 8934 1786 1977 8935 1798 1989 8936 1798 1989 8937 1786 1977 8938 1774 1974 8939 1798 1989 8940 1774 1974 8941 1792 1972 8942 1775 1986 8943 1790 1987 8944 1789 1964 8945 1775 1986 8946 1789 1964 8947 1796 1966 8948 1792 1972 8949 1793 1969 8950 1798 1989 8951 1798 1989 8952 1793 1969 8953 1797 1967 8954 1798 1989 8955 1797 1967 8956 1787 1979 8957 1775 1986 8958 1796 1966 8959 1795 1985 8960 1795 1985 8961 1796 1966 8962 1794 1968 8963 1025 1190 8964 1034 1193 8965 1801 1990 8966 1801 1990 8967 1034 1193 8968 1773 1970 8969 1801 1990 8970 1773 1970 8971 1800 1991 8972 1800 1991 8973 1773 1970 8974 1772 1971 8975 1800 1991 8976 1772 1971 8977 1799 1992 8978 1799 1992 8979 1772 1971 8980 1771 1984 8981 1026 1188 8982 1025 1190 8983 1814 1993 8984 1814 1993 8985 1025 1190 8986 1801 1990 8987 1814 1993 8988 1801 1990 8989 1800 1991 8990 1814 1993 8991 1800 1991 8992 1813 1994 8993 1813 1994 8994 1800 1991 8995 1799 1992 8996 1813 1994 8997 1799 1992 8998 1802 1995 8999 1813 1994 9000 1802 1995 9001 1815 1996 9002 1815 1996 9003 1802 1995 9004 1803 1997 9005 1815 1996 9006 1803 1997 9007 1817 1998 9008 1817 1998 9009 1803 1997 9010 1804 1999 9011 1817 1998 9012 1804 1999 9013 1819 2000 9014 1819 2000 9015 1804 1999 9016 1805 2001 9017 1819 2000 9018 1805 2001 9019 1821 2002 9020 1821 2002 9021 1805 2001 9022 1806 2003 9023 1821 2002 9024 1806 2003 9025 1823 2004 9026 1823 2004 9027 1806 2003 9028 1807 2005 9029 1823 2004 9030 1807 2005 9031 1825 2006 9032 1825 2006 9033 1807 2005 9034 1808 2007 9035 1825 2006 9036 1808 2007 9037 1827 2008 9038 1827 2008 9039 1808 2007 9040 1809 2009 9041 1827 2008 9042 1809 2009 9043 1811 2010 9044 1811 2010 9045 1809 2009 9046 1810 2011 9047 1811 2010 9048 1812 2012 9049 1827 2008 9050 1827 2008 9051 1812 2012 9052 1828 2013 9053 1827 2008 9054 1828 2013 9055 1825 2006 9056 1825 2006 9057 1828 2013 9058 1826 2014 9059 1825 2006 9060 1826 2014 9061 1823 2004 9062 1823 2004 9063 1826 2014 9064 1824 2015 9065 1823 2004 9066 1824 2015 9067 1821 2002 9068 1821 2002 9069 1824 2015 9070 1822 2016 9071 1821 2002 9072 1822 2016 9073 1819 2000 9074 1819 2000 9075 1822 2016 9076 1820 2017 9077 1819 2000 9078 1820 2017 9079 1817 1998 9080 1817 1998 9081 1820 2017 9082 1818 2018 9083 1817 1998 9084 1818 2018 9085 1815 1996 9086 1815 1996 9087 1818 2018 9088 1816 2019 9089 1815 1996 9090 1816 2019 9091 1813 1994 9092 1813 1994 9093 1816 2019 9094 1814 1993 9095 1812 2012 9096 1016 1175 9097 1828 2013 9098 1828 2013 9099 1016 1175 9100 1032 1176 9101 1828 2013 9102 1032 1176 9103 1826 2014 9104 1826 2014 9105 1032 1176 9106 1031 1178 9107 1826 2014 9108 1031 1178 9109 1824 2015 9110 1824 2015 9111 1031 1178 9112 1030 1180 9113 1824 2015 9114 1030 1180 9115 1822 2016 9116 1822 2016 9117 1030 1180 9118 1029 1182 9119 1822 2016 9120 1029 1182 9121 1820 2017 9122 1820 2017 9123 1029 1182 9124 1028 1184 9125 1820 2017 9126 1028 1184 9127 1818 2018 9128 1818 2018 9129 1028 1184 9130 1027 1186 9131 1818 2018 9132 1027 1186 9133 1816 2019 9134 1816 2019 9135 1027 1186 9136 1026 1188 9137 1816 2019 9138 1026 1188 9139 1814 1993 9140 1011 1173 9141 1016 1175 9142 1831 2020 9143 1831 2020 9144 1016 1175 9145 1812 2012 9146 1831 2020 9147 1812 2012 9148 1830 2021 9149 1830 2021 9150 1812 2012 9151 1811 2010 9152 1830 2021 9153 1811 2010 9154 1829 2022 9155 1829 2022 9156 1811 2010 9157 1810 2011 9158 1012 1171 9159 1011 1173 9160 1844 2023 9161 1844 2023 9162 1011 1173 9163 1831 2020 9164 1844 2023 9165 1831 2020 9166 1843 2024 9167 1843 2024 9168 1831 2020 9169 1842 2025 9170 1843 2024 9171 1842 2025 9172 1847 2026 9173 1847 2026 9174 1842 2025 9175 1846 2027 9176 1847 2026 9177 1846 2027 9178 1854 2028 9179 1854 2028 9180 1846 2027 9181 1855 2029 9182 1854 2028 9183 1855 2029 9184 1852 2030 9185 1852 2030 9186 1855 2029 9187 1851 2031 9188 1852 2030 9189 1851 2031 9190 1861 2032 9191 1861 2032 9192 1851 2031 9193 1860 2033 9194 1861 2032 9195 1860 2033 9196 1837 2034 9197 1837 2034 9198 1860 2033 9199 1836 2035 9200 1836 2035 9201 1860 2033 9202 1859 2036 9203 1836 2035 9204 1859 2036 9205 1858 2037 9206 1858 2037 9207 1859 2036 9208 1849 2038 9209 1858 2037 9210 1849 2038 9211 1834 2039 9212 1834 2039 9213 1849 2038 9214 1833 2040 9215 1833 2040 9216 1849 2038 9217 1857 2041 9218 1833 2040 9219 1857 2041 9220 1838 2042 9221 1838 2042 9222 1857 2041 9223 1856 2043 9224 1838 2042 9225 1856 2043 9226 1845 2044 9227 1845 2044 9228 1856 2043 9229 1855 2029 9230 1845 2044 9231 1855 2029 9232 1846 2027 9233 1831 2020 9234 1830 2021 9235 1842 2025 9236 1842 2025 9237 1830 2021 9238 1841 2045 9239 1842 2025 9240 1841 2045 9241 1846 2027 9242 1846 2027 9243 1841 2045 9244 1845 2044 9245 1841 2045 9246 1830 2021 9247 1840 2046 9248 1840 2046 9249 1830 2021 9250 1829 2022 9251 1840 2046 9252 1829 2022 9253 1832 2047 9254 1840 2046 9255 1832 2047 9256 1838 2042 9257 1838 2042 9258 1832 2047 9259 1833 2040 9260 1834 2039 9261 1835 2048 9262 1858 2037 9263 1858 2037 9264 1835 2048 9265 1836 2035 9266 1861 2032 9267 1837 2034 9268 1862 2049 9269 1862 2049 9270 1837 2034 9271 1002 1165 9272 1862 2049 9273 1002 1165 9274 1014 1167 9275 1862 2049 9276 1014 1167 9277 1839 2050 9278 1839 2050 9279 1014 1167 9280 1013 1169 9281 1839 2050 9282 1013 1169 9283 1853 2051 9284 1853 2051 9285 1013 1169 9286 1848 2052 9287 1853 2051 9288 1848 2052 9289 1847 2026 9290 1847 2026 9291 1848 2052 9292 1843 2024 9293 1013 1169 9294 1012 1171 9295 1848 2052 9296 1848 2052 9297 1012 1171 9298 1844 2023 9299 1848 2052 9300 1844 2023 9301 1843 2024 9302 1845 2044 9303 1841 2045 9304 1840 2046 9305 1838 2042 9306 1845 2044 9307 1840 2046 9308 1853 2051 9309 1847 2026 9310 1854 2028 9311 1856 2043 9312 1857 2041 9313 1850 2053 9314 1850 2053 9315 1857 2041 9316 1849 2038 9317 1850 2053 9318 1849 2038 9319 1859 2036 9320 1855 2029 9321 1856 2043 9322 1851 2031 9323 1851 2031 9324 1856 2043 9325 1850 2053 9326 1851 2031 9327 1850 2053 9328 1860 2033 9329 1860 2033 9330 1850 2053 9331 1859 2036 9332 1853 2051 9333 1854 2028 9334 1839 2050 9335 1839 2050 9336 1854 2028 9337 1852 2030 9338 1839 2050 9339 1852 2030 9340 1862 2049 9341 1862 2049 9342 1852 2030 9343 1861 2032 9344 1869 2054 9345 1863 2055 9346 1877 2056 9347 1877 2056 9348 1863 2055 9349 1864 2057 9350 1877 2056 9351 1864 2057 9352 1876 2058 9353 1876 2058 9354 1864 2057 9355 1875 2059 9356 1876 2058 9357 1875 2059 9358 1884 2060 9359 1884 2060 9360 1875 2059 9361 1885 2061 9362 1884 2060 9363 1885 2061 9364 1878 2062 9365 1878 2062 9366 1885 2061 9367 1872 2063 9368 1878 2062 9369 1872 2063 9370 1896 2064 9371 1896 2064 9372 1872 2063 9373 1005 1159 9374 1896 2064 9375 1005 1159 9376 1004 1161 9377 1864 2057 9378 1865 2065 9379 1875 2059 9380 1875 2059 9381 1865 2065 9382 1874 2066 9383 1875 2059 9384 1874 2066 9385 1885 2061 9386 1885 2061 9387 1874 2066 9388 1886 2067 9389 1885 2061 9390 1886 2067 9391 1872 2063 9392 1872 2063 9393 1886 2067 9394 1006 1156 9395 1872 2063 9396 1006 1156 9397 1005 1159 9398 1874 2066 9399 1865 2065 9400 1873 2068 9401 1873 2068 9402 1865 2065 9403 992 1154 9404 1873 2068 9405 992 1154 9406 1006 1156 9407 1003 1163 9408 1871 2069 9409 1004 1161 9410 1004 1161 9411 1871 2069 9412 1887 2070 9413 1004 1161 9414 1887 2070 9415 1896 2064 9416 1896 2064 9417 1887 2070 9418 1895 2071 9419 1896 2064 9420 1895 2071 9421 1878 2062 9422 1878 2062 9423 1895 2071 9424 1879 2072 9425 1878 2062 9426 1879 2072 9427 1884 2060 9428 1884 2060 9429 1879 2072 9430 1883 2073 9431 1884 2060 9432 1883 2073 9433 1876 2058 9434 1876 2058 9435 1883 2073 9436 1877 2056 9437 1871 2069 9438 1003 1163 9439 1870 2074 9440 1870 2074 9441 1003 1163 9442 1002 1165 9443 1870 2074 9444 1002 1165 9445 1897 2075 9446 1897 2075 9447 1002 1165 9448 1837 2034 9449 1897 2075 9450 1837 2034 9451 1898 2076 9452 1898 2076 9453 1837 2034 9454 1899 2077 9455 1898 2076 9456 1899 2077 9457 1904 2078 9458 1904 2078 9459 1899 2077 9460 1903 2079 9461 1904 2078 9462 1903 2079 9463 1908 2080 9464 1908 2080 9465 1903 2079 9466 1907 2081 9467 1908 2080 9468 1907 2081 9469 1889 2082 9470 1889 2082 9471 1907 2081 9472 1890 2083 9473 1889 2082 9474 1890 2083 9475 1893 2084 9476 1893 2084 9477 1890 2083 9478 1892 2085 9479 1893 2084 9480 1892 2085 9481 1881 2086 9482 1881 2086 9483 1892 2085 9484 1868 2087 9485 1881 2086 9486 1868 2087 9487 1869 2054 9488 1837 2034 9489 1836 2035 9490 1899 2077 9491 1899 2077 9492 1836 2035 9493 1900 2088 9494 1899 2077 9495 1900 2088 9496 1903 2079 9497 1903 2079 9498 1900 2088 9499 1902 2089 9500 1903 2079 9501 1902 2089 9502 1907 2081 9503 1907 2081 9504 1902 2089 9505 1906 2090 9506 1907 2081 9507 1906 2090 9508 1890 2083 9509 1890 2083 9510 1906 2090 9511 1891 2091 9512 1890 2083 9513 1891 2091 9514 1892 2085 9515 1892 2085 9516 1891 2091 9517 1868 2087 9518 1900 2088 9519 1836 2035 9520 1901 2092 9521 1901 2092 9522 1836 2035 9523 1835 2048 9524 1901 2092 9525 1835 2048 9526 1866 2093 9527 1867 2094 9528 1906 2090 9529 1866 2093 9530 1866 2093 9531 1906 2090 9532 1902 2089 9533 1866 2093 9534 1902 2089 9535 1901 2092 9536 1901 2092 9537 1902 2089 9538 1900 2088 9539 1906 2090 9540 1867 2094 9541 1891 2091 9542 1891 2091 9543 1867 2094 9544 1868 2087 9545 1874 2066 9546 1873 2068 9547 1886 2067 9548 1886 2067 9549 1873 2068 9550 1006 1156 9551 1869 2054 9552 1882 2095 9553 1881 2086 9554 1881 2086 9555 1882 2095 9556 1880 2096 9557 1881 2086 9558 1880 2096 9559 1893 2084 9560 1893 2084 9561 1880 2096 9562 1894 2097 9563 1893 2084 9564 1894 2097 9565 1889 2082 9566 1889 2082 9567 1894 2097 9568 1888 2098 9569 1889 2082 9570 1888 2098 9571 1908 2080 9572 1908 2080 9573 1888 2098 9574 1909 2099 9575 1908 2080 9576 1909 2099 9577 1904 2078 9578 1904 2078 9579 1909 2099 9580 1905 2100 9581 1904 2078 9582 1905 2100 9583 1898 2076 9584 1898 2076 9585 1905 2100 9586 1897 2075 9587 1879 2072 9588 1880 2096 9589 1883 2073 9590 1883 2073 9591 1880 2096 9592 1882 2095 9593 1883 2073 9594 1882 2095 9595 1877 2056 9596 1877 2056 9597 1882 2095 9598 1869 2054 9599 1880 2096 9600 1879 2072 9601 1894 2097 9602 1894 2097 9603 1879 2072 9604 1895 2071 9605 1894 2097 9606 1895 2071 9607 1888 2098 9608 1888 2098 9609 1895 2071 9610 1887 2070 9611 1888 2098 9612 1887 2070 9613 1909 2099 9614 1909 2099 9615 1887 2070 9616 1871 2069 9617 1909 2099 9618 1871 2069 9619 1905 2100 9620 1905 2100 9621 1871 2069 9622 1870 2074 9623 1905 2100 9624 1870 2074 9625 1897 2075 9626 993 1152 9627 992 1154 9628 1922 2101 9629 1922 2101 9630 992 1154 9631 1865 2065 9632 1922 2101 9633 1865 2065 9634 1921 2102 9635 1921 2102 9636 1865 2065 9637 1920 2103 9638 1921 2102 9639 1920 2103 9640 1925 2104 9641 1925 2104 9642 1920 2103 9643 1924 2105 9644 1925 2104 9645 1924 2105 9646 1932 2106 9647 1932 2106 9648 1924 2105 9649 1933 2107 9650 1932 2106 9651 1933 2107 9652 1929 2108 9653 1929 2108 9654 1933 2107 9655 1928 2109 9656 1929 2108 9657 1928 2109 9658 1939 2110 9659 1939 2110 9660 1928 2109 9661 1938 2111 9662 1939 2110 9663 1938 2111 9664 1915 2112 9665 1915 2112 9666 1938 2111 9667 1914 2113 9668 1914 2113 9669 1938 2111 9670 1937 2114 9671 1914 2113 9672 1937 2114 9673 1936 2115 9674 1936 2115 9675 1937 2114 9676 1926 2116 9677 1936 2115 9678 1926 2116 9679 1912 2117 9680 1912 2117 9681 1926 2116 9682 1911 2118 9683 1911 2118 9684 1926 2116 9685 1935 2119 9686 1911 2118 9687 1935 2119 9688 1916 2120 9689 1916 2120 9690 1935 2119 9691 1934 2121 9692 1916 2120 9693 1934 2121 9694 1923 2122 9695 1923 2122 9696 1934 2121 9697 1933 2107 9698 1923 2122 9699 1933 2107 9700 1924 2105 9701 1865 2065 9702 1864 2057 9703 1920 2103 9704 1920 2103 9705 1864 2057 9706 1919 2123 9707 1920 2103 9708 1919 2123 9709 1924 2105 9710 1924 2105 9711 1919 2123 9712 1923 2122 9713 1919 2123 9714 1864 2057 9715 1918 2124 9716 1918 2124 9717 1864 2057 9718 1863 2055 9719 1918 2124 9720 1863 2055 9721 1910 2125 9722 1918 2124 9723 1910 2125 9724 1916 2120 9725 1916 2120 9726 1910 2125 9727 1911 2118 9728 1912 2117 9729 1913 2126 9730 1936 2115 9731 1936 2115 9732 1913 2126 9733 1914 2113 9734 1939 2110 9735 1915 2112 9736 1940 2127 9737 1940 2127 9738 1915 2112 9739 987 1146 9740 1940 2127 9741 987 1146 9742 995 1148 9743 1940 2127 9744 995 1148 9745 1930 2128 9746 1930 2128 9747 995 1148 9748 994 1150 9749 1930 2128 9750 994 1150 9751 1931 2129 9752 1931 2129 9753 994 1150 9754 1917 2130 9755 1931 2129 9756 1917 2130 9757 1925 2104 9758 1925 2104 9759 1917 2130 9760 1921 2102 9761 994 1150 9762 993 1152 9763 1917 2130 9764 1917 2130 9765 993 1152 9766 1922 2101 9767 1917 2130 9768 1922 2101 9769 1921 2102 9770 1923 2122 9771 1919 2123 9772 1918 2124 9773 1916 2120 9774 1923 2122 9775 1918 2124 9776 1931 2129 9777 1925 2104 9778 1932 2106 9779 1934 2121 9780 1935 2119 9781 1927 2131 9782 1927 2131 9783 1935 2119 9784 1926 2116 9785 1927 2131 9786 1926 2116 9787 1937 2114 9788 1933 2107 9789 1934 2121 9790 1928 2109 9791 1928 2109 9792 1934 2121 9793 1927 2131 9794 1928 2109 9795 1927 2131 9796 1938 2111 9797 1938 2111 9798 1927 2131 9799 1937 2114 9800 1931 2129 9801 1932 2106 9802 1930 2128 9803 1930 2128 9804 1932 2106 9805 1929 2108 9806 1930 2128 9807 1929 2108 9808 1940 2127 9809 1940 2127 9810 1929 2108 9811 1939 2110 9812 978 1143 9813 987 1146 9814 1943 2132 9815 1943 2132 9816 987 1146 9817 1915 2112 9818 1943 2132 9819 1915 2112 9820 1942 2133 9821 1942 2133 9822 1915 2112 9823 1914 2113 9824 1942 2133 9825 1914 2113 9826 1941 2134 9827 1941 2134 9828 1914 2113 9829 1913 2126 9830 979 1141 9831 978 1143 9832 1956 2135 9833 1956 2135 9834 978 1143 9835 1943 2132 9836 1956 2135 9837 1943 2132 9838 1942 2133 9839 1956 2135 9840 1942 2133 9841 1955 2136 9842 1955 2136 9843 1942 2133 9844 1941 2134 9845 1955 2136 9846 1941 2134 9847 1944 2137 9848 1955 2136 9849 1944 2137 9850 1957 2138 9851 1957 2138 9852 1944 2137 9853 1945 2139 9854 1957 2138 9855 1945 2139 9856 1959 2140 9857 1959 2140 9858 1945 2139 9859 1946 2141 9860 1959 2140 9861 1946 2141 9862 1961 2142 9863 1961 2142 9864 1946 2141 9865 1947 2143 9866 1961 2142 9867 1947 2143 9868 1963 2144 9869 1963 2144 9870 1947 2143 9871 1948 2145 9872 1963 2144 9873 1948 2145 9874 1965 2146 9875 1965 2146 9876 1948 2145 9877 1949 2147 9878 1965 2146 9879 1949 2147 9880 1967 2148 9881 1967 2148 9882 1949 2147 9883 1950 2149 9884 1967 2148 9885 1950 2149 9886 1969 2150 9887 1969 2150 9888 1950 2149 9889 1951 2151 9890 1969 2150 9891 1951 2151 9892 1953 2152 9893 1953 2152 9894 1951 2151 9895 1952 2153 9896 1953 2152 9897 1954 2154 9898 1969 2150 9899 1969 2150 9900 1954 2154 9901 1970 2155 9902 1969 2150 9903 1970 2155 9904 1967 2148 9905 1967 2148 9906 1970 2155 9907 1968 2156 9908 1967 2148 9909 1968 2156 9910 1965 2146 9911 1965 2146 9912 1968 2156 9913 1966 2157 9914 1965 2146 9915 1966 2157 9916 1963 2144 9917 1963 2144 9918 1966 2157 9919 1964 2158 9920 1963 2144 9921 1964 2158 9922 1961 2142 9923 1961 2142 9924 1964 2158 9925 1962 2159 9926 1961 2142 9927 1962 2159 9928 1959 2140 9929 1959 2140 9930 1962 2159 9931 1960 2160 9932 1959 2140 9933 1960 2160 9934 1957 2138 9935 1957 2138 9936 1960 2160 9937 1958 2161 9938 1957 2138 9939 1958 2161 9940 1955 2136 9941 1955 2136 9942 1958 2161 9943 1956 2135 9944 1954 2154 9945 969 1128 9946 1970 2155 9947 1970 2155 9948 969 1128 9949 985 1129 9950 1970 2155 9951 985 1129 9952 1968 2156 9953 1968 2156 9954 985 1129 9955 984 1131 9956 1968 2156 9957 984 1131 9958 1966 2157 9959 1966 2157 9960 984 1131 9961 983 1133 9962 1966 2157 9963 983 1133 9964 1964 2158 9965 1964 2158 9966 983 1133 9967 982 1135 9968 1964 2158 9969 982 1135 9970 1962 2159 9971 1962 2159 9972 982 1135 9973 981 1137 9974 1962 2159 9975 981 1137 9976 1960 2160 9977 1960 2160 9978 981 1137 9979 980 1139 9980 1960 2160 9981 980 1139 9982 1958 2161 9983 1958 2161 9984 980 1139 9985 979 1141 9986 1958 2161 9987 979 1141 9988 1956 2135 9989 964 1126 9990 969 1128 9991 1973 2162 9992 1973 2162 9993 969 1128 9994 1954 2154 9995 1973 2162 9996 1954 2154 9997 1972 2163 9998 1972 2163 9999 1954 2154 10000 1953 2152 10001 1972 2163 10002 1953 2152 10003 1971 2164 10004 1971 2164 10005 1953 2152 10006 1952 2153 10007 965 1124 10008 964 1126 10009 1984 2165 10010 1984 2165 10011 964 1126 10012 1973 2162 10013 1984 2165 10014 1973 2162 10015 1983 2166 10016 1983 2166 10017 1973 2162 10018 1982 2167 10019 1983 2166 10020 1982 2167 10021 1988 2168 10022 1988 2168 10023 1982 2167 10024 1987 2169 10025 1988 2168 10026 1987 2169 10027 1993 2170 10028 1993 2170 10029 1987 2169 10030 1992 2171 10031 1993 2170 10032 1992 2171 10033 1998 2172 10034 1998 2172 10035 1992 2171 10036 1997 2173 10037 1998 2172 10038 1997 2173 10039 1979 2174 10040 1979 2174 10041 1997 2173 10042 1978 2175 10043 1978 2175 10044 1997 2173 10045 1996 2176 10046 1978 2175 10047 1996 2176 10048 1995 2177 10049 1995 2177 10050 1996 2176 10051 1990 2178 10052 1995 2177 10053 1990 2178 10054 1976 2179 10055 1976 2179 10056 1990 2178 10057 1975 2180 10058 1975 2180 10059 1990 2178 10060 1985 2181 10061 1975 2180 10062 1985 2181 10063 1974 2182 10064 1974 2182 10065 1985 2181 10066 1980 2183 10067 1974 2182 10068 1980 2183 10069 1971 2164 10070 1971 2164 10071 1980 2183 10072 1972 2163 10073 1972 2163 10074 1980 2183 10075 1981 2184 10076 1972 2163 10077 1981 2184 10078 1982 2167 10079 1982 2167 10080 1981 2184 10081 1987 2169 10082 1973 2162 10083 1972 2163 10084 1982 2167 10085 1976 2179 10086 1977 2185 10087 1995 2177 10088 1995 2177 10089 1977 2185 10090 1978 2175 10091 1998 2172 10092 1979 2174 10093 1999 2186 10094 1999 2186 10095 1979 2174 10096 956 1118 10097 1999 2186 10098 956 1118 10099 967 1120 10100 1999 2186 10101 967 1120 10102 1994 2187 10103 1994 2187 10104 967 1120 10105 966 1122 10106 1994 2187 10107 966 1122 10108 1989 2188 10109 1989 2188 10110 966 1122 10111 965 1124 10112 1989 2188 10113 965 1124 10114 1984 2165 10115 1981 2184 10116 1980 2183 10117 1986 2189 10118 1986 2189 10119 1980 2183 10120 1985 2181 10121 1986 2189 10122 1985 2181 10123 1991 2190 10124 1991 2190 10125 1985 2181 10126 1990 2178 10127 1991 2190 10128 1990 2178 10129 1996 2176 10130 1989 2188 10131 1984 2165 10132 1983 2166 10133 1989 2188 10134 1983 2166 10135 1988 2168 10136 1992 2171 10137 1987 2169 10138 1986 2189 10139 1986 2189 10140 1987 2169 10141 1981 2184 10142 1992 2171 10143 1986 2189 10144 1991 2190 10145 1994 2187 10146 1989 2188 10147 1988 2168 10148 1994 2187 10149 1988 2168 10150 1993 2170 10151 1997 2173 10152 1992 2171 10153 1991 2190 10154 1997 2173 10155 1991 2190 10156 1996 2176 10157 1999 2186 10158 1994 2187 10159 1993 2170 10160 1999 2186 10161 1993 2170 10162 1998 2172 10163 2000 2191 10164 2001 2192 10165 2005 2193 10166 2005 2193 10167 2001 2192 10168 2010 2194 10169 2005 2193 10170 2010 2194 10171 2004 2195 10172 2004 2195 10173 2010 2194 10174 2011 2196 10175 2004 2195 10176 2011 2196 10177 2003 2197 10178 2003 2197 10179 2011 2196 10180 1977 2185 10181 1977 2185 10182 2011 2196 10183 1978 2175 10184 1978 2175 10185 2011 2196 10186 2012 2198 10187 1978 2175 10188 2012 2198 10189 2013 2199 10190 2013 2199 10191 2012 2198 10192 2008 2200 10193 2013 2199 10194 2008 2200 10195 2007 2201 10196 2007 2201 10197 2008 2200 10198 2002 2202 10199 2007 2201 10200 2002 2202 10201 2006 2203 10202 2006 2203 10203 2002 2202 10204 943 1110 10205 2006 2203 10206 943 1110 10207 959 1112 10208 2002 2202 10209 2008 2200 10210 2001 2192 10211 2001 2192 10212 2008 2200 10213 2009 2204 10214 2001 2192 10215 2009 2204 10216 2010 2194 10217 2010 2194 10218 2009 2204 10219 2011 2196 10220 959 1112 10221 958 1114 10222 2006 2203 10223 2006 2203 10224 958 1114 10225 2015 2205 10226 2006 2203 10227 2015 2205 10228 2014 2206 10229 2014 2206 10230 2015 2205 10231 1979 2174 10232 2014 2206 10233 1979 2174 10234 2013 2199 10235 2013 2199 10236 1979 2174 10237 1978 2175 10238 958 1114 10239 957 1116 10240 2015 2205 10241 2015 2205 10242 957 1116 10243 956 1118 10244 2015 2205 10245 956 1118 10246 1979 2174 10247 2013 2199 10248 2007 2201 10249 2014 2206 10250 2014 2206 10251 2007 2201 10252 2006 2203 10253 2011 2196 10254 2009 2204 10255 2012 2198 10256 2012 2198 10257 2009 2204 10258 2008 2200 10259 944 1108 10260 943 1110 10261 2030 2207 10262 2030 2207 10263 943 1110 10264 2002 2202 10265 2030 2207 10266 2002 2202 10267 2029 2208 10268 2029 2208 10269 2002 2202 10270 2028 2209 10271 2029 2208 10272 2028 2209 10273 2034 2210 10274 2034 2210 10275 2028 2209 10276 2033 2211 10277 2034 2210 10278 2033 2211 10279 2039 2212 10280 2039 2212 10281 2033 2211 10282 2038 2213 10283 2039 2212 10284 2038 2213 10285 2044 2214 10286 2044 2214 10287 2038 2213 10288 2043 2215 10289 2044 2214 10290 2043 2215 10291 2049 2216 10292 2049 2216 10293 2043 2215 10294 2048 2217 10295 2049 2216 10296 2048 2217 10297 2054 2218 10298 2054 2218 10299 2048 2217 10300 2053 2219 10301 2054 2218 10302 2053 2219 10303 2059 2220 10304 2059 2220 10305 2053 2219 10306 2058 2221 10307 2059 2220 10308 2058 2221 10309 2025 2222 10310 2025 2222 10311 2058 2221 10312 2024 2223 10313 2024 2223 10314 2058 2221 10315 2057 2224 10316 2024 2223 10317 2057 2224 10318 2056 2225 10319 2056 2225 10320 2057 2224 10321 2051 2226 10322 2056 2225 10323 2051 2226 10324 2021 2227 10325 2021 2227 10326 2051 2226 10327 2020 2228 10328 2020 2228 10329 2051 2226 10330 2046 2229 10331 2020 2228 10332 2046 2229 10333 2019 2230 10334 2019 2230 10335 2046 2229 10336 2041 2231 10337 2019 2230 10338 2041 2231 10339 2018 2232 10340 2018 2232 10341 2041 2231 10342 2036 2233 10343 2018 2232 10344 2036 2233 10345 2017 2234 10346 2017 2234 10347 2036 2233 10348 2031 2235 10349 2017 2234 10350 2031 2235 10351 2016 2236 10352 2016 2236 10353 2031 2235 10354 2026 2237 10355 2016 2236 10356 2026 2237 10357 2000 2191 10358 2000 2191 10359 2026 2237 10360 2001 2192 10361 2001 2192 10362 2026 2237 10363 2027 2238 10364 2001 2192 10365 2027 2238 10366 2028 2209 10367 2028 2209 10368 2027 2238 10369 2033 2211 10370 2002 2202 10371 2001 2192 10372 2028 2209 10373 2021 2227 10374 2022 2239 10375 2056 2225 10376 2056 2225 10377 2022 2239 10378 2024 2223 10379 2022 2239 10380 2023 2240 10381 2024 2223 10382 951 1095 10383 950 1096 10384 2025 2222 10385 2025 2222 10386 950 1096 10387 2060 2241 10388 2025 2222 10389 2060 2241 10390 2059 2220 10391 2059 2220 10392 2060 2241 10393 2054 2218 10394 950 1096 10395 949 1098 10396 2060 2241 10397 2060 2241 10398 949 1098 10399 2055 2242 10400 2060 2241 10401 2055 2242 10402 2054 2218 10403 2054 2218 10404 2055 2242 10405 2049 2216 10406 949 1098 10407 948 1100 10408 2055 2242 10409 2055 2242 10410 948 1100 10411 2050 2243 10412 2055 2242 10413 2050 2243 10414 2049 2216 10415 2049 2216 10416 2050 2243 10417 2044 2214 10418 948 1100 10419 947 1102 10420 2050 2243 10421 2050 2243 10422 947 1102 10423 2045 2244 10424 2050 2243 10425 2045 2244 10426 2044 2214 10427 2044 2214 10428 2045 2244 10429 2039 2212 10430 947 1102 10431 946 1104 10432 2045 2244 10433 2045 2244 10434 946 1104 10435 2040 2245 10436 2045 2244 10437 2040 2245 10438 2039 2212 10439 2039 2212 10440 2040 2245 10441 2034 2210 10442 946 1104 10443 945 1106 10444 2040 2245 10445 2040 2245 10446 945 1106 10447 2035 2246 10448 2040 2245 10449 2035 2246 10450 2034 2210 10451 2034 2210 10452 2035 2246 10453 2029 2208 10454 945 1106 10455 944 1108 10456 2035 2246 10457 2035 2246 10458 944 1108 10459 2030 2207 10460 2035 2246 10461 2030 2207 10462 2029 2208 10463 2027 2238 10464 2026 2237 10465 2032 2247 10466 2032 2247 10467 2026 2237 10468 2031 2235 10469 2032 2247 10470 2031 2235 10471 2037 2248 10472 2037 2248 10473 2031 2235 10474 2036 2233 10475 2037 2248 10476 2036 2233 10477 2042 2249 10478 2042 2249 10479 2036 2233 10480 2041 2231 10481 2042 2249 10482 2041 2231 10483 2047 2250 10484 2047 2250 10485 2041 2231 10486 2046 2229 10487 2047 2250 10488 2046 2229 10489 2052 2251 10490 2052 2251 10491 2046 2229 10492 2051 2226 10493 2052 2251 10494 2051 2226 10495 2057 2224 10496 2038 2213 10497 2033 2211 10498 2032 2247 10499 2032 2247 10500 2033 2211 10501 2027 2238 10502 2038 2213 10503 2032 2247 10504 2037 2248 10505 2043 2215 10506 2038 2213 10507 2037 2248 10508 2043 2215 10509 2037 2248 10510 2042 2249 10511 2048 2217 10512 2043 2215 10513 2042 2249 10514 2048 2217 10515 2042 2249 10516 2047 2250 10517 2053 2219 10518 2048 2217 10519 2047 2250 10520 2053 2219 10521 2047 2250 10522 2052 2251 10523 2058 2221 10524 2053 2219 10525 2052 2251 10526 2058 2221 10527 2052 2251 10528 2057 2224 10529 2064 2252 10530 951 1095 10531 2063 2253 10532 2063 2253 10533 951 1095 10534 2025 2222 10535 2063 2253 10536 2025 2222 10537 2062 2254 10538 2062 2254 10539 2025 2222 10540 2024 2223 10541 2062 2254 10542 2024 2223 10543 2061 2255 10544 2061 2255 10545 2024 2223 10546 2023 2240 10547 926 1092 10548 2065 2256 10549 927 1091 10550 927 1091 10551 2065 2256 10552 2066 2257 10553 332 2258 10554 2067 2259 10555 333 2260 10556 333 2260 10557 2067 2259 10558 2068 2261 10559 333 2260 10560 2068 2261 10561 2069 2262 10562 333 2260 10563 2069 2262 10564 334 2263 10565 334 2263 10566 2069 2262 10567 2070 2264 10568 334 2263 10569 2070 2264 10570 335 2265 10571 2071 2266 10572 934 1093 10573 2064 2252 10574 2064 2252 10575 934 1093 10576 951 1095 10577 1131 2267 10578 1121 2268 10579 838 2269 10580 838 2269 10581 1121 2268 10582 1104 2270 10583 838 2269 10584 1104 2270 10585 1102 2271 10586 1121 2268 10587 1131 2267 10588 1122 2272 10589 1122 2272 10590 1131 2267 10591 1130 2273 10592 1122 2272 10593 1130 2273 10594 1129 2274 10595 1128 2275 10596 1123 2276 10597 1129 2274 10598 1129 2274 10599 1123 2276 10600 1122 2272 10601 1104 2270 10602 1121 2268 10603 1105 2277 10604 1105 2277 10605 1121 2268 10606 1120 2278 10607 1105 2277 10608 1120 2278 10609 1106 2279 10610 1106 2279 10611 1120 2278 10612 1107 2280 10613 1107 2280 10614 1120 2278 10615 1108 2281 10616 1108 2281 10617 1120 2278 10618 1111 2282 10619 1108 2281 10620 1111 2282 10621 1109 2283 10622 1109 2283 10623 1111 2282 10624 1110 2284 10625 1098 2285 10626 840 2286 10627 1102 2271 10628 1102 2271 10629 840 2286 10630 839 355 10631 1102 2271 10632 839 355 10633 838 2269 10634 840 2286 10635 1098 2285 10636 841 2287 10637 841 2287 10638 1098 2285 10639 1097 2288 10640 841 2287 10641 1097 2288 10642 842 2289 10643 842 2289 10644 1097 2288 10645 1096 2290 10646 842 2289 10647 1096 2290 10648 1020 2291 10649 1020 2291 10650 1096 2290 10651 1095 2292 10652 1020 2291 10653 1095 2292 10654 1021 2293 10655 1021 2293 10656 1095 2292 10657 1066 2294 10658 1021 2293 10659 1066 2294 10660 1022 2295 10661 1022 2295 10662 1066 2294 10663 1023 2296 10664 1023 2296 10665 1066 2294 10666 1057 2297 10667 1023 2296 10668 1057 2297 10669 1024 2298 10670 1024 2298 10671 1057 2297 10672 1056 2299 10673 1024 2298 10674 1056 2299 10675 1043 2300 10676 1043 2300 10677 1056 2299 10678 1055 2301 10679 1043 2300 10680 1055 2301 10681 1044 2302 10682 1044 2302 10683 1055 2301 10684 1054 2303 10685 1044 2302 10686 1054 2303 10687 1053 2304 10688 1095 2292 10689 1094 2305 10690 1066 2294 10691 1066 2294 10692 1094 2305 10693 1068 2306 10694 1068 2306 10695 1094 2305 10696 1071 2307 10697 1068 2306 10698 1071 2307 10699 1070 2308 10700 1093 2309 10701 1073 2310 10702 1094 2305 10703 1094 2305 10704 1073 2310 10705 1072 2311 10706 1094 2305 10707 1072 2311 10708 1071 2307 10709 1073 2310 10710 1093 2309 10711 1074 2312 10712 1074 2312 10713 1093 2309 10714 1092 2313 10715 1074 2312 10716 1092 2313 10717 1078 2314 10718 1078 2314 10719 1092 2313 10720 1091 2315 10721 1078 2314 10722 1091 2315 10723 1079 2316 10724 1079 2316 10725 1091 2315 10726 1090 2317 10727 1079 2316 10728 1090 2317 10729 1080 2318 10730 1080 2318 10731 1090 2317 10732 1089 2319 10733 1080 2318 10734 1089 2319 10735 1088 2320 10736 1080 2318 10737 1088 2320 10738 1081 2321 10739 1081 2321 10740 1088 2320 10741 1087 2322 10742 1081 2321 10743 1087 2322 10744 1082 2323 10745 1082 2323 10746 1087 2322 10747 1086 355 10748 1082 2323 10749 1086 355 10750 1083 2324 10751 1083 2324 10752 1086 355 10753 1085 2325 10754 1083 2324 10755 1085 2325 10756 1084 2326 10757 1078 2314 10758 1077 2327 10759 1074 2312 10760 1074 2312 10761 1077 2327 10762 1075 2328 10763 1075 2328 10764 1077 2327 10765 1076 355 10766 1070 2308 10767 1069 2329 10768 1068 2306 10769 1053 2304 10770 1052 2330 10771 1044 2302 10772 1044 2302 10773 1052 2330 10774 1045 2331 10775 1045 2331 10776 1052 2330 10777 1051 2332 10778 1045 2331 10779 1051 2332 10780 1050 355 10781 1038 2333 10782 1036 2334 10783 1043 2300 10784 1043 2300 10785 1036 2334 10786 1035 2335 10787 1043 2300 10788 1035 2335 10789 1033 355 10790 1038 2333 10791 1037 2336 10792 1036 2334 10793 1033 355 10794 1024 2298 10795 1043 2300 10796 1020 2291 10797 1019 2337 10798 842 2289 10799 842 2289 10800 1019 2337 10801 843 355 10802 843 355 10803 1019 2337 10804 974 2338 10805 843 355 10806 974 2338 10807 888 2339 10808 888 2339 10809 974 2338 10810 973 2340 10811 888 2339 10812 973 2340 10813 889 2341 10814 889 2341 10815 973 2340 10816 2073 2342 10817 889 2341 10818 2073 2342 10819 2074 2343 10820 1019 2337 10821 1018 2344 10822 974 2338 10823 974 2338 10824 1018 2344 10825 998 2345 10826 974 2338 10827 998 2345 10828 975 2346 10829 975 2346 10830 998 2345 10831 997 2347 10832 975 2346 10833 997 2347 10834 976 2348 10835 976 2348 10836 997 2347 10837 996 2349 10838 976 2348 10839 996 2349 10840 977 2350 10841 977 2350 10842 996 2349 10843 986 2351 10844 986 2351 10845 996 2349 10846 988 2352 10847 988 2352 10848 996 2349 10849 989 2353 10850 989 2353 10851 996 2349 10852 991 2354 10853 989 2353 10854 991 2354 10855 990 2355 10856 998 2345 10857 1018 2344 10858 999 2356 10859 999 2356 10860 1018 2344 10861 1017 2357 10862 999 2356 10863 1017 2357 10864 1000 355 10865 1000 355 10866 1017 2357 10867 1015 355 10868 1000 355 10869 1015 355 10870 1010 355 10871 1010 355 10872 1009 355 10873 1000 355 10874 1000 355 10875 1009 355 10876 1008 355 10877 1000 355 10878 1008 355 10879 1001 355 10880 1001 355 10881 1008 355 10882 1007 355 10883 972 355 10884 2071 2358 10885 973 2340 10886 973 2340 10887 2071 2358 10888 2072 2343 10889 973 2340 10890 2072 2343 10891 2073 2342 10892 972 355 10893 971 2359 10894 2071 2358 10895 2071 2358 10896 971 2359 10897 970 2360 10898 2071 2358 10899 970 2360 10900 934 2361 10901 934 2361 10902 970 2360 10903 968 2362 10904 934 2361 10905 968 2362 10906 963 2363 10907 962 2364 10908 954 2365 10909 963 2363 10910 963 2363 10911 954 2365 10912 953 2366 10913 963 2363 10914 953 2366 10915 934 2361 10916 934 2361 10917 953 2366 10918 935 2367 10919 935 2367 10920 953 2366 10921 936 2368 10922 936 2368 10923 953 2366 10924 952 2369 10925 936 2368 10926 952 2369 10927 937 2370 10928 937 2370 10929 952 2369 10930 938 2371 10931 938 2371 10932 952 2369 10933 939 2372 10934 939 2372 10935 952 2369 10936 942 2373 10937 939 2372 10938 942 2373 10939 940 2374 10940 940 2374 10941 942 2373 10942 941 2375 10943 962 2364 10944 961 2376 10945 954 2365 10946 954 2365 10947 961 2376 10948 955 355 10949 955 355 10950 961 2376 10951 960 355 10952 2074 2343 10953 2065 2377 10954 889 2341 10955 889 2341 10956 2065 2377 10957 890 355 10958 890 355 10959 2065 2377 10960 891 2378 10961 891 2378 10962 2065 2377 10963 892 2379 10964 892 2379 10965 2065 2377 10966 926 2380 10967 892 2379 10968 926 2380 10969 893 2381 10970 893 2381 10971 926 2380 10972 902 2382 10973 902 2382 10974 926 2380 10975 912 2383 10976 902 2382 10977 912 2383 10978 904 355 10979 904 355 10980 912 2383 10981 905 2384 10982 905 2384 10983 912 2383 10984 907 2385 10985 905 2384 10986 907 2385 10987 906 2386 10988 926 2380 10989 925 2367 10990 912 2383 10991 912 2383 10992 925 2367 10993 924 2387 10994 912 2383 10995 924 2387 10996 913 2388 10997 913 2388 10998 924 2387 10999 923 2389 11000 913 2388 11001 923 2389 11002 922 355 11003 922 355 11004 921 2390 11005 913 2388 11006 913 2388 11007 921 2390 11008 914 2391 11009 914 2391 11010 921 2390 11011 920 2392 11012 914 2391 11013 920 2392 11014 919 355 11015 887 355 11016 868 355 11017 888 2339 11018 888 2339 11019 868 355 11020 844 355 11021 888 2339 11022 844 355 11023 843 355 11024 868 355 11025 887 355 11026 869 355 11027 869 355 11028 887 355 11029 886 355 11030 869 355 11031 886 355 11032 884 355 11033 884 355 11034 879 355 11035 869 355 11036 869 355 11037 879 355 11038 878 2393 11039 869 355 11040 878 2393 11041 870 2394 11042 870 2394 11043 878 2393 11044 877 2395 11045 870 2394 11046 877 2395 11047 876 355 11048 868 355 11049 867 355 11050 844 355 11051 844 355 11052 867 355 11053 845 355 11054 845 355 11055 867 355 11056 866 2396 11057 845 355 11058 866 2396 11059 846 355 11060 846 355 11061 866 2396 11062 856 355 11063 856 355 11064 866 2396 11065 858 355 11066 858 355 11067 866 2396 11068 859 2397 11069 859 2397 11070 866 2396 11071 861 2398 11072 859 2397 11073 861 2398 11074 860 355 11075 927 1091 11076 2066 2257 11077 1340 1531 11078 1340 1531 11079 2066 2257 11080 2075 2399 11081 1340 1531 11082 2075 2399 11083 1341 1554 11084 1341 1554 11085 2075 2399 11086 2076 2400 11087 1341 1554 11088 2076 2400 11089 1342 1553 11090 1342 1553 11091 2076 2400 11092 2077 2401 11093 2079 355 11094 2083 355 11095 2078 355 11096 2078 355 11097 2083 355 11098 2084 355 11099 2078 355 11100 2084 355 11101 2089 355 11102 2089 355 11103 2084 355 11104 2085 355 11105 2089 355 11106 2085 355 11107 2088 355 11108 2088 355 11109 2085 355 11110 2086 355 11111 2088 355 11112 2086 355 11113 2087 355 11114 2083 355 11115 2079 355 11116 2082 355 11117 2082 355 11118 2079 355 11119 2080 355 11120 2082 355 11121 2080 355 11122 2081 355 11123 2091 355 11124 2095 355 11125 2090 355 11126 2090 355 11127 2095 355 11128 2096 355 11129 2090 355 11130 2096 355 11131 2101 355 11132 2101 355 11133 2096 355 11134 2097 355 11135 2101 355 11136 2097 355 11137 2100 355 11138 2100 355 11139 2097 355 11140 2098 355 11141 2100 355 11142 2098 355 11143 2099 355 11144 2095 355 11145 2091 355 11146 2094 355 11147 2094 355 11148 2091 355 11149 2092 355 11150 2094 355 11151 2092 355 11152 2093 355 11153 2102 2402 11154 2105 2403 11155 2077 2401 11156 2077 2401 11157 2105 2403 11158 1430 1625 11159 2077 2401 11160 1430 1625 11161 1429 1623 11162 2102 2402 11163 2103 2404 11164 2105 2403 11165 2105 2403 11166 2103 2404 11167 2104 2405 11168 2105 2403 11169 2106 198 11170 1430 1625 11171 1430 1625 11172 2106 198 11173 1431 1627 11174 1431 1627 11175 2106 198 11176 2107 2406 11177 1431 1627 11178 2107 2406 11179 2108 2407 11180 2109 2408 11181 1149 1376 11182 2108 2407 11183 2108 2407 11184 1149 1376 11185 1148 1374 11186 2108 2407 11187 1148 1374 11188 1292 1517 11189 1292 1517 11190 1148 1374 11191 1293 1519 11192 1293 1519 11193 1148 1374 11194 1147 1341 11195 1293 1519 11196 1147 1341 11197 1250 1475 11198 1250 1475 11199 1147 1341 11200 1146 1342 11201 1250 1475 11202 1146 1342 11203 1251 1477 11204 1251 1477 11205 1146 1342 11206 1145 1373 11207 1251 1477 11208 1145 1373 11209 1252 1479 11210 1252 1479 11211 1145 1373 11212 1144 1371 11213 1252 1479 11214 1144 1371 11215 1238 1436 11216 1238 1436 11217 1144 1371 11218 1143 1369 11219 1238 1436 11220 1143 1369 11221 1239 1437 11222 1239 1437 11223 1143 1369 11224 1142 1353 11225 1239 1437 11226 1142 1353 11227 1240 1465 11228 1240 1465 11229 1142 1353 11230 1141 1354 11231 1240 1465 11232 1141 1354 11233 1868 2087 11234 1868 2087 11235 1141 1354 11236 1140 1368 11237 1868 2087 11238 1140 1368 11239 1869 2054 11240 1869 2054 11241 1140 1368 11242 1139 1366 11243 1869 2054 11244 1139 1366 11245 1138 1364 11246 2110 198 11247 1948 2145 11248 2109 2408 11249 2109 2408 11250 1948 2145 11251 1947 2143 11252 2109 2408 11253 1947 2143 11254 1149 1376 11255 1149 1376 11256 1947 2143 11257 1150 1378 11258 1150 1378 11259 1947 2143 11260 1136 1334 11261 1136 1334 11262 1947 2143 11263 1946 2141 11264 1136 1334 11265 1946 2141 11266 1137 1335 11267 1137 1335 11268 1946 2141 11269 1945 2139 11270 1137 1335 11271 1945 2139 11272 1138 1364 11273 1138 1364 11274 1945 2139 11275 1869 2054 11276 2110 198 11277 2111 2409 11278 1948 2145 11279 1948 2145 11280 2111 2409 11281 1949 2147 11282 1949 2147 11283 2111 2409 11284 2112 2410 11285 1949 2147 11286 2112 2410 11287 2061 2255 11288 2061 2255 11289 2112 2410 11290 2115 2411 11291 2115 2411 11292 2112 2410 11293 2114 2412 11294 2114 2412 11295 2112 2410 11296 2113 2413 11297 2023 2240 11298 1951 2151 11299 2061 2255 11300 2061 2255 11301 1951 2151 11302 1950 2149 11303 2061 2255 11304 1950 2149 11305 1949 2147 11306 2022 2239 11307 2005 2193 11308 2023 2240 11309 2023 2240 11310 2005 2193 11311 2004 2195 11312 2023 2240 11313 2004 2195 11314 1952 2153 11315 1952 2153 11316 2004 2195 11317 2003 2197 11318 1952 2153 11319 2003 2197 11320 1971 2164 11321 1971 2164 11322 2003 2197 11323 1974 2182 11324 1974 2182 11325 2003 2197 11326 1975 2180 11327 1975 2180 11328 2003 2197 11329 1977 2185 11330 1975 2180 11331 1977 2185 11332 1976 2179 11333 2022 2239 11334 2021 2227 11335 2005 2193 11336 2005 2193 11337 2021 2227 11338 2020 2228 11339 2005 2193 11340 2020 2228 11341 2019 2230 11342 2005 2193 11343 2019 2230 11344 2000 2191 11345 2000 2191 11346 2019 2230 11347 2018 2232 11348 2000 2191 11349 2018 2232 11350 2017 2234 11351 2017 2234 11352 2016 2236 11353 2000 2191 11354 1952 2153 11355 1951 2151 11356 2023 2240 11357 1945 2139 11358 1944 2137 11359 1869 2054 11360 1869 2054 11361 1944 2137 11362 1941 2134 11363 1869 2054 11364 1941 2134 11365 1863 2055 11366 1863 2055 11367 1941 2134 11368 1913 2126 11369 1863 2055 11370 1913 2126 11371 1912 2117 11372 1912 2117 11373 1911 2118 11374 1863 2055 11375 1863 2055 11376 1911 2118 11377 1910 2125 11378 1240 1465 11379 1868 2087 11380 1241 1467 11381 1241 1467 11382 1868 2087 11383 1867 2094 11384 1241 1467 11385 1867 2094 11386 1242 1469 11387 1242 1469 11388 1867 2094 11389 1243 1455 11390 1243 1455 11391 1867 2094 11392 1866 2093 11393 1243 1455 11394 1866 2093 11395 1244 1454 11396 1244 1454 11397 1866 2093 11398 1810 2011 11399 1244 1454 11400 1810 2011 11401 1245 1470 11402 1245 1470 11403 1810 2011 11404 1809 2009 11405 1245 1470 11406 1809 2009 11407 1808 2007 11408 1835 2048 11409 1832 2047 11410 1866 2093 11411 1866 2093 11412 1832 2047 11413 1829 2022 11414 1866 2093 11415 1829 2022 11416 1810 2011 11417 1834 2039 11418 1833 2040 11419 1835 2048 11420 1835 2048 11421 1833 2040 11422 1832 2047 11423 1245 1470 11424 1808 2007 11425 1246 1472 11426 1246 1472 11427 1808 2007 11428 1807 2005 11429 1246 1472 11430 1807 2005 11431 1247 1474 11432 1247 1474 11433 1807 2005 11434 1806 2003 11435 1247 1474 11436 1806 2003 11437 1248 1444 11438 1248 1444 11439 1806 2003 11440 1192 1405 11441 1248 1444 11442 1192 1405 11443 1249 1443 11444 1249 1443 11445 1192 1405 11446 1191 1419 11447 1249 1443 11448 1191 1419 11449 1250 1475 11450 1250 1475 11451 1191 1419 11452 1190 1417 11453 1250 1475 11454 1190 1417 11455 1293 1519 11456 1293 1519 11457 1190 1417 11458 1294 1505 11459 1294 1505 11460 1190 1417 11461 1189 1415 11462 1294 1505 11463 1189 1415 11464 1295 1504 11465 1295 1504 11466 1189 1415 11467 1188 1386 11468 1295 1504 11469 1188 1386 11470 1296 1520 11471 1296 1520 11472 1188 1386 11473 1187 1385 11474 1296 1520 11475 1187 1385 11476 1297 1522 11477 1297 1522 11478 1187 1385 11479 1201 1429 11480 1297 1522 11481 1201 1429 11482 1298 1524 11483 1298 1524 11484 1201 1429 11485 1200 1427 11486 1298 1524 11487 1200 1427 11488 1299 1493 11489 1299 1493 11490 1200 1427 11491 1493 1716 11492 1299 1493 11493 1493 1716 11494 1300 1492 11495 1300 1492 11496 1493 1716 11497 1492 1715 11498 1300 1492 11499 1492 1715 11500 1301 1525 11501 1301 1525 11502 1492 1715 11503 1302 1527 11504 1302 1527 11505 1492 1715 11506 1434 1633 11507 1302 1527 11508 1434 1633 11509 1303 1529 11510 1303 1529 11511 1434 1633 11512 1433 1631 11513 1303 1529 11514 1433 1631 11515 1289 1485 11516 1289 1485 11517 1433 1631 11518 1432 1629 11519 1289 1485 11520 1432 1629 11521 1290 1486 11522 1290 1486 11523 1432 1629 11524 1291 1515 11525 1291 1515 11526 1432 1629 11527 2108 2407 11528 1291 1515 11529 2108 2407 11530 1292 1517 11531 1192 1405 11532 1806 2003 11533 1573 1769 11534 1573 1769 11535 1806 2003 11536 1805 2001 11537 1573 1769 11538 1805 2001 11539 1574 1771 11540 1574 1771 11541 1805 2001 11542 1701 1896 11543 1574 1771 11544 1701 1896 11545 1700 1899 11546 1805 2001 11547 1804 1999 11548 1701 1896 11549 1701 1896 11550 1804 1999 11551 1702 1897 11552 1702 1897 11553 1804 1999 11554 1803 1997 11555 1702 1897 11556 1803 1997 11557 1802 1995 11558 1702 1897 11559 1802 1995 11560 1709 1902 11561 1709 1902 11562 1802 1995 11563 1799 1992 11564 1709 1902 11565 1799 1992 11566 1756 1958 11567 1756 1958 11568 1799 1992 11569 1757 1943 11570 1757 1943 11571 1799 1992 11572 1771 1984 11573 1757 1943 11574 1771 1984 11575 1770 1975 11576 1770 1975 11577 1769 1976 11578 1757 1943 11579 1757 1943 11580 1769 1976 11581 1752 1944 11582 1752 1944 11583 1769 1976 11584 1768 1983 11585 1756 1958 11586 1755 1957 11587 1709 1902 11588 1709 1902 11589 1755 1957 11590 1712 1926 11591 1712 1926 11592 1755 1957 11593 1713 1927 11594 1713 1927 11595 1755 1957 11596 1714 1929 11597 1714 1929 11598 1755 1957 11599 1715 1931 11600 1715 1931 11601 1755 1957 11602 1716 1933 11603 1716 1933 11604 1755 1957 11605 1719 1934 11606 1716 1933 11607 1719 1934 11608 1717 1917 11609 1717 1917 11610 1719 1934 11611 1718 1918 11612 1574 1771 11613 1700 1899 11614 1575 1773 11615 1575 1773 11616 1700 1899 11617 1697 1890 11618 1575 1773 11619 1697 1890 11620 1576 1775 11621 1576 1775 11622 1697 1890 11623 1577 1777 11624 1577 1777 11625 1697 1890 11626 1664 1879 11627 1577 1777 11628 1664 1879 11629 1578 1779 11630 1578 1779 11631 1664 1879 11632 1635 1844 11633 1578 1779 11634 1635 1844 11635 1634 1843 11636 1635 1844 11637 1664 1879 11638 1636 1822 11639 1636 1822 11640 1664 1879 11641 1663 1863 11642 1636 1822 11643 1663 1863 11644 1662 1862 11645 1662 1862 11646 1661 1878 11647 1636 1822 11648 1636 1822 11649 1661 1878 11650 1660 1876 11651 1636 1822 11652 1660 1876 11653 1659 1874 11654 1636 1822 11655 1659 1874 11656 1631 1823 11657 1631 1823 11658 1659 1874 11659 1658 1872 11660 1631 1823 11661 1658 1872 11662 1657 1871 11663 1603 1816 11664 1601 1808 11665 1634 1843 11666 1634 1843 11667 1601 1808 11668 1600 1815 11669 1634 1843 11670 1600 1815 11671 1597 1790 11672 1603 1816 11673 1602 1807 11674 1601 1808 11675 1597 1790 11676 1578 1779 11677 1634 1843 11678 1192 1405 11679 1573 1769 11680 1193 1404 11681 1193 1404 11682 1573 1769 11683 1572 1767 11684 1193 1404 11685 1572 1767 11686 1194 1420 11687 1194 1420 11688 1572 1767 11689 1571 1765 11690 1194 1420 11691 1571 1765 11692 1195 1422 11693 1195 1422 11694 1571 1765 11695 1570 1763 11696 1195 1422 11697 1570 1763 11698 1567 1760 11699 1539 1752 11700 1495 1680 11701 1567 1760 11702 1567 1760 11703 1495 1680 11704 1196 1424 11705 1567 1760 11706 1196 1424 11707 1195 1422 11708 1539 1752 11709 1538 1743 11710 1495 1680 11711 1495 1680 11712 1538 1743 11713 1489 1681 11714 1489 1681 11715 1538 1743 11716 1537 1744 11717 1489 1681 11718 1537 1744 11719 1536 1751 11720 1196 1424 11721 1495 1680 11722 1197 1393 11723 1197 1393 11724 1495 1680 11725 1494 1719 11726 1197 1393 11727 1494 1719 11728 1198 1392 11729 1198 1392 11730 1494 1719 11731 1199 1425 11732 1199 1425 11733 1494 1719 11734 1493 1716 11735 1199 1425 11736 1493 1716 11737 1200 1427 11738 1461 1674 11739 1436 1637 11740 1492 1715 11741 1492 1715 11742 1436 1637 11743 1435 1635 11744 1492 1715 11745 1435 1635 11746 1434 1633 11747 1460 1665 11748 1459 1666 11749 1461 1674 11750 1461 1674 11751 1459 1666 11752 1458 1673 11753 1461 1674 11754 1458 1673 11755 1455 1648 11756 1455 1648 11757 1436 1637 11758 1461 1674 11759 1432 1629 11760 1431 1627 11761 2108 2407 11762 1429 1623 11763 1428 1621 11764 2077 2401 11765 2077 2401 11766 1428 1621 11767 1342 1553 11768 1342 1553 11769 1428 1621 11770 1425 1618 11771 1342 1553 11772 1425 1618 11773 1387 1589 11774 1387 1589 11775 1425 1618 11776 1388 1574 11777 1388 1574 11778 1425 1618 11779 1402 1610 11780 1388 1574 11781 1402 1610 11782 1401 1604 11783 1401 1604 11784 1400 1605 11785 1388 1574 11786 1388 1574 11787 1400 1605 11788 1383 1575 11789 1383 1575 11790 1400 1605 11791 1399 1607 11792 1387 1589 11793 1386 1588 11794 1342 1553 11795 1342 1553 11796 1386 1588 11797 1343 1552 11798 1343 1552 11799 1386 1588 11800 1344 1550 11801 1344 1550 11802 1386 1588 11803 1345 1548 11804 1345 1548 11805 1386 1588 11806 1346 1547 11807 1346 1547 11808 1386 1588 11809 1350 1567 11810 1346 1547 11811 1350 1567 11812 1347 1546 11813 1347 1546 11814 1350 1567 11815 1348 1561 11816 1348 1561 11817 1350 1567 11818 1349 1565 11819 2117 2414 11820 2063 2253 11821 2116 2415 11822 2116 2415 11823 2063 2253 11824 2062 2254 11825 2116 2415 11826 2062 2254 11827 2121 2416 11828 2121 2416 11829 2062 2254 11830 2115 2411 11831 2121 2416 11832 2115 2411 11833 2114 2412 11834 2118 2417 11835 2119 2418 11836 2117 2414 11837 2117 2414 11838 2119 2418 11839 2120 2419 11840 2117 2414 11841 2120 2419 11842 2063 2253 11843 2063 2253 11844 2120 2419 11845 2064 2252 11846 2062 2254 11847 2061 2255 11848 2115 2411 11849 2114 2412 11850 2113 2413 11851 2121 2416 11852 2125 2420 11853 339 2421 11854 2124 2422 11855 2124 2422 11856 339 2421 11857 338 2423 11858 2124 2422 11859 338 2423 11860 2123 2424 11861 2123 2424 11862 338 2423 11863 337 2425 11864 2123 2424 11865 337 2425 11866 2122 2426 11867 2122 2426 11868 337 2425 11869 336 2427 11870 2122 2426 11871 336 2427 11872 2070 2264 11873 2070 2264 11874 336 2427 11875 335 2265 11876 328 2428 11877 2126 2429 11878 329 2430 11879 329 2430 11880 2126 2429 11881 2127 2431 11882 329 2430 11883 2127 2431 11884 2128 2432 11885 329 2430 11886 2128 2432 11887 330 2433 11888 330 2433 11889 2128 2432 11890 2129 2434 11891 330 2433 11892 2129 2434 11893 331 2435 11894 331 2435 11895 2129 2434 11896 2067 2259 11897 331 2435 11898 2067 2259 11899 332 2258 11900 2074 2436 11901 2129 2437 11902 2065 2256 11903 2065 2256 11904 2129 2437 11905 2128 2438 11906 2065 2256 11907 2128 2438 11908 2127 2439 11909 2073 2440 11910 2068 2441 11911 2074 2436 11912 2074 2436 11913 2068 2441 11914 2067 2442 11915 2074 2436 11916 2067 2442 11917 2129 2437 11918 2068 2441 11919 2073 2440 11920 2069 2443 11921 2069 2443 11922 2073 2440 11923 2072 2444 11924 2069 2443 11925 2072 2444 11926 2070 2445 11927 2070 2445 11928 2072 2444 11929 2122 2446 11930 2122 2446 11931 2072 2444 11932 2123 2447 11933 2123 2447 11934 2072 2444 11935 2071 2266 11936 2123 2447 11937 2071 2266 11938 2124 2448 11939 2124 2448 11940 2071 2266 11941 2125 2449 11942 2125 2449 11943 2071 2266 11944 2064 2252 11945 2125 2449 11946 2064 2252 11947 2120 2419 11948 2120 2419 11949 2119 2418 11950 2125 2449 11951 2125 2449 11952 2119 2418 11953 2118 2417 11954 2127 2439 11955 2126 2450 11956 2065 2256 11957 2065 2256 11958 2126 2450 11959 2132 2451 11960 2065 2256 11961 2132 2451 11962 2066 2257 11963 2130 2452 11964 2131 2453 11965 2126 2450 11966 2126 2450 11967 2131 2453 11968 2132 2451 11969 2134 2454 11970 2076 2400 11971 2133 2455 11972 2133 2455 11973 2076 2400 11974 2075 2399 11975 2133 2455 11976 2075 2399 11977 2135 2456 11978 2135 2456 11979 2075 2399 11980 2132 2451 11981 2135 2456 11982 2132 2451 11983 2131 2453 11984 2104 2405 11985 2103 2404 11986 2134 2454 11987 2134 2454 11988 2103 2404 11989 2102 2402 11990 2134 2454 11991 2102 2402 11992 2076 2400 11993 2076 2400 11994 2102 2402 11995 2077 2401 11996 2075 2399 11997 2066 2257 11998 2132 2451 11999 2131 2453 12000 2130 2452 12001 2135 2456 12002 403 2457 12003 2147 2458 12004 392 2459 12005 392 2459 12006 2147 2458 12007 2136 2460 12008 392 2459 12009 2136 2460 12010 393 2461 12011 393 2461 12012 2136 2460 12013 2137 2462 12014 393 2461 12015 2137 2462 12016 394 2463 12017 394 2463 12018 2137 2462 12019 2138 2464 12020 394 2463 12021 2138 2464 12022 395 2465 12023 395 2465 12024 2138 2464 12025 2139 2466 12026 395 2465 12027 2139 2466 12028 396 2467 12029 396 2467 12030 2139 2466 12031 2140 2468 12032 396 2467 12033 2140 2468 12034 397 2469 12035 397 2469 12036 2140 2468 12037 2141 2470 12038 397 2469 12039 2141 2470 12040 398 2471 12041 398 2471 12042 2141 2470 12043 2142 2472 12044 398 2471 12045 2142 2472 12046 399 2473 12047 399 2473 12048 2142 2472 12049 2143 2474 12050 399 2473 12051 2143 2474 12052 400 2475 12053 400 2475 12054 2143 2474 12055 2144 2476 12056 400 2475 12057 2144 2476 12058 401 2477 12059 401 2477 12060 2144 2476 12061 2145 2478 12062 401 2477 12063 2145 2478 12064 402 2479 12065 402 2479 12066 2145 2478 12067 2146 2480 12068 402 2479 12069 2146 2480 12070 403 2457 12071 403 2457 12072 2146 2480 12073 2147 2458 12074 391 2481 12075 2159 2482 12076 380 2483 12077 380 2483 12078 2159 2482 12079 2148 2484 12080 380 2483 12081 2148 2484 12082 381 2485 12083 381 2485 12084 2148 2484 12085 2149 2486 12086 381 2485 12087 2149 2486 12088 382 2487 12089 382 2487 12090 2149 2486 12091 2150 2488 12092 382 2487 12093 2150 2488 12094 383 2489 12095 383 2489 12096 2150 2488 12097 2151 2490 12098 383 2489 12099 2151 2490 12100 384 2491 12101 384 2491 12102 2151 2490 12103 2152 2492 12104 384 2491 12105 2152 2492 12106 385 2493 12107 385 2493 12108 2152 2492 12109 2153 2494 12110 385 2493 12111 2153 2494 12112 386 2495 12113 386 2495 12114 2153 2494 12115 2154 2496 12116 386 2495 12117 2154 2496 12118 387 2497 12119 387 2497 12120 2154 2496 12121 2155 2498 12122 387 2497 12123 2155 2498 12124 388 2499 12125 388 2499 12126 2155 2498 12127 2156 2500 12128 388 2499 12129 2156 2500 12130 389 2501 12131 389 2501 12132 2156 2500 12133 2157 2502 12134 389 2501 12135 2157 2502 12136 390 2503 12137 390 2503 12138 2157 2502 12139 2158 2504 12140 390 2503 12141 2158 2504 12142 391 2481 12143 391 2481 12144 2158 2504 12145 2159 2482 12146 379 2505 12147 2171 2506 12148 368 2507 12149 368 2507 12150 2171 2506 12151 2160 2508 12152 368 2507 12153 2160 2508 12154 369 2509 12155 369 2509 12156 2160 2508 12157 2161 2510 12158 369 2509 12159 2161 2510 12160 370 2511 12161 370 2511 12162 2161 2510 12163 2162 2512 12164 370 2511 12165 2162 2512 12166 371 2513 12167 371 2513 12168 2162 2512 12169 2163 2514 12170 371 2513 12171 2163 2514 12172 372 2515 12173 372 2515 12174 2163 2514 12175 2164 2516 12176 372 2515 12177 2164 2516 12178 373 2517 12179 373 2517 12180 2164 2516 12181 2165 2518 12182 373 2517 12183 2165 2518 12184 374 2519 12185 374 2519 12186 2165 2518 12187 2166 2520 12188 374 2519 12189 2166 2520 12190 375 2521 12191 375 2521 12192 2166 2520 12193 2167 2522 12194 375 2521 12195 2167 2522 12196 376 2523 12197 376 2523 12198 2167 2522 12199 2168 2524 12200 376 2523 12201 2168 2524 12202 377 2525 12203 377 2525 12204 2168 2524 12205 2169 2526 12206 377 2525 12207 2169 2526 12208 378 2527 12209 378 2527 12210 2169 2526 12211 2170 2528 12212 378 2527 12213 2170 2528 12214 379 2505 12215 379 2505 12216 2170 2528 12217 2171 2506 12218 2089 2529 12219 2183 2530 12220 2078 2531 12221 2078 2531 12222 2183 2530 12223 2172 2532 12224 2078 2531 12225 2172 2532 12226 2079 2533 12227 2079 2533 12228 2172 2532 12229 2173 2534 12230 2079 2533 12231 2173 2534 12232 2080 2535 12233 2080 2535 12234 2173 2534 12235 2174 2536 12236 2080 2535 12237 2174 2536 12238 2081 2537 12239 2081 2537 12240 2174 2536 12241 2175 2538 12242 2081 2537 12243 2175 2538 12244 2082 2539 12245 2082 2539 12246 2175 2538 12247 2176 2540 12248 2082 2539 12249 2176 2540 12250 2083 2541 12251 2083 2541 12252 2176 2540 12253 2177 2542 12254 2083 2541 12255 2177 2542 12256 2084 2543 12257 2084 2543 12258 2177 2542 12259 2178 2544 12260 2084 2543 12261 2178 2544 12262 2085 2545 12263 2085 2545 12264 2178 2544 12265 2179 2546 12266 2085 2545 12267 2179 2546 12268 2086 2547 12269 2086 2547 12270 2179 2546 12271 2180 2548 12272 2086 2547 12273 2180 2548 12274 2087 2549 12275 2087 2549 12276 2180 2548 12277 2181 2550 12278 2087 2549 12279 2181 2550 12280 2088 2551 12281 2088 2551 12282 2181 2550 12283 2182 2552 12284 2088 2551 12285 2182 2552 12286 2089 2529 12287 2089 2529 12288 2182 2552 12289 2183 2530 12290 2101 2553 12291 2195 2554 12292 2090 2555 12293 2090 2555 12294 2195 2554 12295 2184 2556 12296 2090 2555 12297 2184 2556 12298 2091 2557 12299 2091 2557 12300 2184 2556 12301 2185 2558 12302 2091 2557 12303 2185 2558 12304 2092 2559 12305 2092 2559 12306 2185 2558 12307 2186 2560 12308 2092 2559 12309 2186 2560 12310 2093 2561 12311 2093 2561 12312 2186 2560 12313 2187 2562 12314 2093 2561 12315 2187 2562 12316 2094 2563 12317 2094 2563 12318 2187 2562 12319 2188 2564 12320 2094 2563 12321 2188 2564 12322 2095 2565 12323 2095 2565 12324 2188 2564 12325 2189 2566 12326 2095 2565 12327 2189 2566 12328 2096 2567 12329 2096 2567 12330 2189 2566 12331 2190 2568 12332 2096 2567 12333 2190 2568 12334 2097 2569 12335 2097 2569 12336 2190 2568 12337 2191 2570 12338 2097 2569 12339 2191 2570 12340 2098 2571 12341 2098 2571 12342 2191 2570 12343 2192 2572 12344 2098 2571 12345 2192 2572 12346 2099 2573 12347 2099 2573 12348 2192 2572 12349 2193 2574 12350 2099 2573 12351 2193 2574 12352 2100 2575 12353 2100 2575 12354 2193 2574 12355 2194 2576 12356 2100 2575 12357 2194 2576 12358 2101 2553 12359 2101 2553 12360 2194 2576 12361 2195 2554 12362 2197 2577 12363 2104 2578 12364 2196 2579 12365 2196 2579 12366 2104 2578 12367 2134 2580 12368 2196 2579 12369 2134 2580 12370 2133 2581 12371 2104 2578 12372 2197 2577 12373 2105 2582 12374 2105 2582 12375 2197 2577 12376 2198 2583 12377 2105 2582 12378 2198 2583 12379 2106 2584 12380 2106 2584 12381 2198 2583 12382 2199 2585 12383 2106 2584 12384 2199 2585 12385 2107 2586 12386 2107 2586 12387 2199 2585 12388 2200 2587 12389 2107 2586 12390 2200 2587 12391 2108 2588 12392 2109 2589 12393 2108 2588 12394 2201 2590 12395 2201 2590 12396 2108 2588 12397 2200 2587 12398 2109 2589 12399 2201 2590 12400 2110 2591 12401 2110 2591 12402 2201 2590 12403 2202 2592 12404 2110 2591 12405 2202 2592 12406 2111 2593 12407 2111 2593 12408 2202 2592 12409 2203 2594 12410 2111 2593 12411 2203 2594 12412 2112 2595 12413 2112 2595 12414 2203 2594 12415 2204 2596 12416 2112 2595 12417 2204 2596 12418 2113 2597 12419 2113 2597 12420 2204 2596 12421 2205 2598 12422 2113 2597 12423 2205 2598 12424 2121 2599 12425 2121 2599 12426 2205 2598 12427 2116 2600 12428 367 2601 12429 2217 2602 12430 356 2507 12431 356 2507 12432 2217 2602 12433 2206 2508 12434 356 2507 12435 2206 2508 12436 357 2603 12437 357 2603 12438 2206 2508 12439 2207 2604 12440 357 2603 12441 2207 2604 12442 358 2605 12443 358 2605 12444 2207 2604 12445 2208 2606 12446 358 2605 12447 2208 2606 12448 359 2607 12449 359 2607 12450 2208 2606 12451 2209 2608 12452 359 2607 12453 2209 2608 12454 360 2609 12455 360 2609 12456 2209 2608 12457 2210 2610 12458 360 2609 12459 2210 2610 12460 361 2611 12461 361 2611 12462 2210 2610 12463 2211 2612 12464 361 2611 12465 2211 2612 12466 362 2519 12467 362 2519 12468 2211 2612 12469 2212 2520 12470 362 2519 12471 2212 2520 12472 363 2613 12473 363 2613 12474 2212 2520 12475 2213 2614 12476 363 2613 12477 2213 2614 12478 364 2615 12479 364 2615 12480 2213 2614 12481 2214 2616 12482 364 2615 12483 2214 2616 12484 365 2617 12485 365 2617 12486 2214 2616 12487 2215 2618 12488 365 2617 12489 2215 2618 12490 366 2619 12491 366 2619 12492 2215 2618 12493 2216 2620 12494 366 2619 12495 2216 2620 12496 367 2601 12497 367 2601 12498 2216 2620 12499 2217 2602 12500 2117 1229 12501 2116 2600 12502 340 1229 12503 340 1229 12504 2116 2600 12505 2205 2598 12506 340 1229 12507 2205 2598 12508 2218 1229 12509 2218 1229 12510 405 1229 12511 340 1229 12512 2117 1229 12513 340 1229 12514 2118 1229 12515 2118 1229 12516 340 1229 12517 339 2421 12518 2118 1229 12519 339 2421 12520 2125 2420 12521 2219 2621 12522 2196 2579 12523 327 2622 12524 327 2622 12525 2196 2579 12526 2133 2581 12527 327 2622 12528 2133 2581 12529 2135 2623 12530 2135 2623 12531 2130 1284 12532 327 2622 12533 327 2622 12534 2130 1284 12535 328 2428 12536 328 2428 12537 2130 1284 12538 2126 2429 12539 327 2622 12540 404 1284 12541 2219 2621 12542 355 2624 12543 2231 2625 12544 344 2483 12545 344 2483 12546 2231 2625 12547 2220 2484 12548 344 2483 12549 2220 2484 12550 345 2626 12551 345 2626 12552 2220 2484 12553 2221 2627 12554 345 2626 12555 2221 2627 12556 346 2628 12557 346 2628 12558 2221 2627 12559 2222 2629 12560 346 2628 12561 2222 2629 12562 347 2630 12563 347 2630 12564 2222 2629 12565 2223 2631 12566 347 2630 12567 2223 2631 12568 348 2632 12569 348 2632 12570 2223 2631 12571 2224 2633 12572 348 2632 12573 2224 2633 12574 349 2634 12575 349 2634 12576 2224 2633 12577 2225 2635 12578 349 2634 12579 2225 2635 12580 350 2495 12581 350 2495 12582 2225 2635 12583 2226 2496 12584 350 2495 12585 2226 2496 12586 351 2636 12587 351 2636 12588 2226 2496 12589 2227 2637 12590 351 2636 12591 2227 2637 12592 352 2638 12593 352 2638 12594 2227 2637 12595 2228 2639 12596 352 2638 12597 2228 2639 12598 353 2640 12599 353 2640 12600 2228 2639 12601 2229 2641 12602 353 2640 12603 2229 2641 12604 354 2642 12605 354 2642 12606 2229 2641 12607 2230 2643 12608 354 2642 12609 2230 2643 12610 355 2624 12611 355 2624 12612 2230 2643 12613 2231 2625 12614 2233 2644 12615 2137 2645 12616 2232 2646 12617 2232 2646 12618 2137 2645 12619 2136 2647 12620 2232 2646 12621 2136 2647 12622 2243 2648 12623 2243 2648 12624 2136 2647 12625 2147 2649 12626 2243 2648 12627 2147 2649 12628 2146 2650 12629 2137 2645 12630 2233 2644 12631 2138 2651 12632 2138 2651 12633 2233 2644 12634 2234 2652 12635 2138 2651 12636 2234 2652 12637 2139 2653 12638 2139 2653 12639 2234 2652 12640 2235 355 12641 2139 2653 12642 2235 355 12643 2236 2654 12644 2139 2653 12645 2236 2654 12646 2140 2655 12647 2140 2655 12648 2236 2654 12649 2237 2656 12650 2140 2655 12651 2237 2656 12652 2141 2657 12653 2141 2657 12654 2237 2656 12655 2238 2658 12656 2141 2657 12657 2238 2658 12658 2142 2659 12659 2142 2659 12660 2238 2658 12661 2143 2660 12662 2143 2660 12663 2238 2658 12664 2239 2661 12665 2143 2660 12666 2239 2661 12667 2144 2662 12668 2144 2662 12669 2239 2661 12670 2240 2663 12671 2144 2662 12672 2240 2663 12673 2145 2664 12674 2145 2664 12675 2240 2663 12676 2241 355 12677 2145 2664 12678 2241 355 12679 2242 2665 12680 2145 2664 12681 2242 2665 12682 2146 2650 12683 2146 2650 12684 2242 2665 12685 2243 2648 12686 2245 2666 12687 2149 2667 12688 2244 2668 12689 2244 2668 12690 2149 2667 12691 2148 2669 12692 2244 2668 12693 2148 2669 12694 2255 2670 12695 2255 2670 12696 2148 2669 12697 2159 2671 12698 2255 2670 12699 2159 2671 12700 2158 2672 12701 2149 2667 12702 2245 2666 12703 2150 2673 12704 2150 2673 12705 2245 2666 12706 2246 2674 12707 2150 2673 12708 2246 2674 12709 2151 355 12710 2151 355 12711 2246 2674 12712 2247 355 12713 2151 355 12714 2247 355 12715 2248 355 12716 2151 355 12717 2248 355 12718 2152 355 12719 2152 355 12720 2248 355 12721 2249 2675 12722 2152 355 12723 2249 2675 12724 2153 2676 12725 2153 2676 12726 2249 2675 12727 2250 355 12728 2153 2676 12729 2250 355 12730 2154 355 12731 2154 355 12732 2250 355 12733 2155 2677 12734 2155 2677 12735 2250 355 12736 2251 2678 12737 2155 2677 12738 2251 2678 12739 2156 355 12740 2156 355 12741 2251 2678 12742 2252 355 12743 2156 355 12744 2252 355 12745 2157 2679 12746 2157 2679 12747 2252 355 12748 2253 355 12749 2157 2679 12750 2253 355 12751 2254 2680 12752 2157 2679 12753 2254 2680 12754 2158 2672 12755 2158 2672 12756 2254 2680 12757 2255 2670 12758 2257 2681 12759 2161 2682 12760 2256 2683 12761 2256 2683 12762 2161 2682 12763 2160 2684 12764 2256 2683 12765 2160 2684 12766 2267 2685 12767 2267 2685 12768 2160 2684 12769 2171 2686 12770 2267 2685 12771 2171 2686 12772 2170 2687 12773 2161 2682 12774 2257 2681 12775 2162 2688 12776 2162 2688 12777 2257 2681 12778 2258 2689 12779 2162 2688 12780 2258 2689 12781 2163 355 12782 2163 355 12783 2258 2689 12784 2259 355 12785 2163 355 12786 2259 355 12787 2260 355 12788 2163 355 12789 2260 355 12790 2164 355 12791 2164 355 12792 2260 355 12793 2261 2675 12794 2164 355 12795 2261 2675 12796 2165 2690 12797 2165 2690 12798 2261 2675 12799 2262 2691 12800 2165 2690 12801 2262 2691 12802 2166 355 12803 2166 355 12804 2262 2691 12805 2167 2692 12806 2167 2692 12807 2262 2691 12808 2263 2693 12809 2167 2692 12810 2263 2693 12811 2168 355 12812 2168 355 12813 2263 2693 12814 2264 355 12815 2168 355 12816 2264 355 12817 2169 2694 12818 2169 2694 12819 2264 355 12820 2265 355 12821 2169 2694 12822 2265 355 12823 2266 2695 12824 2169 2694 12825 2266 2695 12826 2170 2687 12827 2170 2687 12828 2266 2695 12829 2267 2685 12830 2219 2696 12831 2182 2697 12832 2196 2698 12833 2196 2698 12834 2182 2697 12835 2181 2699 12836 2196 2698 12837 2181 2699 12838 2180 2700 12839 2268 2701 12840 2172 2702 12841 2219 2696 12842 2219 2696 12843 2172 2702 12844 2183 2703 12845 2219 2696 12846 2183 2703 12847 2182 2697 12848 2172 2702 12849 2268 2701 12850 2173 2704 12851 2173 2704 12852 2268 2701 12853 2269 2705 12854 2173 2704 12855 2269 2705 12856 2174 2706 12857 2174 2706 12858 2269 2705 12859 2270 355 12860 2174 2706 12861 2270 355 12862 2271 2707 12863 2272 2708 12864 2196 2698 12865 2271 2707 12866 2271 2707 12867 2196 2698 12868 2178 2709 12869 2271 2707 12870 2178 2709 12871 2177 2710 12872 2196 2698 12873 2272 2708 12874 2197 2711 12875 2197 2711 12876 2272 2708 12877 2273 2712 12878 2197 2711 12879 2273 2712 12880 2274 2713 12881 2197 2711 12882 2274 2713 12883 2198 2714 12884 2198 2714 12885 2274 2713 12886 2275 355 12887 2198 2714 12888 2275 355 12889 2276 2715 12890 2277 2716 12891 2201 2717 12892 2276 2715 12893 2276 2715 12894 2201 2717 12895 2200 2718 12896 2276 2715 12897 2200 2718 12898 2199 2719 12899 2278 2720 12900 2203 2721 12901 2277 2716 12902 2277 2716 12903 2203 2721 12904 2202 355 12905 2277 2716 12906 2202 355 12907 2201 2717 12908 2278 2720 12909 2279 2722 12910 2203 2721 12911 2203 2721 12912 2279 2722 12913 2204 2723 12914 2204 2723 12915 2279 2722 12916 2280 2712 12917 2204 2723 12918 2280 2712 12919 2281 2724 12920 2204 2723 12921 2281 2724 12922 2205 2725 12923 2205 2725 12924 2281 2724 12925 2282 2726 12926 2205 2725 12927 2282 2726 12928 2190 2727 12929 2190 2727 12930 2282 2726 12931 2191 2728 12932 2191 2728 12933 2282 2726 12934 2192 2729 12935 2192 2729 12936 2282 2726 12937 2193 355 12938 2193 355 12939 2282 2726 12940 2194 355 12941 2194 355 12942 2282 2726 12943 2283 355 12944 2194 355 12945 2283 355 12946 2284 2705 12947 2194 355 12948 2284 2705 12949 2195 2704 12950 2195 2704 12951 2284 2705 12952 2285 2730 12953 2195 2704 12954 2285 2730 12955 2184 2731 12956 2184 2731 12957 2285 2730 12958 2218 2732 12959 2184 2731 12960 2218 2732 12961 2185 2733 12962 2185 2733 12963 2218 2732 12964 2186 355 12965 2186 355 12966 2218 2732 12967 2205 2725 12968 2186 355 12969 2205 2725 12970 2187 355 12971 2187 355 12972 2205 2725 12973 2188 355 12974 2188 355 12975 2205 2725 12976 2189 2734 12977 2189 2734 12978 2205 2725 12979 2190 2727 12980 2199 2719 12981 2198 2714 12982 2276 2715 12983 2180 2700 12984 2179 2735 12985 2196 2698 12986 2196 2698 12987 2179 2735 12988 2178 2709 12989 2177 2710 12990 2176 2736 12991 2271 2707 12992 2271 2707 12993 2176 2736 12994 2175 2737 12995 2271 2707 12996 2175 2737 12997 2174 2706 12998 2287 355 12999 2207 2738 13000 2286 2739 13001 2286 2739 13002 2207 2738 13003 2206 2740 13004 2286 2739 13005 2206 2740 13006 2297 2741 13007 2297 2741 13008 2206 2740 13009 2217 2742 13010 2297 2741 13011 2217 2742 13012 2216 2743 13013 2207 2738 13014 2287 355 13015 2208 355 13016 2208 355 13017 2287 355 13018 2288 355 13019 2208 355 13020 2288 355 13021 2209 2744 13022 2209 2744 13023 2288 355 13024 2289 355 13025 2209 2744 13026 2289 355 13027 2290 2745 13028 2209 2744 13029 2290 2745 13030 2210 2746 13031 2210 2746 13032 2290 2745 13033 2291 2747 13034 2210 2746 13035 2291 2747 13036 2211 2748 13037 2211 2748 13038 2291 2747 13039 2292 2749 13040 2211 2748 13041 2292 2749 13042 2212 355 13043 2212 355 13044 2292 2749 13045 2213 2750 13046 2213 2750 13047 2292 2749 13048 2293 2751 13049 2213 2750 13050 2293 2751 13051 2214 2752 13052 2214 2752 13053 2293 2751 13054 2294 2753 13055 2214 2752 13056 2294 2753 13057 2215 355 13058 2215 355 13059 2294 2753 13060 2295 355 13061 2215 355 13062 2295 355 13063 2296 355 13064 2215 355 13065 2296 355 13066 2216 2743 13067 2216 2743 13068 2296 355 13069 2297 2741 13070 2219 2754 13071 404 2755 13072 2268 2756 13073 2268 2756 13074 404 2755 13075 435 2757 13076 2268 2756 13077 435 2757 13078 2269 2758 13079 2269 2758 13080 435 2757 13081 434 2759 13082 2269 2758 13083 434 2759 13084 2270 2760 13085 2270 2760 13086 434 2759 13087 433 2761 13088 2270 2760 13089 433 2761 13090 2324 2762 13091 2324 2762 13092 433 2761 13093 2323 2763 13094 2323 2763 13095 433 2761 13096 432 2764 13097 2323 2763 13098 432 2764 13099 2322 2765 13100 2322 2765 13101 432 2764 13102 431 2766 13103 2322 2765 13104 431 2766 13105 2321 2767 13106 2321 2767 13107 431 2766 13108 430 2768 13109 2321 2767 13110 430 2768 13111 2320 2769 13112 2320 2769 13113 430 2768 13114 429 2770 13115 2320 2769 13116 429 2770 13117 2319 2771 13118 2319 2771 13119 429 2770 13120 428 2772 13121 2319 2771 13122 428 2772 13123 2318 2773 13124 2318 2773 13125 428 2772 13126 427 2774 13127 2318 2773 13128 427 2774 13129 2317 2775 13130 2317 2775 13131 427 2774 13132 426 2776 13133 2317 2775 13134 426 2776 13135 2316 2777 13136 2316 2777 13137 426 2776 13138 425 2778 13139 2316 2777 13140 425 2778 13141 2315 2779 13142 2315 2779 13143 425 2778 13144 424 2780 13145 2315 2779 13146 424 2780 13147 2314 2781 13148 2314 2781 13149 424 2780 13150 423 2782 13151 2314 2781 13152 423 2782 13153 2313 2783 13154 2313 2783 13155 423 2782 13156 422 2784 13157 2313 2783 13158 422 2784 13159 2312 2785 13160 2312 2785 13161 422 2784 13162 421 2786 13163 2312 2785 13164 421 2786 13165 2311 2787 13166 2311 2787 13167 421 2786 13168 420 2788 13169 2311 2787 13170 420 2788 13171 2310 2789 13172 2310 2789 13173 420 2788 13174 419 2790 13175 2310 2789 13176 419 2790 13177 2309 2791 13178 2309 2791 13179 419 2790 13180 418 2792 13181 2309 2791 13182 418 2792 13183 2308 2793 13184 2308 2793 13185 418 2792 13186 417 2794 13187 2308 2793 13188 417 2794 13189 2307 2795 13190 2307 2795 13191 417 2794 13192 416 2796 13193 2307 2795 13194 416 2796 13195 2306 2797 13196 2306 2797 13197 416 2796 13198 415 2798 13199 2306 2797 13200 415 2798 13201 2305 2799 13202 2305 2799 13203 415 2798 13204 414 2800 13205 2305 2799 13206 414 2800 13207 2304 2801 13208 2304 2801 13209 414 2800 13210 413 2802 13211 2304 2801 13212 413 2802 13213 2303 2803 13214 2303 2803 13215 413 2802 13216 412 2804 13217 2303 2803 13218 412 2804 13219 2302 2805 13220 2302 2805 13221 412 2804 13222 411 2806 13223 2302 2805 13224 411 2806 13225 2301 2807 13226 2301 2807 13227 411 2806 13228 410 2808 13229 2301 2807 13230 410 2808 13231 2300 2809 13232 2300 2809 13233 410 2808 13234 409 2810 13235 2300 2809 13236 409 2810 13237 2299 2811 13238 2299 2811 13239 409 2810 13240 408 2812 13241 2299 2811 13242 408 2812 13243 2298 2813 13244 2298 2813 13245 408 2812 13246 2283 2814 13247 2283 2814 13248 408 2812 13249 407 2815 13250 2283 2814 13251 407 2815 13252 2284 2816 13253 2284 2816 13254 407 2815 13255 406 2817 13256 2284 2816 13257 406 2817 13258 2285 2818 13259 2285 2818 13260 406 2817 13261 405 2819 13262 2285 2818 13263 405 2819 13264 2218 2820 13265 2326 355 13266 2221 2821 13267 2325 2822 13268 2325 2822 13269 2221 2821 13270 2220 2823 13271 2325 2822 13272 2220 2823 13273 2336 2824 13274 2336 2824 13275 2220 2823 13276 2231 2825 13277 2336 2824 13278 2231 2825 13279 2230 2826 13280 2221 2821 13281 2326 355 13282 2222 355 13283 2222 355 13284 2326 355 13285 2327 355 13286 2222 355 13287 2327 355 13288 2223 2827 13289 2223 2827 13290 2327 355 13291 2328 355 13292 2223 2827 13293 2328 355 13294 2329 2828 13295 2223 2827 13296 2329 2828 13297 2224 2829 13298 2224 2829 13299 2329 2828 13300 2330 2830 13301 2224 2829 13302 2330 2830 13303 2225 2831 13304 2225 2831 13305 2330 2830 13306 2331 2832 13307 2225 2831 13308 2331 2832 13309 2226 355 13310 2226 355 13311 2331 2832 13312 2227 2833 13313 2227 2833 13314 2331 2832 13315 2332 2834 13316 2227 2833 13317 2332 2834 13318 2228 2835 13319 2228 2835 13320 2332 2834 13321 2333 2836 13322 2228 2835 13323 2333 2836 13324 2229 355 13325 2229 355 13326 2333 2836 13327 2334 355 13328 2229 355 13329 2334 355 13330 2335 355 13331 2229 355 13332 2335 355 13333 2230 2826 13334 2230 2826 13335 2335 355 13336 2336 2824 13337 2243 2837 13338 2338 2838 13339 2232 2839 13340 2232 2839 13341 2338 2838 13342 2339 2840 13343 2232 2839 13344 2339 2840 13345 2233 2841 13346 2233 2841 13347 2339 2840 13348 2340 2842 13349 2233 2841 13350 2340 2842 13351 2234 2843 13352 2234 2843 13353 2340 2842 13354 2341 2844 13355 2234 2843 13356 2341 2844 13357 2235 2845 13358 2235 2845 13359 2341 2844 13360 2342 2846 13361 2235 2845 13362 2342 2846 13363 2343 2847 13364 2338 2838 13365 2243 2837 13366 2337 2848 13367 2337 2848 13368 2243 2837 13369 2242 2849 13370 2337 2848 13371 2242 2849 13372 2350 2850 13373 2350 2850 13374 2242 2849 13375 2241 2851 13376 2350 2850 13377 2241 2851 13378 2349 2852 13379 2349 2852 13380 2241 2851 13381 2348 2853 13382 2348 2853 13383 2241 2851 13384 2240 2854 13385 2348 2853 13386 2240 2854 13387 2347 2855 13388 2347 2855 13389 2240 2854 13390 2239 2856 13391 2347 2855 13392 2239 2856 13393 2346 2857 13394 2346 2857 13395 2239 2856 13396 2238 2858 13397 2346 2857 13398 2238 2858 13399 2345 2859 13400 2345 2859 13401 2238 2858 13402 2237 2860 13403 2345 2859 13404 2237 2860 13405 2344 2861 13406 2344 2861 13407 2237 2860 13408 2236 2862 13409 2344 2861 13410 2236 2862 13411 2343 2847 13412 2343 2847 13413 2236 2862 13414 2235 2845 13415 2255 2863 13416 2354 2864 13417 2244 2865 13418 2244 2865 13419 2354 2864 13420 2355 2866 13421 2244 2865 13422 2355 2866 13423 2245 2867 13424 2245 2867 13425 2355 2866 13426 2356 2868 13427 2245 2867 13428 2356 2868 13429 2246 2869 13430 2246 2869 13431 2356 2868 13432 2357 2870 13433 2246 2869 13434 2357 2870 13435 2247 2871 13436 2247 2871 13437 2357 2870 13438 2358 2872 13439 2247 2871 13440 2358 2872 13441 2248 2873 13442 2248 2873 13443 2358 2872 13444 2359 2874 13445 2248 2873 13446 2359 2874 13447 2249 2875 13448 2249 2875 13449 2359 2874 13450 2360 2876 13451 2249 2875 13452 2360 2876 13453 2361 2877 13454 2254 2878 13455 2352 2879 13456 2255 2863 13457 2255 2863 13458 2352 2879 13459 2353 2880 13460 2255 2863 13461 2353 2880 13462 2354 2864 13463 2352 2879 13464 2254 2878 13465 2351 2881 13466 2351 2881 13467 2254 2878 13468 2253 2882 13469 2351 2881 13470 2253 2882 13471 2364 2883 13472 2364 2883 13473 2253 2882 13474 2252 2884 13475 2364 2883 13476 2252 2884 13477 2363 2885 13478 2363 2885 13479 2252 2884 13480 2251 2886 13481 2363 2885 13482 2251 2886 13483 2362 2887 13484 2362 2887 13485 2251 2886 13486 2250 2888 13487 2362 2887 13488 2250 2888 13489 2361 2877 13490 2361 2877 13491 2250 2888 13492 2249 2875 13493 2267 2889 13494 2365 2890 13495 2256 2891 13496 2256 2891 13497 2365 2890 13498 2366 2892 13499 2256 2891 13500 2366 2892 13501 2257 2893 13502 2257 2893 13503 2366 2892 13504 2367 2894 13505 2257 2893 13506 2367 2894 13507 2368 2895 13508 2365 2890 13509 2267 2889 13510 2378 2896 13511 2378 2896 13512 2267 2889 13513 2266 2897 13514 2378 2896 13515 2266 2897 13516 2377 2898 13517 2377 2898 13518 2266 2897 13519 2265 2899 13520 2377 2898 13521 2265 2899 13522 2376 2900 13523 2376 2900 13524 2265 2899 13525 2264 2901 13526 2376 2900 13527 2264 2901 13528 2375 2902 13529 2375 2902 13530 2264 2901 13531 2263 2903 13532 2375 2902 13533 2263 2903 13534 2374 2904 13535 2374 2904 13536 2263 2903 13537 2373 2905 13538 2373 2905 13539 2263 2903 13540 2262 2906 13541 2373 2905 13542 2262 2906 13543 2372 2907 13544 2372 2907 13545 2262 2906 13546 2261 2908 13547 2372 2907 13548 2261 2908 13549 2371 2909 13550 2371 2909 13551 2261 2908 13552 2260 2910 13553 2371 2909 13554 2260 2910 13555 2370 2911 13556 2370 2911 13557 2260 2910 13558 2259 2912 13559 2370 2911 13560 2259 2912 13561 2369 2913 13562 2369 2913 13563 2259 2912 13564 2258 2914 13565 2369 2913 13566 2258 2914 13567 2368 2895 13568 2368 2895 13569 2258 2914 13570 2257 2893 13571 2379 2915 13572 2380 2916 13573 2324 2917 13574 2324 2917 13575 2380 2916 13576 2271 2918 13577 2324 2917 13578 2271 2918 13579 2270 2919 13580 2385 2920 13581 2276 2921 13582 2384 2922 13583 2384 2922 13584 2276 2921 13585 2275 2923 13586 2384 2922 13587 2275 2923 13588 2274 2924 13589 2384 2922 13590 2274 2924 13591 2383 2925 13592 2383 2925 13593 2274 2924 13594 2273 2926 13595 2383 2925 13596 2273 2926 13597 2382 2927 13598 2382 2927 13599 2273 2926 13600 2272 2928 13601 2382 2927 13602 2272 2928 13603 2381 2929 13604 2381 2929 13605 2272 2928 13606 2380 2916 13607 2380 2916 13608 2272 2928 13609 2271 2918 13610 2277 2930 13611 2276 2921 13612 2386 2931 13613 2386 2931 13614 2276 2921 13615 2385 2920 13616 2391 2932 13617 2282 2933 13618 2390 2934 13619 2390 2934 13620 2282 2933 13621 2281 2935 13622 2390 2934 13623 2281 2935 13624 2280 2936 13625 2390 2934 13626 2280 2936 13627 2389 2937 13628 2389 2937 13629 2280 2936 13630 2279 2938 13631 2389 2937 13632 2279 2938 13633 2388 2939 13634 2388 2939 13635 2279 2938 13636 2278 2940 13637 2388 2939 13638 2278 2940 13639 2387 2941 13640 2387 2941 13641 2278 2940 13642 2386 2931 13643 2386 2931 13644 2278 2940 13645 2277 2930 13646 2392 2942 13647 2298 2943 13648 2391 2932 13649 2391 2932 13650 2298 2943 13651 2282 2933 13652 2282 2933 13653 2298 2943 13654 2283 2944 13655 2297 2945 13656 2399 2946 13657 2286 2947 13658 2286 2947 13659 2399 2946 13660 2400 2948 13661 2286 2947 13662 2400 2948 13663 2287 2949 13664 2287 2949 13665 2400 2948 13666 2401 2950 13667 2287 2949 13668 2401 2950 13669 2288 2951 13670 2288 2951 13671 2401 2950 13672 2402 2952 13673 2288 2951 13674 2402 2952 13675 2289 2953 13676 2289 2953 13677 2402 2952 13678 2403 2954 13679 2289 2953 13680 2403 2954 13681 2290 2955 13682 2290 2955 13683 2403 2954 13684 2404 2956 13685 2290 2955 13686 2404 2956 13687 2291 2957 13688 2291 2957 13689 2404 2956 13690 2405 2958 13691 2291 2957 13692 2405 2958 13693 2406 2959 13694 2296 2960 13695 2397 2961 13696 2297 2945 13697 2297 2945 13698 2397 2961 13699 2398 2962 13700 2297 2945 13701 2398 2962 13702 2399 2946 13703 2397 2961 13704 2296 2960 13705 2396 2963 13706 2396 2963 13707 2296 2960 13708 2295 2964 13709 2396 2963 13710 2295 2964 13711 2395 2965 13712 2395 2965 13713 2295 2964 13714 2294 2966 13715 2395 2965 13716 2294 2966 13717 2394 2967 13718 2394 2967 13719 2294 2966 13720 2293 2968 13721 2394 2967 13722 2293 2968 13723 2393 2969 13724 2393 2969 13725 2293 2968 13726 2292 2970 13727 2393 2969 13728 2292 2970 13729 2406 2959 13730 2406 2959 13731 2292 2970 13732 2291 2957 13733 2435 2971 13734 2407 2972 13735 2304 2973 13736 2304 2973 13737 2407 2972 13738 2408 2974 13739 2304 2973 13740 2408 2974 13741 2305 2975 13742 2305 2975 13743 2408 2974 13744 2409 2976 13745 2305 2975 13746 2409 2976 13747 2410 2977 13748 2410 2977 13749 2411 2978 13750 2305 2975 13751 2305 2975 13752 2411 2978 13753 2306 2979 13754 2306 2979 13755 2411 2978 13756 2412 2980 13757 2306 2979 13758 2412 2980 13759 2307 2981 13760 2307 2981 13761 2412 2980 13762 2413 2982 13763 2307 2981 13764 2413 2982 13765 2308 2983 13766 2308 2983 13767 2413 2982 13768 2414 2984 13769 2308 2983 13770 2414 2984 13771 2309 2985 13772 2309 2985 13773 2414 2984 13774 2415 2986 13775 2309 2985 13776 2415 2986 13777 2416 2987 13778 2309 2985 13779 2416 2987 13780 2310 2988 13781 2310 2988 13782 2416 2987 13783 2337 2989 13784 2310 2988 13785 2337 2989 13786 2350 2990 13787 2310 2988 13788 2350 2990 13789 2311 2991 13790 2311 2991 13791 2350 2990 13792 2349 2992 13793 2311 2991 13794 2349 2992 13795 2348 2993 13796 2348 2993 13797 2347 2994 13798 2311 2991 13799 2311 2991 13800 2347 2994 13801 2312 2995 13802 2312 2995 13803 2347 2994 13804 2417 2996 13805 2312 2995 13806 2417 2996 13807 2313 2997 13808 2313 2997 13809 2417 2996 13810 2418 2998 13811 2313 2997 13812 2418 2998 13813 2419 2999 13814 2313 2997 13815 2419 2999 13816 2314 3000 13817 2314 3000 13818 2419 2999 13819 2420 3001 13820 2314 3000 13821 2420 3001 13822 2315 3002 13823 2315 3002 13824 2420 3001 13825 2421 3003 13826 2315 3002 13827 2421 3003 13828 2316 3004 13829 2316 3004 13830 2421 3003 13831 2355 3005 13832 2316 3004 13833 2355 3005 13834 2354 3006 13835 2316 3004 13836 2354 3006 13837 2317 3007 13838 2317 3007 13839 2354 3006 13840 2353 3008 13841 2317 3007 13842 2353 3008 13843 2352 3009 13844 2352 3009 13845 2351 3010 13846 2317 3007 13847 2317 3007 13848 2351 3010 13849 2318 3011 13850 2318 3011 13851 2351 3010 13852 2422 3012 13853 2318 3011 13854 2422 3012 13855 2423 3013 13856 2318 3011 13857 2423 3013 13858 2319 3014 13859 2319 3014 13860 2423 3013 13861 2424 3015 13862 2319 3014 13863 2424 3015 13864 2320 3016 13865 2320 3016 13866 2424 3015 13867 2425 3017 13868 2320 3016 13869 2425 3017 13870 2321 3018 13871 2321 3018 13872 2425 3017 13873 2426 3019 13874 2321 3018 13875 2426 3019 13876 2322 3020 13877 2322 3020 13878 2426 3019 13879 2369 3021 13880 2322 3020 13881 2369 3021 13882 2368 3022 13883 2322 3020 13884 2368 3022 13885 2323 3023 13886 2323 3023 13887 2368 3022 13888 2367 3024 13889 2323 3023 13890 2367 3024 13891 2366 3025 13892 2366 3025 13893 2365 3026 13894 2323 3023 13895 2323 3023 13896 2365 3026 13897 2427 3027 13898 2323 3023 13899 2427 3027 13900 2324 3028 13901 2324 3028 13902 2427 3027 13903 2428 3029 13904 2324 3028 13905 2428 3029 13906 2379 3030 13907 2435 2971 13908 2304 2973 13909 2434 3031 13910 2434 3031 13911 2304 2973 13912 2303 3032 13913 2434 3031 13914 2303 3032 13915 2433 3033 13916 2433 3033 13917 2303 3032 13918 2302 3034 13919 2433 3033 13920 2302 3034 13921 2432 3035 13922 2432 3035 13923 2302 3034 13924 2301 3036 13925 2432 3035 13926 2301 3036 13927 2431 3037 13928 2431 3037 13929 2301 3036 13930 2300 3038 13931 2431 3037 13932 2300 3038 13933 2403 3039 13934 2403 3039 13935 2300 3038 13936 2299 3040 13937 2403 3039 13938 2299 3040 13939 2404 3041 13940 2404 3041 13941 2299 3040 13942 2405 3042 13943 2405 3042 13944 2299 3040 13945 2406 3043 13946 2406 3043 13947 2299 3040 13948 2393 3044 13949 2393 3044 13950 2299 3040 13951 2430 3045 13952 2430 3045 13953 2299 3040 13954 2298 3046 13955 2430 3045 13956 2298 3046 13957 2429 3047 13958 2429 3047 13959 2298 3046 13960 2392 3048 13961 2336 3049 13962 2438 3050 13963 2325 3051 13964 2325 3051 13965 2438 3050 13966 2439 3052 13967 2325 3051 13968 2439 3052 13969 2326 3053 13970 2326 3053 13971 2439 3052 13972 2440 3054 13973 2326 3053 13974 2440 3054 13975 2441 3055 13976 2438 3050 13977 2336 3049 13978 2437 3056 13979 2437 3056 13980 2336 3049 13981 2335 3057 13982 2437 3056 13983 2335 3057 13984 2436 3058 13985 2436 3058 13986 2335 3057 13987 2334 3059 13988 2436 3058 13989 2334 3059 13990 2407 3060 13991 2407 3060 13992 2334 3059 13993 2333 3061 13994 2407 3060 13995 2333 3061 13996 2408 3062 13997 2408 3062 13998 2333 3061 13999 2332 3063 14000 2408 3062 14001 2332 3063 14002 2409 3064 14003 2409 3064 14004 2332 3063 14005 2410 3065 14006 2410 3065 14007 2332 3063 14008 2331 3066 14009 2410 3065 14010 2331 3066 14011 2411 3067 14012 2411 3067 14013 2331 3066 14014 2330 3068 14015 2411 3067 14016 2330 3068 14017 2444 3069 14018 2444 3069 14019 2330 3068 14020 2329 3070 14021 2444 3069 14022 2329 3070 14023 2443 3071 14024 2443 3071 14025 2329 3070 14026 2328 3072 14027 2443 3071 14028 2328 3072 14029 2442 3073 14030 2442 3073 14031 2328 3072 14032 2327 3074 14033 2442 3073 14034 2327 3074 14035 2441 3055 14036 2441 3055 14037 2327 3074 14038 2326 3053 14039 2445 355 14040 2446 355 14041 2550 355 14042 2550 355 14043 2446 355 14044 2549 355 14045 2549 355 14046 2446 355 14047 2447 355 14048 2549 355 14049 2447 355 14050 2448 355 14051 2549 355 14052 2448 355 14053 2548 355 14054 2548 355 14055 2448 355 14056 2449 355 14057 2548 355 14058 2449 355 14059 2450 355 14060 2548 355 14061 2450 355 14062 2547 355 14063 2547 355 14064 2450 355 14065 2451 355 14066 2547 355 14067 2451 355 14068 2452 355 14069 2547 355 14070 2452 355 14071 2546 355 14072 2546 355 14073 2452 355 14074 2453 355 14075 2546 355 14076 2453 355 14077 2454 355 14078 2546 355 14079 2454 355 14080 2545 355 14081 2545 355 14082 2454 355 14083 2455 355 14084 2545 355 14085 2455 355 14086 2456 355 14087 2545 355 14088 2456 355 14089 2544 355 14090 2544 355 14091 2456 355 14092 2457 355 14093 2544 355 14094 2457 355 14095 2458 355 14096 2544 355 14097 2458 355 14098 2543 355 14099 2543 355 14100 2458 355 14101 2459 355 14102 2543 355 14103 2459 355 14104 2520 355 14105 2520 355 14106 2459 355 14107 2519 355 14108 2519 355 14109 2459 355 14110 2460 355 14111 2519 355 14112 2460 355 14113 2518 355 14114 2518 355 14115 2460 355 14116 2461 355 14117 2518 355 14118 2461 355 14119 2517 355 14120 2517 355 14121 2461 355 14122 2462 355 14123 2517 355 14124 2462 355 14125 2385 355 14126 2385 355 14127 2462 355 14128 2386 355 14129 2386 355 14130 2462 355 14131 2463 355 14132 2386 355 14133 2463 355 14134 2464 355 14135 2386 355 14136 2464 355 14137 2387 355 14138 2387 355 14139 2464 355 14140 2465 355 14141 2387 355 14142 2465 355 14143 2388 355 14144 2388 355 14145 2465 355 14146 2466 355 14147 2388 355 14148 2466 355 14149 2389 355 14150 2389 355 14151 2466 355 14152 2467 355 14153 2389 355 14154 2467 355 14155 2390 355 14156 2390 355 14157 2467 355 14158 2468 355 14159 2390 355 14160 2468 355 14161 2391 355 14162 2391 355 14163 2468 355 14164 2469 355 14165 2391 355 14166 2469 355 14167 2470 355 14168 2470 355 14169 2471 355 14170 2391 355 14171 2391 355 14172 2471 355 14173 2429 355 14174 2391 355 14175 2429 355 14176 2392 355 14177 2429 355 14178 2471 355 14179 2430 355 14180 2430 355 14181 2471 355 14182 2472 355 14183 2430 355 14184 2472 355 14185 2395 355 14186 2395 355 14187 2472 355 14188 2396 355 14189 2396 355 14190 2472 355 14191 2473 355 14192 2396 355 14193 2473 355 14194 2397 355 14195 2397 355 14196 2473 355 14197 2474 355 14198 2397 355 14199 2474 355 14200 2398 355 14201 2398 355 14202 2474 355 14203 2475 355 14204 2398 355 14205 2475 355 14206 2399 355 14207 2399 355 14208 2475 355 14209 2476 355 14210 2399 355 14211 2476 355 14212 2477 355 14213 2478 355 14214 2433 355 14215 2477 355 14216 2477 355 14217 2433 355 14218 2432 355 14219 2477 355 14220 2432 355 14221 2400 355 14222 2400 355 14223 2432 355 14224 2401 355 14225 2401 355 14226 2432 355 14227 2431 355 14228 2401 355 14229 2431 355 14230 2402 355 14231 2402 355 14232 2431 355 14233 2403 355 14234 2478 355 14235 2479 355 14236 2433 355 14237 2433 355 14238 2479 355 14239 2480 355 14240 2433 355 14241 2480 355 14242 2481 355 14243 2481 355 14244 2482 355 14245 2433 355 14246 2433 355 14247 2482 355 14248 2434 355 14249 2434 355 14250 2482 355 14251 2438 355 14252 2434 355 14253 2438 355 14254 2437 355 14255 2438 355 14256 2482 355 14257 2439 355 14258 2439 355 14259 2482 355 14260 2483 355 14261 2439 355 14262 2483 355 14263 2440 355 14264 2440 355 14265 2483 355 14266 2441 355 14267 2441 355 14268 2483 355 14269 2484 355 14270 2441 355 14271 2484 355 14272 2442 355 14273 2442 355 14274 2484 355 14275 2443 355 14276 2443 355 14277 2484 355 14278 2485 355 14279 2443 355 14280 2485 355 14281 2444 355 14282 2444 355 14283 2485 355 14284 2412 355 14285 2444 355 14286 2412 355 14287 2411 355 14288 2485 355 14289 2486 355 14290 2412 355 14291 2412 355 14292 2486 355 14293 2413 355 14294 2413 355 14295 2486 355 14296 2414 355 14297 2414 355 14298 2486 355 14299 2487 355 14300 2414 355 14301 2487 355 14302 2415 355 14303 2415 355 14304 2487 355 14305 2488 355 14306 2415 355 14307 2488 355 14308 2416 355 14309 2416 355 14310 2488 355 14311 2489 355 14312 2416 355 14313 2489 355 14314 2339 355 14315 2339 355 14316 2489 355 14317 2340 355 14318 2340 355 14319 2489 355 14320 2341 355 14321 2341 355 14322 2489 355 14323 2342 355 14324 2342 355 14325 2489 355 14326 2490 355 14327 2342 355 14328 2490 355 14329 2343 355 14330 2343 355 14331 2490 355 14332 2344 355 14333 2344 355 14334 2490 355 14335 2345 355 14336 2345 355 14337 2490 355 14338 2417 355 14339 2345 355 14340 2417 355 14341 2346 355 14342 2346 355 14343 2417 355 14344 2347 355 14345 2490 355 14346 2491 355 14347 2417 355 14348 2417 355 14349 2491 355 14350 2418 355 14351 2418 355 14352 2491 355 14353 2492 355 14354 2418 355 14355 2492 355 14356 2419 355 14357 2419 355 14358 2492 355 14359 2493 355 14360 2419 355 14361 2493 355 14362 2420 355 14363 2420 355 14364 2493 355 14365 2421 355 14366 2421 355 14367 2493 355 14368 2494 355 14369 2421 355 14370 2494 355 14371 2356 355 14372 2356 355 14373 2494 355 14374 2357 355 14375 2357 355 14376 2494 355 14377 2495 355 14378 2357 355 14379 2495 355 14380 2358 355 14381 2358 355 14382 2495 355 14383 2359 355 14384 2359 355 14385 2495 355 14386 2496 355 14387 2359 355 14388 2496 355 14389 2360 355 14390 2360 355 14391 2496 355 14392 2361 355 14393 2361 355 14394 2496 355 14395 2497 355 14396 2361 355 14397 2497 355 14398 2362 355 14399 2362 355 14400 2497 355 14401 2423 355 14402 2362 355 14403 2423 355 14404 2363 355 14405 2363 355 14406 2423 355 14407 2422 355 14408 2363 355 14409 2422 355 14410 2364 355 14411 2364 355 14412 2422 355 14413 2351 355 14414 2423 355 14415 2497 355 14416 2424 355 14417 2424 355 14418 2497 355 14419 2498 355 14420 2424 355 14421 2498 355 14422 2499 355 14423 2499 355 14424 2500 355 14425 2424 355 14426 2424 355 14427 2500 355 14428 2501 355 14429 2424 355 14430 2501 355 14431 2502 355 14432 2502 355 14433 2503 355 14434 2424 355 14435 2424 355 14436 2503 355 14437 2373 355 14438 2424 355 14439 2373 355 14440 2372 355 14441 2503 355 14442 2504 355 14443 2373 355 14444 2373 355 14445 2504 355 14446 2374 355 14447 2374 355 14448 2504 355 14449 2505 355 14450 2374 355 14451 2505 355 14452 2375 355 14453 2375 355 14454 2505 355 14455 2506 355 14456 2375 355 14457 2506 355 14458 2376 355 14459 2376 355 14460 2506 355 14461 2507 355 14462 2376 355 14463 2507 355 14464 2377 355 14465 2377 355 14466 2507 355 14467 2427 355 14468 2377 355 14469 2427 355 14470 2378 355 14471 2378 355 14472 2427 355 14473 2365 355 14474 2507 355 14475 2508 355 14476 2427 355 14477 2427 355 14478 2508 355 14479 2428 355 14480 2428 355 14481 2508 355 14482 2380 355 14483 2428 355 14484 2380 355 14485 2379 355 14486 2508 355 14487 2509 355 14488 2380 355 14489 2380 355 14490 2509 355 14491 2510 355 14492 2380 355 14493 2510 355 14494 2511 355 14495 2380 355 14496 2511 355 14497 2381 355 14498 2381 355 14499 2511 355 14500 2512 355 14501 2381 355 14502 2512 355 14503 2382 355 14504 2382 355 14505 2512 355 14506 2513 355 14507 2382 355 14508 2513 355 14509 2383 355 14510 2383 355 14511 2513 355 14512 2514 355 14513 2383 355 14514 2514 355 14515 2384 355 14516 2384 355 14517 2514 355 14518 2515 355 14519 2384 355 14520 2515 355 14521 2385 355 14522 2385 355 14523 2515 355 14524 2516 355 14525 2385 355 14526 2516 355 14527 2517 355 14528 2543 355 14529 2520 355 14530 2542 355 14531 2542 355 14532 2520 355 14533 2521 355 14534 2542 355 14535 2521 355 14536 2541 355 14537 2541 355 14538 2521 355 14539 2522 355 14540 2541 355 14541 2522 355 14542 2523 355 14543 2541 355 14544 2523 355 14545 2540 355 14546 2540 355 14547 2523 355 14548 2524 355 14549 2540 355 14550 2524 355 14551 2525 355 14552 2540 355 14553 2525 355 14554 2539 355 14555 2539 355 14556 2525 355 14557 2526 355 14558 2539 355 14559 2526 355 14560 2527 355 14561 2539 355 14562 2527 355 14563 2538 355 14564 2538 355 14565 2527 355 14566 2528 355 14567 2538 355 14568 2528 355 14569 2529 355 14570 2538 355 14571 2529 355 14572 2537 355 14573 2537 355 14574 2529 355 14575 2530 355 14576 2537 355 14577 2530 355 14578 2531 355 14579 2537 355 14580 2531 355 14581 2536 355 14582 2536 355 14583 2531 355 14584 2532 355 14585 2536 355 14586 2532 355 14587 2533 355 14588 2534 355 14589 2535 355 14590 2533 355 14591 2533 355 14592 2535 355 14593 2536 355 14594 2434 355 14595 2437 355 14596 2435 355 14597 2435 355 14598 2437 355 14599 2436 355 14600 2435 355 14601 2436 355 14602 2407 355 14603 2400 355 14604 2399 355 14605 2477 355 14606 2395 355 14607 2394 355 14608 2430 355 14609 2430 355 14610 2394 355 14611 2393 355 14612 2424 355 14613 2372 355 14614 2425 355 14615 2425 355 14616 2372 355 14617 2371 355 14618 2425 355 14619 2371 355 14620 2426 355 14621 2426 355 14622 2371 355 14623 2370 355 14624 2426 355 14625 2370 355 14626 2369 355 14627 2356 355 14628 2355 355 14629 2421 355 14630 2339 355 14631 2338 355 14632 2416 355 14633 2416 355 14634 2338 355 14635 2337 355 14636 2501 3075 14637 2500 3076 14638 2588 3077 14639 2588 3077 14640 2500 3076 14641 2551 3078 14642 2588 3077 14643 2551 3078 14644 2552 3079 14645 2588 3077 14646 2552 3079 14647 2589 3080 14648 2589 3080 14649 2552 3079 14650 2553 3081 14651 2589 3080 14652 2553 3081 14653 2590 3082 14654 2590 3082 14655 2553 3081 14656 2554 3083 14657 2590 3082 14658 2554 3083 14659 2591 3084 14660 2591 3084 14661 2554 3083 14662 2555 3085 14663 2591 3084 14664 2555 3085 14665 2592 3086 14666 2592 3086 14667 2555 3085 14668 2587 3087 14669 2592 3086 14670 2587 3087 14671 2504 3088 14672 2504 3088 14673 2587 3087 14674 2505 3089 14675 2505 3089 14676 2587 3087 14677 2593 3090 14678 2505 3089 14679 2593 3090 14680 2594 3091 14681 2594 3091 14682 2593 3090 14683 2556 3092 14684 2594 3091 14685 2556 3092 14686 2586 3093 14687 2586 3093 14688 2556 3092 14689 2557 3094 14690 2586 3093 14691 2557 3094 14692 2595 3095 14693 2595 3095 14694 2557 3094 14695 2558 3096 14696 2595 3095 14697 2558 3096 14698 2596 3097 14699 2596 3097 14700 2558 3096 14701 2559 3098 14702 2596 3097 14703 2559 3098 14704 2560 3099 14705 2555 3085 14706 2556 3092 14707 2587 3087 14708 2587 3087 14709 2556 3092 14710 2593 3090 14711 2561 3100 14712 2585 3101 14713 2560 3099 14714 2560 3099 14715 2585 3101 14716 2597 3102 14717 2560 3099 14718 2597 3102 14719 2596 3097 14720 2596 3097 14721 2597 3102 14722 2509 3103 14723 2596 3097 14724 2509 3103 14725 2508 3104 14726 2562 3105 14727 2598 3106 14728 2561 3100 14729 2561 3100 14730 2598 3106 14731 2584 3107 14732 2561 3100 14733 2584 3107 14734 2585 3101 14735 2585 3101 14736 2584 3107 14737 2510 3108 14738 2585 3101 14739 2510 3108 14740 2509 3103 14741 2598 3106 14742 2562 3105 14743 2599 3109 14744 2599 3109 14745 2562 3105 14746 2563 3110 14747 2599 3109 14748 2563 3110 14749 2600 3111 14750 2600 3111 14751 2563 3110 14752 2583 3112 14753 2600 3111 14754 2583 3112 14755 2514 3113 14756 2514 3113 14757 2583 3112 14758 2515 3114 14759 2515 3114 14760 2583 3112 14761 2601 3115 14762 2515 3114 14763 2601 3115 14764 2516 3116 14765 2516 3116 14766 2601 3115 14767 2582 3117 14768 2516 3116 14769 2582 3117 14770 2602 3118 14771 2602 3118 14772 2582 3117 14773 2565 3119 14774 2602 3118 14775 2565 3119 14776 2603 3120 14777 2603 3120 14778 2565 3119 14779 2566 3121 14780 2603 3120 14781 2566 3121 14782 2604 3122 14783 2604 3122 14784 2566 3121 14785 2567 3123 14786 2604 3122 14787 2567 3123 14788 2605 3124 14789 2605 3124 14790 2567 3123 14791 2606 3125 14792 2605 3124 14793 2606 3125 14794 2520 3126 14795 2520 3126 14796 2606 3125 14797 2521 3127 14798 2521 3127 14799 2606 3125 14800 2607 3128 14801 2521 3127 14802 2607 3128 14803 2522 3129 14804 2522 3129 14805 2607 3128 14806 2523 3130 14807 2523 3130 14808 2607 3128 14809 2608 3131 14810 2523 3130 14811 2608 3131 14812 2609 3132 14813 2609 3132 14814 2608 3131 14815 2569 3133 14816 2609 3132 14817 2569 3133 14818 2570 3134 14819 2563 3110 14820 2564 3135 14821 2583 3112 14822 2583 3112 14823 2564 3135 14824 2601 3115 14825 2601 3115 14826 2564 3135 14827 2582 3117 14828 2582 3117 14829 2564 3135 14830 2565 3119 14831 2567 3123 14832 2568 3136 14833 2606 3125 14834 2606 3125 14835 2568 3136 14836 2607 3128 14837 2568 3136 14838 2569 3133 14839 2607 3128 14840 2607 3128 14841 2569 3133 14842 2608 3131 14843 2609 3132 14844 2570 3134 14845 2610 3137 14846 2610 3137 14847 2570 3134 14848 2571 3138 14849 2610 3137 14850 2571 3138 14851 2611 3139 14852 2611 3139 14853 2571 3138 14854 2572 3140 14855 2611 3139 14856 2572 3140 14857 2612 3141 14858 2612 3141 14859 2572 3140 14860 2581 3142 14861 2612 3141 14862 2581 3142 14863 2527 3143 14864 2527 3143 14865 2581 3142 14866 2528 3144 14867 2528 3144 14868 2581 3142 14869 2613 3145 14870 2528 3144 14871 2613 3145 14872 2614 3146 14873 2614 3146 14874 2613 3145 14875 2573 3147 14876 2614 3146 14877 2573 3147 14878 2574 3148 14879 2572 3140 14880 2573 3147 14881 2581 3142 14882 2581 3142 14883 2573 3147 14884 2613 3145 14885 2614 3146 14886 2574 3148 14887 2615 3149 14888 2615 3149 14889 2574 3148 14890 2575 3150 14891 2615 3149 14892 2575 3150 14893 2580 3151 14894 2580 3151 14895 2575 3150 14896 2576 3152 14897 2580 3151 14898 2576 3152 14899 2616 3153 14900 2616 3153 14901 2576 3152 14902 2579 3154 14903 2616 3153 14904 2579 3154 14905 2532 3155 14906 2532 3155 14907 2579 3154 14908 2533 3156 14909 2533 3156 14910 2579 3154 14911 2617 3157 14912 2533 3156 14913 2617 3157 14914 2534 3158 14915 2534 3158 14916 2617 3157 14917 2578 3159 14918 2578 3159 14919 2617 3157 14920 2577 3160 14921 2577 3160 14922 2617 3157 14923 2579 3154 14924 2577 3160 14925 2579 3154 14926 2576 3152 14927 2616 3153 14928 2532 3155 14929 2580 3151 14930 2580 3151 14931 2532 3155 14932 2531 3161 14933 2580 3151 14934 2531 3161 14935 2530 3162 14936 2580 3151 14937 2530 3162 14938 2615 3149 14939 2615 3149 14940 2530 3162 14941 2529 3163 14942 2615 3149 14943 2529 3163 14944 2614 3146 14945 2614 3146 14946 2529 3163 14947 2528 3144 14948 2612 3141 14949 2527 3143 14950 2611 3139 14951 2611 3139 14952 2527 3143 14953 2526 3164 14954 2611 3139 14955 2526 3164 14956 2525 3165 14957 2611 3139 14958 2525 3165 14959 2610 3137 14960 2610 3137 14961 2525 3165 14962 2524 3166 14963 2610 3137 14964 2524 3166 14965 2609 3132 14966 2609 3132 14967 2524 3166 14968 2523 3130 14969 2520 3126 14970 2519 3167 14971 2605 3124 14972 2605 3124 14973 2519 3167 14974 2604 3122 14975 2519 3167 14976 2518 3168 14977 2604 3122 14978 2604 3122 14979 2518 3168 14980 2603 3120 14981 2518 3168 14982 2517 3169 14983 2603 3120 14984 2603 3120 14985 2517 3169 14986 2602 3118 14987 2517 3169 14988 2516 3116 14989 2602 3118 14990 2514 3113 14991 2513 3170 14992 2600 3111 14993 2600 3111 14994 2513 3170 14995 2599 3109 14996 2513 3170 14997 2512 3171 14998 2599 3109 14999 2599 3109 15000 2512 3171 15001 2598 3106 15002 2512 3171 15003 2511 3172 15004 2598 3106 15005 2598 3106 15006 2511 3172 15007 2584 3107 15008 2511 3172 15009 2510 3108 15010 2584 3107 15011 2596 3097 15012 2508 3104 15013 2595 3095 15014 2595 3095 15015 2508 3104 15016 2507 3173 15017 2595 3095 15018 2507 3173 15019 2586 3093 15020 2586 3093 15021 2507 3173 15022 2506 3174 15023 2586 3093 15024 2506 3174 15025 2594 3091 15026 2594 3091 15027 2506 3174 15028 2505 3089 15029 2592 3086 15030 2504 3088 15031 2591 3084 15032 2591 3084 15033 2504 3088 15034 2503 3175 15035 2591 3084 15036 2503 3175 15037 2590 3082 15038 2590 3082 15039 2503 3175 15040 2502 3176 15041 2590 3082 15042 2502 3176 15043 2589 3080 15044 2589 3080 15045 2502 3176 15046 2501 3075 15047 2589 3080 15048 2501 3075 15049 2588 3077 15050 2509 3103 15051 2597 3102 15052 2585 3101 15053 2618 3177 15054 2445 3178 15055 2635 3179 15056 2635 3179 15057 2445 3178 15058 2550 3180 15059 2635 3179 15060 2550 3180 15061 2634 3181 15062 2634 3181 15063 2550 3180 15064 2549 3182 15065 2634 3181 15066 2549 3182 15067 2633 3183 15068 2633 3183 15069 2549 3182 15070 2548 3184 15071 2633 3183 15072 2548 3184 15073 2632 3185 15074 2632 3185 15075 2548 3184 15076 2547 3186 15077 2632 3185 15078 2547 3186 15079 2631 3187 15080 2631 3187 15081 2547 3186 15082 2546 3188 15083 2631 3187 15084 2546 3188 15085 2630 3189 15086 2630 3189 15087 2546 3188 15088 2545 3190 15089 2630 3189 15090 2545 3190 15091 2629 3191 15092 2629 3191 15093 2545 3190 15094 2544 3192 15095 2629 3191 15096 2544 3192 15097 2628 3193 15098 2628 3193 15099 2544 3192 15100 2543 3194 15101 2628 3193 15102 2543 3194 15103 2627 3195 15104 2627 3195 15105 2543 3194 15106 2542 3196 15107 2627 3195 15108 2542 3196 15109 2626 3197 15110 2626 3197 15111 2542 3196 15112 2541 3198 15113 2626 3197 15114 2541 3198 15115 2625 3199 15116 2625 3199 15117 2541 3198 15118 2540 3200 15119 2625 3199 15120 2540 3200 15121 2624 3201 15122 2624 3201 15123 2540 3200 15124 2539 3202 15125 2624 3201 15126 2539 3202 15127 2623 3203 15128 2623 3203 15129 2539 3202 15130 2538 3204 15131 2623 3203 15132 2538 3204 15133 2622 3205 15134 2622 3205 15135 2538 3204 15136 2537 3206 15137 2622 3205 15138 2537 3206 15139 2621 3207 15140 2621 3207 15141 2537 3206 15142 2536 3208 15143 2621 3207 15144 2536 3208 15145 2620 3209 15146 2620 3209 15147 2536 3208 15148 2535 3210 15149 2620 3209 15150 2535 3210 15151 2619 3211 15152 2619 3211 15153 2535 3210 15154 2534 3158 15155 2619 3211 15156 2534 3158 15157 2578 3159 15158 2662 3212 15159 2636 3213 15160 2672 3214 15161 2672 3214 15162 2636 3213 15163 2479 3215 15164 2672 3214 15165 2479 3215 15166 2478 3216 15167 2672 3214 15168 2478 3216 15169 2673 3217 15170 2673 3217 15171 2478 3216 15172 2477 3218 15173 2673 3217 15174 2477 3218 15175 2674 3219 15176 2674 3219 15177 2477 3218 15178 2476 3220 15179 2674 3219 15180 2476 3220 15181 2675 3221 15182 2675 3221 15183 2476 3220 15184 2475 3222 15185 2675 3221 15186 2475 3222 15187 2676 3223 15188 2676 3223 15189 2475 3222 15190 2671 3224 15191 2676 3223 15192 2671 3224 15193 2658 3225 15194 2658 3225 15195 2671 3224 15196 2657 3226 15197 2657 3226 15198 2671 3224 15199 2702 3227 15200 2657 3226 15201 2702 3227 15202 2677 3228 15203 2677 3228 15204 2702 3227 15205 2474 3229 15206 2677 3228 15207 2474 3229 15208 2473 3230 15209 2475 3222 15210 2474 3229 15211 2671 3224 15212 2671 3224 15213 2474 3229 15214 2702 3227 15215 2677 3228 15216 2473 3230 15217 2670 3231 15218 2670 3231 15219 2473 3230 15220 2472 3232 15221 2670 3231 15222 2472 3232 15223 2678 3233 15224 2678 3233 15225 2472 3232 15226 2471 3234 15227 2678 3233 15228 2471 3234 15229 2679 3235 15230 2679 3235 15231 2471 3234 15232 2470 3236 15233 2679 3235 15234 2470 3236 15235 2681 3237 15236 2681 3237 15237 2470 3236 15238 2680 3238 15239 2681 3237 15240 2680 3238 15241 2653 3239 15242 2653 3239 15243 2680 3238 15244 2652 3240 15245 2652 3240 15246 2680 3238 15247 2682 3241 15248 2652 3240 15249 2682 3241 15250 2651 3242 15251 2651 3242 15252 2682 3241 15253 2683 3243 15254 2651 3242 15255 2683 3243 15256 2684 3244 15257 2684 3244 15258 2683 3243 15259 2467 3245 15260 2684 3244 15261 2467 3245 15262 2466 3246 15263 2470 3236 15264 2469 3247 15265 2680 3238 15266 2680 3238 15267 2469 3247 15268 2682 3241 15269 2469 3247 15270 2468 3248 15271 2682 3241 15272 2682 3241 15273 2468 3248 15274 2683 3243 15275 2468 3248 15276 2467 3245 15277 2683 3243 15278 2684 3244 15279 2466 3246 15280 2685 3249 15281 2685 3249 15282 2466 3246 15283 2465 3250 15284 2685 3249 15285 2465 3250 15286 2669 3251 15287 2669 3251 15288 2465 3250 15289 2464 3252 15290 2669 3251 15291 2464 3252 15292 2686 3253 15293 2686 3253 15294 2464 3252 15295 2463 3254 15296 2686 3253 15297 2463 3254 15298 2668 3255 15299 2668 3255 15300 2463 3254 15301 2687 3256 15302 2668 3255 15303 2687 3256 15304 2648 3257 15305 2648 3257 15306 2687 3256 15307 2688 3258 15308 2648 3257 15309 2688 3258 15310 2647 3259 15311 2647 3259 15312 2688 3258 15313 2689 3260 15314 2647 3259 15315 2689 3260 15316 2667 3261 15317 2667 3261 15318 2689 3260 15319 2460 3262 15320 2667 3261 15321 2460 3262 15322 2459 3263 15323 2463 3254 15324 2462 3264 15325 2687 3256 15326 2687 3256 15327 2462 3264 15328 2688 3258 15329 2462 3264 15330 2461 3265 15331 2688 3258 15332 2688 3258 15333 2461 3265 15334 2689 3260 15335 2461 3265 15336 2460 3262 15337 2689 3260 15338 2667 3261 15339 2459 3263 15340 2690 3266 15341 2690 3266 15342 2459 3263 15343 2458 3267 15344 2690 3266 15345 2458 3267 15346 2666 3268 15347 2666 3268 15348 2458 3267 15349 2457 3269 15350 2666 3268 15351 2457 3269 15352 2692 3270 15353 2692 3270 15354 2457 3269 15355 2691 3271 15356 2692 3270 15357 2691 3271 15358 2645 3272 15359 2645 3272 15360 2691 3271 15361 2665 3273 15362 2645 3272 15363 2665 3273 15364 2644 3274 15365 2644 3274 15366 2665 3273 15367 2693 3275 15368 2644 3274 15369 2693 3275 15370 2643 3276 15371 2643 3276 15372 2693 3275 15373 2694 3277 15374 2643 3276 15375 2694 3277 15376 2642 3278 15377 2642 3278 15378 2694 3277 15379 2695 3279 15380 2642 3278 15381 2695 3279 15382 2696 3280 15383 2696 3280 15384 2695 3279 15385 2452 3281 15386 2696 3280 15387 2452 3281 15388 2451 3282 15389 2457 3269 15390 2456 3283 15391 2691 3271 15392 2691 3271 15393 2456 3283 15394 2665 3273 15395 2456 3283 15396 2455 3284 15397 2665 3273 15398 2665 3273 15399 2455 3284 15400 2693 3275 15401 2455 3284 15402 2454 3285 15403 2693 3275 15404 2693 3275 15405 2454 3285 15406 2694 3277 15407 2454 3285 15408 2453 3286 15409 2694 3277 15410 2694 3277 15411 2453 3286 15412 2452 3281 15413 2694 3277 15414 2452 3281 15415 2695 3279 15416 2450 3287 15417 2697 3288 15418 2451 3282 15419 2451 3282 15420 2697 3288 15421 2664 3289 15422 2451 3282 15423 2664 3289 15424 2696 3280 15425 2696 3280 15426 2664 3289 15427 2642 3278 15428 2697 3288 15429 2450 3287 15430 2698 3290 15431 2698 3290 15432 2450 3287 15433 2449 3291 15434 2698 3290 15435 2449 3291 15436 2448 3292 15437 2698 3290 15438 2448 3292 15439 2699 3293 15440 2699 3293 15441 2448 3292 15442 2447 3294 15443 2699 3293 15444 2447 3294 15445 2700 3295 15446 2700 3295 15447 2447 3294 15448 2663 3296 15449 2700 3295 15450 2663 3296 15451 2638 3297 15452 2638 3297 15453 2663 3296 15454 2637 3298 15455 2637 3298 15456 2663 3296 15457 2701 3299 15458 2637 3298 15459 2701 3299 15460 2618 3177 15461 2618 3177 15462 2701 3299 15463 2445 3178 15464 2445 3178 15465 2701 3299 15466 2446 3300 15467 2446 3300 15468 2701 3299 15469 2663 3296 15470 2446 3300 15471 2663 3296 15472 2447 3294 15473 2700 3295 15474 2638 3297 15475 2699 3293 15476 2699 3293 15477 2638 3297 15478 2639 3301 15479 2699 3293 15480 2639 3301 15481 2698 3290 15482 2698 3290 15483 2639 3301 15484 2640 3302 15485 2698 3290 15486 2640 3302 15487 2697 3288 15488 2697 3288 15489 2640 3302 15490 2641 3303 15491 2697 3288 15492 2641 3303 15493 2664 3289 15494 2664 3289 15495 2641 3303 15496 2642 3278 15497 2692 3270 15498 2645 3272 15499 2666 3268 15500 2666 3268 15501 2645 3272 15502 2646 3304 15503 2666 3268 15504 2646 3304 15505 2690 3266 15506 2690 3266 15507 2646 3304 15508 2667 3261 15509 2646 3304 15510 2647 3259 15511 2667 3261 15512 2648 3257 15513 2649 3305 15514 2668 3255 15515 2668 3255 15516 2649 3305 15517 2686 3253 15518 2686 3253 15519 2649 3305 15520 2669 3251 15521 2669 3251 15522 2649 3305 15523 2650 3306 15524 2669 3251 15525 2650 3306 15526 2685 3249 15527 2685 3249 15528 2650 3306 15529 2684 3244 15530 2650 3306 15531 2651 3242 15532 2684 3244 15533 2681 3237 15534 2653 3239 15535 2679 3235 15536 2679 3235 15537 2653 3239 15538 2654 3307 15539 2679 3235 15540 2654 3307 15541 2655 3308 15542 2679 3235 15543 2655 3308 15544 2678 3233 15545 2678 3233 15546 2655 3308 15547 2656 3309 15548 2678 3233 15549 2656 3309 15550 2670 3231 15551 2670 3231 15552 2656 3309 15553 2657 3226 15554 2670 3231 15555 2657 3226 15556 2677 3228 15557 2676 3223 15558 2658 3225 15559 2675 3221 15560 2675 3221 15561 2658 3225 15562 2659 3310 15563 2675 3221 15564 2659 3310 15565 2674 3219 15566 2674 3219 15567 2659 3310 15568 2660 3311 15569 2674 3219 15570 2660 3311 15571 2673 3217 15572 2673 3217 15573 2660 3311 15574 2661 3312 15575 2673 3217 15576 2661 3312 15577 2672 3214 15578 2672 3214 15579 2661 3312 15580 2662 3212 15581 2636 3213 15582 2703 3313 15583 2479 3215 15584 2479 3215 15585 2703 3313 15586 2480 3314 15587 2480 3314 15588 2703 3313 15589 2704 3315 15590 2480 3314 15591 2704 3315 15592 2481 3316 15593 2481 3316 15594 2704 3315 15595 2705 3317 15596 2481 3316 15597 2705 3317 15598 2482 3318 15599 2482 3318 15600 2705 3317 15601 2706 3319 15602 2482 3318 15603 2706 3319 15604 2483 3320 15605 2483 3320 15606 2706 3319 15607 2707 3321 15608 2483 3320 15609 2707 3321 15610 2484 3322 15611 2484 3322 15612 2707 3321 15613 2708 3323 15614 2484 3322 15615 2708 3323 15616 2485 3324 15617 2485 3324 15618 2708 3323 15619 2709 3325 15620 2485 3324 15621 2709 3325 15622 2486 3326 15623 2486 3326 15624 2709 3325 15625 2710 3327 15626 2486 3326 15627 2710 3327 15628 2487 3328 15629 2487 3328 15630 2710 3327 15631 2711 3329 15632 2487 3328 15633 2711 3329 15634 2488 3330 15635 2488 3330 15636 2711 3329 15637 2712 3331 15638 2488 3330 15639 2712 3331 15640 2489 3332 15641 2489 3332 15642 2712 3331 15643 2713 3333 15644 2489 3332 15645 2713 3333 15646 2490 3334 15647 2490 3334 15648 2713 3333 15649 2714 3335 15650 2490 3334 15651 2714 3335 15652 2491 3336 15653 2491 3336 15654 2714 3335 15655 2715 3337 15656 2491 3336 15657 2715 3337 15658 2492 3338 15659 2492 3338 15660 2715 3337 15661 2716 3339 15662 2492 3338 15663 2716 3339 15664 2493 3340 15665 2493 3340 15666 2716 3339 15667 2717 3341 15668 2493 3340 15669 2717 3341 15670 2494 3342 15671 2494 3342 15672 2717 3341 15673 2718 3343 15674 2494 3342 15675 2718 3343 15676 2495 3344 15677 2495 3344 15678 2718 3343 15679 2719 3345 15680 2495 3344 15681 2719 3345 15682 2496 3346 15683 2496 3346 15684 2719 3345 15685 2720 3347 15686 2496 3346 15687 2720 3347 15688 2497 3348 15689 2497 3348 15690 2720 3347 15691 2721 3349 15692 2497 3348 15693 2721 3349 15694 2498 3350 15695 2498 3350 15696 2721 3349 15697 2722 3351 15698 2498 3350 15699 2722 3351 15700 2499 3352 15701 2499 3352 15702 2722 3351 15703 2723 3353 15704 2499 3352 15705 2723 3353 15706 2500 3076 15707 2500 3076 15708 2723 3353 15709 2551 3078 15710 2577 3354 15711 2765 3355 15712 2578 3356 15713 2578 3356 15714 2765 3355 15715 2766 3357 15716 2578 3356 15717 2766 3357 15718 2756 3358 15719 2756 3358 15720 2766 3357 15721 2767 3359 15722 2756 3358 15723 2767 3359 15724 2768 3360 15725 2768 3360 15726 2767 3359 15727 2776 3361 15728 2768 3360 15729 2776 3361 15730 2777 3362 15731 2777 3362 15732 2776 3361 15733 2791 3363 15734 2777 3362 15735 2791 3363 15736 2790 3364 15737 2790 3364 15738 2791 3363 15739 2786 3365 15740 2790 3364 15741 2786 3365 15742 2787 3366 15743 2787 3366 15744 2786 3365 15745 2801 3367 15746 2787 3366 15747 2801 3367 15748 2802 3368 15749 2802 3368 15750 2801 3367 15751 2810 3369 15752 2802 3368 15753 2810 3369 15754 2747 3370 15755 2747 3370 15756 2810 3369 15757 2746 3371 15758 2746 3371 15759 2810 3369 15760 2818 3372 15761 2746 3371 15762 2818 3372 15763 2745 3373 15764 2745 3373 15765 2818 3372 15766 2826 3374 15767 2745 3373 15768 2826 3374 15769 2744 3375 15770 2744 3375 15771 2826 3374 15772 2834 3376 15773 2744 3375 15774 2834 3376 15775 2833 3377 15776 2833 3377 15777 2834 3376 15778 2835 3378 15779 2833 3377 15780 2835 3378 15781 2832 3379 15782 2832 3379 15783 2835 3378 15784 2836 3380 15785 2832 3379 15786 2836 3380 15787 2831 3381 15788 2831 3381 15789 2836 3380 15790 2837 3382 15791 2831 3381 15792 2837 3382 15793 2830 3383 15794 2830 3383 15795 2837 3382 15796 2838 3384 15797 2830 3383 15798 2838 3384 15799 2829 3385 15800 2829 3385 15801 2838 3384 15802 2839 3386 15803 2829 3385 15804 2839 3386 15805 2828 3387 15806 2828 3387 15807 2839 3386 15808 2840 3388 15809 2828 3387 15810 2840 3388 15811 2827 3389 15812 2827 3389 15813 2840 3388 15814 2841 3390 15815 2827 3389 15816 2841 3390 15817 2760 3391 15818 2760 3391 15819 2841 3390 15820 2568 3392 15821 2760 3391 15822 2568 3392 15823 2567 3393 15824 2577 3354 15825 2576 3394 15826 2765 3355 15827 2765 3355 15828 2576 3394 15829 2773 3395 15830 2765 3355 15831 2773 3395 15832 2774 3396 15833 2774 3396 15834 2773 3395 15835 2794 3397 15836 2774 3396 15837 2794 3397 15838 2793 3398 15839 2793 3398 15840 2794 3397 15841 2783 3399 15842 2793 3398 15843 2783 3399 15844 2784 3400 15845 2784 3400 15846 2783 3399 15847 2798 3401 15848 2784 3400 15849 2798 3401 15850 2799 3402 15851 2799 3402 15852 2798 3401 15853 2807 3403 15854 2799 3402 15855 2807 3403 15856 2808 3404 15857 2808 3404 15858 2807 3403 15859 2816 3405 15860 2808 3404 15861 2816 3405 15862 2817 3406 15863 2817 3406 15864 2816 3405 15865 2825 3407 15866 2817 3406 15867 2825 3407 15868 2826 3374 15869 2826 3374 15870 2825 3407 15871 2834 3376 15872 2773 3395 15873 2576 3394 15874 2758 3408 15875 2758 3408 15876 2576 3394 15877 2575 3409 15878 2758 3408 15879 2575 3409 15880 2781 3410 15881 2781 3410 15882 2575 3409 15883 2574 3411 15884 2781 3410 15885 2574 3411 15886 2573 3412 15887 2781 3410 15888 2573 3412 15889 2795 3413 15890 2795 3413 15891 2573 3412 15892 2572 3414 15893 2795 3413 15894 2572 3414 15895 2803 3415 15896 2803 3415 15897 2572 3414 15898 2571 3416 15899 2803 3415 15900 2571 3416 15901 2811 3417 15902 2811 3417 15903 2571 3416 15904 2570 3418 15905 2811 3417 15906 2570 3418 15907 2819 3419 15908 2819 3419 15909 2570 3418 15910 2569 3420 15911 2819 3419 15912 2569 3420 15913 2841 3390 15914 2841 3390 15915 2569 3420 15916 2568 3392 15917 2566 3421 15918 2842 3422 15919 2567 3393 15920 2567 3393 15921 2842 3422 15922 2856 3423 15923 2567 3393 15924 2856 3423 15925 2760 3391 15926 2760 3391 15927 2856 3423 15928 2855 3424 15929 2760 3391 15930 2855 3424 15931 2827 3389 15932 2827 3389 15933 2855 3424 15934 2854 3425 15935 2827 3389 15936 2854 3425 15937 2828 3387 15938 2828 3387 15939 2854 3425 15940 2853 3426 15941 2828 3387 15942 2853 3426 15943 2829 3385 15944 2829 3385 15945 2853 3426 15946 2852 3427 15947 2829 3385 15948 2852 3427 15949 2830 3383 15950 2830 3383 15951 2852 3427 15952 2851 3428 15953 2830 3383 15954 2851 3428 15955 2831 3381 15956 2831 3381 15957 2851 3428 15958 2850 3429 15959 2831 3381 15960 2850 3429 15961 2832 3379 15962 2832 3379 15963 2850 3429 15964 2759 3430 15965 2832 3379 15966 2759 3430 15967 2833 3377 15968 2833 3377 15969 2759 3430 15970 2743 3431 15971 2833 3377 15972 2743 3431 15973 2744 3375 15974 2842 3422 15975 2566 3421 15976 2857 3432 15977 2857 3432 15978 2566 3421 15979 2565 3433 15980 2857 3432 15981 2565 3433 15982 2865 3434 15983 2865 3434 15984 2565 3433 15985 2564 3435 15986 2865 3434 15987 2564 3435 15988 2873 3436 15989 2873 3436 15990 2564 3435 15991 2563 3437 15992 2873 3436 15993 2563 3437 15994 2881 3438 15995 2881 3438 15996 2563 3437 15997 2562 3439 15998 2881 3438 15999 2562 3439 16000 2889 3440 16001 2889 3440 16002 2562 3439 16003 2561 3441 16004 2889 3440 16005 2561 3441 16006 2897 3442 16007 2897 3442 16008 2561 3441 16009 2560 3443 16010 2897 3442 16011 2560 3443 16012 2559 3444 16013 2897 3442 16014 2559 3444 16015 2905 3445 16016 2905 3445 16017 2559 3444 16018 2558 3446 16019 2905 3445 16020 2558 3446 16021 2913 3447 16022 2913 3447 16023 2558 3446 16024 2557 3448 16025 2913 3447 16026 2557 3448 16027 2921 3449 16028 2921 3449 16029 2557 3448 16030 2556 3450 16031 2921 3449 16032 2556 3450 16033 2936 3451 16034 2936 3451 16035 2556 3450 16036 2937 3452 16037 2936 3451 16038 2937 3452 16039 2938 3453 16040 2938 3453 16041 2937 3452 16042 2945 3454 16043 2938 3453 16044 2945 3454 16045 2946 3455 16046 2946 3455 16047 2945 3454 16048 2956 3456 16049 2946 3455 16050 2956 3456 16051 2955 3457 16052 2955 3457 16053 2956 3456 16054 2962 3458 16055 2955 3457 16056 2962 3458 16057 2963 3459 16058 2963 3459 16059 2962 3458 16060 2971 3460 16061 2963 3459 16062 2971 3460 16063 2972 3461 16064 2972 3461 16065 2971 3460 16066 2976 3462 16067 2972 3461 16068 2976 3462 16069 2975 3463 16070 2975 3463 16071 2976 3462 16072 2987 3464 16073 2975 3463 16074 2987 3464 16075 2988 3465 16076 2988 3465 16077 2987 3464 16078 2726 3466 16079 2988 3465 16080 2726 3466 16081 2727 3467 16082 2556 3450 16083 2555 3468 16084 2937 3452 16085 2937 3452 16086 2555 3468 16087 2762 3469 16088 2937 3452 16089 2762 3469 16090 2945 3454 16091 2945 3454 16092 2762 3469 16093 2957 3470 16094 2945 3454 16095 2957 3470 16096 2956 3456 16097 2956 3456 16098 2957 3470 16099 2961 3471 16100 2956 3456 16101 2961 3471 16102 2962 3458 16103 2962 3458 16104 2961 3471 16105 2970 3472 16106 2962 3458 16107 2970 3472 16108 2971 3460 16109 2971 3460 16110 2970 3472 16111 2977 3473 16112 2971 3460 16113 2977 3473 16114 2976 3462 16115 2976 3462 16116 2977 3473 16117 2986 3474 16118 2976 3462 16119 2986 3474 16120 2987 3464 16121 2987 3464 16122 2986 3474 16123 2726 3466 16124 2555 3468 16125 2554 3475 16126 2762 3469 16127 2762 3469 16128 2554 3475 16129 2958 3476 16130 2762 3469 16131 2958 3476 16132 2957 3470 16133 2957 3470 16134 2958 3476 16135 2960 3477 16136 2957 3470 16137 2960 3477 16138 2961 3471 16139 2961 3471 16140 2960 3477 16141 2969 3478 16142 2961 3471 16143 2969 3478 16144 2970 3472 16145 2970 3472 16146 2969 3478 16147 2978 3479 16148 2970 3472 16149 2978 3479 16150 2977 3473 16151 2977 3473 16152 2978 3479 16153 2985 3480 16154 2977 3473 16155 2985 3480 16156 2986 3474 16157 2986 3474 16158 2985 3480 16159 2725 3481 16160 2986 3474 16161 2725 3481 16162 2726 3466 16163 2958 3476 16164 2554 3475 16165 2959 3482 16166 2959 3482 16167 2554 3475 16168 2553 3483 16169 2959 3482 16170 2553 3483 16171 2967 3484 16172 2967 3484 16173 2553 3483 16174 2764 3485 16175 2967 3484 16176 2764 3485 16177 2980 3486 16178 2980 3486 16179 2764 3485 16180 2982 3487 16181 2980 3486 16182 2982 3487 16183 2983 3488 16184 2983 3488 16185 2982 3487 16186 2724 3489 16187 2983 3488 16188 2724 3489 16189 2984 3490 16190 2984 3490 16191 2724 3489 16192 2725 3481 16193 2984 3490 16194 2725 3481 16195 2985 3480 16196 2553 3483 16197 2552 3491 16198 2764 3485 16199 2764 3485 16200 2552 3491 16201 2981 3492 16202 2764 3485 16203 2981 3492 16204 2982 3487 16205 2982 3487 16206 2981 3492 16207 2551 3493 16208 2982 3487 16209 2551 3493 16210 2724 3489 16211 2552 3491 16212 2551 3493 16213 2981 3492 16214 2727 3467 16215 2728 3494 16216 2988 3465 16217 2988 3465 16218 2728 3494 16219 2763 3495 16220 2988 3465 16221 2763 3495 16222 2975 3463 16223 2975 3463 16224 2763 3495 16225 2973 3496 16226 2975 3463 16227 2973 3496 16228 2972 3461 16229 2972 3461 16230 2973 3496 16231 2964 3497 16232 2972 3461 16233 2964 3497 16234 2963 3459 16235 2963 3459 16236 2964 3497 16237 2954 3498 16238 2963 3459 16239 2954 3498 16240 2955 3457 16241 2955 3457 16242 2954 3498 16243 2947 3499 16244 2955 3457 16245 2947 3499 16246 2946 3455 16247 2946 3455 16248 2947 3499 16249 2939 3500 16250 2946 3455 16251 2939 3500 16252 2938 3453 16253 2938 3453 16254 2939 3500 16255 2935 3501 16256 2938 3453 16257 2935 3501 16258 2936 3451 16259 2936 3451 16260 2935 3501 16261 2921 3449 16262 2728 3494 16263 2729 3502 16264 2763 3495 16265 2763 3495 16266 2729 3502 16267 2974 3503 16268 2763 3495 16269 2974 3503 16270 2973 3496 16271 2973 3496 16272 2974 3503 16273 2965 3504 16274 2973 3496 16275 2965 3504 16276 2964 3497 16277 2964 3497 16278 2965 3504 16279 2953 3505 16280 2964 3497 16281 2953 3505 16282 2954 3498 16283 2954 3498 16284 2953 3505 16285 2948 3506 16286 2954 3498 16287 2948 3506 16288 2947 3499 16289 2947 3499 16290 2948 3506 16291 2940 3507 16292 2947 3499 16293 2940 3507 16294 2939 3500 16295 2939 3500 16296 2940 3507 16297 2934 3508 16298 2939 3500 16299 2934 3508 16300 2935 3501 16301 2935 3501 16302 2934 3508 16303 2922 3509 16304 2935 3501 16305 2922 3509 16306 2921 3449 16307 2921 3449 16308 2922 3509 16309 2913 3447 16310 2974 3503 16311 2729 3502 16312 2966 3510 16313 2966 3510 16314 2729 3502 16315 2730 3511 16316 2966 3510 16317 2730 3511 16318 2951 3512 16319 2951 3512 16320 2730 3511 16321 2761 3513 16322 2951 3512 16323 2761 3513 16324 2950 3514 16325 2950 3514 16326 2761 3513 16327 2943 3515 16328 2950 3514 16329 2943 3515 16330 2942 3516 16331 2942 3516 16332 2943 3515 16333 2931 3517 16334 2942 3516 16335 2931 3517 16336 2932 3518 16337 2932 3518 16338 2931 3517 16339 2925 3519 16340 2932 3518 16341 2925 3519 16342 2924 3520 16343 2924 3520 16344 2925 3519 16345 2916 3521 16346 2924 3520 16347 2916 3521 16348 2915 3522 16349 2915 3522 16350 2916 3521 16351 2907 3523 16352 2915 3522 16353 2907 3523 16354 2906 3524 16355 2906 3524 16356 2907 3523 16357 2898 3525 16358 2906 3524 16359 2898 3525 16360 2897 3442 16361 2897 3442 16362 2898 3525 16363 2889 3440 16364 2730 3511 16365 2731 3526 16366 2761 3513 16367 2761 3513 16368 2731 3526 16369 2944 3527 16370 2761 3513 16371 2944 3527 16372 2943 3515 16373 2943 3515 16374 2944 3527 16375 2930 3528 16376 2943 3515 16377 2930 3528 16378 2931 3517 16379 2931 3517 16380 2930 3528 16381 2926 3529 16382 2931 3517 16383 2926 3529 16384 2925 3519 16385 2925 3519 16386 2926 3529 16387 2917 3530 16388 2925 3519 16389 2917 3530 16390 2916 3521 16391 2916 3521 16392 2917 3530 16393 2908 3531 16394 2916 3521 16395 2908 3531 16396 2907 3523 16397 2907 3523 16398 2908 3531 16399 2899 3532 16400 2907 3523 16401 2899 3532 16402 2898 3525 16403 2898 3525 16404 2899 3532 16405 2890 3533 16406 2898 3525 16407 2890 3533 16408 2889 3440 16409 2889 3440 16410 2890 3533 16411 2881 3438 16412 2731 3526 16413 2732 3534 16414 2944 3527 16415 2944 3527 16416 2732 3534 16417 2929 3535 16418 2944 3527 16419 2929 3535 16420 2930 3528 16421 2930 3528 16422 2929 3535 16423 2927 3536 16424 2930 3528 16425 2927 3536 16426 2926 3529 16427 2926 3529 16428 2927 3536 16429 2918 3537 16430 2926 3529 16431 2918 3537 16432 2917 3530 16433 2917 3530 16434 2918 3537 16435 2909 3538 16436 2917 3530 16437 2909 3538 16438 2908 3531 16439 2908 3531 16440 2909 3538 16441 2900 3539 16442 2908 3531 16443 2900 3539 16444 2899 3532 16445 2899 3532 16446 2900 3539 16447 2891 3540 16448 2899 3532 16449 2891 3540 16450 2890 3533 16451 2890 3533 16452 2891 3540 16453 2882 3541 16454 2890 3533 16455 2882 3541 16456 2881 3438 16457 2881 3438 16458 2882 3541 16459 2873 3436 16460 2929 3535 16461 2732 3534 16462 2928 3542 16463 2928 3542 16464 2732 3534 16465 2733 3543 16466 2928 3542 16467 2733 3543 16468 2920 3544 16469 2920 3544 16470 2733 3543 16471 2734 3545 16472 2920 3544 16473 2734 3545 16474 2912 3546 16475 2912 3546 16476 2734 3545 16477 2735 3547 16478 2912 3546 16479 2735 3547 16480 2904 3548 16481 2904 3548 16482 2735 3547 16483 2736 3549 16484 2904 3548 16485 2736 3549 16486 2896 3550 16487 2896 3550 16488 2736 3549 16489 2737 3551 16490 2896 3550 16491 2737 3551 16492 2738 3552 16493 2896 3550 16494 2738 3552 16495 2888 3553 16496 2888 3553 16497 2738 3552 16498 2739 3554 16499 2888 3553 16500 2739 3554 16501 2880 3555 16502 2880 3555 16503 2739 3554 16504 2740 3556 16505 2880 3555 16506 2740 3556 16507 2872 3557 16508 2872 3557 16509 2740 3556 16510 2741 3558 16511 2872 3557 16512 2741 3558 16513 2864 3559 16514 2864 3559 16515 2741 3558 16516 2742 3560 16517 2864 3559 16518 2742 3560 16519 2849 3561 16520 2849 3561 16521 2742 3560 16522 2759 3430 16523 2849 3561 16524 2759 3430 16525 2850 3429 16526 2742 3560 16527 2743 3431 16528 2759 3430 16529 2747 3370 16530 2748 3562 16531 2802 3368 16532 2802 3368 16533 2748 3562 16534 2788 3563 16535 2802 3368 16536 2788 3563 16537 2787 3366 16538 2787 3366 16539 2788 3563 16540 2789 3564 16541 2787 3366 16542 2789 3564 16543 2790 3364 16544 2790 3364 16545 2789 3564 16546 2778 3565 16547 2790 3364 16548 2778 3565 16549 2777 3362 16550 2777 3362 16551 2778 3565 16552 2769 3566 16553 2777 3362 16554 2769 3566 16555 2768 3360 16556 2768 3360 16557 2769 3566 16558 2755 3567 16559 2768 3360 16560 2755 3567 16561 2756 3358 16562 2748 3562 16563 2749 3568 16564 2788 3563 16565 2788 3563 16566 2749 3568 16567 2750 3569 16568 2788 3563 16569 2750 3569 16570 2757 3570 16571 2757 3570 16572 2750 3569 16573 2751 3571 16574 2757 3570 16575 2751 3571 16576 2780 3572 16577 2780 3572 16578 2751 3571 16579 2772 3573 16580 2780 3572 16581 2772 3573 16582 2771 3574 16583 2771 3574 16584 2772 3573 16585 2754 3575 16586 2771 3574 16587 2754 3575 16588 2770 3576 16589 2770 3576 16590 2754 3575 16591 2755 3567 16592 2770 3576 16593 2755 3567 16594 2769 3566 16595 2751 3571 16596 2752 3577 16597 2772 3573 16598 2772 3573 16599 2752 3577 16600 2753 3578 16601 2772 3573 16602 2753 3578 16603 2754 3575 16604 2765 3355 16605 2774 3396 16606 2766 3357 16607 2766 3357 16608 2774 3396 16609 2775 3579 16610 2766 3357 16611 2775 3579 16612 2767 3359 16613 2767 3359 16614 2775 3579 16615 2776 3361 16616 2769 3566 16617 2778 3565 16618 2770 3576 16619 2770 3576 16620 2778 3565 16621 2779 3580 16622 2770 3576 16623 2779 3580 16624 2771 3574 16625 2771 3574 16626 2779 3580 16627 2780 3572 16628 2774 3396 16629 2793 3398 16630 2775 3579 16631 2775 3579 16632 2793 3398 16633 2792 3581 16634 2775 3579 16635 2792 3581 16636 2776 3361 16637 2776 3361 16638 2792 3581 16639 2791 3363 16640 2757 3570 16641 2780 3572 16642 2779 3580 16643 2757 3570 16644 2779 3580 16645 2789 3564 16646 2789 3564 16647 2779 3580 16648 2778 3565 16649 2781 3410 16650 2782 3582 16651 2758 3408 16652 2758 3408 16653 2782 3582 16654 2794 3397 16655 2758 3408 16656 2794 3397 16657 2773 3395 16658 2794 3397 16659 2782 3582 16660 2783 3399 16661 2783 3399 16662 2782 3582 16663 2797 3583 16664 2783 3399 16665 2797 3583 16666 2798 3401 16667 2798 3401 16668 2797 3583 16669 2806 3584 16670 2798 3401 16671 2806 3584 16672 2807 3403 16673 2807 3403 16674 2806 3584 16675 2815 3585 16676 2807 3403 16677 2815 3585 16678 2816 3405 16679 2816 3405 16680 2815 3585 16681 2824 3586 16682 2816 3405 16683 2824 3586 16684 2825 3407 16685 2825 3407 16686 2824 3586 16687 2835 3378 16688 2825 3407 16689 2835 3378 16690 2834 3376 16691 2782 3582 16692 2781 3410 16693 2796 3587 16694 2796 3587 16695 2781 3410 16696 2795 3413 16697 2796 3587 16698 2795 3413 16699 2804 3588 16700 2804 3588 16701 2795 3413 16702 2803 3415 16703 2804 3588 16704 2803 3415 16705 2812 3589 16706 2812 3589 16707 2803 3415 16708 2811 3417 16709 2812 3589 16710 2811 3417 16711 2820 3590 16712 2820 3590 16713 2811 3417 16714 2819 3419 16715 2820 3590 16716 2819 3419 16717 2840 3388 16718 2840 3388 16719 2819 3419 16720 2841 3390 16721 2792 3581 16722 2793 3398 16723 2784 3400 16724 2791 3363 16725 2792 3581 16726 2785 3591 16727 2785 3591 16728 2792 3581 16729 2784 3400 16730 2785 3591 16731 2784 3400 16732 2799 3402 16733 2791 3363 16734 2785 3591 16735 2786 3365 16736 2786 3365 16737 2785 3591 16738 2800 3592 16739 2786 3365 16740 2800 3592 16741 2801 3367 16742 2801 3367 16743 2800 3592 16744 2809 3593 16745 2801 3367 16746 2809 3593 16747 2810 3369 16748 2810 3369 16749 2809 3593 16750 2818 3372 16751 2800 3592 16752 2785 3591 16753 2799 3402 16754 2757 3570 16755 2789 3564 16756 2788 3563 16757 2782 3582 16758 2796 3587 16759 2797 3583 16760 2797 3583 16761 2796 3587 16762 2805 3594 16763 2797 3583 16764 2805 3594 16765 2806 3584 16766 2806 3584 16767 2805 3594 16768 2814 3595 16769 2806 3584 16770 2814 3595 16771 2815 3585 16772 2815 3585 16773 2814 3595 16774 2823 3596 16775 2815 3585 16776 2823 3596 16777 2824 3586 16778 2824 3586 16779 2823 3596 16780 2836 3380 16781 2824 3586 16782 2836 3380 16783 2835 3378 16784 2805 3594 16785 2796 3587 16786 2804 3588 16787 2809 3593 16788 2800 3592 16789 2808 3404 16790 2808 3404 16791 2800 3592 16792 2799 3402 16793 2805 3594 16794 2804 3588 16795 2813 3597 16796 2813 3597 16797 2804 3588 16798 2812 3589 16799 2813 3597 16800 2812 3589 16801 2821 3598 16802 2821 3598 16803 2812 3589 16804 2820 3590 16805 2821 3598 16806 2820 3590 16807 2839 3386 16808 2839 3386 16809 2820 3590 16810 2840 3388 16811 2818 3372 16812 2809 3593 16813 2817 3406 16814 2817 3406 16815 2809 3593 16816 2808 3404 16817 2805 3594 16818 2813 3597 16819 2814 3595 16820 2814 3595 16821 2813 3597 16822 2822 3599 16823 2814 3595 16824 2822 3599 16825 2823 3596 16826 2823 3596 16827 2822 3599 16828 2837 3382 16829 2823 3596 16830 2837 3382 16831 2836 3380 16832 2822 3599 16833 2813 3597 16834 2821 3598 16835 2826 3374 16836 2818 3372 16837 2817 3406 16838 2839 3386 16839 2838 3384 16840 2821 3598 16841 2821 3598 16842 2838 3384 16843 2822 3599 16844 2838 3384 16845 2837 3382 16846 2822 3599 16847 2855 3424 16848 2856 3423 16849 2843 3600 16850 2843 3600 16851 2856 3423 16852 2842 3422 16853 2843 3600 16854 2842 3422 16855 2858 3601 16856 2858 3601 16857 2842 3422 16858 2857 3432 16859 2858 3601 16860 2857 3432 16861 2866 3602 16862 2866 3602 16863 2857 3432 16864 2865 3434 16865 2866 3602 16866 2865 3434 16867 2874 3603 16868 2874 3603 16869 2865 3434 16870 2873 3436 16871 2874 3603 16872 2873 3436 16873 2882 3541 16874 2854 3425 16875 2855 3424 16876 2844 3604 16877 2844 3604 16878 2855 3424 16879 2843 3600 16880 2844 3604 16881 2843 3600 16882 2859 3605 16883 2859 3605 16884 2843 3600 16885 2858 3601 16886 2859 3605 16887 2858 3601 16888 2867 3606 16889 2867 3606 16890 2858 3601 16891 2866 3602 16892 2867 3606 16893 2866 3602 16894 2875 3607 16895 2875 3607 16896 2866 3602 16897 2874 3603 16898 2875 3607 16899 2874 3603 16900 2883 3608 16901 2883 3608 16902 2874 3603 16903 2882 3541 16904 2883 3608 16905 2882 3541 16906 2891 3540 16907 2853 3426 16908 2854 3425 16909 2845 3609 16910 2845 3609 16911 2854 3425 16912 2844 3604 16913 2845 3609 16914 2844 3604 16915 2860 3610 16916 2860 3610 16917 2844 3604 16918 2859 3605 16919 2860 3610 16920 2859 3605 16921 2868 3611 16922 2868 3611 16923 2859 3605 16924 2867 3606 16925 2868 3611 16926 2867 3606 16927 2876 3612 16928 2876 3612 16929 2867 3606 16930 2875 3607 16931 2876 3612 16932 2875 3607 16933 2884 3613 16934 2884 3613 16935 2875 3607 16936 2883 3608 16937 2884 3613 16938 2883 3608 16939 2892 3614 16940 2892 3614 16941 2883 3608 16942 2891 3540 16943 2892 3614 16944 2891 3540 16945 2900 3539 16946 2852 3427 16947 2853 3426 16948 2846 3615 16949 2846 3615 16950 2853 3426 16951 2845 3609 16952 2846 3615 16953 2845 3609 16954 2861 3616 16955 2861 3616 16956 2845 3609 16957 2860 3610 16958 2861 3616 16959 2860 3610 16960 2869 3617 16961 2869 3617 16962 2860 3610 16963 2868 3611 16964 2869 3617 16965 2868 3611 16966 2877 3618 16967 2877 3618 16968 2868 3611 16969 2876 3612 16970 2877 3618 16971 2876 3612 16972 2885 3619 16973 2885 3619 16974 2876 3612 16975 2884 3613 16976 2885 3619 16977 2884 3613 16978 2893 3620 16979 2893 3620 16980 2884 3613 16981 2892 3614 16982 2893 3620 16983 2892 3614 16984 2901 3621 16985 2901 3621 16986 2892 3614 16987 2900 3539 16988 2901 3621 16989 2900 3539 16990 2909 3538 16991 2851 3428 16992 2852 3427 16993 2847 3622 16994 2847 3622 16995 2852 3427 16996 2846 3615 16997 2847 3622 16998 2846 3615 16999 2862 3623 17000 2862 3623 17001 2846 3615 17002 2861 3616 17003 2862 3623 17004 2861 3616 17005 2870 3624 17006 2870 3624 17007 2861 3616 17008 2869 3617 17009 2870 3624 17010 2869 3617 17011 2878 3625 17012 2878 3625 17013 2869 3617 17014 2877 3618 17015 2878 3625 17016 2877 3618 17017 2886 3626 17018 2886 3626 17019 2877 3618 17020 2885 3619 17021 2886 3626 17022 2885 3619 17023 2894 3627 17024 2894 3627 17025 2885 3619 17026 2893 3620 17027 2894 3627 17028 2893 3620 17029 2902 3628 17030 2902 3628 17031 2893 3620 17032 2901 3621 17033 2902 3628 17034 2901 3621 17035 2910 3629 17036 2910 3629 17037 2901 3621 17038 2909 3538 17039 2910 3629 17040 2909 3538 17041 2918 3537 17042 2850 3429 17043 2851 3428 17044 2848 3630 17045 2848 3630 17046 2851 3428 17047 2847 3622 17048 2848 3630 17049 2847 3622 17050 2863 3631 17051 2863 3631 17052 2847 3622 17053 2862 3623 17054 2863 3631 17055 2862 3623 17056 2871 3632 17057 2871 3632 17058 2862 3623 17059 2870 3624 17060 2871 3632 17061 2870 3624 17062 2879 3633 17063 2879 3633 17064 2870 3624 17065 2878 3625 17066 2879 3633 17067 2878 3625 17068 2887 3634 17069 2887 3634 17070 2878 3625 17071 2886 3626 17072 2887 3634 17073 2886 3626 17074 2895 3635 17075 2895 3635 17076 2886 3626 17077 2894 3627 17078 2895 3635 17079 2894 3627 17080 2903 3636 17081 2903 3636 17082 2894 3627 17083 2902 3628 17084 2903 3636 17085 2902 3628 17086 2911 3637 17087 2911 3637 17088 2902 3628 17089 2910 3629 17090 2911 3637 17091 2910 3629 17092 2919 3638 17093 2919 3638 17094 2910 3629 17095 2918 3537 17096 2919 3638 17097 2918 3537 17098 2927 3536 17099 2864 3559 17100 2849 3561 17101 2848 3630 17102 2848 3630 17103 2849 3561 17104 2850 3429 17105 2864 3559 17106 2848 3630 17107 2863 3631 17108 2872 3557 17109 2864 3559 17110 2863 3631 17111 2872 3557 17112 2863 3631 17113 2871 3632 17114 2880 3555 17115 2872 3557 17116 2871 3632 17117 2880 3555 17118 2871 3632 17119 2879 3633 17120 2888 3553 17121 2880 3555 17122 2879 3633 17123 2888 3553 17124 2879 3633 17125 2887 3634 17126 2896 3550 17127 2888 3553 17128 2887 3634 17129 2896 3550 17130 2887 3634 17131 2895 3635 17132 2904 3548 17133 2896 3550 17134 2895 3635 17135 2904 3548 17136 2895 3635 17137 2903 3636 17138 2912 3546 17139 2904 3548 17140 2903 3636 17141 2912 3546 17142 2903 3636 17143 2911 3637 17144 2897 3442 17145 2905 3445 17146 2906 3524 17147 2906 3524 17148 2905 3445 17149 2914 3639 17150 2906 3524 17151 2914 3639 17152 2915 3522 17153 2915 3522 17154 2914 3639 17155 2923 3640 17156 2915 3522 17157 2923 3640 17158 2924 3520 17159 2924 3520 17160 2923 3640 17161 2933 3641 17162 2924 3520 17163 2933 3641 17164 2932 3518 17165 2932 3518 17166 2933 3641 17167 2941 3642 17168 2932 3518 17169 2941 3642 17170 2942 3516 17171 2942 3516 17172 2941 3642 17173 2949 3643 17174 2942 3516 17175 2949 3643 17176 2950 3514 17177 2950 3514 17178 2949 3643 17179 2952 3644 17180 2950 3514 17181 2952 3644 17182 2951 3512 17183 2951 3512 17184 2952 3644 17185 2966 3510 17186 2920 3544 17187 2912 3546 17188 2911 3637 17189 2920 3544 17190 2911 3637 17191 2919 3638 17192 2905 3445 17193 2913 3447 17194 2914 3639 17195 2914 3639 17196 2913 3447 17197 2922 3509 17198 2914 3639 17199 2922 3509 17200 2923 3640 17201 2923 3640 17202 2922 3509 17203 2934 3508 17204 2923 3640 17205 2934 3508 17206 2933 3641 17207 2933 3641 17208 2934 3508 17209 2940 3507 17210 2933 3641 17211 2940 3507 17212 2941 3642 17213 2941 3642 17214 2940 3507 17215 2948 3506 17216 2941 3642 17217 2948 3506 17218 2949 3643 17219 2949 3643 17220 2948 3506 17221 2953 3505 17222 2949 3643 17223 2953 3505 17224 2952 3644 17225 2952 3644 17226 2953 3505 17227 2965 3504 17228 2952 3644 17229 2965 3504 17230 2966 3510 17231 2966 3510 17232 2965 3504 17233 2974 3503 17234 2928 3542 17235 2920 3544 17236 2919 3638 17237 2928 3542 17238 2919 3638 17239 2927 3536 17240 2929 3535 17241 2928 3542 17242 2927 3536 17243 2958 3476 17244 2959 3482 17245 2960 3477 17246 2960 3477 17247 2959 3482 17248 2968 3645 17249 2960 3477 17250 2968 3645 17251 2969 3478 17252 2969 3478 17253 2968 3645 17254 2979 3646 17255 2969 3478 17256 2979 3646 17257 2978 3479 17258 2978 3479 17259 2979 3646 17260 2984 3490 17261 2978 3479 17262 2984 3490 17263 2985 3480 17264 2959 3482 17265 2967 3484 17266 2968 3645 17267 2968 3645 17268 2967 3484 17269 2980 3486 17270 2968 3645 17271 2980 3486 17272 2979 3646 17273 2979 3646 17274 2980 3486 17275 2983 3488 17276 2979 3646 17277 2983 3488 17278 2984 3490 17279 3009 3647 17280 2618 3648 17281 3010 3649 17282 3010 3649 17283 2618 3648 17284 2635 3650 17285 3010 3649 17286 2635 3650 17287 3013 3651 17288 3013 3651 17289 2635 3650 17290 2634 3652 17291 3013 3651 17292 2634 3652 17293 3016 3653 17294 3016 3653 17295 2634 3652 17296 2633 3654 17297 3016 3653 17298 2633 3654 17299 3019 3655 17300 3019 3655 17301 2633 3654 17302 2632 3656 17303 3019 3655 17304 2632 3656 17305 3022 3657 17306 3022 3657 17307 2632 3656 17308 2631 3658 17309 3022 3657 17310 2631 3658 17311 3025 3659 17312 3025 3659 17313 2631 3658 17314 2630 3660 17315 3025 3659 17316 2630 3660 17317 3028 3661 17318 3028 3661 17319 2630 3660 17320 2629 3662 17321 3028 3661 17322 2629 3662 17323 3031 3663 17324 3031 3663 17325 2629 3662 17326 2628 3664 17327 3031 3663 17328 2628 3664 17329 3034 3665 17330 3034 3665 17331 2628 3664 17332 2627 3666 17333 3034 3665 17334 2627 3666 17335 3037 3667 17336 3037 3667 17337 2627 3666 17338 2626 3668 17339 3037 3667 17340 2626 3668 17341 3040 3669 17342 3040 3669 17343 2626 3668 17344 2625 3670 17345 3040 3669 17346 2625 3670 17347 3043 3671 17348 3043 3671 17349 2625 3670 17350 2624 3672 17351 3043 3671 17352 2624 3672 17353 3046 3673 17354 3046 3673 17355 2624 3672 17356 2623 3674 17357 3046 3673 17358 2623 3674 17359 3049 3675 17360 3049 3675 17361 2623 3674 17362 2622 3676 17363 3049 3675 17364 2622 3676 17365 3052 3677 17366 3052 3677 17367 2622 3676 17368 2621 3678 17369 3052 3677 17370 2621 3678 17371 3055 3679 17372 3055 3679 17373 2621 3678 17374 2620 3680 17375 3055 3679 17376 2620 3680 17377 3058 3681 17378 3058 3681 17379 2620 3680 17380 2619 3682 17381 3058 3681 17382 2619 3682 17383 3061 3683 17384 3061 3683 17385 2619 3682 17386 2578 3356 17387 3061 3683 17388 2578 3356 17389 2756 3358 17390 2756 3358 17391 2755 3567 17392 3061 3683 17393 3061 3683 17394 2755 3567 17395 3062 3684 17396 3061 3683 17397 3062 3684 17398 3058 3681 17399 3058 3681 17400 3062 3684 17401 3059 3685 17402 3058 3681 17403 3059 3685 17404 3055 3679 17405 3055 3679 17406 3059 3685 17407 3056 3686 17408 3055 3679 17409 3056 3686 17410 3052 3677 17411 3052 3677 17412 3056 3686 17413 3053 3687 17414 3052 3677 17415 3053 3687 17416 3049 3675 17417 3049 3675 17418 3053 3687 17419 3050 3688 17420 3049 3675 17421 3050 3688 17422 3046 3673 17423 3046 3673 17424 3050 3688 17425 3047 3689 17426 3046 3673 17427 3047 3689 17428 3043 3671 17429 3043 3671 17430 3047 3689 17431 3044 3690 17432 3043 3671 17433 3044 3690 17434 3040 3669 17435 3040 3669 17436 3044 3690 17437 3041 3691 17438 3040 3669 17439 3041 3691 17440 3037 3667 17441 3037 3667 17442 3041 3691 17443 3038 3692 17444 3037 3667 17445 3038 3692 17446 3034 3665 17447 3034 3665 17448 3038 3692 17449 3035 3693 17450 3034 3665 17451 3035 3693 17452 3031 3663 17453 3031 3663 17454 3035 3693 17455 3032 3694 17456 3031 3663 17457 3032 3694 17458 3028 3661 17459 3028 3661 17460 3032 3694 17461 3029 3695 17462 3028 3661 17463 3029 3695 17464 3025 3659 17465 3025 3659 17466 3029 3695 17467 3026 3696 17468 3025 3659 17469 3026 3696 17470 3022 3657 17471 3022 3657 17472 3026 3696 17473 3023 3697 17474 3022 3657 17475 3023 3697 17476 3019 3655 17477 3019 3655 17478 3023 3697 17479 3020 3698 17480 3019 3655 17481 3020 3698 17482 3016 3653 17483 3016 3653 17484 3020 3698 17485 3017 3699 17486 3016 3653 17487 3017 3699 17488 3013 3651 17489 3013 3651 17490 3017 3699 17491 3014 3700 17492 3013 3651 17493 3014 3700 17494 3010 3649 17495 3010 3649 17496 3014 3700 17497 3011 3701 17498 3010 3649 17499 3011 3701 17500 3009 3647 17501 3009 3647 17502 3011 3701 17503 3008 3702 17504 3008 3702 17505 3011 3701 17506 3012 3703 17507 3008 3702 17508 3012 3703 17509 3007 3704 17510 3007 3704 17511 3012 3703 17512 3006 3705 17513 3006 3705 17514 3012 3703 17515 3005 3706 17516 3005 3706 17517 3012 3703 17518 3015 3707 17519 3005 3706 17520 3015 3707 17521 3004 3708 17522 3004 3708 17523 3015 3707 17524 3018 3709 17525 3004 3708 17526 3018 3709 17527 3003 3710 17528 3003 3710 17529 3018 3709 17530 3021 3711 17531 3003 3710 17532 3021 3711 17533 3002 3712 17534 3002 3712 17535 3021 3711 17536 3024 3713 17537 3002 3712 17538 3024 3713 17539 3001 3714 17540 3001 3714 17541 3024 3713 17542 3027 3715 17543 3001 3714 17544 3027 3715 17545 3000 3716 17546 3000 3716 17547 3027 3715 17548 3030 3717 17549 3000 3716 17550 3030 3717 17551 2999 3718 17552 2999 3718 17553 3030 3717 17554 3033 3719 17555 2999 3718 17556 3033 3719 17557 2998 3720 17558 2998 3720 17559 3033 3719 17560 3036 3721 17561 2998 3720 17562 3036 3721 17563 2997 3722 17564 2997 3722 17565 3036 3721 17566 3039 3723 17567 2997 3722 17568 3039 3723 17569 2996 3724 17570 2996 3724 17571 3039 3723 17572 3042 3725 17573 2996 3724 17574 3042 3725 17575 2995 3726 17576 2995 3726 17577 3042 3725 17578 3045 3727 17579 2995 3726 17580 3045 3727 17581 2994 3728 17582 2994 3728 17583 3045 3727 17584 3048 3729 17585 2994 3728 17586 3048 3729 17587 2993 3730 17588 2993 3730 17589 3048 3729 17590 3051 3731 17591 2993 3730 17592 3051 3731 17593 2992 3732 17594 2992 3732 17595 3051 3731 17596 3054 3733 17597 2992 3732 17598 3054 3733 17599 2991 3734 17600 2991 3734 17601 3054 3733 17602 3057 3735 17603 2991 3734 17604 3057 3735 17605 2990 3736 17606 2990 3736 17607 3057 3735 17608 3060 3737 17609 2990 3736 17610 3060 3737 17611 2989 3738 17612 2989 3738 17613 3060 3737 17614 3063 3739 17615 2989 3738 17616 3063 3739 17617 2753 3578 17618 2753 3578 17619 3063 3739 17620 2754 3575 17621 2754 3575 17622 3063 3739 17623 3062 3684 17624 2754 3575 17625 3062 3684 17626 2755 3567 17627 3015 3707 17628 3012 3703 17629 3011 3701 17630 3015 3707 17631 3011 3701 17632 3014 3700 17633 3018 3709 17634 3015 3707 17635 3014 3700 17636 3018 3709 17637 3014 3700 17638 3017 3699 17639 3021 3711 17640 3018 3709 17641 3017 3699 17642 3021 3711 17643 3017 3699 17644 3020 3698 17645 3024 3713 17646 3021 3711 17647 3020 3698 17648 3024 3713 17649 3020 3698 17650 3023 3697 17651 3027 3715 17652 3024 3713 17653 3023 3697 17654 3027 3715 17655 3023 3697 17656 3026 3696 17657 3030 3717 17658 3027 3715 17659 3026 3696 17660 3030 3717 17661 3026 3696 17662 3029 3695 17663 3033 3719 17664 3030 3717 17665 3029 3695 17666 3033 3719 17667 3029 3695 17668 3032 3694 17669 3036 3721 17670 3033 3719 17671 3032 3694 17672 3036 3721 17673 3032 3694 17674 3035 3693 17675 3039 3723 17676 3036 3721 17677 3035 3693 17678 3039 3723 17679 3035 3693 17680 3038 3692 17681 3042 3725 17682 3039 3723 17683 3038 3692 17684 3042 3725 17685 3038 3692 17686 3041 3691 17687 3045 3727 17688 3042 3725 17689 3041 3691 17690 3045 3727 17691 3041 3691 17692 3044 3690 17693 3048 3729 17694 3045 3727 17695 3044 3690 17696 3048 3729 17697 3044 3690 17698 3047 3689 17699 3051 3731 17700 3048 3729 17701 3047 3689 17702 3051 3731 17703 3047 3689 17704 3050 3688 17705 3054 3733 17706 3051 3731 17707 3050 3688 17708 3054 3733 17709 3050 3688 17710 3053 3687 17711 3057 3735 17712 3054 3733 17713 3053 3687 17714 3057 3735 17715 3053 3687 17716 3056 3686 17717 3060 3737 17718 3057 3735 17719 3056 3686 17720 3060 3737 17721 3056 3686 17722 3059 3685 17723 3063 3739 17724 3060 3737 17725 3059 3685 17726 3063 3739 17727 3059 3685 17728 3062 3684 17729 2662 3740 17730 3103 3741 17731 2636 3742 17732 2636 3742 17733 3103 3741 17734 3104 3743 17735 2636 3742 17736 3104 3743 17737 3096 3744 17738 3096 3744 17739 3104 3743 17740 3105 3745 17741 3096 3744 17742 3105 3745 17743 3106 3746 17744 3106 3746 17745 3105 3745 17746 3114 3747 17747 3106 3746 17748 3114 3747 17749 3115 3748 17750 3115 3748 17751 3114 3747 17752 3123 3749 17753 3115 3748 17754 3123 3749 17755 3124 3750 17756 3124 3750 17757 3123 3749 17758 3132 3751 17759 3124 3750 17760 3132 3751 17761 3133 3752 17762 3133 3752 17763 3132 3751 17764 3141 3753 17765 3133 3752 17766 3141 3753 17767 3142 3754 17768 3142 3754 17769 3141 3753 17770 3102 3755 17771 3142 3754 17772 3102 3755 17773 3088 3756 17774 3088 3756 17775 3102 3755 17776 3087 3757 17777 3087 3757 17778 3102 3755 17779 3150 3758 17780 3087 3757 17781 3150 3758 17782 3086 3759 17783 3086 3759 17784 3150 3758 17785 3165 3760 17786 3086 3759 17787 3165 3760 17788 3085 3761 17789 3085 3761 17790 3165 3760 17791 3164 3762 17792 3085 3761 17793 3164 3762 17794 3084 3763 17795 3084 3763 17796 3164 3762 17797 3180 3764 17798 3084 3763 17799 3180 3764 17800 3083 3765 17801 3083 3765 17802 3180 3764 17803 3188 3766 17804 3083 3765 17805 3188 3766 17806 3082 3767 17807 3082 3767 17808 3188 3766 17809 3196 3768 17810 3082 3767 17811 3196 3768 17812 3081 3769 17813 3081 3769 17814 3196 3768 17815 3080 3770 17816 3080 3770 17817 3196 3768 17818 3204 3771 17819 3080 3770 17820 3204 3771 17821 3079 3772 17822 3079 3772 17823 3204 3771 17824 3212 3773 17825 3079 3772 17826 3212 3773 17827 3078 3774 17828 3078 3774 17829 3212 3773 17830 3077 3775 17831 3077 3775 17832 3212 3773 17833 3220 3776 17834 3077 3775 17835 3220 3776 17836 3076 3777 17837 3076 3777 17838 3220 3776 17839 3228 3778 17840 3076 3777 17841 3228 3778 17842 3075 3779 17843 3075 3779 17844 3228 3778 17845 3236 3780 17846 3075 3779 17847 3236 3780 17848 3074 3781 17849 3074 3781 17850 3236 3780 17851 3244 3782 17852 3074 3781 17853 3244 3782 17854 3100 3783 17855 3100 3783 17856 3244 3782 17857 3243 3784 17858 3100 3783 17859 3243 3784 17860 3245 3785 17861 3245 3785 17862 3243 3784 17863 3242 3786 17864 3245 3785 17865 3242 3786 17866 3246 3787 17867 3246 3787 17868 3242 3786 17869 3241 3788 17870 3246 3787 17871 3241 3788 17872 3247 3789 17873 3247 3789 17874 3241 3788 17875 3240 3790 17876 3247 3789 17877 3240 3790 17878 3248 3791 17879 3248 3791 17880 3240 3790 17881 3239 3792 17882 3248 3791 17883 3239 3792 17884 3249 3793 17885 3249 3793 17886 3239 3792 17887 3238 3794 17888 3249 3793 17889 3238 3794 17890 3250 3795 17891 3250 3795 17892 3238 3794 17893 3237 3796 17894 3250 3795 17895 3237 3796 17896 3099 3797 17897 3099 3797 17898 3237 3796 17899 2647 3798 17900 3099 3797 17901 2647 3798 17902 2646 3799 17903 3103 3741 17904 2662 3740 17905 3111 3800 17906 3111 3800 17907 2662 3740 17908 2661 3801 17909 3111 3800 17910 2661 3801 17911 3119 3802 17912 3119 3802 17913 2661 3801 17914 2660 3803 17915 3119 3802 17916 2660 3803 17917 3127 3804 17918 3127 3804 17919 2660 3803 17920 2659 3805 17921 3127 3804 17922 2659 3805 17923 3135 3806 17924 3135 3806 17925 2659 3805 17926 3101 3807 17927 3135 3806 17928 3101 3807 17929 3156 3808 17930 3156 3808 17931 3101 3807 17932 3144 3809 17933 3156 3808 17934 3144 3809 17935 3145 3810 17936 3145 3810 17937 3144 3809 17938 3170 3811 17939 3145 3810 17940 3170 3811 17941 3169 3812 17942 3169 3812 17943 3170 3811 17944 3160 3813 17945 3169 3812 17946 3160 3813 17947 3161 3814 17948 3161 3814 17949 3160 3813 17950 3177 3815 17951 3161 3814 17952 3177 3815 17953 3178 3816 17954 3178 3816 17955 3177 3815 17956 3186 3817 17957 3178 3816 17958 3186 3817 17959 3187 3818 17960 3187 3818 17961 3186 3817 17962 3195 3819 17963 3187 3818 17964 3195 3819 17965 3196 3768 17966 3196 3768 17967 3195 3819 17968 3204 3771 17969 2659 3805 17970 2658 3820 17971 3101 3807 17972 3101 3807 17973 2658 3820 17974 3143 3821 17975 3101 3807 17976 3143 3821 17977 3144 3809 17978 3144 3809 17979 3143 3821 17980 3171 3822 17981 3144 3809 17982 3171 3822 17983 3170 3811 17984 3170 3811 17985 3171 3822 17986 3159 3823 17987 3170 3811 17988 3159 3823 17989 3160 3813 17990 3160 3813 17991 3159 3823 17992 3176 3824 17993 3160 3813 17994 3176 3824 17995 3177 3815 17996 3177 3815 17997 3176 3824 17998 3185 3825 17999 3177 3815 18000 3185 3825 18001 3186 3817 18002 3186 3817 18003 3185 3825 18004 3194 3826 18005 3186 3817 18006 3194 3826 18007 3195 3819 18008 3195 3819 18009 3194 3826 18010 3203 3827 18011 3195 3819 18012 3203 3827 18013 3204 3771 18014 3204 3771 18015 3203 3827 18016 3212 3773 18017 2658 3820 18018 2657 3828 18019 3143 3821 18020 3143 3821 18021 2657 3828 18022 3172 3829 18023 3143 3821 18024 3172 3829 18025 3171 3822 18026 3171 3822 18027 3172 3829 18028 3158 3830 18029 3171 3822 18030 3158 3830 18031 3159 3823 18032 3159 3823 18033 3158 3830 18034 3175 3831 18035 3159 3823 18036 3175 3831 18037 3176 3824 18038 3176 3824 18039 3175 3831 18040 3184 3832 18041 3176 3824 18042 3184 3832 18043 3185 3825 18044 3185 3825 18045 3184 3832 18046 3193 3833 18047 3185 3825 18048 3193 3833 18049 3194 3826 18050 3194 3826 18051 3193 3833 18052 3202 3834 18053 3194 3826 18054 3202 3834 18055 3203 3827 18056 3203 3827 18057 3202 3834 18058 3211 3835 18059 3203 3827 18060 3211 3835 18061 3212 3773 18062 3212 3773 18063 3211 3835 18064 3220 3776 18065 3172 3829 18066 2657 3828 18067 3157 3836 18068 3157 3836 18069 2657 3828 18070 2656 3837 18071 3157 3836 18072 2656 3837 18073 3173 3838 18074 3173 3838 18075 2656 3837 18076 2655 3839 18077 3173 3838 18078 2655 3839 18079 3181 3840 18080 3181 3840 18081 2655 3839 18082 2654 3841 18083 3181 3840 18084 2654 3841 18085 3189 3842 18086 3189 3842 18087 2654 3841 18088 2653 3843 18089 3189 3842 18090 2653 3843 18091 2652 3844 18092 3189 3842 18093 2652 3844 18094 3197 3845 18095 3197 3845 18096 2652 3844 18097 2651 3846 18098 3197 3845 18099 2651 3846 18100 3205 3847 18101 3205 3847 18102 2651 3846 18103 2650 3848 18104 3205 3847 18105 2650 3848 18106 3213 3849 18107 3213 3849 18108 2650 3848 18109 2649 3850 18110 3213 3849 18111 2649 3850 18112 3221 3851 18113 3221 3851 18114 2649 3850 18115 2648 3852 18116 3221 3851 18117 2648 3852 18118 3229 3853 18119 3229 3853 18120 2648 3852 18121 2647 3798 18122 3229 3853 18123 2647 3798 18124 3237 3796 18125 3099 3797 18126 2646 3799 18127 3251 3854 18128 3251 3854 18129 2646 3799 18130 2645 3855 18131 3251 3854 18132 2645 3855 18133 3266 3856 18134 3266 3856 18135 2645 3855 18136 3267 3857 18137 3266 3856 18138 3267 3857 18139 3268 3858 18140 3268 3858 18141 3267 3857 18142 3276 3859 18143 3268 3858 18144 3276 3859 18145 3277 3860 18146 3277 3860 18147 3276 3859 18148 3285 3861 18149 3277 3860 18150 3285 3861 18151 3286 3862 18152 3286 3862 18153 3285 3861 18154 3294 3863 18155 3286 3862 18156 3294 3863 18157 3295 3864 18158 3295 3864 18159 3294 3863 18160 3303 3865 18161 3295 3864 18162 3303 3865 18163 3304 3866 18164 3304 3866 18165 3303 3865 18166 3311 3867 18167 3304 3866 18168 3311 3867 18169 3312 3868 18170 3312 3868 18171 3311 3867 18172 3322 3869 18173 3312 3868 18174 3322 3869 18175 3321 3870 18176 3321 3870 18177 3322 3869 18178 3320 3871 18179 3321 3870 18180 3320 3871 18181 3065 3872 18182 3065 3872 18183 3320 3871 18184 3064 3873 18185 3064 3873 18186 3320 3871 18187 3006 3705 18188 3006 3705 18189 3320 3871 18190 3007 3704 18191 3007 3704 18192 3320 3871 18193 3319 3874 18194 3007 3704 18195 3319 3874 18196 3318 3875 18197 3318 3875 18198 3319 3874 18199 3323 3876 18200 3318 3875 18201 3323 3876 18202 3324 3877 18203 3324 3877 18204 3323 3876 18205 3310 3878 18206 3324 3877 18207 3310 3878 18208 3309 3879 18209 3309 3879 18210 3310 3878 18211 3302 3880 18212 3309 3879 18213 3302 3880 18214 3301 3881 18215 3301 3881 18216 3302 3880 18217 3293 3882 18218 3301 3881 18219 3293 3882 18220 3292 3883 18221 3292 3883 18222 3293 3882 18223 3284 3884 18224 3292 3883 18225 3284 3884 18226 3283 3885 18227 3283 3885 18228 3284 3884 18229 3275 3886 18230 3283 3885 18231 3275 3886 18232 2643 3887 18233 2643 3887 18234 3275 3886 18235 2644 3888 18236 2644 3888 18237 3275 3886 18238 3267 3857 18239 2644 3888 18240 3267 3857 18241 2645 3855 18242 2643 3887 18243 2642 3889 18244 3283 3885 18245 3283 3885 18246 2642 3889 18247 3291 3890 18248 3283 3885 18249 3291 3890 18250 3292 3883 18251 3292 3883 18252 3291 3890 18253 3300 3891 18254 3292 3883 18255 3300 3891 18256 3301 3881 18257 3301 3881 18258 3300 3891 18259 3308 3892 18260 3301 3881 18261 3308 3892 18262 3309 3879 18263 3309 3879 18264 3308 3892 18265 3325 3893 18266 3309 3879 18267 3325 3893 18268 3324 3877 18269 3324 3877 18270 3325 3893 18271 3317 3894 18272 3324 3877 18273 3317 3894 18274 3318 3875 18275 3318 3875 18276 3317 3894 18277 3008 3702 18278 3318 3875 18279 3008 3702 18280 3007 3704 18281 2642 3889 18282 2641 3895 18283 3291 3890 18284 3291 3890 18285 2641 3895 18286 3299 3896 18287 3291 3890 18288 3299 3896 18289 3300 3891 18290 3300 3891 18291 3299 3896 18292 3307 3897 18293 3300 3891 18294 3307 3897 18295 3308 3892 18296 3308 3892 18297 3307 3897 18298 3326 3898 18299 3308 3892 18300 3326 3898 18301 3325 3893 18302 3325 3893 18303 3326 3898 18304 3316 3899 18305 3325 3893 18306 3316 3899 18307 3317 3894 18308 3317 3894 18309 3316 3899 18310 3008 3702 18311 2641 3895 18312 2640 3900 18313 3299 3896 18314 3299 3896 18315 2640 3900 18316 2639 3901 18317 3299 3896 18318 2639 3901 18319 3097 3902 18320 3097 3902 18321 2639 3901 18322 2638 3903 18323 3097 3902 18324 2638 3903 18325 3328 3904 18326 3328 3904 18327 2638 3903 18328 3313 3905 18329 3328 3904 18330 3313 3905 18331 3314 3906 18332 3314 3906 18333 3313 3905 18334 2618 3648 18335 3314 3906 18336 2618 3648 18337 3009 3647 18338 2638 3903 18339 2637 3907 18340 3313 3905 18341 3313 3905 18342 2637 3907 18343 2618 3648 18344 3008 3702 18345 3316 3899 18346 3009 3647 18347 3009 3647 18348 3316 3899 18349 3315 3908 18350 3009 3647 18351 3315 3908 18352 3314 3906 18353 3314 3906 18354 3315 3908 18355 3327 3909 18356 3314 3906 18357 3327 3909 18358 3328 3904 18359 3328 3904 18360 3327 3909 18361 3097 3902 18362 3321 3870 18363 3065 3872 18364 3098 3910 18365 3098 3910 18366 3065 3872 18367 3066 3911 18368 3098 3910 18369 3066 3911 18370 3306 3912 18371 3306 3912 18372 3066 3911 18373 3067 3913 18374 3306 3912 18375 3067 3913 18376 3068 3914 18377 3306 3912 18378 3068 3914 18379 3298 3915 18380 3298 3915 18381 3068 3914 18382 3069 3916 18383 3298 3915 18384 3069 3916 18385 3290 3917 18386 3290 3917 18387 3069 3916 18388 3070 3918 18389 3290 3917 18390 3070 3918 18391 3282 3919 18392 3282 3919 18393 3070 3918 18394 3071 3920 18395 3282 3919 18396 3071 3920 18397 3274 3921 18398 3274 3921 18399 3071 3920 18400 3072 3922 18401 3274 3921 18402 3072 3922 18403 3259 3923 18404 3259 3923 18405 3072 3922 18406 3258 3924 18407 3259 3923 18408 3258 3924 18409 3257 3925 18410 3257 3925 18411 3258 3924 18412 3245 3785 18413 3257 3925 18414 3245 3785 18415 3246 3787 18416 3072 3922 18417 3073 3926 18418 3258 3924 18419 3258 3924 18420 3073 3926 18421 3100 3783 18422 3258 3924 18423 3100 3783 18424 3245 3785 18425 3073 3926 18426 3074 3781 18427 3100 3783 18428 3142 3754 18429 3088 3756 18430 3134 3927 18431 3134 3927 18432 3088 3756 18433 3089 3928 18434 3134 3927 18435 3089 3928 18436 3090 3929 18437 3134 3927 18438 3090 3929 18439 3126 3930 18440 3126 3930 18441 3090 3929 18442 3091 3931 18443 3126 3930 18444 3091 3931 18445 3118 3932 18446 3118 3932 18447 3091 3931 18448 3092 3933 18449 3118 3932 18450 3092 3933 18451 3110 3934 18452 3110 3934 18453 3092 3933 18454 3093 3935 18455 3110 3934 18456 3093 3935 18457 3094 3936 18458 3095 3937 18459 3108 3938 18460 3094 3936 18461 3094 3936 18462 3108 3938 18463 3109 3939 18464 3094 3936 18465 3109 3939 18466 3110 3934 18467 3110 3934 18468 3109 3939 18469 3118 3932 18470 3096 3744 18471 3106 3746 18472 3095 3937 18473 3095 3937 18474 3106 3746 18475 3107 3940 18476 3095 3937 18477 3107 3940 18478 3108 3938 18479 3108 3938 18480 3107 3940 18481 3116 3941 18482 3108 3938 18483 3116 3941 18484 3117 3942 18485 3117 3942 18486 3116 3941 18487 3125 3943 18488 3117 3942 18489 3125 3943 18490 3126 3930 18491 3126 3930 18492 3125 3943 18493 3134 3927 18494 3117 3942 18495 3126 3930 18496 3118 3932 18497 3104 3743 18498 3103 3741 18499 3112 3944 18500 3112 3944 18501 3103 3741 18502 3111 3800 18503 3112 3944 18504 3111 3800 18505 3120 3945 18506 3120 3945 18507 3111 3800 18508 3119 3802 18509 3120 3945 18510 3119 3802 18511 3128 3946 18512 3128 3946 18513 3119 3802 18514 3127 3804 18515 3128 3946 18516 3127 3804 18517 3136 3947 18518 3136 3947 18519 3127 3804 18520 3135 3806 18521 3136 3947 18522 3135 3806 18523 3156 3808 18524 3105 3745 18525 3104 3743 18526 3113 3948 18527 3113 3948 18528 3104 3743 18529 3112 3944 18530 3113 3948 18531 3112 3944 18532 3121 3949 18533 3121 3949 18534 3112 3944 18535 3120 3945 18536 3121 3949 18537 3120 3945 18538 3129 3950 18539 3129 3950 18540 3120 3945 18541 3128 3946 18542 3129 3950 18543 3128 3946 18544 3137 3951 18545 3137 3951 18546 3128 3946 18547 3136 3947 18548 3137 3951 18549 3136 3947 18550 3155 3952 18551 3155 3952 18552 3136 3947 18553 3156 3808 18554 3155 3952 18555 3156 3808 18556 3145 3810 18557 3116 3941 18558 3107 3940 18559 3115 3748 18560 3115 3748 18561 3107 3940 18562 3106 3746 18563 3118 3932 18564 3109 3939 18565 3117 3942 18566 3117 3942 18567 3109 3939 18568 3108 3938 18569 3105 3745 18570 3113 3948 18571 3114 3747 18572 3114 3747 18573 3113 3948 18574 3122 3953 18575 3114 3747 18576 3122 3953 18577 3123 3749 18578 3123 3749 18579 3122 3953 18580 3131 3954 18581 3123 3749 18582 3131 3954 18583 3132 3751 18584 3132 3751 18585 3131 3954 18586 3140 3955 18587 3132 3751 18588 3140 3955 18589 3141 3753 18590 3141 3753 18591 3140 3955 18592 3151 3956 18593 3141 3753 18594 3151 3956 18595 3102 3755 18596 3102 3755 18597 3151 3956 18598 3150 3758 18599 3122 3953 18600 3113 3948 18601 3121 3949 18602 3125 3943 18603 3116 3941 18604 3124 3750 18605 3124 3750 18606 3116 3941 18607 3115 3748 18608 3122 3953 18609 3121 3949 18610 3130 3957 18611 3130 3957 18612 3121 3949 18613 3129 3950 18614 3130 3957 18615 3129 3950 18616 3138 3958 18617 3138 3958 18618 3129 3950 18619 3137 3951 18620 3138 3958 18621 3137 3951 18622 3154 3959 18623 3154 3959 18624 3137 3951 18625 3155 3952 18626 3154 3959 18627 3155 3952 18628 3146 3960 18629 3146 3960 18630 3155 3952 18631 3145 3810 18632 3146 3960 18633 3145 3810 18634 3169 3812 18635 3134 3927 18636 3125 3943 18637 3133 3752 18638 3133 3752 18639 3125 3943 18640 3124 3750 18641 3122 3953 18642 3130 3957 18643 3131 3954 18644 3131 3954 18645 3130 3957 18646 3139 3961 18647 3131 3954 18648 3139 3961 18649 3140 3955 18650 3140 3955 18651 3139 3961 18652 3152 3962 18653 3140 3955 18654 3152 3962 18655 3151 3956 18656 3151 3956 18657 3152 3962 18658 3149 3963 18659 3151 3956 18660 3149 3963 18661 3150 3758 18662 3150 3758 18663 3149 3963 18664 3165 3760 18665 3139 3961 18666 3130 3957 18667 3138 3958 18668 3142 3754 18669 3134 3927 18670 3133 3752 18671 3139 3961 18672 3138 3958 18673 3153 3964 18674 3153 3964 18675 3138 3958 18676 3154 3959 18677 3153 3964 18678 3154 3959 18679 3147 3965 18680 3147 3965 18681 3154 3959 18682 3146 3960 18683 3147 3965 18684 3146 3960 18685 3168 3966 18686 3168 3966 18687 3146 3960 18688 3169 3812 18689 3168 3966 18690 3169 3812 18691 3161 3814 18692 3147 3965 18693 3148 3967 18694 3153 3964 18695 3153 3964 18696 3148 3967 18697 3152 3962 18698 3153 3964 18699 3152 3962 18700 3139 3961 18701 3152 3962 18702 3148 3967 18703 3149 3963 18704 3149 3963 18705 3148 3967 18706 3166 3968 18707 3149 3963 18708 3166 3968 18709 3165 3760 18710 3165 3760 18711 3166 3968 18712 3164 3762 18713 3148 3967 18714 3147 3965 18715 3167 3969 18716 3167 3969 18717 3147 3965 18718 3168 3966 18719 3167 3969 18720 3168 3966 18721 3162 3970 18722 3162 3970 18723 3168 3966 18724 3161 3814 18725 3162 3970 18726 3161 3814 18727 3178 3816 18728 3172 3829 18729 3157 3836 18730 3158 3830 18731 3158 3830 18732 3157 3836 18733 3174 3971 18734 3158 3830 18735 3174 3971 18736 3175 3831 18737 3175 3831 18738 3174 3971 18739 3183 3972 18740 3175 3831 18741 3183 3972 18742 3184 3832 18743 3184 3832 18744 3183 3972 18745 3192 3973 18746 3184 3832 18747 3192 3973 18748 3193 3833 18749 3193 3833 18750 3192 3973 18751 3201 3974 18752 3193 3833 18753 3201 3974 18754 3202 3834 18755 3202 3834 18756 3201 3974 18757 3210 3975 18758 3202 3834 18759 3210 3975 18760 3211 3835 18761 3211 3835 18762 3210 3975 18763 3219 3976 18764 3211 3835 18765 3219 3976 18766 3220 3776 18767 3220 3776 18768 3219 3976 18769 3228 3778 18770 3162 3970 18771 3163 3977 18772 3167 3969 18773 3167 3969 18774 3163 3977 18775 3166 3968 18776 3167 3969 18777 3166 3968 18778 3148 3967 18779 3180 3764 18780 3164 3762 18781 3163 3977 18782 3163 3977 18783 3164 3762 18784 3166 3968 18785 3163 3977 18786 3162 3970 18787 3179 3978 18788 3179 3978 18789 3162 3970 18790 3178 3816 18791 3179 3978 18792 3178 3816 18793 3187 3818 18794 3157 3836 18795 3173 3838 18796 3174 3971 18797 3174 3971 18798 3173 3838 18799 3182 3979 18800 3174 3971 18801 3182 3979 18802 3183 3972 18803 3183 3972 18804 3182 3979 18805 3191 3980 18806 3183 3972 18807 3191 3980 18808 3192 3973 18809 3192 3973 18810 3191 3980 18811 3200 3981 18812 3192 3973 18813 3200 3981 18814 3201 3974 18815 3201 3974 18816 3200 3981 18817 3209 3982 18818 3201 3974 18819 3209 3982 18820 3210 3975 18821 3210 3975 18822 3209 3982 18823 3218 3983 18824 3210 3975 18825 3218 3983 18826 3219 3976 18827 3219 3976 18828 3218 3983 18829 3227 3984 18830 3219 3976 18831 3227 3984 18832 3228 3778 18833 3228 3778 18834 3227 3984 18835 3236 3780 18836 3188 3766 18837 3180 3764 18838 3179 3978 18839 3179 3978 18840 3180 3764 18841 3163 3977 18842 3188 3766 18843 3179 3978 18844 3187 3818 18845 3173 3838 18846 3181 3840 18847 3182 3979 18848 3182 3979 18849 3181 3840 18850 3190 3985 18851 3182 3979 18852 3190 3985 18853 3191 3980 18854 3191 3980 18855 3190 3985 18856 3199 3986 18857 3191 3980 18858 3199 3986 18859 3200 3981 18860 3200 3981 18861 3199 3986 18862 3208 3987 18863 3200 3981 18864 3208 3987 18865 3209 3982 18866 3209 3982 18867 3208 3987 18868 3217 3988 18869 3209 3982 18870 3217 3988 18871 3218 3983 18872 3218 3983 18873 3217 3988 18874 3226 3989 18875 3218 3983 18876 3226 3989 18877 3227 3984 18878 3227 3984 18879 3226 3989 18880 3235 3990 18881 3227 3984 18882 3235 3990 18883 3236 3780 18884 3236 3780 18885 3235 3990 18886 3244 3782 18887 3196 3768 18888 3188 3766 18889 3187 3818 18890 3181 3840 18891 3189 3842 18892 3190 3985 18893 3190 3985 18894 3189 3842 18895 3198 3991 18896 3190 3985 18897 3198 3991 18898 3199 3986 18899 3199 3986 18900 3198 3991 18901 3207 3992 18902 3199 3986 18903 3207 3992 18904 3208 3987 18905 3208 3987 18906 3207 3992 18907 3216 3993 18908 3208 3987 18909 3216 3993 18910 3217 3988 18911 3217 3988 18912 3216 3993 18913 3225 3994 18914 3217 3988 18915 3225 3994 18916 3226 3989 18917 3226 3989 18918 3225 3994 18919 3234 3995 18920 3226 3989 18921 3234 3995 18922 3235 3990 18923 3235 3990 18924 3234 3995 18925 3243 3784 18926 3235 3990 18927 3243 3784 18928 3244 3782 18929 3189 3842 18930 3197 3845 18931 3198 3991 18932 3198 3991 18933 3197 3845 18934 3206 3996 18935 3198 3991 18936 3206 3996 18937 3207 3992 18938 3207 3992 18939 3206 3996 18940 3215 3997 18941 3207 3992 18942 3215 3997 18943 3216 3993 18944 3216 3993 18945 3215 3997 18946 3224 3998 18947 3216 3993 18948 3224 3998 18949 3225 3994 18950 3225 3994 18951 3224 3998 18952 3233 3999 18953 3225 3994 18954 3233 3999 18955 3234 3995 18956 3234 3995 18957 3233 3999 18958 3242 3786 18959 3234 3995 18960 3242 3786 18961 3243 3784 18962 3197 3845 18963 3205 3847 18964 3206 3996 18965 3206 3996 18966 3205 3847 18967 3214 4000 18968 3206 3996 18969 3214 4000 18970 3215 3997 18971 3215 3997 18972 3214 4000 18973 3223 4001 18974 3215 3997 18975 3223 4001 18976 3224 3998 18977 3224 3998 18978 3223 4001 18979 3232 4002 18980 3224 3998 18981 3232 4002 18982 3233 3999 18983 3233 3999 18984 3232 4002 18985 3241 3788 18986 3233 3999 18987 3241 3788 18988 3242 3786 18989 3205 3847 18990 3213 3849 18991 3214 4000 18992 3214 4000 18993 3213 3849 18994 3222 4003 18995 3214 4000 18996 3222 4003 18997 3223 4001 18998 3223 4001 18999 3222 4003 19000 3231 4004 19001 3223 4001 19002 3231 4004 19003 3232 4002 19004 3232 4002 19005 3231 4004 19006 3240 3790 19007 3232 4002 19008 3240 3790 19009 3241 3788 19010 3213 3849 19011 3221 3851 19012 3222 4003 19013 3222 4003 19014 3221 3851 19015 3230 4005 19016 3222 4003 19017 3230 4005 19018 3231 4004 19019 3231 4004 19020 3230 4005 19021 3239 3792 19022 3231 4004 19023 3239 3792 19024 3240 3790 19025 3221 3851 19026 3229 3853 19027 3230 4005 19028 3230 4005 19029 3229 3853 19030 3238 3794 19031 3230 4005 19032 3238 3794 19033 3239 3792 19034 3237 3796 19035 3238 3794 19036 3229 3853 19037 3246 3787 19038 3247 3789 19039 3256 4006 19040 3256 4006 19041 3247 3789 19042 3255 4007 19043 3256 4006 19044 3255 4007 19045 3261 4008 19046 3261 4008 19047 3255 4007 19048 3262 4009 19049 3261 4008 19050 3262 4009 19051 3272 4010 19052 3272 4010 19053 3262 4009 19054 3271 4011 19055 3272 4010 19056 3271 4011 19057 3280 4012 19058 3280 4012 19059 3271 4011 19060 3279 4013 19061 3280 4012 19062 3279 4013 19063 3288 4014 19064 3288 4014 19065 3279 4013 19066 3287 4015 19067 3288 4014 19068 3287 4015 19069 3296 4016 19070 3296 4016 19071 3287 4015 19072 3295 3864 19073 3296 4016 19074 3295 3864 19075 3304 3866 19076 3247 3789 19077 3248 3791 19078 3255 4007 19079 3255 4007 19080 3248 3791 19081 3254 4017 19082 3255 4007 19083 3254 4017 19084 3262 4009 19085 3262 4009 19086 3254 4017 19087 3263 4018 19088 3262 4009 19089 3263 4018 19090 3271 4011 19091 3271 4011 19092 3263 4018 19093 3270 4019 19094 3271 4011 19095 3270 4019 19096 3279 4013 19097 3279 4013 19098 3270 4019 19099 3278 4020 19100 3279 4013 19101 3278 4020 19102 3287 4015 19103 3287 4015 19104 3278 4020 19105 3286 3862 19106 3287 4015 19107 3286 3862 19108 3295 3864 19109 3248 3791 19110 3249 3793 19111 3254 4017 19112 3254 4017 19113 3249 3793 19114 3253 4021 19115 3254 4017 19116 3253 4021 19117 3263 4018 19118 3263 4018 19119 3253 4021 19120 3264 4022 19121 3263 4018 19122 3264 4022 19123 3270 4019 19124 3270 4019 19125 3264 4022 19126 3269 4023 19127 3270 4019 19128 3269 4023 19129 3278 4020 19130 3278 4020 19131 3269 4023 19132 3277 3860 19133 3278 4020 19134 3277 3860 19135 3286 3862 19136 3249 3793 19137 3250 3795 19138 3253 4021 19139 3253 4021 19140 3250 3795 19141 3252 4024 19142 3253 4021 19143 3252 4024 19144 3264 4022 19145 3264 4022 19146 3252 4024 19147 3265 4025 19148 3264 4022 19149 3265 4025 19150 3269 4023 19151 3269 4023 19152 3265 4025 19153 3268 3858 19154 3269 4023 19155 3268 3858 19156 3277 3860 19157 3250 3795 19158 3099 3797 19159 3252 4024 19160 3252 4024 19161 3099 3797 19162 3251 3854 19163 3252 4024 19164 3251 3854 19165 3265 4025 19166 3265 4025 19167 3251 3854 19168 3266 3856 19169 3265 4025 19170 3266 3856 19171 3268 3858 19172 3246 3787 19173 3256 4006 19174 3257 3925 19175 3257 3925 19176 3256 4006 19177 3260 4026 19178 3257 3925 19179 3260 4026 19180 3259 3923 19181 3259 3923 19182 3260 4026 19183 3274 3921 19184 3260 4026 19185 3256 4006 19186 3261 4008 19187 3260 4026 19188 3261 4008 19189 3273 4027 19190 3273 4027 19191 3261 4008 19192 3272 4010 19193 3273 4027 19194 3272 4010 19195 3281 4028 19196 3281 4028 19197 3272 4010 19198 3280 4012 19199 3281 4028 19200 3280 4012 19201 3289 4029 19202 3289 4029 19203 3280 4012 19204 3288 4014 19205 3289 4029 19206 3288 4014 19207 3297 4030 19208 3297 4030 19209 3288 4014 19210 3296 4016 19211 3297 4030 19212 3296 4016 19213 3305 4031 19214 3305 4031 19215 3296 4016 19216 3304 3866 19217 3305 4031 19218 3304 3866 19219 3312 3868 19220 3282 3919 19221 3274 3921 19222 3273 4027 19223 3273 4027 19224 3274 3921 19225 3260 4026 19226 3282 3919 19227 3273 4027 19228 3281 4028 19229 3267 3857 19230 3275 3886 19231 3276 3859 19232 3276 3859 19233 3275 3886 19234 3284 3884 19235 3276 3859 19236 3284 3884 19237 3285 3861 19238 3285 3861 19239 3284 3884 19240 3293 3882 19241 3285 3861 19242 3293 3882 19243 3294 3863 19244 3294 3863 19245 3293 3882 19246 3302 3880 19247 3294 3863 19248 3302 3880 19249 3303 3865 19250 3303 3865 19251 3302 3880 19252 3310 3878 19253 3303 3865 19254 3310 3878 19255 3311 3867 19256 3311 3867 19257 3310 3878 19258 3323 3876 19259 3311 3867 19260 3323 3876 19261 3322 3869 19262 3322 3869 19263 3323 3876 19264 3319 3874 19265 3322 3869 19266 3319 3874 19267 3320 3871 19268 3290 3917 19269 3282 3919 19270 3281 4028 19271 3290 3917 19272 3281 4028 19273 3289 4029 19274 3298 3915 19275 3290 3917 19276 3289 4029 19277 3298 3915 19278 3289 4029 19279 3297 4030 19280 3306 3912 19281 3298 3915 19282 3297 4030 19283 3306 3912 19284 3297 4030 19285 3305 4031 19286 3098 3910 19287 3306 3912 19288 3305 4031 19289 3098 3910 19290 3305 4031 19291 3312 3868 19292 3299 3896 19293 3097 3902 19294 3307 3897 19295 3307 3897 19296 3097 3902 19297 3327 3909 19298 3307 3897 19299 3327 3909 19300 3326 3898 19301 3326 3898 19302 3327 3909 19303 3315 3908 19304 3326 3898 19305 3315 3908 19306 3316 3899 19307 3321 3870 19308 3098 3910 19309 3312 3868 19310 2551 3493 19311 2723 4032 19312 2724 3489 19313 2724 3489 19314 2723 4032 19315 3350 4033 19316 2724 3489 19317 3350 4033 19318 3351 4034 19319 3351 4034 19320 3350 4033 19321 3354 4035 19322 3351 4034 19323 3354 4035 19324 3355 4036 19325 3355 4036 19326 3354 4035 19327 3358 4037 19328 3355 4036 19329 3358 4037 19330 3347 4038 19331 3347 4038 19332 3358 4037 19333 3346 4039 19334 3346 4039 19335 3358 4037 19336 3361 4040 19337 3346 4039 19338 3361 4040 19339 3345 4041 19340 3345 4041 19341 3361 4040 19342 3364 4042 19343 3345 4041 19344 3364 4042 19345 3344 4043 19346 3344 4043 19347 3364 4042 19348 3367 4044 19349 3344 4043 19350 3367 4044 19351 3343 4045 19352 3343 4045 19353 3367 4044 19354 3370 4046 19355 3343 4045 19356 3370 4046 19357 3342 4047 19358 3342 4047 19359 3370 4046 19360 3373 4048 19361 3342 4047 19362 3373 4048 19363 3341 4049 19364 3341 4049 19365 3373 4048 19366 3376 4050 19367 3341 4049 19368 3376 4050 19369 3340 4051 19370 3340 4051 19371 3376 4050 19372 3379 4052 19373 3340 4051 19374 3379 4052 19375 3339 4053 19376 3339 4053 19377 3379 4052 19378 3382 4054 19379 3339 4053 19380 3382 4054 19381 3338 4055 19382 3338 4055 19383 3382 4054 19384 3385 4056 19385 3338 4055 19386 3385 4056 19387 3337 4057 19388 3337 4057 19389 3385 4056 19390 3388 4058 19391 3337 4057 19392 3388 4058 19393 3336 4059 19394 3336 4059 19395 3388 4058 19396 3391 4060 19397 3336 4059 19398 3391 4060 19399 3335 4061 19400 3335 4061 19401 3391 4060 19402 3394 4062 19403 3335 4061 19404 3394 4062 19405 3334 4063 19406 3334 4063 19407 3394 4062 19408 3397 4064 19409 3334 4063 19410 3397 4064 19411 3333 4065 19412 3333 4065 19413 3397 4064 19414 3400 4066 19415 3333 4065 19416 3400 4066 19417 3332 4067 19418 3332 4067 19419 3400 4066 19420 3403 4068 19421 3332 4067 19422 3403 4068 19423 3331 4069 19424 3331 4069 19425 3403 4068 19426 3406 4070 19427 3331 4069 19428 3406 4070 19429 3330 4071 19430 3330 4071 19431 3406 4070 19432 3409 4072 19433 3330 4071 19434 3409 4072 19435 3329 4073 19436 3329 4073 19437 3409 4072 19438 3412 4074 19439 3329 4073 19440 3412 4074 19441 3094 3936 19442 3094 3936 19443 3412 4074 19444 3411 4075 19445 3094 3936 19446 3411 4075 19447 3095 3937 19448 3095 3937 19449 3411 4075 19450 3410 4076 19451 3095 3937 19452 3410 4076 19453 3096 3744 19454 3096 3744 19455 3410 4076 19456 2703 4077 19457 3096 3744 19458 2703 4077 19459 2636 3742 19460 3350 4033 19461 2723 4032 19462 3353 4078 19463 3353 4078 19464 2723 4032 19465 2722 4079 19466 3353 4078 19467 2722 4079 19468 3356 4080 19469 3356 4080 19470 2722 4079 19471 2721 4081 19472 3356 4080 19473 2721 4081 19474 3359 4082 19475 3359 4082 19476 2721 4081 19477 2720 4083 19478 3359 4082 19479 2720 4083 19480 3362 4084 19481 3362 4084 19482 2720 4083 19483 2719 4085 19484 3362 4084 19485 2719 4085 19486 3365 4086 19487 3365 4086 19488 2719 4085 19489 2718 4087 19490 3365 4086 19491 2718 4087 19492 3368 4088 19493 3368 4088 19494 2718 4087 19495 2717 4089 19496 3368 4088 19497 2717 4089 19498 3371 4090 19499 3371 4090 19500 2717 4089 19501 2716 4091 19502 3371 4090 19503 2716 4091 19504 3374 4092 19505 3374 4092 19506 2716 4091 19507 2715 4093 19508 3374 4092 19509 2715 4093 19510 3377 4094 19511 3377 4094 19512 2715 4093 19513 2714 4095 19514 3377 4094 19515 2714 4095 19516 3380 4096 19517 3380 4096 19518 2714 4095 19519 2713 4097 19520 3380 4096 19521 2713 4097 19522 3383 4098 19523 3383 4098 19524 2713 4097 19525 2712 4099 19526 3383 4098 19527 2712 4099 19528 3386 4100 19529 3386 4100 19530 2712 4099 19531 2711 4101 19532 3386 4100 19533 2711 4101 19534 3389 4102 19535 3389 4102 19536 2711 4101 19537 2710 4103 19538 3389 4102 19539 2710 4103 19540 3392 4104 19541 3392 4104 19542 2710 4103 19543 2709 4105 19544 3392 4104 19545 2709 4105 19546 3395 4106 19547 3395 4106 19548 2709 4105 19549 2708 4107 19550 3395 4106 19551 2708 4107 19552 3398 4108 19553 3398 4108 19554 2708 4107 19555 2707 4109 19556 3398 4108 19557 2707 4109 19558 3401 4110 19559 3401 4110 19560 2707 4109 19561 2706 4111 19562 3401 4110 19563 2706 4111 19564 3404 4112 19565 3404 4112 19566 2706 4111 19567 2705 4113 19568 3404 4112 19569 2705 4113 19570 3407 4114 19571 3407 4114 19572 2705 4113 19573 2704 4115 19574 3407 4114 19575 2704 4115 19576 3410 4076 19577 3410 4076 19578 2704 4115 19579 2703 4077 19580 3094 3936 19581 3093 3935 19582 3329 4073 19583 3347 4038 19584 3348 4116 19585 3355 4036 19586 3355 4036 19587 3348 4116 19588 3352 4117 19589 3355 4036 19590 3352 4117 19591 3351 4034 19592 3351 4034 19593 3352 4117 19594 2725 3481 19595 3351 4034 19596 2725 3481 19597 2724 3489 19598 3348 4116 19599 3349 4118 19600 3352 4117 19601 3352 4117 19602 3349 4118 19603 2726 3466 19604 3352 4117 19605 2726 3466 19606 2725 3481 19607 3349 4118 19608 2727 3467 19609 2726 3466 19610 3354 4035 19611 3350 4033 19612 3353 4078 19613 3354 4035 19614 3353 4078 19615 3357 4119 19616 3357 4119 19617 3353 4078 19618 3356 4080 19619 3357 4119 19620 3356 4080 19621 3360 4120 19622 3360 4120 19623 3356 4080 19624 3359 4082 19625 3360 4120 19626 3359 4082 19627 3363 4121 19628 3363 4121 19629 3359 4082 19630 3362 4084 19631 3363 4121 19632 3362 4084 19633 3366 4122 19634 3366 4122 19635 3362 4084 19636 3365 4086 19637 3366 4122 19638 3365 4086 19639 3369 4123 19640 3369 4123 19641 3365 4086 19642 3368 4088 19643 3369 4123 19644 3368 4088 19645 3372 4124 19646 3372 4124 19647 3368 4088 19648 3371 4090 19649 3372 4124 19650 3371 4090 19651 3375 4125 19652 3375 4125 19653 3371 4090 19654 3374 4092 19655 3375 4125 19656 3374 4092 19657 3378 4126 19658 3378 4126 19659 3374 4092 19660 3377 4094 19661 3378 4126 19662 3377 4094 19663 3381 4127 19664 3381 4127 19665 3377 4094 19666 3380 4096 19667 3381 4127 19668 3380 4096 19669 3384 4128 19670 3384 4128 19671 3380 4096 19672 3383 4098 19673 3384 4128 19674 3383 4098 19675 3387 4129 19676 3387 4129 19677 3383 4098 19678 3386 4100 19679 3387 4129 19680 3386 4100 19681 3390 4130 19682 3390 4130 19683 3386 4100 19684 3389 4102 19685 3390 4130 19686 3389 4102 19687 3393 4131 19688 3393 4131 19689 3389 4102 19690 3392 4104 19691 3393 4131 19692 3392 4104 19693 3396 4132 19694 3396 4132 19695 3392 4104 19696 3395 4106 19697 3396 4132 19698 3395 4106 19699 3399 4133 19700 3399 4133 19701 3395 4106 19702 3398 4108 19703 3399 4133 19704 3398 4108 19705 3402 4134 19706 3402 4134 19707 3398 4108 19708 3401 4110 19709 3402 4134 19710 3401 4110 19711 3405 4135 19712 3405 4135 19713 3401 4110 19714 3404 4112 19715 3405 4135 19716 3404 4112 19717 3408 4136 19718 3408 4136 19719 3404 4112 19720 3407 4114 19721 3408 4136 19722 3407 4114 19723 3411 4075 19724 3411 4075 19725 3407 4114 19726 3410 4076 19727 3361 4040 19728 3358 4037 19729 3357 4119 19730 3357 4119 19731 3358 4037 19732 3354 4035 19733 3361 4040 19734 3357 4119 19735 3360 4120 19736 3364 4042 19737 3361 4040 19738 3360 4120 19739 3364 4042 19740 3360 4120 19741 3363 4121 19742 3367 4044 19743 3364 4042 19744 3363 4121 19745 3367 4044 19746 3363 4121 19747 3366 4122 19748 3370 4046 19749 3367 4044 19750 3366 4122 19751 3370 4046 19752 3366 4122 19753 3369 4123 19754 3373 4048 19755 3370 4046 19756 3369 4123 19757 3373 4048 19758 3369 4123 19759 3372 4124 19760 3376 4050 19761 3373 4048 19762 3372 4124 19763 3376 4050 19764 3372 4124 19765 3375 4125 19766 3379 4052 19767 3376 4050 19768 3375 4125 19769 3379 4052 19770 3375 4125 19771 3378 4126 19772 3382 4054 19773 3379 4052 19774 3378 4126 19775 3382 4054 19776 3378 4126 19777 3381 4127 19778 3385 4056 19779 3382 4054 19780 3381 4127 19781 3385 4056 19782 3381 4127 19783 3384 4128 19784 3388 4058 19785 3385 4056 19786 3384 4128 19787 3388 4058 19788 3384 4128 19789 3387 4129 19790 3391 4060 19791 3388 4058 19792 3387 4129 19793 3391 4060 19794 3387 4129 19795 3390 4130 19796 3394 4062 19797 3391 4060 19798 3390 4130 19799 3394 4062 19800 3390 4130 19801 3393 4131 19802 3397 4064 19803 3394 4062 19804 3393 4131 19805 3397 4064 19806 3393 4131 19807 3396 4132 19808 3400 4066 19809 3397 4064 19810 3396 4132 19811 3400 4066 19812 3396 4132 19813 3399 4133 19814 3403 4068 19815 3400 4066 19816 3399 4133 19817 3403 4068 19818 3399 4133 19819 3402 4134 19820 3406 4070 19821 3403 4068 19822 3402 4134 19823 3406 4070 19824 3402 4134 19825 3405 4135 19826 3409 4072 19827 3406 4070 19828 3405 4135 19829 3409 4072 19830 3405 4135 19831 3408 4136 19832 3412 4074 19833 3409 4072 19834 3408 4136 19835 3412 4074 19836 3408 4136 19837 3411 4075 19838 2728 4137 19839 2727 4138 19840 3457 4139 19841 3457 4139 19842 2727 4138 19843 3413 4140 19844 3457 4139 19845 3413 4140 19846 3414 4141 19847 3457 4139 19848 3414 4141 19849 3458 4142 19850 3458 4142 19851 3414 4141 19852 3415 4143 19853 3458 4142 19854 3415 4143 19855 3459 4144 19856 3459 4144 19857 3415 4143 19858 3416 4145 19859 3459 4144 19860 3416 4145 19861 3460 4146 19862 3460 4146 19863 3416 4145 19864 3417 4147 19865 3460 4146 19866 3417 4147 19867 3461 4148 19868 3461 4148 19869 3417 4147 19870 3456 4149 19871 3461 4148 19872 3456 4149 19873 2731 4150 19874 2731 4150 19875 3456 4149 19876 2732 4151 19877 2732 4151 19878 3456 4149 19879 3487 4152 19880 2732 4151 19881 3487 4152 19882 3462 4153 19883 3462 4153 19884 3487 4152 19885 3418 4154 19886 3462 4153 19887 3418 4154 19888 3419 4155 19889 3417 4147 19890 3418 4154 19891 3456 4149 19892 3456 4149 19893 3418 4154 19894 3487 4152 19895 3462 4153 19896 3419 4155 19897 3455 4156 19898 3455 4156 19899 3419 4155 19900 3420 4157 19901 3455 4156 19902 3420 4157 19903 3463 4158 19904 3463 4158 19905 3420 4157 19906 3421 4159 19907 3463 4158 19908 3421 4159 19909 3464 4160 19910 3464 4160 19911 3421 4159 19912 3422 4161 19913 3464 4160 19914 3422 4161 19915 3466 4162 19916 3466 4162 19917 3422 4161 19918 3465 4163 19919 3466 4162 19920 3465 4163 19921 2736 4164 19922 2736 4164 19923 3465 4163 19924 2737 4165 19925 2737 4165 19926 3465 4163 19927 3467 4166 19928 2737 4165 19929 3467 4166 19930 2738 4167 19931 2738 4167 19932 3467 4166 19933 3468 4168 19934 2738 4167 19935 3468 4168 19936 3469 4169 19937 3469 4169 19938 3468 4168 19939 3425 4170 19940 3469 4169 19941 3425 4170 19942 3426 4171 19943 3422 4161 19944 3423 4172 19945 3465 4163 19946 3465 4163 19947 3423 4172 19948 3467 4166 19949 3423 4172 19950 3424 4173 19951 3467 4166 19952 3467 4166 19953 3424 4173 19954 3468 4168 19955 3424 4173 19956 3425 4170 19957 3468 4168 19958 3469 4169 19959 3426 4171 19960 3470 4174 19961 3470 4174 19962 3426 4171 19963 3427 4175 19964 3470 4174 19965 3427 4175 19966 3454 4176 19967 3454 4176 19968 3427 4175 19969 3428 4177 19970 3454 4176 19971 3428 4177 19972 3471 4178 19973 3471 4178 19974 3428 4177 19975 3429 4179 19976 3471 4178 19977 3429 4179 19978 3453 4180 19979 3453 4180 19980 3429 4179 19981 3472 4181 19982 3453 4180 19983 3472 4181 19984 2741 4182 19985 2741 4182 19986 3472 4181 19987 3473 4183 19988 2741 4182 19989 3473 4183 19990 2742 4184 19991 2742 4184 19992 3473 4183 19993 3474 4185 19994 2742 4184 19995 3474 4185 19996 3452 4186 19997 3452 4186 19998 3474 4185 19999 3432 4187 20000 3452 4186 20001 3432 4187 20002 3433 4188 20003 3429 4179 20004 3430 4189 20005 3472 4181 20006 3472 4181 20007 3430 4189 20008 3473 4183 20009 3430 4189 20010 3431 4190 20011 3473 4183 20012 3473 4183 20013 3431 4190 20014 3474 4185 20015 3431 4190 20016 3432 4187 20017 3474 4185 20018 3452 4186 20019 3433 4188 20020 3475 4191 20021 3475 4191 20022 3433 4188 20023 3434 4192 20024 3475 4191 20025 3434 4192 20026 3451 4193 20027 3451 4193 20028 3434 4192 20029 3435 4194 20030 3451 4193 20031 3435 4194 20032 3477 4195 20033 3477 4195 20034 3435 4194 20035 3476 4196 20036 3477 4195 20037 3476 4196 20038 2744 4197 20039 2744 4197 20040 3476 4196 20041 3450 4198 20042 2744 4197 20043 3450 4198 20044 2745 4199 20045 2745 4199 20046 3450 4198 20047 3478 4200 20048 2745 4199 20049 3478 4200 20050 2746 4201 20051 2746 4201 20052 3478 4200 20053 3479 4202 20054 2746 4201 20055 3479 4202 20056 2747 4203 20057 2747 4203 20058 3479 4202 20059 3480 4204 20060 2747 4203 20061 3480 4204 20062 3481 4205 20063 3481 4205 20064 3480 4204 20065 3440 4206 20066 3481 4205 20067 3440 4206 20068 3441 4207 20069 3435 4194 20070 3436 4208 20071 3476 4196 20072 3476 4196 20073 3436 4208 20074 3450 4198 20075 3436 4208 20076 3437 4209 20077 3450 4198 20078 3450 4198 20079 3437 4209 20080 3478 4200 20081 3437 4209 20082 3438 4210 20083 3478 4200 20084 3478 4200 20085 3438 4210 20086 3479 4202 20087 3438 4210 20088 3439 4211 20089 3479 4202 20090 3479 4202 20091 3439 4211 20092 3440 4206 20093 3479 4202 20094 3440 4206 20095 3480 4204 20096 3442 4212 20097 3482 4213 20098 3441 4207 20099 3441 4207 20100 3482 4213 20101 3449 4214 20102 3441 4207 20103 3449 4214 20104 3481 4205 20105 3481 4205 20106 3449 4214 20107 2747 4203 20108 3482 4213 20109 3442 4212 20110 3483 4215 20111 3483 4215 20112 3442 4212 20113 3443 4216 20114 3483 4215 20115 3443 4216 20116 3444 4217 20117 3483 4215 20118 3444 4217 20119 3484 4218 20120 3484 4218 20121 3444 4217 20122 3445 4219 20123 3484 4218 20124 3445 4219 20125 3485 4220 20126 3485 4220 20127 3445 4219 20128 3448 4221 20129 3485 4220 20130 3448 4221 20131 2751 4222 20132 2751 4222 20133 3448 4221 20134 2752 4223 20135 2752 4223 20136 3448 4221 20137 3486 4224 20138 2752 4223 20139 3486 4224 20140 2753 4225 20141 2753 4225 20142 3486 4224 20143 3447 4226 20144 3447 4226 20145 3486 4224 20146 3446 4227 20147 3446 4227 20148 3486 4224 20149 3448 4221 20150 3446 4227 20151 3448 4221 20152 3445 4219 20153 3485 4220 20154 2751 4222 20155 3484 4218 20156 3484 4218 20157 2751 4222 20158 2750 4228 20159 3484 4218 20160 2750 4228 20161 3483 4215 20162 3483 4215 20163 2750 4228 20164 2749 4229 20165 3483 4215 20166 2749 4229 20167 3482 4213 20168 3482 4213 20169 2749 4229 20170 2748 4230 20171 3482 4213 20172 2748 4230 20173 3449 4214 20174 3449 4214 20175 2748 4230 20176 2747 4203 20177 3477 4195 20178 2744 4197 20179 3451 4193 20180 3451 4193 20181 2744 4197 20182 2743 4231 20183 3451 4193 20184 2743 4231 20185 3475 4191 20186 3475 4191 20187 2743 4231 20188 3452 4186 20189 2743 4231 20190 2742 4184 20191 3452 4186 20192 2741 4182 20193 2740 4232 20194 3453 4180 20195 3453 4180 20196 2740 4232 20197 3471 4178 20198 3471 4178 20199 2740 4232 20200 3454 4176 20201 3454 4176 20202 2740 4232 20203 2739 4233 20204 3454 4176 20205 2739 4233 20206 3470 4174 20207 3470 4174 20208 2739 4233 20209 3469 4169 20210 2739 4233 20211 2738 4167 20212 3469 4169 20213 3466 4162 20214 2736 4164 20215 3464 4160 20216 3464 4160 20217 2736 4164 20218 2735 4234 20219 3464 4160 20220 2735 4234 20221 2734 4235 20222 3464 4160 20223 2734 4235 20224 3463 4158 20225 3463 4158 20226 2734 4235 20227 2733 4236 20228 3463 4158 20229 2733 4236 20230 3455 4156 20231 3455 4156 20232 2733 4236 20233 2732 4151 20234 3455 4156 20235 2732 4151 20236 3462 4153 20237 3461 4148 20238 2731 4150 20239 3460 4146 20240 3460 4146 20241 2731 4150 20242 2730 4237 20243 3460 4146 20244 2730 4237 20245 3459 4144 20246 3459 4144 20247 2730 4237 20248 2729 4238 20249 3459 4144 20250 2729 4238 20251 3458 4142 20252 3458 4142 20253 2729 4238 20254 2728 4137 20255 3458 4142 20256 2728 4137 20257 3457 4139 20258 2753 4225 20259 3447 4226 20260 2989 4239 20261 2989 4239 20262 3447 4226 20263 3488 4240 20264 2989 4239 20265 3488 4240 20266 2990 4241 20267 2990 4241 20268 3488 4240 20269 3489 4242 20270 2990 4241 20271 3489 4242 20272 2991 4243 20273 2991 4243 20274 3489 4242 20275 3490 4244 20276 2991 4243 20277 3490 4244 20278 2992 4245 20279 2992 4245 20280 3490 4244 20281 3491 4246 20282 2992 4245 20283 3491 4246 20284 2993 4247 20285 2993 4247 20286 3491 4246 20287 3492 4248 20288 2993 4247 20289 3492 4248 20290 2994 4249 20291 2994 4249 20292 3492 4248 20293 3493 4250 20294 2994 4249 20295 3493 4250 20296 2995 4251 20297 2995 4251 20298 3493 4250 20299 3494 4252 20300 2995 4251 20301 3494 4252 20302 2996 4253 20303 2996 4253 20304 3494 4252 20305 3495 4254 20306 2996 4253 20307 3495 4254 20308 2997 4255 20309 2997 4255 20310 3495 4254 20311 3496 4256 20312 2997 4255 20313 3496 4256 20314 2998 4257 20315 2998 4257 20316 3496 4256 20317 3497 4258 20318 2998 4257 20319 3497 4258 20320 2999 4259 20321 2999 4259 20322 3497 4258 20323 3498 4260 20324 2999 4259 20325 3498 4260 20326 3000 4261 20327 3000 4261 20328 3498 4260 20329 3499 4262 20330 3000 4261 20331 3499 4262 20332 3001 4263 20333 3001 4263 20334 3499 4262 20335 3500 4264 20336 3001 4263 20337 3500 4264 20338 3002 4265 20339 3002 4265 20340 3500 4264 20341 3501 4266 20342 3002 4265 20343 3501 4266 20344 3003 4267 20345 3003 4267 20346 3501 4266 20347 3502 4268 20348 3003 4267 20349 3502 4268 20350 3004 4269 20351 3004 4269 20352 3502 4268 20353 3503 4270 20354 3004 4269 20355 3503 4270 20356 3005 4271 20357 3005 4271 20358 3503 4270 20359 3504 4272 20360 3005 4271 20361 3504 4272 20362 3006 4273 20363 3538 4274 20364 3505 4275 20365 3550 4276 20366 3550 4276 20367 3505 4275 20368 3093 4277 20369 3550 4276 20370 3093 4277 20371 3092 4278 20372 3092 4278 20373 3091 4279 20374 3550 4276 20375 3550 4276 20376 3091 4279 20377 3551 4280 20378 3550 4276 20379 3551 4280 20380 3538 4274 20381 3538 4274 20382 3551 4280 20383 3537 4281 20384 3537 4281 20385 3551 4280 20386 3552 4282 20387 3537 4281 20388 3552 4282 20389 3536 4283 20390 3536 4283 20391 3552 4282 20392 3553 4284 20393 3536 4283 20394 3553 4284 20395 3535 4285 20396 3535 4285 20397 3553 4284 20398 3554 4286 20399 3535 4285 20400 3554 4286 20401 3549 4287 20402 3549 4287 20403 3554 4286 20404 3087 4288 20405 3549 4287 20406 3087 4288 20407 3086 4289 20408 3091 4279 20409 3090 4290 20410 3551 4280 20411 3551 4280 20412 3090 4290 20413 3552 4282 20414 3090 4290 20415 3089 4291 20416 3552 4282 20417 3552 4282 20418 3089 4291 20419 3088 4292 20420 3552 4282 20421 3088 4292 20422 3553 4284 20423 3553 4284 20424 3088 4292 20425 3087 4288 20426 3553 4284 20427 3087 4288 20428 3554 4286 20429 3085 4293 20430 3548 4294 20431 3086 4289 20432 3086 4289 20433 3548 4294 20434 3555 4295 20435 3086 4289 20436 3555 4295 20437 3549 4287 20438 3549 4287 20439 3555 4295 20440 3534 4296 20441 3549 4287 20442 3534 4296 20443 3535 4285 20444 3548 4294 20445 3085 4293 20446 3556 4297 20447 3556 4297 20448 3085 4293 20449 3084 4298 20450 3556 4297 20451 3084 4298 20452 3557 4299 20453 3557 4299 20454 3084 4298 20455 3083 4300 20456 3557 4299 20457 3083 4300 20458 3558 4301 20459 3558 4301 20460 3083 4300 20461 3082 4302 20462 3558 4301 20463 3082 4302 20464 3081 4303 20465 3080 4304 20466 3547 4305 20467 3081 4303 20468 3081 4303 20469 3547 4305 20470 3559 4306 20471 3081 4303 20472 3559 4306 20473 3558 4301 20474 3558 4301 20475 3559 4306 20476 3530 4307 20477 3558 4301 20478 3530 4307 20479 3531 4308 20480 3547 4305 20481 3080 4304 20482 3546 4309 20483 3546 4309 20484 3080 4304 20485 3079 4310 20486 3546 4309 20487 3079 4310 20488 3560 4311 20489 3560 4311 20490 3079 4310 20491 3561 4312 20492 3560 4311 20493 3561 4312 20494 3527 4313 20495 3527 4313 20496 3561 4312 20497 3526 4314 20498 3526 4314 20499 3561 4312 20500 3562 4315 20501 3526 4314 20502 3562 4315 20503 3525 4316 20504 3525 4316 20505 3562 4315 20506 3545 4317 20507 3525 4316 20508 3545 4317 20509 3524 4318 20510 3524 4318 20511 3545 4317 20512 3563 4319 20513 3524 4318 20514 3563 4319 20515 3523 4320 20516 3523 4320 20517 3563 4319 20518 3544 4321 20519 3523 4320 20520 3544 4321 20521 3564 4322 20522 3564 4322 20523 3544 4321 20524 3075 4323 20525 3564 4322 20526 3075 4323 20527 3565 4324 20528 3565 4324 20529 3075 4323 20530 3074 4325 20531 3565 4324 20532 3074 4325 20533 3566 4326 20534 3566 4326 20535 3074 4325 20536 3543 4327 20537 3566 4326 20538 3543 4327 20539 3520 4328 20540 3520 4328 20541 3543 4327 20542 3519 4329 20543 3519 4329 20544 3543 4327 20545 3567 4330 20546 3519 4329 20547 3567 4330 20548 3518 4331 20549 3518 4331 20550 3567 4330 20551 3542 4332 20552 3518 4331 20553 3542 4332 20554 3517 4333 20555 3517 4333 20556 3542 4332 20557 3578 4334 20558 3517 4333 20559 3578 4334 20560 3516 4335 20561 3516 4335 20562 3578 4334 20563 3568 4336 20564 3516 4335 20565 3568 4336 20566 3569 4337 20567 3569 4337 20568 3568 4336 20569 3072 4338 20570 3569 4337 20571 3072 4338 20572 3071 4339 20573 3079 4310 20574 3078 4340 20575 3561 4312 20576 3561 4312 20577 3078 4340 20578 3077 4341 20579 3561 4312 20580 3077 4341 20581 3562 4315 20582 3562 4315 20583 3077 4341 20584 3545 4317 20585 3077 4341 20586 3076 4342 20587 3545 4317 20588 3545 4317 20589 3076 4342 20590 3563 4319 20591 3563 4319 20592 3076 4342 20593 3544 4321 20594 3544 4321 20595 3076 4342 20596 3075 4323 20597 3074 4325 20598 3073 4343 20599 3543 4327 20600 3543 4327 20601 3073 4343 20602 3567 4330 20603 3567 4330 20604 3073 4343 20605 3542 4332 20606 3542 4332 20607 3073 4343 20608 3072 4338 20609 3542 4332 20610 3072 4338 20611 3578 4334 20612 3578 4334 20613 3072 4338 20614 3568 4336 20615 3569 4337 20616 3071 4339 20617 3570 4344 20618 3570 4344 20619 3071 4339 20620 3070 4345 20621 3570 4344 20622 3070 4345 20623 3571 4346 20624 3571 4346 20625 3070 4345 20626 3069 4347 20627 3571 4346 20628 3069 4347 20629 3572 4348 20630 3572 4348 20631 3069 4347 20632 3541 4349 20633 3572 4348 20634 3541 4349 20635 3512 4350 20636 3512 4350 20637 3541 4349 20638 3511 4351 20639 3511 4351 20640 3541 4349 20641 3573 4352 20642 3511 4351 20643 3573 4352 20644 3574 4353 20645 3574 4353 20646 3573 4352 20647 3068 4354 20648 3574 4353 20649 3068 4354 20650 3067 4355 20651 3069 4347 20652 3068 4354 20653 3541 4349 20654 3541 4349 20655 3068 4354 20656 3573 4352 20657 3574 4353 20658 3067 4355 20659 3575 4356 20660 3575 4356 20661 3067 4355 20662 3066 4357 20663 3575 4356 20664 3066 4357 20665 3540 4358 20666 3540 4358 20667 3066 4357 20668 3065 4359 20669 3540 4358 20670 3065 4359 20671 3576 4360 20672 3576 4360 20673 3065 4359 20674 3539 4361 20675 3576 4360 20676 3539 4361 20677 3507 4362 20678 3507 4362 20679 3539 4361 20680 3506 4363 20681 3506 4363 20682 3539 4361 20683 3577 4364 20684 3506 4363 20685 3577 4364 20686 3504 4272 20687 3504 4272 20688 3577 4364 20689 3006 4273 20690 3006 4273 20691 3577 4364 20692 3064 4365 20693 3064 4365 20694 3577 4364 20695 3539 4361 20696 3064 4365 20697 3539 4361 20698 3065 4359 20699 3576 4360 20700 3507 4362 20701 3540 4358 20702 3540 4358 20703 3507 4362 20704 3508 4366 20705 3540 4358 20706 3508 4366 20707 3509 4367 20708 3540 4358 20709 3509 4367 20710 3575 4356 20711 3575 4356 20712 3509 4367 20713 3510 4368 20714 3575 4356 20715 3510 4368 20716 3574 4353 20717 3574 4353 20718 3510 4368 20719 3511 4351 20720 3572 4348 20721 3512 4350 20722 3571 4346 20723 3571 4346 20724 3512 4350 20725 3513 4369 20726 3571 4346 20727 3513 4369 20728 3514 4370 20729 3571 4346 20730 3514 4370 20731 3570 4344 20732 3570 4344 20733 3514 4370 20734 3515 4371 20735 3570 4344 20736 3515 4371 20737 3569 4337 20738 3569 4337 20739 3515 4371 20740 3516 4335 20741 3520 4328 20742 3521 4372 20743 3566 4326 20744 3566 4326 20745 3521 4372 20746 3565 4324 20747 3521 4372 20748 3522 4373 20749 3565 4324 20750 3565 4324 20751 3522 4373 20752 3564 4322 20753 3522 4373 20754 3523 4320 20755 3564 4322 20756 3527 4313 20757 3528 4374 20758 3560 4311 20759 3560 4311 20760 3528 4374 20761 3546 4309 20762 3528 4374 20763 3529 4375 20764 3546 4309 20765 3546 4309 20766 3529 4375 20767 3547 4305 20768 3529 4375 20769 3530 4307 20770 3547 4305 20771 3547 4305 20772 3530 4307 20773 3559 4306 20774 3558 4301 20775 3531 4308 20776 3557 4299 20777 3557 4299 20778 3531 4308 20779 3532 4376 20780 3557 4299 20781 3532 4376 20782 3556 4297 20783 3556 4297 20784 3532 4376 20785 3533 4377 20786 3556 4297 20787 3533 4377 20788 3548 4294 20789 3548 4294 20790 3533 4377 20791 3534 4296 20792 3548 4294 20793 3534 4296 20794 3555 4295 20795 3093 4277 20796 3505 4275 20797 3329 4378 20798 3329 4378 20799 3505 4275 20800 3579 4379 20801 3329 4378 20802 3579 4379 20803 3330 4380 20804 3330 4380 20805 3579 4379 20806 3580 4381 20807 3330 4380 20808 3580 4381 20809 3331 4382 20810 3331 4382 20811 3580 4381 20812 3581 4383 20813 3331 4382 20814 3581 4383 20815 3332 4384 20816 3332 4384 20817 3581 4383 20818 3582 4385 20819 3332 4384 20820 3582 4385 20821 3333 4386 20822 3333 4386 20823 3582 4385 20824 3583 4387 20825 3333 4386 20826 3583 4387 20827 3334 4388 20828 3334 4388 20829 3583 4387 20830 3584 4389 20831 3334 4388 20832 3584 4389 20833 3335 4390 20834 3335 4390 20835 3584 4389 20836 3585 4391 20837 3335 4390 20838 3585 4391 20839 3336 4392 20840 3336 4392 20841 3585 4391 20842 3586 4393 20843 3336 4392 20844 3586 4393 20845 3337 4394 20846 3337 4394 20847 3586 4393 20848 3587 4395 20849 3337 4394 20850 3587 4395 20851 3338 4396 20852 3338 4396 20853 3587 4395 20854 3588 4397 20855 3338 4396 20856 3588 4397 20857 3339 4398 20858 3339 4398 20859 3588 4397 20860 3589 4399 20861 3339 4398 20862 3589 4399 20863 3340 4400 20864 3340 4400 20865 3589 4399 20866 3590 4401 20867 3340 4400 20868 3590 4401 20869 3341 4402 20870 3341 4402 20871 3590 4401 20872 3591 4403 20873 3341 4402 20874 3591 4403 20875 3342 4404 20876 3342 4404 20877 3591 4403 20878 3592 4405 20879 3342 4404 20880 3592 4405 20881 3343 4406 20882 3343 4406 20883 3592 4405 20884 3593 4407 20885 3343 4406 20886 3593 4407 20887 3344 4408 20888 3344 4408 20889 3593 4407 20890 3594 4409 20891 3344 4408 20892 3594 4409 20893 3345 4410 20894 3345 4410 20895 3594 4409 20896 3595 4411 20897 3345 4410 20898 3595 4411 20899 3346 4412 20900 3346 4412 20901 3595 4411 20902 3596 4413 20903 3346 4412 20904 3596 4413 20905 3347 4414 20906 3347 4414 20907 3596 4413 20908 3597 4415 20909 3347 4414 20910 3597 4415 20911 3348 4416 20912 3348 4416 20913 3597 4415 20914 3598 4417 20915 3348 4416 20916 3598 4417 20917 3349 4418 20918 3349 4418 20919 3598 4417 20920 3413 4140 20921 3349 4418 20922 3413 4140 20923 2727 4138 20924 3413 4419 20925 3599 4420 20926 3414 4421 20927 3414 4421 20928 3599 4420 20929 3415 4422 20930 3415 4422 20931 3599 4420 20932 3600 4423 20933 3415 4422 20934 3600 4423 20935 3416 4424 20936 3416 4424 20937 3600 4423 20938 3601 4425 20939 3416 4424 20940 3601 4425 20941 3417 4426 20942 3417 4426 20943 3601 4425 20944 3602 4427 20945 3417 4426 20946 3602 4427 20947 3418 4428 20948 3418 4428 20949 3602 4427 20950 3603 4429 20951 3418 4428 20952 3603 4429 20953 3419 4430 20954 3419 4430 20955 3603 4429 20956 3420 4431 20957 3420 4431 20958 3603 4429 20959 3604 198 20960 3420 4431 20961 3604 198 20962 3421 198 20963 3421 198 20964 3604 198 20965 3422 4432 20966 3422 4432 20967 3604 198 20968 3605 4433 20969 3422 4432 20970 3605 4433 20971 3423 4434 20972 3423 4434 20973 3605 4433 20974 3424 4435 20975 3424 4435 20976 3605 4433 20977 3606 4436 20978 3424 4435 20979 3606 4436 20980 3425 4437 20981 3425 4437 20982 3606 4436 20983 3426 4438 20984 3426 4438 20985 3606 4436 20986 3607 4439 20987 3426 4438 20988 3607 4439 20989 3427 198 20990 3427 198 20991 3607 4439 20992 3428 4440 20993 3428 4440 20994 3607 4439 20995 3608 4441 20996 3428 4440 20997 3608 4441 20998 3429 4442 20999 3429 4442 21000 3608 4441 21001 3609 4443 21002 3429 4442 21003 3609 4443 21004 3523 4444 21005 3523 4444 21006 3609 4443 21007 3524 4440 21008 3524 4440 21009 3609 4443 21010 3610 4439 21011 3524 4440 21012 3610 4439 21013 3525 198 21014 3525 198 21015 3610 4439 21016 3526 4445 21017 3526 4445 21018 3610 4439 21019 3611 4446 21020 3526 4445 21021 3611 4446 21022 3527 4447 21023 3527 4447 21024 3611 4446 21025 3528 4448 21026 3528 4448 21027 3611 4446 21028 3612 4433 21029 3528 4448 21030 3612 4433 21031 3529 4434 21032 3529 4434 21033 3612 4433 21034 3530 4432 21035 3530 4432 21036 3612 4433 21037 3613 198 21038 3530 4432 21039 3613 198 21040 3531 198 21041 3531 198 21042 3613 198 21043 3532 198 21044 3532 198 21045 3613 198 21046 3614 4449 21047 3532 198 21048 3614 4449 21049 3533 198 21050 3533 198 21051 3614 4449 21052 3534 4450 21053 3534 4450 21054 3614 4449 21055 3615 4451 21056 3534 4450 21057 3615 4451 21058 3535 4452 21059 3535 4452 21060 3615 4451 21061 3616 4425 21062 3535 4452 21063 3616 4425 21064 3536 4453 21065 3536 4453 21066 3616 4425 21067 3617 4454 21068 3536 4453 21069 3617 4454 21070 3537 4455 21071 3537 4455 21072 3617 4454 21073 3618 4456 21074 3537 4455 21075 3618 4456 21076 3538 4457 21077 3538 4457 21078 3618 4456 21079 3505 4458 21080 3429 4442 21081 3523 4444 21082 3430 4459 21083 3430 4459 21084 3523 4444 21085 3522 4460 21086 3430 4459 21087 3522 4460 21088 3521 4461 21089 3430 4459 21090 3521 4461 21091 3431 198 21092 3431 198 21093 3521 4461 21094 3520 4462 21095 3431 198 21096 3520 4462 21097 3432 198 21098 3432 198 21099 3520 4462 21100 3433 4463 21101 3433 4463 21102 3520 4462 21103 3519 4464 21104 3433 4463 21105 3519 4464 21106 3434 4465 21107 3434 4465 21108 3519 4464 21109 3518 4466 21110 3434 4465 21111 3518 4466 21112 3495 4467 21113 3495 4467 21114 3518 4466 21115 3496 4468 21116 3496 4468 21117 3518 4466 21118 3517 4469 21119 3496 4468 21120 3517 4469 21121 3516 4470 21122 3496 4468 21123 3516 4470 21124 3497 4471 21125 3497 4471 21126 3516 4470 21127 3515 4472 21128 3497 4471 21129 3515 4472 21130 3498 4473 21131 3498 4473 21132 3515 4472 21133 3514 4474 21134 3498 4473 21135 3514 4474 21136 3513 4475 21137 3498 4473 21138 3513 4475 21139 3499 4476 21140 3499 4476 21141 3513 4475 21142 3512 4477 21143 3499 4476 21144 3512 4477 21145 3511 4478 21146 3499 4476 21147 3511 4478 21148 3500 4479 21149 3500 4479 21150 3511 4478 21151 3510 4480 21152 3500 4479 21153 3510 4480 21154 3509 4481 21155 3500 4479 21156 3509 4481 21157 3501 4482 21158 3501 4482 21159 3509 4481 21160 3508 4483 21161 3501 4482 21162 3508 4483 21163 3507 4484 21164 3501 4482 21165 3507 4484 21166 3502 4485 21167 3502 4485 21168 3507 4484 21169 3506 4486 21170 3502 4485 21171 3506 4486 21172 3503 4487 21173 3503 4487 21174 3506 4486 21175 3504 4488 21176 3494 4489 21177 3436 4490 21178 3495 4467 21179 3495 4467 21180 3436 4490 21181 3435 4491 21182 3495 4467 21183 3435 4491 21184 3434 4465 21185 3436 4490 21186 3494 4489 21187 3437 4492 21188 3437 4492 21189 3494 4489 21190 3493 4493 21191 3437 4492 21192 3493 4493 21193 3438 4494 21194 3438 4494 21195 3493 4493 21196 3439 4495 21197 3439 4495 21198 3493 4493 21199 3492 4496 21200 3439 4495 21201 3492 4496 21202 3440 198 21203 3440 198 21204 3492 4496 21205 3441 4497 21206 3441 4497 21207 3492 4496 21208 3491 4498 21209 3441 4497 21210 3491 4498 21211 3442 4499 21212 3442 4499 21213 3491 4498 21214 3443 4500 21215 3443 4500 21216 3491 4498 21217 3490 4501 21218 3443 4500 21219 3490 4501 21220 3444 198 21221 3444 198 21222 3490 4501 21223 3445 198 21224 3445 198 21225 3490 4501 21226 3489 4502 21227 3445 198 21228 3489 4502 21229 3446 4503 21230 3446 4503 21231 3489 4502 21232 3488 4504 21233 3446 4503 21234 3488 4504 21235 3447 198 21236 535 198 21237 534 198 21238 501 198 21239 501 198 21240 534 198 21241 572 198 21242 501 198 21243 572 198 21244 502 4505 21245 502 4505 21246 572 198 21247 571 4506 21248 502 4505 21249 571 4506 21250 503 4507 21251 503 4507 21252 571 4506 21253 570 198 21254 503 4507 21255 570 198 21256 504 198 21257 504 198 21258 570 198 21259 569 198 21260 504 198 21261 569 198 21262 505 198 21263 505 198 21264 569 198 21265 568 4508 21266 505 198 21267 568 4508 21268 506 4509 21269 506 4509 21270 568 4508 21271 567 4510 21272 506 4509 21273 567 4510 21274 566 4511 21275 506 4509 21276 566 4511 21277 507 4512 21278 507 4512 21279 566 4511 21280 565 4513 21281 507 4512 21282 565 4513 21283 508 4514 21284 508 4514 21285 565 4513 21286 564 4515 21287 508 4514 21288 564 4515 21289 509 4516 21290 509 4516 21291 564 4515 21292 563 4517 21293 509 4516 21294 563 4517 21295 510 4518 21296 510 4518 21297 563 4517 21298 562 4519 21299 510 4518 21300 562 4519 21301 511 4520 21302 511 4520 21303 562 4519 21304 561 4521 21305 511 4520 21306 561 4521 21307 512 198 21308 512 198 21309 561 4521 21310 560 198 21311 512 198 21312 560 198 21313 559 198 21314 512 198 21315 559 198 21316 513 198 21317 513 198 21318 559 198 21319 558 198 21320 513 198 21321 558 198 21322 514 4522 21323 514 4522 21324 558 198 21325 557 4523 21326 514 4522 21327 557 4523 21328 515 4524 21329 515 4524 21330 557 4523 21331 556 198 21332 515 4524 21333 556 198 21334 516 198 21335 516 198 21336 556 198 21337 555 4525 21338 516 198 21339 555 4525 21340 517 4526 21341 517 4526 21342 555 4525 21343 554 4527 21344 517 4526 21345 554 4527 21346 518 4528 21347 518 4528 21348 554 4527 21349 553 4529 21350 518 4528 21351 553 4529 21352 552 4530 21353 518 4528 21354 552 4530 21355 519 4531 21356 519 4531 21357 552 4530 21358 551 198 21359 519 4531 21360 551 198 21361 520 4532 21362 520 4532 21363 551 198 21364 550 4533 21365 520 4532 21366 550 4533 21367 521 4534 21368 521 4534 21369 550 4533 21370 549 198 21371 521 4534 21372 549 198 21373 522 198 21374 522 198 21375 549 198 21376 548 198 21377 522 198 21378 548 198 21379 523 198 21380 523 198 21381 548 198 21382 547 198 21383 523 198 21384 547 198 21385 546 4521 21386 523 198 21387 546 4521 21388 524 4535 21389 524 4535 21390 546 4521 21391 545 4536 21392 524 4535 21393 545 4536 21394 525 4537 21395 525 4537 21396 545 4536 21397 544 4517 21398 525 4537 21399 544 4517 21400 526 4516 21401 526 4516 21402 544 4517 21403 543 4515 21404 526 4516 21405 543 4515 21406 527 4514 21407 527 4514 21408 543 4515 21409 542 4538 21410 527 4514 21411 542 4538 21412 528 198 21413 528 198 21414 542 4538 21415 541 4539 21416 528 198 21417 541 4539 21418 529 4540 21419 529 4540 21420 541 4539 21421 540 4510 21422 529 4540 21423 540 4510 21424 539 4541 21425 529 4540 21426 539 4541 21427 530 4542 21428 530 4542 21429 539 4541 21430 538 198 21431 530 4542 21432 538 198 21433 531 198 21434 531 198 21435 538 198 21436 537 198 21437 531 198 21438 537 198 21439 532 198 21440 532 198 21441 537 198 21442 536 198 21443 532 198 21444 536 198 21445 533 198 21446 533 198 21447 536 198 21448 535 198 21449 533 198 21450 535 198 21451 501 198 21452 3618 4543 21453 604 4544 21454 3505 4545 21455 3505 4545 21456 604 4544 21457 603 4546 21458 3505 4545 21459 603 4546 21460 3579 4547 21461 3579 4547 21462 603 4546 21463 602 4548 21464 3579 4547 21465 602 4548 21466 3580 4549 21467 3580 4549 21468 602 4548 21469 601 4550 21470 3580 4549 21471 601 4550 21472 3581 4551 21473 3581 4551 21474 601 4550 21475 600 4552 21476 3581 4551 21477 600 4552 21478 3582 4553 21479 3582 4553 21480 600 4552 21481 599 4554 21482 3582 4553 21483 599 4554 21484 3583 4555 21485 3583 4555 21486 599 4554 21487 598 4556 21488 3583 4555 21489 598 4556 21490 3584 4557 21491 3584 4557 21492 598 4556 21493 597 4558 21494 3584 4557 21495 597 4558 21496 3585 4559 21497 3585 4559 21498 597 4558 21499 596 4560 21500 3585 4559 21501 596 4560 21502 3586 4561 21503 3586 4561 21504 596 4560 21505 595 4562 21506 3586 4561 21507 595 4562 21508 3587 4563 21509 3587 4563 21510 595 4562 21511 594 4564 21512 3587 4563 21513 594 4564 21514 3588 4565 21515 3588 4565 21516 594 4564 21517 3589 4566 21518 3589 4566 21519 594 4564 21520 593 4567 21521 3589 4566 21522 593 4567 21523 3590 4568 21524 3590 4568 21525 593 4567 21526 592 4569 21527 3590 4568 21528 592 4569 21529 3591 4570 21530 3591 4570 21531 592 4569 21532 591 4571 21533 3591 4570 21534 591 4571 21535 3592 4572 21536 3592 4572 21537 591 4571 21538 590 4573 21539 3592 4572 21540 590 4573 21541 3593 4574 21542 3593 4574 21543 590 4573 21544 589 4575 21545 3593 4574 21546 589 4575 21547 3594 4576 21548 3594 4576 21549 589 4575 21550 588 4577 21551 3594 4576 21552 588 4577 21553 3595 4578 21554 3595 4578 21555 588 4577 21556 587 4579 21557 3595 4578 21558 587 4579 21559 3596 4580 21560 3596 4580 21561 587 4579 21562 586 4581 21563 3596 4580 21564 586 4581 21565 3597 4582 21566 3597 4582 21567 586 4581 21568 585 4583 21569 3597 4582 21570 585 4583 21571 3598 4584 21572 3598 4584 21573 585 4583 21574 584 4585 21575 3598 4584 21576 584 4585 21577 3413 4586 21578 3413 4586 21579 584 4585 21580 583 4587 21581 3413 4586 21582 583 4587 21583 3599 4588 21584 3599 4588 21585 583 4587 21586 582 4589 21587 3599 4588 21588 582 4589 21589 3600 4590 21590 3600 4590 21591 582 4589 21592 581 4591 21593 3600 4590 21594 581 4591 21595 3601 4592 21596 3601 4592 21597 581 4591 21598 580 4593 21599 3601 4592 21600 580 4593 21601 3602 4594 21602 3602 4594 21603 580 4593 21604 579 4595 21605 3602 4594 21606 579 4595 21607 3603 4596 21608 3603 4596 21609 579 4595 21610 578 4597 21611 3603 4596 21612 578 4597 21613 3604 4598 21614 3604 4598 21615 578 4597 21616 577 4599 21617 3604 4598 21618 577 4599 21619 3605 4600 21620 3605 4600 21621 577 4599 21622 576 4601 21623 3605 4600 21624 576 4601 21625 3606 4602 21626 3606 4602 21627 576 4601 21628 575 4603 21629 3606 4602 21630 575 4603 21631 3607 4604 21632 3607 4604 21633 575 4603 21634 574 4605 21635 3607 4604 21636 574 4605 21637 3608 4606 21638 3608 4606 21639 574 4605 21640 573 4607 21641 3608 4606 21642 573 4607 21643 3609 4608 21644 3609 4608 21645 573 4607 21646 613 4609 21647 3609 4608 21648 613 4609 21649 3610 4610 21650 3610 4610 21651 613 4609 21652 612 4611 21653 3610 4610 21654 612 4611 21655 3611 4612 21656 3611 4612 21657 612 4611 21658 611 4613 21659 3611 4612 21660 611 4613 21661 3612 4614 21662 3612 4614 21663 611 4613 21664 610 4615 21665 3612 4614 21666 610 4615 21667 3613 4616 21668 3613 4616 21669 610 4615 21670 609 4617 21671 3613 4616 21672 609 4617 21673 3614 4618 21674 3614 4618 21675 609 4617 21676 608 4619 21677 3614 4618 21678 608 4619 21679 3615 4620 21680 3615 4620 21681 608 4619 21682 607 4621 21683 3615 4620 21684 607 4621 21685 3616 4622 21686 3616 4622 21687 607 4621 21688 606 4623 21689 3616 4622 21690 606 4623 21691 3617 4624 21692 3617 4624 21693 606 4623 21694 605 4625 21695 3617 4624 21696 605 4625 21697 3618 4543 21698 3618 4543 21699 605 4625 21700 604 4544 21701</p>
        </triangles>
      </mesh>
    </geometry>
  </library_geometries>
  <library_visual_scenes>
    <visual_scene id="Scene" name="Scene">
      <node id="calf" name="calf" type="NODE">
        <matrix sid="transform">1 0 0 0 0 1 0 0 0 0 1 0 0 0 0 1</matrix>
        <instance_geometry url="#calf-mesh" name="calf">
          <bind_material>
            <technique_common>
              <instance_material symbol="Opaque_38_83_143__007-material" target="#Opaque_38_83_143__007-material">
                <bind_vertex_input semantic="UVMap" input_semantic="TEXCOORD" input_set="0"/>
              </instance_material>
              <instance_material symbol="Opaque_63_63_63__009-material" target="#Opaque_63_63_63__009-material">
                <bind_vertex_input semantic="UVMap" input_semantic="TEXCOORD" input_set="0"/>
              </instance_material>
            </technique_common>
          </bind_material>
        </instance_geometry>
      </node>
    </visual_scene>
  </library_visual_scenes>
  <scene>
    <instance_visual_scene url="#Scene"/>
  </scene>
</COLLADA>